proceso_id,epoca,packing,tunel,tipo_tunel,iteracion,mass_group,masa_ton,ocupabilidad,caudal_factor,anomalia_duracion,duracion_min,duracion_esperada_min,delta_duracion_pct,setpoint,T0,pct_transitorio,t_trans_min,overshoot_pct,tiempo_min,temperatura
3168,mixtura,packing_B,T10,largo,8,G4,8.274959424663196,0.5855699185285905,0.9184150706291082,False,448,418.41435141104984,7.070897183420283,-0.01191285772181152,23.457050652476745,60,268.8,8.892924770240091,0,23.51784498278869
3168,mixtura,packing_B,T10,largo,8,G4,8.274959424663196,0.5855699185285905,0.9184150706291082,False,448,418.41435141104984,7.070897183420283,-0.01191285772181152,23.457050652476745,60,268.8,8.892924770240091,1,23.33203180301765
3168,mixtura,packing_B,T10,largo,8,G4,8.274959424663196,0.5855699185285905,0.9184150706291082,False,448,418.41435141104984,7.070897183420283,-0.01191285772181152,23.457050652476745,60,268.8,8.892924770240091,2,22.87662384803308
3168,mixtura,packing_B,T10,largo,8,G4,8.274959424663196,0.5855699185285905,0.9184150706291082,False,448,418.41435141104984,7.070897183420283,-0.01191285772181152,23.457050652476745,60,268.8,8.892924770240091,3,22.71649625364537
3168,mixtura,packing_B,T10,largo,8,G4,8.274959424663196,0.5855699185285905,0.9184150706291082,False,448,418.41435141104984,7.070897183420283,-0.01191285772181152,23.457050652476745,60,268.8,8.892924770240091,4,22.644671968961095
3168,mixtura,packing_B,T10,largo,8,G4,8.274959424663196,0.5855699185285905,0.9184150706291082,False,448,418.41435141104984,7.070897183420283,-0.01191285772181152,23.457050652476745,60,268.8,8.892924770240091,5,22.105157451519624
3168,mixtura,packing_B,T10,largo,8,G4,8.274959424663196,0.5855699185285905,0.9184150706291082,False,448,418.41435141104984,7.070897183420283,-0.01191285772181152,23.457050652476745,60,268.8,8.892924770240091,6,22.250745846858596
3168,mixtura,packing_B,T10,largo,8,G4,8.274959424663196,0.5855699185285905,0.9184150706291082,False,448,418.41435141104984,7.070897183420283,-0.01191285772181152,23.457050652476745,60,268.8,8.892924770240091,7,21.942098659769268
3168,mixtura,packing_B,T10,largo,8,G4,8.274959424663196,0.5855699185285905,0.9184150706291082,False,448,418.41435141104984,7.070897183420283,-0.01191285772181152,23.457050652476745,60,268.8,8.892924770240091,8,21.644699361895622
3168,mixtura,packing_B,T10,largo,8,G4,8.274959424663196,0.5855699185285905,0.9184150706291082,False,448,418.41435141104984,7.070897183420283,-0.01191285772181152,23.457050652476745,60,268.8,8.892924770240091,9,21.44058789711658
3168,mixtura,packing_B,T10,largo,8,G4,8.274959424663196,0.5855699185285905,0.9184150706291082,False,448,418.41435141104984,7.070897183420283,-0.01191285772181152,23.457050652476745,60,268.8,8.892924770240091,10,21.12847360233189
3168,mixtura,packing_B,T10,largo,8,G4,8.274959424663196,0.5855699185285905,0.9184150706291082,False,448,418.41435141104984,7.070897183420283,-0.01191285772181152,23.457050652476745,60,268.8,8.892924770240091,11,20.87965218774462
3168,mixtura,packing_B,T10,largo,8,G4,8.274959424663196,0.5855699185285905,0.9184150706291082,False,448,418.41435141104984,7.070897183420283,-0.01191285772181152,23.457050652476745,60,268.8,8.892924770240091,12,20.45879893570347
3168,mixtura,packing_B,T10,largo,8,G4,8.274959424663196,0.5855699185285905,0.9184150706291082,False,448,418.41435141104984,7.070897183420283,-0.01191285772181152,23.457050652476745,60,268.8,8.892924770240091,13,20.17564797240055
3168,mixtura,packing_B,T10,largo,8,G4,8.274959424663196,0.5855699185285905,0.9184150706291082,False,448,418.41435141104984,7.070897183420283,-0.01191285772181152,23.457050652476745,60,268.8,8.892924770240091,14,19.78496171622924
3168,mixtura,packing_B,T10,largo,8,G4,8.274959424663196,0.5855699185285905,0.9184150706291082,False,448,418.41435141104984,7.070897183420283,-0.01191285772181152,23.457050652476745,60,268.8,8.892924770240091,15,19.765317818183483
3168,mixtura,packing_B,T10,largo,8,G4,8.274959424663196,0.5855699185285905,0.9184150706291082,False,448,418.41435141104984,7.070897183420283,-0.01191285772181152,23.457050652476745,60,268.8,8.892924770240091,16,19.648360973844987
3168,mixtura,packing_B,T10,largo,8,G4,8.274959424663196,0.5855699185285905,0.9184150706291082,False,448,418.41435141104984,7.070897183420283,-0.01191285772181152,23.457050652476745,60,268.8,8.892924770240091,17,19.202731154690504
3168,mixtura,packing_B,T10,largo,8,G4,8.274959424663196,0.5855699185285905,0.9184150706291082,False,448,418.41435141104984,7.070897183420283,-0.01191285772181152,23.457050652476745,60,268.8,8.892924770240091,18,19.104134751764295
3168,mixtura,packing_B,T10,largo,8,G4,8.274959424663196,0.5855699185285905,0.9184150706291082,False,448,418.41435141104984,7.070897183420283,-0.01191285772181152,23.457050652476745,60,268.8,8.892924770240091,19,18.841249530755068
3168,mixtura,packing_B,T10,largo,8,G4,8.274959424663196,0.5855699185285905,0.9184150706291082,False,448,418.41435141104984,7.070897183420283,-0.01191285772181152,23.457050652476745,60,268.8,8.892924770240091,20,18.526553957410616
3168,mixtura,packing_B,T10,largo,8,G4,8.274959424663196,0.5855699185285905,0.9184150706291082,False,448,418.41435141104984,7.070897183420283,-0.01191285772181152,23.457050652476745,60,268.8,8.892924770240091,21,18.34246760477475
3168,mixtura,packing_B,T10,largo,8,G4,8.274959424663196,0.5855699185285905,0.9184150706291082,False,448,418.41435141104984,7.070897183420283,-0.01191285772181152,23.457050652476745,60,268.8,8.892924770240091,22,17.7941030528564
3168,mixtura,packing_B,T10,largo,8,G4,8.274959424663196,0.5855699185285905,0.9184150706291082,False,448,418.41435141104984,7.070897183420283,-0.01191285772181152,23.457050652476745,60,268.8,8.892924770240091,23,17.7285536489253
3168,mixtura,packing_B,T10,largo,8,G4,8.274959424663196,0.5855699185285905,0.9184150706291082,False,448,418.41435141104984,7.070897183420283,-0.01191285772181152,23.457050652476745,60,268.8,8.892924770240091,24,17.332606841023626
3168,mixtura,packing_B,T10,largo,8,G4,8.274959424663196,0.5855699185285905,0.9184150706291082,False,448,418.41435141104984,7.070897183420283,-0.01191285772181152,23.457050652476745,60,268.8,8.892924770240091,25,17.013628965882003
3168,mixtura,packing_B,T10,largo,8,G4,8.274959424663196,0.5855699185285905,0.9184150706291082,False,448,418.41435141104984,7.070897183420283,-0.01191285772181152,23.457050652476745,60,268.8,8.892924770240091,26,16.574615258975278
3168,mixtura,packing_B,T10,largo,8,G4,8.274959424663196,0.5855699185285905,0.9184150706291082,False,448,418.41435141104984,7.070897183420283,-0.01191285772181152,23.457050652476745,60,268.8,8.892924770240091,27,16.545113590303888
3168,mixtura,packing_B,T10,largo,8,G4,8.274959424663196,0.5855699185285905,0.9184150706291082,False,448,418.41435141104984,7.070897183420283,-0.01191285772181152,23.457050652476745,60,268.8,8.892924770240091,28,16.066044608502416
3168,mixtura,packing_B,T10,largo,8,G4,8.274959424663196,0.5855699185285905,0.9184150706291082,False,448,418.41435141104984,7.070897183420283,-0.01191285772181152,23.457050652476745,60,268.8,8.892924770240091,29,15.991295883468355
3168,mixtura,packing_B,T10,largo,8,G4,8.274959424663196,0.5855699185285905,0.9184150706291082,False,448,418.41435141104984,7.070897183420283,-0.01191285772181152,23.457050652476745,60,268.8,8.892924770240091,30,15.575642481001124
3168,mixtura,packing_B,T10,largo,8,G4,8.274959424663196,0.5855699185285905,0.9184150706291082,False,448,418.41435141104984,7.070897183420283,-0.01191285772181152,23.457050652476745,60,268.8,8.892924770240091,31,15.238254312031005
3168,mixtura,packing_B,T10,largo,8,G4,8.274959424663196,0.5855699185285905,0.9184150706291082,False,448,418.41435141104984,7.070897183420283,-0.01191285772181152,23.457050652476745,60,268.8,8.892924770240091,32,14.892014335872958
3168,mixtura,packing_B,T10,largo,8,G4,8.274959424663196,0.5855699185285905,0.9184150706291082,False,448,418.41435141104984,7.070897183420283,-0.01191285772181152,23.457050652476745,60,268.8,8.892924770240091,33,14.708473672616428
3168,mixtura,packing_B,T10,largo,8,G4,8.274959424663196,0.5855699185285905,0.9184150706291082,False,448,418.41435141104984,7.070897183420283,-0.01191285772181152,23.457050652476745,60,268.8,8.892924770240091,34,14.429439974838926
3168,mixtura,packing_B,T10,largo,8,G4,8.274959424663196,0.5855699185285905,0.9184150706291082,False,448,418.41435141104984,7.070897183420283,-0.01191285772181152,23.457050652476745,60,268.8,8.892924770240091,35,14.013499024731916
3168,mixtura,packing_B,T10,largo,8,G4,8.274959424663196,0.5855699185285905,0.9184150706291082,False,448,418.41435141104984,7.070897183420283,-0.01191285772181152,23.457050652476745,60,268.8,8.892924770240091,36,13.689701732571992
3168,mixtura,packing_B,T10,largo,8,G4,8.274959424663196,0.5855699185285905,0.9184150706291082,False,448,418.41435141104984,7.070897183420283,-0.01191285772181152,23.457050652476745,60,268.8,8.892924770240091,37,13.516926870666277
3168,mixtura,packing_B,T10,largo,8,G4,8.274959424663196,0.5855699185285905,0.9184150706291082,False,448,418.41435141104984,7.070897183420283,-0.01191285772181152,23.457050652476745,60,268.8,8.892924770240091,38,13.143802160700327
3168,mixtura,packing_B,T10,largo,8,G4,8.274959424663196,0.5855699185285905,0.9184150706291082,False,448,418.41435141104984,7.070897183420283,-0.01191285772181152,23.457050652476745,60,268.8,8.892924770240091,39,12.756724077951569
3168,mixtura,packing_B,T10,largo,8,G4,8.274959424663196,0.5855699185285905,0.9184150706291082,False,448,418.41435141104984,7.070897183420283,-0.01191285772181152,23.457050652476745,60,268.8,8.892924770240091,40,12.461028975876783
3168,mixtura,packing_B,T10,largo,8,G4,8.274959424663196,0.5855699185285905,0.9184150706291082,False,448,418.41435141104984,7.070897183420283,-0.01191285772181152,23.457050652476745,60,268.8,8.892924770240091,41,12.312948704531369
3168,mixtura,packing_B,T10,largo,8,G4,8.274959424663196,0.5855699185285905,0.9184150706291082,False,448,418.41435141104984,7.070897183420283,-0.01191285772181152,23.457050652476745,60,268.8,8.892924770240091,42,11.941921976249514
3168,mixtura,packing_B,T10,largo,8,G4,8.274959424663196,0.5855699185285905,0.9184150706291082,False,448,418.41435141104984,7.070897183420283,-0.01191285772181152,23.457050652476745,60,268.8,8.892924770240091,43,11.576284371832497
3168,mixtura,packing_B,T10,largo,8,G4,8.274959424663196,0.5855699185285905,0.9184150706291082,False,448,418.41435141104984,7.070897183420283,-0.01191285772181152,23.457050652476745,60,268.8,8.892924770240091,44,11.41887558053083
3168,mixtura,packing_B,T10,largo,8,G4,8.274959424663196,0.5855699185285905,0.9184150706291082,False,448,418.41435141104984,7.070897183420283,-0.01191285772181152,23.457050652476745,60,268.8,8.892924770240091,45,10.968176056247458
3168,mixtura,packing_B,T10,largo,8,G4,8.274959424663196,0.5855699185285905,0.9184150706291082,False,448,418.41435141104984,7.070897183420283,-0.01191285772181152,23.457050652476745,60,268.8,8.892924770240091,46,10.76142514628538
3168,mixtura,packing_B,T10,largo,8,G4,8.274959424663196,0.5855699185285905,0.9184150706291082,False,448,418.41435141104984,7.070897183420283,-0.01191285772181152,23.457050652476745,60,268.8,8.892924770240091,47,10.480117347239796
3168,mixtura,packing_B,T10,largo,8,G4,8.274959424663196,0.5855699185285905,0.9184150706291082,False,448,418.41435141104984,7.070897183420283,-0.01191285772181152,23.457050652476745,60,268.8,8.892924770240091,48,10.346144579143136
3168,mixtura,packing_B,T10,largo,8,G4,8.274959424663196,0.5855699185285905,0.9184150706291082,False,448,418.41435141104984,7.070897183420283,-0.01191285772181152,23.457050652476745,60,268.8,8.892924770240091,49,9.945257366311967
3168,mixtura,packing_B,T10,largo,8,G4,8.274959424663196,0.5855699185285905,0.9184150706291082,False,448,418.41435141104984,7.070897183420283,-0.01191285772181152,23.457050652476745,60,268.8,8.892924770240091,50,9.477743020475478
3168,mixtura,packing_B,T10,largo,8,G4,8.274959424663196,0.5855699185285905,0.9184150706291082,False,448,418.41435141104984,7.070897183420283,-0.01191285772181152,23.457050652476745,60,268.8,8.892924770240091,51,9.265735344469348
3168,mixtura,packing_B,T10,largo,8,G4,8.274959424663196,0.5855699185285905,0.9184150706291082,False,448,418.41435141104984,7.070897183420283,-0.01191285772181152,23.457050652476745,60,268.8,8.892924770240091,52,8.955652214517464
3168,mixtura,packing_B,T10,largo,8,G4,8.274959424663196,0.5855699185285905,0.9184150706291082,False,448,418.41435141104984,7.070897183420283,-0.01191285772181152,23.457050652476745,60,268.8,8.892924770240091,53,8.72535487261908
3168,mixtura,packing_B,T10,largo,8,G4,8.274959424663196,0.5855699185285905,0.9184150706291082,False,448,418.41435141104984,7.070897183420283,-0.01191285772181152,23.457050652476745,60,268.8,8.892924770240091,54,8.259608658280563
3168,mixtura,packing_B,T10,largo,8,G4,8.274959424663196,0.5855699185285905,0.9184150706291082,False,448,418.41435141104984,7.070897183420283,-0.01191285772181152,23.457050652476745,60,268.8,8.892924770240091,55,7.920698035346893
3168,mixtura,packing_B,T10,largo,8,G4,8.274959424663196,0.5855699185285905,0.9184150706291082,False,448,418.41435141104984,7.070897183420283,-0.01191285772181152,23.457050652476745,60,268.8,8.892924770240091,56,7.953253093031417
3168,mixtura,packing_B,T10,largo,8,G4,8.274959424663196,0.5855699185285905,0.9184150706291082,False,448,418.41435141104984,7.070897183420283,-0.01191285772181152,23.457050652476745,60,268.8,8.892924770240091,57,7.411397522304441
3168,mixtura,packing_B,T10,largo,8,G4,8.274959424663196,0.5855699185285905,0.9184150706291082,False,448,418.41435141104984,7.070897183420283,-0.01191285772181152,23.457050652476745,60,268.8,8.892924770240091,58,7.2605399890815665
3168,mixtura,packing_B,T10,largo,8,G4,8.274959424663196,0.5855699185285905,0.9184150706291082,False,448,418.41435141104984,7.070897183420283,-0.01191285772181152,23.457050652476745,60,268.8,8.892924770240091,59,6.916708128129729
3168,mixtura,packing_B,T10,largo,8,G4,8.274959424663196,0.5855699185285905,0.9184150706291082,False,448,418.41435141104984,7.070897183420283,-0.01191285772181152,23.457050652476745,60,268.8,8.892924770240091,60,6.791830884625185
3168,mixtura,packing_B,T10,largo,8,G4,8.274959424663196,0.5855699185285905,0.9184150706291082,False,448,418.41435141104984,7.070897183420283,-0.01191285772181152,23.457050652476745,60,268.8,8.892924770240091,61,6.2736719979084015
3168,mixtura,packing_B,T10,largo,8,G4,8.274959424663196,0.5855699185285905,0.9184150706291082,False,448,418.41435141104984,7.070897183420283,-0.01191285772181152,23.457050652476745,60,268.8,8.892924770240091,62,6.170548295675264
3168,mixtura,packing_B,T10,largo,8,G4,8.274959424663196,0.5855699185285905,0.9184150706291082,False,448,418.41435141104984,7.070897183420283,-0.01191285772181152,23.457050652476745,60,268.8,8.892924770240091,63,5.92933616858358
3168,mixtura,packing_B,T10,largo,8,G4,8.274959424663196,0.5855699185285905,0.9184150706291082,False,448,418.41435141104984,7.070897183420283,-0.01191285772181152,23.457050652476745,60,268.8,8.892924770240091,64,5.633918665159549
3168,mixtura,packing_B,T10,largo,8,G4,8.274959424663196,0.5855699185285905,0.9184150706291082,False,448,418.41435141104984,7.070897183420283,-0.01191285772181152,23.457050652476745,60,268.8,8.892924770240091,65,5.371256589668091
3168,mixtura,packing_B,T10,largo,8,G4,8.274959424663196,0.5855699185285905,0.9184150706291082,False,448,418.41435141104984,7.070897183420283,-0.01191285772181152,23.457050652476745,60,268.8,8.892924770240091,66,5.066511146186914
3168,mixtura,packing_B,T10,largo,8,G4,8.274959424663196,0.5855699185285905,0.9184150706291082,False,448,418.41435141104984,7.070897183420283,-0.01191285772181152,23.457050652476745,60,268.8,8.892924770240091,67,4.849211753150806
3168,mixtura,packing_B,T10,largo,8,G4,8.274959424663196,0.5855699185285905,0.9184150706291082,False,448,418.41435141104984,7.070897183420283,-0.01191285772181152,23.457050652476745,60,268.8,8.892924770240091,68,4.644195229270436
3168,mixtura,packing_B,T10,largo,8,G4,8.274959424663196,0.5855699185285905,0.9184150706291082,False,448,418.41435141104984,7.070897183420283,-0.01191285772181152,23.457050652476745,60,268.8,8.892924770240091,69,4.247469437587259
3168,mixtura,packing_B,T10,largo,8,G4,8.274959424663196,0.5855699185285905,0.9184150706291082,False,448,418.41435141104984,7.070897183420283,-0.01191285772181152,23.457050652476745,60,268.8,8.892924770240091,70,4.038286544895475
3168,mixtura,packing_B,T10,largo,8,G4,8.274959424663196,0.5855699185285905,0.9184150706291082,False,448,418.41435141104984,7.070897183420283,-0.01191285772181152,23.457050652476745,60,268.8,8.892924770240091,71,3.8382358202969753
3168,mixtura,packing_B,T10,largo,8,G4,8.274959424663196,0.5855699185285905,0.9184150706291082,False,448,418.41435141104984,7.070897183420283,-0.01191285772181152,23.457050652476745,60,268.8,8.892924770240091,72,3.574682450556065
3168,mixtura,packing_B,T10,largo,8,G4,8.274959424663196,0.5855699185285905,0.9184150706291082,False,448,418.41435141104984,7.070897183420283,-0.01191285772181152,23.457050652476745,60,268.8,8.892924770240091,73,3.184912584312446
3168,mixtura,packing_B,T10,largo,8,G4,8.274959424663196,0.5855699185285905,0.9184150706291082,False,448,418.41435141104984,7.070897183420283,-0.01191285772181152,23.457050652476745,60,268.8,8.892924770240091,74,2.987435445998561
3168,mixtura,packing_B,T10,largo,8,G4,8.274959424663196,0.5855699185285905,0.9184150706291082,False,448,418.41435141104984,7.070897183420283,-0.01191285772181152,23.457050652476745,60,268.8,8.892924770240091,75,2.843306397303565
3168,mixtura,packing_B,T10,largo,8,G4,8.274959424663196,0.5855699185285905,0.9184150706291082,False,448,418.41435141104984,7.070897183420283,-0.01191285772181152,23.457050652476745,60,268.8,8.892924770240091,76,2.3384893672636387
3168,mixtura,packing_B,T10,largo,8,G4,8.274959424663196,0.5855699185285905,0.9184150706291082,False,448,418.41435141104984,7.070897183420283,-0.01191285772181152,23.457050652476745,60,268.8,8.892924770240091,77,2.294349385186425
3168,mixtura,packing_B,T10,largo,8,G4,8.274959424663196,0.5855699185285905,0.9184150706291082,False,448,418.41435141104984,7.070897183420283,-0.01191285772181152,23.457050652476745,60,268.8,8.892924770240091,78,1.9069999211796995
3168,mixtura,packing_B,T10,largo,8,G4,8.274959424663196,0.5855699185285905,0.9184150706291082,False,448,418.41435141104984,7.070897183420283,-0.01191285772181152,23.457050652476745,60,268.8,8.892924770240091,79,1.8584115270496304
3168,mixtura,packing_B,T10,largo,8,G4,8.274959424663196,0.5855699185285905,0.9184150706291082,False,448,418.41435141104984,7.070897183420283,-0.01191285772181152,23.457050652476745,60,268.8,8.892924770240091,80,1.4642874364969591
3168,mixtura,packing_B,T10,largo,8,G4,8.274959424663196,0.5855699185285905,0.9184150706291082,False,448,418.41435141104984,7.070897183420283,-0.01191285772181152,23.457050652476745,60,268.8,8.892924770240091,81,1.2122389945786924
3168,mixtura,packing_B,T10,largo,8,G4,8.274959424663196,0.5855699185285905,0.9184150706291082,False,448,418.41435141104984,7.070897183420283,-0.01191285772181152,23.457050652476745,60,268.8,8.892924770240091,82,1.2027505029373153
3168,mixtura,packing_B,T10,largo,8,G4,8.274959424663196,0.5855699185285905,0.9184150706291082,False,448,418.41435141104984,7.070897183420283,-0.01191285772181152,23.457050652476745,60,268.8,8.892924770240091,83,0.7473109690582491
3168,mixtura,packing_B,T10,largo,8,G4,8.274959424663196,0.5855699185285905,0.9184150706291082,False,448,418.41435141104984,7.070897183420283,-0.01191285772181152,23.457050652476745,60,268.8,8.892924770240091,84,0.6220413870264726
3168,mixtura,packing_B,T10,largo,8,G4,8.274959424663196,0.5855699185285905,0.9184150706291082,False,448,418.41435141104984,7.070897183420283,-0.01191285772181152,23.457050652476745,60,268.8,8.892924770240091,85,0.34645414499113747
3168,mixtura,packing_B,T10,largo,8,G4,8.274959424663196,0.5855699185285905,0.9184150706291082,False,448,418.41435141104984,7.070897183420283,-0.01191285772181152,23.457050652476745,60,268.8,8.892924770240091,86,0.15254643250572322
3168,mixtura,packing_B,T10,largo,8,G4,8.274959424663196,0.5855699185285905,0.9184150706291082,False,448,418.41435141104984,7.070897183420283,-0.01191285772181152,23.457050652476745,60,268.8,8.892924770240091,87,-0.30415407835806296
3168,mixtura,packing_B,T10,largo,8,G4,8.274959424663196,0.5855699185285905,0.9184150706291082,False,448,418.41435141104984,7.070897183420283,-0.01191285772181152,23.457050652476745,60,268.8,8.892924770240091,88,-0.22410724119613454
3168,mixtura,packing_B,T10,largo,8,G4,8.274959424663196,0.5855699185285905,0.9184150706291082,False,448,418.41435141104984,7.070897183420283,-0.01191285772181152,23.457050652476745,60,268.8,8.892924770240091,89,-0.26254822961597285
3168,mixtura,packing_B,T10,largo,8,G4,8.274959424663196,0.5855699185285905,0.9184150706291082,False,448,418.41435141104984,7.070897183420283,-0.01191285772181152,23.457050652476745,60,268.8,8.892924770240091,90,-0.5934034469614609
3168,mixtura,packing_B,T10,largo,8,G4,8.274959424663196,0.5855699185285905,0.9184150706291082,False,448,418.41435141104984,7.070897183420283,-0.01191285772181152,23.457050652476745,60,268.8,8.892924770240091,91,-1.0928439956112124
3168,mixtura,packing_B,T10,largo,8,G4,8.274959424663196,0.5855699185285905,0.9184150706291082,False,448,418.41435141104984,7.070897183420283,-0.01191285772181152,23.457050652476745,60,268.8,8.892924770240091,92,-1.011424764856349
3168,mixtura,packing_B,T10,largo,8,G4,8.274959424663196,0.5855699185285905,0.9184150706291082,False,448,418.41435141104984,7.070897183420283,-0.01191285772181152,23.457050652476745,60,268.8,8.892924770240091,93,-1.2914074876188932
3168,mixtura,packing_B,T10,largo,8,G4,8.274959424663196,0.5855699185285905,0.9184150706291082,False,448,418.41435141104984,7.070897183420283,-0.01191285772181152,23.457050652476745,60,268.8,8.892924770240091,94,-1.2480229289131013
3168,mixtura,packing_B,T10,largo,8,G4,8.274959424663196,0.5855699185285905,0.9184150706291082,False,448,418.41435141104984,7.070897183420283,-0.01191285772181152,23.457050652476745,60,268.8,8.892924770240091,95,-1.6772245073262553
3168,mixtura,packing_B,T10,largo,8,G4,8.274959424663196,0.5855699185285905,0.9184150706291082,False,448,418.41435141104984,7.070897183420283,-0.01191285772181152,23.457050652476745,60,268.8,8.892924770240091,96,-1.6052265755177293
3168,mixtura,packing_B,T10,largo,8,G4,8.274959424663196,0.5855699185285905,0.9184150706291082,False,448,418.41435141104984,7.070897183420283,-0.01191285772181152,23.457050652476745,60,268.8,8.892924770240091,97,-1.7082268345159317
3168,mixtura,packing_B,T10,largo,8,G4,8.274959424663196,0.5855699185285905,0.9184150706291082,False,448,418.41435141104984,7.070897183420283,-0.01191285772181152,23.457050652476745,60,268.8,8.892924770240091,98,-2.0181052252306393
3168,mixtura,packing_B,T10,largo,8,G4,8.274959424663196,0.5855699185285905,0.9184150706291082,False,448,418.41435141104984,7.070897183420283,-0.01191285772181152,23.457050652476745,60,268.8,8.892924770240091,99,-2.3460416886800473
3168,mixtura,packing_B,T10,largo,8,G4,8.274959424663196,0.5855699185285905,0.9184150706291082,False,448,418.41435141104984,7.070897183420283,-0.01191285772181152,23.457050652476745,60,268.8,8.892924770240091,100,-2.601694725362097
3168,mixtura,packing_B,T10,largo,8,G4,8.274959424663196,0.5855699185285905,0.9184150706291082,False,448,418.41435141104984,7.070897183420283,-0.01191285772181152,23.457050652476745,60,268.8,8.892924770240091,101,-2.6953860700158785
3168,mixtura,packing_B,T10,largo,8,G4,8.274959424663196,0.5855699185285905,0.9184150706291082,False,448,418.41435141104984,7.070897183420283,-0.01191285772181152,23.457050652476745,60,268.8,8.892924770240091,102,-2.863482237226511
3168,mixtura,packing_B,T10,largo,8,G4,8.274959424663196,0.5855699185285905,0.9184150706291082,False,448,418.41435141104984,7.070897183420283,-0.01191285772181152,23.457050652476745,60,268.8,8.892924770240091,103,-2.9013075375759136
3168,mixtura,packing_B,T10,largo,8,G4,8.274959424663196,0.5855699185285905,0.9184150706291082,False,448,418.41435141104984,7.070897183420283,-0.01191285772181152,23.457050652476745,60,268.8,8.892924770240091,104,-3.277437071118347
3168,mixtura,packing_B,T10,largo,8,G4,8.274959424663196,0.5855699185285905,0.9184150706291082,False,448,418.41435141104984,7.070897183420283,-0.01191285772181152,23.457050652476745,60,268.8,8.892924770240091,105,-3.3107881322641957
3168,mixtura,packing_B,T10,largo,8,G4,8.274959424663196,0.5855699185285905,0.9184150706291082,False,448,418.41435141104984,7.070897183420283,-0.01191285772181152,23.457050652476745,60,268.8,8.892924770240091,106,-3.4688262731546917
3168,mixtura,packing_B,T10,largo,8,G4,8.274959424663196,0.5855699185285905,0.9184150706291082,False,448,418.41435141104984,7.070897183420283,-0.01191285772181152,23.457050652476745,60,268.8,8.892924770240091,107,-3.476475262190438
3168,mixtura,packing_B,T10,largo,8,G4,8.274959424663196,0.5855699185285905,0.9184150706291082,False,448,418.41435141104984,7.070897183420283,-0.01191285772181152,23.457050652476745,60,268.8,8.892924770240091,108,-3.769006862096395
3168,mixtura,packing_B,T10,largo,8,G4,8.274959424663196,0.5855699185285905,0.9184150706291082,False,448,418.41435141104984,7.070897183420283,-0.01191285772181152,23.457050652476745,60,268.8,8.892924770240091,109,-3.960696328564276
3168,mixtura,packing_B,T10,largo,8,G4,8.274959424663196,0.5855699185285905,0.9184150706291082,False,448,418.41435141104984,7.070897183420283,-0.01191285772181152,23.457050652476745,60,268.8,8.892924770240091,110,-4.124334576929511
3168,mixtura,packing_B,T10,largo,8,G4,8.274959424663196,0.5855699185285905,0.9184150706291082,False,448,418.41435141104984,7.070897183420283,-0.01191285772181152,23.457050652476745,60,268.8,8.892924770240091,111,-4.057802794505896
3168,mixtura,packing_B,T10,largo,8,G4,8.274959424663196,0.5855699185285905,0.9184150706291082,False,448,418.41435141104984,7.070897183420283,-0.01191285772181152,23.457050652476745,60,268.8,8.892924770240091,112,-4.35814528931444
3168,mixtura,packing_B,T10,largo,8,G4,8.274959424663196,0.5855699185285905,0.9184150706291082,False,448,418.41435141104984,7.070897183420283,-0.01191285772181152,23.457050652476745,60,268.8,8.892924770240091,113,-4.404886304093509
3168,mixtura,packing_B,T10,largo,8,G4,8.274959424663196,0.5855699185285905,0.9184150706291082,False,448,418.41435141104984,7.070897183420283,-0.01191285772181152,23.457050652476745,60,268.8,8.892924770240091,114,-4.442177211623435
3168,mixtura,packing_B,T10,largo,8,G4,8.274959424663196,0.5855699185285905,0.9184150706291082,False,448,418.41435141104984,7.070897183420283,-0.01191285772181152,23.457050652476745,60,268.8,8.892924770240091,115,-4.577016141347625
3168,mixtura,packing_B,T10,largo,8,G4,8.274959424663196,0.5855699185285905,0.9184150706291082,False,448,418.41435141104984,7.070897183420283,-0.01191285772181152,23.457050652476745,60,268.8,8.892924770240091,116,-4.8216941725316556
3168,mixtura,packing_B,T10,largo,8,G4,8.274959424663196,0.5855699185285905,0.9184150706291082,False,448,418.41435141104984,7.070897183420283,-0.01191285772181152,23.457050652476745,60,268.8,8.892924770240091,117,-4.80973517762079
3168,mixtura,packing_B,T10,largo,8,G4,8.274959424663196,0.5855699185285905,0.9184150706291082,False,448,418.41435141104984,7.070897183420283,-0.01191285772181152,23.457050652476745,60,268.8,8.892924770240091,118,-5.023726212281729
3168,mixtura,packing_B,T10,largo,8,G4,8.274959424663196,0.5855699185285905,0.9184150706291082,False,448,418.41435141104984,7.070897183420283,-0.01191285772181152,23.457050652476745,60,268.8,8.892924770240091,119,-5.216897639212826
3168,mixtura,packing_B,T10,largo,8,G4,8.274959424663196,0.5855699185285905,0.9184150706291082,False,448,418.41435141104984,7.070897183420283,-0.01191285772181152,23.457050652476745,60,268.8,8.892924770240091,120,-5.147097416038045
3168,mixtura,packing_B,T10,largo,8,G4,8.274959424663196,0.5855699185285905,0.9184150706291082,False,448,418.41435141104984,7.070897183420283,-0.01191285772181152,23.457050652476745,60,268.8,8.892924770240091,121,-5.230288346587024
3168,mixtura,packing_B,T10,largo,8,G4,8.274959424663196,0.5855699185285905,0.9184150706291082,False,448,418.41435141104984,7.070897183420283,-0.01191285772181152,23.457050652476745,60,268.8,8.892924770240091,122,-5.37782204489065
3168,mixtura,packing_B,T10,largo,8,G4,8.274959424663196,0.5855699185285905,0.9184150706291082,False,448,418.41435141104984,7.070897183420283,-0.01191285772181152,23.457050652476745,60,268.8,8.892924770240091,123,-5.4801790691429
3168,mixtura,packing_B,T10,largo,8,G4,8.274959424663196,0.5855699185285905,0.9184150706291082,False,448,418.41435141104984,7.070897183420283,-0.01191285772181152,23.457050652476745,60,268.8,8.892924770240091,124,-5.60287380066249
3168,mixtura,packing_B,T10,largo,8,G4,8.274959424663196,0.5855699185285905,0.9184150706291082,False,448,418.41435141104984,7.070897183420283,-0.01191285772181152,23.457050652476745,60,268.8,8.892924770240091,125,-5.583197172745624
3168,mixtura,packing_B,T10,largo,8,G4,8.274959424663196,0.5855699185285905,0.9184150706291082,False,448,418.41435141104984,7.070897183420283,-0.01191285772181152,23.457050652476745,60,268.8,8.892924770240091,126,-5.794623274714678
3168,mixtura,packing_B,T10,largo,8,G4,8.274959424663196,0.5855699185285905,0.9184150706291082,False,448,418.41435141104984,7.070897183420283,-0.01191285772181152,23.457050652476745,60,268.8,8.892924770240091,127,-5.924920419901898
3168,mixtura,packing_B,T10,largo,8,G4,8.274959424663196,0.5855699185285905,0.9184150706291082,False,448,418.41435141104984,7.070897183420283,-0.01191285772181152,23.457050652476745,60,268.8,8.892924770240091,128,-5.7799720017994884
3168,mixtura,packing_B,T10,largo,8,G4,8.274959424663196,0.5855699185285905,0.9184150706291082,False,448,418.41435141104984,7.070897183420283,-0.01191285772181152,23.457050652476745,60,268.8,8.892924770240091,129,-6.053551962302384
3168,mixtura,packing_B,T10,largo,8,G4,8.274959424663196,0.5855699185285905,0.9184150706291082,False,448,418.41435141104984,7.070897183420283,-0.01191285772181152,23.457050652476745,60,268.8,8.892924770240091,130,-6.072988748173207
3168,mixtura,packing_B,T10,largo,8,G4,8.274959424663196,0.5855699185285905,0.9184150706291082,False,448,418.41435141104984,7.070897183420283,-0.01191285772181152,23.457050652476745,60,268.8,8.892924770240091,131,-6.087859223940855
3168,mixtura,packing_B,T10,largo,8,G4,8.274959424663196,0.5855699185285905,0.9184150706291082,False,448,418.41435141104984,7.070897183420283,-0.01191285772181152,23.457050652476745,60,268.8,8.892924770240091,132,-6.204325008276165
3168,mixtura,packing_B,T10,largo,8,G4,8.274959424663196,0.5855699185285905,0.9184150706291082,False,448,418.41435141104984,7.070897183420283,-0.01191285772181152,23.457050652476745,60,268.8,8.892924770240091,133,-6.164717465479586
3168,mixtura,packing_B,T10,largo,8,G4,8.274959424663196,0.5855699185285905,0.9184150706291082,False,448,418.41435141104984,7.070897183420283,-0.01191285772181152,23.457050652476745,60,268.8,8.892924770240091,134,-6.215750539289544
3168,mixtura,packing_B,T10,largo,8,G4,8.274959424663196,0.5855699185285905,0.9184150706291082,False,448,418.41435141104984,7.070897183420283,-0.01191285772181152,23.457050652476745,60,268.8,8.892924770240091,135,-6.239483601734903
3168,mixtura,packing_B,T10,largo,8,G4,8.274959424663196,0.5855699185285905,0.9184150706291082,False,448,418.41435141104984,7.070897183420283,-0.01191285772181152,23.457050652476745,60,268.8,8.892924770240091,136,-6.276670554619474
3168,mixtura,packing_B,T10,largo,8,G4,8.274959424663196,0.5855699185285905,0.9184150706291082,False,448,418.41435141104984,7.070897183420283,-0.01191285772181152,23.457050652476745,60,268.8,8.892924770240091,137,-6.314856385491209
3168,mixtura,packing_B,T10,largo,8,G4,8.274959424663196,0.5855699185285905,0.9184150706291082,False,448,418.41435141104984,7.070897183420283,-0.01191285772181152,23.457050652476745,60,268.8,8.892924770240091,138,-6.4376895929870965
3168,mixtura,packing_B,T10,largo,8,G4,8.274959424663196,0.5855699185285905,0.9184150706291082,False,448,418.41435141104984,7.070897183420283,-0.01191285772181152,23.457050652476745,60,268.8,8.892924770240091,139,-6.571724644295308
3168,mixtura,packing_B,T10,largo,8,G4,8.274959424663196,0.5855699185285905,0.9184150706291082,False,448,418.41435141104984,7.070897183420283,-0.01191285772181152,23.457050652476745,60,268.8,8.892924770240091,140,-6.442901465466516
3168,mixtura,packing_B,T10,largo,8,G4,8.274959424663196,0.5855699185285905,0.9184150706291082,False,448,418.41435141104984,7.070897183420283,-0.01191285772181152,23.457050652476745,60,268.8,8.892924770240091,141,-6.618513438799192
3168,mixtura,packing_B,T10,largo,8,G4,8.274959424663196,0.5855699185285905,0.9184150706291082,False,448,418.41435141104984,7.070897183420283,-0.01191285772181152,23.457050652476745,60,268.8,8.892924770240091,142,-6.59143898295431
3168,mixtura,packing_B,T10,largo,8,G4,8.274959424663196,0.5855699185285905,0.9184150706291082,False,448,418.41435141104984,7.070897183420283,-0.01191285772181152,23.457050652476745,60,268.8,8.892924770240091,143,-6.485437546406211
3168,mixtura,packing_B,T10,largo,8,G4,8.274959424663196,0.5855699185285905,0.9184150706291082,False,448,418.41435141104984,7.070897183420283,-0.01191285772181152,23.457050652476745,60,268.8,8.892924770240091,144,-6.630611905403379
3168,mixtura,packing_B,T10,largo,8,G4,8.274959424663196,0.5855699185285905,0.9184150706291082,False,448,418.41435141104984,7.070897183420283,-0.01191285772181152,23.457050652476745,60,268.8,8.892924770240091,145,-6.680450287573892
3168,mixtura,packing_B,T10,largo,8,G4,8.274959424663196,0.5855699185285905,0.9184150706291082,False,448,418.41435141104984,7.070897183420283,-0.01191285772181152,23.457050652476745,60,268.8,8.892924770240091,146,-6.759162629819562
3168,mixtura,packing_B,T10,largo,8,G4,8.274959424663196,0.5855699185285905,0.9184150706291082,False,448,418.41435141104984,7.070897183420283,-0.01191285772181152,23.457050652476745,60,268.8,8.892924770240091,147,-6.830412476021384
3168,mixtura,packing_B,T10,largo,8,G4,8.274959424663196,0.5855699185285905,0.9184150706291082,False,448,418.41435141104984,7.070897183420283,-0.01191285772181152,23.457050652476745,60,268.8,8.892924770240091,148,-6.69602816732627
3168,mixtura,packing_B,T10,largo,8,G4,8.274959424663196,0.5855699185285905,0.9184150706291082,False,448,418.41435141104984,7.070897183420283,-0.01191285772181152,23.457050652476745,60,268.8,8.892924770240091,149,-6.837928149732456
3168,mixtura,packing_B,T10,largo,8,G4,8.274959424663196,0.5855699185285905,0.9184150706291082,False,448,418.41435141104984,7.070897183420283,-0.01191285772181152,23.457050652476745,60,268.8,8.892924770240091,150,-6.885513471267982
3168,mixtura,packing_B,T10,largo,8,G4,8.274959424663196,0.5855699185285905,0.9184150706291082,False,448,418.41435141104984,7.070897183420283,-0.01191285772181152,23.457050652476745,60,268.8,8.892924770240091,151,-6.941404105939473
3168,mixtura,packing_B,T10,largo,8,G4,8.274959424663196,0.5855699185285905,0.9184150706291082,False,448,418.41435141104984,7.070897183420283,-0.01191285772181152,23.457050652476745,60,268.8,8.892924770240091,152,-6.94735850666263
3168,mixtura,packing_B,T10,largo,8,G4,8.274959424663196,0.5855699185285905,0.9184150706291082,False,448,418.41435141104984,7.070897183420283,-0.01191285772181152,23.457050652476745,60,268.8,8.892924770240091,153,-6.690708910778674
3168,mixtura,packing_B,T10,largo,8,G4,8.274959424663196,0.5855699185285905,0.9184150706291082,False,448,418.41435141104984,7.070897183420283,-0.01191285772181152,23.457050652476745,60,268.8,8.892924770240091,154,-6.922786058864674
3168,mixtura,packing_B,T10,largo,8,G4,8.274959424663196,0.5855699185285905,0.9184150706291082,False,448,418.41435141104984,7.070897183420283,-0.01191285772181152,23.457050652476745,60,268.8,8.892924770240091,155,-6.710563583443065
3168,mixtura,packing_B,T10,largo,8,G4,8.274959424663196,0.5855699185285905,0.9184150706291082,False,448,418.41435141104984,7.070897183420283,-0.01191285772181152,23.457050652476745,60,268.8,8.892924770240091,156,-6.902824862341932
3168,mixtura,packing_B,T10,largo,8,G4,8.274959424663196,0.5855699185285905,0.9184150706291082,False,448,418.41435141104984,7.070897183420283,-0.01191285772181152,23.457050652476745,60,268.8,8.892924770240091,157,-6.844745777850143
3168,mixtura,packing_B,T10,largo,8,G4,8.274959424663196,0.5855699185285905,0.9184150706291082,False,448,418.41435141104984,7.070897183420283,-0.01191285772181152,23.457050652476745,60,268.8,8.892924770240091,158,-6.954783487075216
3168,mixtura,packing_B,T10,largo,8,G4,8.274959424663196,0.5855699185285905,0.9184150706291082,False,448,418.41435141104984,7.070897183420283,-0.01191285772181152,23.457050652476745,60,268.8,8.892924770240091,159,-6.884218151942525
3168,mixtura,packing_B,T10,largo,8,G4,8.274959424663196,0.5855699185285905,0.9184150706291082,False,448,418.41435141104984,7.070897183420283,-0.01191285772181152,23.457050652476745,60,268.8,8.892924770240091,160,-6.778770763724331
3168,mixtura,packing_B,T10,largo,8,G4,8.274959424663196,0.5855699185285905,0.9184150706291082,False,448,418.41435141104984,7.070897183420283,-0.01191285772181152,23.457050652476745,60,268.8,8.892924770240091,161,-6.871239873851937
3168,mixtura,packing_B,T10,largo,8,G4,8.274959424663196,0.5855699185285905,0.9184150706291082,False,448,418.41435141104984,7.070897183420283,-0.01191285772181152,23.457050652476745,60,268.8,8.892924770240091,162,-6.668024922478149
3168,mixtura,packing_B,T10,largo,8,G4,8.274959424663196,0.5855699185285905,0.9184150706291082,False,448,418.41435141104984,7.070897183420283,-0.01191285772181152,23.457050652476745,60,268.8,8.892924770240091,163,-6.861804477468211
3168,mixtura,packing_B,T10,largo,8,G4,8.274959424663196,0.5855699185285905,0.9184150706291082,False,448,418.41435141104984,7.070897183420283,-0.01191285772181152,23.457050652476745,60,268.8,8.892924770240091,164,-6.627567815430378
3168,mixtura,packing_B,T10,largo,8,G4,8.274959424663196,0.5855699185285905,0.9184150706291082,False,448,418.41435141104984,7.070897183420283,-0.01191285772181152,23.457050652476745,60,268.8,8.892924770240091,165,-6.600199302537949
3168,mixtura,packing_B,T10,largo,8,G4,8.274959424663196,0.5855699185285905,0.9184150706291082,False,448,418.41435141104984,7.070897183420283,-0.01191285772181152,23.457050652476745,60,268.8,8.892924770240091,166,-6.544490043441608
3168,mixtura,packing_B,T10,largo,8,G4,8.274959424663196,0.5855699185285905,0.9184150706291082,False,448,418.41435141104984,7.070897183420283,-0.01191285772181152,23.457050652476745,60,268.8,8.892924770240091,167,-6.771306715283394
3168,mixtura,packing_B,T10,largo,8,G4,8.274959424663196,0.5855699185285905,0.9184150706291082,False,448,418.41435141104984,7.070897183420283,-0.01191285772181152,23.457050652476745,60,268.8,8.892924770240091,168,-6.73889868687598
3168,mixtura,packing_B,T10,largo,8,G4,8.274959424663196,0.5855699185285905,0.9184150706291082,False,448,418.41435141104984,7.070897183420283,-0.01191285772181152,23.457050652476745,60,268.8,8.892924770240091,169,-6.660894616372997
3168,mixtura,packing_B,T10,largo,8,G4,8.274959424663196,0.5855699185285905,0.9184150706291082,False,448,418.41435141104984,7.070897183420283,-0.01191285772181152,23.457050652476745,60,268.8,8.892924770240091,170,-6.5674279781916285
3168,mixtura,packing_B,T10,largo,8,G4,8.274959424663196,0.5855699185285905,0.9184150706291082,False,448,418.41435141104984,7.070897183420283,-0.01191285772181152,23.457050652476745,60,268.8,8.892924770240091,171,-6.251031131487537
3168,mixtura,packing_B,T10,largo,8,G4,8.274959424663196,0.5855699185285905,0.9184150706291082,False,448,418.41435141104984,7.070897183420283,-0.01191285772181152,23.457050652476745,60,268.8,8.892924770240091,172,-6.545691522817714
3168,mixtura,packing_B,T10,largo,8,G4,8.274959424663196,0.5855699185285905,0.9184150706291082,False,448,418.41435141104984,7.070897183420283,-0.01191285772181152,23.457050652476745,60,268.8,8.892924770240091,173,-6.6268922354473405
3168,mixtura,packing_B,T10,largo,8,G4,8.274959424663196,0.5855699185285905,0.9184150706291082,False,448,418.41435141104984,7.070897183420283,-0.01191285772181152,23.457050652476745,60,268.8,8.892924770240091,174,-6.261914018228186
3168,mixtura,packing_B,T10,largo,8,G4,8.274959424663196,0.5855699185285905,0.9184150706291082,False,448,418.41435141104984,7.070897183420283,-0.01191285772181152,23.457050652476745,60,268.8,8.892924770240091,175,-6.469733924763954
3168,mixtura,packing_B,T10,largo,8,G4,8.274959424663196,0.5855699185285905,0.9184150706291082,False,448,418.41435141104984,7.070897183420283,-0.01191285772181152,23.457050652476745,60,268.8,8.892924770240091,176,-6.39567017549072
3168,mixtura,packing_B,T10,largo,8,G4,8.274959424663196,0.5855699185285905,0.9184150706291082,False,448,418.41435141104984,7.070897183420283,-0.01191285772181152,23.457050652476745,60,268.8,8.892924770240091,177,-6.240537055892278
3168,mixtura,packing_B,T10,largo,8,G4,8.274959424663196,0.5855699185285905,0.9184150706291082,False,448,418.41435141104984,7.070897183420283,-0.01191285772181152,23.457050652476745,60,268.8,8.892924770240091,178,-6.227747988946869
3168,mixtura,packing_B,T10,largo,8,G4,8.274959424663196,0.5855699185285905,0.9184150706291082,False,448,418.41435141104984,7.070897183420283,-0.01191285772181152,23.457050652476745,60,268.8,8.892924770240091,179,-6.2456208498853565
3168,mixtura,packing_B,T10,largo,8,G4,8.274959424663196,0.5855699185285905,0.9184150706291082,False,448,418.41435141104984,7.070897183420283,-0.01191285772181152,23.457050652476745,60,268.8,8.892924770240091,180,-6.360559143796714
3168,mixtura,packing_B,T10,largo,8,G4,8.274959424663196,0.5855699185285905,0.9184150706291082,False,448,418.41435141104984,7.070897183420283,-0.01191285772181152,23.457050652476745,60,268.8,8.892924770240091,181,-6.085310058851087
3168,mixtura,packing_B,T10,largo,8,G4,8.274959424663196,0.5855699185285905,0.9184150706291082,False,448,418.41435141104984,7.070897183420283,-0.01191285772181152,23.457050652476745,60,268.8,8.892924770240091,182,-6.221843769767454
3168,mixtura,packing_B,T10,largo,8,G4,8.274959424663196,0.5855699185285905,0.9184150706291082,False,448,418.41435141104984,7.070897183420283,-0.01191285772181152,23.457050652476745,60,268.8,8.892924770240091,183,-5.965344077643909
3168,mixtura,packing_B,T10,largo,8,G4,8.274959424663196,0.5855699185285905,0.9184150706291082,False,448,418.41435141104984,7.070897183420283,-0.01191285772181152,23.457050652476745,60,268.8,8.892924770240091,184,-6.1819011346949715
3168,mixtura,packing_B,T10,largo,8,G4,8.274959424663196,0.5855699185285905,0.9184150706291082,False,448,418.41435141104984,7.070897183420283,-0.01191285772181152,23.457050652476745,60,268.8,8.892924770240091,185,-5.918546953896587
3168,mixtura,packing_B,T10,largo,8,G4,8.274959424663196,0.5855699185285905,0.9184150706291082,False,448,418.41435141104984,7.070897183420283,-0.01191285772181152,23.457050652476745,60,268.8,8.892924770240091,186,-5.784344116571894
3168,mixtura,packing_B,T10,largo,8,G4,8.274959424663196,0.5855699185285905,0.9184150706291082,False,448,418.41435141104984,7.070897183420283,-0.01191285772181152,23.457050652476745,60,268.8,8.892924770240091,187,-5.817129922174869
3168,mixtura,packing_B,T10,largo,8,G4,8.274959424663196,0.5855699185285905,0.9184150706291082,False,448,418.41435141104984,7.070897183420283,-0.01191285772181152,23.457050652476745,60,268.8,8.892924770240091,188,-5.7632299878020685
3168,mixtura,packing_B,T10,largo,8,G4,8.274959424663196,0.5855699185285905,0.9184150706291082,False,448,418.41435141104984,7.070897183420283,-0.01191285772181152,23.457050652476745,60,268.8,8.892924770240091,189,-5.681867283789622
3168,mixtura,packing_B,T10,largo,8,G4,8.274959424663196,0.5855699185285905,0.9184150706291082,False,448,418.41435141104984,7.070897183420283,-0.01191285772181152,23.457050652476745,60,268.8,8.892924770240091,190,-5.677454796460382
3168,mixtura,packing_B,T10,largo,8,G4,8.274959424663196,0.5855699185285905,0.9184150706291082,False,448,418.41435141104984,7.070897183420283,-0.01191285772181152,23.457050652476745,60,268.8,8.892924770240091,191,-5.452459097171815
3168,mixtura,packing_B,T10,largo,8,G4,8.274959424663196,0.5855699185285905,0.9184150706291082,False,448,418.41435141104984,7.070897183420283,-0.01191285772181152,23.457050652476745,60,268.8,8.892924770240091,192,-5.807391494151305
3168,mixtura,packing_B,T10,largo,8,G4,8.274959424663196,0.5855699185285905,0.9184150706291082,False,448,418.41435141104984,7.070897183420283,-0.01191285772181152,23.457050652476745,60,268.8,8.892924770240091,193,-5.34626579804789
3168,mixtura,packing_B,T10,largo,8,G4,8.274959424663196,0.5855699185285905,0.9184150706291082,False,448,418.41435141104984,7.070897183420283,-0.01191285772181152,23.457050652476745,60,268.8,8.892924770240091,194,-5.372736756983304
3168,mixtura,packing_B,T10,largo,8,G4,8.274959424663196,0.5855699185285905,0.9184150706291082,False,448,418.41435141104984,7.070897183420283,-0.01191285772181152,23.457050652476745,60,268.8,8.892924770240091,195,-5.323973991831226
3168,mixtura,packing_B,T10,largo,8,G4,8.274959424663196,0.5855699185285905,0.9184150706291082,False,448,418.41435141104984,7.070897183420283,-0.01191285772181152,23.457050652476745,60,268.8,8.892924770240091,196,-5.360681763669116
3168,mixtura,packing_B,T10,largo,8,G4,8.274959424663196,0.5855699185285905,0.9184150706291082,False,448,418.41435141104984,7.070897183420283,-0.01191285772181152,23.457050652476745,60,268.8,8.892924770240091,197,-5.087563336888852
3168,mixtura,packing_B,T10,largo,8,G4,8.274959424663196,0.5855699185285905,0.9184150706291082,False,448,418.41435141104984,7.070897183420283,-0.01191285772181152,23.457050652476745,60,268.8,8.892924770240091,198,-5.110620540252513
3168,mixtura,packing_B,T10,largo,8,G4,8.274959424663196,0.5855699185285905,0.9184150706291082,False,448,418.41435141104984,7.070897183420283,-0.01191285772181152,23.457050652476745,60,268.8,8.892924770240091,199,-5.062590301272718
3168,mixtura,packing_B,T10,largo,8,G4,8.274959424663196,0.5855699185285905,0.9184150706291082,False,448,418.41435141104984,7.070897183420283,-0.01191285772181152,23.457050652476745,60,268.8,8.892924770240091,200,-5.061530882099575
3168,mixtura,packing_B,T10,largo,8,G4,8.274959424663196,0.5855699185285905,0.9184150706291082,False,448,418.41435141104984,7.070897183420283,-0.01191285772181152,23.457050652476745,60,268.8,8.892924770240091,201,-4.895495273696747
3168,mixtura,packing_B,T10,largo,8,G4,8.274959424663196,0.5855699185285905,0.9184150706291082,False,448,418.41435141104984,7.070897183420283,-0.01191285772181152,23.457050652476745,60,268.8,8.892924770240091,202,-4.8728542155442245
3168,mixtura,packing_B,T10,largo,8,G4,8.274959424663196,0.5855699185285905,0.9184150706291082,False,448,418.41435141104984,7.070897183420283,-0.01191285772181152,23.457050652476745,60,268.8,8.892924770240091,203,-4.792798165029612
3168,mixtura,packing_B,T10,largo,8,G4,8.274959424663196,0.5855699185285905,0.9184150706291082,False,448,418.41435141104984,7.070897183420283,-0.01191285772181152,23.457050652476745,60,268.8,8.892924770240091,204,-4.616461595097283
3168,mixtura,packing_B,T10,largo,8,G4,8.274959424663196,0.5855699185285905,0.9184150706291082,False,448,418.41435141104984,7.070897183420283,-0.01191285772181152,23.457050652476745,60,268.8,8.892924770240091,205,-4.678528626474726
3168,mixtura,packing_B,T10,largo,8,G4,8.274959424663196,0.5855699185285905,0.9184150706291082,False,448,418.41435141104984,7.070897183420283,-0.01191285772181152,23.457050652476745,60,268.8,8.892924770240091,206,-4.599459895871953
3168,mixtura,packing_B,T10,largo,8,G4,8.274959424663196,0.5855699185285905,0.9184150706291082,False,448,418.41435141104984,7.070897183420283,-0.01191285772181152,23.457050652476745,60,268.8,8.892924770240091,207,-4.578006469809771
3168,mixtura,packing_B,T10,largo,8,G4,8.274959424663196,0.5855699185285905,0.9184150706291082,False,448,418.41435141104984,7.070897183420283,-0.01191285772181152,23.457050652476745,60,268.8,8.892924770240091,208,-4.3771283026223955
3168,mixtura,packing_B,T10,largo,8,G4,8.274959424663196,0.5855699185285905,0.9184150706291082,False,448,418.41435141104984,7.070897183420283,-0.01191285772181152,23.457050652476745,60,268.8,8.892924770240091,209,-4.391587689627291
3168,mixtura,packing_B,T10,largo,8,G4,8.274959424663196,0.5855699185285905,0.9184150706291082,False,448,418.41435141104984,7.070897183420283,-0.01191285772181152,23.457050652476745,60,268.8,8.892924770240091,210,-4.1885179388205644
3168,mixtura,packing_B,T10,largo,8,G4,8.274959424663196,0.5855699185285905,0.9184150706291082,False,448,418.41435141104984,7.070897183420283,-0.01191285772181152,23.457050652476745,60,268.8,8.892924770240091,211,-4.137285176789479
3168,mixtura,packing_B,T10,largo,8,G4,8.274959424663196,0.5855699185285905,0.9184150706291082,False,448,418.41435141104984,7.070897183420283,-0.01191285772181152,23.457050652476745,60,268.8,8.892924770240091,212,-4.063368082668852
3168,mixtura,packing_B,T10,largo,8,G4,8.274959424663196,0.5855699185285905,0.9184150706291082,False,448,418.41435141104984,7.070897183420283,-0.01191285772181152,23.457050652476745,60,268.8,8.892924770240091,213,-4.0177733675428895
3168,mixtura,packing_B,T10,largo,8,G4,8.274959424663196,0.5855699185285905,0.9184150706291082,False,448,418.41435141104984,7.070897183420283,-0.01191285772181152,23.457050652476745,60,268.8,8.892924770240091,214,-4.108578780925976
3168,mixtura,packing_B,T10,largo,8,G4,8.274959424663196,0.5855699185285905,0.9184150706291082,False,448,418.41435141104984,7.070897183420283,-0.01191285772181152,23.457050652476745,60,268.8,8.892924770240091,215,-4.079104154790597
3168,mixtura,packing_B,T10,largo,8,G4,8.274959424663196,0.5855699185285905,0.9184150706291082,False,448,418.41435141104984,7.070897183420283,-0.01191285772181152,23.457050652476745,60,268.8,8.892924770240091,216,-3.810186560920125
3168,mixtura,packing_B,T10,largo,8,G4,8.274959424663196,0.5855699185285905,0.9184150706291082,False,448,418.41435141104984,7.070897183420283,-0.01191285772181152,23.457050652476745,60,268.8,8.892924770240091,217,-3.686838294993089
3168,mixtura,packing_B,T10,largo,8,G4,8.274959424663196,0.5855699185285905,0.9184150706291082,False,448,418.41435141104984,7.070897183420283,-0.01191285772181152,23.457050652476745,60,268.8,8.892924770240091,218,-3.6386557801347865
3168,mixtura,packing_B,T10,largo,8,G4,8.274959424663196,0.5855699185285905,0.9184150706291082,False,448,418.41435141104984,7.070897183420283,-0.01191285772181152,23.457050652476745,60,268.8,8.892924770240091,219,-3.6524422500776934
3168,mixtura,packing_B,T10,largo,8,G4,8.274959424663196,0.5855699185285905,0.9184150706291082,False,448,418.41435141104984,7.070897183420283,-0.01191285772181152,23.457050652476745,60,268.8,8.892924770240091,220,-3.4444151959746545
3168,mixtura,packing_B,T10,largo,8,G4,8.274959424663196,0.5855699185285905,0.9184150706291082,False,448,418.41435141104984,7.070897183420283,-0.01191285772181152,23.457050652476745,60,268.8,8.892924770240091,221,-3.3088244635574573
3168,mixtura,packing_B,T10,largo,8,G4,8.274959424663196,0.5855699185285905,0.9184150706291082,False,448,418.41435141104984,7.070897183420283,-0.01191285772181152,23.457050652476745,60,268.8,8.892924770240091,222,-3.3460726777447984
3168,mixtura,packing_B,T10,largo,8,G4,8.274959424663196,0.5855699185285905,0.9184150706291082,False,448,418.41435141104984,7.070897183420283,-0.01191285772181152,23.457050652476745,60,268.8,8.892924770240091,223,-3.1863682525907957
3168,mixtura,packing_B,T10,largo,8,G4,8.274959424663196,0.5855699185285905,0.9184150706291082,False,448,418.41435141104984,7.070897183420283,-0.01191285772181152,23.457050652476745,60,268.8,8.892924770240091,224,-3.2993965825883436
3168,mixtura,packing_B,T10,largo,8,G4,8.274959424663196,0.5855699185285905,0.9184150706291082,False,448,418.41435141104984,7.070897183420283,-0.01191285772181152,23.457050652476745,60,268.8,8.892924770240091,225,-3.1957472797265947
3168,mixtura,packing_B,T10,largo,8,G4,8.274959424663196,0.5855699185285905,0.9184150706291082,False,448,418.41435141104984,7.070897183420283,-0.01191285772181152,23.457050652476745,60,268.8,8.892924770240091,226,-2.9524181943770045
3168,mixtura,packing_B,T10,largo,8,G4,8.274959424663196,0.5855699185285905,0.9184150706291082,False,448,418.41435141104984,7.070897183420283,-0.01191285772181152,23.457050652476745,60,268.8,8.892924770240091,227,-3.087473532542515
3168,mixtura,packing_B,T10,largo,8,G4,8.274959424663196,0.5855699185285905,0.9184150706291082,False,448,418.41435141104984,7.070897183420283,-0.01191285772181152,23.457050652476745,60,268.8,8.892924770240091,228,-2.828905400533614
3168,mixtura,packing_B,T10,largo,8,G4,8.274959424663196,0.5855699185285905,0.9184150706291082,False,448,418.41435141104984,7.070897183420283,-0.01191285772181152,23.457050652476745,60,268.8,8.892924770240091,229,-2.7899580028156654
3168,mixtura,packing_B,T10,largo,8,G4,8.274959424663196,0.5855699185285905,0.9184150706291082,False,448,418.41435141104984,7.070897183420283,-0.01191285772181152,23.457050652476745,60,268.8,8.892924770240091,230,-2.788143565901888
3168,mixtura,packing_B,T10,largo,8,G4,8.274959424663196,0.5855699185285905,0.9184150706291082,False,448,418.41435141104984,7.070897183420283,-0.01191285772181152,23.457050652476745,60,268.8,8.892924770240091,231,-2.5910285879480885
3168,mixtura,packing_B,T10,largo,8,G4,8.274959424663196,0.5855699185285905,0.9184150706291082,False,448,418.41435141104984,7.070897183420283,-0.01191285772181152,23.457050652476745,60,268.8,8.892924770240091,232,-2.5836471308037243
3168,mixtura,packing_B,T10,largo,8,G4,8.274959424663196,0.5855699185285905,0.9184150706291082,False,448,418.41435141104984,7.070897183420283,-0.01191285772181152,23.457050652476745,60,268.8,8.892924770240091,233,-2.5031470352081397
3168,mixtura,packing_B,T10,largo,8,G4,8.274959424663196,0.5855699185285905,0.9184150706291082,False,448,418.41435141104984,7.070897183420283,-0.01191285772181152,23.457050652476745,60,268.8,8.892924770240091,234,-2.5315876591221307
3168,mixtura,packing_B,T10,largo,8,G4,8.274959424663196,0.5855699185285905,0.9184150706291082,False,448,418.41435141104984,7.070897183420283,-0.01191285772181152,23.457050652476745,60,268.8,8.892924770240091,235,-2.4121782755653802
3168,mixtura,packing_B,T10,largo,8,G4,8.274959424663196,0.5855699185285905,0.9184150706291082,False,448,418.41435141104984,7.070897183420283,-0.01191285772181152,23.457050652476745,60,268.8,8.892924770240091,236,-2.354454126271828
3168,mixtura,packing_B,T10,largo,8,G4,8.274959424663196,0.5855699185285905,0.9184150706291082,False,448,418.41435141104984,7.070897183420283,-0.01191285772181152,23.457050652476745,60,268.8,8.892924770240091,237,-2.320065012056946
3168,mixtura,packing_B,T10,largo,8,G4,8.274959424663196,0.5855699185285905,0.9184150706291082,False,448,418.41435141104984,7.070897183420283,-0.01191285772181152,23.457050652476745,60,268.8,8.892924770240091,238,-2.234543752287626
3168,mixtura,packing_B,T10,largo,8,G4,8.274959424663196,0.5855699185285905,0.9184150706291082,False,448,418.41435141104984,7.070897183420283,-0.01191285772181152,23.457050652476745,60,268.8,8.892924770240091,239,-2.1204470843469045
3168,mixtura,packing_B,T10,largo,8,G4,8.274959424663196,0.5855699185285905,0.9184150706291082,False,448,418.41435141104984,7.070897183420283,-0.01191285772181152,23.457050652476745,60,268.8,8.892924770240091,240,-2.002165359717183
3168,mixtura,packing_B,T10,largo,8,G4,8.274959424663196,0.5855699185285905,0.9184150706291082,False,448,418.41435141104984,7.070897183420283,-0.01191285772181152,23.457050652476745,60,268.8,8.892924770240091,241,-1.9149657051362765
3168,mixtura,packing_B,T10,largo,8,G4,8.274959424663196,0.5855699185285905,0.9184150706291082,False,448,418.41435141104984,7.070897183420283,-0.01191285772181152,23.457050652476745,60,268.8,8.892924770240091,242,-1.821416968215038
3168,mixtura,packing_B,T10,largo,8,G4,8.274959424663196,0.5855699185285905,0.9184150706291082,False,448,418.41435141104984,7.070897183420283,-0.01191285772181152,23.457050652476745,60,268.8,8.892924770240091,243,-2.054978750335831
3168,mixtura,packing_B,T10,largo,8,G4,8.274959424663196,0.5855699185285905,0.9184150706291082,False,448,418.41435141104984,7.070897183420283,-0.01191285772181152,23.457050652476745,60,268.8,8.892924770240091,244,-1.719311598110861
3168,mixtura,packing_B,T10,largo,8,G4,8.274959424663196,0.5855699185285905,0.9184150706291082,False,448,418.41435141104984,7.070897183420283,-0.01191285772181152,23.457050652476745,60,268.8,8.892924770240091,245,-1.8420438979549956
3168,mixtura,packing_B,T10,largo,8,G4,8.274959424663196,0.5855699185285905,0.9184150706291082,False,448,418.41435141104984,7.070897183420283,-0.01191285772181152,23.457050652476745,60,268.8,8.892924770240091,246,-1.6056967100517805
3168,mixtura,packing_B,T10,largo,8,G4,8.274959424663196,0.5855699185285905,0.9184150706291082,False,448,418.41435141104984,7.070897183420283,-0.01191285772181152,23.457050652476745,60,268.8,8.892924770240091,247,-1.5700190998583126
3168,mixtura,packing_B,T10,largo,8,G4,8.274959424663196,0.5855699185285905,0.9184150706291082,False,448,418.41435141104984,7.070897183420283,-0.01191285772181152,23.457050652476745,60,268.8,8.892924770240091,248,-1.5443856184946751
3168,mixtura,packing_B,T10,largo,8,G4,8.274959424663196,0.5855699185285905,0.9184150706291082,False,448,418.41435141104984,7.070897183420283,-0.01191285772181152,23.457050652476745,60,268.8,8.892924770240091,249,-1.3497328781083606
3168,mixtura,packing_B,T10,largo,8,G4,8.274959424663196,0.5855699185285905,0.9184150706291082,False,448,418.41435141104984,7.070897183420283,-0.01191285772181152,23.457050652476745,60,268.8,8.892924770240091,250,-1.2798181191581994
3168,mixtura,packing_B,T10,largo,8,G4,8.274959424663196,0.5855699185285905,0.9184150706291082,False,448,418.41435141104984,7.070897183420283,-0.01191285772181152,23.457050652476745,60,268.8,8.892924770240091,251,-1.245802157345656
3168,mixtura,packing_B,T10,largo,8,G4,8.274959424663196,0.5855699185285905,0.9184150706291082,False,448,418.41435141104984,7.070897183420283,-0.01191285772181152,23.457050652476745,60,268.8,8.892924770240091,252,-1.2999451412983356
3168,mixtura,packing_B,T10,largo,8,G4,8.274959424663196,0.5855699185285905,0.9184150706291082,False,448,418.41435141104984,7.070897183420283,-0.01191285772181152,23.457050652476745,60,268.8,8.892924770240091,253,-1.137229619134839
3168,mixtura,packing_B,T10,largo,8,G4,8.274959424663196,0.5855699185285905,0.9184150706291082,False,448,418.41435141104984,7.070897183420283,-0.01191285772181152,23.457050652476745,60,268.8,8.892924770240091,254,-1.012879087202275
3168,mixtura,packing_B,T10,largo,8,G4,8.274959424663196,0.5855699185285905,0.9184150706291082,False,448,418.41435141104984,7.070897183420283,-0.01191285772181152,23.457050652476745,60,268.8,8.892924770240091,255,-0.7726766258887829
3168,mixtura,packing_B,T10,largo,8,G4,8.274959424663196,0.5855699185285905,0.9184150706291082,False,448,418.41435141104984,7.070897183420283,-0.01191285772181152,23.457050652476745,60,268.8,8.892924770240091,256,-0.804703376817538
3168,mixtura,packing_B,T10,largo,8,G4,8.274959424663196,0.5855699185285905,0.9184150706291082,False,448,418.41435141104984,7.070897183420283,-0.01191285772181152,23.457050652476745,60,268.8,8.892924770240091,257,-0.7837679593237924
3168,mixtura,packing_B,T10,largo,8,G4,8.274959424663196,0.5855699185285905,0.9184150706291082,False,448,418.41435141104984,7.070897183420283,-0.01191285772181152,23.457050652476745,60,268.8,8.892924770240091,258,-0.7375763531935855
3168,mixtura,packing_B,T10,largo,8,G4,8.274959424663196,0.5855699185285905,0.9184150706291082,False,448,418.41435141104984,7.070897183420283,-0.01191285772181152,23.457050652476745,60,268.8,8.892924770240091,259,-0.6680956488016049
3168,mixtura,packing_B,T10,largo,8,G4,8.274959424663196,0.5855699185285905,0.9184150706291082,False,448,418.41435141104984,7.070897183420283,-0.01191285772181152,23.457050652476745,60,268.8,8.892924770240091,260,-0.5598435430648409
3168,mixtura,packing_B,T10,largo,8,G4,8.274959424663196,0.5855699185285905,0.9184150706291082,False,448,418.41435141104984,7.070897183420283,-0.01191285772181152,23.457050652476745,60,268.8,8.892924770240091,261,-0.5119139207534759
3168,mixtura,packing_B,T10,largo,8,G4,8.274959424663196,0.5855699185285905,0.9184150706291082,False,448,418.41435141104984,7.070897183420283,-0.01191285772181152,23.457050652476745,60,268.8,8.892924770240091,262,-0.6505547955310399
3168,mixtura,packing_B,T10,largo,8,G4,8.274959424663196,0.5855699185285905,0.9184150706291082,False,448,418.41435141104984,7.070897183420283,-0.01191285772181152,23.457050652476745,60,268.8,8.892924770240091,263,-0.47521904081836785
3168,mixtura,packing_B,T10,largo,8,G4,8.274959424663196,0.5855699185285905,0.9184150706291082,False,448,418.41435141104984,7.070897183420283,-0.01191285772181152,23.457050652476745,60,268.8,8.892924770240091,264,-0.4702190747438511
3168,mixtura,packing_B,T10,largo,8,G4,8.274959424663196,0.5855699185285905,0.9184150706291082,False,448,418.41435141104984,7.070897183420283,-0.01191285772181152,23.457050652476745,60,268.8,8.892924770240091,265,-0.347471237148613
3168,mixtura,packing_B,T10,largo,8,G4,8.274959424663196,0.5855699185285905,0.9184150706291082,False,448,418.41435141104984,7.070897183420283,-0.01191285772181152,23.457050652476745,60,268.8,8.892924770240091,266,-0.1705497725805154
3168,mixtura,packing_B,T10,largo,8,G4,8.274959424663196,0.5855699185285905,0.9184150706291082,False,448,418.41435141104984,7.070897183420283,-0.01191285772181152,23.457050652476745,60,268.8,8.892924770240091,267,-0.23081495292452012
3168,mixtura,packing_B,T10,largo,8,G4,8.274959424663196,0.5855699185285905,0.9184150706291082,False,448,418.41435141104984,7.070897183420283,-0.01191285772181152,23.457050652476745,60,268.8,8.892924770240091,268,-0.46760864242937894
3168,mixtura,packing_B,T10,largo,8,G4,8.274959424663196,0.5855699185285905,0.9184150706291082,False,448,418.41435141104984,7.070897183420283,-0.01191285772181152,23.457050652476745,60,268.8,8.892924770240091,269,-0.13513427422333749
3168,mixtura,packing_B,T10,largo,8,G4,8.274959424663196,0.5855699185285905,0.9184150706291082,False,448,418.41435141104984,7.070897183420283,-0.01191285772181152,23.457050652476745,60,268.8,8.892924770240091,270,-0.18398911148609132
3168,mixtura,packing_B,T10,largo,8,G4,8.274959424663196,0.5855699185285905,0.9184150706291082,False,448,418.41435141104984,7.070897183420283,-0.01191285772181152,23.457050652476745,60,268.8,8.892924770240091,271,0.1120319127884862
3168,mixtura,packing_B,T10,largo,8,G4,8.274959424663196,0.5855699185285905,0.9184150706291082,False,448,418.41435141104984,7.070897183420283,-0.01191285772181152,23.457050652476745,60,268.8,8.892924770240091,272,0.21707098805194316
3168,mixtura,packing_B,T10,largo,8,G4,8.274959424663196,0.5855699185285905,0.9184150706291082,False,448,418.41435141104984,7.070897183420283,-0.01191285772181152,23.457050652476745,60,268.8,8.892924770240091,273,0.32025490842958076
3168,mixtura,packing_B,T10,largo,8,G4,8.274959424663196,0.5855699185285905,0.9184150706291082,False,448,418.41435141104984,7.070897183420283,-0.01191285772181152,23.457050652476745,60,268.8,8.892924770240091,274,0.42116453162574397
3168,mixtura,packing_B,T10,largo,8,G4,8.274959424663196,0.5855699185285905,0.9184150706291082,False,448,418.41435141104984,7.070897183420283,-0.01191285772181152,23.457050652476745,60,268.8,8.892924770240091,275,0.5099411953125218
3168,mixtura,packing_B,T10,largo,8,G4,8.274959424663196,0.5855699185285905,0.9184150706291082,False,448,418.41435141104984,7.070897183420283,-0.01191285772181152,23.457050652476745,60,268.8,8.892924770240091,276,0.6892100407791473
3168,mixtura,packing_B,T10,largo,8,G4,8.274959424663196,0.5855699185285905,0.9184150706291082,False,448,418.41435141104984,7.070897183420283,-0.01191285772181152,23.457050652476745,60,268.8,8.892924770240091,277,0.5144667124689505
3168,mixtura,packing_B,T10,largo,8,G4,8.274959424663196,0.5855699185285905,0.9184150706291082,False,448,418.41435141104984,7.070897183420283,-0.01191285772181152,23.457050652476745,60,268.8,8.892924770240091,278,0.3154802622088665
3168,mixtura,packing_B,T10,largo,8,G4,8.274959424663196,0.5855699185285905,0.9184150706291082,False,448,418.41435141104984,7.070897183420283,-0.01191285772181152,23.457050652476745,60,268.8,8.892924770240091,279,0.26186058663294187
3168,mixtura,packing_B,T10,largo,8,G4,8.274959424663196,0.5855699185285905,0.9184150706291082,False,448,418.41435141104984,7.070897183420283,-0.01191285772181152,23.457050652476745,60,268.8,8.892924770240091,280,0.46894379873066383
3168,mixtura,packing_B,T10,largo,8,G4,8.274959424663196,0.5855699185285905,0.9184150706291082,False,448,418.41435141104984,7.070897183420283,-0.01191285772181152,23.457050652476745,60,268.8,8.892924770240091,281,0.1685341308756565
3168,mixtura,packing_B,T10,largo,8,G4,8.274959424663196,0.5855699185285905,0.9184150706291082,False,448,418.41435141104984,7.070897183420283,-0.01191285772181152,23.457050652476745,60,268.8,8.892924770240091,282,0.25077426453135204
3168,mixtura,packing_B,T10,largo,8,G4,8.274959424663196,0.5855699185285905,0.9184150706291082,False,448,418.41435141104984,7.070897183420283,-0.01191285772181152,23.457050652476745,60,268.8,8.892924770240091,283,0.17651457887851768
3168,mixtura,packing_B,T10,largo,8,G4,8.274959424663196,0.5855699185285905,0.9184150706291082,False,448,418.41435141104984,7.070897183420283,-0.01191285772181152,23.457050652476745,60,268.8,8.892924770240091,284,0.04189509943233193
3168,mixtura,packing_B,T10,largo,8,G4,8.274959424663196,0.5855699185285905,0.9184150706291082,False,448,418.41435141104984,7.070897183420283,-0.01191285772181152,23.457050652476745,60,268.8,8.892924770240091,285,0.06026186694354472
3168,mixtura,packing_B,T10,largo,8,G4,8.274959424663196,0.5855699185285905,0.9184150706291082,False,448,418.41435141104984,7.070897183420283,-0.01191285772181152,23.457050652476745,60,268.8,8.892924770240091,286,-0.20279943442537154
3168,mixtura,packing_B,T10,largo,8,G4,8.274959424663196,0.5855699185285905,0.9184150706291082,False,448,418.41435141104984,7.070897183420283,-0.01191285772181152,23.457050652476745,60,268.8,8.892924770240091,287,-0.2850037339323232
3168,mixtura,packing_B,T10,largo,8,G4,8.274959424663196,0.5855699185285905,0.9184150706291082,False,448,418.41435141104984,7.070897183420283,-0.01191285772181152,23.457050652476745,60,268.8,8.892924770240091,288,-0.12974272247532143
3168,mixtura,packing_B,T10,largo,8,G4,8.274959424663196,0.5855699185285905,0.9184150706291082,False,448,418.41435141104984,7.070897183420283,-0.01191285772181152,23.457050652476745,60,268.8,8.892924770240091,289,-0.32994328869765494
3168,mixtura,packing_B,T10,largo,8,G4,8.274959424663196,0.5855699185285905,0.9184150706291082,False,448,418.41435141104984,7.070897183420283,-0.01191285772181152,23.457050652476745,60,268.8,8.892924770240091,290,-0.45185836408449964
3168,mixtura,packing_B,T10,largo,8,G4,8.274959424663196,0.5855699185285905,0.9184150706291082,False,448,418.41435141104984,7.070897183420283,-0.01191285772181152,23.457050652476745,60,268.8,8.892924770240091,291,-0.47499343019500107
3168,mixtura,packing_B,T10,largo,8,G4,8.274959424663196,0.5855699185285905,0.9184150706291082,False,448,418.41435141104984,7.070897183420283,-0.01191285772181152,23.457050652476745,60,268.8,8.892924770240091,292,-0.5229330418450172
3168,mixtura,packing_B,T10,largo,8,G4,8.274959424663196,0.5855699185285905,0.9184150706291082,False,448,418.41435141104984,7.070897183420283,-0.01191285772181152,23.457050652476745,60,268.8,8.892924770240091,293,-0.6561242238177419
3168,mixtura,packing_B,T10,largo,8,G4,8.274959424663196,0.5855699185285905,0.9184150706291082,False,448,418.41435141104984,7.070897183420283,-0.01191285772181152,23.457050652476745,60,268.8,8.892924770240091,294,-0.44704584731850905
3168,mixtura,packing_B,T10,largo,8,G4,8.274959424663196,0.5855699185285905,0.9184150706291082,False,448,418.41435141104984,7.070897183420283,-0.01191285772181152,23.457050652476745,60,268.8,8.892924770240091,295,-0.3706635904901894
3168,mixtura,packing_B,T10,largo,8,G4,8.274959424663196,0.5855699185285905,0.9184150706291082,False,448,418.41435141104984,7.070897183420283,-0.01191285772181152,23.457050652476745,60,268.8,8.892924770240091,296,-0.39945149570301974
3168,mixtura,packing_B,T10,largo,8,G4,8.274959424663196,0.5855699185285905,0.9184150706291082,False,448,418.41435141104984,7.070897183420283,-0.01191285772181152,23.457050652476745,60,268.8,8.892924770240091,297,-0.2820674091198368
3168,mixtura,packing_B,T10,largo,8,G4,8.274959424663196,0.5855699185285905,0.9184150706291082,False,448,418.41435141104984,7.070897183420283,-0.01191285772181152,23.457050652476745,60,268.8,8.892924770240091,298,-0.20065029189107836
3168,mixtura,packing_B,T10,largo,8,G4,8.274959424663196,0.5855699185285905,0.9184150706291082,False,448,418.41435141104984,7.070897183420283,-0.01191285772181152,23.457050652476745,60,268.8,8.892924770240091,299,0.02042417409671185
3168,mixtura,packing_B,T10,largo,8,G4,8.274959424663196,0.5855699185285905,0.9184150706291082,False,448,418.41435141104984,7.070897183420283,-0.01191285772181152,23.457050652476745,60,268.8,8.892924770240091,300,-0.06121127540696795
3168,mixtura,packing_B,T10,largo,8,G4,8.274959424663196,0.5855699185285905,0.9184150706291082,False,448,418.41435141104984,7.070897183420283,-0.01191285772181152,23.457050652476745,60,268.8,8.892924770240091,301,0.09586926606844719
3168,mixtura,packing_B,T10,largo,8,G4,8.274959424663196,0.5855699185285905,0.9184150706291082,False,448,418.41435141104984,7.070897183420283,-0.01191285772181152,23.457050652476745,60,268.8,8.892924770240091,302,0.22288951355713854
3168,mixtura,packing_B,T10,largo,8,G4,8.274959424663196,0.5855699185285905,0.9184150706291082,False,448,418.41435141104984,7.070897183420283,-0.01191285772181152,23.457050652476745,60,268.8,8.892924770240091,303,0.19188477594161862
3168,mixtura,packing_B,T10,largo,8,G4,8.274959424663196,0.5855699185285905,0.9184150706291082,False,448,418.41435141104984,7.070897183420283,-0.01191285772181152,23.457050652476745,60,268.8,8.892924770240091,304,0.2863823833918758
3168,mixtura,packing_B,T10,largo,8,G4,8.274959424663196,0.5855699185285905,0.9184150706291082,False,448,418.41435141104984,7.070897183420283,-0.01191285772181152,23.457050652476745,60,268.8,8.892924770240091,305,0.40318191092453076
3168,mixtura,packing_B,T10,largo,8,G4,8.274959424663196,0.5855699185285905,0.9184150706291082,False,448,418.41435141104984,7.070897183420283,-0.01191285772181152,23.457050652476745,60,268.8,8.892924770240091,306,0.4646207534656513
3168,mixtura,packing_B,T10,largo,8,G4,8.274959424663196,0.5855699185285905,0.9184150706291082,False,448,418.41435141104984,7.070897183420283,-0.01191285772181152,23.457050652476745,60,268.8,8.892924770240091,307,0.4517964341512789
3168,mixtura,packing_B,T10,largo,8,G4,8.274959424663196,0.5855699185285905,0.9184150706291082,False,448,418.41435141104984,7.070897183420283,-0.01191285772181152,23.457050652476745,60,268.8,8.892924770240091,308,0.4411568723044474
3168,mixtura,packing_B,T10,largo,8,G4,8.274959424663196,0.5855699185285905,0.9184150706291082,False,448,418.41435141104984,7.070897183420283,-0.01191285772181152,23.457050652476745,60,268.8,8.892924770240091,309,0.47603064179038207
3168,mixtura,packing_B,T10,largo,8,G4,8.274959424663196,0.5855699185285905,0.9184150706291082,False,448,418.41435141104984,7.070897183420283,-0.01191285772181152,23.457050652476745,60,268.8,8.892924770240091,310,0.291569652785286
3168,mixtura,packing_B,T10,largo,8,G4,8.274959424663196,0.5855699185285905,0.9184150706291082,False,448,418.41435141104984,7.070897183420283,-0.01191285772181152,23.457050652476745,60,268.8,8.892924770240091,311,0.36849425080095577
3168,mixtura,packing_B,T10,largo,8,G4,8.274959424663196,0.5855699185285905,0.9184150706291082,False,448,418.41435141104984,7.070897183420283,-0.01191285772181152,23.457050652476745,60,268.8,8.892924770240091,312,0.14059044598448484
3168,mixtura,packing_B,T10,largo,8,G4,8.274959424663196,0.5855699185285905,0.9184150706291082,False,448,418.41435141104984,7.070897183420283,-0.01191285772181152,23.457050652476745,60,268.8,8.892924770240091,313,0.11319451038182347
3168,mixtura,packing_B,T10,largo,8,G4,8.274959424663196,0.5855699185285905,0.9184150706291082,False,448,418.41435141104984,7.070897183420283,-0.01191285772181152,23.457050652476745,60,268.8,8.892924770240091,314,-0.10270217605392087
3168,mixtura,packing_B,T10,largo,8,G4,8.274959424663196,0.5855699185285905,0.9184150706291082,False,448,418.41435141104984,7.070897183420283,-0.01191285772181152,23.457050652476745,60,268.8,8.892924770240091,315,0.03922120203048836
3168,mixtura,packing_B,T10,largo,8,G4,8.274959424663196,0.5855699185285905,0.9184150706291082,False,448,418.41435141104984,7.070897183420283,-0.01191285772181152,23.457050652476745,60,268.8,8.892924770240091,316,-0.03162356160904829
3168,mixtura,packing_B,T10,largo,8,G4,8.274959424663196,0.5855699185285905,0.9184150706291082,False,448,418.41435141104984,7.070897183420283,-0.01191285772181152,23.457050652476745,60,268.8,8.892924770240091,317,-0.17444757652720835
3168,mixtura,packing_B,T10,largo,8,G4,8.274959424663196,0.5855699185285905,0.9184150706291082,False,448,418.41435141104984,7.070897183420283,-0.01191285772181152,23.457050652476745,60,268.8,8.892924770240091,318,-0.2718586027069579
3168,mixtura,packing_B,T10,largo,8,G4,8.274959424663196,0.5855699185285905,0.9184150706291082,False,448,418.41435141104984,7.070897183420283,-0.01191285772181152,23.457050652476745,60,268.8,8.892924770240091,319,-0.28801615658027646
3168,mixtura,packing_B,T10,largo,8,G4,8.274959424663196,0.5855699185285905,0.9184150706291082,False,448,418.41435141104984,7.070897183420283,-0.01191285772181152,23.457050652476745,60,268.8,8.892924770240091,320,-0.2814828063932232
3168,mixtura,packing_B,T10,largo,8,G4,8.274959424663196,0.5855699185285905,0.9184150706291082,False,448,418.41435141104984,7.070897183420283,-0.01191285772181152,23.457050652476745,60,268.8,8.892924770240091,321,-0.5093015176116333
3168,mixtura,packing_B,T10,largo,8,G4,8.274959424663196,0.5855699185285905,0.9184150706291082,False,448,418.41435141104984,7.070897183420283,-0.01191285772181152,23.457050652476745,60,268.8,8.892924770240091,322,-0.6398686901056985
3168,mixtura,packing_B,T10,largo,8,G4,8.274959424663196,0.5855699185285905,0.9184150706291082,False,448,418.41435141104984,7.070897183420283,-0.01191285772181152,23.457050652476745,60,268.8,8.892924770240091,323,-0.30823501751560195
3168,mixtura,packing_B,T10,largo,8,G4,8.274959424663196,0.5855699185285905,0.9184150706291082,False,448,418.41435141104984,7.070897183420283,-0.01191285772181152,23.457050652476745,60,268.8,8.892924770240091,324,-0.31930603937500823
3168,mixtura,packing_B,T10,largo,8,G4,8.274959424663196,0.5855699185285905,0.9184150706291082,False,448,418.41435141104984,7.070897183420283,-0.01191285772181152,23.457050652476745,60,268.8,8.892924770240091,325,-0.3915670998016266
3168,mixtura,packing_B,T10,largo,8,G4,8.274959424663196,0.5855699185285905,0.9184150706291082,False,448,418.41435141104984,7.070897183420283,-0.01191285772181152,23.457050652476745,60,268.8,8.892924770240091,326,-0.5376025510501321
3168,mixtura,packing_B,T10,largo,8,G4,8.274959424663196,0.5855699185285905,0.9184150706291082,False,448,418.41435141104984,7.070897183420283,-0.01191285772181152,23.457050652476745,60,268.8,8.892924770240091,327,-0.1335239699588383
3168,mixtura,packing_B,T10,largo,8,G4,8.274959424663196,0.5855699185285905,0.9184150706291082,False,448,418.41435141104984,7.070897183420283,-0.01191285772181152,23.457050652476745,60,268.8,8.892924770240091,328,-0.2624123274084004
3168,mixtura,packing_B,T10,largo,8,G4,8.274959424663196,0.5855699185285905,0.9184150706291082,False,448,418.41435141104984,7.070897183420283,-0.01191285772181152,23.457050652476745,60,268.8,8.892924770240091,329,-0.03483749206192614
3168,mixtura,packing_B,T10,largo,8,G4,8.274959424663196,0.5855699185285905,0.9184150706291082,False,448,418.41435141104984,7.070897183420283,-0.01191285772181152,23.457050652476745,60,268.8,8.892924770240091,330,-0.08356821598872008
3168,mixtura,packing_B,T10,largo,8,G4,8.274959424663196,0.5855699185285905,0.9184150706291082,False,448,418.41435141104984,7.070897183420283,-0.01191285772181152,23.457050652476745,60,268.8,8.892924770240091,331,0.11751900774979052
3168,mixtura,packing_B,T10,largo,8,G4,8.274959424663196,0.5855699185285905,0.9184150706291082,False,448,418.41435141104984,7.070897183420283,-0.01191285772181152,23.457050652476745,60,268.8,8.892924770240091,332,0.07362773775847031
3168,mixtura,packing_B,T10,largo,8,G4,8.274959424663196,0.5855699185285905,0.9184150706291082,False,448,418.41435141104984,7.070897183420283,-0.01191285772181152,23.457050652476745,60,268.8,8.892924770240091,333,0.15692736858869408
3168,mixtura,packing_B,T10,largo,8,G4,8.274959424663196,0.5855699185285905,0.9184150706291082,False,448,418.41435141104984,7.070897183420283,-0.01191285772181152,23.457050652476745,60,268.8,8.892924770240091,334,0.22797551270582217
3168,mixtura,packing_B,T10,largo,8,G4,8.274959424663196,0.5855699185285905,0.9184150706291082,False,448,418.41435141104984,7.070897183420283,-0.01191285772181152,23.457050652476745,60,268.8,8.892924770240091,335,0.3841611994781743
3168,mixtura,packing_B,T10,largo,8,G4,8.274959424663196,0.5855699185285905,0.9184150706291082,False,448,418.41435141104984,7.070897183420283,-0.01191285772181152,23.457050652476745,60,268.8,8.892924770240091,336,0.3754220626658865
3168,mixtura,packing_B,T10,largo,8,G4,8.274959424663196,0.5855699185285905,0.9184150706291082,False,448,418.41435141104984,7.070897183420283,-0.01191285772181152,23.457050652476745,60,268.8,8.892924770240091,337,0.4292921086501083
3168,mixtura,packing_B,T10,largo,8,G4,8.274959424663196,0.5855699185285905,0.9184150706291082,False,448,418.41435141104984,7.070897183420283,-0.01191285772181152,23.457050652476745,60,268.8,8.892924770240091,338,0.232027197584078
3168,mixtura,packing_B,T10,largo,8,G4,8.274959424663196,0.5855699185285905,0.9184150706291082,False,448,418.41435141104984,7.070897183420283,-0.01191285772181152,23.457050652476745,60,268.8,8.892924770240091,339,0.42373851925243533
3168,mixtura,packing_B,T10,largo,8,G4,8.274959424663196,0.5855699185285905,0.9184150706291082,False,448,418.41435141104984,7.070897183420283,-0.01191285772181152,23.457050652476745,60,268.8,8.892924770240091,340,0.5601310143719358
3168,mixtura,packing_B,T10,largo,8,G4,8.274959424663196,0.5855699185285905,0.9184150706291082,False,448,418.41435141104984,7.070897183420283,-0.01191285772181152,23.457050652476745,60,268.8,8.892924770240091,341,0.31338013545085686
3168,mixtura,packing_B,T10,largo,8,G4,8.274959424663196,0.5855699185285905,0.9184150706291082,False,448,418.41435141104984,7.070897183420283,-0.01191285772181152,23.457050652476745,60,268.8,8.892924770240091,342,0.32478109523794124
3168,mixtura,packing_B,T10,largo,8,G4,8.274959424663196,0.5855699185285905,0.9184150706291082,False,448,418.41435141104984,7.070897183420283,-0.01191285772181152,23.457050652476745,60,268.8,8.892924770240091,343,0.20219055572523673
3168,mixtura,packing_B,T10,largo,8,G4,8.274959424663196,0.5855699185285905,0.9184150706291082,False,448,418.41435141104984,7.070897183420283,-0.01191285772181152,23.457050652476745,60,268.8,8.892924770240091,344,0.08248655058135192
3168,mixtura,packing_B,T10,largo,8,G4,8.274959424663196,0.5855699185285905,0.9184150706291082,False,448,418.41435141104984,7.070897183420283,-0.01191285772181152,23.457050652476745,60,268.8,8.892924770240091,345,0.004143558586751346
3168,mixtura,packing_B,T10,largo,8,G4,8.274959424663196,0.5855699185285905,0.9184150706291082,False,448,418.41435141104984,7.070897183420283,-0.01191285772181152,23.457050652476745,60,268.8,8.892924770240091,346,-0.030854522621235253
3168,mixtura,packing_B,T10,largo,8,G4,8.274959424663196,0.5855699185285905,0.9184150706291082,False,448,418.41435141104984,7.070897183420283,-0.01191285772181152,23.457050652476745,60,268.8,8.892924770240091,347,-0.14058296886922506
3168,mixtura,packing_B,T10,largo,8,G4,8.274959424663196,0.5855699185285905,0.9184150706291082,False,448,418.41435141104984,7.070897183420283,-0.01191285772181152,23.457050652476745,60,268.8,8.892924770240091,348,-0.4473434677906082
3168,mixtura,packing_B,T10,largo,8,G4,8.274959424663196,0.5855699185285905,0.9184150706291082,False,448,418.41435141104984,7.070897183420283,-0.01191285772181152,23.457050652476745,60,268.8,8.892924770240091,349,-0.353364974628642
3168,mixtura,packing_B,T10,largo,8,G4,8.274959424663196,0.5855699185285905,0.9184150706291082,False,448,418.41435141104984,7.070897183420283,-0.01191285772181152,23.457050652476745,60,268.8,8.892924770240091,350,-0.4880776081228541
3168,mixtura,packing_B,T10,largo,8,G4,8.274959424663196,0.5855699185285905,0.9184150706291082,False,448,418.41435141104984,7.070897183420283,-0.01191285772181152,23.457050652476745,60,268.8,8.892924770240091,351,-0.5460143005273064
3168,mixtura,packing_B,T10,largo,8,G4,8.274959424663196,0.5855699185285905,0.9184150706291082,False,448,418.41435141104984,7.070897183420283,-0.01191285772181152,23.457050652476745,60,268.8,8.892924770240091,352,-0.37727782665819654
3168,mixtura,packing_B,T10,largo,8,G4,8.274959424663196,0.5855699185285905,0.9184150706291082,False,448,418.41435141104984,7.070897183420283,-0.01191285772181152,23.457050652476745,60,268.8,8.892924770240091,353,-0.4546715403955502
3168,mixtura,packing_B,T10,largo,8,G4,8.274959424663196,0.5855699185285905,0.9184150706291082,False,448,418.41435141104984,7.070897183420283,-0.01191285772181152,23.457050652476745,60,268.8,8.892924770240091,354,-0.6503760904305229
3168,mixtura,packing_B,T10,largo,8,G4,8.274959424663196,0.5855699185285905,0.9184150706291082,False,448,418.41435141104984,7.070897183420283,-0.01191285772181152,23.457050652476745,60,268.8,8.892924770240091,355,-0.3625408895110527
3168,mixtura,packing_B,T10,largo,8,G4,8.274959424663196,0.5855699185285905,0.9184150706291082,False,448,418.41435141104984,7.070897183420283,-0.01191285772181152,23.457050652476745,60,268.8,8.892924770240091,356,-0.24448084963703473
3168,mixtura,packing_B,T10,largo,8,G4,8.274959424663196,0.5855699185285905,0.9184150706291082,False,448,418.41435141104984,7.070897183420283,-0.01191285772181152,23.457050652476745,60,268.8,8.892924770240091,357,-0.20331375377668426
3168,mixtura,packing_B,T10,largo,8,G4,8.274959424663196,0.5855699185285905,0.9184150706291082,False,448,418.41435141104984,7.070897183420283,-0.01191285772181152,23.457050652476745,60,268.8,8.892924770240091,358,-0.26587052772730413
3168,mixtura,packing_B,T10,largo,8,G4,8.274959424663196,0.5855699185285905,0.9184150706291082,False,448,418.41435141104984,7.070897183420283,-0.01191285772181152,23.457050652476745,60,268.8,8.892924770240091,359,-0.04620244603068746
3168,mixtura,packing_B,T10,largo,8,G4,8.274959424663196,0.5855699185285905,0.9184150706291082,False,448,418.41435141104984,7.070897183420283,-0.01191285772181152,23.457050652476745,60,268.8,8.892924770240091,360,-0.001701302651821909
3168,mixtura,packing_B,T10,largo,8,G4,8.274959424663196,0.5855699185285905,0.9184150706291082,False,448,418.41435141104984,7.070897183420283,-0.01191285772181152,23.457050652476745,60,268.8,8.892924770240091,361,0.09456643971902867
3168,mixtura,packing_B,T10,largo,8,G4,8.274959424663196,0.5855699185285905,0.9184150706291082,False,448,418.41435141104984,7.070897183420283,-0.01191285772181152,23.457050652476745,60,268.8,8.892924770240091,362,0.30071041776306395
3168,mixtura,packing_B,T10,largo,8,G4,8.274959424663196,0.5855699185285905,0.9184150706291082,False,448,418.41435141104984,7.070897183420283,-0.01191285772181152,23.457050652476745,60,268.8,8.892924770240091,363,0.4008360566964415
3168,mixtura,packing_B,T10,largo,8,G4,8.274959424663196,0.5855699185285905,0.9184150706291082,False,448,418.41435141104984,7.070897183420283,-0.01191285772181152,23.457050652476745,60,268.8,8.892924770240091,364,0.29379613092797974
3168,mixtura,packing_B,T10,largo,8,G4,8.274959424663196,0.5855699185285905,0.9184150706291082,False,448,418.41435141104984,7.070897183420283,-0.01191285772181152,23.457050652476745,60,268.8,8.892924770240091,365,0.3876681071873906
3168,mixtura,packing_B,T10,largo,8,G4,8.274959424663196,0.5855699185285905,0.9184150706291082,False,448,418.41435141104984,7.070897183420283,-0.01191285772181152,23.457050652476745,60,268.8,8.892924770240091,366,0.2701683533898338
3168,mixtura,packing_B,T10,largo,8,G4,8.274959424663196,0.5855699185285905,0.9184150706291082,False,448,418.41435141104984,7.070897183420283,-0.01191285772181152,23.457050652476745,60,268.8,8.892924770240091,367,0.48071208917708597
3168,mixtura,packing_B,T10,largo,8,G4,8.274959424663196,0.5855699185285905,0.9184150706291082,False,448,418.41435141104984,7.070897183420283,-0.01191285772181152,23.457050652476745,60,268.8,8.892924770240091,368,0.5848947201353476
3168,mixtura,packing_B,T10,largo,8,G4,8.274959424663196,0.5855699185285905,0.9184150706291082,False,448,418.41435141104984,7.070897183420283,-0.01191285772181152,23.457050652476745,60,268.8,8.892924770240091,369,0.6263211492461466
3168,mixtura,packing_B,T10,largo,8,G4,8.274959424663196,0.5855699185285905,0.9184150706291082,False,448,418.41435141104984,7.070897183420283,-0.01191285772181152,23.457050652476745,60,268.8,8.892924770240091,370,0.291074642679817
3168,mixtura,packing_B,T10,largo,8,G4,8.274959424663196,0.5855699185285905,0.9184150706291082,False,448,418.41435141104984,7.070897183420283,-0.01191285772181152,23.457050652476745,60,268.8,8.892924770240091,371,0.1576047127487858
3168,mixtura,packing_B,T10,largo,8,G4,8.274959424663196,0.5855699185285905,0.9184150706291082,False,448,418.41435141104984,7.070897183420283,-0.01191285772181152,23.457050652476745,60,268.8,8.892924770240091,372,0.43362465376413556
3168,mixtura,packing_B,T10,largo,8,G4,8.274959424663196,0.5855699185285905,0.9184150706291082,False,448,418.41435141104984,7.070897183420283,-0.01191285772181152,23.457050652476745,60,268.8,8.892924770240091,373,0.16291016889807036
3168,mixtura,packing_B,T10,largo,8,G4,8.274959424663196,0.5855699185285905,0.9184150706291082,False,448,418.41435141104984,7.070897183420283,-0.01191285772181152,23.457050652476745,60,268.8,8.892924770240091,374,0.17007227220526439
3168,mixtura,packing_B,T10,largo,8,G4,8.274959424663196,0.5855699185285905,0.9184150706291082,False,448,418.41435141104984,7.070897183420283,-0.01191285772181152,23.457050652476745,60,268.8,8.892924770240091,375,-0.07723405139625576
3168,mixtura,packing_B,T10,largo,8,G4,8.274959424663196,0.5855699185285905,0.9184150706291082,False,448,418.41435141104984,7.070897183420283,-0.01191285772181152,23.457050652476745,60,268.8,8.892924770240091,376,-0.21979026879882338
3168,mixtura,packing_B,T10,largo,8,G4,8.274959424663196,0.5855699185285905,0.9184150706291082,False,448,418.41435141104984,7.070897183420283,-0.01191285772181152,23.457050652476745,60,268.8,8.892924770240091,377,-0.17586369685675335
3168,mixtura,packing_B,T10,largo,8,G4,8.274959424663196,0.5855699185285905,0.9184150706291082,False,448,418.41435141104984,7.070897183420283,-0.01191285772181152,23.457050652476745,60,268.8,8.892924770240091,378,-0.3349620243797915
3168,mixtura,packing_B,T10,largo,8,G4,8.274959424663196,0.5855699185285905,0.9184150706291082,False,448,418.41435141104984,7.070897183420283,-0.01191285772181152,23.457050652476745,60,268.8,8.892924770240091,379,-0.38572761606068845
3168,mixtura,packing_B,T10,largo,8,G4,8.274959424663196,0.5855699185285905,0.9184150706291082,False,448,418.41435141104984,7.070897183420283,-0.01191285772181152,23.457050652476745,60,268.8,8.892924770240091,380,-0.3825482106485191
3168,mixtura,packing_B,T10,largo,8,G4,8.274959424663196,0.5855699185285905,0.9184150706291082,False,448,418.41435141104984,7.070897183420283,-0.01191285772181152,23.457050652476745,60,268.8,8.892924770240091,381,-0.4232354270570692
3168,mixtura,packing_B,T10,largo,8,G4,8.274959424663196,0.5855699185285905,0.9184150706291082,False,448,418.41435141104984,7.070897183420283,-0.01191285772181152,23.457050652476745,60,268.8,8.892924770240091,382,-0.554160380346483
3168,mixtura,packing_B,T10,largo,8,G4,8.274959424663196,0.5855699185285905,0.9184150706291082,False,448,418.41435141104984,7.070897183420283,-0.01191285772181152,23.457050652476745,60,268.8,8.892924770240091,383,-0.5746849820782038
3168,mixtura,packing_B,T10,largo,8,G4,8.274959424663196,0.5855699185285905,0.9184150706291082,False,448,418.41435141104984,7.070897183420283,-0.01191285772181152,23.457050652476745,60,268.8,8.892924770240091,384,-0.4114498292257628
3168,mixtura,packing_B,T10,largo,8,G4,8.274959424663196,0.5855699185285905,0.9184150706291082,False,448,418.41435141104984,7.070897183420283,-0.01191285772181152,23.457050652476745,60,268.8,8.892924770240091,385,-0.3870540372383868
3168,mixtura,packing_B,T10,largo,8,G4,8.274959424663196,0.5855699185285905,0.9184150706291082,False,448,418.41435141104984,7.070897183420283,-0.01191285772181152,23.457050652476745,60,268.8,8.892924770240091,386,-0.238323540170778
3168,mixtura,packing_B,T10,largo,8,G4,8.274959424663196,0.5855699185285905,0.9184150706291082,False,448,418.41435141104984,7.070897183420283,-0.01191285772181152,23.457050652476745,60,268.8,8.892924770240091,387,-0.2464694513654844
3168,mixtura,packing_B,T10,largo,8,G4,8.274959424663196,0.5855699185285905,0.9184150706291082,False,448,418.41435141104984,7.070897183420283,-0.01191285772181152,23.457050652476745,60,268.8,8.892924770240091,388,-0.20393440486792952
3168,mixtura,packing_B,T10,largo,8,G4,8.274959424663196,0.5855699185285905,0.9184150706291082,False,448,418.41435141104984,7.070897183420283,-0.01191285772181152,23.457050652476745,60,268.8,8.892924770240091,389,-0.023040431644860096
3168,mixtura,packing_B,T10,largo,8,G4,8.274959424663196,0.5855699185285905,0.9184150706291082,False,448,418.41435141104984,7.070897183420283,-0.01191285772181152,23.457050652476745,60,268.8,8.892924770240091,390,0.07071463266372913
3168,mixtura,packing_B,T10,largo,8,G4,8.274959424663196,0.5855699185285905,0.9184150706291082,False,448,418.41435141104984,7.070897183420283,-0.01191285772181152,23.457050652476745,60,268.8,8.892924770240091,391,0.044804970874282576
3168,mixtura,packing_B,T10,largo,8,G4,8.274959424663196,0.5855699185285905,0.9184150706291082,False,448,418.41435141104984,7.070897183420283,-0.01191285772181152,23.457050652476745,60,268.8,8.892924770240091,392,0.12502504538027165
3168,mixtura,packing_B,T10,largo,8,G4,8.274959424663196,0.5855699185285905,0.9184150706291082,False,448,418.41435141104984,7.070897183420283,-0.01191285772181152,23.457050652476745,60,268.8,8.892924770240091,393,0.4107182963526511
3168,mixtura,packing_B,T10,largo,8,G4,8.274959424663196,0.5855699185285905,0.9184150706291082,False,448,418.41435141104984,7.070897183420283,-0.01191285772181152,23.457050652476745,60,268.8,8.892924770240091,394,0.21786948193220018
3168,mixtura,packing_B,T10,largo,8,G4,8.274959424663196,0.5855699185285905,0.9184150706291082,False,448,418.41435141104984,7.070897183420283,-0.01191285772181152,23.457050652476745,60,268.8,8.892924770240091,395,0.4594046971424044
3168,mixtura,packing_B,T10,largo,8,G4,8.274959424663196,0.5855699185285905,0.9184150706291082,False,448,418.41435141104984,7.070897183420283,-0.01191285772181152,23.457050652476745,60,268.8,8.892924770240091,396,0.6062311723492455
3168,mixtura,packing_B,T10,largo,8,G4,8.274959424663196,0.5855699185285905,0.9184150706291082,False,448,418.41435141104984,7.070897183420283,-0.01191285772181152,23.457050652476745,60,268.8,8.892924770240091,397,0.5156240413617229
3168,mixtura,packing_B,T10,largo,8,G4,8.274959424663196,0.5855699185285905,0.9184150706291082,False,448,418.41435141104984,7.070897183420283,-0.01191285772181152,23.457050652476745,60,268.8,8.892924770240091,398,0.5073072308982516
3168,mixtura,packing_B,T10,largo,8,G4,8.274959424663196,0.5855699185285905,0.9184150706291082,False,448,418.41435141104984,7.070897183420283,-0.01191285772181152,23.457050652476745,60,268.8,8.892924770240091,399,0.433690217250676
3168,mixtura,packing_B,T10,largo,8,G4,8.274959424663196,0.5855699185285905,0.9184150706291082,False,448,418.41435141104984,7.070897183420283,-0.01191285772181152,23.457050652476745,60,268.8,8.892924770240091,400,0.6297031729786758
3168,mixtura,packing_B,T10,largo,8,G4,8.274959424663196,0.5855699185285905,0.9184150706291082,False,448,418.41435141104984,7.070897183420283,-0.01191285772181152,23.457050652476745,60,268.8,8.892924770240091,401,0.19846368853406204
3168,mixtura,packing_B,T10,largo,8,G4,8.274959424663196,0.5855699185285905,0.9184150706291082,False,448,418.41435141104984,7.070897183420283,-0.01191285772181152,23.457050652476745,60,268.8,8.892924770240091,402,0.2584499613278355
3168,mixtura,packing_B,T10,largo,8,G4,8.274959424663196,0.5855699185285905,0.9184150706291082,False,448,418.41435141104984,7.070897183420283,-0.01191285772181152,23.457050652476745,60,268.8,8.892924770240091,403,0.2377747294883285
3168,mixtura,packing_B,T10,largo,8,G4,8.274959424663196,0.5855699185285905,0.9184150706291082,False,448,418.41435141104984,7.070897183420283,-0.01191285772181152,23.457050652476745,60,268.8,8.892924770240091,404,0.0993016401253152
3168,mixtura,packing_B,T10,largo,8,G4,8.274959424663196,0.5855699185285905,0.9184150706291082,False,448,418.41435141104984,7.070897183420283,-0.01191285772181152,23.457050652476745,60,268.8,8.892924770240091,405,-0.06137179970129977
3168,mixtura,packing_B,T10,largo,8,G4,8.274959424663196,0.5855699185285905,0.9184150706291082,False,448,418.41435141104984,7.070897183420283,-0.01191285772181152,23.457050652476745,60,268.8,8.892924770240091,406,-0.17932020921020306
3168,mixtura,packing_B,T10,largo,8,G4,8.274959424663196,0.5855699185285905,0.9184150706291082,False,448,418.41435141104984,7.070897183420283,-0.01191285772181152,23.457050652476745,60,268.8,8.892924770240091,407,-0.26517422597216567
3168,mixtura,packing_B,T10,largo,8,G4,8.274959424663196,0.5855699185285905,0.9184150706291082,False,448,418.41435141104984,7.070897183420283,-0.01191285772181152,23.457050652476745,60,268.8,8.892924770240091,408,-0.3351660442952179
3168,mixtura,packing_B,T10,largo,8,G4,8.274959424663196,0.5855699185285905,0.9184150706291082,False,448,418.41435141104984,7.070897183420283,-0.01191285772181152,23.457050652476745,60,268.8,8.892924770240091,409,-0.32006118451884813
3168,mixtura,packing_B,T10,largo,8,G4,8.274959424663196,0.5855699185285905,0.9184150706291082,False,448,418.41435141104984,7.070897183420283,-0.01191285772181152,23.457050652476745,60,268.8,8.892924770240091,410,-0.5202579973929133
3168,mixtura,packing_B,T10,largo,8,G4,8.274959424663196,0.5855699185285905,0.9184150706291082,False,448,418.41435141104984,7.070897183420283,-0.01191285772181152,23.457050652476745,60,268.8,8.892924770240091,411,-0.42844447310990946
3168,mixtura,packing_B,T10,largo,8,G4,8.274959424663196,0.5855699185285905,0.9184150706291082,False,448,418.41435141104984,7.070897183420283,-0.01191285772181152,23.457050652476745,60,268.8,8.892924770240091,412,-0.5078201725050812
3168,mixtura,packing_B,T10,largo,8,G4,8.274959424663196,0.5855699185285905,0.9184150706291082,False,448,418.41435141104984,7.070897183420283,-0.01191285772181152,23.457050652476745,60,268.8,8.892924770240091,413,-0.16475688684580247
3168,mixtura,packing_B,T10,largo,8,G4,8.274959424663196,0.5855699185285905,0.9184150706291082,False,448,418.41435141104984,7.070897183420283,-0.01191285772181152,23.457050652476745,60,268.8,8.892924770240091,414,-0.45911328981529326
3168,mixtura,packing_B,T10,largo,8,G4,8.274959424663196,0.5855699185285905,0.9184150706291082,False,448,418.41435141104984,7.070897183420283,-0.01191285772181152,23.457050652476745,60,268.8,8.892924770240091,415,-0.37317313858262346
3168,mixtura,packing_B,T10,largo,8,G4,8.274959424663196,0.5855699185285905,0.9184150706291082,False,448,418.41435141104984,7.070897183420283,-0.01191285772181152,23.457050652476745,60,268.8,8.892924770240091,416,-0.33250390758345794
3168,mixtura,packing_B,T10,largo,8,G4,8.274959424663196,0.5855699185285905,0.9184150706291082,False,448,418.41435141104984,7.070897183420283,-0.01191285772181152,23.457050652476745,60,268.8,8.892924770240091,417,-0.296697343112008
3168,mixtura,packing_B,T10,largo,8,G4,8.274959424663196,0.5855699185285905,0.9184150706291082,False,448,418.41435141104984,7.070897183420283,-0.01191285772181152,23.457050652476745,60,268.8,8.892924770240091,418,-0.18859839623858451
3168,mixtura,packing_B,T10,largo,8,G4,8.274959424663196,0.5855699185285905,0.9184150706291082,False,448,418.41435141104984,7.070897183420283,-0.01191285772181152,23.457050652476745,60,268.8,8.892924770240091,419,-0.2485533885480626
3168,mixtura,packing_B,T10,largo,8,G4,8.274959424663196,0.5855699185285905,0.9184150706291082,False,448,418.41435141104984,7.070897183420283,-0.01191285772181152,23.457050652476745,60,268.8,8.892924770240091,420,-0.058354641200951005
3168,mixtura,packing_B,T10,largo,8,G4,8.274959424663196,0.5855699185285905,0.9184150706291082,False,448,418.41435141104984,7.070897183420283,-0.01191285772181152,23.457050652476745,60,268.8,8.892924770240091,421,0.02459941676807295
3168,mixtura,packing_B,T10,largo,8,G4,8.274959424663196,0.5855699185285905,0.9184150706291082,False,448,418.41435141104984,7.070897183420283,-0.01191285772181152,23.457050652476745,60,268.8,8.892924770240091,422,0.23202317971562622
3168,mixtura,packing_B,T10,largo,8,G4,8.274959424663196,0.5855699185285905,0.9184150706291082,False,448,418.41435141104984,7.070897183420283,-0.01191285772181152,23.457050652476745,60,268.8,8.892924770240091,423,0.1981916900034033
3168,mixtura,packing_B,T10,largo,8,G4,8.274959424663196,0.5855699185285905,0.9184150706291082,False,448,418.41435141104984,7.070897183420283,-0.01191285772181152,23.457050652476745,60,268.8,8.892924770240091,424,0.2808978857507652
3168,mixtura,packing_B,T10,largo,8,G4,8.274959424663196,0.5855699185285905,0.9184150706291082,False,448,418.41435141104984,7.070897183420283,-0.01191285772181152,23.457050652476745,60,268.8,8.892924770240091,425,0.30433088553019383
3168,mixtura,packing_B,T10,largo,8,G4,8.274959424663196,0.5855699185285905,0.9184150706291082,False,448,418.41435141104984,7.070897183420283,-0.01191285772181152,23.457050652476745,60,268.8,8.892924770240091,426,0.36513878358027396
3168,mixtura,packing_B,T10,largo,8,G4,8.274959424663196,0.5855699185285905,0.9184150706291082,False,448,418.41435141104984,7.070897183420283,-0.01191285772181152,23.457050652476745,60,268.8,8.892924770240091,427,0.4972877302561761
3168,mixtura,packing_B,T10,largo,8,G4,8.274959424663196,0.5855699185285905,0.9184150706291082,False,448,418.41435141104984,7.070897183420283,-0.01191285772181152,23.457050652476745,60,268.8,8.892924770240091,428,0.4328545038961761
3168,mixtura,packing_B,T10,largo,8,G4,8.274959424663196,0.5855699185285905,0.9184150706291082,False,448,418.41435141104984,7.070897183420283,-0.01191285772181152,23.457050652476745,60,268.8,8.892924770240091,429,0.32966173382684716
3168,mixtura,packing_B,T10,largo,8,G4,8.274959424663196,0.5855699185285905,0.9184150706291082,False,448,418.41435141104984,7.070897183420283,-0.01191285772181152,23.457050652476745,60,268.8,8.892924770240091,430,0.4168867887174216
3168,mixtura,packing_B,T10,largo,8,G4,8.274959424663196,0.5855699185285905,0.9184150706291082,False,448,418.41435141104984,7.070897183420283,-0.01191285772181152,23.457050652476745,60,268.8,8.892924770240091,431,0.3240964580972794
3168,mixtura,packing_B,T10,largo,8,G4,8.274959424663196,0.5855699185285905,0.9184150706291082,False,448,418.41435141104984,7.070897183420283,-0.01191285772181152,23.457050652476745,60,268.8,8.892924770240091,432,0.19778373459620807
3168,mixtura,packing_B,T10,largo,8,G4,8.274959424663196,0.5855699185285905,0.9184150706291082,False,448,418.41435141104984,7.070897183420283,-0.01191285772181152,23.457050652476745,60,268.8,8.892924770240091,433,0.246608794414148
3168,mixtura,packing_B,T10,largo,8,G4,8.274959424663196,0.5855699185285905,0.9184150706291082,False,448,418.41435141104984,7.070897183420283,-0.01191285772181152,23.457050652476745,60,268.8,8.892924770240091,434,0.2188625441335031
3168,mixtura,packing_B,T10,largo,8,G4,8.274959424663196,0.5855699185285905,0.9184150706291082,False,448,418.41435141104984,7.070897183420283,-0.01191285772181152,23.457050652476745,60,268.8,8.892924770240091,435,-0.15114566000819443
3168,mixtura,packing_B,T10,largo,8,G4,8.274959424663196,0.5855699185285905,0.9184150706291082,False,448,418.41435141104984,7.070897183420283,-0.01191285772181152,23.457050652476745,60,268.8,8.892924770240091,436,-0.3359537647795341
3168,mixtura,packing_B,T10,largo,8,G4,8.274959424663196,0.5855699185285905,0.9184150706291082,False,448,418.41435141104984,7.070897183420283,-0.01191285772181152,23.457050652476745,60,268.8,8.892924770240091,437,-0.21186245124997544
3168,mixtura,packing_B,T10,largo,8,G4,8.274959424663196,0.5855699185285905,0.9184150706291082,False,448,418.41435141104984,7.070897183420283,-0.01191285772181152,23.457050652476745,60,268.8,8.892924770240091,438,-0.308980293962836
3168,mixtura,packing_B,T10,largo,8,G4,8.274959424663196,0.5855699185285905,0.9184150706291082,False,448,418.41435141104984,7.070897183420283,-0.01191285772181152,23.457050652476745,60,268.8,8.892924770240091,439,-0.14996150668006997
3168,mixtura,packing_B,T10,largo,8,G4,8.274959424663196,0.5855699185285905,0.9184150706291082,False,448,418.41435141104984,7.070897183420283,-0.01191285772181152,23.457050652476745,60,268.8,8.892924770240091,440,-0.3709474499467794
3168,mixtura,packing_B,T10,largo,8,G4,8.274959424663196,0.5855699185285905,0.9184150706291082,False,448,418.41435141104984,7.070897183420283,-0.01191285772181152,23.457050652476745,60,268.8,8.892924770240091,441,-0.4516762830866895
3168,mixtura,packing_B,T10,largo,8,G4,8.274959424663196,0.5855699185285905,0.9184150706291082,False,448,418.41435141104984,7.070897183420283,-0.01191285772181152,23.457050652476745,60,268.8,8.892924770240091,442,-0.43890467136319045
3168,mixtura,packing_B,T10,largo,8,G4,8.274959424663196,0.5855699185285905,0.9184150706291082,False,448,418.41435141104984,7.070897183420283,-0.01191285772181152,23.457050652476745,60,268.8,8.892924770240091,443,-0.6304622866498051
3168,mixtura,packing_B,T10,largo,8,G4,8.274959424663196,0.5855699185285905,0.9184150706291082,False,448,418.41435141104984,7.070897183420283,-0.01191285772181152,23.457050652476745,60,268.8,8.892924770240091,444,-0.46097606865414664
3168,mixtura,packing_B,T10,largo,8,G4,8.274959424663196,0.5855699185285905,0.9184150706291082,False,448,418.41435141104984,7.070897183420283,-0.01191285772181152,23.457050652476745,60,268.8,8.892924770240091,445,-0.5238495095443179
3168,mixtura,packing_B,T10,largo,8,G4,8.274959424663196,0.5855699185285905,0.9184150706291082,False,448,418.41435141104984,7.070897183420283,-0.01191285772181152,23.457050652476745,60,268.8,8.892924770240091,446,-0.375457117460847
3168,mixtura,packing_B,T10,largo,8,G4,8.274959424663196,0.5855699185285905,0.9184150706291082,False,448,418.41435141104984,7.070897183420283,-0.01191285772181152,23.457050652476745,60,268.8,8.892924770240091,447,-0.4642186582798041
