proceso_id,epoca,packing,tunel,tipo_tunel,iteracion,mass_group,masa_ton,ocupabilidad,caudal_factor,anomalia_duracion,duracion_min,duracion_esperada_min,delta_duracion_pct,setpoint,T0,pct_transitorio,t_trans_min,overshoot_pct,tiempo_min,temperatura
1148,mora,packing_C,T09,largo,28,G4,8.306832488988663,0.7077625549300004,0.8966564240485821,False,493,444.42558877711565,10.9297062206841,0.3632726733970252,24.088836505472077,60,295.8,9.726726266776554,0,24.155819654296902
1148,mora,packing_C,T09,largo,28,G4,8.306832488988663,0.7077625549300004,0.8966564240485821,False,493,444.42558877711565,10.9297062206841,0.3632726733970252,24.088836505472077,60,295.8,9.726726266776554,1,23.889333142166688
1148,mora,packing_C,T09,largo,28,G4,8.306832488988663,0.7077625549300004,0.8966564240485821,False,493,444.42558877711565,10.9297062206841,0.3632726733970252,24.088836505472077,60,295.8,9.726726266776554,2,23.71572331906308
1148,mora,packing_C,T09,largo,28,G4,8.306832488988663,0.7077625549300004,0.8966564240485821,False,493,444.42558877711565,10.9297062206841,0.3632726733970252,24.088836505472077,60,295.8,9.726726266776554,3,23.631763109189325
1148,mora,packing_C,T09,largo,28,G4,8.306832488988663,0.7077625549300004,0.8966564240485821,False,493,444.42558877711565,10.9297062206841,0.3632726733970252,24.088836505472077,60,295.8,9.726726266776554,4,23.192403976786142
1148,mora,packing_C,T09,largo,28,G4,8.306832488988663,0.7077625549300004,0.8966564240485821,False,493,444.42558877711565,10.9297062206841,0.3632726733970252,24.088836505472077,60,295.8,9.726726266776554,5,23.013851441242075
1148,mora,packing_C,T09,largo,28,G4,8.306832488988663,0.7077625549300004,0.8966564240485821,False,493,444.42558877711565,10.9297062206841,0.3632726733970252,24.088836505472077,60,295.8,9.726726266776554,6,22.869893645974336
1148,mora,packing_C,T09,largo,28,G4,8.306832488988663,0.7077625549300004,0.8966564240485821,False,493,444.42558877711565,10.9297062206841,0.3632726733970252,24.088836505472077,60,295.8,9.726726266776554,7,22.570149400706615
1148,mora,packing_C,T09,largo,28,G4,8.306832488988663,0.7077625549300004,0.8966564240485821,False,493,444.42558877711565,10.9297062206841,0.3632726733970252,24.088836505472077,60,295.8,9.726726266776554,8,22.32578626270684
1148,mora,packing_C,T09,largo,28,G4,8.306832488988663,0.7077625549300004,0.8966564240485821,False,493,444.42558877711565,10.9297062206841,0.3632726733970252,24.088836505472077,60,295.8,9.726726266776554,9,22.323867351054083
1148,mora,packing_C,T09,largo,28,G4,8.306832488988663,0.7077625549300004,0.8966564240485821,False,493,444.42558877711565,10.9297062206841,0.3632726733970252,24.088836505472077,60,295.8,9.726726266776554,10,21.97526010806056
1148,mora,packing_C,T09,largo,28,G4,8.306832488988663,0.7077625549300004,0.8966564240485821,False,493,444.42558877711565,10.9297062206841,0.3632726733970252,24.088836505472077,60,295.8,9.726726266776554,11,21.719204443597732
1148,mora,packing_C,T09,largo,28,G4,8.306832488988663,0.7077625549300004,0.8966564240485821,False,493,444.42558877711565,10.9297062206841,0.3632726733970252,24.088836505472077,60,295.8,9.726726266776554,12,21.523942100069185
1148,mora,packing_C,T09,largo,28,G4,8.306832488988663,0.7077625549300004,0.8966564240485821,False,493,444.42558877711565,10.9297062206841,0.3632726733970252,24.088836505472077,60,295.8,9.726726266776554,13,21.400946601178916
1148,mora,packing_C,T09,largo,28,G4,8.306832488988663,0.7077625549300004,0.8966564240485821,False,493,444.42558877711565,10.9297062206841,0.3632726733970252,24.088836505472077,60,295.8,9.726726266776554,14,20.997446878227827
1148,mora,packing_C,T09,largo,28,G4,8.306832488988663,0.7077625549300004,0.8966564240485821,False,493,444.42558877711565,10.9297062206841,0.3632726733970252,24.088836505472077,60,295.8,9.726726266776554,15,20.746582136124204
1148,mora,packing_C,T09,largo,28,G4,8.306832488988663,0.7077625549300004,0.8966564240485821,False,493,444.42558877711565,10.9297062206841,0.3632726733970252,24.088836505472077,60,295.8,9.726726266776554,16,20.350581093779454
1148,mora,packing_C,T09,largo,28,G4,8.306832488988663,0.7077625549300004,0.8966564240485821,False,493,444.42558877711565,10.9297062206841,0.3632726733970252,24.088836505472077,60,295.8,9.726726266776554,17,20.301518015976246
1148,mora,packing_C,T09,largo,28,G4,8.306832488988663,0.7077625549300004,0.8966564240485821,False,493,444.42558877711565,10.9297062206841,0.3632726733970252,24.088836505472077,60,295.8,9.726726266776554,18,19.966630171793792
1148,mora,packing_C,T09,largo,28,G4,8.306832488988663,0.7077625549300004,0.8966564240485821,False,493,444.42558877711565,10.9297062206841,0.3632726733970252,24.088836505472077,60,295.8,9.726726266776554,19,19.722616196277123
1148,mora,packing_C,T09,largo,28,G4,8.306832488988663,0.7077625549300004,0.8966564240485821,False,493,444.42558877711565,10.9297062206841,0.3632726733970252,24.088836505472077,60,295.8,9.726726266776554,20,19.34174667671884
1148,mora,packing_C,T09,largo,28,G4,8.306832488988663,0.7077625549300004,0.8966564240485821,False,493,444.42558877711565,10.9297062206841,0.3632726733970252,24.088836505472077,60,295.8,9.726726266776554,21,19.28755688610924
1148,mora,packing_C,T09,largo,28,G4,8.306832488988663,0.7077625549300004,0.8966564240485821,False,493,444.42558877711565,10.9297062206841,0.3632726733970252,24.088836505472077,60,295.8,9.726726266776554,22,19.04585566008995
1148,mora,packing_C,T09,largo,28,G4,8.306832488988663,0.7077625549300004,0.8966564240485821,False,493,444.42558877711565,10.9297062206841,0.3632726733970252,24.088836505472077,60,295.8,9.726726266776554,23,18.632726375730588
1148,mora,packing_C,T09,largo,28,G4,8.306832488988663,0.7077625549300004,0.8966564240485821,False,493,444.42558877711565,10.9297062206841,0.3632726733970252,24.088836505472077,60,295.8,9.726726266776554,24,18.471126582518522
1148,mora,packing_C,T09,largo,28,G4,8.306832488988663,0.7077625549300004,0.8966564240485821,False,493,444.42558877711565,10.9297062206841,0.3632726733970252,24.088836505472077,60,295.8,9.726726266776554,25,18.190511582240664
1148,mora,packing_C,T09,largo,28,G4,8.306832488988663,0.7077625549300004,0.8966564240485821,False,493,444.42558877711565,10.9297062206841,0.3632726733970252,24.088836505472077,60,295.8,9.726726266776554,26,17.975594155359897
1148,mora,packing_C,T09,largo,28,G4,8.306832488988663,0.7077625549300004,0.8966564240485821,False,493,444.42558877711565,10.9297062206841,0.3632726733970252,24.088836505472077,60,295.8,9.726726266776554,27,17.583961565495713
1148,mora,packing_C,T09,largo,28,G4,8.306832488988663,0.7077625549300004,0.8966564240485821,False,493,444.42558877711565,10.9297062206841,0.3632726733970252,24.088836505472077,60,295.8,9.726726266776554,28,17.23954219897722
1148,mora,packing_C,T09,largo,28,G4,8.306832488988663,0.7077625549300004,0.8966564240485821,False,493,444.42558877711565,10.9297062206841,0.3632726733970252,24.088836505472077,60,295.8,9.726726266776554,29,17.176315097644846
1148,mora,packing_C,T09,largo,28,G4,8.306832488988663,0.7077625549300004,0.8966564240485821,False,493,444.42558877711565,10.9297062206841,0.3632726733970252,24.088836505472077,60,295.8,9.726726266776554,30,16.760628917085924
1148,mora,packing_C,T09,largo,28,G4,8.306832488988663,0.7077625549300004,0.8966564240485821,False,493,444.42558877711565,10.9297062206841,0.3632726733970252,24.088836505472077,60,295.8,9.726726266776554,31,16.398433006899445
1148,mora,packing_C,T09,largo,28,G4,8.306832488988663,0.7077625549300004,0.8966564240485821,False,493,444.42558877711565,10.9297062206841,0.3632726733970252,24.088836505472077,60,295.8,9.726726266776554,32,16.13429226154084
1148,mora,packing_C,T09,largo,28,G4,8.306832488988663,0.7077625549300004,0.8966564240485821,False,493,444.42558877711565,10.9297062206841,0.3632726733970252,24.088836505472077,60,295.8,9.726726266776554,33,15.91565865904392
1148,mora,packing_C,T09,largo,28,G4,8.306832488988663,0.7077625549300004,0.8966564240485821,False,493,444.42558877711565,10.9297062206841,0.3632726733970252,24.088836505472077,60,295.8,9.726726266776554,34,15.69203964187776
1148,mora,packing_C,T09,largo,28,G4,8.306832488988663,0.7077625549300004,0.8966564240485821,False,493,444.42558877711565,10.9297062206841,0.3632726733970252,24.088836505472077,60,295.8,9.726726266776554,35,15.465922701582002
1148,mora,packing_C,T09,largo,28,G4,8.306832488988663,0.7077625549300004,0.8966564240485821,False,493,444.42558877711565,10.9297062206841,0.3632726733970252,24.088836505472077,60,295.8,9.726726266776554,36,15.117020737852162
1148,mora,packing_C,T09,largo,28,G4,8.306832488988663,0.7077625549300004,0.8966564240485821,False,493,444.42558877711565,10.9297062206841,0.3632726733970252,24.088836505472077,60,295.8,9.726726266776554,37,14.7681178203171
1148,mora,packing_C,T09,largo,28,G4,8.306832488988663,0.7077625549300004,0.8966564240485821,False,493,444.42558877711565,10.9297062206841,0.3632726733970252,24.088836505472077,60,295.8,9.726726266776554,38,14.734035580681894
1148,mora,packing_C,T09,largo,28,G4,8.306832488988663,0.7077625549300004,0.8966564240485821,False,493,444.42558877711565,10.9297062206841,0.3632726733970252,24.088836505472077,60,295.8,9.726726266776554,39,14.384486007645808
1148,mora,packing_C,T09,largo,28,G4,8.306832488988663,0.7077625549300004,0.8966564240485821,False,493,444.42558877711565,10.9297062206841,0.3632726733970252,24.088836505472077,60,295.8,9.726726266776554,40,13.917551713104025
1148,mora,packing_C,T09,largo,28,G4,8.306832488988663,0.7077625549300004,0.8966564240485821,False,493,444.42558877711565,10.9297062206841,0.3632726733970252,24.088836505472077,60,295.8,9.726726266776554,41,13.546459460797625
1148,mora,packing_C,T09,largo,28,G4,8.306832488988663,0.7077625549300004,0.8966564240485821,False,493,444.42558877711565,10.9297062206841,0.3632726733970252,24.088836505472077,60,295.8,9.726726266776554,42,13.383601722592278
1148,mora,packing_C,T09,largo,28,G4,8.306832488988663,0.7077625549300004,0.8966564240485821,False,493,444.42558877711565,10.9297062206841,0.3632726733970252,24.088836505472077,60,295.8,9.726726266776554,43,13.37399755462771
1148,mora,packing_C,T09,largo,28,G4,8.306832488988663,0.7077625549300004,0.8966564240485821,False,493,444.42558877711565,10.9297062206841,0.3632726733970252,24.088836505472077,60,295.8,9.726726266776554,44,13.101983489377686
1148,mora,packing_C,T09,largo,28,G4,8.306832488988663,0.7077625549300004,0.8966564240485821,False,493,444.42558877711565,10.9297062206841,0.3632726733970252,24.088836505472077,60,295.8,9.726726266776554,45,12.818575623527536
1148,mora,packing_C,T09,largo,28,G4,8.306832488988663,0.7077625549300004,0.8966564240485821,False,493,444.42558877711565,10.9297062206841,0.3632726733970252,24.088836505472077,60,295.8,9.726726266776554,46,12.65767112496092
1148,mora,packing_C,T09,largo,28,G4,8.306832488988663,0.7077625549300004,0.8966564240485821,False,493,444.42558877711565,10.9297062206841,0.3632726733970252,24.088836505472077,60,295.8,9.726726266776554,47,12.195137858422674
1148,mora,packing_C,T09,largo,28,G4,8.306832488988663,0.7077625549300004,0.8966564240485821,False,493,444.42558877711565,10.9297062206841,0.3632726733970252,24.088836505472077,60,295.8,9.726726266776554,48,11.759550495483378
1148,mora,packing_C,T09,largo,28,G4,8.306832488988663,0.7077625549300004,0.8966564240485821,False,493,444.42558877711565,10.9297062206841,0.3632726733970252,24.088836505472077,60,295.8,9.726726266776554,49,11.61185024128193
1148,mora,packing_C,T09,largo,28,G4,8.306832488988663,0.7077625549300004,0.8966564240485821,False,493,444.42558877711565,10.9297062206841,0.3632726733970252,24.088836505472077,60,295.8,9.726726266776554,50,11.524733167079043
1148,mora,packing_C,T09,largo,28,G4,8.306832488988663,0.7077625549300004,0.8966564240485821,False,493,444.42558877711565,10.9297062206841,0.3632726733970252,24.088836505472077,60,295.8,9.726726266776554,51,10.919822461132123
1148,mora,packing_C,T09,largo,28,G4,8.306832488988663,0.7077625549300004,0.8966564240485821,False,493,444.42558877711565,10.9297062206841,0.3632726733970252,24.088836505472077,60,295.8,9.726726266776554,52,10.610083736590045
1148,mora,packing_C,T09,largo,28,G4,8.306832488988663,0.7077625549300004,0.8966564240485821,False,493,444.42558877711565,10.9297062206841,0.3632726733970252,24.088836505472077,60,295.8,9.726726266776554,53,10.483019335596422
1148,mora,packing_C,T09,largo,28,G4,8.306832488988663,0.7077625549300004,0.8966564240485821,False,493,444.42558877711565,10.9297062206841,0.3632726733970252,24.088836505472077,60,295.8,9.726726266776554,54,10.206383010834669
1148,mora,packing_C,T09,largo,28,G4,8.306832488988663,0.7077625549300004,0.8966564240485821,False,493,444.42558877711565,10.9297062206841,0.3632726733970252,24.088836505472077,60,295.8,9.726726266776554,55,9.811002550131372
1148,mora,packing_C,T09,largo,28,G4,8.306832488988663,0.7077625549300004,0.8966564240485821,False,493,444.42558877711565,10.9297062206841,0.3632726733970252,24.088836505472077,60,295.8,9.726726266776554,56,9.75081898422628
1148,mora,packing_C,T09,largo,28,G4,8.306832488988663,0.7077625549300004,0.8966564240485821,False,493,444.42558877711565,10.9297062206841,0.3632726733970252,24.088836505472077,60,295.8,9.726726266776554,57,9.248166919044712
1148,mora,packing_C,T09,largo,28,G4,8.306832488988663,0.7077625549300004,0.8966564240485821,False,493,444.42558877711565,10.9297062206841,0.3632726733970252,24.088836505472077,60,295.8,9.726726266776554,58,9.12688250034149
1148,mora,packing_C,T09,largo,28,G4,8.306832488988663,0.7077625549300004,0.8966564240485821,False,493,444.42558877711565,10.9297062206841,0.3632726733970252,24.088836505472077,60,295.8,9.726726266776554,59,9.110071848739684
1148,mora,packing_C,T09,largo,28,G4,8.306832488988663,0.7077625549300004,0.8966564240485821,False,493,444.42558877711565,10.9297062206841,0.3632726733970252,24.088836505472077,60,295.8,9.726726266776554,60,8.583091023915696
1148,mora,packing_C,T09,largo,28,G4,8.306832488988663,0.7077625549300004,0.8966564240485821,False,493,444.42558877711565,10.9297062206841,0.3632726733970252,24.088836505472077,60,295.8,9.726726266776554,61,8.417300682710954
1148,mora,packing_C,T09,largo,28,G4,8.306832488988663,0.7077625549300004,0.8966564240485821,False,493,444.42558877711565,10.9297062206841,0.3632726733970252,24.088836505472077,60,295.8,9.726726266776554,62,8.087799408029463
1148,mora,packing_C,T09,largo,28,G4,8.306832488988663,0.7077625549300004,0.8966564240485821,False,493,444.42558877711565,10.9297062206841,0.3632726733970252,24.088836505472077,60,295.8,9.726726266776554,63,7.786349323567897
1148,mora,packing_C,T09,largo,28,G4,8.306832488988663,0.7077625549300004,0.8966564240485821,False,493,444.42558877711565,10.9297062206841,0.3632726733970252,24.088836505472077,60,295.8,9.726726266776554,64,7.56067015956614
1148,mora,packing_C,T09,largo,28,G4,8.306832488988663,0.7077625549300004,0.8966564240485821,False,493,444.42558877711565,10.9297062206841,0.3632726733970252,24.088836505472077,60,295.8,9.726726266776554,65,7.284494079985037
1148,mora,packing_C,T09,largo,28,G4,8.306832488988663,0.7077625549300004,0.8966564240485821,False,493,444.42558877711565,10.9297062206841,0.3632726733970252,24.088836505472077,60,295.8,9.726726266776554,66,7.1085338438116965
1148,mora,packing_C,T09,largo,28,G4,8.306832488988663,0.7077625549300004,0.8966564240485821,False,493,444.42558877711565,10.9297062206841,0.3632726733970252,24.088836505472077,60,295.8,9.726726266776554,67,6.624433675967704
1148,mora,packing_C,T09,largo,28,G4,8.306832488988663,0.7077625549300004,0.8966564240485821,False,493,444.42558877711565,10.9297062206841,0.3632726733970252,24.088836505472077,60,295.8,9.726726266776554,68,6.552051231624278
1148,mora,packing_C,T09,largo,28,G4,8.306832488988663,0.7077625549300004,0.8966564240485821,False,493,444.42558877711565,10.9297062206841,0.3632726733970252,24.088836505472077,60,295.8,9.726726266776554,69,6.374335158312283
1148,mora,packing_C,T09,largo,28,G4,8.306832488988663,0.7077625549300004,0.8966564240485821,False,493,444.42558877711565,10.9297062206841,0.3632726733970252,24.088836505472077,60,295.8,9.726726266776554,70,5.914120185926511
1148,mora,packing_C,T09,largo,28,G4,8.306832488988663,0.7077625549300004,0.8966564240485821,False,493,444.42558877711565,10.9297062206841,0.3632726733970252,24.088836505472077,60,295.8,9.726726266776554,71,5.707983985916739
1148,mora,packing_C,T09,largo,28,G4,8.306832488988663,0.7077625549300004,0.8966564240485821,False,493,444.42558877711565,10.9297062206841,0.3632726733970252,24.088836505472077,60,295.8,9.726726266776554,72,5.621748890334415
1148,mora,packing_C,T09,largo,28,G4,8.306832488988663,0.7077625549300004,0.8966564240485821,False,493,444.42558877711565,10.9297062206841,0.3632726733970252,24.088836505472077,60,295.8,9.726726266776554,73,5.068770333952818
1148,mora,packing_C,T09,largo,28,G4,8.306832488988663,0.7077625549300004,0.8966564240485821,False,493,444.42558877711565,10.9297062206841,0.3632726733970252,24.088836505472077,60,295.8,9.726726266776554,74,5.188456709894781
1148,mora,packing_C,T09,largo,28,G4,8.306832488988663,0.7077625549300004,0.8966564240485821,False,493,444.42558877711565,10.9297062206841,0.3632726733970252,24.088836505472077,60,295.8,9.726726266776554,75,4.845837573401784
1148,mora,packing_C,T09,largo,28,G4,8.306832488988663,0.7077625549300004,0.8966564240485821,False,493,444.42558877711565,10.9297062206841,0.3632726733970252,24.088836505472077,60,295.8,9.726726266776554,76,4.5701556836084425
1148,mora,packing_C,T09,largo,28,G4,8.306832488988663,0.7077625549300004,0.8966564240485821,False,493,444.42558877711565,10.9297062206841,0.3632726733970252,24.088836505472077,60,295.8,9.726726266776554,77,4.229503852794255
1148,mora,packing_C,T09,largo,28,G4,8.306832488988663,0.7077625549300004,0.8966564240485821,False,493,444.42558877711565,10.9297062206841,0.3632726733970252,24.088836505472077,60,295.8,9.726726266776554,78,4.008548851614401
1148,mora,packing_C,T09,largo,28,G4,8.306832488988663,0.7077625549300004,0.8966564240485821,False,493,444.42558877711565,10.9297062206841,0.3632726733970252,24.088836505472077,60,295.8,9.726726266776554,79,3.816590288960969
1148,mora,packing_C,T09,largo,28,G4,8.306832488988663,0.7077625549300004,0.8966564240485821,False,493,444.42558877711565,10.9297062206841,0.3632726733970252,24.088836505472077,60,295.8,9.726726266776554,80,3.628773994473517
1148,mora,packing_C,T09,largo,28,G4,8.306832488988663,0.7077625549300004,0.8966564240485821,False,493,444.42558877711565,10.9297062206841,0.3632726733970252,24.088836505472077,60,295.8,9.726726266776554,81,3.4903214903284683
1148,mora,packing_C,T09,largo,28,G4,8.306832488988663,0.7077625549300004,0.8966564240485821,False,493,444.42558877711565,10.9297062206841,0.3632726733970252,24.088836505472077,60,295.8,9.726726266776554,82,3.2751850724482185
1148,mora,packing_C,T09,largo,28,G4,8.306832488988663,0.7077625549300004,0.8966564240485821,False,493,444.42558877711565,10.9297062206841,0.3632726733970252,24.088836505472077,60,295.8,9.726726266776554,83,2.8950350215027414
1148,mora,packing_C,T09,largo,28,G4,8.306832488988663,0.7077625549300004,0.8966564240485821,False,493,444.42558877711565,10.9297062206841,0.3632726733970252,24.088836505472077,60,295.8,9.726726266776554,84,2.687799477275547
1148,mora,packing_C,T09,largo,28,G4,8.306832488988663,0.7077625549300004,0.8966564240485821,False,493,444.42558877711565,10.9297062206841,0.3632726733970252,24.088836505472077,60,295.8,9.726726266776554,85,2.402402851030436
1148,mora,packing_C,T09,largo,28,G4,8.306832488988663,0.7077625549300004,0.8966564240485821,False,493,444.42558877711565,10.9297062206841,0.3632726733970252,24.088836505472077,60,295.8,9.726726266776554,86,2.1033171713561214
1148,mora,packing_C,T09,largo,28,G4,8.306832488988663,0.7077625549300004,0.8966564240485821,False,493,444.42558877711565,10.9297062206841,0.3632726733970252,24.088836505472077,60,295.8,9.726726266776554,87,1.9404733615292034
1148,mora,packing_C,T09,largo,28,G4,8.306832488988663,0.7077625549300004,0.8966564240485821,False,493,444.42558877711565,10.9297062206841,0.3632726733970252,24.088836505472077,60,295.8,9.726726266776554,88,1.630779229979895
1148,mora,packing_C,T09,largo,28,G4,8.306832488988663,0.7077625549300004,0.8966564240485821,False,493,444.42558877711565,10.9297062206841,0.3632726733970252,24.088836505472077,60,295.8,9.726726266776554,89,1.6224954292355702
1148,mora,packing_C,T09,largo,28,G4,8.306832488988663,0.7077625549300004,0.8966564240485821,False,493,444.42558877711565,10.9297062206841,0.3632726733970252,24.088836505472077,60,295.8,9.726726266776554,90,1.3252570901677734
1148,mora,packing_C,T09,largo,28,G4,8.306832488988663,0.7077625549300004,0.8966564240485821,False,493,444.42558877711565,10.9297062206841,0.3632726733970252,24.088836505472077,60,295.8,9.726726266776554,91,1.226842898369485
1148,mora,packing_C,T09,largo,28,G4,8.306832488988663,0.7077625549300004,0.8966564240485821,False,493,444.42558877711565,10.9297062206841,0.3632726733970252,24.088836505472077,60,295.8,9.726726266776554,92,1.1137252307790673
1148,mora,packing_C,T09,largo,28,G4,8.306832488988663,0.7077625549300004,0.8966564240485821,False,493,444.42558877711565,10.9297062206841,0.3632726733970252,24.088836505472077,60,295.8,9.726726266776554,93,0.703884871601929
1148,mora,packing_C,T09,largo,28,G4,8.306832488988663,0.7077625549300004,0.8966564240485821,False,493,444.42558877711565,10.9297062206841,0.3632726733970252,24.088836505472077,60,295.8,9.726726266776554,94,0.42296523437001726
1148,mora,packing_C,T09,largo,28,G4,8.306832488988663,0.7077625549300004,0.8966564240485821,False,493,444.42558877711565,10.9297062206841,0.3632726733970252,24.088836505472077,60,295.8,9.726726266776554,95,0.5462208212396291
1148,mora,packing_C,T09,largo,28,G4,8.306832488988663,0.7077625549300004,0.8966564240485821,False,493,444.42558877711565,10.9297062206841,0.3632726733970252,24.088836505472077,60,295.8,9.726726266776554,96,0.050365834208687454
1148,mora,packing_C,T09,largo,28,G4,8.306832488988663,0.7077625549300004,0.8966564240485821,False,493,444.42558877711565,10.9297062206841,0.3632726733970252,24.088836505472077,60,295.8,9.726726266776554,97,0.03041382838825059
1148,mora,packing_C,T09,largo,28,G4,8.306832488988663,0.7077625549300004,0.8966564240485821,False,493,444.42558877711565,10.9297062206841,0.3632726733970252,24.088836505472077,60,295.8,9.726726266776554,98,-0.32825048920503624
1148,mora,packing_C,T09,largo,28,G4,8.306832488988663,0.7077625549300004,0.8966564240485821,False,493,444.42558877711565,10.9297062206841,0.3632726733970252,24.088836505472077,60,295.8,9.726726266776554,99,-0.35368540524228503
1148,mora,packing_C,T09,largo,28,G4,8.306832488988663,0.7077625549300004,0.8966564240485821,False,493,444.42558877711565,10.9297062206841,0.3632726733970252,24.088836505472077,60,295.8,9.726726266776554,100,-0.5178033174831542
1148,mora,packing_C,T09,largo,28,G4,8.306832488988663,0.7077625549300004,0.8966564240485821,False,493,444.42558877711565,10.9297062206841,0.3632726733970252,24.088836505472077,60,295.8,9.726726266776554,101,-0.7678340225137096
1148,mora,packing_C,T09,largo,28,G4,8.306832488988663,0.7077625549300004,0.8966564240485821,False,493,444.42558877711565,10.9297062206841,0.3632726733970252,24.088836505472077,60,295.8,9.726726266776554,102,-0.8100897422288788
1148,mora,packing_C,T09,largo,28,G4,8.306832488988663,0.7077625549300004,0.8966564240485821,False,493,444.42558877711565,10.9297062206841,0.3632726733970252,24.088836505472077,60,295.8,9.726726266776554,103,-1.090766302538239
1148,mora,packing_C,T09,largo,28,G4,8.306832488988663,0.7077625549300004,0.8966564240485821,False,493,444.42558877711565,10.9297062206841,0.3632726733970252,24.088836505472077,60,295.8,9.726726266776554,104,-1.4339923369257677
1148,mora,packing_C,T09,largo,28,G4,8.306832488988663,0.7077625549300004,0.8966564240485821,False,493,444.42558877711565,10.9297062206841,0.3632726733970252,24.088836505472077,60,295.8,9.726726266776554,105,-1.2711575860964612
1148,mora,packing_C,T09,largo,28,G4,8.306832488988663,0.7077625549300004,0.8966564240485821,False,493,444.42558877711565,10.9297062206841,0.3632726733970252,24.088836505472077,60,295.8,9.726726266776554,106,-1.643935483180943
1148,mora,packing_C,T09,largo,28,G4,8.306832488988663,0.7077625549300004,0.8966564240485821,False,493,444.42558877711565,10.9297062206841,0.3632726733970252,24.088836505472077,60,295.8,9.726726266776554,107,-1.8158157367921404
1148,mora,packing_C,T09,largo,28,G4,8.306832488988663,0.7077625549300004,0.8966564240485821,False,493,444.42558877711565,10.9297062206841,0.3632726733970252,24.088836505472077,60,295.8,9.726726266776554,108,-1.988075909585404
1148,mora,packing_C,T09,largo,28,G4,8.306832488988663,0.7077625549300004,0.8966564240485821,False,493,444.42558877711565,10.9297062206841,0.3632726733970252,24.088836505472077,60,295.8,9.726726266776554,109,-1.9214481327085
1148,mora,packing_C,T09,largo,28,G4,8.306832488988663,0.7077625549300004,0.8966564240485821,False,493,444.42558877711565,10.9297062206841,0.3632726733970252,24.088836505472077,60,295.8,9.726726266776554,110,-2.302887628056286
1148,mora,packing_C,T09,largo,28,G4,8.306832488988663,0.7077625549300004,0.8966564240485821,False,493,444.42558877711565,10.9297062206841,0.3632726733970252,24.088836505472077,60,295.8,9.726726266776554,111,-2.3284297310995195
1148,mora,packing_C,T09,largo,28,G4,8.306832488988663,0.7077625549300004,0.8966564240485821,False,493,444.42558877711565,10.9297062206841,0.3632726733970252,24.088836505472077,60,295.8,9.726726266776554,112,-2.476291809743397
1148,mora,packing_C,T09,largo,28,G4,8.306832488988663,0.7077625549300004,0.8966564240485821,False,493,444.42558877711565,10.9297062206841,0.3632726733970252,24.088836505472077,60,295.8,9.726726266776554,113,-2.48830138693379
1148,mora,packing_C,T09,largo,28,G4,8.306832488988663,0.7077625549300004,0.8966564240485821,False,493,444.42558877711565,10.9297062206841,0.3632726733970252,24.088836505472077,60,295.8,9.726726266776554,114,-2.7654021673748663
1148,mora,packing_C,T09,largo,28,G4,8.306832488988663,0.7077625549300004,0.8966564240485821,False,493,444.42558877711565,10.9297062206841,0.3632726733970252,24.088836505472077,60,295.8,9.726726266776554,115,-2.9088760807565697
1148,mora,packing_C,T09,largo,28,G4,8.306832488988663,0.7077625549300004,0.8966564240485821,False,493,444.42558877711565,10.9297062206841,0.3632726733970252,24.088836505472077,60,295.8,9.726726266776554,116,-3.0186940612874387
1148,mora,packing_C,T09,largo,28,G4,8.306832488988663,0.7077625549300004,0.8966564240485821,False,493,444.42558877711565,10.9297062206841,0.3632726733970252,24.088836505472077,60,295.8,9.726726266776554,117,-3.1448449237556417
1148,mora,packing_C,T09,largo,28,G4,8.306832488988663,0.7077625549300004,0.8966564240485821,False,493,444.42558877711565,10.9297062206841,0.3632726733970252,24.088836505472077,60,295.8,9.726726266776554,118,-3.489443090328354
1148,mora,packing_C,T09,largo,28,G4,8.306832488988663,0.7077625549300004,0.8966564240485821,False,493,444.42558877711565,10.9297062206841,0.3632726733970252,24.088836505472077,60,295.8,9.726726266776554,119,-3.4636856797503612
1148,mora,packing_C,T09,largo,28,G4,8.306832488988663,0.7077625549300004,0.8966564240485821,False,493,444.42558877711565,10.9297062206841,0.3632726733970252,24.088836505472077,60,295.8,9.726726266776554,120,-3.416126508203501
1148,mora,packing_C,T09,largo,28,G4,8.306832488988663,0.7077625549300004,0.8966564240485821,False,493,444.42558877711565,10.9297062206841,0.3632726733970252,24.088836505472077,60,295.8,9.726726266776554,121,-3.752672834007539
1148,mora,packing_C,T09,largo,28,G4,8.306832488988663,0.7077625549300004,0.8966564240485821,False,493,444.42558877711565,10.9297062206841,0.3632726733970252,24.088836505472077,60,295.8,9.726726266776554,122,-4.076635035811926
1148,mora,packing_C,T09,largo,28,G4,8.306832488988663,0.7077625549300004,0.8966564240485821,False,493,444.42558877711565,10.9297062206841,0.3632726733970252,24.088836505472077,60,295.8,9.726726266776554,123,-3.930999489942745
1148,mora,packing_C,T09,largo,28,G4,8.306832488988663,0.7077625549300004,0.8966564240485821,False,493,444.42558877711565,10.9297062206841,0.3632726733970252,24.088836505472077,60,295.8,9.726726266776554,124,-4.071955340072585
1148,mora,packing_C,T09,largo,28,G4,8.306832488988663,0.7077625549300004,0.8966564240485821,False,493,444.42558877711565,10.9297062206841,0.3632726733970252,24.088836505472077,60,295.8,9.726726266776554,125,-4.232494265573041
1148,mora,packing_C,T09,largo,28,G4,8.306832488988663,0.7077625549300004,0.8966564240485821,False,493,444.42558877711565,10.9297062206841,0.3632726733970252,24.088836505472077,60,295.8,9.726726266776554,126,-4.489612173390065
1148,mora,packing_C,T09,largo,28,G4,8.306832488988663,0.7077625549300004,0.8966564240485821,False,493,444.42558877711565,10.9297062206841,0.3632726733970252,24.088836505472077,60,295.8,9.726726266776554,127,-4.414786090408058
1148,mora,packing_C,T09,largo,28,G4,8.306832488988663,0.7077625549300004,0.8966564240485821,False,493,444.42558877711565,10.9297062206841,0.3632726733970252,24.088836505472077,60,295.8,9.726726266776554,128,-4.68284253131608
1148,mora,packing_C,T09,largo,28,G4,8.306832488988663,0.7077625549300004,0.8966564240485821,False,493,444.42558877711565,10.9297062206841,0.3632726733970252,24.088836505472077,60,295.8,9.726726266776554,129,-4.504008403637448
1148,mora,packing_C,T09,largo,28,G4,8.306832488988663,0.7077625549300004,0.8966564240485821,False,493,444.42558877711565,10.9297062206841,0.3632726733970252,24.088836505472077,60,295.8,9.726726266776554,130,-4.798399077996794
1148,mora,packing_C,T09,largo,28,G4,8.306832488988663,0.7077625549300004,0.8966564240485821,False,493,444.42558877711565,10.9297062206841,0.3632726733970252,24.088836505472077,60,295.8,9.726726266776554,131,-4.928034254001117
1148,mora,packing_C,T09,largo,28,G4,8.306832488988663,0.7077625549300004,0.8966564240485821,False,493,444.42558877711565,10.9297062206841,0.3632726733970252,24.088836505472077,60,295.8,9.726726266776554,132,-4.723702767148482
1148,mora,packing_C,T09,largo,28,G4,8.306832488988663,0.7077625549300004,0.8966564240485821,False,493,444.42558877711565,10.9297062206841,0.3632726733970252,24.088836505472077,60,295.8,9.726726266776554,133,-4.902398248991124
1148,mora,packing_C,T09,largo,28,G4,8.306832488988663,0.7077625549300004,0.8966564240485821,False,493,444.42558877711565,10.9297062206841,0.3632726733970252,24.088836505472077,60,295.8,9.726726266776554,134,-5.083566717860322
1148,mora,packing_C,T09,largo,28,G4,8.306832488988663,0.7077625549300004,0.8966564240485821,False,493,444.42558877711565,10.9297062206841,0.3632726733970252,24.088836505472077,60,295.8,9.726726266776554,135,-5.14433443363458
1148,mora,packing_C,T09,largo,28,G4,8.306832488988663,0.7077625549300004,0.8966564240485821,False,493,444.42558877711565,10.9297062206841,0.3632726733970252,24.088836505472077,60,295.8,9.726726266776554,136,-5.330641696591199
1148,mora,packing_C,T09,largo,28,G4,8.306832488988663,0.7077625549300004,0.8966564240485821,False,493,444.42558877711565,10.9297062206841,0.3632726733970252,24.088836505472077,60,295.8,9.726726266776554,137,-5.340248433383702
1148,mora,packing_C,T09,largo,28,G4,8.306832488988663,0.7077625549300004,0.8966564240485821,False,493,444.42558877711565,10.9297062206841,0.3632726733970252,24.088836505472077,60,295.8,9.726726266776554,138,-5.289170195402716
1148,mora,packing_C,T09,largo,28,G4,8.306832488988663,0.7077625549300004,0.8966564240485821,False,493,444.42558877711565,10.9297062206841,0.3632726733970252,24.088836505472077,60,295.8,9.726726266776554,139,-5.6554505081791
1148,mora,packing_C,T09,largo,28,G4,8.306832488988663,0.7077625549300004,0.8966564240485821,False,493,444.42558877711565,10.9297062206841,0.3632726733970252,24.088836505472077,60,295.8,9.726726266776554,140,-5.6394896252207225
1148,mora,packing_C,T09,largo,28,G4,8.306832488988663,0.7077625549300004,0.8966564240485821,False,493,444.42558877711565,10.9297062206841,0.3632726733970252,24.088836505472077,60,295.8,9.726726266776554,141,-5.7440206696177185
1148,mora,packing_C,T09,largo,28,G4,8.306832488988663,0.7077625549300004,0.8966564240485821,False,493,444.42558877711565,10.9297062206841,0.3632726733970252,24.088836505472077,60,295.8,9.726726266776554,142,-5.746874227898811
1148,mora,packing_C,T09,largo,28,G4,8.306832488988663,0.7077625549300004,0.8966564240485821,False,493,444.42558877711565,10.9297062206841,0.3632726733970252,24.088836505472077,60,295.8,9.726726266776554,143,-5.836277808629752
1148,mora,packing_C,T09,largo,28,G4,8.306832488988663,0.7077625549300004,0.8966564240485821,False,493,444.42558877711565,10.9297062206841,0.3632726733970252,24.088836505472077,60,295.8,9.726726266776554,144,-5.841034514310439
1148,mora,packing_C,T09,largo,28,G4,8.306832488988663,0.7077625549300004,0.8966564240485821,False,493,444.42558877711565,10.9297062206841,0.3632726733970252,24.088836505472077,60,295.8,9.726726266776554,145,-6.070056762177141
1148,mora,packing_C,T09,largo,28,G4,8.306832488988663,0.7077625549300004,0.8966564240485821,False,493,444.42558877711565,10.9297062206841,0.3632726733970252,24.088836505472077,60,295.8,9.726726266776554,146,-5.9499198939219085
1148,mora,packing_C,T09,largo,28,G4,8.306832488988663,0.7077625549300004,0.8966564240485821,False,493,444.42558877711565,10.9297062206841,0.3632726733970252,24.088836505472077,60,295.8,9.726726266776554,147,-5.9676294820391
1148,mora,packing_C,T09,largo,28,G4,8.306832488988663,0.7077625549300004,0.8966564240485821,False,493,444.42558877711565,10.9297062206841,0.3632726733970252,24.088836505472077,60,295.8,9.726726266776554,148,-5.885092508876534
1148,mora,packing_C,T09,largo,28,G4,8.306832488988663,0.7077625549300004,0.8966564240485821,False,493,444.42558877711565,10.9297062206841,0.3632726733970252,24.088836505472077,60,295.8,9.726726266776554,149,-6.209165017590631
1148,mora,packing_C,T09,largo,28,G4,8.306832488988663,0.7077625549300004,0.8966564240485821,False,493,444.42558877711565,10.9297062206841,0.3632726733970252,24.088836505472077,60,295.8,9.726726266776554,150,-6.153695901274083
1148,mora,packing_C,T09,largo,28,G4,8.306832488988663,0.7077625549300004,0.8966564240485821,False,493,444.42558877711565,10.9297062206841,0.3632726733970252,24.088836505472077,60,295.8,9.726726266776554,151,-5.956493024256287
1148,mora,packing_C,T09,largo,28,G4,8.306832488988663,0.7077625549300004,0.8966564240485821,False,493,444.42558877711565,10.9297062206841,0.3632726733970252,24.088836505472077,60,295.8,9.726726266776554,152,-6.14253742602583
1148,mora,packing_C,T09,largo,28,G4,8.306832488988663,0.7077625549300004,0.8966564240485821,False,493,444.42558877711565,10.9297062206841,0.3632726733970252,24.088836505472077,60,295.8,9.726726266776554,153,-6.14684542946786
1148,mora,packing_C,T09,largo,28,G4,8.306832488988663,0.7077625549300004,0.8966564240485821,False,493,444.42558877711565,10.9297062206841,0.3632726733970252,24.088836505472077,60,295.8,9.726726266776554,154,-6.254688676070864
1148,mora,packing_C,T09,largo,28,G4,8.306832488988663,0.7077625549300004,0.8966564240485821,False,493,444.42558877711565,10.9297062206841,0.3632726733970252,24.088836505472077,60,295.8,9.726726266776554,155,-6.6321486794200615
1148,mora,packing_C,T09,largo,28,G4,8.306832488988663,0.7077625549300004,0.8966564240485821,False,493,444.42558877711565,10.9297062206841,0.3632726733970252,24.088836505472077,60,295.8,9.726726266776554,156,-6.292955872745185
1148,mora,packing_C,T09,largo,28,G4,8.306832488988663,0.7077625549300004,0.8966564240485821,False,493,444.42558877711565,10.9297062206841,0.3632726733970252,24.088836505472077,60,295.8,9.726726266776554,157,-6.383436404255619
1148,mora,packing_C,T09,largo,28,G4,8.306832488988663,0.7077625549300004,0.8966564240485821,False,493,444.42558877711565,10.9297062206841,0.3632726733970252,24.088836505472077,60,295.8,9.726726266776554,158,-6.278871940215728
1148,mora,packing_C,T09,largo,28,G4,8.306832488988663,0.7077625549300004,0.8966564240485821,False,493,444.42558877711565,10.9297062206841,0.3632726733970252,24.088836505472077,60,295.8,9.726726266776554,159,-6.316380867391577
1148,mora,packing_C,T09,largo,28,G4,8.306832488988663,0.7077625549300004,0.8966564240485821,False,493,444.42558877711565,10.9297062206841,0.3632726733970252,24.088836505472077,60,295.8,9.726726266776554,160,-6.437643319230995
1148,mora,packing_C,T09,largo,28,G4,8.306832488988663,0.7077625549300004,0.8966564240485821,False,493,444.42558877711565,10.9297062206841,0.3632726733970252,24.088836505472077,60,295.8,9.726726266776554,161,-6.450525789846837
1148,mora,packing_C,T09,largo,28,G4,8.306832488988663,0.7077625549300004,0.8966564240485821,False,493,444.42558877711565,10.9297062206841,0.3632726733970252,24.088836505472077,60,295.8,9.726726266776554,162,-6.472403443236492
1148,mora,packing_C,T09,largo,28,G4,8.306832488988663,0.7077625549300004,0.8966564240485821,False,493,444.42558877711565,10.9297062206841,0.3632726733970252,24.088836505472077,60,295.8,9.726726266776554,163,-6.1249143272272155
1148,mora,packing_C,T09,largo,28,G4,8.306832488988663,0.7077625549300004,0.8966564240485821,False,493,444.42558877711565,10.9297062206841,0.3632726733970252,24.088836505472077,60,295.8,9.726726266776554,164,-6.5860307620945
1148,mora,packing_C,T09,largo,28,G4,8.306832488988663,0.7077625549300004,0.8966564240485821,False,493,444.42558877711565,10.9297062206841,0.3632726733970252,24.088836505472077,60,295.8,9.726726266776554,165,-6.662203269913682
1148,mora,packing_C,T09,largo,28,G4,8.306832488988663,0.7077625549300004,0.8966564240485821,False,493,444.42558877711565,10.9297062206841,0.3632726733970252,24.088836505472077,60,295.8,9.726726266776554,166,-6.613341450027303
1148,mora,packing_C,T09,largo,28,G4,8.306832488988663,0.7077625549300004,0.8966564240485821,False,493,444.42558877711565,10.9297062206841,0.3632726733970252,24.088836505472077,60,295.8,9.726726266776554,167,-6.657865733881597
1148,mora,packing_C,T09,largo,28,G4,8.306832488988663,0.7077625549300004,0.8966564240485821,False,493,444.42558877711565,10.9297062206841,0.3632726733970252,24.088836505472077,60,295.8,9.726726266776554,168,-6.59732381054532
1148,mora,packing_C,T09,largo,28,G4,8.306832488988663,0.7077625549300004,0.8966564240485821,False,493,444.42558877711565,10.9297062206841,0.3632726733970252,24.088836505472077,60,295.8,9.726726266776554,169,-6.473605664261387
1148,mora,packing_C,T09,largo,28,G4,8.306832488988663,0.7077625549300004,0.8966564240485821,False,493,444.42558877711565,10.9297062206841,0.3632726733970252,24.088836505472077,60,295.8,9.726726266776554,170,-6.568861299695361
1148,mora,packing_C,T09,largo,28,G4,8.306832488988663,0.7077625549300004,0.8966564240485821,False,493,444.42558877711565,10.9297062206841,0.3632726733970252,24.088836505472077,60,295.8,9.726726266776554,171,-6.615675480808031
1148,mora,packing_C,T09,largo,28,G4,8.306832488988663,0.7077625549300004,0.8966564240485821,False,493,444.42558877711565,10.9297062206841,0.3632726733970252,24.088836505472077,60,295.8,9.726726266776554,172,-6.580649901093053
1148,mora,packing_C,T09,largo,28,G4,8.306832488988663,0.7077625549300004,0.8966564240485821,False,493,444.42558877711565,10.9297062206841,0.3632726733970252,24.088836505472077,60,295.8,9.726726266776554,173,-6.384464808695677
1148,mora,packing_C,T09,largo,28,G4,8.306832488988663,0.7077625549300004,0.8966564240485821,False,493,444.42558877711565,10.9297062206841,0.3632726733970252,24.088836505472077,60,295.8,9.726726266776554,174,-6.542754522438631
1148,mora,packing_C,T09,largo,28,G4,8.306832488988663,0.7077625549300004,0.8966564240485821,False,493,444.42558877711565,10.9297062206841,0.3632726733970252,24.088836505472077,60,295.8,9.726726266776554,175,-6.498836141666224
1148,mora,packing_C,T09,largo,28,G4,8.306832488988663,0.7077625549300004,0.8966564240485821,False,493,444.42558877711565,10.9297062206841,0.3632726733970252,24.088836505472077,60,295.8,9.726726266776554,176,-6.427449126719016
1148,mora,packing_C,T09,largo,28,G4,8.306832488988663,0.7077625549300004,0.8966564240485821,False,493,444.42558877711565,10.9297062206841,0.3632726733970252,24.088836505472077,60,295.8,9.726726266776554,177,-6.702688524447744
1148,mora,packing_C,T09,largo,28,G4,8.306832488988663,0.7077625549300004,0.8966564240485821,False,493,444.42558877711565,10.9297062206841,0.3632726733970252,24.088836505472077,60,295.8,9.726726266776554,178,-6.468592520150469
1148,mora,packing_C,T09,largo,28,G4,8.306832488988663,0.7077625549300004,0.8966564240485821,False,493,444.42558877711565,10.9297062206841,0.3632726733970252,24.088836505472077,60,295.8,9.726726266776554,179,-6.453011016433549
1148,mora,packing_C,T09,largo,28,G4,8.306832488988663,0.7077625549300004,0.8966564240485821,False,493,444.42558877711565,10.9297062206841,0.3632726733970252,24.088836505472077,60,295.8,9.726726266776554,180,-6.616745348973712
1148,mora,packing_C,T09,largo,28,G4,8.306832488988663,0.7077625549300004,0.8966564240485821,False,493,444.42558877711565,10.9297062206841,0.3632726733970252,24.088836505472077,60,295.8,9.726726266776554,181,-6.4700459952839084
1148,mora,packing_C,T09,largo,28,G4,8.306832488988663,0.7077625549300004,0.8966564240485821,False,493,444.42558877711565,10.9297062206841,0.3632726733970252,24.088836505472077,60,295.8,9.726726266776554,182,-6.517606034601933
1148,mora,packing_C,T09,largo,28,G4,8.306832488988663,0.7077625549300004,0.8966564240485821,False,493,444.42558877711565,10.9297062206841,0.3632726733970252,24.088836505472077,60,295.8,9.726726266776554,183,-6.378490942624214
1148,mora,packing_C,T09,largo,28,G4,8.306832488988663,0.7077625549300004,0.8966564240485821,False,493,444.42558877711565,10.9297062206841,0.3632726733970252,24.088836505472077,60,295.8,9.726726266776554,184,-6.4179241368530455
1148,mora,packing_C,T09,largo,28,G4,8.306832488988663,0.7077625549300004,0.8966564240485821,False,493,444.42558877711565,10.9297062206841,0.3632726733970252,24.088836505472077,60,295.8,9.726726266776554,185,-6.107137191517711
1148,mora,packing_C,T09,largo,28,G4,8.306832488988663,0.7077625549300004,0.8966564240485821,False,493,444.42558877711565,10.9297062206841,0.3632726733970252,24.088836505472077,60,295.8,9.726726266776554,186,-6.392662022883903
1148,mora,packing_C,T09,largo,28,G4,8.306832488988663,0.7077625549300004,0.8966564240485821,False,493,444.42558877711565,10.9297062206841,0.3632726733970252,24.088836505472077,60,295.8,9.726726266776554,187,-6.273638868379999
1148,mora,packing_C,T09,largo,28,G4,8.306832488988663,0.7077625549300004,0.8966564240485821,False,493,444.42558877711565,10.9297062206841,0.3632726733970252,24.088836505472077,60,295.8,9.726726266776554,188,-6.321582088783568
1148,mora,packing_C,T09,largo,28,G4,8.306832488988663,0.7077625549300004,0.8966564240485821,False,493,444.42558877711565,10.9297062206841,0.3632726733970252,24.088836505472077,60,295.8,9.726726266776554,189,-6.28559002882559
1148,mora,packing_C,T09,largo,28,G4,8.306832488988663,0.7077625549300004,0.8966564240485821,False,493,444.42558877711565,10.9297062206841,0.3632726733970252,24.088836505472077,60,295.8,9.726726266776554,190,-6.042325388838064
1148,mora,packing_C,T09,largo,28,G4,8.306832488988663,0.7077625549300004,0.8966564240485821,False,493,444.42558877711565,10.9297062206841,0.3632726733970252,24.088836505472077,60,295.8,9.726726266776554,191,-6.221235855300299
1148,mora,packing_C,T09,largo,28,G4,8.306832488988663,0.7077625549300004,0.8966564240485821,False,493,444.42558877711565,10.9297062206841,0.3632726733970252,24.088836505472077,60,295.8,9.726726266776554,192,-6.100476544470546
1148,mora,packing_C,T09,largo,28,G4,8.306832488988663,0.7077625549300004,0.8966564240485821,False,493,444.42558877711565,10.9297062206841,0.3632726733970252,24.088836505472077,60,295.8,9.726726266776554,193,-6.036374603624445
1148,mora,packing_C,T09,largo,28,G4,8.306832488988663,0.7077625549300004,0.8966564240485821,False,493,444.42558877711565,10.9297062206841,0.3632726733970252,24.088836505472077,60,295.8,9.726726266776554,194,-5.955808600046304
1148,mora,packing_C,T09,largo,28,G4,8.306832488988663,0.7077625549300004,0.8966564240485821,False,493,444.42558877711565,10.9297062206841,0.3632726733970252,24.088836505472077,60,295.8,9.726726266776554,195,-6.006866067018108
1148,mora,packing_C,T09,largo,28,G4,8.306832488988663,0.7077625549300004,0.8966564240485821,False,493,444.42558877711565,10.9297062206841,0.3632726733970252,24.088836505472077,60,295.8,9.726726266776554,196,-5.9591140187615395
1148,mora,packing_C,T09,largo,28,G4,8.306832488988663,0.7077625549300004,0.8966564240485821,False,493,444.42558877711565,10.9297062206841,0.3632726733970252,24.088836505472077,60,295.8,9.726726266776554,197,-6.001638852432409
1148,mora,packing_C,T09,largo,28,G4,8.306832488988663,0.7077625549300004,0.8966564240485821,False,493,444.42558877711565,10.9297062206841,0.3632726733970252,24.088836505472077,60,295.8,9.726726266776554,198,-5.894300145979329
1148,mora,packing_C,T09,largo,28,G4,8.306832488988663,0.7077625549300004,0.8966564240485821,False,493,444.42558877711565,10.9297062206841,0.3632726733970252,24.088836505472077,60,295.8,9.726726266776554,199,-5.661112850509712
1148,mora,packing_C,T09,largo,28,G4,8.306832488988663,0.7077625549300004,0.8966564240485821,False,493,444.42558877711565,10.9297062206841,0.3632726733970252,24.088836505472077,60,295.8,9.726726266776554,200,-5.57954423885419
1148,mora,packing_C,T09,largo,28,G4,8.306832488988663,0.7077625549300004,0.8966564240485821,False,493,444.42558877711565,10.9297062206841,0.3632726733970252,24.088836505472077,60,295.8,9.726726266776554,201,-5.811789302270322
1148,mora,packing_C,T09,largo,28,G4,8.306832488988663,0.7077625549300004,0.8966564240485821,False,493,444.42558877711565,10.9297062206841,0.3632726733970252,24.088836505472077,60,295.8,9.726726266776554,202,-5.825503683086185
1148,mora,packing_C,T09,largo,28,G4,8.306832488988663,0.7077625549300004,0.8966564240485821,False,493,444.42558877711565,10.9297062206841,0.3632726733970252,24.088836505472077,60,295.8,9.726726266776554,203,-5.620843557995176
1148,mora,packing_C,T09,largo,28,G4,8.306832488988663,0.7077625549300004,0.8966564240485821,False,493,444.42558877711565,10.9297062206841,0.3632726733970252,24.088836505472077,60,295.8,9.726726266776554,204,-5.590653269262234
1148,mora,packing_C,T09,largo,28,G4,8.306832488988663,0.7077625549300004,0.8966564240485821,False,493,444.42558877711565,10.9297062206841,0.3632726733970252,24.088836505472077,60,295.8,9.726726266776554,205,-5.453299075102955
1148,mora,packing_C,T09,largo,28,G4,8.306832488988663,0.7077625549300004,0.8966564240485821,False,493,444.42558877711565,10.9297062206841,0.3632726733970252,24.088836505472077,60,295.8,9.726726266776554,206,-5.353355600009582
1148,mora,packing_C,T09,largo,28,G4,8.306832488988663,0.7077625549300004,0.8966564240485821,False,493,444.42558877711565,10.9297062206841,0.3632726733970252,24.088836505472077,60,295.8,9.726726266776554,207,-5.2977600087769305
1148,mora,packing_C,T09,largo,28,G4,8.306832488988663,0.7077625549300004,0.8966564240485821,False,493,444.42558877711565,10.9297062206841,0.3632726733970252,24.088836505472077,60,295.8,9.726726266776554,208,-5.438395445298914
1148,mora,packing_C,T09,largo,28,G4,8.306832488988663,0.7077625549300004,0.8966564240485821,False,493,444.42558877711565,10.9297062206841,0.3632726733970252,24.088836505472077,60,295.8,9.726726266776554,209,-5.3379467697210705
1148,mora,packing_C,T09,largo,28,G4,8.306832488988663,0.7077625549300004,0.8966564240485821,False,493,444.42558877711565,10.9297062206841,0.3632726733970252,24.088836505472077,60,295.8,9.726726266776554,210,-5.35871628926229
1148,mora,packing_C,T09,largo,28,G4,8.306832488988663,0.7077625549300004,0.8966564240485821,False,493,444.42558877711565,10.9297062206841,0.3632726733970252,24.088836505472077,60,295.8,9.726726266776554,211,-5.198517832913486
1148,mora,packing_C,T09,largo,28,G4,8.306832488988663,0.7077625549300004,0.8966564240485821,False,493,444.42558877711565,10.9297062206841,0.3632726733970252,24.088836505472077,60,295.8,9.726726266776554,212,-5.217433855960163
1148,mora,packing_C,T09,largo,28,G4,8.306832488988663,0.7077625549300004,0.8966564240485821,False,493,444.42558877711565,10.9297062206841,0.3632726733970252,24.088836505472077,60,295.8,9.726726266776554,213,-5.088517705989225
1148,mora,packing_C,T09,largo,28,G4,8.306832488988663,0.7077625549300004,0.8966564240485821,False,493,444.42558877711565,10.9297062206841,0.3632726733970252,24.088836505472077,60,295.8,9.726726266776554,214,-4.989441107032314
1148,mora,packing_C,T09,largo,28,G4,8.306832488988663,0.7077625549300004,0.8966564240485821,False,493,444.42558877711565,10.9297062206841,0.3632726733970252,24.088836505472077,60,295.8,9.726726266776554,215,-4.947626820850658
1148,mora,packing_C,T09,largo,28,G4,8.306832488988663,0.7077625549300004,0.8966564240485821,False,493,444.42558877711565,10.9297062206841,0.3632726733970252,24.088836505472077,60,295.8,9.726726266776554,216,-4.898000345108232
1148,mora,packing_C,T09,largo,28,G4,8.306832488988663,0.7077625549300004,0.8966564240485821,False,493,444.42558877711565,10.9297062206841,0.3632726733970252,24.088836505472077,60,295.8,9.726726266776554,217,-4.8522707441466615
1148,mora,packing_C,T09,largo,28,G4,8.306832488988663,0.7077625549300004,0.8966564240485821,False,493,444.42558877711565,10.9297062206841,0.3632726733970252,24.088836505472077,60,295.8,9.726726266776554,218,-4.75569231768884
1148,mora,packing_C,T09,largo,28,G4,8.306832488988663,0.7077625549300004,0.8966564240485821,False,493,444.42558877711565,10.9297062206841,0.3632726733970252,24.088836505472077,60,295.8,9.726726266776554,219,-4.656035348630952
1148,mora,packing_C,T09,largo,28,G4,8.306832488988663,0.7077625549300004,0.8966564240485821,False,493,444.42558877711565,10.9297062206841,0.3632726733970252,24.088836505472077,60,295.8,9.726726266776554,220,-4.682134415137047
1148,mora,packing_C,T09,largo,28,G4,8.306832488988663,0.7077625549300004,0.8966564240485821,False,493,444.42558877711565,10.9297062206841,0.3632726733970252,24.088836505472077,60,295.8,9.726726266776554,221,-4.464061910597895
1148,mora,packing_C,T09,largo,28,G4,8.306832488988663,0.7077625549300004,0.8966564240485821,False,493,444.42558877711565,10.9297062206841,0.3632726733970252,24.088836505472077,60,295.8,9.726726266776554,222,-4.461409923227224
1148,mora,packing_C,T09,largo,28,G4,8.306832488988663,0.7077625549300004,0.8966564240485821,False,493,444.42558877711565,10.9297062206841,0.3632726733970252,24.088836505472077,60,295.8,9.726726266776554,223,-4.392522945599778
1148,mora,packing_C,T09,largo,28,G4,8.306832488988663,0.7077625549300004,0.8966564240485821,False,493,444.42558877711565,10.9297062206841,0.3632726733970252,24.088836505472077,60,295.8,9.726726266776554,224,-4.581583351618219
1148,mora,packing_C,T09,largo,28,G4,8.306832488988663,0.7077625549300004,0.8966564240485821,False,493,444.42558877711565,10.9297062206841,0.3632726733970252,24.088836505472077,60,295.8,9.726726266776554,225,-4.295930075878595
1148,mora,packing_C,T09,largo,28,G4,8.306832488988663,0.7077625549300004,0.8966564240485821,False,493,444.42558877711565,10.9297062206841,0.3632726733970252,24.088836505472077,60,295.8,9.726726266776554,226,-4.077799794375814
1148,mora,packing_C,T09,largo,28,G4,8.306832488988663,0.7077625549300004,0.8966564240485821,False,493,444.42558877711565,10.9297062206841,0.3632726733970252,24.088836505472077,60,295.8,9.726726266776554,227,-4.199794994388833
1148,mora,packing_C,T09,largo,28,G4,8.306832488988663,0.7077625549300004,0.8966564240485821,False,493,444.42558877711565,10.9297062206841,0.3632726733970252,24.088836505472077,60,295.8,9.726726266776554,228,-4.128853723113445
1148,mora,packing_C,T09,largo,28,G4,8.306832488988663,0.7077625549300004,0.8966564240485821,False,493,444.42558877711565,10.9297062206841,0.3632726733970252,24.088836505472077,60,295.8,9.726726266776554,229,-4.084416215202039
1148,mora,packing_C,T09,largo,28,G4,8.306832488988663,0.7077625549300004,0.8966564240485821,False,493,444.42558877711565,10.9297062206841,0.3632726733970252,24.088836505472077,60,295.8,9.726726266776554,230,-4.0921923378901
1148,mora,packing_C,T09,largo,28,G4,8.306832488988663,0.7077625549300004,0.8966564240485821,False,493,444.42558877711565,10.9297062206841,0.3632726733970252,24.088836505472077,60,295.8,9.726726266776554,231,-4.061156017847652
1148,mora,packing_C,T09,largo,28,G4,8.306832488988663,0.7077625549300004,0.8966564240485821,False,493,444.42558877711565,10.9297062206841,0.3632726733970252,24.088836505472077,60,295.8,9.726726266776554,232,-3.7010516821799713
1148,mora,packing_C,T09,largo,28,G4,8.306832488988663,0.7077625549300004,0.8966564240485821,False,493,444.42558877711565,10.9297062206841,0.3632726733970252,24.088836505472077,60,295.8,9.726726266776554,233,-3.8437808535760616
1148,mora,packing_C,T09,largo,28,G4,8.306832488988663,0.7077625549300004,0.8966564240485821,False,493,444.42558877711565,10.9297062206841,0.3632726733970252,24.088836505472077,60,295.8,9.726726266776554,234,-3.7033236123824373
1148,mora,packing_C,T09,largo,28,G4,8.306832488988663,0.7077625549300004,0.8966564240485821,False,493,444.42558877711565,10.9297062206841,0.3632726733970252,24.088836505472077,60,295.8,9.726726266776554,235,-3.666628642147636
1148,mora,packing_C,T09,largo,28,G4,8.306832488988663,0.7077625549300004,0.8966564240485821,False,493,444.42558877711565,10.9297062206841,0.3632726733970252,24.088836505472077,60,295.8,9.726726266776554,236,-3.5170525709222287
1148,mora,packing_C,T09,largo,28,G4,8.306832488988663,0.7077625549300004,0.8966564240485821,False,493,444.42558877711565,10.9297062206841,0.3632726733970252,24.088836505472077,60,295.8,9.726726266776554,237,-3.5620532621575447
1148,mora,packing_C,T09,largo,28,G4,8.306832488988663,0.7077625549300004,0.8966564240485821,False,493,444.42558877711565,10.9297062206841,0.3632726733970252,24.088836505472077,60,295.8,9.726726266776554,238,-3.5909737141737184
1148,mora,packing_C,T09,largo,28,G4,8.306832488988663,0.7077625549300004,0.8966564240485821,False,493,444.42558877711565,10.9297062206841,0.3632726733970252,24.088836505472077,60,295.8,9.726726266776554,239,-3.453062686889677
1148,mora,packing_C,T09,largo,28,G4,8.306832488988663,0.7077625549300004,0.8966564240485821,False,493,444.42558877711565,10.9297062206841,0.3632726733970252,24.088836505472077,60,295.8,9.726726266776554,240,-3.359815762634768
1148,mora,packing_C,T09,largo,28,G4,8.306832488988663,0.7077625549300004,0.8966564240485821,False,493,444.42558877711565,10.9297062206841,0.3632726733970252,24.088836505472077,60,295.8,9.726726266776554,241,-3.2819245529615357
1148,mora,packing_C,T09,largo,28,G4,8.306832488988663,0.7077625549300004,0.8966564240485821,False,493,444.42558877711565,10.9297062206841,0.3632726733970252,24.088836505472077,60,295.8,9.726726266776554,242,-3.2048092339245535
1148,mora,packing_C,T09,largo,28,G4,8.306832488988663,0.7077625549300004,0.8966564240485821,False,493,444.42558877711565,10.9297062206841,0.3632726733970252,24.088836505472077,60,295.8,9.726726266776554,243,-3.140524002867634
1148,mora,packing_C,T09,largo,28,G4,8.306832488988663,0.7077625549300004,0.8966564240485821,False,493,444.42558877711565,10.9297062206841,0.3632726733970252,24.088836505472077,60,295.8,9.726726266776554,244,-3.0304242210801826
1148,mora,packing_C,T09,largo,28,G4,8.306832488988663,0.7077625549300004,0.8966564240485821,False,493,444.42558877711565,10.9297062206841,0.3632726733970252,24.088836505472077,60,295.8,9.726726266776554,245,-3.081631134127311
1148,mora,packing_C,T09,largo,28,G4,8.306832488988663,0.7077625549300004,0.8966564240485821,False,493,444.42558877711565,10.9297062206841,0.3632726733970252,24.088836505472077,60,295.8,9.726726266776554,246,-3.085593720056782
1148,mora,packing_C,T09,largo,28,G4,8.306832488988663,0.7077625549300004,0.8966564240485821,False,493,444.42558877711565,10.9297062206841,0.3632726733970252,24.088836505472077,60,295.8,9.726726266776554,247,-2.8944412182439665
1148,mora,packing_C,T09,largo,28,G4,8.306832488988663,0.7077625549300004,0.8966564240485821,False,493,444.42558877711565,10.9297062206841,0.3632726733970252,24.088836505472077,60,295.8,9.726726266776554,248,-2.8655169565781886
1148,mora,packing_C,T09,largo,28,G4,8.306832488988663,0.7077625549300004,0.8966564240485821,False,493,444.42558877711565,10.9297062206841,0.3632726733970252,24.088836505472077,60,295.8,9.726726266776554,249,-2.409095981449571
1148,mora,packing_C,T09,largo,28,G4,8.306832488988663,0.7077625549300004,0.8966564240485821,False,493,444.42558877711565,10.9297062206841,0.3632726733970252,24.088836505472077,60,295.8,9.726726266776554,250,-2.5884841285527402
1148,mora,packing_C,T09,largo,28,G4,8.306832488988663,0.7077625549300004,0.8966564240485821,False,493,444.42558877711565,10.9297062206841,0.3632726733970252,24.088836505472077,60,295.8,9.726726266776554,251,-2.5355255897846565
1148,mora,packing_C,T09,largo,28,G4,8.306832488988663,0.7077625549300004,0.8966564240485821,False,493,444.42558877711565,10.9297062206841,0.3632726733970252,24.088836505472077,60,295.8,9.726726266776554,252,-2.3620211063972794
1148,mora,packing_C,T09,largo,28,G4,8.306832488988663,0.7077625549300004,0.8966564240485821,False,493,444.42558877711565,10.9297062206841,0.3632726733970252,24.088836505472077,60,295.8,9.726726266776554,253,-2.3877804561152334
1148,mora,packing_C,T09,largo,28,G4,8.306832488988663,0.7077625549300004,0.8966564240485821,False,493,444.42558877711565,10.9297062206841,0.3632726733970252,24.088836505472077,60,295.8,9.726726266776554,254,-2.2148337527893105
1148,mora,packing_C,T09,largo,28,G4,8.306832488988663,0.7077625549300004,0.8966564240485821,False,493,444.42558877711565,10.9297062206841,0.3632726733970252,24.088836505472077,60,295.8,9.726726266776554,255,-2.3749173709469713
1148,mora,packing_C,T09,largo,28,G4,8.306832488988663,0.7077625549300004,0.8966564240485821,False,493,444.42558877711565,10.9297062206841,0.3632726733970252,24.088836505472077,60,295.8,9.726726266776554,256,-2.133854633811283
1148,mora,packing_C,T09,largo,28,G4,8.306832488988663,0.7077625549300004,0.8966564240485821,False,493,444.42558877711565,10.9297062206841,0.3632726733970252,24.088836505472077,60,295.8,9.726726266776554,257,-2.2407765004293227
1148,mora,packing_C,T09,largo,28,G4,8.306832488988663,0.7077625549300004,0.8966564240485821,False,493,444.42558877711565,10.9297062206841,0.3632726733970252,24.088836505472077,60,295.8,9.726726266776554,258,-1.9525435776601765
1148,mora,packing_C,T09,largo,28,G4,8.306832488988663,0.7077625549300004,0.8966564240485821,False,493,444.42558877711565,10.9297062206841,0.3632726733970252,24.088836505472077,60,295.8,9.726726266776554,259,-1.7959815634817953
1148,mora,packing_C,T09,largo,28,G4,8.306832488988663,0.7077625549300004,0.8966564240485821,False,493,444.42558877711565,10.9297062206841,0.3632726733970252,24.088836505472077,60,295.8,9.726726266776554,260,-1.8589881684395626
1148,mora,packing_C,T09,largo,28,G4,8.306832488988663,0.7077625549300004,0.8966564240485821,False,493,444.42558877711565,10.9297062206841,0.3632726733970252,24.088836505472077,60,295.8,9.726726266776554,261,-1.988628912626404
1148,mora,packing_C,T09,largo,28,G4,8.306832488988663,0.7077625549300004,0.8966564240485821,False,493,444.42558877711565,10.9297062206841,0.3632726733970252,24.088836505472077,60,295.8,9.726726266776554,262,-1.7308371559371079
1148,mora,packing_C,T09,largo,28,G4,8.306832488988663,0.7077625549300004,0.8966564240485821,False,493,444.42558877711565,10.9297062206841,0.3632726733970252,24.088836505472077,60,295.8,9.726726266776554,263,-1.7564684216413127
1148,mora,packing_C,T09,largo,28,G4,8.306832488988663,0.7077625549300004,0.8966564240485821,False,493,444.42558877711565,10.9297062206841,0.3632726733970252,24.088836505472077,60,295.8,9.726726266776554,264,-1.472087768779964
1148,mora,packing_C,T09,largo,28,G4,8.306832488988663,0.7077625549300004,0.8966564240485821,False,493,444.42558877711565,10.9297062206841,0.3632726733970252,24.088836505472077,60,295.8,9.726726266776554,265,-1.643836391941324
1148,mora,packing_C,T09,largo,28,G4,8.306832488988663,0.7077625549300004,0.8966564240485821,False,493,444.42558877711565,10.9297062206841,0.3632726733970252,24.088836505472077,60,295.8,9.726726266776554,266,-1.5940267285400571
1148,mora,packing_C,T09,largo,28,G4,8.306832488988663,0.7077625549300004,0.8966564240485821,False,493,444.42558877711565,10.9297062206841,0.3632726733970252,24.088836505472077,60,295.8,9.726726266776554,267,-1.4085542617053146
1148,mora,packing_C,T09,largo,28,G4,8.306832488988663,0.7077625549300004,0.8966564240485821,False,493,444.42558877711565,10.9297062206841,0.3632726733970252,24.088836505472077,60,295.8,9.726726266776554,268,-1.3131700177759413
1148,mora,packing_C,T09,largo,28,G4,8.306832488988663,0.7077625549300004,0.8966564240485821,False,493,444.42558877711565,10.9297062206841,0.3632726733970252,24.088836505472077,60,295.8,9.726726266776554,269,-1.24353177635075
1148,mora,packing_C,T09,largo,28,G4,8.306832488988663,0.7077625549300004,0.8966564240485821,False,493,444.42558877711565,10.9297062206841,0.3632726733970252,24.088836505472077,60,295.8,9.726726266776554,270,-1.1570281083670992
1148,mora,packing_C,T09,largo,28,G4,8.306832488988663,0.7077625549300004,0.8966564240485821,False,493,444.42558877711565,10.9297062206841,0.3632726733970252,24.088836505472077,60,295.8,9.726726266776554,271,-1.223805141589973
1148,mora,packing_C,T09,largo,28,G4,8.306832488988663,0.7077625549300004,0.8966564240485821,False,493,444.42558877711565,10.9297062206841,0.3632726733970252,24.088836505472077,60,295.8,9.726726266776554,272,-1.0011211129736264
1148,mora,packing_C,T09,largo,28,G4,8.306832488988663,0.7077625549300004,0.8966564240485821,False,493,444.42558877711565,10.9297062206841,0.3632726733970252,24.088836505472077,60,295.8,9.726726266776554,273,-0.8915866343618692
1148,mora,packing_C,T09,largo,28,G4,8.306832488988663,0.7077625549300004,0.8966564240485821,False,493,444.42558877711565,10.9297062206841,0.3632726733970252,24.088836505472077,60,295.8,9.726726266776554,274,-1.050649789542283
1148,mora,packing_C,T09,largo,28,G4,8.306832488988663,0.7077625549300004,0.8966564240485821,False,493,444.42558877711565,10.9297062206841,0.3632726733970252,24.088836505472077,60,295.8,9.726726266776554,275,-0.8207577194680228
1148,mora,packing_C,T09,largo,28,G4,8.306832488988663,0.7077625549300004,0.8966564240485821,False,493,444.42558877711565,10.9297062206841,0.3632726733970252,24.088836505472077,60,295.8,9.726726266776554,276,-0.8531255160308154
1148,mora,packing_C,T09,largo,28,G4,8.306832488988663,0.7077625549300004,0.8966564240485821,False,493,444.42558877711565,10.9297062206841,0.3632726733970252,24.088836505472077,60,295.8,9.726726266776554,277,-0.7485994858454312
1148,mora,packing_C,T09,largo,28,G4,8.306832488988663,0.7077625549300004,0.8966564240485821,False,493,444.42558877711565,10.9297062206841,0.3632726733970252,24.088836505472077,60,295.8,9.726726266776554,278,-0.63535127905065
1148,mora,packing_C,T09,largo,28,G4,8.306832488988663,0.7077625549300004,0.8966564240485821,False,493,444.42558877711565,10.9297062206841,0.3632726733970252,24.088836505472077,60,295.8,9.726726266776554,279,-0.6999287671192563
1148,mora,packing_C,T09,largo,28,G4,8.306832488988663,0.7077625549300004,0.8966564240485821,False,493,444.42558877711565,10.9297062206841,0.3632726733970252,24.088836505472077,60,295.8,9.726726266776554,280,-0.5970597505780254
1148,mora,packing_C,T09,largo,28,G4,8.306832488988663,0.7077625549300004,0.8966564240485821,False,493,444.42558877711565,10.9297062206841,0.3632726733970252,24.088836505472077,60,295.8,9.726726266776554,281,-0.5009173564490133
1148,mora,packing_C,T09,largo,28,G4,8.306832488988663,0.7077625549300004,0.8966564240485821,False,493,444.42558877711565,10.9297062206841,0.3632726733970252,24.088836505472077,60,295.8,9.726726266776554,282,-0.5212524866387712
1148,mora,packing_C,T09,largo,28,G4,8.306832488988663,0.7077625549300004,0.8966564240485821,False,493,444.42558877711565,10.9297062206841,0.3632726733970252,24.088836505472077,60,295.8,9.726726266776554,283,-0.27161950046146494
1148,mora,packing_C,T09,largo,28,G4,8.306832488988663,0.7077625549300004,0.8966564240485821,False,493,444.42558877711565,10.9297062206841,0.3632726733970252,24.088836505472077,60,295.8,9.726726266776554,284,-0.3198320523158402
1148,mora,packing_C,T09,largo,28,G4,8.306832488988663,0.7077625549300004,0.8966564240485821,False,493,444.42558877711565,10.9297062206841,0.3632726733970252,24.088836505472077,60,295.8,9.726726266776554,285,-0.3159855659742097
1148,mora,packing_C,T09,largo,28,G4,8.306832488988663,0.7077625549300004,0.8966564240485821,False,493,444.42558877711565,10.9297062206841,0.3632726733970252,24.088836505472077,60,295.8,9.726726266776554,286,-0.08165506588345911
1148,mora,packing_C,T09,largo,28,G4,8.306832488988663,0.7077625549300004,0.8966564240485821,False,493,444.42558877711565,10.9297062206841,0.3632726733970252,24.088836505472077,60,295.8,9.726726266776554,287,-0.09251950103674553
1148,mora,packing_C,T09,largo,28,G4,8.306832488988663,0.7077625549300004,0.8966564240485821,False,493,444.42558877711565,10.9297062206841,0.3632726733970252,24.088836505472077,60,295.8,9.726726266776554,288,-0.19856521451116518
1148,mora,packing_C,T09,largo,28,G4,8.306832488988663,0.7077625549300004,0.8966564240485821,False,493,444.42558877711565,10.9297062206841,0.3632726733970252,24.088836505472077,60,295.8,9.726726266776554,289,-0.24112797731964017
1148,mora,packing_C,T09,largo,28,G4,8.306832488988663,0.7077625549300004,0.8966564240485821,False,493,444.42558877711565,10.9297062206841,0.3632726733970252,24.088836505472077,60,295.8,9.726726266776554,290,-0.13279850898231255
1148,mora,packing_C,T09,largo,28,G4,8.306832488988663,0.7077625549300004,0.8966564240485821,False,493,444.42558877711565,10.9297062206841,0.3632726733970252,24.088836505472077,60,295.8,9.726726266776554,291,-0.11415216315298962
1148,mora,packing_C,T09,largo,28,G4,8.306832488988663,0.7077625549300004,0.8966564240485821,False,493,444.42558877711565,10.9297062206841,0.3632726733970252,24.088836505472077,60,295.8,9.726726266776554,292,0.08793266558515365
1148,mora,packing_C,T09,largo,28,G4,8.306832488988663,0.7077625549300004,0.8966564240485821,False,493,444.42558877711565,10.9297062206841,0.3632726733970252,24.088836505472077,60,295.8,9.726726266776554,293,0.050448337177913555
1148,mora,packing_C,T09,largo,28,G4,8.306832488988663,0.7077625549300004,0.8966564240485821,False,493,444.42558877711565,10.9297062206841,0.3632726733970252,24.088836505472077,60,295.8,9.726726266776554,294,0.08458314182198547
1148,mora,packing_C,T09,largo,28,G4,8.306832488988663,0.7077625549300004,0.8966564240485821,False,493,444.42558877711565,10.9297062206841,0.3632726733970252,24.088836505472077,60,295.8,9.726726266776554,295,0.30524887051649136
1148,mora,packing_C,T09,largo,28,G4,8.306832488988663,0.7077625549300004,0.8966564240485821,False,493,444.42558877711565,10.9297062206841,0.3632726733970252,24.088836505472077,60,295.8,9.726726266776554,296,-0.043069703574369005
1148,mora,packing_C,T09,largo,28,G4,8.306832488988663,0.7077625549300004,0.8966564240485821,False,493,444.42558877711565,10.9297062206841,0.3632726733970252,24.088836505472077,60,295.8,9.726726266776554,297,0.14485302297994548
1148,mora,packing_C,T09,largo,28,G4,8.306832488988663,0.7077625549300004,0.8966564240485821,False,493,444.42558877711565,10.9297062206841,0.3632726733970252,24.088836505472077,60,295.8,9.726726266776554,298,0.2141580199810188
1148,mora,packing_C,T09,largo,28,G4,8.306832488988663,0.7077625549300004,0.8966564240485821,False,493,444.42558877711565,10.9297062206841,0.3632726733970252,24.088836505472077,60,295.8,9.726726266776554,299,0.30049328301955897
1148,mora,packing_C,T09,largo,28,G4,8.306832488988663,0.7077625549300004,0.8966564240485821,False,493,444.42558877711565,10.9297062206841,0.3632726733970252,24.088836505472077,60,295.8,9.726726266776554,300,0.25262188889866316
1148,mora,packing_C,T09,largo,28,G4,8.306832488988663,0.7077625549300004,0.8966564240485821,False,493,444.42558877711565,10.9297062206841,0.3632726733970252,24.088836505472077,60,295.8,9.726726266776554,301,0.5930081862723907
1148,mora,packing_C,T09,largo,28,G4,8.306832488988663,0.7077625549300004,0.8966564240485821,False,493,444.42558877711565,10.9297062206841,0.3632726733970252,24.088836505472077,60,295.8,9.726726266776554,302,0.5152436922057114
1148,mora,packing_C,T09,largo,28,G4,8.306832488988663,0.7077625549300004,0.8966564240485821,False,493,444.42558877711565,10.9297062206841,0.3632726733970252,24.088836505472077,60,295.8,9.726726266776554,303,0.5977844940156696
1148,mora,packing_C,T09,largo,28,G4,8.306832488988663,0.7077625549300004,0.8966564240485821,False,493,444.42558877711565,10.9297062206841,0.3632726733970252,24.088836505472077,60,295.8,9.726726266776554,304,0.8062050054094513
1148,mora,packing_C,T09,largo,28,G4,8.306832488988663,0.7077625549300004,0.8966564240485821,False,493,444.42558877711565,10.9297062206841,0.3632726733970252,24.088836505472077,60,295.8,9.726726266776554,305,0.625126775892187
1148,mora,packing_C,T09,largo,28,G4,8.306832488988663,0.7077625549300004,0.8966564240485821,False,493,444.42558877711565,10.9297062206841,0.3632726733970252,24.088836505472077,60,295.8,9.726726266776554,306,0.7093453458922172
1148,mora,packing_C,T09,largo,28,G4,8.306832488988663,0.7077625549300004,0.8966564240485821,False,493,444.42558877711565,10.9297062206841,0.3632726733970252,24.088836505472077,60,295.8,9.726726266776554,307,0.9914023573504583
1148,mora,packing_C,T09,largo,28,G4,8.306832488988663,0.7077625549300004,0.8966564240485821,False,493,444.42558877711565,10.9297062206841,0.3632726733970252,24.088836505472077,60,295.8,9.726726266776554,308,1.0152888551572006
1148,mora,packing_C,T09,largo,28,G4,8.306832488988663,0.7077625549300004,0.8966564240485821,False,493,444.42558877711565,10.9297062206841,0.3632726733970252,24.088836505472077,60,295.8,9.726726266776554,309,0.8472413221645365
1148,mora,packing_C,T09,largo,28,G4,8.306832488988663,0.7077625549300004,0.8966564240485821,False,493,444.42558877711565,10.9297062206841,0.3632726733970252,24.088836505472077,60,295.8,9.726726266776554,310,0.6257765084982584
1148,mora,packing_C,T09,largo,28,G4,8.306832488988663,0.7077625549300004,0.8966564240485821,False,493,444.42558877711565,10.9297062206841,0.3632726733970252,24.088836505472077,60,295.8,9.726726266776554,311,0.6954960854880904
1148,mora,packing_C,T09,largo,28,G4,8.306832488988663,0.7077625549300004,0.8966564240485821,False,493,444.42558877711565,10.9297062206841,0.3632726733970252,24.088836505472077,60,295.8,9.726726266776554,312,0.6301696282522448
1148,mora,packing_C,T09,largo,28,G4,8.306832488988663,0.7077625549300004,0.8966564240485821,False,493,444.42558877711565,10.9297062206841,0.3632726733970252,24.088836505472077,60,295.8,9.726726266776554,313,0.6470674634616694
1148,mora,packing_C,T09,largo,28,G4,8.306832488988663,0.7077625549300004,0.8966564240485821,False,493,444.42558877711565,10.9297062206841,0.3632726733970252,24.088836505472077,60,295.8,9.726726266776554,314,0.49775936882270594
1148,mora,packing_C,T09,largo,28,G4,8.306832488988663,0.7077625549300004,0.8966564240485821,False,493,444.42558877711565,10.9297062206841,0.3632726733970252,24.088836505472077,60,295.8,9.726726266776554,315,0.4972287552549566
1148,mora,packing_C,T09,largo,28,G4,8.306832488988663,0.7077625549300004,0.8966564240485821,False,493,444.42558877711565,10.9297062206841,0.3632726733970252,24.088836505472077,60,295.8,9.726726266776554,316,0.19760053902770494
1148,mora,packing_C,T09,largo,28,G4,8.306832488988663,0.7077625549300004,0.8966564240485821,False,493,444.42558877711565,10.9297062206841,0.3632726733970252,24.088836505472077,60,295.8,9.726726266776554,317,0.004507515945674334
1148,mora,packing_C,T09,largo,28,G4,8.306832488988663,0.7077625549300004,0.8966564240485821,False,493,444.42558877711565,10.9297062206841,0.3632726733970252,24.088836505472077,60,295.8,9.726726266776554,318,0.22157380181391942
1148,mora,packing_C,T09,largo,28,G4,8.306832488988663,0.7077625549300004,0.8966564240485821,False,493,444.42558877711565,10.9297062206841,0.3632726733970252,24.088836505472077,60,295.8,9.726726266776554,319,0.08914230906787668
1148,mora,packing_C,T09,largo,28,G4,8.306832488988663,0.7077625549300004,0.8966564240485821,False,493,444.42558877711565,10.9297062206841,0.3632726733970252,24.088836505472077,60,295.8,9.726726266776554,320,-0.12373125116549538
1148,mora,packing_C,T09,largo,28,G4,8.306832488988663,0.7077625549300004,0.8966564240485821,False,493,444.42558877711565,10.9297062206841,0.3632726733970252,24.088836505472077,60,295.8,9.726726266776554,321,-0.08952784767540037
1148,mora,packing_C,T09,largo,28,G4,8.306832488988663,0.7077625549300004,0.8966564240485821,False,493,444.42558877711565,10.9297062206841,0.3632726733970252,24.088836505472077,60,295.8,9.726726266776554,322,-0.14133045049645862
1148,mora,packing_C,T09,largo,28,G4,8.306832488988663,0.7077625549300004,0.8966564240485821,False,493,444.42558877711565,10.9297062206841,0.3632726733970252,24.088836505472077,60,295.8,9.726726266776554,323,-0.09755904290673269
1148,mora,packing_C,T09,largo,28,G4,8.306832488988663,0.7077625549300004,0.8966564240485821,False,493,444.42558877711565,10.9297062206841,0.3632726733970252,24.088836505472077,60,295.8,9.726726266776554,324,-0.1392042227855754
1148,mora,packing_C,T09,largo,28,G4,8.306832488988663,0.7077625549300004,0.8966564240485821,False,493,444.42558877711565,10.9297062206841,0.3632726733970252,24.088836505472077,60,295.8,9.726726266776554,325,-0.03713146278291026
1148,mora,packing_C,T09,largo,28,G4,8.306832488988663,0.7077625549300004,0.8966564240485821,False,493,444.42558877711565,10.9297062206841,0.3632726733970252,24.088836505472077,60,295.8,9.726726266776554,326,-0.09639013889524711
1148,mora,packing_C,T09,largo,28,G4,8.306832488988663,0.7077625549300004,0.8966564240485821,False,493,444.42558877711565,10.9297062206841,0.3632726733970252,24.088836505472077,60,295.8,9.726726266776554,327,0.09534806046724892
1148,mora,packing_C,T09,largo,28,G4,8.306832488988663,0.7077625549300004,0.8966564240485821,False,493,444.42558877711565,10.9297062206841,0.3632726733970252,24.088836505472077,60,295.8,9.726726266776554,328,-0.041555493264709614
1148,mora,packing_C,T09,largo,28,G4,8.306832488988663,0.7077625549300004,0.8966564240485821,False,493,444.42558877711565,10.9297062206841,0.3632726733970252,24.088836505472077,60,295.8,9.726726266776554,329,0.12029699816541928
1148,mora,packing_C,T09,largo,28,G4,8.306832488988663,0.7077625549300004,0.8966564240485821,False,493,444.42558877711565,10.9297062206841,0.3632726733970252,24.088836505472077,60,295.8,9.726726266776554,330,0.29510825228591997
1148,mora,packing_C,T09,largo,28,G4,8.306832488988663,0.7077625549300004,0.8966564240485821,False,493,444.42558877711565,10.9297062206841,0.3632726733970252,24.088836505472077,60,295.8,9.726726266776554,331,0.5405330782025211
1148,mora,packing_C,T09,largo,28,G4,8.306832488988663,0.7077625549300004,0.8966564240485821,False,493,444.42558877711565,10.9297062206841,0.3632726733970252,24.088836505472077,60,295.8,9.726726266776554,332,0.6965409380799202
1148,mora,packing_C,T09,largo,28,G4,8.306832488988663,0.7077625549300004,0.8966564240485821,False,493,444.42558877711565,10.9297062206841,0.3632726733970252,24.088836505472077,60,295.8,9.726726266776554,333,0.6843964031983583
1148,mora,packing_C,T09,largo,28,G4,8.306832488988663,0.7077625549300004,0.8966564240485821,False,493,444.42558877711565,10.9297062206841,0.3632726733970252,24.088836505472077,60,295.8,9.726726266776554,334,0.6382613429426299
1148,mora,packing_C,T09,largo,28,G4,8.306832488988663,0.7077625549300004,0.8966564240485821,False,493,444.42558877711565,10.9297062206841,0.3632726733970252,24.088836505472077,60,295.8,9.726726266776554,335,0.8256571478397323
1148,mora,packing_C,T09,largo,28,G4,8.306832488988663,0.7077625549300004,0.8966564240485821,False,493,444.42558877711565,10.9297062206841,0.3632726733970252,24.088836505472077,60,295.8,9.726726266776554,336,0.8090041030915609
1148,mora,packing_C,T09,largo,28,G4,8.306832488988663,0.7077625549300004,0.8966564240485821,False,493,444.42558877711565,10.9297062206841,0.3632726733970252,24.088836505472077,60,295.8,9.726726266776554,337,0.8301517344634336
1148,mora,packing_C,T09,largo,28,G4,8.306832488988663,0.7077625549300004,0.8966564240485821,False,493,444.42558877711565,10.9297062206841,0.3632726733970252,24.088836505472077,60,295.8,9.726726266776554,338,0.8033942887612833
1148,mora,packing_C,T09,largo,28,G4,8.306832488988663,0.7077625549300004,0.8966564240485821,False,493,444.42558877711565,10.9297062206841,0.3632726733970252,24.088836505472077,60,295.8,9.726726266776554,339,0.9162616912058813
1148,mora,packing_C,T09,largo,28,G4,8.306832488988663,0.7077625549300004,0.8966564240485821,False,493,444.42558877711565,10.9297062206841,0.3632726733970252,24.088836505472077,60,295.8,9.726726266776554,340,0.6332255897696354
1148,mora,packing_C,T09,largo,28,G4,8.306832488988663,0.7077625549300004,0.8966564240485821,False,493,444.42558877711565,10.9297062206841,0.3632726733970252,24.088836505472077,60,295.8,9.726726266776554,341,0.6039449608445288
1148,mora,packing_C,T09,largo,28,G4,8.306832488988663,0.7077625549300004,0.8966564240485821,False,493,444.42558877711565,10.9297062206841,0.3632726733970252,24.088836505472077,60,295.8,9.726726266776554,342,0.6546625331172331
1148,mora,packing_C,T09,largo,28,G4,8.306832488988663,0.7077625549300004,0.8966564240485821,False,493,444.42558877711565,10.9297062206841,0.3632726733970252,24.088836505472077,60,295.8,9.726726266776554,343,0.6165153409481939
1148,mora,packing_C,T09,largo,28,G4,8.306832488988663,0.7077625549300004,0.8966564240485821,False,493,444.42558877711565,10.9297062206841,0.3632726733970252,24.088836505472077,60,295.8,9.726726266776554,344,0.3716612827080522
1148,mora,packing_C,T09,largo,28,G4,8.306832488988663,0.7077625549300004,0.8966564240485821,False,493,444.42558877711565,10.9297062206841,0.3632726733970252,24.088836505472077,60,295.8,9.726726266776554,345,0.3642308445563188
1148,mora,packing_C,T09,largo,28,G4,8.306832488988663,0.7077625549300004,0.8966564240485821,False,493,444.42558877711565,10.9297062206841,0.3632726733970252,24.088836505472077,60,295.8,9.726726266776554,346,0.21179871924880941
1148,mora,packing_C,T09,largo,28,G4,8.306832488988663,0.7077625549300004,0.8966564240485821,False,493,444.42558877711565,10.9297062206841,0.3632726733970252,24.088836505472077,60,295.8,9.726726266776554,347,0.18482592024364916
1148,mora,packing_C,T09,largo,28,G4,8.306832488988663,0.7077625549300004,0.8966564240485821,False,493,444.42558877711565,10.9297062206841,0.3632726733970252,24.088836505472077,60,295.8,9.726726266776554,348,0.12436845555365983
1148,mora,packing_C,T09,largo,28,G4,8.306832488988663,0.7077625549300004,0.8966564240485821,False,493,444.42558877711565,10.9297062206841,0.3632726733970252,24.088836505472077,60,295.8,9.726726266776554,349,-0.09149258880341211
1148,mora,packing_C,T09,largo,28,G4,8.306832488988663,0.7077625549300004,0.8966564240485821,False,493,444.42558877711565,10.9297062206841,0.3632726733970252,24.088836505472077,60,295.8,9.726726266776554,350,-0.07951519530888859
1148,mora,packing_C,T09,largo,28,G4,8.306832488988663,0.7077625549300004,0.8966564240485821,False,493,444.42558877711565,10.9297062206841,0.3632726733970252,24.088836505472077,60,295.8,9.726726266776554,351,-0.19303193257337367
1148,mora,packing_C,T09,largo,28,G4,8.306832488988663,0.7077625549300004,0.8966564240485821,False,493,444.42558877711565,10.9297062206841,0.3632726733970252,24.088836505472077,60,295.8,9.726726266776554,352,-0.16998878098551093
1148,mora,packing_C,T09,largo,28,G4,8.306832488988663,0.7077625549300004,0.8966564240485821,False,493,444.42558877711565,10.9297062206841,0.3632726733970252,24.088836505472077,60,295.8,9.726726266776554,353,0.08128974224750912
1148,mora,packing_C,T09,largo,28,G4,8.306832488988663,0.7077625549300004,0.8966564240485821,False,493,444.42558877711565,10.9297062206841,0.3632726733970252,24.088836505472077,60,295.8,9.726726266776554,354,-0.06763588231359811
1148,mora,packing_C,T09,largo,28,G4,8.306832488988663,0.7077625549300004,0.8966564240485821,False,493,444.42558877711565,10.9297062206841,0.3632726733970252,24.088836505472077,60,295.8,9.726726266776554,355,-0.10893334606385033
1148,mora,packing_C,T09,largo,28,G4,8.306832488988663,0.7077625549300004,0.8966564240485821,False,493,444.42558877711565,10.9297062206841,0.3632726733970252,24.088836505472077,60,295.8,9.726726266776554,356,-0.12963484880602108
1148,mora,packing_C,T09,largo,28,G4,8.306832488988663,0.7077625549300004,0.8966564240485821,False,493,444.42558877711565,10.9297062206841,0.3632726733970252,24.088836505472077,60,295.8,9.726726266776554,357,-0.004034264591701364
1148,mora,packing_C,T09,largo,28,G4,8.306832488988663,0.7077625549300004,0.8966564240485821,False,493,444.42558877711565,10.9297062206841,0.3632726733970252,24.088836505472077,60,295.8,9.726726266776554,358,0.20321180318107215
1148,mora,packing_C,T09,largo,28,G4,8.306832488988663,0.7077625549300004,0.8966564240485821,False,493,444.42558877711565,10.9297062206841,0.3632726733970252,24.088836505472077,60,295.8,9.726726266776554,359,0.23800998510108642
1148,mora,packing_C,T09,largo,28,G4,8.306832488988663,0.7077625549300004,0.8966564240485821,False,493,444.42558877711565,10.9297062206841,0.3632726733970252,24.088836505472077,60,295.8,9.726726266776554,360,0.24740400014036656
1148,mora,packing_C,T09,largo,28,G4,8.306832488988663,0.7077625549300004,0.8966564240485821,False,493,444.42558877711565,10.9297062206841,0.3632726733970252,24.088836505472077,60,295.8,9.726726266776554,361,0.42467180898490087
1148,mora,packing_C,T09,largo,28,G4,8.306832488988663,0.7077625549300004,0.8966564240485821,False,493,444.42558877711565,10.9297062206841,0.3632726733970252,24.088836505472077,60,295.8,9.726726266776554,362,0.3326649878527597
1148,mora,packing_C,T09,largo,28,G4,8.306832488988663,0.7077625549300004,0.8966564240485821,False,493,444.42558877711565,10.9297062206841,0.3632726733970252,24.088836505472077,60,295.8,9.726726266776554,363,0.6361479792068381
1148,mora,packing_C,T09,largo,28,G4,8.306832488988663,0.7077625549300004,0.8966564240485821,False,493,444.42558877711565,10.9297062206841,0.3632726733970252,24.088836505472077,60,295.8,9.726726266776554,364,0.616801430937939
1148,mora,packing_C,T09,largo,28,G4,8.306832488988663,0.7077625549300004,0.8966564240485821,False,493,444.42558877711565,10.9297062206841,0.3632726733970252,24.088836505472077,60,295.8,9.726726266776554,365,0.9202834272537147
1148,mora,packing_C,T09,largo,28,G4,8.306832488988663,0.7077625549300004,0.8966564240485821,False,493,444.42558877711565,10.9297062206841,0.3632726733970252,24.088836505472077,60,295.8,9.726726266776554,366,0.747748608081765
1148,mora,packing_C,T09,largo,28,G4,8.306832488988663,0.7077625549300004,0.8966564240485821,False,493,444.42558877711565,10.9297062206841,0.3632726733970252,24.088836505472077,60,295.8,9.726726266776554,367,0.7942454687112809
1148,mora,packing_C,T09,largo,28,G4,8.306832488988663,0.7077625549300004,0.8966564240485821,False,493,444.42558877711565,10.9297062206841,0.3632726733970252,24.088836505472077,60,295.8,9.726726266776554,368,0.7462952793635697
1148,mora,packing_C,T09,largo,28,G4,8.306832488988663,0.7077625549300004,0.8966564240485821,False,493,444.42558877711565,10.9297062206841,0.3632726733970252,24.088836505472077,60,295.8,9.726726266776554,369,0.8202858346821269
1148,mora,packing_C,T09,largo,28,G4,8.306832488988663,0.7077625549300004,0.8966564240485821,False,493,444.42558877711565,10.9297062206841,0.3632726733970252,24.088836505472077,60,295.8,9.726726266776554,370,0.658473661302956
1148,mora,packing_C,T09,largo,28,G4,8.306832488988663,0.7077625549300004,0.8966564240485821,False,493,444.42558877711565,10.9297062206841,0.3632726733970252,24.088836505472077,60,295.8,9.726726266776554,371,0.6497365812445162
1148,mora,packing_C,T09,largo,28,G4,8.306832488988663,0.7077625549300004,0.8966564240485821,False,493,444.42558877711565,10.9297062206841,0.3632726733970252,24.088836505472077,60,295.8,9.726726266776554,372,0.6374566941313694
1148,mora,packing_C,T09,largo,28,G4,8.306832488988663,0.7077625549300004,0.8966564240485821,False,493,444.42558877711565,10.9297062206841,0.3632726733970252,24.088836505472077,60,295.8,9.726726266776554,373,0.37950200801106015
1148,mora,packing_C,T09,largo,28,G4,8.306832488988663,0.7077625549300004,0.8966564240485821,False,493,444.42558877711565,10.9297062206841,0.3632726733970252,24.088836505472077,60,295.8,9.726726266776554,374,0.5263926602146227
1148,mora,packing_C,T09,largo,28,G4,8.306832488988663,0.7077625549300004,0.8966564240485821,False,493,444.42558877711565,10.9297062206841,0.3632726733970252,24.088836505472077,60,295.8,9.726726266776554,375,0.31994419987297557
1148,mora,packing_C,T09,largo,28,G4,8.306832488988663,0.7077625549300004,0.8966564240485821,False,493,444.42558877711565,10.9297062206841,0.3632726733970252,24.088836505472077,60,295.8,9.726726266776554,376,0.5139946645516029
1148,mora,packing_C,T09,largo,28,G4,8.306832488988663,0.7077625549300004,0.8966564240485821,False,493,444.42558877711565,10.9297062206841,0.3632726733970252,24.088836505472077,60,295.8,9.726726266776554,377,0.23354034873800825
1148,mora,packing_C,T09,largo,28,G4,8.306832488988663,0.7077625549300004,0.8966564240485821,False,493,444.42558877711565,10.9297062206841,0.3632726733970252,24.088836505472077,60,295.8,9.726726266776554,378,0.13737309576651224
1148,mora,packing_C,T09,largo,28,G4,8.306832488988663,0.7077625549300004,0.8966564240485821,False,493,444.42558877711565,10.9297062206841,0.3632726733970252,24.088836505472077,60,295.8,9.726726266776554,379,0.15241297956022032
1148,mora,packing_C,T09,largo,28,G4,8.306832488988663,0.7077625549300004,0.8966564240485821,False,493,444.42558877711565,10.9297062206841,0.3632726733970252,24.088836505472077,60,295.8,9.726726266776554,380,0.01899478617667659
1148,mora,packing_C,T09,largo,28,G4,8.306832488988663,0.7077625549300004,0.8966564240485821,False,493,444.42558877711565,10.9297062206841,0.3632726733970252,24.088836505472077,60,295.8,9.726726266776554,381,-0.1635656509766586
1148,mora,packing_C,T09,largo,28,G4,8.306832488988663,0.7077625549300004,0.8966564240485821,False,493,444.42558877711565,10.9297062206841,0.3632726733970252,24.088836505472077,60,295.8,9.726726266776554,382,-0.035603421695555096
1148,mora,packing_C,T09,largo,28,G4,8.306832488988663,0.7077625549300004,0.8966564240485821,False,493,444.42558877711565,10.9297062206841,0.3632726733970252,24.088836505472077,60,295.8,9.726726266776554,383,-0.12507602934180698
1148,mora,packing_C,T09,largo,28,G4,8.306832488988663,0.7077625549300004,0.8966564240485821,False,493,444.42558877711565,10.9297062206841,0.3632726733970252,24.088836505472077,60,295.8,9.726726266776554,384,0.03990897706970062
1148,mora,packing_C,T09,largo,28,G4,8.306832488988663,0.7077625549300004,0.8966564240485821,False,493,444.42558877711565,10.9297062206841,0.3632726733970252,24.088836505472077,60,295.8,9.726726266776554,385,-0.13011053419106922
1148,mora,packing_C,T09,largo,28,G4,8.306832488988663,0.7077625549300004,0.8966564240485821,False,493,444.42558877711565,10.9297062206841,0.3632726733970252,24.088836505472077,60,295.8,9.726726266776554,386,0.05228190615039255
1148,mora,packing_C,T09,largo,28,G4,8.306832488988663,0.7077625549300004,0.8966564240485821,False,493,444.42558877711565,10.9297062206841,0.3632726733970252,24.088836505472077,60,295.8,9.726726266776554,387,0.10012160840506154
1148,mora,packing_C,T09,largo,28,G4,8.306832488988663,0.7077625549300004,0.8966564240485821,False,493,444.42558877711565,10.9297062206841,0.3632726733970252,24.088836505472077,60,295.8,9.726726266776554,388,0.1111810139636411
1148,mora,packing_C,T09,largo,28,G4,8.306832488988663,0.7077625549300004,0.8966564240485821,False,493,444.42558877711565,10.9297062206841,0.3632726733970252,24.088836505472077,60,295.8,9.726726266776554,389,0.336475629782094
1148,mora,packing_C,T09,largo,28,G4,8.306832488988663,0.7077625549300004,0.8966564240485821,False,493,444.42558877711565,10.9297062206841,0.3632726733970252,24.088836505472077,60,295.8,9.726726266776554,390,0.2734556780323764
1148,mora,packing_C,T09,largo,28,G4,8.306832488988663,0.7077625549300004,0.8966564240485821,False,493,444.42558877711565,10.9297062206841,0.3632726733970252,24.088836505472077,60,295.8,9.726726266776554,391,0.4862716622414008
1148,mora,packing_C,T09,largo,28,G4,8.306832488988663,0.7077625549300004,0.8966564240485821,False,493,444.42558877711565,10.9297062206841,0.3632726733970252,24.088836505472077,60,295.8,9.726726266776554,392,0.771699378988945
1148,mora,packing_C,T09,largo,28,G4,8.306832488988663,0.7077625549300004,0.8966564240485821,False,493,444.42558877711565,10.9297062206841,0.3632726733970252,24.088836505472077,60,295.8,9.726726266776554,393,0.6905997763522143
1148,mora,packing_C,T09,largo,28,G4,8.306832488988663,0.7077625549300004,0.8966564240485821,False,493,444.42558877711565,10.9297062206841,0.3632726733970252,24.088836505472077,60,295.8,9.726726266776554,394,0.77509363385746
1148,mora,packing_C,T09,largo,28,G4,8.306832488988663,0.7077625549300004,0.8966564240485821,False,493,444.42558877711565,10.9297062206841,0.3632726733970252,24.088836505472077,60,295.8,9.726726266776554,395,0.9493803563919269
1148,mora,packing_C,T09,largo,28,G4,8.306832488988663,0.7077625549300004,0.8966564240485821,False,493,444.42558877711565,10.9297062206841,0.3632726733970252,24.088836505472077,60,295.8,9.726726266776554,396,0.8445008379084803
1148,mora,packing_C,T09,largo,28,G4,8.306832488988663,0.7077625549300004,0.8966564240485821,False,493,444.42558877711565,10.9297062206841,0.3632726733970252,24.088836505472077,60,295.8,9.726726266776554,397,0.9017042174561593
1148,mora,packing_C,T09,largo,28,G4,8.306832488988663,0.7077625549300004,0.8966564240485821,False,493,444.42558877711565,10.9297062206841,0.3632726733970252,24.088836505472077,60,295.8,9.726726266776554,398,0.8430608371958942
1148,mora,packing_C,T09,largo,28,G4,8.306832488988663,0.7077625549300004,0.8966564240485821,False,493,444.42558877711565,10.9297062206841,0.3632726733970252,24.088836505472077,60,295.8,9.726726266776554,399,0.6676419788317816
1148,mora,packing_C,T09,largo,28,G4,8.306832488988663,0.7077625549300004,0.8966564240485821,False,493,444.42558877711565,10.9297062206841,0.3632726733970252,24.088836505472077,60,295.8,9.726726266776554,400,0.900136887325687
1148,mora,packing_C,T09,largo,28,G4,8.306832488988663,0.7077625549300004,0.8966564240485821,False,493,444.42558877711565,10.9297062206841,0.3632726733970252,24.088836505472077,60,295.8,9.726726266776554,401,0.6986773676373643
1148,mora,packing_C,T09,largo,28,G4,8.306832488988663,0.7077625549300004,0.8966564240485821,False,493,444.42558877711565,10.9297062206841,0.3632726733970252,24.088836505472077,60,295.8,9.726726266776554,402,0.5587553961595937
1148,mora,packing_C,T09,largo,28,G4,8.306832488988663,0.7077625549300004,0.8966564240485821,False,493,444.42558877711565,10.9297062206841,0.3632726733970252,24.088836505472077,60,295.8,9.726726266776554,403,0.342768696148523
1148,mora,packing_C,T09,largo,28,G4,8.306832488988663,0.7077625549300004,0.8966564240485821,False,493,444.42558877711565,10.9297062206841,0.3632726733970252,24.088836505472077,60,295.8,9.726726266776554,404,0.4606959184334581
1148,mora,packing_C,T09,largo,28,G4,8.306832488988663,0.7077625549300004,0.8966564240485821,False,493,444.42558877711565,10.9297062206841,0.3632726733970252,24.088836505472077,60,295.8,9.726726266776554,405,0.46715480784501956
1148,mora,packing_C,T09,largo,28,G4,8.306832488988663,0.7077625549300004,0.8966564240485821,False,493,444.42558877711565,10.9297062206841,0.3632726733970252,24.088836505472077,60,295.8,9.726726266776554,406,0.43991480703894587
1148,mora,packing_C,T09,largo,28,G4,8.306832488988663,0.7077625549300004,0.8966564240485821,False,493,444.42558877711565,10.9297062206841,0.3632726733970252,24.088836505472077,60,295.8,9.726726266776554,407,0.05608762367948325
1148,mora,packing_C,T09,largo,28,G4,8.306832488988663,0.7077625549300004,0.8966564240485821,False,493,444.42558877711565,10.9297062206841,0.3632726733970252,24.088836505472077,60,295.8,9.726726266776554,408,0.1453293642250064
1148,mora,packing_C,T09,largo,28,G4,8.306832488988663,0.7077625549300004,0.8966564240485821,False,493,444.42558877711565,10.9297062206841,0.3632726733970252,24.088836505472077,60,295.8,9.726726266776554,409,0.015644039596635285
1148,mora,packing_C,T09,largo,28,G4,8.306832488988663,0.7077625549300004,0.8966564240485821,False,493,444.42558877711565,10.9297062206841,0.3632726733970252,24.088836505472077,60,295.8,9.726726266776554,410,-0.3093351865394152
1148,mora,packing_C,T09,largo,28,G4,8.306832488988663,0.7077625549300004,0.8966564240485821,False,493,444.42558877711565,10.9297062206841,0.3632726733970252,24.088836505472077,60,295.8,9.726726266776554,411,-0.1261495843274547
1148,mora,packing_C,T09,largo,28,G4,8.306832488988663,0.7077625549300004,0.8966564240485821,False,493,444.42558877711565,10.9297062206841,0.3632726733970252,24.088836505472077,60,295.8,9.726726266776554,412,-0.29995316053008825
1148,mora,packing_C,T09,largo,28,G4,8.306832488988663,0.7077625549300004,0.8966564240485821,False,493,444.42558877711565,10.9297062206841,0.3632726733970252,24.088836505472077,60,295.8,9.726726266776554,413,-0.10794240249250076
1148,mora,packing_C,T09,largo,28,G4,8.306832488988663,0.7077625549300004,0.8966564240485821,False,493,444.42558877711565,10.9297062206841,0.3632726733970252,24.088836505472077,60,295.8,9.726726266776554,414,-0.03902205937479234
1148,mora,packing_C,T09,largo,28,G4,8.306832488988663,0.7077625549300004,0.8966564240485821,False,493,444.42558877711565,10.9297062206841,0.3632726733970252,24.088836505472077,60,295.8,9.726726266776554,415,-0.07006417116961669
1148,mora,packing_C,T09,largo,28,G4,8.306832488988663,0.7077625549300004,0.8966564240485821,False,493,444.42558877711565,10.9297062206841,0.3632726733970252,24.088836505472077,60,295.8,9.726726266776554,416,0.02294884697591743
1148,mora,packing_C,T09,largo,28,G4,8.306832488988663,0.7077625549300004,0.8966564240485821,False,493,444.42558877711565,10.9297062206841,0.3632726733970252,24.088836505472077,60,295.8,9.726726266776554,417,0.3182212827770693
1148,mora,packing_C,T09,largo,28,G4,8.306832488988663,0.7077625549300004,0.8966564240485821,False,493,444.42558877711565,10.9297062206841,0.3632726733970252,24.088836505472077,60,295.8,9.726726266776554,418,0.2247168986280472
1148,mora,packing_C,T09,largo,28,G4,8.306832488988663,0.7077625549300004,0.8966564240485821,False,493,444.42558877711565,10.9297062206841,0.3632726733970252,24.088836505472077,60,295.8,9.726726266776554,419,0.3389074211813387
1148,mora,packing_C,T09,largo,28,G4,8.306832488988663,0.7077625549300004,0.8966564240485821,False,493,444.42558877711565,10.9297062206841,0.3632726733970252,24.088836505472077,60,295.8,9.726726266776554,420,0.5087779495043532
1148,mora,packing_C,T09,largo,28,G4,8.306832488988663,0.7077625549300004,0.8966564240485821,False,493,444.42558877711565,10.9297062206841,0.3632726733970252,24.088836505472077,60,295.8,9.726726266776554,421,0.4730054193260547
1148,mora,packing_C,T09,largo,28,G4,8.306832488988663,0.7077625549300004,0.8966564240485821,False,493,444.42558877711565,10.9297062206841,0.3632726733970252,24.088836505472077,60,295.8,9.726726266776554,422,0.632522950043332
1148,mora,packing_C,T09,largo,28,G4,8.306832488988663,0.7077625549300004,0.8966564240485821,False,493,444.42558877711565,10.9297062206841,0.3632726733970252,24.088836505472077,60,295.8,9.726726266776554,423,0.4915310498512308
1148,mora,packing_C,T09,largo,28,G4,8.306832488988663,0.7077625549300004,0.8966564240485821,False,493,444.42558877711565,10.9297062206841,0.3632726733970252,24.088836505472077,60,295.8,9.726726266776554,424,0.7917106103877811
1148,mora,packing_C,T09,largo,28,G4,8.306832488988663,0.7077625549300004,0.8966564240485821,False,493,444.42558877711565,10.9297062206841,0.3632726733970252,24.088836505472077,60,295.8,9.726726266776554,425,0.8422074962251812
1148,mora,packing_C,T09,largo,28,G4,8.306832488988663,0.7077625549300004,0.8966564240485821,False,493,444.42558877711565,10.9297062206841,0.3632726733970252,24.088836505472077,60,295.8,9.726726266776554,426,0.8786647649155833
1148,mora,packing_C,T09,largo,28,G4,8.306832488988663,0.7077625549300004,0.8966564240485821,False,493,444.42558877711565,10.9297062206841,0.3632726733970252,24.088836505472077,60,295.8,9.726726266776554,427,0.7919627094178758
1148,mora,packing_C,T09,largo,28,G4,8.306832488988663,0.7077625549300004,0.8966564240485821,False,493,444.42558877711565,10.9297062206841,0.3632726733970252,24.088836505472077,60,295.8,9.726726266776554,428,0.7140036125580451
1148,mora,packing_C,T09,largo,28,G4,8.306832488988663,0.7077625549300004,0.8966564240485821,False,493,444.42558877711565,10.9297062206841,0.3632726733970252,24.088836505472077,60,295.8,9.726726266776554,429,0.8812649021707024
1148,mora,packing_C,T09,largo,28,G4,8.306832488988663,0.7077625549300004,0.8966564240485821,False,493,444.42558877711565,10.9297062206841,0.3632726733970252,24.088836505472077,60,295.8,9.726726266776554,430,0.7711031870433616
1148,mora,packing_C,T09,largo,28,G4,8.306832488988663,0.7077625549300004,0.8966564240485821,False,493,444.42558877711565,10.9297062206841,0.3632726733970252,24.088836505472077,60,295.8,9.726726266776554,431,0.8268568466240848
1148,mora,packing_C,T09,largo,28,G4,8.306832488988663,0.7077625549300004,0.8966564240485821,False,493,444.42558877711565,10.9297062206841,0.3632726733970252,24.088836505472077,60,295.8,9.726726266776554,432,0.712245169832214
1148,mora,packing_C,T09,largo,28,G4,8.306832488988663,0.7077625549300004,0.8966564240485821,False,493,444.42558877711565,10.9297062206841,0.3632726733970252,24.088836505472077,60,295.8,9.726726266776554,433,0.6371879398438431
1148,mora,packing_C,T09,largo,28,G4,8.306832488988663,0.7077625549300004,0.8966564240485821,False,493,444.42558877711565,10.9297062206841,0.3632726733970252,24.088836505472077,60,295.8,9.726726266776554,434,0.4647399396905016
1148,mora,packing_C,T09,largo,28,G4,8.306832488988663,0.7077625549300004,0.8966564240485821,False,493,444.42558877711565,10.9297062206841,0.3632726733970252,24.088836505472077,60,295.8,9.726726266776554,435,0.4733844698636159
1148,mora,packing_C,T09,largo,28,G4,8.306832488988663,0.7077625549300004,0.8966564240485821,False,493,444.42558877711565,10.9297062206841,0.3632726733970252,24.088836505472077,60,295.8,9.726726266776554,436,0.17482766862664983
1148,mora,packing_C,T09,largo,28,G4,8.306832488988663,0.7077625549300004,0.8966564240485821,False,493,444.42558877711565,10.9297062206841,0.3632726733970252,24.088836505472077,60,295.8,9.726726266776554,437,0.022922518284533566
1148,mora,packing_C,T09,largo,28,G4,8.306832488988663,0.7077625549300004,0.8966564240485821,False,493,444.42558877711565,10.9297062206841,0.3632726733970252,24.088836505472077,60,295.8,9.726726266776554,438,0.0016598338550467412
1148,mora,packing_C,T09,largo,28,G4,8.306832488988663,0.7077625549300004,0.8966564240485821,False,493,444.42558877711565,10.9297062206841,0.3632726733970252,24.088836505472077,60,295.8,9.726726266776554,439,0.06359652440276149
1148,mora,packing_C,T09,largo,28,G4,8.306832488988663,0.7077625549300004,0.8966564240485821,False,493,444.42558877711565,10.9297062206841,0.3632726733970252,24.088836505472077,60,295.8,9.726726266776554,440,0.07928842519259025
1148,mora,packing_C,T09,largo,28,G4,8.306832488988663,0.7077625549300004,0.8966564240485821,False,493,444.42558877711565,10.9297062206841,0.3632726733970252,24.088836505472077,60,295.8,9.726726266776554,441,-0.0005768487000477052
1148,mora,packing_C,T09,largo,28,G4,8.306832488988663,0.7077625549300004,0.8966564240485821,False,493,444.42558877711565,10.9297062206841,0.3632726733970252,24.088836505472077,60,295.8,9.726726266776554,442,-0.17929284519281102
1148,mora,packing_C,T09,largo,28,G4,8.306832488988663,0.7077625549300004,0.8966564240485821,False,493,444.42558877711565,10.9297062206841,0.3632726733970252,24.088836505472077,60,295.8,9.726726266776554,443,0.057404009562951275
1148,mora,packing_C,T09,largo,28,G4,8.306832488988663,0.7077625549300004,0.8966564240485821,False,493,444.42558877711565,10.9297062206841,0.3632726733970252,24.088836505472077,60,295.8,9.726726266776554,444,-0.19175813007606246
1148,mora,packing_C,T09,largo,28,G4,8.306832488988663,0.7077625549300004,0.8966564240485821,False,493,444.42558877711565,10.9297062206841,0.3632726733970252,24.088836505472077,60,295.8,9.726726266776554,445,-0.09161080891776555
1148,mora,packing_C,T09,largo,28,G4,8.306832488988663,0.7077625549300004,0.8966564240485821,False,493,444.42558877711565,10.9297062206841,0.3632726733970252,24.088836505472077,60,295.8,9.726726266776554,446,-0.059684657639865135
1148,mora,packing_C,T09,largo,28,G4,8.306832488988663,0.7077625549300004,0.8966564240485821,False,493,444.42558877711565,10.9297062206841,0.3632726733970252,24.088836505472077,60,295.8,9.726726266776554,447,0.10352261063800768
1148,mora,packing_C,T09,largo,28,G4,8.306832488988663,0.7077625549300004,0.8966564240485821,False,493,444.42558877711565,10.9297062206841,0.3632726733970252,24.088836505472077,60,295.8,9.726726266776554,448,0.09225906045960132
1148,mora,packing_C,T09,largo,28,G4,8.306832488988663,0.7077625549300004,0.8966564240485821,False,493,444.42558877711565,10.9297062206841,0.3632726733970252,24.088836505472077,60,295.8,9.726726266776554,449,0.343472474327509
1148,mora,packing_C,T09,largo,28,G4,8.306832488988663,0.7077625549300004,0.8966564240485821,False,493,444.42558877711565,10.9297062206841,0.3632726733970252,24.088836505472077,60,295.8,9.726726266776554,450,0.36438547286452544
1148,mora,packing_C,T09,largo,28,G4,8.306832488988663,0.7077625549300004,0.8966564240485821,False,493,444.42558877711565,10.9297062206841,0.3632726733970252,24.088836505472077,60,295.8,9.726726266776554,451,0.48917701850075335
1148,mora,packing_C,T09,largo,28,G4,8.306832488988663,0.7077625549300004,0.8966564240485821,False,493,444.42558877711565,10.9297062206841,0.3632726733970252,24.088836505472077,60,295.8,9.726726266776554,452,0.5979069872331769
1148,mora,packing_C,T09,largo,28,G4,8.306832488988663,0.7077625549300004,0.8966564240485821,False,493,444.42558877711565,10.9297062206841,0.3632726733970252,24.088836505472077,60,295.8,9.726726266776554,453,0.6694090924085704
1148,mora,packing_C,T09,largo,28,G4,8.306832488988663,0.7077625549300004,0.8966564240485821,False,493,444.42558877711565,10.9297062206841,0.3632726733970252,24.088836505472077,60,295.8,9.726726266776554,454,0.7456600931762973
1148,mora,packing_C,T09,largo,28,G4,8.306832488988663,0.7077625549300004,0.8966564240485821,False,493,444.42558877711565,10.9297062206841,0.3632726733970252,24.088836505472077,60,295.8,9.726726266776554,455,0.8484499969274705
1148,mora,packing_C,T09,largo,28,G4,8.306832488988663,0.7077625549300004,0.8966564240485821,False,493,444.42558877711565,10.9297062206841,0.3632726733970252,24.088836505472077,60,295.8,9.726726266776554,456,0.6914143064863651
1148,mora,packing_C,T09,largo,28,G4,8.306832488988663,0.7077625549300004,0.8966564240485821,False,493,444.42558877711565,10.9297062206841,0.3632726733970252,24.088836505472077,60,295.8,9.726726266776554,457,0.9118241414960814
1148,mora,packing_C,T09,largo,28,G4,8.306832488988663,0.7077625549300004,0.8966564240485821,False,493,444.42558877711565,10.9297062206841,0.3632726733970252,24.088836505472077,60,295.8,9.726726266776554,458,0.6713646793730382
1148,mora,packing_C,T09,largo,28,G4,8.306832488988663,0.7077625549300004,0.8966564240485821,False,493,444.42558877711565,10.9297062206841,0.3632726733970252,24.088836505472077,60,295.8,9.726726266776554,459,0.7701622661489851
1148,mora,packing_C,T09,largo,28,G4,8.306832488988663,0.7077625549300004,0.8966564240485821,False,493,444.42558877711565,10.9297062206841,0.3632726733970252,24.088836505472077,60,295.8,9.726726266776554,460,0.9438285987572533
1148,mora,packing_C,T09,largo,28,G4,8.306832488988663,0.7077625549300004,0.8966564240485821,False,493,444.42558877711565,10.9297062206841,0.3632726733970252,24.088836505472077,60,295.8,9.726726266776554,461,0.7642370733627167
1148,mora,packing_C,T09,largo,28,G4,8.306832488988663,0.7077625549300004,0.8966564240485821,False,493,444.42558877711565,10.9297062206841,0.3632726733970252,24.088836505472077,60,295.8,9.726726266776554,462,0.6265990450603541
1148,mora,packing_C,T09,largo,28,G4,8.306832488988663,0.7077625549300004,0.8966564240485821,False,493,444.42558877711565,10.9297062206841,0.3632726733970252,24.088836505472077,60,295.8,9.726726266776554,463,0.7653701545312118
1148,mora,packing_C,T09,largo,28,G4,8.306832488988663,0.7077625549300004,0.8966564240485821,False,493,444.42558877711565,10.9297062206841,0.3632726733970252,24.088836505472077,60,295.8,9.726726266776554,464,0.4024152130590691
1148,mora,packing_C,T09,largo,28,G4,8.306832488988663,0.7077625549300004,0.8966564240485821,False,493,444.42558877711565,10.9297062206841,0.3632726733970252,24.088836505472077,60,295.8,9.726726266776554,465,0.3079563994833989
1148,mora,packing_C,T09,largo,28,G4,8.306832488988663,0.7077625549300004,0.8966564240485821,False,493,444.42558877711565,10.9297062206841,0.3632726733970252,24.088836505472077,60,295.8,9.726726266776554,466,0.1883956088893406
1148,mora,packing_C,T09,largo,28,G4,8.306832488988663,0.7077625549300004,0.8966564240485821,False,493,444.42558877711565,10.9297062206841,0.3632726733970252,24.088836505472077,60,295.8,9.726726266776554,467,0.14479724715263023
1148,mora,packing_C,T09,largo,28,G4,8.306832488988663,0.7077625549300004,0.8966564240485821,False,493,444.42558877711565,10.9297062206841,0.3632726733970252,24.088836505472077,60,295.8,9.726726266776554,468,0.09759692632328396
1148,mora,packing_C,T09,largo,28,G4,8.306832488988663,0.7077625549300004,0.8966564240485821,False,493,444.42558877711565,10.9297062206841,0.3632726733970252,24.088836505472077,60,295.8,9.726726266776554,469,0.0011560670426628353
1148,mora,packing_C,T09,largo,28,G4,8.306832488988663,0.7077625549300004,0.8966564240485821,False,493,444.42558877711565,10.9297062206841,0.3632726733970252,24.088836505472077,60,295.8,9.726726266776554,470,0.06956869047943752
1148,mora,packing_C,T09,largo,28,G4,8.306832488988663,0.7077625549300004,0.8966564240485821,False,493,444.42558877711565,10.9297062206841,0.3632726733970252,24.088836505472077,60,295.8,9.726726266776554,471,-0.19021833152412185
1148,mora,packing_C,T09,largo,28,G4,8.306832488988663,0.7077625549300004,0.8966564240485821,False,493,444.42558877711565,10.9297062206841,0.3632726733970252,24.088836505472077,60,295.8,9.726726266776554,472,-0.13506628134228033
1148,mora,packing_C,T09,largo,28,G4,8.306832488988663,0.7077625549300004,0.8966564240485821,False,493,444.42558877711565,10.9297062206841,0.3632726733970252,24.088836505472077,60,295.8,9.726726266776554,473,-0.24269078779065836
1148,mora,packing_C,T09,largo,28,G4,8.306832488988663,0.7077625549300004,0.8966564240485821,False,493,444.42558877711565,10.9297062206841,0.3632726733970252,24.088836505472077,60,295.8,9.726726266776554,474,-0.15072185007787542
1148,mora,packing_C,T09,largo,28,G4,8.306832488988663,0.7077625549300004,0.8966564240485821,False,493,444.42558877711565,10.9297062206841,0.3632726733970252,24.088836505472077,60,295.8,9.726726266776554,475,0.06834383699852875
1148,mora,packing_C,T09,largo,28,G4,8.306832488988663,0.7077625549300004,0.8966564240485821,False,493,444.42558877711565,10.9297062206841,0.3632726733970252,24.088836505472077,60,295.8,9.726726266776554,476,-0.041285441816477836
1148,mora,packing_C,T09,largo,28,G4,8.306832488988663,0.7077625549300004,0.8966564240485821,False,493,444.42558877711565,10.9297062206841,0.3632726733970252,24.088836505472077,60,295.8,9.726726266776554,477,0.05838534076425331
1148,mora,packing_C,T09,largo,28,G4,8.306832488988663,0.7077625549300004,0.8966564240485821,False,493,444.42558877711565,10.9297062206841,0.3632726733970252,24.088836505472077,60,295.8,9.726726266776554,478,0.024518729429428593
1148,mora,packing_C,T09,largo,28,G4,8.306832488988663,0.7077625549300004,0.8966564240485821,False,493,444.42558877711565,10.9297062206841,0.3632726733970252,24.088836505472077,60,295.8,9.726726266776554,479,0.22329614027157743
1148,mora,packing_C,T09,largo,28,G4,8.306832488988663,0.7077625549300004,0.8966564240485821,False,493,444.42558877711565,10.9297062206841,0.3632726733970252,24.088836505472077,60,295.8,9.726726266776554,480,0.33541331019680126
1148,mora,packing_C,T09,largo,28,G4,8.306832488988663,0.7077625549300004,0.8966564240485821,False,493,444.42558877711565,10.9297062206841,0.3632726733970252,24.088836505472077,60,295.8,9.726726266776554,481,0.26619681566574227
1148,mora,packing_C,T09,largo,28,G4,8.306832488988663,0.7077625549300004,0.8966564240485821,False,493,444.42558877711565,10.9297062206841,0.3632726733970252,24.088836505472077,60,295.8,9.726726266776554,482,0.4739789915877794
1148,mora,packing_C,T09,largo,28,G4,8.306832488988663,0.7077625549300004,0.8966564240485821,False,493,444.42558877711565,10.9297062206841,0.3632726733970252,24.088836505472077,60,295.8,9.726726266776554,483,0.5907324026951737
1148,mora,packing_C,T09,largo,28,G4,8.306832488988663,0.7077625549300004,0.8966564240485821,False,493,444.42558877711565,10.9297062206841,0.3632726733970252,24.088836505472077,60,295.8,9.726726266776554,484,0.7524877971429208
1148,mora,packing_C,T09,largo,28,G4,8.306832488988663,0.7077625549300004,0.8966564240485821,False,493,444.42558877711565,10.9297062206841,0.3632726733970252,24.088836505472077,60,295.8,9.726726266776554,485,0.8548299409497262
1148,mora,packing_C,T09,largo,28,G4,8.306832488988663,0.7077625549300004,0.8966564240485821,False,493,444.42558877711565,10.9297062206841,0.3632726733970252,24.088836505472077,60,295.8,9.726726266776554,486,0.6681495677268635
1148,mora,packing_C,T09,largo,28,G4,8.306832488988663,0.7077625549300004,0.8966564240485821,False,493,444.42558877711565,10.9297062206841,0.3632726733970252,24.088836505472077,60,295.8,9.726726266776554,487,0.8174439952716016
1148,mora,packing_C,T09,largo,28,G4,8.306832488988663,0.7077625549300004,0.8966564240485821,False,493,444.42558877711565,10.9297062206841,0.3632726733970252,24.088836505472077,60,295.8,9.726726266776554,488,0.9099383040940549
1148,mora,packing_C,T09,largo,28,G4,8.306832488988663,0.7077625549300004,0.8966564240485821,False,493,444.42558877711565,10.9297062206841,0.3632726733970252,24.088836505472077,60,295.8,9.726726266776554,489,0.8975097352622948
1148,mora,packing_C,T09,largo,28,G4,8.306832488988663,0.7077625549300004,0.8966564240485821,False,493,444.42558877711565,10.9297062206841,0.3632726733970252,24.088836505472077,60,295.8,9.726726266776554,490,0.7749792087625217
1148,mora,packing_C,T09,largo,28,G4,8.306832488988663,0.7077625549300004,0.8966564240485821,False,493,444.42558877711565,10.9297062206841,0.3632726733970252,24.088836505472077,60,295.8,9.726726266776554,491,0.7256503281479917
1148,mora,packing_C,T09,largo,28,G4,8.306832488988663,0.7077625549300004,0.8966564240485821,False,493,444.42558877711565,10.9297062206841,0.3632726733970252,24.088836505472077,60,295.8,9.726726266776554,492,0.5592248939609261
