proceso_id,epoca,packing,tunel,tipo_tunel,iteracion,mass_group,masa_ton,ocupabilidad,caudal_factor,anomalia_duracion,duracion_min,duracion_esperada_min,delta_duracion_pct,setpoint,T0,pct_transitorio,t_trans_min,overshoot_pct,tiempo_min,temperatura
2239,uva,packing_C,T06,largo,39,G4,8.254050851820173,0.636174900375039,0.8871933006895512,False,454,435.5388376922252,4.238694855685973,-0.42999964971365057,24.941464952594327,60,272.4,9.457157690082338,0,24.975210894692943
2239,uva,packing_C,T06,largo,39,G4,8.254050851820173,0.636174900375039,0.8871933006895512,False,454,435.5388376922252,4.238694855685973,-0.42999964971365057,24.941464952594327,60,272.4,9.457157690082338,1,24.883505159194783
2239,uva,packing_C,T06,largo,39,G4,8.254050851820173,0.636174900375039,0.8871933006895512,False,454,435.5388376922252,4.238694855685973,-0.42999964971365057,24.941464952594327,60,272.4,9.457157690082338,2,24.55714758570604
2239,uva,packing_C,T06,largo,39,G4,8.254050851820173,0.636174900375039,0.8871933006895512,False,454,435.5388376922252,4.238694855685973,-0.42999964971365057,24.941464952594327,60,272.4,9.457157690082338,3,24.23368963583116
2239,uva,packing_C,T06,largo,39,G4,8.254050851820173,0.636174900375039,0.8871933006895512,False,454,435.5388376922252,4.238694855685973,-0.42999964971365057,24.941464952594327,60,272.4,9.457157690082338,4,24.076952612665007
2239,uva,packing_C,T06,largo,39,G4,8.254050851820173,0.636174900375039,0.8871933006895512,False,454,435.5388376922252,4.238694855685973,-0.42999964971365057,24.941464952594327,60,272.4,9.457157690082338,5,23.74378784461954
2239,uva,packing_C,T06,largo,39,G4,8.254050851820173,0.636174900375039,0.8871933006895512,False,454,435.5388376922252,4.238694855685973,-0.42999964971365057,24.941464952594327,60,272.4,9.457157690082338,6,23.45723989741806
2239,uva,packing_C,T06,largo,39,G4,8.254050851820173,0.636174900375039,0.8871933006895512,False,454,435.5388376922252,4.238694855685973,-0.42999964971365057,24.941464952594327,60,272.4,9.457157690082338,7,23.416618508186303
2239,uva,packing_C,T06,largo,39,G4,8.254050851820173,0.636174900375039,0.8871933006895512,False,454,435.5388376922252,4.238694855685973,-0.42999964971365057,24.941464952594327,60,272.4,9.457157690082338,8,22.98527447557949
2239,uva,packing_C,T06,largo,39,G4,8.254050851820173,0.636174900375039,0.8871933006895512,False,454,435.5388376922252,4.238694855685973,-0.42999964971365057,24.941464952594327,60,272.4,9.457157690082338,9,22.58899034421974
2239,uva,packing_C,T06,largo,39,G4,8.254050851820173,0.636174900375039,0.8871933006895512,False,454,435.5388376922252,4.238694855685973,-0.42999964971365057,24.941464952594327,60,272.4,9.457157690082338,10,22.241972097589862
2239,uva,packing_C,T06,largo,39,G4,8.254050851820173,0.636174900375039,0.8871933006895512,False,454,435.5388376922252,4.238694855685973,-0.42999964971365057,24.941464952594327,60,272.4,9.457157690082338,11,22.158837704062616
2239,uva,packing_C,T06,largo,39,G4,8.254050851820173,0.636174900375039,0.8871933006895512,False,454,435.5388376922252,4.238694855685973,-0.42999964971365057,24.941464952594327,60,272.4,9.457157690082338,12,21.96972763079781
2239,uva,packing_C,T06,largo,39,G4,8.254050851820173,0.636174900375039,0.8871933006895512,False,454,435.5388376922252,4.238694855685973,-0.42999964971365057,24.941464952594327,60,272.4,9.457157690082338,13,21.70289259327392
2239,uva,packing_C,T06,largo,39,G4,8.254050851820173,0.636174900375039,0.8871933006895512,False,454,435.5388376922252,4.238694855685973,-0.42999964971365057,24.941464952594327,60,272.4,9.457157690082338,14,21.336273553415612
2239,uva,packing_C,T06,largo,39,G4,8.254050851820173,0.636174900375039,0.8871933006895512,False,454,435.5388376922252,4.238694855685973,-0.42999964971365057,24.941464952594327,60,272.4,9.457157690082338,15,20.938035422298075
2239,uva,packing_C,T06,largo,39,G4,8.254050851820173,0.636174900375039,0.8871933006895512,False,454,435.5388376922252,4.238694855685973,-0.42999964971365057,24.941464952594327,60,272.4,9.457157690082338,16,20.900123124013195
2239,uva,packing_C,T06,largo,39,G4,8.254050851820173,0.636174900375039,0.8871933006895512,False,454,435.5388376922252,4.238694855685973,-0.42999964971365057,24.941464952594327,60,272.4,9.457157690082338,17,20.594260559937577
2239,uva,packing_C,T06,largo,39,G4,8.254050851820173,0.636174900375039,0.8871933006895512,False,454,435.5388376922252,4.238694855685973,-0.42999964971365057,24.941464952594327,60,272.4,9.457157690082338,18,20.25799293705444
2239,uva,packing_C,T06,largo,39,G4,8.254050851820173,0.636174900375039,0.8871933006895512,False,454,435.5388376922252,4.238694855685973,-0.42999964971365057,24.941464952594327,60,272.4,9.457157690082338,19,19.90744866232356
2239,uva,packing_C,T06,largo,39,G4,8.254050851820173,0.636174900375039,0.8871933006895512,False,454,435.5388376922252,4.238694855685973,-0.42999964971365057,24.941464952594327,60,272.4,9.457157690082338,20,19.583323586047257
2239,uva,packing_C,T06,largo,39,G4,8.254050851820173,0.636174900375039,0.8871933006895512,False,454,435.5388376922252,4.238694855685973,-0.42999964971365057,24.941464952594327,60,272.4,9.457157690082338,21,19.159741958253203
2239,uva,packing_C,T06,largo,39,G4,8.254050851820173,0.636174900375039,0.8871933006895512,False,454,435.5388376922252,4.238694855685973,-0.42999964971365057,24.941464952594327,60,272.4,9.457157690082338,22,19.122542009489493
2239,uva,packing_C,T06,largo,39,G4,8.254050851820173,0.636174900375039,0.8871933006895512,False,454,435.5388376922252,4.238694855685973,-0.42999964971365057,24.941464952594327,60,272.4,9.457157690082338,23,18.456477529657327
2239,uva,packing_C,T06,largo,39,G4,8.254050851820173,0.636174900375039,0.8871933006895512,False,454,435.5388376922252,4.238694855685973,-0.42999964971365057,24.941464952594327,60,272.4,9.457157690082338,24,18.38531217447201
2239,uva,packing_C,T06,largo,39,G4,8.254050851820173,0.636174900375039,0.8871933006895512,False,454,435.5388376922252,4.238694855685973,-0.42999964971365057,24.941464952594327,60,272.4,9.457157690082338,25,18.012375947472147
2239,uva,packing_C,T06,largo,39,G4,8.254050851820173,0.636174900375039,0.8871933006895512,False,454,435.5388376922252,4.238694855685973,-0.42999964971365057,24.941464952594327,60,272.4,9.457157690082338,26,17.89051881676013
2239,uva,packing_C,T06,largo,39,G4,8.254050851820173,0.636174900375039,0.8871933006895512,False,454,435.5388376922252,4.238694855685973,-0.42999964971365057,24.941464952594327,60,272.4,9.457157690082338,27,17.301778894180153
2239,uva,packing_C,T06,largo,39,G4,8.254050851820173,0.636174900375039,0.8871933006895512,False,454,435.5388376922252,4.238694855685973,-0.42999964971365057,24.941464952594327,60,272.4,9.457157690082338,28,16.945207405991134
2239,uva,packing_C,T06,largo,39,G4,8.254050851820173,0.636174900375039,0.8871933006895512,False,454,435.5388376922252,4.238694855685973,-0.42999964971365057,24.941464952594327,60,272.4,9.457157690082338,29,16.72505869759472
2239,uva,packing_C,T06,largo,39,G4,8.254050851820173,0.636174900375039,0.8871933006895512,False,454,435.5388376922252,4.238694855685973,-0.42999964971365057,24.941464952594327,60,272.4,9.457157690082338,30,16.4161017711734
2239,uva,packing_C,T06,largo,39,G4,8.254050851820173,0.636174900375039,0.8871933006895512,False,454,435.5388376922252,4.238694855685973,-0.42999964971365057,24.941464952594327,60,272.4,9.457157690082338,31,15.965802541800773
2239,uva,packing_C,T06,largo,39,G4,8.254050851820173,0.636174900375039,0.8871933006895512,False,454,435.5388376922252,4.238694855685973,-0.42999964971365057,24.941464952594327,60,272.4,9.457157690082338,32,15.807547121961061
2239,uva,packing_C,T06,largo,39,G4,8.254050851820173,0.636174900375039,0.8871933006895512,False,454,435.5388376922252,4.238694855685973,-0.42999964971365057,24.941464952594327,60,272.4,9.457157690082338,33,15.520324220663607
2239,uva,packing_C,T06,largo,39,G4,8.254050851820173,0.636174900375039,0.8871933006895512,False,454,435.5388376922252,4.238694855685973,-0.42999964971365057,24.941464952594327,60,272.4,9.457157690082338,34,15.012886536848793
2239,uva,packing_C,T06,largo,39,G4,8.254050851820173,0.636174900375039,0.8871933006895512,False,454,435.5388376922252,4.238694855685973,-0.42999964971365057,24.941464952594327,60,272.4,9.457157690082338,35,14.887264666588736
2239,uva,packing_C,T06,largo,39,G4,8.254050851820173,0.636174900375039,0.8871933006895512,False,454,435.5388376922252,4.238694855685973,-0.42999964971365057,24.941464952594327,60,272.4,9.457157690082338,36,14.588311251018347
2239,uva,packing_C,T06,largo,39,G4,8.254050851820173,0.636174900375039,0.8871933006895512,False,454,435.5388376922252,4.238694855685973,-0.42999964971365057,24.941464952594327,60,272.4,9.457157690082338,37,13.991558713607121
2239,uva,packing_C,T06,largo,39,G4,8.254050851820173,0.636174900375039,0.8871933006895512,False,454,435.5388376922252,4.238694855685973,-0.42999964971365057,24.941464952594327,60,272.4,9.457157690082338,38,13.83729604553349
2239,uva,packing_C,T06,largo,39,G4,8.254050851820173,0.636174900375039,0.8871933006895512,False,454,435.5388376922252,4.238694855685973,-0.42999964971365057,24.941464952594327,60,272.4,9.457157690082338,39,13.598324138360042
2239,uva,packing_C,T06,largo,39,G4,8.254050851820173,0.636174900375039,0.8871933006895512,False,454,435.5388376922252,4.238694855685973,-0.42999964971365057,24.941464952594327,60,272.4,9.457157690082338,40,13.231330189623398
2239,uva,packing_C,T06,largo,39,G4,8.254050851820173,0.636174900375039,0.8871933006895512,False,454,435.5388376922252,4.238694855685973,-0.42999964971365057,24.941464952594327,60,272.4,9.457157690082338,41,13.045764956984089
2239,uva,packing_C,T06,largo,39,G4,8.254050851820173,0.636174900375039,0.8871933006895512,False,454,435.5388376922252,4.238694855685973,-0.42999964971365057,24.941464952594327,60,272.4,9.457157690082338,42,12.679008056717784
2239,uva,packing_C,T06,largo,39,G4,8.254050851820173,0.636174900375039,0.8871933006895512,False,454,435.5388376922252,4.238694855685973,-0.42999964971365057,24.941464952594327,60,272.4,9.457157690082338,43,12.165130035413858
2239,uva,packing_C,T06,largo,39,G4,8.254050851820173,0.636174900375039,0.8871933006895512,False,454,435.5388376922252,4.238694855685973,-0.42999964971365057,24.941464952594327,60,272.4,9.457157690082338,44,12.14175774884278
2239,uva,packing_C,T06,largo,39,G4,8.254050851820173,0.636174900375039,0.8871933006895512,False,454,435.5388376922252,4.238694855685973,-0.42999964971365057,24.941464952594327,60,272.4,9.457157690082338,45,11.653923633382075
2239,uva,packing_C,T06,largo,39,G4,8.254050851820173,0.636174900375039,0.8871933006895512,False,454,435.5388376922252,4.238694855685973,-0.42999964971365057,24.941464952594327,60,272.4,9.457157690082338,46,11.225550692737743
2239,uva,packing_C,T06,largo,39,G4,8.254050851820173,0.636174900375039,0.8871933006895512,False,454,435.5388376922252,4.238694855685973,-0.42999964971365057,24.941464952594327,60,272.4,9.457157690082338,47,11.154630223297232
2239,uva,packing_C,T06,largo,39,G4,8.254050851820173,0.636174900375039,0.8871933006895512,False,454,435.5388376922252,4.238694855685973,-0.42999964971365057,24.941464952594327,60,272.4,9.457157690082338,48,10.863273523424631
2239,uva,packing_C,T06,largo,39,G4,8.254050851820173,0.636174900375039,0.8871933006895512,False,454,435.5388376922252,4.238694855685973,-0.42999964971365057,24.941464952594327,60,272.4,9.457157690082338,49,10.48143744108488
2239,uva,packing_C,T06,largo,39,G4,8.254050851820173,0.636174900375039,0.8871933006895512,False,454,435.5388376922252,4.238694855685973,-0.42999964971365057,24.941464952594327,60,272.4,9.457157690082338,50,9.890885090233436
2239,uva,packing_C,T06,largo,39,G4,8.254050851820173,0.636174900375039,0.8871933006895512,False,454,435.5388376922252,4.238694855685973,-0.42999964971365057,24.941464952594327,60,272.4,9.457157690082338,51,9.684153214361475
2239,uva,packing_C,T06,largo,39,G4,8.254050851820173,0.636174900375039,0.8871933006895512,False,454,435.5388376922252,4.238694855685973,-0.42999964971365057,24.941464952594327,60,272.4,9.457157690082338,52,9.505112557506646
2239,uva,packing_C,T06,largo,39,G4,8.254050851820173,0.636174900375039,0.8871933006895512,False,454,435.5388376922252,4.238694855685973,-0.42999964971365057,24.941464952594327,60,272.4,9.457157690082338,53,9.075587372416651
2239,uva,packing_C,T06,largo,39,G4,8.254050851820173,0.636174900375039,0.8871933006895512,False,454,435.5388376922252,4.238694855685973,-0.42999964971365057,24.941464952594327,60,272.4,9.457157690082338,54,8.784380530125548
2239,uva,packing_C,T06,largo,39,G4,8.254050851820173,0.636174900375039,0.8871933006895512,False,454,435.5388376922252,4.238694855685973,-0.42999964971365057,24.941464952594327,60,272.4,9.457157690082338,55,8.533733504497746
2239,uva,packing_C,T06,largo,39,G4,8.254050851820173,0.636174900375039,0.8871933006895512,False,454,435.5388376922252,4.238694855685973,-0.42999964971365057,24.941464952594327,60,272.4,9.457157690082338,56,8.255722048499821
2239,uva,packing_C,T06,largo,39,G4,8.254050851820173,0.636174900375039,0.8871933006895512,False,454,435.5388376922252,4.238694855685973,-0.42999964971365057,24.941464952594327,60,272.4,9.457157690082338,57,8.02733769012457
2239,uva,packing_C,T06,largo,39,G4,8.254050851820173,0.636174900375039,0.8871933006895512,False,454,435.5388376922252,4.238694855685973,-0.42999964971365057,24.941464952594327,60,272.4,9.457157690082338,58,7.605421933248097
2239,uva,packing_C,T06,largo,39,G4,8.254050851820173,0.636174900375039,0.8871933006895512,False,454,435.5388376922252,4.238694855685973,-0.42999964971365057,24.941464952594327,60,272.4,9.457157690082338,59,7.1916630243335815
2239,uva,packing_C,T06,largo,39,G4,8.254050851820173,0.636174900375039,0.8871933006895512,False,454,435.5388376922252,4.238694855685973,-0.42999964971365057,24.941464952594327,60,272.4,9.457157690082338,60,6.7438874404159765
2239,uva,packing_C,T06,largo,39,G4,8.254050851820173,0.636174900375039,0.8871933006895512,False,454,435.5388376922252,4.238694855685973,-0.42999964971365057,24.941464952594327,60,272.4,9.457157690082338,61,6.721274298745618
2239,uva,packing_C,T06,largo,39,G4,8.254050851820173,0.636174900375039,0.8871933006895512,False,454,435.5388376922252,4.238694855685973,-0.42999964971365057,24.941464952594327,60,272.4,9.457157690082338,62,6.470857550532421
2239,uva,packing_C,T06,largo,39,G4,8.254050851820173,0.636174900375039,0.8871933006895512,False,454,435.5388376922252,4.238694855685973,-0.42999964971365057,24.941464952594327,60,272.4,9.457157690082338,63,6.160986345582044
2239,uva,packing_C,T06,largo,39,G4,8.254050851820173,0.636174900375039,0.8871933006895512,False,454,435.5388376922252,4.238694855685973,-0.42999964971365057,24.941464952594327,60,272.4,9.457157690082338,64,5.707238969517398
2239,uva,packing_C,T06,largo,39,G4,8.254050851820173,0.636174900375039,0.8871933006895512,False,454,435.5388376922252,4.238694855685973,-0.42999964971365057,24.941464952594327,60,272.4,9.457157690082338,65,5.528525604258824
2239,uva,packing_C,T06,largo,39,G4,8.254050851820173,0.636174900375039,0.8871933006895512,False,454,435.5388376922252,4.238694855685973,-0.42999964971365057,24.941464952594327,60,272.4,9.457157690082338,66,5.103938368039117
2239,uva,packing_C,T06,largo,39,G4,8.254050851820173,0.636174900375039,0.8871933006895512,False,454,435.5388376922252,4.238694855685973,-0.42999964971365057,24.941464952594327,60,272.4,9.457157690082338,67,4.9163314234260955
2239,uva,packing_C,T06,largo,39,G4,8.254050851820173,0.636174900375039,0.8871933006895512,False,454,435.5388376922252,4.238694855685973,-0.42999964971365057,24.941464952594327,60,272.4,9.457157690082338,68,4.720256492341693
2239,uva,packing_C,T06,largo,39,G4,8.254050851820173,0.636174900375039,0.8871933006895512,False,454,435.5388376922252,4.238694855685973,-0.42999964971365057,24.941464952594327,60,272.4,9.457157690082338,69,4.25363188108596
2239,uva,packing_C,T06,largo,39,G4,8.254050851820173,0.636174900375039,0.8871933006895512,False,454,435.5388376922252,4.238694855685973,-0.42999964971365057,24.941464952594327,60,272.4,9.457157690082338,70,3.9805427524732346
2239,uva,packing_C,T06,largo,39,G4,8.254050851820173,0.636174900375039,0.8871933006895512,False,454,435.5388376922252,4.238694855685973,-0.42999964971365057,24.941464952594327,60,272.4,9.457157690082338,71,3.9085616826689256
2239,uva,packing_C,T06,largo,39,G4,8.254050851820173,0.636174900375039,0.8871933006895512,False,454,435.5388376922252,4.238694855685973,-0.42999964971365057,24.941464952594327,60,272.4,9.457157690082338,72,3.592182729682457
2239,uva,packing_C,T06,largo,39,G4,8.254050851820173,0.636174900375039,0.8871933006895512,False,454,435.5388376922252,4.238694855685973,-0.42999964971365057,24.941464952594327,60,272.4,9.457157690082338,73,3.242889997824437
2239,uva,packing_C,T06,largo,39,G4,8.254050851820173,0.636174900375039,0.8871933006895512,False,454,435.5388376922252,4.238694855685973,-0.42999964971365057,24.941464952594327,60,272.4,9.457157690082338,74,3.1038415182698795
2239,uva,packing_C,T06,largo,39,G4,8.254050851820173,0.636174900375039,0.8871933006895512,False,454,435.5388376922252,4.238694855685973,-0.42999964971365057,24.941464952594327,60,272.4,9.457157690082338,75,2.7814992571937958
2239,uva,packing_C,T06,largo,39,G4,8.254050851820173,0.636174900375039,0.8871933006895512,False,454,435.5388376922252,4.238694855685973,-0.42999964971365057,24.941464952594327,60,272.4,9.457157690082338,76,2.5560103460509365
2239,uva,packing_C,T06,largo,39,G4,8.254050851820173,0.636174900375039,0.8871933006895512,False,454,435.5388376922252,4.238694855685973,-0.42999964971365057,24.941464952594327,60,272.4,9.457157690082338,77,2.203113452803659
2239,uva,packing_C,T06,largo,39,G4,8.254050851820173,0.636174900375039,0.8871933006895512,False,454,435.5388376922252,4.238694855685973,-0.42999964971365057,24.941464952594327,60,272.4,9.457157690082338,78,1.9648309418129182
2239,uva,packing_C,T06,largo,39,G4,8.254050851820173,0.636174900375039,0.8871933006895512,False,454,435.5388376922252,4.238694855685973,-0.42999964971365057,24.941464952594327,60,272.4,9.457157690082338,79,1.741200859485077
2239,uva,packing_C,T06,largo,39,G4,8.254050851820173,0.636174900375039,0.8871933006895512,False,454,435.5388376922252,4.238694855685973,-0.42999964971365057,24.941464952594327,60,272.4,9.457157690082338,80,1.3187642929215957
2239,uva,packing_C,T06,largo,39,G4,8.254050851820173,0.636174900375039,0.8871933006895512,False,454,435.5388376922252,4.238694855685973,-0.42999964971365057,24.941464952594327,60,272.4,9.457157690082338,81,1.1516965840439328
2239,uva,packing_C,T06,largo,39,G4,8.254050851820173,0.636174900375039,0.8871933006895512,False,454,435.5388376922252,4.238694855685973,-0.42999964971365057,24.941464952594327,60,272.4,9.457157690082338,82,0.9573046909898123
2239,uva,packing_C,T06,largo,39,G4,8.254050851820173,0.636174900375039,0.8871933006895512,False,454,435.5388376922252,4.238694855685973,-0.42999964971365057,24.941464952594327,60,272.4,9.457157690082338,83,0.7206064867776111
2239,uva,packing_C,T06,largo,39,G4,8.254050851820173,0.636174900375039,0.8871933006895512,False,454,435.5388376922252,4.238694855685973,-0.42999964971365057,24.941464952594327,60,272.4,9.457157690082338,84,0.4402212897100958
2239,uva,packing_C,T06,largo,39,G4,8.254050851820173,0.636174900375039,0.8871933006895512,False,454,435.5388376922252,4.238694855685973,-0.42999964971365057,24.941464952594327,60,272.4,9.457157690082338,85,0.0353158229766069
2239,uva,packing_C,T06,largo,39,G4,8.254050851820173,0.636174900375039,0.8871933006895512,False,454,435.5388376922252,4.238694855685973,-0.42999964971365057,24.941464952594327,60,272.4,9.457157690082338,86,-0.0373386803447047
2239,uva,packing_C,T06,largo,39,G4,8.254050851820173,0.636174900375039,0.8871933006895512,False,454,435.5388376922252,4.238694855685973,-0.42999964971365057,24.941464952594327,60,272.4,9.457157690082338,87,-0.18893830262547012
2239,uva,packing_C,T06,largo,39,G4,8.254050851820173,0.636174900375039,0.8871933006895512,False,454,435.5388376922252,4.238694855685973,-0.42999964971365057,24.941464952594327,60,272.4,9.457157690082338,88,-0.40441180154893797
2239,uva,packing_C,T06,largo,39,G4,8.254050851820173,0.636174900375039,0.8871933006895512,False,454,435.5388376922252,4.238694855685973,-0.42999964971365057,24.941464952594327,60,272.4,9.457157690082338,89,-0.7119988969442447
2239,uva,packing_C,T06,largo,39,G4,8.254050851820173,0.636174900375039,0.8871933006895512,False,454,435.5388376922252,4.238694855685973,-0.42999964971365057,24.941464952594327,60,272.4,9.457157690082338,90,-0.7676301226078218
2239,uva,packing_C,T06,largo,39,G4,8.254050851820173,0.636174900375039,0.8871933006895512,False,454,435.5388376922252,4.238694855685973,-0.42999964971365057,24.941464952594327,60,272.4,9.457157690082338,91,-1.1249349679565919
2239,uva,packing_C,T06,largo,39,G4,8.254050851820173,0.636174900375039,0.8871933006895512,False,454,435.5388376922252,4.238694855685973,-0.42999964971365057,24.941464952594327,60,272.4,9.457157690082338,92,-1.4123970156540722
2239,uva,packing_C,T06,largo,39,G4,8.254050851820173,0.636174900375039,0.8871933006895512,False,454,435.5388376922252,4.238694855685973,-0.42999964971365057,24.941464952594327,60,272.4,9.457157690082338,93,-1.5839978597049633
2239,uva,packing_C,T06,largo,39,G4,8.254050851820173,0.636174900375039,0.8871933006895512,False,454,435.5388376922252,4.238694855685973,-0.42999964971365057,24.941464952594327,60,272.4,9.457157690082338,94,-1.90664091418588
2239,uva,packing_C,T06,largo,39,G4,8.254050851820173,0.636174900375039,0.8871933006895512,False,454,435.5388376922252,4.238694855685973,-0.42999964971365057,24.941464952594327,60,272.4,9.457157690082338,95,-1.9181198172079181
2239,uva,packing_C,T06,largo,39,G4,8.254050851820173,0.636174900375039,0.8871933006895512,False,454,435.5388376922252,4.238694855685973,-0.42999964971365057,24.941464952594327,60,272.4,9.457157690082338,96,-2.097015221739526
2239,uva,packing_C,T06,largo,39,G4,8.254050851820173,0.636174900375039,0.8871933006895512,False,454,435.5388376922252,4.238694855685973,-0.42999964971365057,24.941464952594327,60,272.4,9.457157690082338,97,-2.41221037421749
2239,uva,packing_C,T06,largo,39,G4,8.254050851820173,0.636174900375039,0.8871933006895512,False,454,435.5388376922252,4.238694855685973,-0.42999964971365057,24.941464952594327,60,272.4,9.457157690082338,98,-2.5107048983492386
2239,uva,packing_C,T06,largo,39,G4,8.254050851820173,0.636174900375039,0.8871933006895512,False,454,435.5388376922252,4.238694855685973,-0.42999964971365057,24.941464952594327,60,272.4,9.457157690082338,99,-2.6442221804408907
2239,uva,packing_C,T06,largo,39,G4,8.254050851820173,0.636174900375039,0.8871933006895512,False,454,435.5388376922252,4.238694855685973,-0.42999964971365057,24.941464952594327,60,272.4,9.457157690082338,100,-2.8217693807794966
2239,uva,packing_C,T06,largo,39,G4,8.254050851820173,0.636174900375039,0.8871933006895512,False,454,435.5388376922252,4.238694855685973,-0.42999964971365057,24.941464952594327,60,272.4,9.457157690082338,101,-3.0132300051473355
2239,uva,packing_C,T06,largo,39,G4,8.254050851820173,0.636174900375039,0.8871933006895512,False,454,435.5388376922252,4.238694855685973,-0.42999964971365057,24.941464952594327,60,272.4,9.457157690082338,102,-3.3837143166709054
2239,uva,packing_C,T06,largo,39,G4,8.254050851820173,0.636174900375039,0.8871933006895512,False,454,435.5388376922252,4.238694855685973,-0.42999964971365057,24.941464952594327,60,272.4,9.457157690082338,103,-3.5820897165835106
2239,uva,packing_C,T06,largo,39,G4,8.254050851820173,0.636174900375039,0.8871933006895512,False,454,435.5388376922252,4.238694855685973,-0.42999964971365057,24.941464952594327,60,272.4,9.457157690082338,104,-3.716249395214287
2239,uva,packing_C,T06,largo,39,G4,8.254050851820173,0.636174900375039,0.8871933006895512,False,454,435.5388376922252,4.238694855685973,-0.42999964971365057,24.941464952594327,60,272.4,9.457157690082338,105,-3.6899533405027785
2239,uva,packing_C,T06,largo,39,G4,8.254050851820173,0.636174900375039,0.8871933006895512,False,454,435.5388376922252,4.238694855685973,-0.42999964971365057,24.941464952594327,60,272.4,9.457157690082338,106,-3.9587567789801494
2239,uva,packing_C,T06,largo,39,G4,8.254050851820173,0.636174900375039,0.8871933006895512,False,454,435.5388376922252,4.238694855685973,-0.42999964971365057,24.941464952594327,60,272.4,9.457157690082338,107,-4.019341712034983
2239,uva,packing_C,T06,largo,39,G4,8.254050851820173,0.636174900375039,0.8871933006895512,False,454,435.5388376922252,4.238694855685973,-0.42999964971365057,24.941464952594327,60,272.4,9.457157690082338,108,-4.420379478646285
2239,uva,packing_C,T06,largo,39,G4,8.254050851820173,0.636174900375039,0.8871933006895512,False,454,435.5388376922252,4.238694855685973,-0.42999964971365057,24.941464952594327,60,272.4,9.457157690082338,109,-4.3808220016696
2239,uva,packing_C,T06,largo,39,G4,8.254050851820173,0.636174900375039,0.8871933006895512,False,454,435.5388376922252,4.238694855685973,-0.42999964971365057,24.941464952594327,60,272.4,9.457157690082338,110,-4.706342540181811
2239,uva,packing_C,T06,largo,39,G4,8.254050851820173,0.636174900375039,0.8871933006895512,False,454,435.5388376922252,4.238694855685973,-0.42999964971365057,24.941464952594327,60,272.4,9.457157690082338,111,-4.809901745779474
2239,uva,packing_C,T06,largo,39,G4,8.254050851820173,0.636174900375039,0.8871933006895512,False,454,435.5388376922252,4.238694855685973,-0.42999964971365057,24.941464952594327,60,272.4,9.457157690082338,112,-4.880928907763945
2239,uva,packing_C,T06,largo,39,G4,8.254050851820173,0.636174900375039,0.8871933006895512,False,454,435.5388376922252,4.238694855685973,-0.42999964971365057,24.941464952594327,60,272.4,9.457157690082338,113,-4.98155588520457
2239,uva,packing_C,T06,largo,39,G4,8.254050851820173,0.636174900375039,0.8871933006895512,False,454,435.5388376922252,4.238694855685973,-0.42999964971365057,24.941464952594327,60,272.4,9.457157690082338,114,-5.282641303641097
2239,uva,packing_C,T06,largo,39,G4,8.254050851820173,0.636174900375039,0.8871933006895512,False,454,435.5388376922252,4.238694855685973,-0.42999964971365057,24.941464952594327,60,272.4,9.457157690082338,115,-5.0994373623089215
2239,uva,packing_C,T06,largo,39,G4,8.254050851820173,0.636174900375039,0.8871933006895512,False,454,435.5388376922252,4.238694855685973,-0.42999964971365057,24.941464952594327,60,272.4,9.457157690082338,116,-5.2828398665557295
2239,uva,packing_C,T06,largo,39,G4,8.254050851820173,0.636174900375039,0.8871933006895512,False,454,435.5388376922252,4.238694855685973,-0.42999964971365057,24.941464952594327,60,272.4,9.457157690082338,117,-5.458996574096909
2239,uva,packing_C,T06,largo,39,G4,8.254050851820173,0.636174900375039,0.8871933006895512,False,454,435.5388376922252,4.238694855685973,-0.42999964971365057,24.941464952594327,60,272.4,9.457157690082338,118,-5.671267488427258
2239,uva,packing_C,T06,largo,39,G4,8.254050851820173,0.636174900375039,0.8871933006895512,False,454,435.5388376922252,4.238694855685973,-0.42999964971365057,24.941464952594327,60,272.4,9.457157690082338,119,-5.7470041936683245
2239,uva,packing_C,T06,largo,39,G4,8.254050851820173,0.636174900375039,0.8871933006895512,False,454,435.5388376922252,4.238694855685973,-0.42999964971365057,24.941464952594327,60,272.4,9.457157690082338,120,-5.89332453974645
2239,uva,packing_C,T06,largo,39,G4,8.254050851820173,0.636174900375039,0.8871933006895512,False,454,435.5388376922252,4.238694855685973,-0.42999964971365057,24.941464952594327,60,272.4,9.457157690082338,121,-5.980935942093125
2239,uva,packing_C,T06,largo,39,G4,8.254050851820173,0.636174900375039,0.8871933006895512,False,454,435.5388376922252,4.238694855685973,-0.42999964971365057,24.941464952594327,60,272.4,9.457157690082338,122,-5.990786904623897
2239,uva,packing_C,T06,largo,39,G4,8.254050851820173,0.636174900375039,0.8871933006895512,False,454,435.5388376922252,4.238694855685973,-0.42999964971365057,24.941464952594327,60,272.4,9.457157690082338,123,-6.129877444010918
2239,uva,packing_C,T06,largo,39,G4,8.254050851820173,0.636174900375039,0.8871933006895512,False,454,435.5388376922252,4.238694855685973,-0.42999964971365057,24.941464952594327,60,272.4,9.457157690082338,124,-6.381805488628931
2239,uva,packing_C,T06,largo,39,G4,8.254050851820173,0.636174900375039,0.8871933006895512,False,454,435.5388376922252,4.238694855685973,-0.42999964971365057,24.941464952594327,60,272.4,9.457157690082338,125,-6.388381498413468
2239,uva,packing_C,T06,largo,39,G4,8.254050851820173,0.636174900375039,0.8871933006895512,False,454,435.5388376922252,4.238694855685973,-0.42999964971365057,24.941464952594327,60,272.4,9.457157690082338,126,-6.397287218457244
2239,uva,packing_C,T06,largo,39,G4,8.254050851820173,0.636174900375039,0.8871933006895512,False,454,435.5388376922252,4.238694855685973,-0.42999964971365057,24.941464952594327,60,272.4,9.457157690082338,127,-6.569872686504454
2239,uva,packing_C,T06,largo,39,G4,8.254050851820173,0.636174900375039,0.8871933006895512,False,454,435.5388376922252,4.238694855685973,-0.42999964971365057,24.941464952594327,60,272.4,9.457157690082338,128,-6.533480162862794
2239,uva,packing_C,T06,largo,39,G4,8.254050851820173,0.636174900375039,0.8871933006895512,False,454,435.5388376922252,4.238694855685973,-0.42999964971365057,24.941464952594327,60,272.4,9.457157690082338,129,-6.89335051962616
2239,uva,packing_C,T06,largo,39,G4,8.254050851820173,0.636174900375039,0.8871933006895512,False,454,435.5388376922252,4.238694855685973,-0.42999964971365057,24.941464952594327,60,272.4,9.457157690082338,130,-6.815065021648435
2239,uva,packing_C,T06,largo,39,G4,8.254050851820173,0.636174900375039,0.8871933006895512,False,454,435.5388376922252,4.238694855685973,-0.42999964971365057,24.941464952594327,60,272.4,9.457157690082338,131,-6.885340578223866
2239,uva,packing_C,T06,largo,39,G4,8.254050851820173,0.636174900375039,0.8871933006895512,False,454,435.5388376922252,4.238694855685973,-0.42999964971365057,24.941464952594327,60,272.4,9.457157690082338,132,-6.947168578636648
2239,uva,packing_C,T06,largo,39,G4,8.254050851820173,0.636174900375039,0.8871933006895512,False,454,435.5388376922252,4.238694855685973,-0.42999964971365057,24.941464952594327,60,272.4,9.457157690082338,133,-7.126934088080512
2239,uva,packing_C,T06,largo,39,G4,8.254050851820173,0.636174900375039,0.8871933006895512,False,454,435.5388376922252,4.238694855685973,-0.42999964971365057,24.941464952594327,60,272.4,9.457157690082338,134,-7.235084423553551
2239,uva,packing_C,T06,largo,39,G4,8.254050851820173,0.636174900375039,0.8871933006895512,False,454,435.5388376922252,4.238694855685973,-0.42999964971365057,24.941464952594327,60,272.4,9.457157690082338,135,-7.23028899691311
2239,uva,packing_C,T06,largo,39,G4,8.254050851820173,0.636174900375039,0.8871933006895512,False,454,435.5388376922252,4.238694855685973,-0.42999964971365057,24.941464952594327,60,272.4,9.457157690082338,136,-7.304311583032052
2239,uva,packing_C,T06,largo,39,G4,8.254050851820173,0.636174900375039,0.8871933006895512,False,454,435.5388376922252,4.238694855685973,-0.42999964971365057,24.941464952594327,60,272.4,9.457157690082338,137,-7.313688140069879
2239,uva,packing_C,T06,largo,39,G4,8.254050851820173,0.636174900375039,0.8871933006895512,False,454,435.5388376922252,4.238694855685973,-0.42999964971365057,24.941464952594327,60,272.4,9.457157690082338,138,-7.326617825770503
2239,uva,packing_C,T06,largo,39,G4,8.254050851820173,0.636174900375039,0.8871933006895512,False,454,435.5388376922252,4.238694855685973,-0.42999964971365057,24.941464952594327,60,272.4,9.457157690082338,139,-7.467343651147197
2239,uva,packing_C,T06,largo,39,G4,8.254050851820173,0.636174900375039,0.8871933006895512,False,454,435.5388376922252,4.238694855685973,-0.42999964971365057,24.941464952594327,60,272.4,9.457157690082338,140,-7.456257148418742
2239,uva,packing_C,T06,largo,39,G4,8.254050851820173,0.636174900375039,0.8871933006895512,False,454,435.5388376922252,4.238694855685973,-0.42999964971365057,24.941464952594327,60,272.4,9.457157690082338,141,-7.298739169019169
2239,uva,packing_C,T06,largo,39,G4,8.254050851820173,0.636174900375039,0.8871933006895512,False,454,435.5388376922252,4.238694855685973,-0.42999964971365057,24.941464952594327,60,272.4,9.457157690082338,142,-7.564716962054638
2239,uva,packing_C,T06,largo,39,G4,8.254050851820173,0.636174900375039,0.8871933006895512,False,454,435.5388376922252,4.238694855685973,-0.42999964971365057,24.941464952594327,60,272.4,9.457157690082338,143,-7.360776599045941
2239,uva,packing_C,T06,largo,39,G4,8.254050851820173,0.636174900375039,0.8871933006895512,False,454,435.5388376922252,4.238694855685973,-0.42999964971365057,24.941464952594327,60,272.4,9.457157690082338,144,-7.407528499981718
2239,uva,packing_C,T06,largo,39,G4,8.254050851820173,0.636174900375039,0.8871933006895512,False,454,435.5388376922252,4.238694855685973,-0.42999964971365057,24.941464952594327,60,272.4,9.457157690082338,145,-7.6082581143329495
2239,uva,packing_C,T06,largo,39,G4,8.254050851820173,0.636174900375039,0.8871933006895512,False,454,435.5388376922252,4.238694855685973,-0.42999964971365057,24.941464952594327,60,272.4,9.457157690082338,146,-7.611458131843538
2239,uva,packing_C,T06,largo,39,G4,8.254050851820173,0.636174900375039,0.8871933006895512,False,454,435.5388376922252,4.238694855685973,-0.42999964971365057,24.941464952594327,60,272.4,9.457157690082338,147,-7.757794770336605
2239,uva,packing_C,T06,largo,39,G4,8.254050851820173,0.636174900375039,0.8871933006895512,False,454,435.5388376922252,4.238694855685973,-0.42999964971365057,24.941464952594327,60,272.4,9.457157690082338,148,-7.757772661922272
2239,uva,packing_C,T06,largo,39,G4,8.254050851820173,0.636174900375039,0.8871933006895512,False,454,435.5388376922252,4.238694855685973,-0.42999964971365057,24.941464952594327,60,272.4,9.457157690082338,149,-7.718430340999759
2239,uva,packing_C,T06,largo,39,G4,8.254050851820173,0.636174900375039,0.8871933006895512,False,454,435.5388376922252,4.238694855685973,-0.42999964971365057,24.941464952594327,60,272.4,9.457157690082338,150,-7.67751740674001
2239,uva,packing_C,T06,largo,39,G4,8.254050851820173,0.636174900375039,0.8871933006895512,False,454,435.5388376922252,4.238694855685973,-0.42999964971365057,24.941464952594327,60,272.4,9.457157690082338,151,-7.754268531953095
2239,uva,packing_C,T06,largo,39,G4,8.254050851820173,0.636174900375039,0.8871933006895512,False,454,435.5388376922252,4.238694855685973,-0.42999964971365057,24.941464952594327,60,272.4,9.457157690082338,152,-8.001158845669988
2239,uva,packing_C,T06,largo,39,G4,8.254050851820173,0.636174900375039,0.8871933006895512,False,454,435.5388376922252,4.238694855685973,-0.42999964971365057,24.941464952594327,60,272.4,9.457157690082338,153,-7.849802045348566
2239,uva,packing_C,T06,largo,39,G4,8.254050851820173,0.636174900375039,0.8871933006895512,False,454,435.5388376922252,4.238694855685973,-0.42999964971365057,24.941464952594327,60,272.4,9.457157690082338,154,-7.675248917176571
2239,uva,packing_C,T06,largo,39,G4,8.254050851820173,0.636174900375039,0.8871933006895512,False,454,435.5388376922252,4.238694855685973,-0.42999964971365057,24.941464952594327,60,272.4,9.457157690082338,155,-7.710771189411829
2239,uva,packing_C,T06,largo,39,G4,8.254050851820173,0.636174900375039,0.8871933006895512,False,454,435.5388376922252,4.238694855685973,-0.42999964971365057,24.941464952594327,60,272.4,9.457157690082338,156,-8.042620627585816
2239,uva,packing_C,T06,largo,39,G4,8.254050851820173,0.636174900375039,0.8871933006895512,False,454,435.5388376922252,4.238694855685973,-0.42999964971365057,24.941464952594327,60,272.4,9.457157690082338,157,-7.874123519603986
2239,uva,packing_C,T06,largo,39,G4,8.254050851820173,0.636174900375039,0.8871933006895512,False,454,435.5388376922252,4.238694855685973,-0.42999964971365057,24.941464952594327,60,272.4,9.457157690082338,158,-7.84724189149467
2239,uva,packing_C,T06,largo,39,G4,8.254050851820173,0.636174900375039,0.8871933006895512,False,454,435.5388376922252,4.238694855685973,-0.42999964971365057,24.941464952594327,60,272.4,9.457157690082338,159,-7.772113096669146
2239,uva,packing_C,T06,largo,39,G4,8.254050851820173,0.636174900375039,0.8871933006895512,False,454,435.5388376922252,4.238694855685973,-0.42999964971365057,24.941464952594327,60,272.4,9.457157690082338,160,-7.942796983573708
2239,uva,packing_C,T06,largo,39,G4,8.254050851820173,0.636174900375039,0.8871933006895512,False,454,435.5388376922252,4.238694855685973,-0.42999964971365057,24.941464952594327,60,272.4,9.457157690082338,161,-7.777467562970169
2239,uva,packing_C,T06,largo,39,G4,8.254050851820173,0.636174900375039,0.8871933006895512,False,454,435.5388376922252,4.238694855685973,-0.42999964971365057,24.941464952594327,60,272.4,9.457157690082338,162,-7.742566720076759
2239,uva,packing_C,T06,largo,39,G4,8.254050851820173,0.636174900375039,0.8871933006895512,False,454,435.5388376922252,4.238694855685973,-0.42999964971365057,24.941464952594327,60,272.4,9.457157690082338,163,-7.816112690624132
2239,uva,packing_C,T06,largo,39,G4,8.254050851820173,0.636174900375039,0.8871933006895512,False,454,435.5388376922252,4.238694855685973,-0.42999964971365057,24.941464952594327,60,272.4,9.457157690082338,164,-7.697297988263635
2239,uva,packing_C,T06,largo,39,G4,8.254050851820173,0.636174900375039,0.8871933006895512,False,454,435.5388376922252,4.238694855685973,-0.42999964971365057,24.941464952594327,60,272.4,9.457157690082338,165,-7.791933869702146
2239,uva,packing_C,T06,largo,39,G4,8.254050851820173,0.636174900375039,0.8871933006895512,False,454,435.5388376922252,4.238694855685973,-0.42999964971365057,24.941464952594327,60,272.4,9.457157690082338,166,-7.816297046378401
2239,uva,packing_C,T06,largo,39,G4,8.254050851820173,0.636174900375039,0.8871933006895512,False,454,435.5388376922252,4.238694855685973,-0.42999964971365057,24.941464952594327,60,272.4,9.457157690082338,167,-7.581304700136689
2239,uva,packing_C,T06,largo,39,G4,8.254050851820173,0.636174900375039,0.8871933006895512,False,454,435.5388376922252,4.238694855685973,-0.42999964971365057,24.941464952594327,60,272.4,9.457157690082338,168,-7.725630020843068
2239,uva,packing_C,T06,largo,39,G4,8.254050851820173,0.636174900375039,0.8871933006895512,False,454,435.5388376922252,4.238694855685973,-0.42999964971365057,24.941464952594327,60,272.4,9.457157690082338,169,-7.580842622134978
2239,uva,packing_C,T06,largo,39,G4,8.254050851820173,0.636174900375039,0.8871933006895512,False,454,435.5388376922252,4.238694855685973,-0.42999964971365057,24.941464952594327,60,272.4,9.457157690082338,170,-7.62347662114743
2239,uva,packing_C,T06,largo,39,G4,8.254050851820173,0.636174900375039,0.8871933006895512,False,454,435.5388376922252,4.238694855685973,-0.42999964971365057,24.941464952594327,60,272.4,9.457157690082338,171,-7.6079416710273
2239,uva,packing_C,T06,largo,39,G4,8.254050851820173,0.636174900375039,0.8871933006895512,False,454,435.5388376922252,4.238694855685973,-0.42999964971365057,24.941464952594327,60,272.4,9.457157690082338,172,-7.507953467370759
2239,uva,packing_C,T06,largo,39,G4,8.254050851820173,0.636174900375039,0.8871933006895512,False,454,435.5388376922252,4.238694855685973,-0.42999964971365057,24.941464952594327,60,272.4,9.457157690082338,173,-7.563942234038682
2239,uva,packing_C,T06,largo,39,G4,8.254050851820173,0.636174900375039,0.8871933006895512,False,454,435.5388376922252,4.238694855685973,-0.42999964971365057,24.941464952594327,60,272.4,9.457157690082338,174,-7.341605866832082
2239,uva,packing_C,T06,largo,39,G4,8.254050851820173,0.636174900375039,0.8871933006895512,False,454,435.5388376922252,4.238694855685973,-0.42999964971365057,24.941464952594327,60,272.4,9.457157690082338,175,-7.352858593450755
2239,uva,packing_C,T06,largo,39,G4,8.254050851820173,0.636174900375039,0.8871933006895512,False,454,435.5388376922252,4.238694855685973,-0.42999964971365057,24.941464952594327,60,272.4,9.457157690082338,176,-7.422868006288416
2239,uva,packing_C,T06,largo,39,G4,8.254050851820173,0.636174900375039,0.8871933006895512,False,454,435.5388376922252,4.238694855685973,-0.42999964971365057,24.941464952594327,60,272.4,9.457157690082338,177,-7.262603660428214
2239,uva,packing_C,T06,largo,39,G4,8.254050851820173,0.636174900375039,0.8871933006895512,False,454,435.5388376922252,4.238694855685973,-0.42999964971365057,24.941464952594327,60,272.4,9.457157690082338,178,-7.299807405440671
2239,uva,packing_C,T06,largo,39,G4,8.254050851820173,0.636174900375039,0.8871933006895512,False,454,435.5388376922252,4.238694855685973,-0.42999964971365057,24.941464952594327,60,272.4,9.457157690082338,179,-7.229679131242098
2239,uva,packing_C,T06,largo,39,G4,8.254050851820173,0.636174900375039,0.8871933006895512,False,454,435.5388376922252,4.238694855685973,-0.42999964971365057,24.941464952594327,60,272.4,9.457157690082338,180,-7.313020714702035
2239,uva,packing_C,T06,largo,39,G4,8.254050851820173,0.636174900375039,0.8871933006895512,False,454,435.5388376922252,4.238694855685973,-0.42999964971365057,24.941464952594327,60,272.4,9.457157690082338,181,-7.288344908400846
2239,uva,packing_C,T06,largo,39,G4,8.254050851820173,0.636174900375039,0.8871933006895512,False,454,435.5388376922252,4.238694855685973,-0.42999964971365057,24.941464952594327,60,272.4,9.457157690082338,182,-7.153650307814988
2239,uva,packing_C,T06,largo,39,G4,8.254050851820173,0.636174900375039,0.8871933006895512,False,454,435.5388376922252,4.238694855685973,-0.42999964971365057,24.941464952594327,60,272.4,9.457157690082338,183,-7.12653403548343
2239,uva,packing_C,T06,largo,39,G4,8.254050851820173,0.636174900375039,0.8871933006895512,False,454,435.5388376922252,4.238694855685973,-0.42999964971365057,24.941464952594327,60,272.4,9.457157690082338,184,-6.935872522947424
2239,uva,packing_C,T06,largo,39,G4,8.254050851820173,0.636174900375039,0.8871933006895512,False,454,435.5388376922252,4.238694855685973,-0.42999964971365057,24.941464952594327,60,272.4,9.457157690082338,185,-6.962219656470158
2239,uva,packing_C,T06,largo,39,G4,8.254050851820173,0.636174900375039,0.8871933006895512,False,454,435.5388376922252,4.238694855685973,-0.42999964971365057,24.941464952594327,60,272.4,9.457157690082338,186,-6.8865523352657805
2239,uva,packing_C,T06,largo,39,G4,8.254050851820173,0.636174900375039,0.8871933006895512,False,454,435.5388376922252,4.238694855685973,-0.42999964971365057,24.941464952594327,60,272.4,9.457157690082338,187,-6.766405427103124
2239,uva,packing_C,T06,largo,39,G4,8.254050851820173,0.636174900375039,0.8871933006895512,False,454,435.5388376922252,4.238694855685973,-0.42999964971365057,24.941464952594327,60,272.4,9.457157690082338,188,-6.999830029231441
2239,uva,packing_C,T06,largo,39,G4,8.254050851820173,0.636174900375039,0.8871933006895512,False,454,435.5388376922252,4.238694855685973,-0.42999964971365057,24.941464952594327,60,272.4,9.457157690082338,189,-6.692205492378952
2239,uva,packing_C,T06,largo,39,G4,8.254050851820173,0.636174900375039,0.8871933006895512,False,454,435.5388376922252,4.238694855685973,-0.42999964971365057,24.941464952594327,60,272.4,9.457157690082338,190,-6.897842704722442
2239,uva,packing_C,T06,largo,39,G4,8.254050851820173,0.636174900375039,0.8871933006895512,False,454,435.5388376922252,4.238694855685973,-0.42999964971365057,24.941464952594327,60,272.4,9.457157690082338,191,-6.457179482021721
2239,uva,packing_C,T06,largo,39,G4,8.254050851820173,0.636174900375039,0.8871933006895512,False,454,435.5388376922252,4.238694855685973,-0.42999964971365057,24.941464952594327,60,272.4,9.457157690082338,192,-6.581586030623379
2239,uva,packing_C,T06,largo,39,G4,8.254050851820173,0.636174900375039,0.8871933006895512,False,454,435.5388376922252,4.238694855685973,-0.42999964971365057,24.941464952594327,60,272.4,9.457157690082338,193,-6.482631743407246
2239,uva,packing_C,T06,largo,39,G4,8.254050851820173,0.636174900375039,0.8871933006895512,False,454,435.5388376922252,4.238694855685973,-0.42999964971365057,24.941464952594327,60,272.4,9.457157690082338,194,-6.307177424389881
2239,uva,packing_C,T06,largo,39,G4,8.254050851820173,0.636174900375039,0.8871933006895512,False,454,435.5388376922252,4.238694855685973,-0.42999964971365057,24.941464952594327,60,272.4,9.457157690082338,195,-6.344089029885729
2239,uva,packing_C,T06,largo,39,G4,8.254050851820173,0.636174900375039,0.8871933006895512,False,454,435.5388376922252,4.238694855685973,-0.42999964971365057,24.941464952594327,60,272.4,9.457157690082338,196,-6.248239793079864
2239,uva,packing_C,T06,largo,39,G4,8.254050851820173,0.636174900375039,0.8871933006895512,False,454,435.5388376922252,4.238694855685973,-0.42999964971365057,24.941464952594327,60,272.4,9.457157690082338,197,-6.228123169267628
2239,uva,packing_C,T06,largo,39,G4,8.254050851820173,0.636174900375039,0.8871933006895512,False,454,435.5388376922252,4.238694855685973,-0.42999964971365057,24.941464952594327,60,272.4,9.457157690082338,198,-6.206809619334461
2239,uva,packing_C,T06,largo,39,G4,8.254050851820173,0.636174900375039,0.8871933006895512,False,454,435.5388376922252,4.238694855685973,-0.42999964971365057,24.941464952594327,60,272.4,9.457157690082338,199,-5.933032350197623
2239,uva,packing_C,T06,largo,39,G4,8.254050851820173,0.636174900375039,0.8871933006895512,False,454,435.5388376922252,4.238694855685973,-0.42999964971365057,24.941464952594327,60,272.4,9.457157690082338,200,-6.042947567780543
2239,uva,packing_C,T06,largo,39,G4,8.254050851820173,0.636174900375039,0.8871933006895512,False,454,435.5388376922252,4.238694855685973,-0.42999964971365057,24.941464952594327,60,272.4,9.457157690082338,201,-6.0569338099324
2239,uva,packing_C,T06,largo,39,G4,8.254050851820173,0.636174900375039,0.8871933006895512,False,454,435.5388376922252,4.238694855685973,-0.42999964971365057,24.941464952594327,60,272.4,9.457157690082338,202,-6.001967679228441
2239,uva,packing_C,T06,largo,39,G4,8.254050851820173,0.636174900375039,0.8871933006895512,False,454,435.5388376922252,4.238694855685973,-0.42999964971365057,24.941464952594327,60,272.4,9.457157690082338,203,-5.7224450920228
2239,uva,packing_C,T06,largo,39,G4,8.254050851820173,0.636174900375039,0.8871933006895512,False,454,435.5388376922252,4.238694855685973,-0.42999964971365057,24.941464952594327,60,272.4,9.457157690082338,204,-5.734827620901551
2239,uva,packing_C,T06,largo,39,G4,8.254050851820173,0.636174900375039,0.8871933006895512,False,454,435.5388376922252,4.238694855685973,-0.42999964971365057,24.941464952594327,60,272.4,9.457157690082338,205,-5.607608504098901
2239,uva,packing_C,T06,largo,39,G4,8.254050851820173,0.636174900375039,0.8871933006895512,False,454,435.5388376922252,4.238694855685973,-0.42999964971365057,24.941464952594327,60,272.4,9.457157690082338,206,-5.6239490218722015
2239,uva,packing_C,T06,largo,39,G4,8.254050851820173,0.636174900375039,0.8871933006895512,False,454,435.5388376922252,4.238694855685973,-0.42999964971365057,24.941464952594327,60,272.4,9.457157690082338,207,-5.394803211590622
2239,uva,packing_C,T06,largo,39,G4,8.254050851820173,0.636174900375039,0.8871933006895512,False,454,435.5388376922252,4.238694855685973,-0.42999964971365057,24.941464952594327,60,272.4,9.457157690082338,208,-5.366489200550156
2239,uva,packing_C,T06,largo,39,G4,8.254050851820173,0.636174900375039,0.8871933006895512,False,454,435.5388376922252,4.238694855685973,-0.42999964971365057,24.941464952594327,60,272.4,9.457157690082338,209,-5.389941798281485
2239,uva,packing_C,T06,largo,39,G4,8.254050851820173,0.636174900375039,0.8871933006895512,False,454,435.5388376922252,4.238694855685973,-0.42999964971365057,24.941464952594327,60,272.4,9.457157690082338,210,-5.243859578068437
2239,uva,packing_C,T06,largo,39,G4,8.254050851820173,0.636174900375039,0.8871933006895512,False,454,435.5388376922252,4.238694855685973,-0.42999964971365057,24.941464952594327,60,272.4,9.457157690082338,211,-5.298617022350674
2239,uva,packing_C,T06,largo,39,G4,8.254050851820173,0.636174900375039,0.8871933006895512,False,454,435.5388376922252,4.238694855685973,-0.42999964971365057,24.941464952594327,60,272.4,9.457157690082338,212,-5.052263299975498
2239,uva,packing_C,T06,largo,39,G4,8.254050851820173,0.636174900375039,0.8871933006895512,False,454,435.5388376922252,4.238694855685973,-0.42999964971365057,24.941464952594327,60,272.4,9.457157690082338,213,-4.838709165938843
2239,uva,packing_C,T06,largo,39,G4,8.254050851820173,0.636174900375039,0.8871933006895512,False,454,435.5388376922252,4.238694855685973,-0.42999964971365057,24.941464952594327,60,272.4,9.457157690082338,214,-5.032657468718614
2239,uva,packing_C,T06,largo,39,G4,8.254050851820173,0.636174900375039,0.8871933006895512,False,454,435.5388376922252,4.238694855685973,-0.42999964971365057,24.941464952594327,60,272.4,9.457157690082338,215,-5.013228038287595
2239,uva,packing_C,T06,largo,39,G4,8.254050851820173,0.636174900375039,0.8871933006895512,False,454,435.5388376922252,4.238694855685973,-0.42999964971365057,24.941464952594327,60,272.4,9.457157690082338,216,-4.886707901650216
2239,uva,packing_C,T06,largo,39,G4,8.254050851820173,0.636174900375039,0.8871933006895512,False,454,435.5388376922252,4.238694855685973,-0.42999964971365057,24.941464952594327,60,272.4,9.457157690082338,217,-4.725703360879271
2239,uva,packing_C,T06,largo,39,G4,8.254050851820173,0.636174900375039,0.8871933006895512,False,454,435.5388376922252,4.238694855685973,-0.42999964971365057,24.941464952594327,60,272.4,9.457157690082338,218,-4.700606230892835
2239,uva,packing_C,T06,largo,39,G4,8.254050851820173,0.636174900375039,0.8871933006895512,False,454,435.5388376922252,4.238694855685973,-0.42999964971365057,24.941464952594327,60,272.4,9.457157690082338,219,-4.548665906907787
2239,uva,packing_C,T06,largo,39,G4,8.254050851820173,0.636174900375039,0.8871933006895512,False,454,435.5388376922252,4.238694855685973,-0.42999964971365057,24.941464952594327,60,272.4,9.457157690082338,220,-4.480268580339368
2239,uva,packing_C,T06,largo,39,G4,8.254050851820173,0.636174900375039,0.8871933006895512,False,454,435.5388376922252,4.238694855685973,-0.42999964971365057,24.941464952594327,60,272.4,9.457157690082338,221,-4.291641887131309
2239,uva,packing_C,T06,largo,39,G4,8.254050851820173,0.636174900375039,0.8871933006895512,False,454,435.5388376922252,4.238694855685973,-0.42999964971365057,24.941464952594327,60,272.4,9.457157690082338,222,-4.268318329598343
2239,uva,packing_C,T06,largo,39,G4,8.254050851820173,0.636174900375039,0.8871933006895512,False,454,435.5388376922252,4.238694855685973,-0.42999964971365057,24.941464952594327,60,272.4,9.457157690082338,223,-4.391243418515965
2239,uva,packing_C,T06,largo,39,G4,8.254050851820173,0.636174900375039,0.8871933006895512,False,454,435.5388376922252,4.238694855685973,-0.42999964971365057,24.941464952594327,60,272.4,9.457157690082338,224,-4.237347152785837
2239,uva,packing_C,T06,largo,39,G4,8.254050851820173,0.636174900375039,0.8871933006895512,False,454,435.5388376922252,4.238694855685973,-0.42999964971365057,24.941464952594327,60,272.4,9.457157690082338,225,-3.9542454879768765
2239,uva,packing_C,T06,largo,39,G4,8.254050851820173,0.636174900375039,0.8871933006895512,False,454,435.5388376922252,4.238694855685973,-0.42999964971365057,24.941464952594327,60,272.4,9.457157690082338,226,-4.031433822202609
2239,uva,packing_C,T06,largo,39,G4,8.254050851820173,0.636174900375039,0.8871933006895512,False,454,435.5388376922252,4.238694855685973,-0.42999964971365057,24.941464952594327,60,272.4,9.457157690082338,227,-3.9350429470126698
2239,uva,packing_C,T06,largo,39,G4,8.254050851820173,0.636174900375039,0.8871933006895512,False,454,435.5388376922252,4.238694855685973,-0.42999964971365057,24.941464952594327,60,272.4,9.457157690082338,228,-3.6931312222558015
2239,uva,packing_C,T06,largo,39,G4,8.254050851820173,0.636174900375039,0.8871933006895512,False,454,435.5388376922252,4.238694855685973,-0.42999964971365057,24.941464952594327,60,272.4,9.457157690082338,229,-3.9188099988156253
2239,uva,packing_C,T06,largo,39,G4,8.254050851820173,0.636174900375039,0.8871933006895512,False,454,435.5388376922252,4.238694855685973,-0.42999964971365057,24.941464952594327,60,272.4,9.457157690082338,230,-3.5735535286785125
2239,uva,packing_C,T06,largo,39,G4,8.254050851820173,0.636174900375039,0.8871933006895512,False,454,435.5388376922252,4.238694855685973,-0.42999964971365057,24.941464952594327,60,272.4,9.457157690082338,231,-3.6113229880130002
2239,uva,packing_C,T06,largo,39,G4,8.254050851820173,0.636174900375039,0.8871933006895512,False,454,435.5388376922252,4.238694855685973,-0.42999964971365057,24.941464952594327,60,272.4,9.457157690082338,232,-3.4205175391241576
2239,uva,packing_C,T06,largo,39,G4,8.254050851820173,0.636174900375039,0.8871933006895512,False,454,435.5388376922252,4.238694855685973,-0.42999964971365057,24.941464952594327,60,272.4,9.457157690082338,233,-3.438865148854123
2239,uva,packing_C,T06,largo,39,G4,8.254050851820173,0.636174900375039,0.8871933006895512,False,454,435.5388376922252,4.238694855685973,-0.42999964971365057,24.941464952594327,60,272.4,9.457157690082338,234,-3.2540805538017206
2239,uva,packing_C,T06,largo,39,G4,8.254050851820173,0.636174900375039,0.8871933006895512,False,454,435.5388376922252,4.238694855685973,-0.42999964971365057,24.941464952594327,60,272.4,9.457157690082338,235,-3.243604826391894
2239,uva,packing_C,T06,largo,39,G4,8.254050851820173,0.636174900375039,0.8871933006895512,False,454,435.5388376922252,4.238694855685973,-0.42999964971365057,24.941464952594327,60,272.4,9.457157690082338,236,-3.279626217567189
2239,uva,packing_C,T06,largo,39,G4,8.254050851820173,0.636174900375039,0.8871933006895512,False,454,435.5388376922252,4.238694855685973,-0.42999964971365057,24.941464952594327,60,272.4,9.457157690082338,237,-3.1082360796652813
2239,uva,packing_C,T06,largo,39,G4,8.254050851820173,0.636174900375039,0.8871933006895512,False,454,435.5388376922252,4.238694855685973,-0.42999964971365057,24.941464952594327,60,272.4,9.457157690082338,238,-3.0874227638308023
2239,uva,packing_C,T06,largo,39,G4,8.254050851820173,0.636174900375039,0.8871933006895512,False,454,435.5388376922252,4.238694855685973,-0.42999964971365057,24.941464952594327,60,272.4,9.457157690082338,239,-2.989712504059541
2239,uva,packing_C,T06,largo,39,G4,8.254050851820173,0.636174900375039,0.8871933006895512,False,454,435.5388376922252,4.238694855685973,-0.42999964971365057,24.941464952594327,60,272.4,9.457157690082338,240,-2.8267868180202345
2239,uva,packing_C,T06,largo,39,G4,8.254050851820173,0.636174900375039,0.8871933006895512,False,454,435.5388376922252,4.238694855685973,-0.42999964971365057,24.941464952594327,60,272.4,9.457157690082338,241,-2.687059622128362
2239,uva,packing_C,T06,largo,39,G4,8.254050851820173,0.636174900375039,0.8871933006895512,False,454,435.5388376922252,4.238694855685973,-0.42999964971365057,24.941464952594327,60,272.4,9.457157690082338,242,-2.6192369450050053
2239,uva,packing_C,T06,largo,39,G4,8.254050851820173,0.636174900375039,0.8871933006895512,False,454,435.5388376922252,4.238694855685973,-0.42999964971365057,24.941464952594327,60,272.4,9.457157690082338,243,-2.5887538846999116
2239,uva,packing_C,T06,largo,39,G4,8.254050851820173,0.636174900375039,0.8871933006895512,False,454,435.5388376922252,4.238694855685973,-0.42999964971365057,24.941464952594327,60,272.4,9.457157690082338,244,-2.3838732279932664
2239,uva,packing_C,T06,largo,39,G4,8.254050851820173,0.636174900375039,0.8871933006895512,False,454,435.5388376922252,4.238694855685973,-0.42999964971365057,24.941464952594327,60,272.4,9.457157690082338,245,-2.5720532586338365
2239,uva,packing_C,T06,largo,39,G4,8.254050851820173,0.636174900375039,0.8871933006895512,False,454,435.5388376922252,4.238694855685973,-0.42999964971365057,24.941464952594327,60,272.4,9.457157690082338,246,-2.322320926009029
2239,uva,packing_C,T06,largo,39,G4,8.254050851820173,0.636174900375039,0.8871933006895512,False,454,435.5388376922252,4.238694855685973,-0.42999964971365057,24.941464952594327,60,272.4,9.457157690082338,247,-2.2795418576833386
2239,uva,packing_C,T06,largo,39,G4,8.254050851820173,0.636174900375039,0.8871933006895512,False,454,435.5388376922252,4.238694855685973,-0.42999964971365057,24.941464952594327,60,272.4,9.457157690082338,248,-2.139071322535761
2239,uva,packing_C,T06,largo,39,G4,8.254050851820173,0.636174900375039,0.8871933006895512,False,454,435.5388376922252,4.238694855685973,-0.42999964971365057,24.941464952594327,60,272.4,9.457157690082338,249,-2.0638592276484067
2239,uva,packing_C,T06,largo,39,G4,8.254050851820173,0.636174900375039,0.8871933006895512,False,454,435.5388376922252,4.238694855685973,-0.42999964971365057,24.941464952594327,60,272.4,9.457157690082338,250,-1.9365969133524419
2239,uva,packing_C,T06,largo,39,G4,8.254050851820173,0.636174900375039,0.8871933006895512,False,454,435.5388376922252,4.238694855685973,-0.42999964971365057,24.941464952594327,60,272.4,9.457157690082338,251,-2.0196269056758553
2239,uva,packing_C,T06,largo,39,G4,8.254050851820173,0.636174900375039,0.8871933006895512,False,454,435.5388376922252,4.238694855685973,-0.42999964971365057,24.941464952594327,60,272.4,9.457157690082338,252,-1.9554841777969687
2239,uva,packing_C,T06,largo,39,G4,8.254050851820173,0.636174900375039,0.8871933006895512,False,454,435.5388376922252,4.238694855685973,-0.42999964971365057,24.941464952594327,60,272.4,9.457157690082338,253,-1.914218502412462
2239,uva,packing_C,T06,largo,39,G4,8.254050851820173,0.636174900375039,0.8871933006895512,False,454,435.5388376922252,4.238694855685973,-0.42999964971365057,24.941464952594327,60,272.4,9.457157690082338,254,-1.9536039201088817
2239,uva,packing_C,T06,largo,39,G4,8.254050851820173,0.636174900375039,0.8871933006895512,False,454,435.5388376922252,4.238694855685973,-0.42999964971365057,24.941464952594327,60,272.4,9.457157690082338,255,-1.7466077150667079
2239,uva,packing_C,T06,largo,39,G4,8.254050851820173,0.636174900375039,0.8871933006895512,False,454,435.5388376922252,4.238694855685973,-0.42999964971365057,24.941464952594327,60,272.4,9.457157690082338,256,-1.789362874211031
2239,uva,packing_C,T06,largo,39,G4,8.254050851820173,0.636174900375039,0.8871933006895512,False,454,435.5388376922252,4.238694855685973,-0.42999964971365057,24.941464952594327,60,272.4,9.457157690082338,257,-1.4363955108190518
2239,uva,packing_C,T06,largo,39,G4,8.254050851820173,0.636174900375039,0.8871933006895512,False,454,435.5388376922252,4.238694855685973,-0.42999964971365057,24.941464952594327,60,272.4,9.457157690082338,258,-1.5941034160554934
2239,uva,packing_C,T06,largo,39,G4,8.254050851820173,0.636174900375039,0.8871933006895512,False,454,435.5388376922252,4.238694855685973,-0.42999964971365057,24.941464952594327,60,272.4,9.457157690082338,259,-1.4237711319220703
2239,uva,packing_C,T06,largo,39,G4,8.254050851820173,0.636174900375039,0.8871933006895512,False,454,435.5388376922252,4.238694855685973,-0.42999964971365057,24.941464952594327,60,272.4,9.457157690082338,260,-1.4891510268561134
2239,uva,packing_C,T06,largo,39,G4,8.254050851820173,0.636174900375039,0.8871933006895512,False,454,435.5388376922252,4.238694855685973,-0.42999964971365057,24.941464952594327,60,272.4,9.457157690082338,261,-1.4407455463449304
2239,uva,packing_C,T06,largo,39,G4,8.254050851820173,0.636174900375039,0.8871933006895512,False,454,435.5388376922252,4.238694855685973,-0.42999964971365057,24.941464952594327,60,272.4,9.457157690082338,262,-1.2464885332047337
2239,uva,packing_C,T06,largo,39,G4,8.254050851820173,0.636174900375039,0.8871933006895512,False,454,435.5388376922252,4.238694855685973,-0.42999964971365057,24.941464952594327,60,272.4,9.457157690082338,263,-0.9509239085272527
2239,uva,packing_C,T06,largo,39,G4,8.254050851820173,0.636174900375039,0.8871933006895512,False,454,435.5388376922252,4.238694855685973,-0.42999964971365057,24.941464952594327,60,272.4,9.457157690082338,264,-1.1839971047535043
2239,uva,packing_C,T06,largo,39,G4,8.254050851820173,0.636174900375039,0.8871933006895512,False,454,435.5388376922252,4.238694855685973,-0.42999964971365057,24.941464952594327,60,272.4,9.457157690082338,265,-0.9396352241927377
2239,uva,packing_C,T06,largo,39,G4,8.254050851820173,0.636174900375039,0.8871933006895512,False,454,435.5388376922252,4.238694855685973,-0.42999964971365057,24.941464952594327,60,272.4,9.457157690082338,266,-0.9190424215128006
2239,uva,packing_C,T06,largo,39,G4,8.254050851820173,0.636174900375039,0.8871933006895512,False,454,435.5388376922252,4.238694855685973,-0.42999964971365057,24.941464952594327,60,272.4,9.457157690082338,267,-0.8645390759519591
2239,uva,packing_C,T06,largo,39,G4,8.254050851820173,0.636174900375039,0.8871933006895512,False,454,435.5388376922252,4.238694855685973,-0.42999964971365057,24.941464952594327,60,272.4,9.457157690082338,268,-0.5917406142717309
2239,uva,packing_C,T06,largo,39,G4,8.254050851820173,0.636174900375039,0.8871933006895512,False,454,435.5388376922252,4.238694855685973,-0.42999964971365057,24.941464952594327,60,272.4,9.457157690082338,269,-0.4870594032908651
2239,uva,packing_C,T06,largo,39,G4,8.254050851820173,0.636174900375039,0.8871933006895512,False,454,435.5388376922252,4.238694855685973,-0.42999964971365057,24.941464952594327,60,272.4,9.457157690082338,270,-0.7584377687346489
2239,uva,packing_C,T06,largo,39,G4,8.254050851820173,0.636174900375039,0.8871933006895512,False,454,435.5388376922252,4.238694855685973,-0.42999964971365057,24.941464952594327,60,272.4,9.457157690082338,271,-0.7469187969576633
2239,uva,packing_C,T06,largo,39,G4,8.254050851820173,0.636174900375039,0.8871933006895512,False,454,435.5388376922252,4.238694855685973,-0.42999964971365057,24.941464952594327,60,272.4,9.457157690082338,272,-0.5365806469564254
2239,uva,packing_C,T06,largo,39,G4,8.254050851820173,0.636174900375039,0.8871933006895512,False,454,435.5388376922252,4.238694855685973,-0.42999964971365057,24.941464952594327,60,272.4,9.457157690082338,273,-0.2332015692966411
2239,uva,packing_C,T06,largo,39,G4,8.254050851820173,0.636174900375039,0.8871933006895512,False,454,435.5388376922252,4.238694855685973,-0.42999964971365057,24.941464952594327,60,272.4,9.457157690082338,274,-0.011333049342028785
2239,uva,packing_C,T06,largo,39,G4,8.254050851820173,0.636174900375039,0.8871933006895512,False,454,435.5388376922252,4.238694855685973,-0.42999964971365057,24.941464952594327,60,272.4,9.457157690082338,275,0.06840759037778324
2239,uva,packing_C,T06,largo,39,G4,8.254050851820173,0.636174900375039,0.8871933006895512,False,454,435.5388376922252,4.238694855685973,-0.42999964971365057,24.941464952594327,60,272.4,9.457157690082338,276,0.1234982039286533
2239,uva,packing_C,T06,largo,39,G4,8.254050851820173,0.636174900375039,0.8871933006895512,False,454,435.5388376922252,4.238694855685973,-0.42999964971365057,24.941464952594327,60,272.4,9.457157690082338,277,-0.05069456860684071
2239,uva,packing_C,T06,largo,39,G4,8.254050851820173,0.636174900375039,0.8871933006895512,False,454,435.5388376922252,4.238694855685973,-0.42999964971365057,24.941464952594327,60,272.4,9.457157690082338,278,0.13326786582949354
2239,uva,packing_C,T06,largo,39,G4,8.254050851820173,0.636174900375039,0.8871933006895512,False,454,435.5388376922252,4.238694855685973,-0.42999964971365057,24.941464952594327,60,272.4,9.457157690082338,279,0.0104382743374372
2239,uva,packing_C,T06,largo,39,G4,8.254050851820173,0.636174900375039,0.8871933006895512,False,454,435.5388376922252,4.238694855685973,-0.42999964971365057,24.941464952594327,60,272.4,9.457157690082338,280,0.023805238174578268
2239,uva,packing_C,T06,largo,39,G4,8.254050851820173,0.636174900375039,0.8871933006895512,False,454,435.5388376922252,4.238694855685973,-0.42999964971365057,24.941464952594327,60,272.4,9.457157690082338,281,0.006525543535555678
2239,uva,packing_C,T06,largo,39,G4,8.254050851820173,0.636174900375039,0.8871933006895512,False,454,435.5388376922252,4.238694855685973,-0.42999964971365057,24.941464952594327,60,272.4,9.457157690082338,282,-0.14723571831923457
2239,uva,packing_C,T06,largo,39,G4,8.254050851820173,0.636174900375039,0.8871933006895512,False,454,435.5388376922252,4.238694855685973,-0.42999964971365057,24.941464952594327,60,272.4,9.457157690082338,283,-0.06379708017383845
2239,uva,packing_C,T06,largo,39,G4,8.254050851820173,0.636174900375039,0.8871933006895512,False,454,435.5388376922252,4.238694855685973,-0.42999964971365057,24.941464952594327,60,272.4,9.457157690082338,284,-0.35429156610218804
2239,uva,packing_C,T06,largo,39,G4,8.254050851820173,0.636174900375039,0.8871933006895512,False,454,435.5388376922252,4.238694855685973,-0.42999964971365057,24.941464952594327,60,272.4,9.457157690082338,285,-0.5436880872225999
2239,uva,packing_C,T06,largo,39,G4,8.254050851820173,0.636174900375039,0.8871933006895512,False,454,435.5388376922252,4.238694855685973,-0.42999964971365057,24.941464952594327,60,272.4,9.457157690082338,286,-0.6403505987371696
2239,uva,packing_C,T06,largo,39,G4,8.254050851820173,0.636174900375039,0.8871933006895512,False,454,435.5388376922252,4.238694855685973,-0.42999964971365057,24.941464952594327,60,272.4,9.457157690082338,287,-0.3891696123469869
2239,uva,packing_C,T06,largo,39,G4,8.254050851820173,0.636174900375039,0.8871933006895512,False,454,435.5388376922252,4.238694855685973,-0.42999964971365057,24.941464952594327,60,272.4,9.457157690082338,288,-0.6587573804899657
2239,uva,packing_C,T06,largo,39,G4,8.254050851820173,0.636174900375039,0.8871933006895512,False,454,435.5388376922252,4.238694855685973,-0.42999964971365057,24.941464952594327,60,272.4,9.457157690082338,289,-0.7812065060956468
2239,uva,packing_C,T06,largo,39,G4,8.254050851820173,0.636174900375039,0.8871933006895512,False,454,435.5388376922252,4.238694855685973,-0.42999964971365057,24.941464952594327,60,272.4,9.457157690082338,290,-0.7317347038659885
2239,uva,packing_C,T06,largo,39,G4,8.254050851820173,0.636174900375039,0.8871933006895512,False,454,435.5388376922252,4.238694855685973,-0.42999964971365057,24.941464952594327,60,272.4,9.457157690082338,291,-0.9088151263931371
2239,uva,packing_C,T06,largo,39,G4,8.254050851820173,0.636174900375039,0.8871933006895512,False,454,435.5388376922252,4.238694855685973,-0.42999964971365057,24.941464952594327,60,272.4,9.457157690082338,292,-1.1409471958130404
2239,uva,packing_C,T06,largo,39,G4,8.254050851820173,0.636174900375039,0.8871933006895512,False,454,435.5388376922252,4.238694855685973,-0.42999964971365057,24.941464952594327,60,272.4,9.457157690082338,293,-0.8888537970660535
2239,uva,packing_C,T06,largo,39,G4,8.254050851820173,0.636174900375039,0.8871933006895512,False,454,435.5388376922252,4.238694855685973,-0.42999964971365057,24.941464952594327,60,272.4,9.457157690082338,294,-1.0246136097199179
2239,uva,packing_C,T06,largo,39,G4,8.254050851820173,0.636174900375039,0.8871933006895512,False,454,435.5388376922252,4.238694855685973,-0.42999964971365057,24.941464952594327,60,272.4,9.457157690082338,295,-0.8634897269272931
2239,uva,packing_C,T06,largo,39,G4,8.254050851820173,0.636174900375039,0.8871933006895512,False,454,435.5388376922252,4.238694855685973,-0.42999964971365057,24.941464952594327,60,272.4,9.457157690082338,296,-0.8360366227113698
2239,uva,packing_C,T06,largo,39,G4,8.254050851820173,0.636174900375039,0.8871933006895512,False,454,435.5388376922252,4.238694855685973,-0.42999964971365057,24.941464952594327,60,272.4,9.457157690082338,297,-0.6337357744476508
2239,uva,packing_C,T06,largo,39,G4,8.254050851820173,0.636174900375039,0.8871933006895512,False,454,435.5388376922252,4.238694855685973,-0.42999964971365057,24.941464952594327,60,272.4,9.457157690082338,298,-0.5902092085624704
2239,uva,packing_C,T06,largo,39,G4,8.254050851820173,0.636174900375039,0.8871933006895512,False,454,435.5388376922252,4.238694855685973,-0.42999964971365057,24.941464952594327,60,272.4,9.457157690082338,299,-0.684794843267833
2239,uva,packing_C,T06,largo,39,G4,8.254050851820173,0.636174900375039,0.8871933006895512,False,454,435.5388376922252,4.238694855685973,-0.42999964971365057,24.941464952594327,60,272.4,9.457157690082338,300,-0.5195867769075173
2239,uva,packing_C,T06,largo,39,G4,8.254050851820173,0.636174900375039,0.8871933006895512,False,454,435.5388376922252,4.238694855685973,-0.42999964971365057,24.941464952594327,60,272.4,9.457157690082338,301,-0.3345807999253969
2239,uva,packing_C,T06,largo,39,G4,8.254050851820173,0.636174900375039,0.8871933006895512,False,454,435.5388376922252,4.238694855685973,-0.42999964971365057,24.941464952594327,60,272.4,9.457157690082338,302,-0.1930003813023969
2239,uva,packing_C,T06,largo,39,G4,8.254050851820173,0.636174900375039,0.8871933006895512,False,454,435.5388376922252,4.238694855685973,-0.42999964971365057,24.941464952594327,60,272.4,9.457157690082338,303,-0.21647871679086558
2239,uva,packing_C,T06,largo,39,G4,8.254050851820173,0.636174900375039,0.8871933006895512,False,454,435.5388376922252,4.238694855685973,-0.42999964971365057,24.941464952594327,60,272.4,9.457157690082338,304,0.029961891021524786
2239,uva,packing_C,T06,largo,39,G4,8.254050851820173,0.636174900375039,0.8871933006895512,False,454,435.5388376922252,4.238694855685973,-0.42999964971365057,24.941464952594327,60,272.4,9.457157690082338,305,-0.07458430556105697
2239,uva,packing_C,T06,largo,39,G4,8.254050851820173,0.636174900375039,0.8871933006895512,False,454,435.5388376922252,4.238694855685973,-0.42999964971365057,24.941464952594327,60,272.4,9.457157690082338,306,0.08662614815831686
2239,uva,packing_C,T06,largo,39,G4,8.254050851820173,0.636174900375039,0.8871933006895512,False,454,435.5388376922252,4.238694855685973,-0.42999964971365057,24.941464952594327,60,272.4,9.457157690082338,307,0.03194907202793955
2239,uva,packing_C,T06,largo,39,G4,8.254050851820173,0.636174900375039,0.8871933006895512,False,454,435.5388376922252,4.238694855685973,-0.42999964971365057,24.941464952594327,60,272.4,9.457157690082338,308,-0.09541691344996467
2239,uva,packing_C,T06,largo,39,G4,8.254050851820173,0.636174900375039,0.8871933006895512,False,454,435.5388376922252,4.238694855685973,-0.42999964971365057,24.941464952594327,60,272.4,9.457157690082338,309,0.1362843024897396
2239,uva,packing_C,T06,largo,39,G4,8.254050851820173,0.636174900375039,0.8871933006895512,False,454,435.5388376922252,4.238694855685973,-0.42999964971365057,24.941464952594327,60,272.4,9.457157690082338,310,0.05584724133334932
2239,uva,packing_C,T06,largo,39,G4,8.254050851820173,0.636174900375039,0.8871933006895512,False,454,435.5388376922252,4.238694855685973,-0.42999964971365057,24.941464952594327,60,272.4,9.457157690082338,311,0.17341135768640556
2239,uva,packing_C,T06,largo,39,G4,8.254050851820173,0.636174900375039,0.8871933006895512,False,454,435.5388376922252,4.238694855685973,-0.42999964971365057,24.941464952594327,60,272.4,9.457157690082338,312,-0.09155546389060296
2239,uva,packing_C,T06,largo,39,G4,8.254050851820173,0.636174900375039,0.8871933006895512,False,454,435.5388376922252,4.238694855685973,-0.42999964971365057,24.941464952594327,60,272.4,9.457157690082338,313,-0.2586617861310191
2239,uva,packing_C,T06,largo,39,G4,8.254050851820173,0.636174900375039,0.8871933006895512,False,454,435.5388376922252,4.238694855685973,-0.42999964971365057,24.941464952594327,60,272.4,9.457157690082338,314,-0.34087834902103115
2239,uva,packing_C,T06,largo,39,G4,8.254050851820173,0.636174900375039,0.8871933006895512,False,454,435.5388376922252,4.238694855685973,-0.42999964971365057,24.941464952594327,60,272.4,9.457157690082338,315,-0.49647119413622104
2239,uva,packing_C,T06,largo,39,G4,8.254050851820173,0.636174900375039,0.8871933006895512,False,454,435.5388376922252,4.238694855685973,-0.42999964971365057,24.941464952594327,60,272.4,9.457157690082338,316,-0.6373143806451098
2239,uva,packing_C,T06,largo,39,G4,8.254050851820173,0.636174900375039,0.8871933006895512,False,454,435.5388376922252,4.238694855685973,-0.42999964971365057,24.941464952594327,60,272.4,9.457157690082338,317,-0.5996433232906293
2239,uva,packing_C,T06,largo,39,G4,8.254050851820173,0.636174900375039,0.8871933006895512,False,454,435.5388376922252,4.238694855685973,-0.42999964971365057,24.941464952594327,60,272.4,9.457157690082338,318,-0.6268655613405384
2239,uva,packing_C,T06,largo,39,G4,8.254050851820173,0.636174900375039,0.8871933006895512,False,454,435.5388376922252,4.238694855685973,-0.42999964971365057,24.941464952594327,60,272.4,9.457157690082338,319,-0.8119843709000061
2239,uva,packing_C,T06,largo,39,G4,8.254050851820173,0.636174900375039,0.8871933006895512,False,454,435.5388376922252,4.238694855685973,-0.42999964971365057,24.941464952594327,60,272.4,9.457157690082338,320,-0.8797691460186593
2239,uva,packing_C,T06,largo,39,G4,8.254050851820173,0.636174900375039,0.8871933006895512,False,454,435.5388376922252,4.238694855685973,-0.42999964971365057,24.941464952594327,60,272.4,9.457157690082338,321,-0.9308850765362567
2239,uva,packing_C,T06,largo,39,G4,8.254050851820173,0.636174900375039,0.8871933006895512,False,454,435.5388376922252,4.238694855685973,-0.42999964971365057,24.941464952594327,60,272.4,9.457157690082338,322,-1.0194958937754786
2239,uva,packing_C,T06,largo,39,G4,8.254050851820173,0.636174900375039,0.8871933006895512,False,454,435.5388376922252,4.238694855685973,-0.42999964971365057,24.941464952594327,60,272.4,9.457157690082338,323,-0.9480185296681735
2239,uva,packing_C,T06,largo,39,G4,8.254050851820173,0.636174900375039,0.8871933006895512,False,454,435.5388376922252,4.238694855685973,-0.42999964971365057,24.941464952594327,60,272.4,9.457157690082338,324,-0.8847973457070739
2239,uva,packing_C,T06,largo,39,G4,8.254050851820173,0.636174900375039,0.8871933006895512,False,454,435.5388376922252,4.238694855685973,-0.42999964971365057,24.941464952594327,60,272.4,9.457157690082338,325,-1.0197728862828588
2239,uva,packing_C,T06,largo,39,G4,8.254050851820173,0.636174900375039,0.8871933006895512,False,454,435.5388376922252,4.238694855685973,-0.42999964971365057,24.941464952594327,60,272.4,9.457157690082338,326,-0.8600818660866446
2239,uva,packing_C,T06,largo,39,G4,8.254050851820173,0.636174900375039,0.8871933006895512,False,454,435.5388376922252,4.238694855685973,-0.42999964971365057,24.941464952594327,60,272.4,9.457157690082338,327,-0.6997045198415404
2239,uva,packing_C,T06,largo,39,G4,8.254050851820173,0.636174900375039,0.8871933006895512,False,454,435.5388376922252,4.238694855685973,-0.42999964971365057,24.941464952594327,60,272.4,9.457157690082338,328,-0.5626206214889992
2239,uva,packing_C,T06,largo,39,G4,8.254050851820173,0.636174900375039,0.8871933006895512,False,454,435.5388376922252,4.238694855685973,-0.42999964971365057,24.941464952594327,60,272.4,9.457157690082338,329,-0.5481382452304907
2239,uva,packing_C,T06,largo,39,G4,8.254050851820173,0.636174900375039,0.8871933006895512,False,454,435.5388376922252,4.238694855685973,-0.42999964971365057,24.941464952594327,60,272.4,9.457157690082338,330,-0.4098190443641051
2239,uva,packing_C,T06,largo,39,G4,8.254050851820173,0.636174900375039,0.8871933006895512,False,454,435.5388376922252,4.238694855685973,-0.42999964971365057,24.941464952594327,60,272.4,9.457157690082338,331,-0.37259916079330796
2239,uva,packing_C,T06,largo,39,G4,8.254050851820173,0.636174900375039,0.8871933006895512,False,454,435.5388376922252,4.238694855685973,-0.42999964971365057,24.941464952594327,60,272.4,9.457157690082338,332,-0.28016912331407967
2239,uva,packing_C,T06,largo,39,G4,8.254050851820173,0.636174900375039,0.8871933006895512,False,454,435.5388376922252,4.238694855685973,-0.42999964971365057,24.941464952594327,60,272.4,9.457157690082338,333,0.08696800154636794
2239,uva,packing_C,T06,largo,39,G4,8.254050851820173,0.636174900375039,0.8871933006895512,False,454,435.5388376922252,4.238694855685973,-0.42999964971365057,24.941464952594327,60,272.4,9.457157690082338,334,-0.01623932027191133
2239,uva,packing_C,T06,largo,39,G4,8.254050851820173,0.636174900375039,0.8871933006895512,False,454,435.5388376922252,4.238694855685973,-0.42999964971365057,24.941464952594327,60,272.4,9.457157690082338,335,-0.0622959345567661
2239,uva,packing_C,T06,largo,39,G4,8.254050851820173,0.636174900375039,0.8871933006895512,False,454,435.5388376922252,4.238694855685973,-0.42999964971365057,24.941464952594327,60,272.4,9.457157690082338,336,0.07444343182103529
2239,uva,packing_C,T06,largo,39,G4,8.254050851820173,0.636174900375039,0.8871933006895512,False,454,435.5388376922252,4.238694855685973,-0.42999964971365057,24.941464952594327,60,272.4,9.457157690082338,337,0.15937385229091522
2239,uva,packing_C,T06,largo,39,G4,8.254050851820173,0.636174900375039,0.8871933006895512,False,454,435.5388376922252,4.238694855685973,-0.42999964971365057,24.941464952594327,60,272.4,9.457157690082338,338,0.10656177777408458
2239,uva,packing_C,T06,largo,39,G4,8.254050851820173,0.636174900375039,0.8871933006895512,False,454,435.5388376922252,4.238694855685973,-0.42999964971365057,24.941464952594327,60,272.4,9.457157690082338,339,-0.07832991520521868
2239,uva,packing_C,T06,largo,39,G4,8.254050851820173,0.636174900375039,0.8871933006895512,False,454,435.5388376922252,4.238694855685973,-0.42999964971365057,24.941464952594327,60,272.4,9.457157690082338,340,0.028321747874541947
2239,uva,packing_C,T06,largo,39,G4,8.254050851820173,0.636174900375039,0.8871933006895512,False,454,435.5388376922252,4.238694855685973,-0.42999964971365057,24.941464952594327,60,272.4,9.457157690082338,341,-0.01862297355062143
2239,uva,packing_C,T06,largo,39,G4,8.254050851820173,0.636174900375039,0.8871933006895512,False,454,435.5388376922252,4.238694855685973,-0.42999964971365057,24.941464952594327,60,272.4,9.457157690082338,342,-0.20540354248367393
2239,uva,packing_C,T06,largo,39,G4,8.254050851820173,0.636174900375039,0.8871933006895512,False,454,435.5388376922252,4.238694855685973,-0.42999964971365057,24.941464952594327,60,272.4,9.457157690082338,343,-0.09194998564724188
2239,uva,packing_C,T06,largo,39,G4,8.254050851820173,0.636174900375039,0.8871933006895512,False,454,435.5388376922252,4.238694855685973,-0.42999964971365057,24.941464952594327,60,272.4,9.457157690082338,344,-0.38032030565093466
2239,uva,packing_C,T06,largo,39,G4,8.254050851820173,0.636174900375039,0.8871933006895512,False,454,435.5388376922252,4.238694855685973,-0.42999964971365057,24.941464952594327,60,272.4,9.457157690082338,345,-0.43510805440395983
2239,uva,packing_C,T06,largo,39,G4,8.254050851820173,0.636174900375039,0.8871933006895512,False,454,435.5388376922252,4.238694855685973,-0.42999964971365057,24.941464952594327,60,272.4,9.457157690082338,346,-0.6026552006104505
2239,uva,packing_C,T06,largo,39,G4,8.254050851820173,0.636174900375039,0.8871933006895512,False,454,435.5388376922252,4.238694855685973,-0.42999964971365057,24.941464952594327,60,272.4,9.457157690082338,347,-0.6296851462724673
2239,uva,packing_C,T06,largo,39,G4,8.254050851820173,0.636174900375039,0.8871933006895512,False,454,435.5388376922252,4.238694855685973,-0.42999964971365057,24.941464952594327,60,272.4,9.457157690082338,348,-0.5708241805696924
2239,uva,packing_C,T06,largo,39,G4,8.254050851820173,0.636174900375039,0.8871933006895512,False,454,435.5388376922252,4.238694855685973,-0.42999964971365057,24.941464952594327,60,272.4,9.457157690082338,349,-0.7877804933403367
2239,uva,packing_C,T06,largo,39,G4,8.254050851820173,0.636174900375039,0.8871933006895512,False,454,435.5388376922252,4.238694855685973,-0.42999964971365057,24.941464952594327,60,272.4,9.457157690082338,350,-0.817250907686896
2239,uva,packing_C,T06,largo,39,G4,8.254050851820173,0.636174900375039,0.8871933006895512,False,454,435.5388376922252,4.238694855685973,-0.42999964971365057,24.941464952594327,60,272.4,9.457157690082338,351,-1.0068216881782213
2239,uva,packing_C,T06,largo,39,G4,8.254050851820173,0.636174900375039,0.8871933006895512,False,454,435.5388376922252,4.238694855685973,-0.42999964971365057,24.941464952594327,60,272.4,9.457157690082338,352,-0.8988727144700891
2239,uva,packing_C,T06,largo,39,G4,8.254050851820173,0.636174900375039,0.8871933006895512,False,454,435.5388376922252,4.238694855685973,-0.42999964971365057,24.941464952594327,60,272.4,9.457157690082338,353,-0.8410703736802797
2239,uva,packing_C,T06,largo,39,G4,8.254050851820173,0.636174900375039,0.8871933006895512,False,454,435.5388376922252,4.238694855685973,-0.42999964971365057,24.941464952594327,60,272.4,9.457157690082338,354,-0.9883520845713338
2239,uva,packing_C,T06,largo,39,G4,8.254050851820173,0.636174900375039,0.8871933006895512,False,454,435.5388376922252,4.238694855685973,-0.42999964971365057,24.941464952594327,60,272.4,9.457157690082338,355,-0.8475163455344888
2239,uva,packing_C,T06,largo,39,G4,8.254050851820173,0.636174900375039,0.8871933006895512,False,454,435.5388376922252,4.238694855685973,-0.42999964971365057,24.941464952594327,60,272.4,9.457157690082338,356,-0.7050939922964832
2239,uva,packing_C,T06,largo,39,G4,8.254050851820173,0.636174900375039,0.8871933006895512,False,454,435.5388376922252,4.238694855685973,-0.42999964971365057,24.941464952594327,60,272.4,9.457157690082338,357,-0.5801754478194255
2239,uva,packing_C,T06,largo,39,G4,8.254050851820173,0.636174900375039,0.8871933006895512,False,454,435.5388376922252,4.238694855685973,-0.42999964971365057,24.941464952594327,60,272.4,9.457157690082338,358,-0.6116795446604939
2239,uva,packing_C,T06,largo,39,G4,8.254050851820173,0.636174900375039,0.8871933006895512,False,454,435.5388376922252,4.238694855685973,-0.42999964971365057,24.941464952594327,60,272.4,9.457157690082338,359,-0.5736191268962764
2239,uva,packing_C,T06,largo,39,G4,8.254050851820173,0.636174900375039,0.8871933006895512,False,454,435.5388376922252,4.238694855685973,-0.42999964971365057,24.941464952594327,60,272.4,9.457157690082338,360,-0.2542262741332812
2239,uva,packing_C,T06,largo,39,G4,8.254050851820173,0.636174900375039,0.8871933006895512,False,454,435.5388376922252,4.238694855685973,-0.42999964971365057,24.941464952594327,60,272.4,9.457157690082338,361,-0.3513289911190353
2239,uva,packing_C,T06,largo,39,G4,8.254050851820173,0.636174900375039,0.8871933006895512,False,454,435.5388376922252,4.238694855685973,-0.42999964971365057,24.941464952594327,60,272.4,9.457157690082338,362,-0.1762533205281488
2239,uva,packing_C,T06,largo,39,G4,8.254050851820173,0.636174900375039,0.8871933006895512,False,454,435.5388376922252,4.238694855685973,-0.42999964971365057,24.941464952594327,60,272.4,9.457157690082338,363,0.03729351036130274
2239,uva,packing_C,T06,largo,39,G4,8.254050851820173,0.636174900375039,0.8871933006895512,False,454,435.5388376922252,4.238694855685973,-0.42999964971365057,24.941464952594327,60,272.4,9.457157690082338,364,-0.04507507948039016
2239,uva,packing_C,T06,largo,39,G4,8.254050851820173,0.636174900375039,0.8871933006895512,False,454,435.5388376922252,4.238694855685973,-0.42999964971365057,24.941464952594327,60,272.4,9.457157690082338,365,-0.017338160755639473
2239,uva,packing_C,T06,largo,39,G4,8.254050851820173,0.636174900375039,0.8871933006895512,False,454,435.5388376922252,4.238694855685973,-0.42999964971365057,24.941464952594327,60,272.4,9.457157690082338,366,0.18289410443611462
2239,uva,packing_C,T06,largo,39,G4,8.254050851820173,0.636174900375039,0.8871933006895512,False,454,435.5388376922252,4.238694855685973,-0.42999964971365057,24.941464952594327,60,272.4,9.457157690082338,367,0.13615177123634675
2239,uva,packing_C,T06,largo,39,G4,8.254050851820173,0.636174900375039,0.8871933006895512,False,454,435.5388376922252,4.238694855685973,-0.42999964971365057,24.941464952594327,60,272.4,9.457157690082338,368,-0.10344661023074214
2239,uva,packing_C,T06,largo,39,G4,8.254050851820173,0.636174900375039,0.8871933006895512,False,454,435.5388376922252,4.238694855685973,-0.42999964971365057,24.941464952594327,60,272.4,9.457157690082338,369,0.116731663713719
2239,uva,packing_C,T06,largo,39,G4,8.254050851820173,0.636174900375039,0.8871933006895512,False,454,435.5388376922252,4.238694855685973,-0.42999964971365057,24.941464952594327,60,272.4,9.457157690082338,370,0.0922988257284888
2239,uva,packing_C,T06,largo,39,G4,8.254050851820173,0.636174900375039,0.8871933006895512,False,454,435.5388376922252,4.238694855685973,-0.42999964971365057,24.941464952594327,60,272.4,9.457157690082338,371,-0.13456651010765663
2239,uva,packing_C,T06,largo,39,G4,8.254050851820173,0.636174900375039,0.8871933006895512,False,454,435.5388376922252,4.238694855685973,-0.42999964971365057,24.941464952594327,60,272.4,9.457157690082338,372,-0.09341548517034348
2239,uva,packing_C,T06,largo,39,G4,8.254050851820173,0.636174900375039,0.8871933006895512,False,454,435.5388376922252,4.238694855685973,-0.42999964971365057,24.941464952594327,60,272.4,9.457157690082338,373,-0.11567939516752343
2239,uva,packing_C,T06,largo,39,G4,8.254050851820173,0.636174900375039,0.8871933006895512,False,454,435.5388376922252,4.238694855685973,-0.42999964971365057,24.941464952594327,60,272.4,9.457157690082338,374,-0.36795354540410147
2239,uva,packing_C,T06,largo,39,G4,8.254050851820173,0.636174900375039,0.8871933006895512,False,454,435.5388376922252,4.238694855685973,-0.42999964971365057,24.941464952594327,60,272.4,9.457157690082338,375,-0.5655686313365679
2239,uva,packing_C,T06,largo,39,G4,8.254050851820173,0.636174900375039,0.8871933006895512,False,454,435.5388376922252,4.238694855685973,-0.42999964971365057,24.941464952594327,60,272.4,9.457157690082338,376,-0.46336439909848826
2239,uva,packing_C,T06,largo,39,G4,8.254050851820173,0.636174900375039,0.8871933006895512,False,454,435.5388376922252,4.238694855685973,-0.42999964971365057,24.941464952594327,60,272.4,9.457157690082338,377,-0.6480864681369256
2239,uva,packing_C,T06,largo,39,G4,8.254050851820173,0.636174900375039,0.8871933006895512,False,454,435.5388376922252,4.238694855685973,-0.42999964971365057,24.941464952594327,60,272.4,9.457157690082338,378,-0.6786702263081124
2239,uva,packing_C,T06,largo,39,G4,8.254050851820173,0.636174900375039,0.8871933006895512,False,454,435.5388376922252,4.238694855685973,-0.42999964971365057,24.941464952594327,60,272.4,9.457157690082338,379,-0.7403071917957529
2239,uva,packing_C,T06,largo,39,G4,8.254050851820173,0.636174900375039,0.8871933006895512,False,454,435.5388376922252,4.238694855685973,-0.42999964971365057,24.941464952594327,60,272.4,9.457157690082338,380,-0.8772765443707535
2239,uva,packing_C,T06,largo,39,G4,8.254050851820173,0.636174900375039,0.8871933006895512,False,454,435.5388376922252,4.238694855685973,-0.42999964971365057,24.941464952594327,60,272.4,9.457157690082338,381,-0.9986570680581888
2239,uva,packing_C,T06,largo,39,G4,8.254050851820173,0.636174900375039,0.8871933006895512,False,454,435.5388376922252,4.238694855685973,-0.42999964971365057,24.941464952594327,60,272.4,9.457157690082338,382,-0.9849075196405551
2239,uva,packing_C,T06,largo,39,G4,8.254050851820173,0.636174900375039,0.8871933006895512,False,454,435.5388376922252,4.238694855685973,-0.42999964971365057,24.941464952594327,60,272.4,9.457157690082338,383,-0.9207802714455305
2239,uva,packing_C,T06,largo,39,G4,8.254050851820173,0.636174900375039,0.8871933006895512,False,454,435.5388376922252,4.238694855685973,-0.42999964971365057,24.941464952594327,60,272.4,9.457157690082338,384,-0.8456685396578835
2239,uva,packing_C,T06,largo,39,G4,8.254050851820173,0.636174900375039,0.8871933006895512,False,454,435.5388376922252,4.238694855685973,-0.42999964971365057,24.941464952594327,60,272.4,9.457157690082338,385,-0.7847607611249481
2239,uva,packing_C,T06,largo,39,G4,8.254050851820173,0.636174900375039,0.8871933006895512,False,454,435.5388376922252,4.238694855685973,-0.42999964971365057,24.941464952594327,60,272.4,9.457157690082338,386,-0.8248044276673638
2239,uva,packing_C,T06,largo,39,G4,8.254050851820173,0.636174900375039,0.8871933006895512,False,454,435.5388376922252,4.238694855685973,-0.42999964971365057,24.941464952594327,60,272.4,9.457157690082338,387,-0.7264427455113802
2239,uva,packing_C,T06,largo,39,G4,8.254050851820173,0.636174900375039,0.8871933006895512,False,454,435.5388376922252,4.238694855685973,-0.42999964971365057,24.941464952594327,60,272.4,9.457157690082338,388,-0.40197282608068785
2239,uva,packing_C,T06,largo,39,G4,8.254050851820173,0.636174900375039,0.8871933006895512,False,454,435.5388376922252,4.238694855685973,-0.42999964971365057,24.941464952594327,60,272.4,9.457157690082338,389,-0.5403869502988675
2239,uva,packing_C,T06,largo,39,G4,8.254050851820173,0.636174900375039,0.8871933006895512,False,454,435.5388376922252,4.238694855685973,-0.42999964971365057,24.941464952594327,60,272.4,9.457157690082338,390,-0.5873315063572548
2239,uva,packing_C,T06,largo,39,G4,8.254050851820173,0.636174900375039,0.8871933006895512,False,454,435.5388376922252,4.238694855685973,-0.42999964971365057,24.941464952594327,60,272.4,9.457157690082338,391,-0.28802701127742575
2239,uva,packing_C,T06,largo,39,G4,8.254050851820173,0.636174900375039,0.8871933006895512,False,454,435.5388376922252,4.238694855685973,-0.42999964971365057,24.941464952594327,60,272.4,9.457157690082338,392,-0.12653735088411106
2239,uva,packing_C,T06,largo,39,G4,8.254050851820173,0.636174900375039,0.8871933006895512,False,454,435.5388376922252,4.238694855685973,-0.42999964971365057,24.941464952594327,60,272.4,9.457157690082338,393,-0.10774981169311211
2239,uva,packing_C,T06,largo,39,G4,8.254050851820173,0.636174900375039,0.8871933006895512,False,454,435.5388376922252,4.238694855685973,-0.42999964971365057,24.941464952594327,60,272.4,9.457157690082338,394,-0.11749391028338367
2239,uva,packing_C,T06,largo,39,G4,8.254050851820173,0.636174900375039,0.8871933006895512,False,454,435.5388376922252,4.238694855685973,-0.42999964971365057,24.941464952594327,60,272.4,9.457157690082338,395,0.16343805019494398
2239,uva,packing_C,T06,largo,39,G4,8.254050851820173,0.636174900375039,0.8871933006895512,False,454,435.5388376922252,4.238694855685973,-0.42999964971365057,24.941464952594327,60,272.4,9.457157690082338,396,-0.0053992101334106035
2239,uva,packing_C,T06,largo,39,G4,8.254050851820173,0.636174900375039,0.8871933006895512,False,454,435.5388376922252,4.238694855685973,-0.42999964971365057,24.941464952594327,60,272.4,9.457157690082338,397,0.16666464458369282
2239,uva,packing_C,T06,largo,39,G4,8.254050851820173,0.636174900375039,0.8871933006895512,False,454,435.5388376922252,4.238694855685973,-0.42999964971365057,24.941464952594327,60,272.4,9.457157690082338,398,0.18142784424706282
2239,uva,packing_C,T06,largo,39,G4,8.254050851820173,0.636174900375039,0.8871933006895512,False,454,435.5388376922252,4.238694855685973,-0.42999964971365057,24.941464952594327,60,272.4,9.457157690082338,399,0.0499355140229618
2239,uva,packing_C,T06,largo,39,G4,8.254050851820173,0.636174900375039,0.8871933006895512,False,454,435.5388376922252,4.238694855685973,-0.42999964971365057,24.941464952594327,60,272.4,9.457157690082338,400,-0.04198905243198958
2239,uva,packing_C,T06,largo,39,G4,8.254050851820173,0.636174900375039,0.8871933006895512,False,454,435.5388376922252,4.238694855685973,-0.42999964971365057,24.941464952594327,60,272.4,9.457157690082338,401,0.009016492861987718
2239,uva,packing_C,T06,largo,39,G4,8.254050851820173,0.636174900375039,0.8871933006895512,False,454,435.5388376922252,4.238694855685973,-0.42999964971365057,24.941464952594327,60,272.4,9.457157690082338,402,-0.045439624082357855
2239,uva,packing_C,T06,largo,39,G4,8.254050851820173,0.636174900375039,0.8871933006895512,False,454,435.5388376922252,4.238694855685973,-0.42999964971365057,24.941464952594327,60,272.4,9.457157690082338,403,-0.3089322742989231
2239,uva,packing_C,T06,largo,39,G4,8.254050851820173,0.636174900375039,0.8871933006895512,False,454,435.5388376922252,4.238694855685973,-0.42999964971365057,24.941464952594327,60,272.4,9.457157690082338,404,-0.283736052080632
2239,uva,packing_C,T06,largo,39,G4,8.254050851820173,0.636174900375039,0.8871933006895512,False,454,435.5388376922252,4.238694855685973,-0.42999964971365057,24.941464952594327,60,272.4,9.457157690082338,405,-0.3927107624432839
2239,uva,packing_C,T06,largo,39,G4,8.254050851820173,0.636174900375039,0.8871933006895512,False,454,435.5388376922252,4.238694855685973,-0.42999964971365057,24.941464952594327,60,272.4,9.457157690082338,406,-0.558048967475432
2239,uva,packing_C,T06,largo,39,G4,8.254050851820173,0.636174900375039,0.8871933006895512,False,454,435.5388376922252,4.238694855685973,-0.42999964971365057,24.941464952594327,60,272.4,9.457157690082338,407,-0.6167559289639746
2239,uva,packing_C,T06,largo,39,G4,8.254050851820173,0.636174900375039,0.8871933006895512,False,454,435.5388376922252,4.238694855685973,-0.42999964971365057,24.941464952594327,60,272.4,9.457157690082338,408,-0.7143966696337781
2239,uva,packing_C,T06,largo,39,G4,8.254050851820173,0.636174900375039,0.8871933006895512,False,454,435.5388376922252,4.238694855685973,-0.42999964971365057,24.941464952594327,60,272.4,9.457157690082338,409,-0.8536919623876547
2239,uva,packing_C,T06,largo,39,G4,8.254050851820173,0.636174900375039,0.8871933006895512,False,454,435.5388376922252,4.238694855685973,-0.42999964971365057,24.941464952594327,60,272.4,9.457157690082338,410,-0.8702382503545433
2239,uva,packing_C,T06,largo,39,G4,8.254050851820173,0.636174900375039,0.8871933006895512,False,454,435.5388376922252,4.238694855685973,-0.42999964971365057,24.941464952594327,60,272.4,9.457157690082338,411,-0.7489070301217006
2239,uva,packing_C,T06,largo,39,G4,8.254050851820173,0.636174900375039,0.8871933006895512,False,454,435.5388376922252,4.238694855685973,-0.42999964971365057,24.941464952594327,60,272.4,9.457157690082338,412,-0.9263216417909864
2239,uva,packing_C,T06,largo,39,G4,8.254050851820173,0.636174900375039,0.8871933006895512,False,454,435.5388376922252,4.238694855685973,-0.42999964971365057,24.941464952594327,60,272.4,9.457157690082338,413,-0.8755016054597037
2239,uva,packing_C,T06,largo,39,G4,8.254050851820173,0.636174900375039,0.8871933006895512,False,454,435.5388376922252,4.238694855685973,-0.42999964971365057,24.941464952594327,60,272.4,9.457157690082338,414,-0.8754551683990819
2239,uva,packing_C,T06,largo,39,G4,8.254050851820173,0.636174900375039,0.8871933006895512,False,454,435.5388376922252,4.238694855685973,-0.42999964971365057,24.941464952594327,60,272.4,9.457157690082338,415,-0.8772455333619017
2239,uva,packing_C,T06,largo,39,G4,8.254050851820173,0.636174900375039,0.8871933006895512,False,454,435.5388376922252,4.238694855685973,-0.42999964971365057,24.941464952594327,60,272.4,9.457157690082338,416,-0.7612236198896132
2239,uva,packing_C,T06,largo,39,G4,8.254050851820173,0.636174900375039,0.8871933006895512,False,454,435.5388376922252,4.238694855685973,-0.42999964971365057,24.941464952594327,60,272.4,9.457157690082338,417,-0.7006068933839921
2239,uva,packing_C,T06,largo,39,G4,8.254050851820173,0.636174900375039,0.8871933006895512,False,454,435.5388376922252,4.238694855685973,-0.42999964971365057,24.941464952594327,60,272.4,9.457157690082338,418,-0.6931965253862616
2239,uva,packing_C,T06,largo,39,G4,8.254050851820173,0.636174900375039,0.8871933006895512,False,454,435.5388376922252,4.238694855685973,-0.42999964971365057,24.941464952594327,60,272.4,9.457157690082338,419,-0.7090195874179492
2239,uva,packing_C,T06,largo,39,G4,8.254050851820173,0.636174900375039,0.8871933006895512,False,454,435.5388376922252,4.238694855685973,-0.42999964971365057,24.941464952594327,60,272.4,9.457157690082338,420,-0.47207820141871154
2239,uva,packing_C,T06,largo,39,G4,8.254050851820173,0.636174900375039,0.8871933006895512,False,454,435.5388376922252,4.238694855685973,-0.42999964971365057,24.941464952594327,60,272.4,9.457157690082338,421,-0.41158576247717366
2239,uva,packing_C,T06,largo,39,G4,8.254050851820173,0.636174900375039,0.8871933006895512,False,454,435.5388376922252,4.238694855685973,-0.42999964971365057,24.941464952594327,60,272.4,9.457157690082338,422,-0.20239508705384066
2239,uva,packing_C,T06,largo,39,G4,8.254050851820173,0.636174900375039,0.8871933006895512,False,454,435.5388376922252,4.238694855685973,-0.42999964971365057,24.941464952594327,60,272.4,9.457157690082338,423,-0.05075383429219289
2239,uva,packing_C,T06,largo,39,G4,8.254050851820173,0.636174900375039,0.8871933006895512,False,454,435.5388376922252,4.238694855685973,-0.42999964971365057,24.941464952594327,60,272.4,9.457157690082338,424,-0.13689032942332247
2239,uva,packing_C,T06,largo,39,G4,8.254050851820173,0.636174900375039,0.8871933006895512,False,454,435.5388376922252,4.238694855685973,-0.42999964971365057,24.941464952594327,60,272.4,9.457157690082338,425,-0.03135052956491294
2239,uva,packing_C,T06,largo,39,G4,8.254050851820173,0.636174900375039,0.8871933006895512,False,454,435.5388376922252,4.238694855685973,-0.42999964971365057,24.941464952594327,60,272.4,9.457157690082338,426,-0.022841958264400164
2239,uva,packing_C,T06,largo,39,G4,8.254050851820173,0.636174900375039,0.8871933006895512,False,454,435.5388376922252,4.238694855685973,-0.42999964971365057,24.941464952594327,60,272.4,9.457157690082338,427,0.1535035570177838
2239,uva,packing_C,T06,largo,39,G4,8.254050851820173,0.636174900375039,0.8871933006895512,False,454,435.5388376922252,4.238694855685973,-0.42999964971365057,24.941464952594327,60,272.4,9.457157690082338,428,-0.0006598399198945448
2239,uva,packing_C,T06,largo,39,G4,8.254050851820173,0.636174900375039,0.8871933006895512,False,454,435.5388376922252,4.238694855685973,-0.42999964971365057,24.941464952594327,60,272.4,9.457157690082338,429,0.028253399428206788
2239,uva,packing_C,T06,largo,39,G4,8.254050851820173,0.636174900375039,0.8871933006895512,False,454,435.5388376922252,4.238694855685973,-0.42999964971365057,24.941464952594327,60,272.4,9.457157690082338,430,-0.14463526401698998
2239,uva,packing_C,T06,largo,39,G4,8.254050851820173,0.636174900375039,0.8871933006895512,False,454,435.5388376922252,4.238694855685973,-0.42999964971365057,24.941464952594327,60,272.4,9.457157690082338,431,-0.034078979003866174
2239,uva,packing_C,T06,largo,39,G4,8.254050851820173,0.636174900375039,0.8871933006895512,False,454,435.5388376922252,4.238694855685973,-0.42999964971365057,24.941464952594327,60,272.4,9.457157690082338,432,-0.2552391982040358
2239,uva,packing_C,T06,largo,39,G4,8.254050851820173,0.636174900375039,0.8871933006895512,False,454,435.5388376922252,4.238694855685973,-0.42999964971365057,24.941464952594327,60,272.4,9.457157690082338,433,-0.230902075107841
2239,uva,packing_C,T06,largo,39,G4,8.254050851820173,0.636174900375039,0.8871933006895512,False,454,435.5388376922252,4.238694855685973,-0.42999964971365057,24.941464952594327,60,272.4,9.457157690082338,434,-0.3694221258977064
2239,uva,packing_C,T06,largo,39,G4,8.254050851820173,0.636174900375039,0.8871933006895512,False,454,435.5388376922252,4.238694855685973,-0.42999964971365057,24.941464952594327,60,272.4,9.457157690082338,435,-0.4526384945353981
2239,uva,packing_C,T06,largo,39,G4,8.254050851820173,0.636174900375039,0.8871933006895512,False,454,435.5388376922252,4.238694855685973,-0.42999964971365057,24.941464952594327,60,272.4,9.457157690082338,436,-0.4352864091936424
2239,uva,packing_C,T06,largo,39,G4,8.254050851820173,0.636174900375039,0.8871933006895512,False,454,435.5388376922252,4.238694855685973,-0.42999964971365057,24.941464952594327,60,272.4,9.457157690082338,437,-0.5131283638143326
2239,uva,packing_C,T06,largo,39,G4,8.254050851820173,0.636174900375039,0.8871933006895512,False,454,435.5388376922252,4.238694855685973,-0.42999964971365057,24.941464952594327,60,272.4,9.457157690082338,438,-0.6856512448743758
2239,uva,packing_C,T06,largo,39,G4,8.254050851820173,0.636174900375039,0.8871933006895512,False,454,435.5388376922252,4.238694855685973,-0.42999964971365057,24.941464952594327,60,272.4,9.457157690082338,439,-0.8114499723660964
2239,uva,packing_C,T06,largo,39,G4,8.254050851820173,0.636174900375039,0.8871933006895512,False,454,435.5388376922252,4.238694855685973,-0.42999964971365057,24.941464952594327,60,272.4,9.457157690082338,440,-0.8511785621999463
2239,uva,packing_C,T06,largo,39,G4,8.254050851820173,0.636174900375039,0.8871933006895512,False,454,435.5388376922252,4.238694855685973,-0.42999964971365057,24.941464952594327,60,272.4,9.457157690082338,441,-0.7622049603017702
2239,uva,packing_C,T06,largo,39,G4,8.254050851820173,0.636174900375039,0.8871933006895512,False,454,435.5388376922252,4.238694855685973,-0.42999964971365057,24.941464952594327,60,272.4,9.457157690082338,442,-0.8183594018906502
2239,uva,packing_C,T06,largo,39,G4,8.254050851820173,0.636174900375039,0.8871933006895512,False,454,435.5388376922252,4.238694855685973,-0.42999964971365057,24.941464952594327,60,272.4,9.457157690082338,443,-0.9193378166711272
2239,uva,packing_C,T06,largo,39,G4,8.254050851820173,0.636174900375039,0.8871933006895512,False,454,435.5388376922252,4.238694855685973,-0.42999964971365057,24.941464952594327,60,272.4,9.457157690082338,444,-0.6901267392664402
2239,uva,packing_C,T06,largo,39,G4,8.254050851820173,0.636174900375039,0.8871933006895512,False,454,435.5388376922252,4.238694855685973,-0.42999964971365057,24.941464952594327,60,272.4,9.457157690082338,445,-0.7824263991763891
2239,uva,packing_C,T06,largo,39,G4,8.254050851820173,0.636174900375039,0.8871933006895512,False,454,435.5388376922252,4.238694855685973,-0.42999964971365057,24.941464952594327,60,272.4,9.457157690082338,446,-0.6177143580627287
2239,uva,packing_C,T06,largo,39,G4,8.254050851820173,0.636174900375039,0.8871933006895512,False,454,435.5388376922252,4.238694855685973,-0.42999964971365057,24.941464952594327,60,272.4,9.457157690082338,447,-0.7167272465513975
2239,uva,packing_C,T06,largo,39,G4,8.254050851820173,0.636174900375039,0.8871933006895512,False,454,435.5388376922252,4.238694855685973,-0.42999964971365057,24.941464952594327,60,272.4,9.457157690082338,448,-0.4112274463852247
2239,uva,packing_C,T06,largo,39,G4,8.254050851820173,0.636174900375039,0.8871933006895512,False,454,435.5388376922252,4.238694855685973,-0.42999964971365057,24.941464952594327,60,272.4,9.457157690082338,449,-0.5244744492672065
2239,uva,packing_C,T06,largo,39,G4,8.254050851820173,0.636174900375039,0.8871933006895512,False,454,435.5388376922252,4.238694855685973,-0.42999964971365057,24.941464952594327,60,272.4,9.457157690082338,450,-0.45454145740086527
2239,uva,packing_C,T06,largo,39,G4,8.254050851820173,0.636174900375039,0.8871933006895512,False,454,435.5388376922252,4.238694855685973,-0.42999964971365057,24.941464952594327,60,272.4,9.457157690082338,451,-0.25651907994637624
2239,uva,packing_C,T06,largo,39,G4,8.254050851820173,0.636174900375039,0.8871933006895512,False,454,435.5388376922252,4.238694855685973,-0.42999964971365057,24.941464952594327,60,272.4,9.457157690082338,452,-0.17223062573393727
2239,uva,packing_C,T06,largo,39,G4,8.254050851820173,0.636174900375039,0.8871933006895512,False,454,435.5388376922252,4.238694855685973,-0.42999964971365057,24.941464952594327,60,272.4,9.457157690082338,453,-0.18102311750252156
