proceso_id,epoca,packing,tunel,tipo_tunel,iteracion,mass_group,masa_ton,ocupabilidad,caudal_factor,anomalia_duracion,duracion_min,duracion_esperada_min,delta_duracion_pct,setpoint,T0,pct_transitorio,t_trans_min,overshoot_pct,tiempo_min,temperatura
247,mora,packing_A,T07,largo,7,G3,6.374630747897774,0.8510198563580773,0.8461255415022082,False,514,434.1790400422976,18.384342079232173,0.35094609364181245,23.207617573798256,60,308.4,9.234247819309187,0,23.293189522194872
247,mora,packing_A,T07,largo,7,G3,6.374630747897774,0.8510198563580773,0.8461255415022082,False,514,434.1790400422976,18.384342079232173,0.35094609364181245,23.207617573798256,60,308.4,9.234247819309187,1,22.86714792296621
247,mora,packing_A,T07,largo,7,G3,6.374630747897774,0.8510198563580773,0.8461255415022082,False,514,434.1790400422976,18.384342079232173,0.35094609364181245,23.207617573798256,60,308.4,9.234247819309187,2,22.875037483256826
247,mora,packing_A,T07,largo,7,G3,6.374630747897774,0.8510198563580773,0.8461255415022082,False,514,434.1790400422976,18.384342079232173,0.35094609364181245,23.207617573798256,60,308.4,9.234247819309187,3,22.694278522113702
247,mora,packing_A,T07,largo,7,G3,6.374630747897774,0.8510198563580773,0.8461255415022082,False,514,434.1790400422976,18.384342079232173,0.35094609364181245,23.207617573798256,60,308.4,9.234247819309187,4,22.566179277847453
247,mora,packing_A,T07,largo,7,G3,6.374630747897774,0.8510198563580773,0.8461255415022082,False,514,434.1790400422976,18.384342079232173,0.35094609364181245,23.207617573798256,60,308.4,9.234247819309187,5,22.195903319556407
247,mora,packing_A,T07,largo,7,G3,6.374630747897774,0.8510198563580773,0.8461255415022082,False,514,434.1790400422976,18.384342079232173,0.35094609364181245,23.207617573798256,60,308.4,9.234247819309187,6,22.058898165091485
247,mora,packing_A,T07,largo,7,G3,6.374630747897774,0.8510198563580773,0.8461255415022082,False,514,434.1790400422976,18.384342079232173,0.35094609364181245,23.207617573798256,60,308.4,9.234247819309187,7,21.776698780255888
247,mora,packing_A,T07,largo,7,G3,6.374630747897774,0.8510198563580773,0.8461255415022082,False,514,434.1790400422976,18.384342079232173,0.35094609364181245,23.207617573798256,60,308.4,9.234247819309187,8,21.732480727204845
247,mora,packing_A,T07,largo,7,G3,6.374630747897774,0.8510198563580773,0.8461255415022082,False,514,434.1790400422976,18.384342079232173,0.35094609364181245,23.207617573798256,60,308.4,9.234247819309187,9,21.521405683110142
247,mora,packing_A,T07,largo,7,G3,6.374630747897774,0.8510198563580773,0.8461255415022082,False,514,434.1790400422976,18.384342079232173,0.35094609364181245,23.207617573798256,60,308.4,9.234247819309187,10,21.30107415734218
247,mora,packing_A,T07,largo,7,G3,6.374630747897774,0.8510198563580773,0.8461255415022082,False,514,434.1790400422976,18.384342079232173,0.35094609364181245,23.207617573798256,60,308.4,9.234247819309187,11,20.98516594819657
247,mora,packing_A,T07,largo,7,G3,6.374630747897774,0.8510198563580773,0.8461255415022082,False,514,434.1790400422976,18.384342079232173,0.35094609364181245,23.207617573798256,60,308.4,9.234247819309187,12,20.855619689635944
247,mora,packing_A,T07,largo,7,G3,6.374630747897774,0.8510198563580773,0.8461255415022082,False,514,434.1790400422976,18.384342079232173,0.35094609364181245,23.207617573798256,60,308.4,9.234247819309187,13,20.47994437341221
247,mora,packing_A,T07,largo,7,G3,6.374630747897774,0.8510198563580773,0.8461255415022082,False,514,434.1790400422976,18.384342079232173,0.35094609364181245,23.207617573798256,60,308.4,9.234247819309187,14,20.139669821876414
247,mora,packing_A,T07,largo,7,G3,6.374630747897774,0.8510198563580773,0.8461255415022082,False,514,434.1790400422976,18.384342079232173,0.35094609364181245,23.207617573798256,60,308.4,9.234247819309187,15,20.266984308858444
247,mora,packing_A,T07,largo,7,G3,6.374630747897774,0.8510198563580773,0.8461255415022082,False,514,434.1790400422976,18.384342079232173,0.35094609364181245,23.207617573798256,60,308.4,9.234247819309187,16,19.836758903033825
247,mora,packing_A,T07,largo,7,G3,6.374630747897774,0.8510198563580773,0.8461255415022082,False,514,434.1790400422976,18.384342079232173,0.35094609364181245,23.207617573798256,60,308.4,9.234247819309187,17,19.73662003952539
247,mora,packing_A,T07,largo,7,G3,6.374630747897774,0.8510198563580773,0.8461255415022082,False,514,434.1790400422976,18.384342079232173,0.35094609364181245,23.207617573798256,60,308.4,9.234247819309187,18,19.471923744598378
247,mora,packing_A,T07,largo,7,G3,6.374630747897774,0.8510198563580773,0.8461255415022082,False,514,434.1790400422976,18.384342079232173,0.35094609364181245,23.207617573798256,60,308.4,9.234247819309187,19,19.29046761227393
247,mora,packing_A,T07,largo,7,G3,6.374630747897774,0.8510198563580773,0.8461255415022082,False,514,434.1790400422976,18.384342079232173,0.35094609364181245,23.207617573798256,60,308.4,9.234247819309187,20,18.92205963718422
247,mora,packing_A,T07,largo,7,G3,6.374630747897774,0.8510198563580773,0.8461255415022082,False,514,434.1790400422976,18.384342079232173,0.35094609364181245,23.207617573798256,60,308.4,9.234247819309187,21,18.701679920682754
247,mora,packing_A,T07,largo,7,G3,6.374630747897774,0.8510198563580773,0.8461255415022082,False,514,434.1790400422976,18.384342079232173,0.35094609364181245,23.207617573798256,60,308.4,9.234247819309187,22,18.484475555756433
247,mora,packing_A,T07,largo,7,G3,6.374630747897774,0.8510198563580773,0.8461255415022082,False,514,434.1790400422976,18.384342079232173,0.35094609364181245,23.207617573798256,60,308.4,9.234247819309187,23,18.457951182490504
247,mora,packing_A,T07,largo,7,G3,6.374630747897774,0.8510198563580773,0.8461255415022082,False,514,434.1790400422976,18.384342079232173,0.35094609364181245,23.207617573798256,60,308.4,9.234247819309187,24,18.010080662534648
247,mora,packing_A,T07,largo,7,G3,6.374630747897774,0.8510198563580773,0.8461255415022082,False,514,434.1790400422976,18.384342079232173,0.35094609364181245,23.207617573798256,60,308.4,9.234247819309187,25,17.70619741881952
247,mora,packing_A,T07,largo,7,G3,6.374630747897774,0.8510198563580773,0.8461255415022082,False,514,434.1790400422976,18.384342079232173,0.35094609364181245,23.207617573798256,60,308.4,9.234247819309187,26,17.503683969971092
247,mora,packing_A,T07,largo,7,G3,6.374630747897774,0.8510198563580773,0.8461255415022082,False,514,434.1790400422976,18.384342079232173,0.35094609364181245,23.207617573798256,60,308.4,9.234247819309187,27,17.392352489980283
247,mora,packing_A,T07,largo,7,G3,6.374630747897774,0.8510198563580773,0.8461255415022082,False,514,434.1790400422976,18.384342079232173,0.35094609364181245,23.207617573798256,60,308.4,9.234247819309187,28,17.083795549726688
247,mora,packing_A,T07,largo,7,G3,6.374630747897774,0.8510198563580773,0.8461255415022082,False,514,434.1790400422976,18.384342079232173,0.35094609364181245,23.207617573798256,60,308.4,9.234247819309187,29,16.670372528209622
247,mora,packing_A,T07,largo,7,G3,6.374630747897774,0.8510198563580773,0.8461255415022082,False,514,434.1790400422976,18.384342079232173,0.35094609364181245,23.207617573798256,60,308.4,9.234247819309187,30,16.69593631752663
247,mora,packing_A,T07,largo,7,G3,6.374630747897774,0.8510198563580773,0.8461255415022082,False,514,434.1790400422976,18.384342079232173,0.35094609364181245,23.207617573798256,60,308.4,9.234247819309187,31,16.20293255565278
247,mora,packing_A,T07,largo,7,G3,6.374630747897774,0.8510198563580773,0.8461255415022082,False,514,434.1790400422976,18.384342079232173,0.35094609364181245,23.207617573798256,60,308.4,9.234247819309187,32,15.942655715440548
247,mora,packing_A,T07,largo,7,G3,6.374630747897774,0.8510198563580773,0.8461255415022082,False,514,434.1790400422976,18.384342079232173,0.35094609364181245,23.207617573798256,60,308.4,9.234247819309187,33,15.87672937579974
247,mora,packing_A,T07,largo,7,G3,6.374630747897774,0.8510198563580773,0.8461255415022082,False,514,434.1790400422976,18.384342079232173,0.35094609364181245,23.207617573798256,60,308.4,9.234247819309187,34,15.618847137184414
247,mora,packing_A,T07,largo,7,G3,6.374630747897774,0.8510198563580773,0.8461255415022082,False,514,434.1790400422976,18.384342079232173,0.35094609364181245,23.207617573798256,60,308.4,9.234247819309187,35,15.351996754121835
247,mora,packing_A,T07,largo,7,G3,6.374630747897774,0.8510198563580773,0.8461255415022082,False,514,434.1790400422976,18.384342079232173,0.35094609364181245,23.207617573798256,60,308.4,9.234247819309187,36,15.114164050845416
247,mora,packing_A,T07,largo,7,G3,6.374630747897774,0.8510198563580773,0.8461255415022082,False,514,434.1790400422976,18.384342079232173,0.35094609364181245,23.207617573798256,60,308.4,9.234247819309187,37,14.89189848473766
247,mora,packing_A,T07,largo,7,G3,6.374630747897774,0.8510198563580773,0.8461255415022082,False,514,434.1790400422976,18.384342079232173,0.35094609364181245,23.207617573798256,60,308.4,9.234247819309187,38,14.608387578025695
247,mora,packing_A,T07,largo,7,G3,6.374630747897774,0.8510198563580773,0.8461255415022082,False,514,434.1790400422976,18.384342079232173,0.35094609364181245,23.207617573798256,60,308.4,9.234247819309187,39,14.348069431387252
247,mora,packing_A,T07,largo,7,G3,6.374630747897774,0.8510198563580773,0.8461255415022082,False,514,434.1790400422976,18.384342079232173,0.35094609364181245,23.207617573798256,60,308.4,9.234247819309187,40,14.126490718081268
247,mora,packing_A,T07,largo,7,G3,6.374630747897774,0.8510198563580773,0.8461255415022082,False,514,434.1790400422976,18.384342079232173,0.35094609364181245,23.207617573798256,60,308.4,9.234247819309187,41,13.739379359062594
247,mora,packing_A,T07,largo,7,G3,6.374630747897774,0.8510198563580773,0.8461255415022082,False,514,434.1790400422976,18.384342079232173,0.35094609364181245,23.207617573798256,60,308.4,9.234247819309187,42,13.53039229055308
247,mora,packing_A,T07,largo,7,G3,6.374630747897774,0.8510198563580773,0.8461255415022082,False,514,434.1790400422976,18.384342079232173,0.35094609364181245,23.207617573798256,60,308.4,9.234247819309187,43,13.3129385789477
247,mora,packing_A,T07,largo,7,G3,6.374630747897774,0.8510198563580773,0.8461255415022082,False,514,434.1790400422976,18.384342079232173,0.35094609364181245,23.207617573798256,60,308.4,9.234247819309187,44,12.906039057982715
247,mora,packing_A,T07,largo,7,G3,6.374630747897774,0.8510198563580773,0.8461255415022082,False,514,434.1790400422976,18.384342079232173,0.35094609364181245,23.207617573798256,60,308.4,9.234247819309187,45,12.760095199899421
247,mora,packing_A,T07,largo,7,G3,6.374630747897774,0.8510198563580773,0.8461255415022082,False,514,434.1790400422976,18.384342079232173,0.35094609364181245,23.207617573798256,60,308.4,9.234247819309187,46,12.417565510859719
247,mora,packing_A,T07,largo,7,G3,6.374630747897774,0.8510198563580773,0.8461255415022082,False,514,434.1790400422976,18.384342079232173,0.35094609364181245,23.207617573798256,60,308.4,9.234247819309187,47,12.126014126240596
247,mora,packing_A,T07,largo,7,G3,6.374630747897774,0.8510198563580773,0.8461255415022082,False,514,434.1790400422976,18.384342079232173,0.35094609364181245,23.207617573798256,60,308.4,9.234247819309187,48,11.825380959944372
247,mora,packing_A,T07,largo,7,G3,6.374630747897774,0.8510198563580773,0.8461255415022082,False,514,434.1790400422976,18.384342079232173,0.35094609364181245,23.207617573798256,60,308.4,9.234247819309187,49,11.857837741997072
247,mora,packing_A,T07,largo,7,G3,6.374630747897774,0.8510198563580773,0.8461255415022082,False,514,434.1790400422976,18.384342079232173,0.35094609364181245,23.207617573798256,60,308.4,9.234247819309187,50,11.62323340231434
247,mora,packing_A,T07,largo,7,G3,6.374630747897774,0.8510198563580773,0.8461255415022082,False,514,434.1790400422976,18.384342079232173,0.35094609364181245,23.207617573798256,60,308.4,9.234247819309187,51,11.05640811834282
247,mora,packing_A,T07,largo,7,G3,6.374630747897774,0.8510198563580773,0.8461255415022082,False,514,434.1790400422976,18.384342079232173,0.35094609364181245,23.207617573798256,60,308.4,9.234247819309187,52,10.991669987075875
247,mora,packing_A,T07,largo,7,G3,6.374630747897774,0.8510198563580773,0.8461255415022082,False,514,434.1790400422976,18.384342079232173,0.35094609364181245,23.207617573798256,60,308.4,9.234247819309187,53,10.843267636212106
247,mora,packing_A,T07,largo,7,G3,6.374630747897774,0.8510198563580773,0.8461255415022082,False,514,434.1790400422976,18.384342079232173,0.35094609364181245,23.207617573798256,60,308.4,9.234247819309187,54,10.499997436337148
247,mora,packing_A,T07,largo,7,G3,6.374630747897774,0.8510198563580773,0.8461255415022082,False,514,434.1790400422976,18.384342079232173,0.35094609364181245,23.207617573798256,60,308.4,9.234247819309187,55,10.19467148571372
247,mora,packing_A,T07,largo,7,G3,6.374630747897774,0.8510198563580773,0.8461255415022082,False,514,434.1790400422976,18.384342079232173,0.35094609364181245,23.207617573798256,60,308.4,9.234247819309187,56,9.94650208117115
247,mora,packing_A,T07,largo,7,G3,6.374630747897774,0.8510198563580773,0.8461255415022082,False,514,434.1790400422976,18.384342079232173,0.35094609364181245,23.207617573798256,60,308.4,9.234247819309187,57,9.726550315179495
247,mora,packing_A,T07,largo,7,G3,6.374630747897774,0.8510198563580773,0.8461255415022082,False,514,434.1790400422976,18.384342079232173,0.35094609364181245,23.207617573798256,60,308.4,9.234247819309187,58,9.413330585387152
247,mora,packing_A,T07,largo,7,G3,6.374630747897774,0.8510198563580773,0.8461255415022082,False,514,434.1790400422976,18.384342079232173,0.35094609364181245,23.207617573798256,60,308.4,9.234247819309187,59,9.337926870462292
247,mora,packing_A,T07,largo,7,G3,6.374630747897774,0.8510198563580773,0.8461255415022082,False,514,434.1790400422976,18.384342079232173,0.35094609364181245,23.207617573798256,60,308.4,9.234247819309187,60,8.958867354393073
247,mora,packing_A,T07,largo,7,G3,6.374630747897774,0.8510198563580773,0.8461255415022082,False,514,434.1790400422976,18.384342079232173,0.35094609364181245,23.207617573798256,60,308.4,9.234247819309187,61,8.818256210954663
247,mora,packing_A,T07,largo,7,G3,6.374630747897774,0.8510198563580773,0.8461255415022082,False,514,434.1790400422976,18.384342079232173,0.35094609364181245,23.207617573798256,60,308.4,9.234247819309187,62,8.578921834070963
247,mora,packing_A,T07,largo,7,G3,6.374630747897774,0.8510198563580773,0.8461255415022082,False,514,434.1790400422976,18.384342079232173,0.35094609364181245,23.207617573798256,60,308.4,9.234247819309187,63,8.276395557858695
247,mora,packing_A,T07,largo,7,G3,6.374630747897774,0.8510198563580773,0.8461255415022082,False,514,434.1790400422976,18.384342079232173,0.35094609364181245,23.207617573798256,60,308.4,9.234247819309187,64,8.05881853119164
247,mora,packing_A,T07,largo,7,G3,6.374630747897774,0.8510198563580773,0.8461255415022082,False,514,434.1790400422976,18.384342079232173,0.35094609364181245,23.207617573798256,60,308.4,9.234247819309187,65,7.596423290680712
247,mora,packing_A,T07,largo,7,G3,6.374630747897774,0.8510198563580773,0.8461255415022082,False,514,434.1790400422976,18.384342079232173,0.35094609364181245,23.207617573798256,60,308.4,9.234247819309187,66,7.5345147856019965
247,mora,packing_A,T07,largo,7,G3,6.374630747897774,0.8510198563580773,0.8461255415022082,False,514,434.1790400422976,18.384342079232173,0.35094609364181245,23.207617573798256,60,308.4,9.234247819309187,67,7.304312335478457
247,mora,packing_A,T07,largo,7,G3,6.374630747897774,0.8510198563580773,0.8461255415022082,False,514,434.1790400422976,18.384342079232173,0.35094609364181245,23.207617573798256,60,308.4,9.234247819309187,68,7.126067329468118
247,mora,packing_A,T07,largo,7,G3,6.374630747897774,0.8510198563580773,0.8461255415022082,False,514,434.1790400422976,18.384342079232173,0.35094609364181245,23.207617573798256,60,308.4,9.234247819309187,69,6.773152523737723
247,mora,packing_A,T07,largo,7,G3,6.374630747897774,0.8510198563580773,0.8461255415022082,False,514,434.1790400422976,18.384342079232173,0.35094609364181245,23.207617573798256,60,308.4,9.234247819309187,70,6.59534038619199
247,mora,packing_A,T07,largo,7,G3,6.374630747897774,0.8510198563580773,0.8461255415022082,False,514,434.1790400422976,18.384342079232173,0.35094609364181245,23.207617573798256,60,308.4,9.234247819309187,71,6.368039985943482
247,mora,packing_A,T07,largo,7,G3,6.374630747897774,0.8510198563580773,0.8461255415022082,False,514,434.1790400422976,18.384342079232173,0.35094609364181245,23.207617573798256,60,308.4,9.234247819309187,72,6.0961971188541515
247,mora,packing_A,T07,largo,7,G3,6.374630747897774,0.8510198563580773,0.8461255415022082,False,514,434.1790400422976,18.384342079232173,0.35094609364181245,23.207617573798256,60,308.4,9.234247819309187,73,5.789358234912891
247,mora,packing_A,T07,largo,7,G3,6.374630747897774,0.8510198563580773,0.8461255415022082,False,514,434.1790400422976,18.384342079232173,0.35094609364181245,23.207617573798256,60,308.4,9.234247819309187,74,5.599486429156553
247,mora,packing_A,T07,largo,7,G3,6.374630747897774,0.8510198563580773,0.8461255415022082,False,514,434.1790400422976,18.384342079232173,0.35094609364181245,23.207617573798256,60,308.4,9.234247819309187,75,5.3276321783420615
247,mora,packing_A,T07,largo,7,G3,6.374630747897774,0.8510198563580773,0.8461255415022082,False,514,434.1790400422976,18.384342079232173,0.35094609364181245,23.207617573798256,60,308.4,9.234247819309187,76,5.251429615108508
247,mora,packing_A,T07,largo,7,G3,6.374630747897774,0.8510198563580773,0.8461255415022082,False,514,434.1790400422976,18.384342079232173,0.35094609364181245,23.207617573798256,60,308.4,9.234247819309187,77,5.02449625710347
247,mora,packing_A,T07,largo,7,G3,6.374630747897774,0.8510198563580773,0.8461255415022082,False,514,434.1790400422976,18.384342079232173,0.35094609364181245,23.207617573798256,60,308.4,9.234247819309187,78,4.862493082058705
247,mora,packing_A,T07,largo,7,G3,6.374630747897774,0.8510198563580773,0.8461255415022082,False,514,434.1790400422976,18.384342079232173,0.35094609364181245,23.207617573798256,60,308.4,9.234247819309187,79,4.321147184132536
247,mora,packing_A,T07,largo,7,G3,6.374630747897774,0.8510198563580773,0.8461255415022082,False,514,434.1790400422976,18.384342079232173,0.35094609364181245,23.207617573798256,60,308.4,9.234247819309187,80,4.260768800887935
247,mora,packing_A,T07,largo,7,G3,6.374630747897774,0.8510198563580773,0.8461255415022082,False,514,434.1790400422976,18.384342079232173,0.35094609364181245,23.207617573798256,60,308.4,9.234247819309187,81,4.1235752910394625
247,mora,packing_A,T07,largo,7,G3,6.374630747897774,0.8510198563580773,0.8461255415022082,False,514,434.1790400422976,18.384342079232173,0.35094609364181245,23.207617573798256,60,308.4,9.234247819309187,82,3.8943628978706024
247,mora,packing_A,T07,largo,7,G3,6.374630747897774,0.8510198563580773,0.8461255415022082,False,514,434.1790400422976,18.384342079232173,0.35094609364181245,23.207617573798256,60,308.4,9.234247819309187,83,3.6692944874254456
247,mora,packing_A,T07,largo,7,G3,6.374630747897774,0.8510198563580773,0.8461255415022082,False,514,434.1790400422976,18.384342079232173,0.35094609364181245,23.207617573798256,60,308.4,9.234247819309187,84,3.2912129857346857
247,mora,packing_A,T07,largo,7,G3,6.374630747897774,0.8510198563580773,0.8461255415022082,False,514,434.1790400422976,18.384342079232173,0.35094609364181245,23.207617573798256,60,308.4,9.234247819309187,85,3.2357183770464557
247,mora,packing_A,T07,largo,7,G3,6.374630747897774,0.8510198563580773,0.8461255415022082,False,514,434.1790400422976,18.384342079232173,0.35094609364181245,23.207617573798256,60,308.4,9.234247819309187,86,3.005759863998275
247,mora,packing_A,T07,largo,7,G3,6.374630747897774,0.8510198563580773,0.8461255415022082,False,514,434.1790400422976,18.384342079232173,0.35094609364181245,23.207617573798256,60,308.4,9.234247819309187,87,2.709096570982875
247,mora,packing_A,T07,largo,7,G3,6.374630747897774,0.8510198563580773,0.8461255415022082,False,514,434.1790400422976,18.384342079232173,0.35094609364181245,23.207617573798256,60,308.4,9.234247819309187,88,2.422216323022128
247,mora,packing_A,T07,largo,7,G3,6.374630747897774,0.8510198563580773,0.8461255415022082,False,514,434.1790400422976,18.384342079232173,0.35094609364181245,23.207617573798256,60,308.4,9.234247819309187,89,2.3898000139035065
247,mora,packing_A,T07,largo,7,G3,6.374630747897774,0.8510198563580773,0.8461255415022082,False,514,434.1790400422976,18.384342079232173,0.35094609364181245,23.207617573798256,60,308.4,9.234247819309187,90,2.275607390968446
247,mora,packing_A,T07,largo,7,G3,6.374630747897774,0.8510198563580773,0.8461255415022082,False,514,434.1790400422976,18.384342079232173,0.35094609364181245,23.207617573798256,60,308.4,9.234247819309187,91,1.8928763760578717
247,mora,packing_A,T07,largo,7,G3,6.374630747897774,0.8510198563580773,0.8461255415022082,False,514,434.1790400422976,18.384342079232173,0.35094609364181245,23.207617573798256,60,308.4,9.234247819309187,92,1.6701284912840437
247,mora,packing_A,T07,largo,7,G3,6.374630747897774,0.8510198563580773,0.8461255415022082,False,514,434.1790400422976,18.384342079232173,0.35094609364181245,23.207617573798256,60,308.4,9.234247819309187,93,1.5935971344600979
247,mora,packing_A,T07,largo,7,G3,6.374630747897774,0.8510198563580773,0.8461255415022082,False,514,434.1790400422976,18.384342079232173,0.35094609364181245,23.207617573798256,60,308.4,9.234247819309187,94,1.6599658268145987
247,mora,packing_A,T07,largo,7,G3,6.374630747897774,0.8510198563580773,0.8461255415022082,False,514,434.1790400422976,18.384342079232173,0.35094609364181245,23.207617573798256,60,308.4,9.234247819309187,95,1.2284137255330818
247,mora,packing_A,T07,largo,7,G3,6.374630747897774,0.8510198563580773,0.8461255415022082,False,514,434.1790400422976,18.384342079232173,0.35094609364181245,23.207617573798256,60,308.4,9.234247819309187,96,1.0568712817092514
247,mora,packing_A,T07,largo,7,G3,6.374630747897774,0.8510198563580773,0.8461255415022082,False,514,434.1790400422976,18.384342079232173,0.35094609364181245,23.207617573798256,60,308.4,9.234247819309187,97,0.8106439949616814
247,mora,packing_A,T07,largo,7,G3,6.374630747897774,0.8510198563580773,0.8461255415022082,False,514,434.1790400422976,18.384342079232173,0.35094609364181245,23.207617573798256,60,308.4,9.234247819309187,98,0.5994762692522743
247,mora,packing_A,T07,largo,7,G3,6.374630747897774,0.8510198563580773,0.8461255415022082,False,514,434.1790400422976,18.384342079232173,0.35094609364181245,23.207617573798256,60,308.4,9.234247819309187,99,0.35244871833441416
247,mora,packing_A,T07,largo,7,G3,6.374630747897774,0.8510198563580773,0.8461255415022082,False,514,434.1790400422976,18.384342079232173,0.35094609364181245,23.207617573798256,60,308.4,9.234247819309187,100,0.27252072786070536
247,mora,packing_A,T07,largo,7,G3,6.374630747897774,0.8510198563580773,0.8461255415022082,False,514,434.1790400422976,18.384342079232173,0.35094609364181245,23.207617573798256,60,308.4,9.234247819309187,101,-0.004454386604988647
247,mora,packing_A,T07,largo,7,G3,6.374630747897774,0.8510198563580773,0.8461255415022082,False,514,434.1790400422976,18.384342079232173,0.35094609364181245,23.207617573798256,60,308.4,9.234247819309187,102,-0.26649009801239987
247,mora,packing_A,T07,largo,7,G3,6.374630747897774,0.8510198563580773,0.8461255415022082,False,514,434.1790400422976,18.384342079232173,0.35094609364181245,23.207617573798256,60,308.4,9.234247819309187,103,-0.15864317368970873
247,mora,packing_A,T07,largo,7,G3,6.374630747897774,0.8510198563580773,0.8461255415022082,False,514,434.1790400422976,18.384342079232173,0.35094609364181245,23.207617573798256,60,308.4,9.234247819309187,104,-0.46298530358967693
247,mora,packing_A,T07,largo,7,G3,6.374630747897774,0.8510198563580773,0.8461255415022082,False,514,434.1790400422976,18.384342079232173,0.35094609364181245,23.207617573798256,60,308.4,9.234247819309187,105,-0.44287398019406543
247,mora,packing_A,T07,largo,7,G3,6.374630747897774,0.8510198563580773,0.8461255415022082,False,514,434.1790400422976,18.384342079232173,0.35094609364181245,23.207617573798256,60,308.4,9.234247819309187,106,-0.5600568133117626
247,mora,packing_A,T07,largo,7,G3,6.374630747897774,0.8510198563580773,0.8461255415022082,False,514,434.1790400422976,18.384342079232173,0.35094609364181245,23.207617573798256,60,308.4,9.234247819309187,107,-0.8875330465061555
247,mora,packing_A,T07,largo,7,G3,6.374630747897774,0.8510198563580773,0.8461255415022082,False,514,434.1790400422976,18.384342079232173,0.35094609364181245,23.207617573798256,60,308.4,9.234247819309187,108,-1.068178703182467
247,mora,packing_A,T07,largo,7,G3,6.374630747897774,0.8510198563580773,0.8461255415022082,False,514,434.1790400422976,18.384342079232173,0.35094609364181245,23.207617573798256,60,308.4,9.234247819309187,109,-1.104041226009028
247,mora,packing_A,T07,largo,7,G3,6.374630747897774,0.8510198563580773,0.8461255415022082,False,514,434.1790400422976,18.384342079232173,0.35094609364181245,23.207617573798256,60,308.4,9.234247819309187,110,-1.5078124441716716
247,mora,packing_A,T07,largo,7,G3,6.374630747897774,0.8510198563580773,0.8461255415022082,False,514,434.1790400422976,18.384342079232173,0.35094609364181245,23.207617573798256,60,308.4,9.234247819309187,111,-1.3882727193911413
247,mora,packing_A,T07,largo,7,G3,6.374630747897774,0.8510198563580773,0.8461255415022082,False,514,434.1790400422976,18.384342079232173,0.35094609364181245,23.207617573798256,60,308.4,9.234247819309187,112,-1.8313056789823345
247,mora,packing_A,T07,largo,7,G3,6.374630747897774,0.8510198563580773,0.8461255415022082,False,514,434.1790400422976,18.384342079232173,0.35094609364181245,23.207617573798256,60,308.4,9.234247819309187,113,-1.8262632484876848
247,mora,packing_A,T07,largo,7,G3,6.374630747897774,0.8510198563580773,0.8461255415022082,False,514,434.1790400422976,18.384342079232173,0.35094609364181245,23.207617573798256,60,308.4,9.234247819309187,114,-1.8779814100163048
247,mora,packing_A,T07,largo,7,G3,6.374630747897774,0.8510198563580773,0.8461255415022082,False,514,434.1790400422976,18.384342079232173,0.35094609364181245,23.207617573798256,60,308.4,9.234247819309187,115,-2.018274540785195
247,mora,packing_A,T07,largo,7,G3,6.374630747897774,0.8510198563580773,0.8461255415022082,False,514,434.1790400422976,18.384342079232173,0.35094609364181245,23.207617573798256,60,308.4,9.234247819309187,116,-2.3770870868363803
247,mora,packing_A,T07,largo,7,G3,6.374630747897774,0.8510198563580773,0.8461255415022082,False,514,434.1790400422976,18.384342079232173,0.35094609364181245,23.207617573798256,60,308.4,9.234247819309187,117,-2.463854422632081
247,mora,packing_A,T07,largo,7,G3,6.374630747897774,0.8510198563580773,0.8461255415022082,False,514,434.1790400422976,18.384342079232173,0.35094609364181245,23.207617573798256,60,308.4,9.234247819309187,118,-2.507222977187668
247,mora,packing_A,T07,largo,7,G3,6.374630747897774,0.8510198563580773,0.8461255415022082,False,514,434.1790400422976,18.384342079232173,0.35094609364181245,23.207617573798256,60,308.4,9.234247819309187,119,-2.734656423797394
247,mora,packing_A,T07,largo,7,G3,6.374630747897774,0.8510198563580773,0.8461255415022082,False,514,434.1790400422976,18.384342079232173,0.35094609364181245,23.207617573798256,60,308.4,9.234247819309187,120,-2.654905090397601
247,mora,packing_A,T07,largo,7,G3,6.374630747897774,0.8510198563580773,0.8461255415022082,False,514,434.1790400422976,18.384342079232173,0.35094609364181245,23.207617573798256,60,308.4,9.234247819309187,121,-2.9321002289585265
247,mora,packing_A,T07,largo,7,G3,6.374630747897774,0.8510198563580773,0.8461255415022082,False,514,434.1790400422976,18.384342079232173,0.35094609364181245,23.207617573798256,60,308.4,9.234247819309187,122,-3.0202971177175697
247,mora,packing_A,T07,largo,7,G3,6.374630747897774,0.8510198563580773,0.8461255415022082,False,514,434.1790400422976,18.384342079232173,0.35094609364181245,23.207617573798256,60,308.4,9.234247819309187,123,-3.1690191051783048
247,mora,packing_A,T07,largo,7,G3,6.374630747897774,0.8510198563580773,0.8461255415022082,False,514,434.1790400422976,18.384342079232173,0.35094609364181245,23.207617573798256,60,308.4,9.234247819309187,124,-3.188340240311494
247,mora,packing_A,T07,largo,7,G3,6.374630747897774,0.8510198563580773,0.8461255415022082,False,514,434.1790400422976,18.384342079232173,0.35094609364181245,23.207617573798256,60,308.4,9.234247819309187,125,-3.630676409495416
247,mora,packing_A,T07,largo,7,G3,6.374630747897774,0.8510198563580773,0.8461255415022082,False,514,434.1790400422976,18.384342079232173,0.35094609364181245,23.207617573798256,60,308.4,9.234247819309187,126,-3.652196186142902
247,mora,packing_A,T07,largo,7,G3,6.374630747897774,0.8510198563580773,0.8461255415022082,False,514,434.1790400422976,18.384342079232173,0.35094609364181245,23.207617573798256,60,308.4,9.234247819309187,127,-3.5942571378986297
247,mora,packing_A,T07,largo,7,G3,6.374630747897774,0.8510198563580773,0.8461255415022082,False,514,434.1790400422976,18.384342079232173,0.35094609364181245,23.207617573798256,60,308.4,9.234247819309187,128,-3.73671748062561
247,mora,packing_A,T07,largo,7,G3,6.374630747897774,0.8510198563580773,0.8461255415022082,False,514,434.1790400422976,18.384342079232173,0.35094609364181245,23.207617573798256,60,308.4,9.234247819309187,129,-3.9303453712022094
247,mora,packing_A,T07,largo,7,G3,6.374630747897774,0.8510198563580773,0.8461255415022082,False,514,434.1790400422976,18.384342079232173,0.35094609364181245,23.207617573798256,60,308.4,9.234247819309187,130,-3.8605020290015895
247,mora,packing_A,T07,largo,7,G3,6.374630747897774,0.8510198563580773,0.8461255415022082,False,514,434.1790400422976,18.384342079232173,0.35094609364181245,23.207617573798256,60,308.4,9.234247819309187,131,-4.046043466819197
247,mora,packing_A,T07,largo,7,G3,6.374630747897774,0.8510198563580773,0.8461255415022082,False,514,434.1790400422976,18.384342079232173,0.35094609364181245,23.207617573798256,60,308.4,9.234247819309187,132,-4.1605229039865455
247,mora,packing_A,T07,largo,7,G3,6.374630747897774,0.8510198563580773,0.8461255415022082,False,514,434.1790400422976,18.384342079232173,0.35094609364181245,23.207617573798256,60,308.4,9.234247819309187,133,-4.3534274006553915
247,mora,packing_A,T07,largo,7,G3,6.374630747897774,0.8510198563580773,0.8461255415022082,False,514,434.1790400422976,18.384342079232173,0.35094609364181245,23.207617573798256,60,308.4,9.234247819309187,134,-4.398556084368154
247,mora,packing_A,T07,largo,7,G3,6.374630747897774,0.8510198563580773,0.8461255415022082,False,514,434.1790400422976,18.384342079232173,0.35094609364181245,23.207617573798256,60,308.4,9.234247819309187,135,-4.350472146028398
247,mora,packing_A,T07,largo,7,G3,6.374630747897774,0.8510198563580773,0.8461255415022082,False,514,434.1790400422976,18.384342079232173,0.35094609364181245,23.207617573798256,60,308.4,9.234247819309187,136,-4.433824027470646
247,mora,packing_A,T07,largo,7,G3,6.374630747897774,0.8510198563580773,0.8461255415022082,False,514,434.1790400422976,18.384342079232173,0.35094609364181245,23.207617573798256,60,308.4,9.234247819309187,137,-4.599824685907161
247,mora,packing_A,T07,largo,7,G3,6.374630747897774,0.8510198563580773,0.8461255415022082,False,514,434.1790400422976,18.384342079232173,0.35094609364181245,23.207617573798256,60,308.4,9.234247819309187,138,-4.8263749126074975
247,mora,packing_A,T07,largo,7,G3,6.374630747897774,0.8510198563580773,0.8461255415022082,False,514,434.1790400422976,18.384342079232173,0.35094609364181245,23.207617573798256,60,308.4,9.234247819309187,139,-4.818822530218198
247,mora,packing_A,T07,largo,7,G3,6.374630747897774,0.8510198563580773,0.8461255415022082,False,514,434.1790400422976,18.384342079232173,0.35094609364181245,23.207617573798256,60,308.4,9.234247819309187,140,-4.888654564937666
247,mora,packing_A,T07,largo,7,G3,6.374630747897774,0.8510198563580773,0.8461255415022082,False,514,434.1790400422976,18.384342079232173,0.35094609364181245,23.207617573798256,60,308.4,9.234247819309187,141,-5.077492156285648
247,mora,packing_A,T07,largo,7,G3,6.374630747897774,0.8510198563580773,0.8461255415022082,False,514,434.1790400422976,18.384342079232173,0.35094609364181245,23.207617573798256,60,308.4,9.234247819309187,142,-5.106947105186197
247,mora,packing_A,T07,largo,7,G3,6.374630747897774,0.8510198563580773,0.8461255415022082,False,514,434.1790400422976,18.384342079232173,0.35094609364181245,23.207617573798256,60,308.4,9.234247819309187,143,-4.894029431071375
247,mora,packing_A,T07,largo,7,G3,6.374630747897774,0.8510198563580773,0.8461255415022082,False,514,434.1790400422976,18.384342079232173,0.35094609364181245,23.207617573798256,60,308.4,9.234247819309187,144,-5.044892883648409
247,mora,packing_A,T07,largo,7,G3,6.374630747897774,0.8510198563580773,0.8461255415022082,False,514,434.1790400422976,18.384342079232173,0.35094609364181245,23.207617573798256,60,308.4,9.234247819309187,145,-5.263721951359897
247,mora,packing_A,T07,largo,7,G3,6.374630747897774,0.8510198563580773,0.8461255415022082,False,514,434.1790400422976,18.384342079232173,0.35094609364181245,23.207617573798256,60,308.4,9.234247819309187,146,-5.448265525275696
247,mora,packing_A,T07,largo,7,G3,6.374630747897774,0.8510198563580773,0.8461255415022082,False,514,434.1790400422976,18.384342079232173,0.35094609364181245,23.207617573798256,60,308.4,9.234247819309187,147,-5.314086739930293
247,mora,packing_A,T07,largo,7,G3,6.374630747897774,0.8510198563580773,0.8461255415022082,False,514,434.1790400422976,18.384342079232173,0.35094609364181245,23.207617573798256,60,308.4,9.234247819309187,148,-5.340845936623161
247,mora,packing_A,T07,largo,7,G3,6.374630747897774,0.8510198563580773,0.8461255415022082,False,514,434.1790400422976,18.384342079232173,0.35094609364181245,23.207617573798256,60,308.4,9.234247819309187,149,-5.534774837930097
247,mora,packing_A,T07,largo,7,G3,6.374630747897774,0.8510198563580773,0.8461255415022082,False,514,434.1790400422976,18.384342079232173,0.35094609364181245,23.207617573798256,60,308.4,9.234247819309187,150,-5.6164817275432295
247,mora,packing_A,T07,largo,7,G3,6.374630747897774,0.8510198563580773,0.8461255415022082,False,514,434.1790400422976,18.384342079232173,0.35094609364181245,23.207617573798256,60,308.4,9.234247819309187,151,-5.501014739281997
247,mora,packing_A,T07,largo,7,G3,6.374630747897774,0.8510198563580773,0.8461255415022082,False,514,434.1790400422976,18.384342079232173,0.35094609364181245,23.207617573798256,60,308.4,9.234247819309187,152,-5.744096579631863
247,mora,packing_A,T07,largo,7,G3,6.374630747897774,0.8510198563580773,0.8461255415022082,False,514,434.1790400422976,18.384342079232173,0.35094609364181245,23.207617573798256,60,308.4,9.234247819309187,153,-5.624846896048085
247,mora,packing_A,T07,largo,7,G3,6.374630747897774,0.8510198563580773,0.8461255415022082,False,514,434.1790400422976,18.384342079232173,0.35094609364181245,23.207617573798256,60,308.4,9.234247819309187,154,-5.851473652330955
247,mora,packing_A,T07,largo,7,G3,6.374630747897774,0.8510198563580773,0.8461255415022082,False,514,434.1790400422976,18.384342079232173,0.35094609364181245,23.207617573798256,60,308.4,9.234247819309187,155,-5.7565708189218565
247,mora,packing_A,T07,largo,7,G3,6.374630747897774,0.8510198563580773,0.8461255415022082,False,514,434.1790400422976,18.384342079232173,0.35094609364181245,23.207617573798256,60,308.4,9.234247819309187,156,-5.791802096470222
247,mora,packing_A,T07,largo,7,G3,6.374630747897774,0.8510198563580773,0.8461255415022082,False,514,434.1790400422976,18.384342079232173,0.35094609364181245,23.207617573798256,60,308.4,9.234247819309187,157,-5.983541803956906
247,mora,packing_A,T07,largo,7,G3,6.374630747897774,0.8510198563580773,0.8461255415022082,False,514,434.1790400422976,18.384342079232173,0.35094609364181245,23.207617573798256,60,308.4,9.234247819309187,158,-5.775996986884926
247,mora,packing_A,T07,largo,7,G3,6.374630747897774,0.8510198563580773,0.8461255415022082,False,514,434.1790400422976,18.384342079232173,0.35094609364181245,23.207617573798256,60,308.4,9.234247819309187,159,-5.918969301659146
247,mora,packing_A,T07,largo,7,G3,6.374630747897774,0.8510198563580773,0.8461255415022082,False,514,434.1790400422976,18.384342079232173,0.35094609364181245,23.207617573798256,60,308.4,9.234247819309187,160,-5.95531695954549
247,mora,packing_A,T07,largo,7,G3,6.374630747897774,0.8510198563580773,0.8461255415022082,False,514,434.1790400422976,18.384342079232173,0.35094609364181245,23.207617573798256,60,308.4,9.234247819309187,161,-5.8791879117155545
247,mora,packing_A,T07,largo,7,G3,6.374630747897774,0.8510198563580773,0.8461255415022082,False,514,434.1790400422976,18.384342079232173,0.35094609364181245,23.207617573798256,60,308.4,9.234247819309187,162,-6.107066373213704
247,mora,packing_A,T07,largo,7,G3,6.374630747897774,0.8510198563580773,0.8461255415022082,False,514,434.1790400422976,18.384342079232173,0.35094609364181245,23.207617573798256,60,308.4,9.234247819309187,163,-6.193878948201251
247,mora,packing_A,T07,largo,7,G3,6.374630747897774,0.8510198563580773,0.8461255415022082,False,514,434.1790400422976,18.384342079232173,0.35094609364181245,23.207617573798256,60,308.4,9.234247819309187,164,-6.1539512042009
247,mora,packing_A,T07,largo,7,G3,6.374630747897774,0.8510198563580773,0.8461255415022082,False,514,434.1790400422976,18.384342079232173,0.35094609364181245,23.207617573798256,60,308.4,9.234247819309187,165,-6.221151553339123
247,mora,packing_A,T07,largo,7,G3,6.374630747897774,0.8510198563580773,0.8461255415022082,False,514,434.1790400422976,18.384342079232173,0.35094609364181245,23.207617573798256,60,308.4,9.234247819309187,166,-6.059234478194445
247,mora,packing_A,T07,largo,7,G3,6.374630747897774,0.8510198563580773,0.8461255415022082,False,514,434.1790400422976,18.384342079232173,0.35094609364181245,23.207617573798256,60,308.4,9.234247819309187,167,-6.165769725119588
247,mora,packing_A,T07,largo,7,G3,6.374630747897774,0.8510198563580773,0.8461255415022082,False,514,434.1790400422976,18.384342079232173,0.35094609364181245,23.207617573798256,60,308.4,9.234247819309187,168,-6.0353179587467
247,mora,packing_A,T07,largo,7,G3,6.374630747897774,0.8510198563580773,0.8461255415022082,False,514,434.1790400422976,18.384342079232173,0.35094609364181245,23.207617573798256,60,308.4,9.234247819309187,169,-6.421830061935282
247,mora,packing_A,T07,largo,7,G3,6.374630747897774,0.8510198563580773,0.8461255415022082,False,514,434.1790400422976,18.384342079232173,0.35094609364181245,23.207617573798256,60,308.4,9.234247819309187,170,-6.333154705344941
247,mora,packing_A,T07,largo,7,G3,6.374630747897774,0.8510198563580773,0.8461255415022082,False,514,434.1790400422976,18.384342079232173,0.35094609364181245,23.207617573798256,60,308.4,9.234247819309187,171,-6.339440852701943
247,mora,packing_A,T07,largo,7,G3,6.374630747897774,0.8510198563580773,0.8461255415022082,False,514,434.1790400422976,18.384342079232173,0.35094609364181245,23.207617573798256,60,308.4,9.234247819309187,172,-6.177189015634854
247,mora,packing_A,T07,largo,7,G3,6.374630747897774,0.8510198563580773,0.8461255415022082,False,514,434.1790400422976,18.384342079232173,0.35094609364181245,23.207617573798256,60,308.4,9.234247819309187,173,-6.303301922537076
247,mora,packing_A,T07,largo,7,G3,6.374630747897774,0.8510198563580773,0.8461255415022082,False,514,434.1790400422976,18.384342079232173,0.35094609364181245,23.207617573798256,60,308.4,9.234247819309187,174,-6.508332925906324
247,mora,packing_A,T07,largo,7,G3,6.374630747897774,0.8510198563580773,0.8461255415022082,False,514,434.1790400422976,18.384342079232173,0.35094609364181245,23.207617573798256,60,308.4,9.234247819309187,175,-6.227082227144952
247,mora,packing_A,T07,largo,7,G3,6.374630747897774,0.8510198563580773,0.8461255415022082,False,514,434.1790400422976,18.384342079232173,0.35094609364181245,23.207617573798256,60,308.4,9.234247819309187,176,-6.133244470734247
247,mora,packing_A,T07,largo,7,G3,6.374630747897774,0.8510198563580773,0.8461255415022082,False,514,434.1790400422976,18.384342079232173,0.35094609364181245,23.207617573798256,60,308.4,9.234247819309187,177,-6.403338456589128
247,mora,packing_A,T07,largo,7,G3,6.374630747897774,0.8510198563580773,0.8461255415022082,False,514,434.1790400422976,18.384342079232173,0.35094609364181245,23.207617573798256,60,308.4,9.234247819309187,178,-6.1361903783363365
247,mora,packing_A,T07,largo,7,G3,6.374630747897774,0.8510198563580773,0.8461255415022082,False,514,434.1790400422976,18.384342079232173,0.35094609364181245,23.207617573798256,60,308.4,9.234247819309187,179,-6.341317277955937
247,mora,packing_A,T07,largo,7,G3,6.374630747897774,0.8510198563580773,0.8461255415022082,False,514,434.1790400422976,18.384342079232173,0.35094609364181245,23.207617573798256,60,308.4,9.234247819309187,180,-6.238989913845204
247,mora,packing_A,T07,largo,7,G3,6.374630747897774,0.8510198563580773,0.8461255415022082,False,514,434.1790400422976,18.384342079232173,0.35094609364181245,23.207617573798256,60,308.4,9.234247819309187,181,-6.109429743501592
247,mora,packing_A,T07,largo,7,G3,6.374630747897774,0.8510198563580773,0.8461255415022082,False,514,434.1790400422976,18.384342079232173,0.35094609364181245,23.207617573798256,60,308.4,9.234247819309187,182,-6.4087701016950716
247,mora,packing_A,T07,largo,7,G3,6.374630747897774,0.8510198563580773,0.8461255415022082,False,514,434.1790400422976,18.384342079232173,0.35094609364181245,23.207617573798256,60,308.4,9.234247819309187,183,-6.223697085637823
247,mora,packing_A,T07,largo,7,G3,6.374630747897774,0.8510198563580773,0.8461255415022082,False,514,434.1790400422976,18.384342079232173,0.35094609364181245,23.207617573798256,60,308.4,9.234247819309187,184,-6.24701164657989
247,mora,packing_A,T07,largo,7,G3,6.374630747897774,0.8510198563580773,0.8461255415022082,False,514,434.1790400422976,18.384342079232173,0.35094609364181245,23.207617573798256,60,308.4,9.234247819309187,185,-6.350393658443667
247,mora,packing_A,T07,largo,7,G3,6.374630747897774,0.8510198563580773,0.8461255415022082,False,514,434.1790400422976,18.384342079232173,0.35094609364181245,23.207617573798256,60,308.4,9.234247819309187,186,-6.279196608928843
247,mora,packing_A,T07,largo,7,G3,6.374630747897774,0.8510198563580773,0.8461255415022082,False,514,434.1790400422976,18.384342079232173,0.35094609364181245,23.207617573798256,60,308.4,9.234247819309187,187,-6.234667555612841
247,mora,packing_A,T07,largo,7,G3,6.374630747897774,0.8510198563580773,0.8461255415022082,False,514,434.1790400422976,18.384342079232173,0.35094609364181245,23.207617573798256,60,308.4,9.234247819309187,188,-6.14990893580329
247,mora,packing_A,T07,largo,7,G3,6.374630747897774,0.8510198563580773,0.8461255415022082,False,514,434.1790400422976,18.384342079232173,0.35094609364181245,23.207617573798256,60,308.4,9.234247819309187,189,-6.179541060455185
247,mora,packing_A,T07,largo,7,G3,6.374630747897774,0.8510198563580773,0.8461255415022082,False,514,434.1790400422976,18.384342079232173,0.35094609364181245,23.207617573798256,60,308.4,9.234247819309187,190,-6.2505172305908685
247,mora,packing_A,T07,largo,7,G3,6.374630747897774,0.8510198563580773,0.8461255415022082,False,514,434.1790400422976,18.384342079232173,0.35094609364181245,23.207617573798256,60,308.4,9.234247819309187,191,-6.31619060834897
247,mora,packing_A,T07,largo,7,G3,6.374630747897774,0.8510198563580773,0.8461255415022082,False,514,434.1790400422976,18.384342079232173,0.35094609364181245,23.207617573798256,60,308.4,9.234247819309187,192,-6.089962221324452
247,mora,packing_A,T07,largo,7,G3,6.374630747897774,0.8510198563580773,0.8461255415022082,False,514,434.1790400422976,18.384342079232173,0.35094609364181245,23.207617573798256,60,308.4,9.234247819309187,193,-6.134567429000148
247,mora,packing_A,T07,largo,7,G3,6.374630747897774,0.8510198563580773,0.8461255415022082,False,514,434.1790400422976,18.384342079232173,0.35094609364181245,23.207617573798256,60,308.4,9.234247819309187,194,-5.947883848684631
247,mora,packing_A,T07,largo,7,G3,6.374630747897774,0.8510198563580773,0.8461255415022082,False,514,434.1790400422976,18.384342079232173,0.35094609364181245,23.207617573798256,60,308.4,9.234247819309187,195,-5.913400164809046
247,mora,packing_A,T07,largo,7,G3,6.374630747897774,0.8510198563580773,0.8461255415022082,False,514,434.1790400422976,18.384342079232173,0.35094609364181245,23.207617573798256,60,308.4,9.234247819309187,196,-6.1042574455424115
247,mora,packing_A,T07,largo,7,G3,6.374630747897774,0.8510198563580773,0.8461255415022082,False,514,434.1790400422976,18.384342079232173,0.35094609364181245,23.207617573798256,60,308.4,9.234247819309187,197,-5.98459726998416
247,mora,packing_A,T07,largo,7,G3,6.374630747897774,0.8510198563580773,0.8461255415022082,False,514,434.1790400422976,18.384342079232173,0.35094609364181245,23.207617573798256,60,308.4,9.234247819309187,198,-5.962889109478336
247,mora,packing_A,T07,largo,7,G3,6.374630747897774,0.8510198563580773,0.8461255415022082,False,514,434.1790400422976,18.384342079232173,0.35094609364181245,23.207617573798256,60,308.4,9.234247819309187,199,-5.934488838226415
247,mora,packing_A,T07,largo,7,G3,6.374630747897774,0.8510198563580773,0.8461255415022082,False,514,434.1790400422976,18.384342079232173,0.35094609364181245,23.207617573798256,60,308.4,9.234247819309187,200,-6.008718512557383
247,mora,packing_A,T07,largo,7,G3,6.374630747897774,0.8510198563580773,0.8461255415022082,False,514,434.1790400422976,18.384342079232173,0.35094609364181245,23.207617573798256,60,308.4,9.234247819309187,201,-5.939598125391439
247,mora,packing_A,T07,largo,7,G3,6.374630747897774,0.8510198563580773,0.8461255415022082,False,514,434.1790400422976,18.384342079232173,0.35094609364181245,23.207617573798256,60,308.4,9.234247819309187,202,-5.916473190825208
247,mora,packing_A,T07,largo,7,G3,6.374630747897774,0.8510198563580773,0.8461255415022082,False,514,434.1790400422976,18.384342079232173,0.35094609364181245,23.207617573798256,60,308.4,9.234247819309187,203,-5.534063077780182
247,mora,packing_A,T07,largo,7,G3,6.374630747897774,0.8510198563580773,0.8461255415022082,False,514,434.1790400422976,18.384342079232173,0.35094609364181245,23.207617573798256,60,308.4,9.234247819309187,204,-5.83683985991308
247,mora,packing_A,T07,largo,7,G3,6.374630747897774,0.8510198563580773,0.8461255415022082,False,514,434.1790400422976,18.384342079232173,0.35094609364181245,23.207617573798256,60,308.4,9.234247819309187,205,-5.758659778715041
247,mora,packing_A,T07,largo,7,G3,6.374630747897774,0.8510198563580773,0.8461255415022082,False,514,434.1790400422976,18.384342079232173,0.35094609364181245,23.207617573798256,60,308.4,9.234247819309187,206,-5.468457561035753
247,mora,packing_A,T07,largo,7,G3,6.374630747897774,0.8510198563580773,0.8461255415022082,False,514,434.1790400422976,18.384342079232173,0.35094609364181245,23.207617573798256,60,308.4,9.234247819309187,207,-5.542057716199746
247,mora,packing_A,T07,largo,7,G3,6.374630747897774,0.8510198563580773,0.8461255415022082,False,514,434.1790400422976,18.384342079232173,0.35094609364181245,23.207617573798256,60,308.4,9.234247819309187,208,-5.571145387500075
247,mora,packing_A,T07,largo,7,G3,6.374630747897774,0.8510198563580773,0.8461255415022082,False,514,434.1790400422976,18.384342079232173,0.35094609364181245,23.207617573798256,60,308.4,9.234247819309187,209,-5.621192329427033
247,mora,packing_A,T07,largo,7,G3,6.374630747897774,0.8510198563580773,0.8461255415022082,False,514,434.1790400422976,18.384342079232173,0.35094609364181245,23.207617573798256,60,308.4,9.234247819309187,210,-5.526221303928952
247,mora,packing_A,T07,largo,7,G3,6.374630747897774,0.8510198563580773,0.8461255415022082,False,514,434.1790400422976,18.384342079232173,0.35094609364181245,23.207617573798256,60,308.4,9.234247819309187,211,-5.465095550851827
247,mora,packing_A,T07,largo,7,G3,6.374630747897774,0.8510198563580773,0.8461255415022082,False,514,434.1790400422976,18.384342079232173,0.35094609364181245,23.207617573798256,60,308.4,9.234247819309187,212,-5.3759204481532175
247,mora,packing_A,T07,largo,7,G3,6.374630747897774,0.8510198563580773,0.8461255415022082,False,514,434.1790400422976,18.384342079232173,0.35094609364181245,23.207617573798256,60,308.4,9.234247819309187,213,-5.35663015690337
247,mora,packing_A,T07,largo,7,G3,6.374630747897774,0.8510198563580773,0.8461255415022082,False,514,434.1790400422976,18.384342079232173,0.35094609364181245,23.207617573798256,60,308.4,9.234247819309187,214,-5.247439616312047
247,mora,packing_A,T07,largo,7,G3,6.374630747897774,0.8510198563580773,0.8461255415022082,False,514,434.1790400422976,18.384342079232173,0.35094609364181245,23.207617573798256,60,308.4,9.234247819309187,215,-5.243561596317587
247,mora,packing_A,T07,largo,7,G3,6.374630747897774,0.8510198563580773,0.8461255415022082,False,514,434.1790400422976,18.384342079232173,0.35094609364181245,23.207617573798256,60,308.4,9.234247819309187,216,-5.2406644307757
247,mora,packing_A,T07,largo,7,G3,6.374630747897774,0.8510198563580773,0.8461255415022082,False,514,434.1790400422976,18.384342079232173,0.35094609364181245,23.207617573798256,60,308.4,9.234247819309187,217,-5.189087365612534
247,mora,packing_A,T07,largo,7,G3,6.374630747897774,0.8510198563580773,0.8461255415022082,False,514,434.1790400422976,18.384342079232173,0.35094609364181245,23.207617573798256,60,308.4,9.234247819309187,218,-5.223774955005109
247,mora,packing_A,T07,largo,7,G3,6.374630747897774,0.8510198563580773,0.8461255415022082,False,514,434.1790400422976,18.384342079232173,0.35094609364181245,23.207617573798256,60,308.4,9.234247819309187,219,-5.171015212118689
247,mora,packing_A,T07,largo,7,G3,6.374630747897774,0.8510198563580773,0.8461255415022082,False,514,434.1790400422976,18.384342079232173,0.35094609364181245,23.207617573798256,60,308.4,9.234247819309187,220,-4.8887368494741335
247,mora,packing_A,T07,largo,7,G3,6.374630747897774,0.8510198563580773,0.8461255415022082,False,514,434.1790400422976,18.384342079232173,0.35094609364181245,23.207617573798256,60,308.4,9.234247819309187,221,-5.013890504191164
247,mora,packing_A,T07,largo,7,G3,6.374630747897774,0.8510198563580773,0.8461255415022082,False,514,434.1790400422976,18.384342079232173,0.35094609364181245,23.207617573798256,60,308.4,9.234247819309187,222,-4.946305433238189
247,mora,packing_A,T07,largo,7,G3,6.374630747897774,0.8510198563580773,0.8461255415022082,False,514,434.1790400422976,18.384342079232173,0.35094609364181245,23.207617573798256,60,308.4,9.234247819309187,223,-4.858680758337241
247,mora,packing_A,T07,largo,7,G3,6.374630747897774,0.8510198563580773,0.8461255415022082,False,514,434.1790400422976,18.384342079232173,0.35094609364181245,23.207617573798256,60,308.4,9.234247819309187,224,-4.942977678061256
247,mora,packing_A,T07,largo,7,G3,6.374630747897774,0.8510198563580773,0.8461255415022082,False,514,434.1790400422976,18.384342079232173,0.35094609364181245,23.207617573798256,60,308.4,9.234247819309187,225,-4.780813243004163
247,mora,packing_A,T07,largo,7,G3,6.374630747897774,0.8510198563580773,0.8461255415022082,False,514,434.1790400422976,18.384342079232173,0.35094609364181245,23.207617573798256,60,308.4,9.234247819309187,226,-4.49114154388457
247,mora,packing_A,T07,largo,7,G3,6.374630747897774,0.8510198563580773,0.8461255415022082,False,514,434.1790400422976,18.384342079232173,0.35094609364181245,23.207617573798256,60,308.4,9.234247819309187,227,-4.760349545675015
247,mora,packing_A,T07,largo,7,G3,6.374630747897774,0.8510198563580773,0.8461255415022082,False,514,434.1790400422976,18.384342079232173,0.35094609364181245,23.207617573798256,60,308.4,9.234247819309187,228,-4.516024728549837
247,mora,packing_A,T07,largo,7,G3,6.374630747897774,0.8510198563580773,0.8461255415022082,False,514,434.1790400422976,18.384342079232173,0.35094609364181245,23.207617573798256,60,308.4,9.234247819309187,229,-4.492505162156705
247,mora,packing_A,T07,largo,7,G3,6.374630747897774,0.8510198563580773,0.8461255415022082,False,514,434.1790400422976,18.384342079232173,0.35094609364181245,23.207617573798256,60,308.4,9.234247819309187,230,-4.455717818874008
247,mora,packing_A,T07,largo,7,G3,6.374630747897774,0.8510198563580773,0.8461255415022082,False,514,434.1790400422976,18.384342079232173,0.35094609364181245,23.207617573798256,60,308.4,9.234247819309187,231,-4.518937205848939
247,mora,packing_A,T07,largo,7,G3,6.374630747897774,0.8510198563580773,0.8461255415022082,False,514,434.1790400422976,18.384342079232173,0.35094609364181245,23.207617573798256,60,308.4,9.234247819309187,232,-4.329643201184842
247,mora,packing_A,T07,largo,7,G3,6.374630747897774,0.8510198563580773,0.8461255415022082,False,514,434.1790400422976,18.384342079232173,0.35094609364181245,23.207617573798256,60,308.4,9.234247819309187,233,-4.223810455296068
247,mora,packing_A,T07,largo,7,G3,6.374630747897774,0.8510198563580773,0.8461255415022082,False,514,434.1790400422976,18.384342079232173,0.35094609364181245,23.207617573798256,60,308.4,9.234247819309187,234,-4.185511569135683
247,mora,packing_A,T07,largo,7,G3,6.374630747897774,0.8510198563580773,0.8461255415022082,False,514,434.1790400422976,18.384342079232173,0.35094609364181245,23.207617573798256,60,308.4,9.234247819309187,235,-4.104719160919361
247,mora,packing_A,T07,largo,7,G3,6.374630747897774,0.8510198563580773,0.8461255415022082,False,514,434.1790400422976,18.384342079232173,0.35094609364181245,23.207617573798256,60,308.4,9.234247819309187,236,-4.025911839476811
247,mora,packing_A,T07,largo,7,G3,6.374630747897774,0.8510198563580773,0.8461255415022082,False,514,434.1790400422976,18.384342079232173,0.35094609364181245,23.207617573798256,60,308.4,9.234247819309187,237,-3.8105218082919112
247,mora,packing_A,T07,largo,7,G3,6.374630747897774,0.8510198563580773,0.8461255415022082,False,514,434.1790400422976,18.384342079232173,0.35094609364181245,23.207617573798256,60,308.4,9.234247819309187,238,-4.056014497941084
247,mora,packing_A,T07,largo,7,G3,6.374630747897774,0.8510198563580773,0.8461255415022082,False,514,434.1790400422976,18.384342079232173,0.35094609364181245,23.207617573798256,60,308.4,9.234247819309187,239,-3.8995122350468456
247,mora,packing_A,T07,largo,7,G3,6.374630747897774,0.8510198563580773,0.8461255415022082,False,514,434.1790400422976,18.384342079232173,0.35094609364181245,23.207617573798256,60,308.4,9.234247819309187,240,-3.914997546507216
247,mora,packing_A,T07,largo,7,G3,6.374630747897774,0.8510198563580773,0.8461255415022082,False,514,434.1790400422976,18.384342079232173,0.35094609364181245,23.207617573798256,60,308.4,9.234247819309187,241,-3.976279052618164
247,mora,packing_A,T07,largo,7,G3,6.374630747897774,0.8510198563580773,0.8461255415022082,False,514,434.1790400422976,18.384342079232173,0.35094609364181245,23.207617573798256,60,308.4,9.234247819309187,242,-3.6932047277199205
247,mora,packing_A,T07,largo,7,G3,6.374630747897774,0.8510198563580773,0.8461255415022082,False,514,434.1790400422976,18.384342079232173,0.35094609364181245,23.207617573798256,60,308.4,9.234247819309187,243,-3.657252374578561
247,mora,packing_A,T07,largo,7,G3,6.374630747897774,0.8510198563580773,0.8461255415022082,False,514,434.1790400422976,18.384342079232173,0.35094609364181245,23.207617573798256,60,308.4,9.234247819309187,244,-3.731764095867761
247,mora,packing_A,T07,largo,7,G3,6.374630747897774,0.8510198563580773,0.8461255415022082,False,514,434.1790400422976,18.384342079232173,0.35094609364181245,23.207617573798256,60,308.4,9.234247819309187,245,-3.506311883611226
247,mora,packing_A,T07,largo,7,G3,6.374630747897774,0.8510198563580773,0.8461255415022082,False,514,434.1790400422976,18.384342079232173,0.35094609364181245,23.207617573798256,60,308.4,9.234247819309187,246,-3.423651224866614
247,mora,packing_A,T07,largo,7,G3,6.374630747897774,0.8510198563580773,0.8461255415022082,False,514,434.1790400422976,18.384342079232173,0.35094609364181245,23.207617573798256,60,308.4,9.234247819309187,247,-3.4408130264181875
247,mora,packing_A,T07,largo,7,G3,6.374630747897774,0.8510198563580773,0.8461255415022082,False,514,434.1790400422976,18.384342079232173,0.35094609364181245,23.207617573798256,60,308.4,9.234247819309187,248,-3.23510633044598
247,mora,packing_A,T07,largo,7,G3,6.374630747897774,0.8510198563580773,0.8461255415022082,False,514,434.1790400422976,18.384342079232173,0.35094609364181245,23.207617573798256,60,308.4,9.234247819309187,249,-3.202444828765434
247,mora,packing_A,T07,largo,7,G3,6.374630747897774,0.8510198563580773,0.8461255415022082,False,514,434.1790400422976,18.384342079232173,0.35094609364181245,23.207617573798256,60,308.4,9.234247819309187,250,-3.1676169570544355
247,mora,packing_A,T07,largo,7,G3,6.374630747897774,0.8510198563580773,0.8461255415022082,False,514,434.1790400422976,18.384342079232173,0.35094609364181245,23.207617573798256,60,308.4,9.234247819309187,251,-2.9182264845364925
247,mora,packing_A,T07,largo,7,G3,6.374630747897774,0.8510198563580773,0.8461255415022082,False,514,434.1790400422976,18.384342079232173,0.35094609364181245,23.207617573798256,60,308.4,9.234247819309187,252,-3.1215613145967636
247,mora,packing_A,T07,largo,7,G3,6.374630747897774,0.8510198563580773,0.8461255415022082,False,514,434.1790400422976,18.384342079232173,0.35094609364181245,23.207617573798256,60,308.4,9.234247819309187,253,-2.999771271076203
247,mora,packing_A,T07,largo,7,G3,6.374630747897774,0.8510198563580773,0.8461255415022082,False,514,434.1790400422976,18.384342079232173,0.35094609364181245,23.207617573798256,60,308.4,9.234247819309187,254,-3.046791575003224
247,mora,packing_A,T07,largo,7,G3,6.374630747897774,0.8510198563580773,0.8461255415022082,False,514,434.1790400422976,18.384342079232173,0.35094609364181245,23.207617573798256,60,308.4,9.234247819309187,255,-3.1126833851142583
247,mora,packing_A,T07,largo,7,G3,6.374630747897774,0.8510198563580773,0.8461255415022082,False,514,434.1790400422976,18.384342079232173,0.35094609364181245,23.207617573798256,60,308.4,9.234247819309187,256,-2.8390649049156025
247,mora,packing_A,T07,largo,7,G3,6.374630747897774,0.8510198563580773,0.8461255415022082,False,514,434.1790400422976,18.384342079232173,0.35094609364181245,23.207617573798256,60,308.4,9.234247819309187,257,-2.8946564663634473
247,mora,packing_A,T07,largo,7,G3,6.374630747897774,0.8510198563580773,0.8461255415022082,False,514,434.1790400422976,18.384342079232173,0.35094609364181245,23.207617573798256,60,308.4,9.234247819309187,258,-2.652868868894264
247,mora,packing_A,T07,largo,7,G3,6.374630747897774,0.8510198563580773,0.8461255415022082,False,514,434.1790400422976,18.384342079232173,0.35094609364181245,23.207617573798256,60,308.4,9.234247819309187,259,-2.6671884505986125
247,mora,packing_A,T07,largo,7,G3,6.374630747897774,0.8510198563580773,0.8461255415022082,False,514,434.1790400422976,18.384342079232173,0.35094609364181245,23.207617573798256,60,308.4,9.234247819309187,260,-2.750910523661922
247,mora,packing_A,T07,largo,7,G3,6.374630747897774,0.8510198563580773,0.8461255415022082,False,514,434.1790400422976,18.384342079232173,0.35094609364181245,23.207617573798256,60,308.4,9.234247819309187,261,-2.5568498056539886
247,mora,packing_A,T07,largo,7,G3,6.374630747897774,0.8510198563580773,0.8461255415022082,False,514,434.1790400422976,18.384342079232173,0.35094609364181245,23.207617573798256,60,308.4,9.234247819309187,262,-2.4175499862174723
247,mora,packing_A,T07,largo,7,G3,6.374630747897774,0.8510198563580773,0.8461255415022082,False,514,434.1790400422976,18.384342079232173,0.35094609364181245,23.207617573798256,60,308.4,9.234247819309187,263,-2.345666853057078
247,mora,packing_A,T07,largo,7,G3,6.374630747897774,0.8510198563580773,0.8461255415022082,False,514,434.1790400422976,18.384342079232173,0.35094609364181245,23.207617573798256,60,308.4,9.234247819309187,264,-2.187916445374349
247,mora,packing_A,T07,largo,7,G3,6.374630747897774,0.8510198563580773,0.8461255415022082,False,514,434.1790400422976,18.384342079232173,0.35094609364181245,23.207617573798256,60,308.4,9.234247819309187,265,-2.2656030151750026
247,mora,packing_A,T07,largo,7,G3,6.374630747897774,0.8510198563580773,0.8461255415022082,False,514,434.1790400422976,18.384342079232173,0.35094609364181245,23.207617573798256,60,308.4,9.234247819309187,266,-2.324160589176115
247,mora,packing_A,T07,largo,7,G3,6.374630747897774,0.8510198563580773,0.8461255415022082,False,514,434.1790400422976,18.384342079232173,0.35094609364181245,23.207617573798256,60,308.4,9.234247819309187,267,-2.0331938422198736
247,mora,packing_A,T07,largo,7,G3,6.374630747897774,0.8510198563580773,0.8461255415022082,False,514,434.1790400422976,18.384342079232173,0.35094609364181245,23.207617573798256,60,308.4,9.234247819309187,268,-2.172321267673363
247,mora,packing_A,T07,largo,7,G3,6.374630747897774,0.8510198563580773,0.8461255415022082,False,514,434.1790400422976,18.384342079232173,0.35094609364181245,23.207617573798256,60,308.4,9.234247819309187,269,-2.177195695299427
247,mora,packing_A,T07,largo,7,G3,6.374630747897774,0.8510198563580773,0.8461255415022082,False,514,434.1790400422976,18.384342079232173,0.35094609364181245,23.207617573798256,60,308.4,9.234247819309187,270,-2.0322096179996083
247,mora,packing_A,T07,largo,7,G3,6.374630747897774,0.8510198563580773,0.8461255415022082,False,514,434.1790400422976,18.384342079232173,0.35094609364181245,23.207617573798256,60,308.4,9.234247819309187,271,-1.8975186749535402
247,mora,packing_A,T07,largo,7,G3,6.374630747897774,0.8510198563580773,0.8461255415022082,False,514,434.1790400422976,18.384342079232173,0.35094609364181245,23.207617573798256,60,308.4,9.234247819309187,272,-1.7440448313441408
247,mora,packing_A,T07,largo,7,G3,6.374630747897774,0.8510198563580773,0.8461255415022082,False,514,434.1790400422976,18.384342079232173,0.35094609364181245,23.207617573798256,60,308.4,9.234247819309187,273,-1.802813961434773
247,mora,packing_A,T07,largo,7,G3,6.374630747897774,0.8510198563580773,0.8461255415022082,False,514,434.1790400422976,18.384342079232173,0.35094609364181245,23.207617573798256,60,308.4,9.234247819309187,274,-1.784477135105829
247,mora,packing_A,T07,largo,7,G3,6.374630747897774,0.8510198563580773,0.8461255415022082,False,514,434.1790400422976,18.384342079232173,0.35094609364181245,23.207617573798256,60,308.4,9.234247819309187,275,-1.6704593183465486
247,mora,packing_A,T07,largo,7,G3,6.374630747897774,0.8510198563580773,0.8461255415022082,False,514,434.1790400422976,18.384342079232173,0.35094609364181245,23.207617573798256,60,308.4,9.234247819309187,276,-1.5590431557898152
247,mora,packing_A,T07,largo,7,G3,6.374630747897774,0.8510198563580773,0.8461255415022082,False,514,434.1790400422976,18.384342079232173,0.35094609364181245,23.207617573798256,60,308.4,9.234247819309187,277,-1.5169144502751601
247,mora,packing_A,T07,largo,7,G3,6.374630747897774,0.8510198563580773,0.8461255415022082,False,514,434.1790400422976,18.384342079232173,0.35094609364181245,23.207617573798256,60,308.4,9.234247819309187,278,-1.5620799375300554
247,mora,packing_A,T07,largo,7,G3,6.374630747897774,0.8510198563580773,0.8461255415022082,False,514,434.1790400422976,18.384342079232173,0.35094609364181245,23.207617573798256,60,308.4,9.234247819309187,279,-1.4850095060357094
247,mora,packing_A,T07,largo,7,G3,6.374630747897774,0.8510198563580773,0.8461255415022082,False,514,434.1790400422976,18.384342079232173,0.35094609364181245,23.207617573798256,60,308.4,9.234247819309187,280,-1.2534949116415424
247,mora,packing_A,T07,largo,7,G3,6.374630747897774,0.8510198563580773,0.8461255415022082,False,514,434.1790400422976,18.384342079232173,0.35094609364181245,23.207617573798256,60,308.4,9.234247819309187,281,-1.120408114518765
247,mora,packing_A,T07,largo,7,G3,6.374630747897774,0.8510198563580773,0.8461255415022082,False,514,434.1790400422976,18.384342079232173,0.35094609364181245,23.207617573798256,60,308.4,9.234247819309187,282,-1.1533361922258039
247,mora,packing_A,T07,largo,7,G3,6.374630747897774,0.8510198563580773,0.8461255415022082,False,514,434.1790400422976,18.384342079232173,0.35094609364181245,23.207617573798256,60,308.4,9.234247819309187,283,-1.1600543240620513
247,mora,packing_A,T07,largo,7,G3,6.374630747897774,0.8510198563580773,0.8461255415022082,False,514,434.1790400422976,18.384342079232173,0.35094609364181245,23.207617573798256,60,308.4,9.234247819309187,284,-1.0036440113016614
247,mora,packing_A,T07,largo,7,G3,6.374630747897774,0.8510198563580773,0.8461255415022082,False,514,434.1790400422976,18.384342079232173,0.35094609364181245,23.207617573798256,60,308.4,9.234247819309187,285,-1.1849367893960139
247,mora,packing_A,T07,largo,7,G3,6.374630747897774,0.8510198563580773,0.8461255415022082,False,514,434.1790400422976,18.384342079232173,0.35094609364181245,23.207617573798256,60,308.4,9.234247819309187,286,-1.1248144267399216
247,mora,packing_A,T07,largo,7,G3,6.374630747897774,0.8510198563580773,0.8461255415022082,False,514,434.1790400422976,18.384342079232173,0.35094609364181245,23.207617573798256,60,308.4,9.234247819309187,287,-0.8464803267980585
247,mora,packing_A,T07,largo,7,G3,6.374630747897774,0.8510198563580773,0.8461255415022082,False,514,434.1790400422976,18.384342079232173,0.35094609364181245,23.207617573798256,60,308.4,9.234247819309187,288,-0.7805585717386029
247,mora,packing_A,T07,largo,7,G3,6.374630747897774,0.8510198563580773,0.8461255415022082,False,514,434.1790400422976,18.384342079232173,0.35094609364181245,23.207617573798256,60,308.4,9.234247819309187,289,-0.9190039835023561
247,mora,packing_A,T07,largo,7,G3,6.374630747897774,0.8510198563580773,0.8461255415022082,False,514,434.1790400422976,18.384342079232173,0.35094609364181245,23.207617573798256,60,308.4,9.234247819309187,290,-0.8190597419320386
247,mora,packing_A,T07,largo,7,G3,6.374630747897774,0.8510198563580773,0.8461255415022082,False,514,434.1790400422976,18.384342079232173,0.35094609364181245,23.207617573798256,60,308.4,9.234247819309187,291,-0.652514086515434
247,mora,packing_A,T07,largo,7,G3,6.374630747897774,0.8510198563580773,0.8461255415022082,False,514,434.1790400422976,18.384342079232173,0.35094609364181245,23.207617573798256,60,308.4,9.234247819309187,292,-0.6838753561869232
247,mora,packing_A,T07,largo,7,G3,6.374630747897774,0.8510198563580773,0.8461255415022082,False,514,434.1790400422976,18.384342079232173,0.35094609364181245,23.207617573798256,60,308.4,9.234247819309187,293,-0.4748938799926343
247,mora,packing_A,T07,largo,7,G3,6.374630747897774,0.8510198563580773,0.8461255415022082,False,514,434.1790400422976,18.384342079232173,0.35094609364181245,23.207617573798256,60,308.4,9.234247819309187,294,-0.5126797835077221
247,mora,packing_A,T07,largo,7,G3,6.374630747897774,0.8510198563580773,0.8461255415022082,False,514,434.1790400422976,18.384342079232173,0.35094609364181245,23.207617573798256,60,308.4,9.234247819309187,295,-0.46479557417019784
247,mora,packing_A,T07,largo,7,G3,6.374630747897774,0.8510198563580773,0.8461255415022082,False,514,434.1790400422976,18.384342079232173,0.35094609364181245,23.207617573798256,60,308.4,9.234247819309187,296,-0.5076213153187912
247,mora,packing_A,T07,largo,7,G3,6.374630747897774,0.8510198563580773,0.8461255415022082,False,514,434.1790400422976,18.384342079232173,0.35094609364181245,23.207617573798256,60,308.4,9.234247819309187,297,-0.29698678647832366
247,mora,packing_A,T07,largo,7,G3,6.374630747897774,0.8510198563580773,0.8461255415022082,False,514,434.1790400422976,18.384342079232173,0.35094609364181245,23.207617573798256,60,308.4,9.234247819309187,298,-0.11884789520275846
247,mora,packing_A,T07,largo,7,G3,6.374630747897774,0.8510198563580773,0.8461255415022082,False,514,434.1790400422976,18.384342079232173,0.35094609364181245,23.207617573798256,60,308.4,9.234247819309187,299,-0.09978180736948888
247,mora,packing_A,T07,largo,7,G3,6.374630747897774,0.8510198563580773,0.8461255415022082,False,514,434.1790400422976,18.384342079232173,0.35094609364181245,23.207617573798256,60,308.4,9.234247819309187,300,-0.32859613650284036
247,mora,packing_A,T07,largo,7,G3,6.374630747897774,0.8510198563580773,0.8461255415022082,False,514,434.1790400422976,18.384342079232173,0.35094609364181245,23.207617573798256,60,308.4,9.234247819309187,301,-0.2422175312102564
247,mora,packing_A,T07,largo,7,G3,6.374630747897774,0.8510198563580773,0.8461255415022082,False,514,434.1790400422976,18.384342079232173,0.35094609364181245,23.207617573798256,60,308.4,9.234247819309187,302,-0.009255469530943139
247,mora,packing_A,T07,largo,7,G3,6.374630747897774,0.8510198563580773,0.8461255415022082,False,514,434.1790400422976,18.384342079232173,0.35094609364181245,23.207617573798256,60,308.4,9.234247819309187,303,-0.07493634665349866
247,mora,packing_A,T07,largo,7,G3,6.374630747897774,0.8510198563580773,0.8461255415022082,False,514,434.1790400422976,18.384342079232173,0.35094609364181245,23.207617573798256,60,308.4,9.234247819309187,304,-0.09019795363322669
247,mora,packing_A,T07,largo,7,G3,6.374630747897774,0.8510198563580773,0.8461255415022082,False,514,434.1790400422976,18.384342079232173,0.35094609364181245,23.207617573798256,60,308.4,9.234247819309187,305,0.031355292799204015
247,mora,packing_A,T07,largo,7,G3,6.374630747897774,0.8510198563580773,0.8461255415022082,False,514,434.1790400422976,18.384342079232173,0.35094609364181245,23.207617573798256,60,308.4,9.234247819309187,306,0.1856328834352955
247,mora,packing_A,T07,largo,7,G3,6.374630747897774,0.8510198563580773,0.8461255415022082,False,514,434.1790400422976,18.384342079232173,0.35094609364181245,23.207617573798256,60,308.4,9.234247819309187,307,0.23328322364073517
247,mora,packing_A,T07,largo,7,G3,6.374630747897774,0.8510198563580773,0.8461255415022082,False,514,434.1790400422976,18.384342079232173,0.35094609364181245,23.207617573798256,60,308.4,9.234247819309187,308,0.42376130398095496
247,mora,packing_A,T07,largo,7,G3,6.374630747897774,0.8510198563580773,0.8461255415022082,False,514,434.1790400422976,18.384342079232173,0.35094609364181245,23.207617573798256,60,308.4,9.234247819309187,309,0.954809618564283
247,mora,packing_A,T07,largo,7,G3,6.374630747897774,0.8510198563580773,0.8461255415022082,False,514,434.1790400422976,18.384342079232173,0.35094609364181245,23.207617573798256,60,308.4,9.234247819309187,310,0.7195121236920814
247,mora,packing_A,T07,largo,7,G3,6.374630747897774,0.8510198563580773,0.8461255415022082,False,514,434.1790400422976,18.384342079232173,0.35094609364181245,23.207617573798256,60,308.4,9.234247819309187,311,0.6664661254305111
247,mora,packing_A,T07,largo,7,G3,6.374630747897774,0.8510198563580773,0.8461255415022082,False,514,434.1790400422976,18.384342079232173,0.35094609364181245,23.207617573798256,60,308.4,9.234247819309187,312,0.6872848603680519
247,mora,packing_A,T07,largo,7,G3,6.374630747897774,0.8510198563580773,0.8461255415022082,False,514,434.1790400422976,18.384342079232173,0.35094609364181245,23.207617573798256,60,308.4,9.234247819309187,313,0.613394809454789
247,mora,packing_A,T07,largo,7,G3,6.374630747897774,0.8510198563580773,0.8461255415022082,False,514,434.1790400422976,18.384342079232173,0.35094609364181245,23.207617573798256,60,308.4,9.234247819309187,314,0.46681104103059906
247,mora,packing_A,T07,largo,7,G3,6.374630747897774,0.8510198563580773,0.8461255415022082,False,514,434.1790400422976,18.384342079232173,0.35094609364181245,23.207617573798256,60,308.4,9.234247819309187,315,0.3881697713957039
247,mora,packing_A,T07,largo,7,G3,6.374630747897774,0.8510198563580773,0.8461255415022082,False,514,434.1790400422976,18.384342079232173,0.35094609364181245,23.207617573798256,60,308.4,9.234247819309187,316,0.1801480729186155
247,mora,packing_A,T07,largo,7,G3,6.374630747897774,0.8510198563580773,0.8461255415022082,False,514,434.1790400422976,18.384342079232173,0.35094609364181245,23.207617573798256,60,308.4,9.234247819309187,317,0.32635217021936996
247,mora,packing_A,T07,largo,7,G3,6.374630747897774,0.8510198563580773,0.8461255415022082,False,514,434.1790400422976,18.384342079232173,0.35094609364181245,23.207617573798256,60,308.4,9.234247819309187,318,0.15991248312345396
247,mora,packing_A,T07,largo,7,G3,6.374630747897774,0.8510198563580773,0.8461255415022082,False,514,434.1790400422976,18.384342079232173,0.35094609364181245,23.207617573798256,60,308.4,9.234247819309187,319,-0.17286764220565762
247,mora,packing_A,T07,largo,7,G3,6.374630747897774,0.8510198563580773,0.8461255415022082,False,514,434.1790400422976,18.384342079232173,0.35094609364181245,23.207617573798256,60,308.4,9.234247819309187,320,0.006511576796427589
247,mora,packing_A,T07,largo,7,G3,6.374630747897774,0.8510198563580773,0.8461255415022082,False,514,434.1790400422976,18.384342079232173,0.35094609364181245,23.207617573798256,60,308.4,9.234247819309187,321,0.01167941433158555
247,mora,packing_A,T07,largo,7,G3,6.374630747897774,0.8510198563580773,0.8461255415022082,False,514,434.1790400422976,18.384342079232173,0.35094609364181245,23.207617573798256,60,308.4,9.234247819309187,322,-0.14050216884258462
247,mora,packing_A,T07,largo,7,G3,6.374630747897774,0.8510198563580773,0.8461255415022082,False,514,434.1790400422976,18.384342079232173,0.35094609364181245,23.207617573798256,60,308.4,9.234247819309187,323,-0.09976666756010595
247,mora,packing_A,T07,largo,7,G3,6.374630747897774,0.8510198563580773,0.8461255415022082,False,514,434.1790400422976,18.384342079232173,0.35094609364181245,23.207617573798256,60,308.4,9.234247819309187,324,-0.11834425346811142
247,mora,packing_A,T07,largo,7,G3,6.374630747897774,0.8510198563580773,0.8461255415022082,False,514,434.1790400422976,18.384342079232173,0.35094609364181245,23.207617573798256,60,308.4,9.234247819309187,325,0.04340214822587418
247,mora,packing_A,T07,largo,7,G3,6.374630747897774,0.8510198563580773,0.8461255415022082,False,514,434.1790400422976,18.384342079232173,0.35094609364181245,23.207617573798256,60,308.4,9.234247819309187,326,0.09733880379664057
247,mora,packing_A,T07,largo,7,G3,6.374630747897774,0.8510198563580773,0.8461255415022082,False,514,434.1790400422976,18.384342079232173,0.35094609364181245,23.207617573798256,60,308.4,9.234247819309187,327,0.023515469585735138
247,mora,packing_A,T07,largo,7,G3,6.374630747897774,0.8510198563580773,0.8461255415022082,False,514,434.1790400422976,18.384342079232173,0.35094609364181245,23.207617573798256,60,308.4,9.234247819309187,328,0.07479827002021103
247,mora,packing_A,T07,largo,7,G3,6.374630747897774,0.8510198563580773,0.8461255415022082,False,514,434.1790400422976,18.384342079232173,0.35094609364181245,23.207617573798256,60,308.4,9.234247819309187,329,0.2614450708732601
247,mora,packing_A,T07,largo,7,G3,6.374630747897774,0.8510198563580773,0.8461255415022082,False,514,434.1790400422976,18.384342079232173,0.35094609364181245,23.207617573798256,60,308.4,9.234247819309187,330,0.2808410605091528
247,mora,packing_A,T07,largo,7,G3,6.374630747897774,0.8510198563580773,0.8461255415022082,False,514,434.1790400422976,18.384342079232173,0.35094609364181245,23.207617573798256,60,308.4,9.234247819309187,331,0.5203693082963329
247,mora,packing_A,T07,largo,7,G3,6.374630747897774,0.8510198563580773,0.8461255415022082,False,514,434.1790400422976,18.384342079232173,0.35094609364181245,23.207617573798256,60,308.4,9.234247819309187,332,0.4203082434412685
247,mora,packing_A,T07,largo,7,G3,6.374630747897774,0.8510198563580773,0.8461255415022082,False,514,434.1790400422976,18.384342079232173,0.35094609364181245,23.207617573798256,60,308.4,9.234247819309187,333,0.6623131654133433
247,mora,packing_A,T07,largo,7,G3,6.374630747897774,0.8510198563580773,0.8461255415022082,False,514,434.1790400422976,18.384342079232173,0.35094609364181245,23.207617573798256,60,308.4,9.234247819309187,334,0.6235547963990039
247,mora,packing_A,T07,largo,7,G3,6.374630747897774,0.8510198563580773,0.8461255415022082,False,514,434.1790400422976,18.384342079232173,0.35094609364181245,23.207617573798256,60,308.4,9.234247819309187,335,0.8162506852464994
247,mora,packing_A,T07,largo,7,G3,6.374630747897774,0.8510198563580773,0.8461255415022082,False,514,434.1790400422976,18.384342079232173,0.35094609364181245,23.207617573798256,60,308.4,9.234247819309187,336,0.8444742307553809
247,mora,packing_A,T07,largo,7,G3,6.374630747897774,0.8510198563580773,0.8461255415022082,False,514,434.1790400422976,18.384342079232173,0.35094609364181245,23.207617573798256,60,308.4,9.234247819309187,337,0.8280484115812715
247,mora,packing_A,T07,largo,7,G3,6.374630747897774,0.8510198563580773,0.8461255415022082,False,514,434.1790400422976,18.384342079232173,0.35094609364181245,23.207617573798256,60,308.4,9.234247819309187,338,0.8605671874719643
247,mora,packing_A,T07,largo,7,G3,6.374630747897774,0.8510198563580773,0.8461255415022082,False,514,434.1790400422976,18.384342079232173,0.35094609364181245,23.207617573798256,60,308.4,9.234247819309187,339,0.7299815233675987
247,mora,packing_A,T07,largo,7,G3,6.374630747897774,0.8510198563580773,0.8461255415022082,False,514,434.1790400422976,18.384342079232173,0.35094609364181245,23.207617573798256,60,308.4,9.234247819309187,340,0.9394941171324871
247,mora,packing_A,T07,largo,7,G3,6.374630747897774,0.8510198563580773,0.8461255415022082,False,514,434.1790400422976,18.384342079232173,0.35094609364181245,23.207617573798256,60,308.4,9.234247819309187,341,0.7386282558914736
247,mora,packing_A,T07,largo,7,G3,6.374630747897774,0.8510198563580773,0.8461255415022082,False,514,434.1790400422976,18.384342079232173,0.35094609364181245,23.207617573798256,60,308.4,9.234247819309187,342,0.547922963137167
247,mora,packing_A,T07,largo,7,G3,6.374630747897774,0.8510198563580773,0.8461255415022082,False,514,434.1790400422976,18.384342079232173,0.35094609364181245,23.207617573798256,60,308.4,9.234247819309187,343,0.4418936677099994
247,mora,packing_A,T07,largo,7,G3,6.374630747897774,0.8510198563580773,0.8461255415022082,False,514,434.1790400422976,18.384342079232173,0.35094609364181245,23.207617573798256,60,308.4,9.234247819309187,344,0.5166617967994422
247,mora,packing_A,T07,largo,7,G3,6.374630747897774,0.8510198563580773,0.8461255415022082,False,514,434.1790400422976,18.384342079232173,0.35094609364181245,23.207617573798256,60,308.4,9.234247819309187,345,0.33388321181174363
247,mora,packing_A,T07,largo,7,G3,6.374630747897774,0.8510198563580773,0.8461255415022082,False,514,434.1790400422976,18.384342079232173,0.35094609364181245,23.207617573798256,60,308.4,9.234247819309187,346,0.25501399026207094
247,mora,packing_A,T07,largo,7,G3,6.374630747897774,0.8510198563580773,0.8461255415022082,False,514,434.1790400422976,18.384342079232173,0.35094609364181245,23.207617573798256,60,308.4,9.234247819309187,347,0.14521911790643244
247,mora,packing_A,T07,largo,7,G3,6.374630747897774,0.8510198563580773,0.8461255415022082,False,514,434.1790400422976,18.384342079232173,0.35094609364181245,23.207617573798256,60,308.4,9.234247819309187,348,0.08803376493750609
247,mora,packing_A,T07,largo,7,G3,6.374630747897774,0.8510198563580773,0.8461255415022082,False,514,434.1790400422976,18.384342079232173,0.35094609364181245,23.207617573798256,60,308.4,9.234247819309187,349,0.0024115520016664456
247,mora,packing_A,T07,largo,7,G3,6.374630747897774,0.8510198563580773,0.8461255415022082,False,514,434.1790400422976,18.384342079232173,0.35094609364181245,23.207617573798256,60,308.4,9.234247819309187,350,-0.04498555177636813
247,mora,packing_A,T07,largo,7,G3,6.374630747897774,0.8510198563580773,0.8461255415022082,False,514,434.1790400422976,18.384342079232173,0.35094609364181245,23.207617573798256,60,308.4,9.234247819309187,351,-0.004081844173773913
247,mora,packing_A,T07,largo,7,G3,6.374630747897774,0.8510198563580773,0.8461255415022082,False,514,434.1790400422976,18.384342079232173,0.35094609364181245,23.207617573798256,60,308.4,9.234247819309187,352,-0.07541435353371505
247,mora,packing_A,T07,largo,7,G3,6.374630747897774,0.8510198563580773,0.8461255415022082,False,514,434.1790400422976,18.384342079232173,0.35094609364181245,23.207617573798256,60,308.4,9.234247819309187,353,-0.0509635055872081
247,mora,packing_A,T07,largo,7,G3,6.374630747897774,0.8510198563580773,0.8461255415022082,False,514,434.1790400422976,18.384342079232173,0.35094609364181245,23.207617573798256,60,308.4,9.234247819309187,354,-0.12774819953574293
247,mora,packing_A,T07,largo,7,G3,6.374630747897774,0.8510198563580773,0.8461255415022082,False,514,434.1790400422976,18.384342079232173,0.35094609364181245,23.207617573798256,60,308.4,9.234247819309187,355,-0.1482289314832299
247,mora,packing_A,T07,largo,7,G3,6.374630747897774,0.8510198563580773,0.8461255415022082,False,514,434.1790400422976,18.384342079232173,0.35094609364181245,23.207617573798256,60,308.4,9.234247819309187,356,-0.14579370778477915
247,mora,packing_A,T07,largo,7,G3,6.374630747897774,0.8510198563580773,0.8461255415022082,False,514,434.1790400422976,18.384342079232173,0.35094609364181245,23.207617573798256,60,308.4,9.234247819309187,357,0.05799516760359352
247,mora,packing_A,T07,largo,7,G3,6.374630747897774,0.8510198563580773,0.8461255415022082,False,514,434.1790400422976,18.384342079232173,0.35094609364181245,23.207617573798256,60,308.4,9.234247819309187,358,0.16063446872210713
247,mora,packing_A,T07,largo,7,G3,6.374630747897774,0.8510198563580773,0.8461255415022082,False,514,434.1790400422976,18.384342079232173,0.35094609364181245,23.207617573798256,60,308.4,9.234247819309187,359,0.21401770872174145
247,mora,packing_A,T07,largo,7,G3,6.374630747897774,0.8510198563580773,0.8461255415022082,False,514,434.1790400422976,18.384342079232173,0.35094609364181245,23.207617573798256,60,308.4,9.234247819309187,360,0.539589914985904
247,mora,packing_A,T07,largo,7,G3,6.374630747897774,0.8510198563580773,0.8461255415022082,False,514,434.1790400422976,18.384342079232173,0.35094609364181245,23.207617573798256,60,308.4,9.234247819309187,361,0.5421768538824805
247,mora,packing_A,T07,largo,7,G3,6.374630747897774,0.8510198563580773,0.8461255415022082,False,514,434.1790400422976,18.384342079232173,0.35094609364181245,23.207617573798256,60,308.4,9.234247819309187,362,0.43971613208624877
247,mora,packing_A,T07,largo,7,G3,6.374630747897774,0.8510198563580773,0.8461255415022082,False,514,434.1790400422976,18.384342079232173,0.35094609364181245,23.207617573798256,60,308.4,9.234247819309187,363,0.5899839929225815
247,mora,packing_A,T07,largo,7,G3,6.374630747897774,0.8510198563580773,0.8461255415022082,False,514,434.1790400422976,18.384342079232173,0.35094609364181245,23.207617573798256,60,308.4,9.234247819309187,364,0.6068205784340073
247,mora,packing_A,T07,largo,7,G3,6.374630747897774,0.8510198563580773,0.8461255415022082,False,514,434.1790400422976,18.384342079232173,0.35094609364181245,23.207617573798256,60,308.4,9.234247819309187,365,0.7417345411948851
247,mora,packing_A,T07,largo,7,G3,6.374630747897774,0.8510198563580773,0.8461255415022082,False,514,434.1790400422976,18.384342079232173,0.35094609364181245,23.207617573798256,60,308.4,9.234247819309187,366,0.9040022652005257
247,mora,packing_A,T07,largo,7,G3,6.374630747897774,0.8510198563580773,0.8461255415022082,False,514,434.1790400422976,18.384342079232173,0.35094609364181245,23.207617573798256,60,308.4,9.234247819309187,367,0.9829993695662206
247,mora,packing_A,T07,largo,7,G3,6.374630747897774,0.8510198563580773,0.8461255415022082,False,514,434.1790400422976,18.384342079232173,0.35094609364181245,23.207617573798256,60,308.4,9.234247819309187,368,0.8253772522681215
247,mora,packing_A,T07,largo,7,G3,6.374630747897774,0.8510198563580773,0.8461255415022082,False,514,434.1790400422976,18.384342079232173,0.35094609364181245,23.207617573798256,60,308.4,9.234247819309187,369,0.9781149939948836
247,mora,packing_A,T07,largo,7,G3,6.374630747897774,0.8510198563580773,0.8461255415022082,False,514,434.1790400422976,18.384342079232173,0.35094609364181245,23.207617573798256,60,308.4,9.234247819309187,370,0.6235111923767437
247,mora,packing_A,T07,largo,7,G3,6.374630747897774,0.8510198563580773,0.8461255415022082,False,514,434.1790400422976,18.384342079232173,0.35094609364181245,23.207617573798256,60,308.4,9.234247819309187,371,0.5910886571976122
247,mora,packing_A,T07,largo,7,G3,6.374630747897774,0.8510198563580773,0.8461255415022082,False,514,434.1790400422976,18.384342079232173,0.35094609364181245,23.207617573798256,60,308.4,9.234247819309187,372,0.6487142662287961
247,mora,packing_A,T07,largo,7,G3,6.374630747897774,0.8510198563580773,0.8461255415022082,False,514,434.1790400422976,18.384342079232173,0.35094609364181245,23.207617573798256,60,308.4,9.234247819309187,373,0.5817375360222679
247,mora,packing_A,T07,largo,7,G3,6.374630747897774,0.8510198563580773,0.8461255415022082,False,514,434.1790400422976,18.384342079232173,0.35094609364181245,23.207617573798256,60,308.4,9.234247819309187,374,0.6590383362979779
247,mora,packing_A,T07,largo,7,G3,6.374630747897774,0.8510198563580773,0.8461255415022082,False,514,434.1790400422976,18.384342079232173,0.35094609364181245,23.207617573798256,60,308.4,9.234247819309187,375,0.2749320757368672
247,mora,packing_A,T07,largo,7,G3,6.374630747897774,0.8510198563580773,0.8461255415022082,False,514,434.1790400422976,18.384342079232173,0.35094609364181245,23.207617573798256,60,308.4,9.234247819309187,376,0.28920566920520585
247,mora,packing_A,T07,largo,7,G3,6.374630747897774,0.8510198563580773,0.8461255415022082,False,514,434.1790400422976,18.384342079232173,0.35094609364181245,23.207617573798256,60,308.4,9.234247819309187,377,0.0388722384584588
247,mora,packing_A,T07,largo,7,G3,6.374630747897774,0.8510198563580773,0.8461255415022082,False,514,434.1790400422976,18.384342079232173,0.35094609364181245,23.207617573798256,60,308.4,9.234247819309187,378,0.12703690562799927
247,mora,packing_A,T07,largo,7,G3,6.374630747897774,0.8510198563580773,0.8461255415022082,False,514,434.1790400422976,18.384342079232173,0.35094609364181245,23.207617573798256,60,308.4,9.234247819309187,379,-0.01946401010400079
247,mora,packing_A,T07,largo,7,G3,6.374630747897774,0.8510198563580773,0.8461255415022082,False,514,434.1790400422976,18.384342079232173,0.35094609364181245,23.207617573798256,60,308.4,9.234247819309187,380,-0.13178904944368214
247,mora,packing_A,T07,largo,7,G3,6.374630747897774,0.8510198563580773,0.8461255415022082,False,514,434.1790400422976,18.384342079232173,0.35094609364181245,23.207617573798256,60,308.4,9.234247819309187,381,-0.09593203305671184
247,mora,packing_A,T07,largo,7,G3,6.374630747897774,0.8510198563580773,0.8461255415022082,False,514,434.1790400422976,18.384342079232173,0.35094609364181245,23.207617573798256,60,308.4,9.234247819309187,382,-0.10337769358253954
247,mora,packing_A,T07,largo,7,G3,6.374630747897774,0.8510198563580773,0.8461255415022082,False,514,434.1790400422976,18.384342079232173,0.35094609364181245,23.207617573798256,60,308.4,9.234247819309187,383,-0.12347886115636938
247,mora,packing_A,T07,largo,7,G3,6.374630747897774,0.8510198563580773,0.8461255415022082,False,514,434.1790400422976,18.384342079232173,0.35094609364181245,23.207617573798256,60,308.4,9.234247819309187,384,0.09299700702437735
247,mora,packing_A,T07,largo,7,G3,6.374630747897774,0.8510198563580773,0.8461255415022082,False,514,434.1790400422976,18.384342079232173,0.35094609364181245,23.207617573798256,60,308.4,9.234247819309187,385,-0.1725183533586269
247,mora,packing_A,T07,largo,7,G3,6.374630747897774,0.8510198563580773,0.8461255415022082,False,514,434.1790400422976,18.384342079232173,0.35094609364181245,23.207617573798256,60,308.4,9.234247819309187,386,0.02152617690222937
247,mora,packing_A,T07,largo,7,G3,6.374630747897774,0.8510198563580773,0.8461255415022082,False,514,434.1790400422976,18.384342079232173,0.35094609364181245,23.207617573798256,60,308.4,9.234247819309187,387,0.22336705236187998
247,mora,packing_A,T07,largo,7,G3,6.374630747897774,0.8510198563580773,0.8461255415022082,False,514,434.1790400422976,18.384342079232173,0.35094609364181245,23.207617573798256,60,308.4,9.234247819309187,388,0.15164611630782426
247,mora,packing_A,T07,largo,7,G3,6.374630747897774,0.8510198563580773,0.8461255415022082,False,514,434.1790400422976,18.384342079232173,0.35094609364181245,23.207617573798256,60,308.4,9.234247819309187,389,0.24585994625751856
247,mora,packing_A,T07,largo,7,G3,6.374630747897774,0.8510198563580773,0.8461255415022082,False,514,434.1790400422976,18.384342079232173,0.35094609364181245,23.207617573798256,60,308.4,9.234247819309187,390,0.21455335301089398
247,mora,packing_A,T07,largo,7,G3,6.374630747897774,0.8510198563580773,0.8461255415022082,False,514,434.1790400422976,18.384342079232173,0.35094609364181245,23.207617573798256,60,308.4,9.234247819309187,391,0.32996639730692645
247,mora,packing_A,T07,largo,7,G3,6.374630747897774,0.8510198563580773,0.8461255415022082,False,514,434.1790400422976,18.384342079232173,0.35094609364181245,23.207617573798256,60,308.4,9.234247819309187,392,0.6016503673253921
247,mora,packing_A,T07,largo,7,G3,6.374630747897774,0.8510198563580773,0.8461255415022082,False,514,434.1790400422976,18.384342079232173,0.35094609364181245,23.207617573798256,60,308.4,9.234247819309187,393,0.6740953848893306
247,mora,packing_A,T07,largo,7,G3,6.374630747897774,0.8510198563580773,0.8461255415022082,False,514,434.1790400422976,18.384342079232173,0.35094609364181245,23.207617573798256,60,308.4,9.234247819309187,394,0.6258681687379093
247,mora,packing_A,T07,largo,7,G3,6.374630747897774,0.8510198563580773,0.8461255415022082,False,514,434.1790400422976,18.384342079232173,0.35094609364181245,23.207617573798256,60,308.4,9.234247819309187,395,0.8252797419419807
247,mora,packing_A,T07,largo,7,G3,6.374630747897774,0.8510198563580773,0.8461255415022082,False,514,434.1790400422976,18.384342079232173,0.35094609364181245,23.207617573798256,60,308.4,9.234247819309187,396,0.890479231388971
247,mora,packing_A,T07,largo,7,G3,6.374630747897774,0.8510198563580773,0.8461255415022082,False,514,434.1790400422976,18.384342079232173,0.35094609364181245,23.207617573798256,60,308.4,9.234247819309187,397,0.6694640255863386
247,mora,packing_A,T07,largo,7,G3,6.374630747897774,0.8510198563580773,0.8461255415022082,False,514,434.1790400422976,18.384342079232173,0.35094609364181245,23.207617573798256,60,308.4,9.234247819309187,398,0.8848554525167056
247,mora,packing_A,T07,largo,7,G3,6.374630747897774,0.8510198563580773,0.8461255415022082,False,514,434.1790400422976,18.384342079232173,0.35094609364181245,23.207617573798256,60,308.4,9.234247819309187,399,0.7116558415489431
247,mora,packing_A,T07,largo,7,G3,6.374630747897774,0.8510198563580773,0.8461255415022082,False,514,434.1790400422976,18.384342079232173,0.35094609364181245,23.207617573798256,60,308.4,9.234247819309187,400,0.684284624513297
247,mora,packing_A,T07,largo,7,G3,6.374630747897774,0.8510198563580773,0.8461255415022082,False,514,434.1790400422976,18.384342079232173,0.35094609364181245,23.207617573798256,60,308.4,9.234247819309187,401,0.7100653811230124
247,mora,packing_A,T07,largo,7,G3,6.374630747897774,0.8510198563580773,0.8461255415022082,False,514,434.1790400422976,18.384342079232173,0.35094609364181245,23.207617573798256,60,308.4,9.234247819309187,402,0.6513267951243084
247,mora,packing_A,T07,largo,7,G3,6.374630747897774,0.8510198563580773,0.8461255415022082,False,514,434.1790400422976,18.384342079232173,0.35094609364181245,23.207617573798256,60,308.4,9.234247819309187,403,0.43786226332258404
247,mora,packing_A,T07,largo,7,G3,6.374630747897774,0.8510198563580773,0.8461255415022082,False,514,434.1790400422976,18.384342079232173,0.35094609364181245,23.207617573798256,60,308.4,9.234247819309187,404,0.49912312651198654
247,mora,packing_A,T07,largo,7,G3,6.374630747897774,0.8510198563580773,0.8461255415022082,False,514,434.1790400422976,18.384342079232173,0.35094609364181245,23.207617573798256,60,308.4,9.234247819309187,405,0.2048298255511931
247,mora,packing_A,T07,largo,7,G3,6.374630747897774,0.8510198563580773,0.8461255415022082,False,514,434.1790400422976,18.384342079232173,0.35094609364181245,23.207617573798256,60,308.4,9.234247819309187,406,0.29099808737263766
247,mora,packing_A,T07,largo,7,G3,6.374630747897774,0.8510198563580773,0.8461255415022082,False,514,434.1790400422976,18.384342079232173,0.35094609364181245,23.207617573798256,60,308.4,9.234247819309187,407,0.1292469830892466
247,mora,packing_A,T07,largo,7,G3,6.374630747897774,0.8510198563580773,0.8461255415022082,False,514,434.1790400422976,18.384342079232173,0.35094609364181245,23.207617573798256,60,308.4,9.234247819309187,408,0.026389525831090554
247,mora,packing_A,T07,largo,7,G3,6.374630747897774,0.8510198563580773,0.8461255415022082,False,514,434.1790400422976,18.384342079232173,0.35094609364181245,23.207617573798256,60,308.4,9.234247819309187,409,-0.09233563178815411
247,mora,packing_A,T07,largo,7,G3,6.374630747897774,0.8510198563580773,0.8461255415022082,False,514,434.1790400422976,18.384342079232173,0.35094609364181245,23.207617573798256,60,308.4,9.234247819309187,410,0.153702987934346
247,mora,packing_A,T07,largo,7,G3,6.374630747897774,0.8510198563580773,0.8461255415022082,False,514,434.1790400422976,18.384342079232173,0.35094609364181245,23.207617573798256,60,308.4,9.234247819309187,411,-0.19650105498861434
247,mora,packing_A,T07,largo,7,G3,6.374630747897774,0.8510198563580773,0.8461255415022082,False,514,434.1790400422976,18.384342079232173,0.35094609364181245,23.207617573798256,60,308.4,9.234247819309187,412,-0.07551975127647534
247,mora,packing_A,T07,largo,7,G3,6.374630747897774,0.8510198563580773,0.8461255415022082,False,514,434.1790400422976,18.384342079232173,0.35094609364181245,23.207617573798256,60,308.4,9.234247819309187,413,-0.20169675466047193
247,mora,packing_A,T07,largo,7,G3,6.374630747897774,0.8510198563580773,0.8461255415022082,False,514,434.1790400422976,18.384342079232173,0.35094609364181245,23.207617573798256,60,308.4,9.234247819309187,414,-0.21598889860101203
247,mora,packing_A,T07,largo,7,G3,6.374630747897774,0.8510198563580773,0.8461255415022082,False,514,434.1790400422976,18.384342079232173,0.35094609364181245,23.207617573798256,60,308.4,9.234247819309187,415,-0.0928988714455381
247,mora,packing_A,T07,largo,7,G3,6.374630747897774,0.8510198563580773,0.8461255415022082,False,514,434.1790400422976,18.384342079232173,0.35094609364181245,23.207617573798256,60,308.4,9.234247819309187,416,0.056075472332179355
247,mora,packing_A,T07,largo,7,G3,6.374630747897774,0.8510198563580773,0.8461255415022082,False,514,434.1790400422976,18.384342079232173,0.35094609364181245,23.207617573798256,60,308.4,9.234247819309187,417,0.09170824932160475
247,mora,packing_A,T07,largo,7,G3,6.374630747897774,0.8510198563580773,0.8461255415022082,False,514,434.1790400422976,18.384342079232173,0.35094609364181245,23.207617573798256,60,308.4,9.234247819309187,418,0.2383577865177432
247,mora,packing_A,T07,largo,7,G3,6.374630747897774,0.8510198563580773,0.8461255415022082,False,514,434.1790400422976,18.384342079232173,0.35094609364181245,23.207617573798256,60,308.4,9.234247819309187,419,0.21168967031465302
247,mora,packing_A,T07,largo,7,G3,6.374630747897774,0.8510198563580773,0.8461255415022082,False,514,434.1790400422976,18.384342079232173,0.35094609364181245,23.207617573798256,60,308.4,9.234247819309187,420,0.34009053672807416
247,mora,packing_A,T07,largo,7,G3,6.374630747897774,0.8510198563580773,0.8461255415022082,False,514,434.1790400422976,18.384342079232173,0.35094609364181245,23.207617573798256,60,308.4,9.234247819309187,421,0.2284890926539832
247,mora,packing_A,T07,largo,7,G3,6.374630747897774,0.8510198563580773,0.8461255415022082,False,514,434.1790400422976,18.384342079232173,0.35094609364181245,23.207617573798256,60,308.4,9.234247819309187,422,0.49966897039425734
247,mora,packing_A,T07,largo,7,G3,6.374630747897774,0.8510198563580773,0.8461255415022082,False,514,434.1790400422976,18.384342079232173,0.35094609364181245,23.207617573798256,60,308.4,9.234247819309187,423,0.5954324495728553
247,mora,packing_A,T07,largo,7,G3,6.374630747897774,0.8510198563580773,0.8461255415022082,False,514,434.1790400422976,18.384342079232173,0.35094609364181245,23.207617573798256,60,308.4,9.234247819309187,424,0.6569842735066719
247,mora,packing_A,T07,largo,7,G3,6.374630747897774,0.8510198563580773,0.8461255415022082,False,514,434.1790400422976,18.384342079232173,0.35094609364181245,23.207617573798256,60,308.4,9.234247819309187,425,0.667986609186703
247,mora,packing_A,T07,largo,7,G3,6.374630747897774,0.8510198563580773,0.8461255415022082,False,514,434.1790400422976,18.384342079232173,0.35094609364181245,23.207617573798256,60,308.4,9.234247819309187,426,0.7997945585309622
247,mora,packing_A,T07,largo,7,G3,6.374630747897774,0.8510198563580773,0.8461255415022082,False,514,434.1790400422976,18.384342079232173,0.35094609364181245,23.207617573798256,60,308.4,9.234247819309187,427,0.786792163621427
247,mora,packing_A,T07,largo,7,G3,6.374630747897774,0.8510198563580773,0.8461255415022082,False,514,434.1790400422976,18.384342079232173,0.35094609364181245,23.207617573798256,60,308.4,9.234247819309187,428,0.7780291313361738
247,mora,packing_A,T07,largo,7,G3,6.374630747897774,0.8510198563580773,0.8461255415022082,False,514,434.1790400422976,18.384342079232173,0.35094609364181245,23.207617573798256,60,308.4,9.234247819309187,429,0.8193161607250027
247,mora,packing_A,T07,largo,7,G3,6.374630747897774,0.8510198563580773,0.8461255415022082,False,514,434.1790400422976,18.384342079232173,0.35094609364181245,23.207617573798256,60,308.4,9.234247819309187,430,0.5761170939478284
247,mora,packing_A,T07,largo,7,G3,6.374630747897774,0.8510198563580773,0.8461255415022082,False,514,434.1790400422976,18.384342079232173,0.35094609364181245,23.207617573798256,60,308.4,9.234247819309187,431,0.7530670483167989
247,mora,packing_A,T07,largo,7,G3,6.374630747897774,0.8510198563580773,0.8461255415022082,False,514,434.1790400422976,18.384342079232173,0.35094609364181245,23.207617573798256,60,308.4,9.234247819309187,432,0.5877465097870821
247,mora,packing_A,T07,largo,7,G3,6.374630747897774,0.8510198563580773,0.8461255415022082,False,514,434.1790400422976,18.384342079232173,0.35094609364181245,23.207617573798256,60,308.4,9.234247819309187,433,0.5194485159195478
247,mora,packing_A,T07,largo,7,G3,6.374630747897774,0.8510198563580773,0.8461255415022082,False,514,434.1790400422976,18.384342079232173,0.35094609364181245,23.207617573798256,60,308.4,9.234247819309187,434,0.3309948769608514
247,mora,packing_A,T07,largo,7,G3,6.374630747897774,0.8510198563580773,0.8461255415022082,False,514,434.1790400422976,18.384342079232173,0.35094609364181245,23.207617573798256,60,308.4,9.234247819309187,435,0.11850880932798086
247,mora,packing_A,T07,largo,7,G3,6.374630747897774,0.8510198563580773,0.8461255415022082,False,514,434.1790400422976,18.384342079232173,0.35094609364181245,23.207617573798256,60,308.4,9.234247819309187,436,0.277238497943738
247,mora,packing_A,T07,largo,7,G3,6.374630747897774,0.8510198563580773,0.8461255415022082,False,514,434.1790400422976,18.384342079232173,0.35094609364181245,23.207617573798256,60,308.4,9.234247819309187,437,0.3110687082851214
247,mora,packing_A,T07,largo,7,G3,6.374630747897774,0.8510198563580773,0.8461255415022082,False,514,434.1790400422976,18.384342079232173,0.35094609364181245,23.207617573798256,60,308.4,9.234247819309187,438,0.028810651763346504
247,mora,packing_A,T07,largo,7,G3,6.374630747897774,0.8510198563580773,0.8461255415022082,False,514,434.1790400422976,18.384342079232173,0.35094609364181245,23.207617573798256,60,308.4,9.234247819309187,439,0.1608203000890668
247,mora,packing_A,T07,largo,7,G3,6.374630747897774,0.8510198563580773,0.8461255415022082,False,514,434.1790400422976,18.384342079232173,0.35094609364181245,23.207617573798256,60,308.4,9.234247819309187,440,-0.11775780568016932
247,mora,packing_A,T07,largo,7,G3,6.374630747897774,0.8510198563580773,0.8461255415022082,False,514,434.1790400422976,18.384342079232173,0.35094609364181245,23.207617573798256,60,308.4,9.234247819309187,441,-0.13553793874145958
247,mora,packing_A,T07,largo,7,G3,6.374630747897774,0.8510198563580773,0.8461255415022082,False,514,434.1790400422976,18.384342079232173,0.35094609364181245,23.207617573798256,60,308.4,9.234247819309187,442,-0.08074455914717495
247,mora,packing_A,T07,largo,7,G3,6.374630747897774,0.8510198563580773,0.8461255415022082,False,514,434.1790400422976,18.384342079232173,0.35094609364181245,23.207617573798256,60,308.4,9.234247819309187,443,-0.03853297207482029
247,mora,packing_A,T07,largo,7,G3,6.374630747897774,0.8510198563580773,0.8461255415022082,False,514,434.1790400422976,18.384342079232173,0.35094609364181245,23.207617573798256,60,308.4,9.234247819309187,444,0.0494278638130736
247,mora,packing_A,T07,largo,7,G3,6.374630747897774,0.8510198563580773,0.8461255415022082,False,514,434.1790400422976,18.384342079232173,0.35094609364181245,23.207617573798256,60,308.4,9.234247819309187,445,0.08183931038834766
247,mora,packing_A,T07,largo,7,G3,6.374630747897774,0.8510198563580773,0.8461255415022082,False,514,434.1790400422976,18.384342079232173,0.35094609364181245,23.207617573798256,60,308.4,9.234247819309187,446,-0.004760279379594664
247,mora,packing_A,T07,largo,7,G3,6.374630747897774,0.8510198563580773,0.8461255415022082,False,514,434.1790400422976,18.384342079232173,0.35094609364181245,23.207617573798256,60,308.4,9.234247819309187,447,0.05046204141546785
247,mora,packing_A,T07,largo,7,G3,6.374630747897774,0.8510198563580773,0.8461255415022082,False,514,434.1790400422976,18.384342079232173,0.35094609364181245,23.207617573798256,60,308.4,9.234247819309187,448,0.3034589518897266
247,mora,packing_A,T07,largo,7,G3,6.374630747897774,0.8510198563580773,0.8461255415022082,False,514,434.1790400422976,18.384342079232173,0.35094609364181245,23.207617573798256,60,308.4,9.234247819309187,449,0.4146075420655156
247,mora,packing_A,T07,largo,7,G3,6.374630747897774,0.8510198563580773,0.8461255415022082,False,514,434.1790400422976,18.384342079232173,0.35094609364181245,23.207617573798256,60,308.4,9.234247819309187,450,0.3658200487626238
247,mora,packing_A,T07,largo,7,G3,6.374630747897774,0.8510198563580773,0.8461255415022082,False,514,434.1790400422976,18.384342079232173,0.35094609364181245,23.207617573798256,60,308.4,9.234247819309187,451,0.46498054766312524
247,mora,packing_A,T07,largo,7,G3,6.374630747897774,0.8510198563580773,0.8461255415022082,False,514,434.1790400422976,18.384342079232173,0.35094609364181245,23.207617573798256,60,308.4,9.234247819309187,452,0.5099714159211882
247,mora,packing_A,T07,largo,7,G3,6.374630747897774,0.8510198563580773,0.8461255415022082,False,514,434.1790400422976,18.384342079232173,0.35094609364181245,23.207617573798256,60,308.4,9.234247819309187,453,0.5748557438975108
247,mora,packing_A,T07,largo,7,G3,6.374630747897774,0.8510198563580773,0.8461255415022082,False,514,434.1790400422976,18.384342079232173,0.35094609364181245,23.207617573798256,60,308.4,9.234247819309187,454,0.6463777060088753
247,mora,packing_A,T07,largo,7,G3,6.374630747897774,0.8510198563580773,0.8461255415022082,False,514,434.1790400422976,18.384342079232173,0.35094609364181245,23.207617573798256,60,308.4,9.234247819309187,455,0.6479159802136187
247,mora,packing_A,T07,largo,7,G3,6.374630747897774,0.8510198563580773,0.8461255415022082,False,514,434.1790400422976,18.384342079232173,0.35094609364181245,23.207617573798256,60,308.4,9.234247819309187,456,0.8063680987873816
247,mora,packing_A,T07,largo,7,G3,6.374630747897774,0.8510198563580773,0.8461255415022082,False,514,434.1790400422976,18.384342079232173,0.35094609364181245,23.207617573798256,60,308.4,9.234247819309187,457,0.8635607750809904
247,mora,packing_A,T07,largo,7,G3,6.374630747897774,0.8510198563580773,0.8461255415022082,False,514,434.1790400422976,18.384342079232173,0.35094609364181245,23.207617573798256,60,308.4,9.234247819309187,458,0.8277097613090564
247,mora,packing_A,T07,largo,7,G3,6.374630747897774,0.8510198563580773,0.8461255415022082,False,514,434.1790400422976,18.384342079232173,0.35094609364181245,23.207617573798256,60,308.4,9.234247819309187,459,0.5879603026605323
247,mora,packing_A,T07,largo,7,G3,6.374630747897774,0.8510198563580773,0.8461255415022082,False,514,434.1790400422976,18.384342079232173,0.35094609364181245,23.207617573798256,60,308.4,9.234247819309187,460,0.7887717932667443
247,mora,packing_A,T07,largo,7,G3,6.374630747897774,0.8510198563580773,0.8461255415022082,False,514,434.1790400422976,18.384342079232173,0.35094609364181245,23.207617573798256,60,308.4,9.234247819309187,461,0.6658733284164721
247,mora,packing_A,T07,largo,7,G3,6.374630747897774,0.8510198563580773,0.8461255415022082,False,514,434.1790400422976,18.384342079232173,0.35094609364181245,23.207617573798256,60,308.4,9.234247819309187,462,0.6969690492257843
247,mora,packing_A,T07,largo,7,G3,6.374630747897774,0.8510198563580773,0.8461255415022082,False,514,434.1790400422976,18.384342079232173,0.35094609364181245,23.207617573798256,60,308.4,9.234247819309187,463,0.6364356686710971
247,mora,packing_A,T07,largo,7,G3,6.374630747897774,0.8510198563580773,0.8461255415022082,False,514,434.1790400422976,18.384342079232173,0.35094609364181245,23.207617573798256,60,308.4,9.234247819309187,464,0.5688659604099393
247,mora,packing_A,T07,largo,7,G3,6.374630747897774,0.8510198563580773,0.8461255415022082,False,514,434.1790400422976,18.384342079232173,0.35094609364181245,23.207617573798256,60,308.4,9.234247819309187,465,0.44220300582769984
247,mora,packing_A,T07,largo,7,G3,6.374630747897774,0.8510198563580773,0.8461255415022082,False,514,434.1790400422976,18.384342079232173,0.35094609364181245,23.207617573798256,60,308.4,9.234247819309187,466,0.42778903433912313
247,mora,packing_A,T07,largo,7,G3,6.374630747897774,0.8510198563580773,0.8461255415022082,False,514,434.1790400422976,18.384342079232173,0.35094609364181245,23.207617573798256,60,308.4,9.234247819309187,467,0.22054905705180475
247,mora,packing_A,T07,largo,7,G3,6.374630747897774,0.8510198563580773,0.8461255415022082,False,514,434.1790400422976,18.384342079232173,0.35094609364181245,23.207617573798256,60,308.4,9.234247819309187,468,0.2591826332612354
247,mora,packing_A,T07,largo,7,G3,6.374630747897774,0.8510198563580773,0.8461255415022082,False,514,434.1790400422976,18.384342079232173,0.35094609364181245,23.207617573798256,60,308.4,9.234247819309187,469,-0.08608438552627828
247,mora,packing_A,T07,largo,7,G3,6.374630747897774,0.8510198563580773,0.8461255415022082,False,514,434.1790400422976,18.384342079232173,0.35094609364181245,23.207617573798256,60,308.4,9.234247819309187,470,-0.1497435305624111
247,mora,packing_A,T07,largo,7,G3,6.374630747897774,0.8510198563580773,0.8461255415022082,False,514,434.1790400422976,18.384342079232173,0.35094609364181245,23.207617573798256,60,308.4,9.234247819309187,471,-0.19346153567584667
247,mora,packing_A,T07,largo,7,G3,6.374630747897774,0.8510198563580773,0.8461255415022082,False,514,434.1790400422976,18.384342079232173,0.35094609364181245,23.207617573798256,60,308.4,9.234247819309187,472,-0.02046295425965973
247,mora,packing_A,T07,largo,7,G3,6.374630747897774,0.8510198563580773,0.8461255415022082,False,514,434.1790400422976,18.384342079232173,0.35094609364181245,23.207617573798256,60,308.4,9.234247819309187,473,-0.2306705458126637
247,mora,packing_A,T07,largo,7,G3,6.374630747897774,0.8510198563580773,0.8461255415022082,False,514,434.1790400422976,18.384342079232173,0.35094609364181245,23.207617573798256,60,308.4,9.234247819309187,474,-0.09488173765199756
247,mora,packing_A,T07,largo,7,G3,6.374630747897774,0.8510198563580773,0.8461255415022082,False,514,434.1790400422976,18.384342079232173,0.35094609364181245,23.207617573798256,60,308.4,9.234247819309187,475,0.04077797138161923
247,mora,packing_A,T07,largo,7,G3,6.374630747897774,0.8510198563580773,0.8461255415022082,False,514,434.1790400422976,18.384342079232173,0.35094609364181245,23.207617573798256,60,308.4,9.234247819309187,476,0.12747208846534921
247,mora,packing_A,T07,largo,7,G3,6.374630747897774,0.8510198563580773,0.8461255415022082,False,514,434.1790400422976,18.384342079232173,0.35094609364181245,23.207617573798256,60,308.4,9.234247819309187,477,0.26227423219879115
247,mora,packing_A,T07,largo,7,G3,6.374630747897774,0.8510198563580773,0.8461255415022082,False,514,434.1790400422976,18.384342079232173,0.35094609364181245,23.207617573798256,60,308.4,9.234247819309187,478,0.28956200977521857
247,mora,packing_A,T07,largo,7,G3,6.374630747897774,0.8510198563580773,0.8461255415022082,False,514,434.1790400422976,18.384342079232173,0.35094609364181245,23.207617573798256,60,308.4,9.234247819309187,479,0.3080456367706252
247,mora,packing_A,T07,largo,7,G3,6.374630747897774,0.8510198563580773,0.8461255415022082,False,514,434.1790400422976,18.384342079232173,0.35094609364181245,23.207617573798256,60,308.4,9.234247819309187,480,0.4496785851241544
247,mora,packing_A,T07,largo,7,G3,6.374630747897774,0.8510198563580773,0.8461255415022082,False,514,434.1790400422976,18.384342079232173,0.35094609364181245,23.207617573798256,60,308.4,9.234247819309187,481,0.3286196650182381
247,mora,packing_A,T07,largo,7,G3,6.374630747897774,0.8510198563580773,0.8461255415022082,False,514,434.1790400422976,18.384342079232173,0.35094609364181245,23.207617573798256,60,308.4,9.234247819309187,482,0.40375471646973893
247,mora,packing_A,T07,largo,7,G3,6.374630747897774,0.8510198563580773,0.8461255415022082,False,514,434.1790400422976,18.384342079232173,0.35094609364181245,23.207617573798256,60,308.4,9.234247819309187,483,0.6019874813424345
247,mora,packing_A,T07,largo,7,G3,6.374630747897774,0.8510198563580773,0.8461255415022082,False,514,434.1790400422976,18.384342079232173,0.35094609364181245,23.207617573798256,60,308.4,9.234247819309187,484,0.5682470315044869
247,mora,packing_A,T07,largo,7,G3,6.374630747897774,0.8510198563580773,0.8461255415022082,False,514,434.1790400422976,18.384342079232173,0.35094609364181245,23.207617573798256,60,308.4,9.234247819309187,485,0.7819016454112594
247,mora,packing_A,T07,largo,7,G3,6.374630747897774,0.8510198563580773,0.8461255415022082,False,514,434.1790400422976,18.384342079232173,0.35094609364181245,23.207617573798256,60,308.4,9.234247819309187,486,0.8727846278813394
247,mora,packing_A,T07,largo,7,G3,6.374630747897774,0.8510198563580773,0.8461255415022082,False,514,434.1790400422976,18.384342079232173,0.35094609364181245,23.207617573798256,60,308.4,9.234247819309187,487,0.8362527858612933
247,mora,packing_A,T07,largo,7,G3,6.374630747897774,0.8510198563580773,0.8461255415022082,False,514,434.1790400422976,18.384342079232173,0.35094609364181245,23.207617573798256,60,308.4,9.234247819309187,488,0.8161151075676818
247,mora,packing_A,T07,largo,7,G3,6.374630747897774,0.8510198563580773,0.8461255415022082,False,514,434.1790400422976,18.384342079232173,0.35094609364181245,23.207617573798256,60,308.4,9.234247819309187,489,0.7353336694004085
247,mora,packing_A,T07,largo,7,G3,6.374630747897774,0.8510198563580773,0.8461255415022082,False,514,434.1790400422976,18.384342079232173,0.35094609364181245,23.207617573798256,60,308.4,9.234247819309187,490,0.6126079075537648
247,mora,packing_A,T07,largo,7,G3,6.374630747897774,0.8510198563580773,0.8461255415022082,False,514,434.1790400422976,18.384342079232173,0.35094609364181245,23.207617573798256,60,308.4,9.234247819309187,491,0.7326797625198029
247,mora,packing_A,T07,largo,7,G3,6.374630747897774,0.8510198563580773,0.8461255415022082,False,514,434.1790400422976,18.384342079232173,0.35094609364181245,23.207617573798256,60,308.4,9.234247819309187,492,0.744157079446139
247,mora,packing_A,T07,largo,7,G3,6.374630747897774,0.8510198563580773,0.8461255415022082,False,514,434.1790400422976,18.384342079232173,0.35094609364181245,23.207617573798256,60,308.4,9.234247819309187,493,0.6879199070870995
247,mora,packing_A,T07,largo,7,G3,6.374630747897774,0.8510198563580773,0.8461255415022082,False,514,434.1790400422976,18.384342079232173,0.35094609364181245,23.207617573798256,60,308.4,9.234247819309187,494,0.4711523070462732
247,mora,packing_A,T07,largo,7,G3,6.374630747897774,0.8510198563580773,0.8461255415022082,False,514,434.1790400422976,18.384342079232173,0.35094609364181245,23.207617573798256,60,308.4,9.234247819309187,495,0.31780893446199443
247,mora,packing_A,T07,largo,7,G3,6.374630747897774,0.8510198563580773,0.8461255415022082,False,514,434.1790400422976,18.384342079232173,0.35094609364181245,23.207617573798256,60,308.4,9.234247819309187,496,0.26403796452533396
247,mora,packing_A,T07,largo,7,G3,6.374630747897774,0.8510198563580773,0.8461255415022082,False,514,434.1790400422976,18.384342079232173,0.35094609364181245,23.207617573798256,60,308.4,9.234247819309187,497,0.29525266599025335
247,mora,packing_A,T07,largo,7,G3,6.374630747897774,0.8510198563580773,0.8461255415022082,False,514,434.1790400422976,18.384342079232173,0.35094609364181245,23.207617573798256,60,308.4,9.234247819309187,498,0.1759415618987499
247,mora,packing_A,T07,largo,7,G3,6.374630747897774,0.8510198563580773,0.8461255415022082,False,514,434.1790400422976,18.384342079232173,0.35094609364181245,23.207617573798256,60,308.4,9.234247819309187,499,0.07696133976826304
247,mora,packing_A,T07,largo,7,G3,6.374630747897774,0.8510198563580773,0.8461255415022082,False,514,434.1790400422976,18.384342079232173,0.35094609364181245,23.207617573798256,60,308.4,9.234247819309187,500,-0.2629587712103938
247,mora,packing_A,T07,largo,7,G3,6.374630747897774,0.8510198563580773,0.8461255415022082,False,514,434.1790400422976,18.384342079232173,0.35094609364181245,23.207617573798256,60,308.4,9.234247819309187,501,0.12372059143726782
247,mora,packing_A,T07,largo,7,G3,6.374630747897774,0.8510198563580773,0.8461255415022082,False,514,434.1790400422976,18.384342079232173,0.35094609364181245,23.207617573798256,60,308.4,9.234247819309187,502,-0.1611526806646793
247,mora,packing_A,T07,largo,7,G3,6.374630747897774,0.8510198563580773,0.8461255415022082,False,514,434.1790400422976,18.384342079232173,0.35094609364181245,23.207617573798256,60,308.4,9.234247819309187,503,-0.30192597703909535
247,mora,packing_A,T07,largo,7,G3,6.374630747897774,0.8510198563580773,0.8461255415022082,False,514,434.1790400422976,18.384342079232173,0.35094609364181245,23.207617573798256,60,308.4,9.234247819309187,504,-0.1150478916190021
247,mora,packing_A,T07,largo,7,G3,6.374630747897774,0.8510198563580773,0.8461255415022082,False,514,434.1790400422976,18.384342079232173,0.35094609364181245,23.207617573798256,60,308.4,9.234247819309187,505,-0.09310481925314576
247,mora,packing_A,T07,largo,7,G3,6.374630747897774,0.8510198563580773,0.8461255415022082,False,514,434.1790400422976,18.384342079232173,0.35094609364181245,23.207617573798256,60,308.4,9.234247819309187,506,0.0292322859711869
247,mora,packing_A,T07,largo,7,G3,6.374630747897774,0.8510198563580773,0.8461255415022082,False,514,434.1790400422976,18.384342079232173,0.35094609364181245,23.207617573798256,60,308.4,9.234247819309187,507,0.12514600127520376
247,mora,packing_A,T07,largo,7,G3,6.374630747897774,0.8510198563580773,0.8461255415022082,False,514,434.1790400422976,18.384342079232173,0.35094609364181245,23.207617573798256,60,308.4,9.234247819309187,508,-0.023979527584492705
247,mora,packing_A,T07,largo,7,G3,6.374630747897774,0.8510198563580773,0.8461255415022082,False,514,434.1790400422976,18.384342079232173,0.35094609364181245,23.207617573798256,60,308.4,9.234247819309187,509,-0.05563850860833769
247,mora,packing_A,T07,largo,7,G3,6.374630747897774,0.8510198563580773,0.8461255415022082,False,514,434.1790400422976,18.384342079232173,0.35094609364181245,23.207617573798256,60,308.4,9.234247819309187,510,0.330175247699404
247,mora,packing_A,T07,largo,7,G3,6.374630747897774,0.8510198563580773,0.8461255415022082,False,514,434.1790400422976,18.384342079232173,0.35094609364181245,23.207617573798256,60,308.4,9.234247819309187,511,0.429393432655189
247,mora,packing_A,T07,largo,7,G3,6.374630747897774,0.8510198563580773,0.8461255415022082,False,514,434.1790400422976,18.384342079232173,0.35094609364181245,23.207617573798256,60,308.4,9.234247819309187,512,0.5831659226702692
247,mora,packing_A,T07,largo,7,G3,6.374630747897774,0.8510198563580773,0.8461255415022082,False,514,434.1790400422976,18.384342079232173,0.35094609364181245,23.207617573798256,60,308.4,9.234247819309187,513,0.5795257611473159
