proceso_id,epoca,packing,tunel,tipo_tunel,iteracion,mass_group,masa_ton,ocupabilidad,caudal_factor,anomalia_duracion,duracion_min,duracion_esperada_min,delta_duracion_pct,setpoint,T0,pct_transitorio,t_trans_min,overshoot_pct,tiempo_min,temperatura
260,mora,packing_A,T07,largo,20,G2,4.04194939390681,0.8440465533096458,1.1302526249750777,True,485,295.62376139168543,64.05988399471087,0.3688430742475264,23.180881275115883,60,291.0,9.39579044048482,0,23.19521567822268
260,mora,packing_A,T07,largo,20,G2,4.04194939390681,0.8440465533096458,1.1302526249750777,True,485,295.62376139168543,64.05988399471087,0.3688430742475264,23.180881275115883,60,291.0,9.39579044048482,1,23.048333834176773
260,mora,packing_A,T07,largo,20,G2,4.04194939390681,0.8440465533096458,1.1302526249750777,True,485,295.62376139168543,64.05988399471087,0.3688430742475264,23.180881275115883,60,291.0,9.39579044048482,2,22.755350115878628
260,mora,packing_A,T07,largo,20,G2,4.04194939390681,0.8440465533096458,1.1302526249750777,True,485,295.62376139168543,64.05988399471087,0.3688430742475264,23.180881275115883,60,291.0,9.39579044048482,3,22.709390103075254
260,mora,packing_A,T07,largo,20,G2,4.04194939390681,0.8440465533096458,1.1302526249750777,True,485,295.62376139168543,64.05988399471087,0.3688430742475264,23.180881275115883,60,291.0,9.39579044048482,4,22.502570886291707
260,mora,packing_A,T07,largo,20,G2,4.04194939390681,0.8440465533096458,1.1302526249750777,True,485,295.62376139168543,64.05988399471087,0.3688430742475264,23.180881275115883,60,291.0,9.39579044048482,5,22.058924079311275
260,mora,packing_A,T07,largo,20,G2,4.04194939390681,0.8440465533096458,1.1302526249750777,True,485,295.62376139168543,64.05988399471087,0.3688430742475264,23.180881275115883,60,291.0,9.39579044048482,6,21.788757459006888
260,mora,packing_A,T07,largo,20,G2,4.04194939390681,0.8440465533096458,1.1302526249750777,True,485,295.62376139168543,64.05988399471087,0.3688430742475264,23.180881275115883,60,291.0,9.39579044048482,7,21.69376881487803
260,mora,packing_A,T07,largo,20,G2,4.04194939390681,0.8440465533096458,1.1302526249750777,True,485,295.62376139168543,64.05988399471087,0.3688430742475264,23.180881275115883,60,291.0,9.39579044048482,8,21.327040810910546
260,mora,packing_A,T07,largo,20,G2,4.04194939390681,0.8440465533096458,1.1302526249750777,True,485,295.62376139168543,64.05988399471087,0.3688430742475264,23.180881275115883,60,291.0,9.39579044048482,9,21.37831645385427
260,mora,packing_A,T07,largo,20,G2,4.04194939390681,0.8440465533096458,1.1302526249750777,True,485,295.62376139168543,64.05988399471087,0.3688430742475264,23.180881275115883,60,291.0,9.39579044048482,10,21.248555345846416
260,mora,packing_A,T07,largo,20,G2,4.04194939390681,0.8440465533096458,1.1302526249750777,True,485,295.62376139168543,64.05988399471087,0.3688430742475264,23.180881275115883,60,291.0,9.39579044048482,11,20.738652768717277
260,mora,packing_A,T07,largo,20,G2,4.04194939390681,0.8440465533096458,1.1302526249750777,True,485,295.62376139168543,64.05988399471087,0.3688430742475264,23.180881275115883,60,291.0,9.39579044048482,12,20.626488585536315
260,mora,packing_A,T07,largo,20,G2,4.04194939390681,0.8440465533096458,1.1302526249750777,True,485,295.62376139168543,64.05988399471087,0.3688430742475264,23.180881275115883,60,291.0,9.39579044048482,13,20.350275588510968
260,mora,packing_A,T07,largo,20,G2,4.04194939390681,0.8440465533096458,1.1302526249750777,True,485,295.62376139168543,64.05988399471087,0.3688430742475264,23.180881275115883,60,291.0,9.39579044048482,14,20.22533692605351
260,mora,packing_A,T07,largo,20,G2,4.04194939390681,0.8440465533096458,1.1302526249750777,True,485,295.62376139168543,64.05988399471087,0.3688430742475264,23.180881275115883,60,291.0,9.39579044048482,15,19.964555986771376
260,mora,packing_A,T07,largo,20,G2,4.04194939390681,0.8440465533096458,1.1302526249750777,True,485,295.62376139168543,64.05988399471087,0.3688430742475264,23.180881275115883,60,291.0,9.39579044048482,16,19.692121861276547
260,mora,packing_A,T07,largo,20,G2,4.04194939390681,0.8440465533096458,1.1302526249750777,True,485,295.62376139168543,64.05988399471087,0.3688430742475264,23.180881275115883,60,291.0,9.39579044048482,17,19.427651421778634
260,mora,packing_A,T07,largo,20,G2,4.04194939390681,0.8440465533096458,1.1302526249750777,True,485,295.62376139168543,64.05988399471087,0.3688430742475264,23.180881275115883,60,291.0,9.39579044048482,18,19.11508798317389
260,mora,packing_A,T07,largo,20,G2,4.04194939390681,0.8440465533096458,1.1302526249750777,True,485,295.62376139168543,64.05988399471087,0.3688430742475264,23.180881275115883,60,291.0,9.39579044048482,19,18.971384926285825
260,mora,packing_A,T07,largo,20,G2,4.04194939390681,0.8440465533096458,1.1302526249750777,True,485,295.62376139168543,64.05988399471087,0.3688430742475264,23.180881275115883,60,291.0,9.39579044048482,20,18.691838324663646
260,mora,packing_A,T07,largo,20,G2,4.04194939390681,0.8440465533096458,1.1302526249750777,True,485,295.62376139168543,64.05988399471087,0.3688430742475264,23.180881275115883,60,291.0,9.39579044048482,21,18.385558301772175
260,mora,packing_A,T07,largo,20,G2,4.04194939390681,0.8440465533096458,1.1302526249750777,True,485,295.62376139168543,64.05988399471087,0.3688430742475264,23.180881275115883,60,291.0,9.39579044048482,22,18.090898740577746
260,mora,packing_A,T07,largo,20,G2,4.04194939390681,0.8440465533096458,1.1302526249750777,True,485,295.62376139168543,64.05988399471087,0.3688430742475264,23.180881275115883,60,291.0,9.39579044048482,23,17.926420709095236
260,mora,packing_A,T07,largo,20,G2,4.04194939390681,0.8440465533096458,1.1302526249750777,True,485,295.62376139168543,64.05988399471087,0.3688430742475264,23.180881275115883,60,291.0,9.39579044048482,24,17.65045829999564
260,mora,packing_A,T07,largo,20,G2,4.04194939390681,0.8440465533096458,1.1302526249750777,True,485,295.62376139168543,64.05988399471087,0.3688430742475264,23.180881275115883,60,291.0,9.39579044048482,25,17.321215076073784
260,mora,packing_A,T07,largo,20,G2,4.04194939390681,0.8440465533096458,1.1302526249750777,True,485,295.62376139168543,64.05988399471087,0.3688430742475264,23.180881275115883,60,291.0,9.39579044048482,26,17.23534441431714
260,mora,packing_A,T07,largo,20,G2,4.04194939390681,0.8440465533096458,1.1302526249750777,True,485,295.62376139168543,64.05988399471087,0.3688430742475264,23.180881275115883,60,291.0,9.39579044048482,27,16.935204645141678
260,mora,packing_A,T07,largo,20,G2,4.04194939390681,0.8440465533096458,1.1302526249750777,True,485,295.62376139168543,64.05988399471087,0.3688430742475264,23.180881275115883,60,291.0,9.39579044048482,28,16.809129889838516
260,mora,packing_A,T07,largo,20,G2,4.04194939390681,0.8440465533096458,1.1302526249750777,True,485,295.62376139168543,64.05988399471087,0.3688430742475264,23.180881275115883,60,291.0,9.39579044048482,29,16.236179510781426
260,mora,packing_A,T07,largo,20,G2,4.04194939390681,0.8440465533096458,1.1302526249750777,True,485,295.62376139168543,64.05988399471087,0.3688430742475264,23.180881275115883,60,291.0,9.39579044048482,30,16.10158368573292
260,mora,packing_A,T07,largo,20,G2,4.04194939390681,0.8440465533096458,1.1302526249750777,True,485,295.62376139168543,64.05988399471087,0.3688430742475264,23.180881275115883,60,291.0,9.39579044048482,31,15.87817874096765
260,mora,packing_A,T07,largo,20,G2,4.04194939390681,0.8440465533096458,1.1302526249750777,True,485,295.62376139168543,64.05988399471087,0.3688430742475264,23.180881275115883,60,291.0,9.39579044048482,32,15.54688303233932
260,mora,packing_A,T07,largo,20,G2,4.04194939390681,0.8440465533096458,1.1302526249750777,True,485,295.62376139168543,64.05988399471087,0.3688430742475264,23.180881275115883,60,291.0,9.39579044048482,33,15.384911865480928
260,mora,packing_A,T07,largo,20,G2,4.04194939390681,0.8440465533096458,1.1302526249750777,True,485,295.62376139168543,64.05988399471087,0.3688430742475264,23.180881275115883,60,291.0,9.39579044048482,34,15.104763130969593
260,mora,packing_A,T07,largo,20,G2,4.04194939390681,0.8440465533096458,1.1302526249750777,True,485,295.62376139168543,64.05988399471087,0.3688430742475264,23.180881275115883,60,291.0,9.39579044048482,35,14.652558395735472
260,mora,packing_A,T07,largo,20,G2,4.04194939390681,0.8440465533096458,1.1302526249750777,True,485,295.62376139168543,64.05988399471087,0.3688430742475264,23.180881275115883,60,291.0,9.39579044048482,36,14.496422173423882
260,mora,packing_A,T07,largo,20,G2,4.04194939390681,0.8440465533096458,1.1302526249750777,True,485,295.62376139168543,64.05988399471087,0.3688430742475264,23.180881275115883,60,291.0,9.39579044048482,37,14.094047527564307
260,mora,packing_A,T07,largo,20,G2,4.04194939390681,0.8440465533096458,1.1302526249750777,True,485,295.62376139168543,64.05988399471087,0.3688430742475264,23.180881275115883,60,291.0,9.39579044048482,38,13.993581056770681
260,mora,packing_A,T07,largo,20,G2,4.04194939390681,0.8440465533096458,1.1302526249750777,True,485,295.62376139168543,64.05988399471087,0.3688430742475264,23.180881275115883,60,291.0,9.39579044048482,39,13.69389988392202
260,mora,packing_A,T07,largo,20,G2,4.04194939390681,0.8440465533096458,1.1302526249750777,True,485,295.62376139168543,64.05988399471087,0.3688430742475264,23.180881275115883,60,291.0,9.39579044048482,40,13.438075968922057
260,mora,packing_A,T07,largo,20,G2,4.04194939390681,0.8440465533096458,1.1302526249750777,True,485,295.62376139168543,64.05988399471087,0.3688430742475264,23.180881275115883,60,291.0,9.39579044048482,41,13.257993378887035
260,mora,packing_A,T07,largo,20,G2,4.04194939390681,0.8440465533096458,1.1302526249750777,True,485,295.62376139168543,64.05988399471087,0.3688430742475264,23.180881275115883,60,291.0,9.39579044048482,42,12.920136540628956
260,mora,packing_A,T07,largo,20,G2,4.04194939390681,0.8440465533096458,1.1302526249750777,True,485,295.62376139168543,64.05988399471087,0.3688430742475264,23.180881275115883,60,291.0,9.39579044048482,43,12.656292547341367
260,mora,packing_A,T07,largo,20,G2,4.04194939390681,0.8440465533096458,1.1302526249750777,True,485,295.62376139168543,64.05988399471087,0.3688430742475264,23.180881275115883,60,291.0,9.39579044048482,44,12.43551380732252
260,mora,packing_A,T07,largo,20,G2,4.04194939390681,0.8440465533096458,1.1302526249750777,True,485,295.62376139168543,64.05988399471087,0.3688430742475264,23.180881275115883,60,291.0,9.39579044048482,45,11.999004934583658
260,mora,packing_A,T07,largo,20,G2,4.04194939390681,0.8440465533096458,1.1302526249750777,True,485,295.62376139168543,64.05988399471087,0.3688430742475264,23.180881275115883,60,291.0,9.39579044048482,46,11.885400282884445
260,mora,packing_A,T07,largo,20,G2,4.04194939390681,0.8440465533096458,1.1302526249750777,True,485,295.62376139168543,64.05988399471087,0.3688430742475264,23.180881275115883,60,291.0,9.39579044048482,47,11.406631263918593
260,mora,packing_A,T07,largo,20,G2,4.04194939390681,0.8440465533096458,1.1302526249750777,True,485,295.62376139168543,64.05988399471087,0.3688430742475264,23.180881275115883,60,291.0,9.39579044048482,48,11.224108429630386
260,mora,packing_A,T07,largo,20,G2,4.04194939390681,0.8440465533096458,1.1302526249750777,True,485,295.62376139168543,64.05988399471087,0.3688430742475264,23.180881275115883,60,291.0,9.39579044048482,49,10.920187040367564
260,mora,packing_A,T07,largo,20,G2,4.04194939390681,0.8440465533096458,1.1302526249750777,True,485,295.62376139168543,64.05988399471087,0.3688430742475264,23.180881275115883,60,291.0,9.39579044048482,50,10.619857382029018
260,mora,packing_A,T07,largo,20,G2,4.04194939390681,0.8440465533096458,1.1302526249750777,True,485,295.62376139168543,64.05988399471087,0.3688430742475264,23.180881275115883,60,291.0,9.39579044048482,51,10.264885100982939
260,mora,packing_A,T07,largo,20,G2,4.04194939390681,0.8440465533096458,1.1302526249750777,True,485,295.62376139168543,64.05988399471087,0.3688430742475264,23.180881275115883,60,291.0,9.39579044048482,52,10.175619294536101
260,mora,packing_A,T07,largo,20,G2,4.04194939390681,0.8440465533096458,1.1302526249750777,True,485,295.62376139168543,64.05988399471087,0.3688430742475264,23.180881275115883,60,291.0,9.39579044048482,53,9.855655689399612
260,mora,packing_A,T07,largo,20,G2,4.04194939390681,0.8440465533096458,1.1302526249750777,True,485,295.62376139168543,64.05988399471087,0.3688430742475264,23.180881275115883,60,291.0,9.39579044048482,54,9.626150493043069
260,mora,packing_A,T07,largo,20,G2,4.04194939390681,0.8440465533096458,1.1302526249750777,True,485,295.62376139168543,64.05988399471087,0.3688430742475264,23.180881275115883,60,291.0,9.39579044048482,55,9.415847407675948
260,mora,packing_A,T07,largo,20,G2,4.04194939390681,0.8440465533096458,1.1302526249750777,True,485,295.62376139168543,64.05988399471087,0.3688430742475264,23.180881275115883,60,291.0,9.39579044048482,56,9.012631886743863
260,mora,packing_A,T07,largo,20,G2,4.04194939390681,0.8440465533096458,1.1302526249750777,True,485,295.62376139168543,64.05988399471087,0.3688430742475264,23.180881275115883,60,291.0,9.39579044048482,57,8.800191814300085
260,mora,packing_A,T07,largo,20,G2,4.04194939390681,0.8440465533096458,1.1302526249750777,True,485,295.62376139168543,64.05988399471087,0.3688430742475264,23.180881275115883,60,291.0,9.39579044048482,58,8.75660064899252
260,mora,packing_A,T07,largo,20,G2,4.04194939390681,0.8440465533096458,1.1302526249750777,True,485,295.62376139168543,64.05988399471087,0.3688430742475264,23.180881275115883,60,291.0,9.39579044048482,59,8.347921808060397
260,mora,packing_A,T07,largo,20,G2,4.04194939390681,0.8440465533096458,1.1302526249750777,True,485,295.62376139168543,64.05988399471087,0.3688430742475264,23.180881275115883,60,291.0,9.39579044048482,60,7.938766218143914
260,mora,packing_A,T07,largo,20,G2,4.04194939390681,0.8440465533096458,1.1302526249750777,True,485,295.62376139168543,64.05988399471087,0.3688430742475264,23.180881275115883,60,291.0,9.39579044048482,61,7.817757653082482
260,mora,packing_A,T07,largo,20,G2,4.04194939390681,0.8440465533096458,1.1302526249750777,True,485,295.62376139168543,64.05988399471087,0.3688430742475264,23.180881275115883,60,291.0,9.39579044048482,62,7.6677022435440385
260,mora,packing_A,T07,largo,20,G2,4.04194939390681,0.8440465533096458,1.1302526249750777,True,485,295.62376139168543,64.05988399471087,0.3688430742475264,23.180881275115883,60,291.0,9.39579044048482,63,7.215811257699402
260,mora,packing_A,T07,largo,20,G2,4.04194939390681,0.8440465533096458,1.1302526249750777,True,485,295.62376139168543,64.05988399471087,0.3688430742475264,23.180881275115883,60,291.0,9.39579044048482,64,7.095255341086645
260,mora,packing_A,T07,largo,20,G2,4.04194939390681,0.8440465533096458,1.1302526249750777,True,485,295.62376139168543,64.05988399471087,0.3688430742475264,23.180881275115883,60,291.0,9.39579044048482,65,6.702235235424737
260,mora,packing_A,T07,largo,20,G2,4.04194939390681,0.8440465533096458,1.1302526249750777,True,485,295.62376139168543,64.05988399471087,0.3688430742475264,23.180881275115883,60,291.0,9.39579044048482,66,6.615854015580362
260,mora,packing_A,T07,largo,20,G2,4.04194939390681,0.8440465533096458,1.1302526249750777,True,485,295.62376139168543,64.05988399471087,0.3688430742475264,23.180881275115883,60,291.0,9.39579044048482,67,6.183783296289374
260,mora,packing_A,T07,largo,20,G2,4.04194939390681,0.8440465533096458,1.1302526249750777,True,485,295.62376139168543,64.05988399471087,0.3688430742475264,23.180881275115883,60,291.0,9.39579044048482,68,6.074227284181981
260,mora,packing_A,T07,largo,20,G2,4.04194939390681,0.8440465533096458,1.1302526249750777,True,485,295.62376139168543,64.05988399471087,0.3688430742475264,23.180881275115883,60,291.0,9.39579044048482,69,5.7280669185845845
260,mora,packing_A,T07,largo,20,G2,4.04194939390681,0.8440465533096458,1.1302526249750777,True,485,295.62376139168543,64.05988399471087,0.3688430742475264,23.180881275115883,60,291.0,9.39579044048482,70,5.582891251420013
260,mora,packing_A,T07,largo,20,G2,4.04194939390681,0.8440465533096458,1.1302526249750777,True,485,295.62376139168543,64.05988399471087,0.3688430742475264,23.180881275115883,60,291.0,9.39579044048482,71,5.333487518082108
260,mora,packing_A,T07,largo,20,G2,4.04194939390681,0.8440465533096458,1.1302526249750777,True,485,295.62376139168543,64.05988399471087,0.3688430742475264,23.180881275115883,60,291.0,9.39579044048482,72,4.912297073617614
260,mora,packing_A,T07,largo,20,G2,4.04194939390681,0.8440465533096458,1.1302526249750777,True,485,295.62376139168543,64.05988399471087,0.3688430742475264,23.180881275115883,60,291.0,9.39579044048482,73,4.652031674136311
260,mora,packing_A,T07,largo,20,G2,4.04194939390681,0.8440465533096458,1.1302526249750777,True,485,295.62376139168543,64.05988399471087,0.3688430742475264,23.180881275115883,60,291.0,9.39579044048482,74,4.668271447287575
260,mora,packing_A,T07,largo,20,G2,4.04194939390681,0.8440465533096458,1.1302526249750777,True,485,295.62376139168543,64.05988399471087,0.3688430742475264,23.180881275115883,60,291.0,9.39579044048482,75,4.418512455376519
260,mora,packing_A,T07,largo,20,G2,4.04194939390681,0.8440465533096458,1.1302526249750777,True,485,295.62376139168543,64.05988399471087,0.3688430742475264,23.180881275115883,60,291.0,9.39579044048482,76,4.125889800283296
260,mora,packing_A,T07,largo,20,G2,4.04194939390681,0.8440465533096458,1.1302526249750777,True,485,295.62376139168543,64.05988399471087,0.3688430742475264,23.180881275115883,60,291.0,9.39579044048482,77,3.7216133725319507
260,mora,packing_A,T07,largo,20,G2,4.04194939390681,0.8440465533096458,1.1302526249750777,True,485,295.62376139168543,64.05988399471087,0.3688430742475264,23.180881275115883,60,291.0,9.39579044048482,78,3.699353636256124
260,mora,packing_A,T07,largo,20,G2,4.04194939390681,0.8440465533096458,1.1302526249750777,True,485,295.62376139168543,64.05988399471087,0.3688430742475264,23.180881275115883,60,291.0,9.39579044048482,79,3.4249251926708144
260,mora,packing_A,T07,largo,20,G2,4.04194939390681,0.8440465533096458,1.1302526249750777,True,485,295.62376139168543,64.05988399471087,0.3688430742475264,23.180881275115883,60,291.0,9.39579044048482,80,3.3287987889047495
260,mora,packing_A,T07,largo,20,G2,4.04194939390681,0.8440465533096458,1.1302526249750777,True,485,295.62376139168543,64.05988399471087,0.3688430742475264,23.180881275115883,60,291.0,9.39579044048482,81,3.035319236654529
260,mora,packing_A,T07,largo,20,G2,4.04194939390681,0.8440465533096458,1.1302526249750777,True,485,295.62376139168543,64.05988399471087,0.3688430742475264,23.180881275115883,60,291.0,9.39579044048482,82,2.83565074861571
260,mora,packing_A,T07,largo,20,G2,4.04194939390681,0.8440465533096458,1.1302526249750777,True,485,295.62376139168543,64.05988399471087,0.3688430742475264,23.180881275115883,60,291.0,9.39579044048482,83,2.4310616663640587
260,mora,packing_A,T07,largo,20,G2,4.04194939390681,0.8440465533096458,1.1302526249750777,True,485,295.62376139168543,64.05988399471087,0.3688430742475264,23.180881275115883,60,291.0,9.39579044048482,84,2.592179448846723
260,mora,packing_A,T07,largo,20,G2,4.04194939390681,0.8440465533096458,1.1302526249750777,True,485,295.62376139168543,64.05988399471087,0.3688430742475264,23.180881275115883,60,291.0,9.39579044048482,85,1.913992791778776
260,mora,packing_A,T07,largo,20,G2,4.04194939390681,0.8440465533096458,1.1302526249750777,True,485,295.62376139168543,64.05988399471087,0.3688430742475264,23.180881275115883,60,291.0,9.39579044048482,86,1.716984464355974
260,mora,packing_A,T07,largo,20,G2,4.04194939390681,0.8440465533096458,1.1302526249750777,True,485,295.62376139168543,64.05988399471087,0.3688430742475264,23.180881275115883,60,291.0,9.39579044048482,87,1.8047025851437044
260,mora,packing_A,T07,largo,20,G2,4.04194939390681,0.8440465533096458,1.1302526249750777,True,485,295.62376139168543,64.05988399471087,0.3688430742475264,23.180881275115883,60,291.0,9.39579044048482,88,1.5185232854643673
260,mora,packing_A,T07,largo,20,G2,4.04194939390681,0.8440465533096458,1.1302526249750777,True,485,295.62376139168543,64.05988399471087,0.3688430742475264,23.180881275115883,60,291.0,9.39579044048482,89,1.3083256376901653
260,mora,packing_A,T07,largo,20,G2,4.04194939390681,0.8440465533096458,1.1302526249750777,True,485,295.62376139168543,64.05988399471087,0.3688430742475264,23.180881275115883,60,291.0,9.39579044048482,90,1.0911237541473997
260,mora,packing_A,T07,largo,20,G2,4.04194939390681,0.8440465533096458,1.1302526249750777,True,485,295.62376139168543,64.05988399471087,0.3688430742475264,23.180881275115883,60,291.0,9.39579044048482,91,1.026243830239551
260,mora,packing_A,T07,largo,20,G2,4.04194939390681,0.8440465533096458,1.1302526249750777,True,485,295.62376139168543,64.05988399471087,0.3688430742475264,23.180881275115883,60,291.0,9.39579044048482,92,0.7672243308966805
260,mora,packing_A,T07,largo,20,G2,4.04194939390681,0.8440465533096458,1.1302526249750777,True,485,295.62376139168543,64.05988399471087,0.3688430742475264,23.180881275115883,60,291.0,9.39579044048482,93,0.5013667923970512
260,mora,packing_A,T07,largo,20,G2,4.04194939390681,0.8440465533096458,1.1302526249750777,True,485,295.62376139168543,64.05988399471087,0.3688430742475264,23.180881275115883,60,291.0,9.39579044048482,94,0.32556116373803984
260,mora,packing_A,T07,largo,20,G2,4.04194939390681,0.8440465533096458,1.1302526249750777,True,485,295.62376139168543,64.05988399471087,0.3688430742475264,23.180881275115883,60,291.0,9.39579044048482,95,0.2537467600247131
260,mora,packing_A,T07,largo,20,G2,4.04194939390681,0.8440465533096458,1.1302526249750777,True,485,295.62376139168543,64.05988399471087,0.3688430742475264,23.180881275115883,60,291.0,9.39579044048482,96,-0.14247090254658162
260,mora,packing_A,T07,largo,20,G2,4.04194939390681,0.8440465533096458,1.1302526249750777,True,485,295.62376139168543,64.05988399471087,0.3688430742475264,23.180881275115883,60,291.0,9.39579044048482,97,-0.30570979617671734
260,mora,packing_A,T07,largo,20,G2,4.04194939390681,0.8440465533096458,1.1302526249750777,True,485,295.62376139168543,64.05988399471087,0.3688430742475264,23.180881275115883,60,291.0,9.39579044048482,98,-0.5583146955861455
260,mora,packing_A,T07,largo,20,G2,4.04194939390681,0.8440465533096458,1.1302526249750777,True,485,295.62376139168543,64.05988399471087,0.3688430742475264,23.180881275115883,60,291.0,9.39579044048482,99,-0.65626305437757
260,mora,packing_A,T07,largo,20,G2,4.04194939390681,0.8440465533096458,1.1302526249750777,True,485,295.62376139168543,64.05988399471087,0.3688430742475264,23.180881275115883,60,291.0,9.39579044048482,100,-0.7897661893714456
260,mora,packing_A,T07,largo,20,G2,4.04194939390681,0.8440465533096458,1.1302526249750777,True,485,295.62376139168543,64.05988399471087,0.3688430742475264,23.180881275115883,60,291.0,9.39579044048482,101,-1.0594923851819773
260,mora,packing_A,T07,largo,20,G2,4.04194939390681,0.8440465533096458,1.1302526249750777,True,485,295.62376139168543,64.05988399471087,0.3688430742475264,23.180881275115883,60,291.0,9.39579044048482,102,-1.0214080036883413
260,mora,packing_A,T07,largo,20,G2,4.04194939390681,0.8440465533096458,1.1302526249750777,True,485,295.62376139168543,64.05988399471087,0.3688430742475264,23.180881275115883,60,291.0,9.39579044048482,103,-1.371021637046879
260,mora,packing_A,T07,largo,20,G2,4.04194939390681,0.8440465533096458,1.1302526249750777,True,485,295.62376139168543,64.05988399471087,0.3688430742475264,23.180881275115883,60,291.0,9.39579044048482,104,-1.3811279357042636
260,mora,packing_A,T07,largo,20,G2,4.04194939390681,0.8440465533096458,1.1302526249750777,True,485,295.62376139168543,64.05988399471087,0.3688430742475264,23.180881275115883,60,291.0,9.39579044048482,105,-1.5176450021059193
260,mora,packing_A,T07,largo,20,G2,4.04194939390681,0.8440465533096458,1.1302526249750777,True,485,295.62376139168543,64.05988399471087,0.3688430742475264,23.180881275115883,60,291.0,9.39579044048482,106,-1.776094721791546
260,mora,packing_A,T07,largo,20,G2,4.04194939390681,0.8440465533096458,1.1302526249750777,True,485,295.62376139168543,64.05988399471087,0.3688430742475264,23.180881275115883,60,291.0,9.39579044048482,107,-1.9760541754032852
260,mora,packing_A,T07,largo,20,G2,4.04194939390681,0.8440465533096458,1.1302526249750777,True,485,295.62376139168543,64.05988399471087,0.3688430742475264,23.180881275115883,60,291.0,9.39579044048482,108,-2.0107895357895265
260,mora,packing_A,T07,largo,20,G2,4.04194939390681,0.8440465533096458,1.1302526249750777,True,485,295.62376139168543,64.05988399471087,0.3688430742475264,23.180881275115883,60,291.0,9.39579044048482,109,-2.0560467613751343
260,mora,packing_A,T07,largo,20,G2,4.04194939390681,0.8440465533096458,1.1302526249750777,True,485,295.62376139168543,64.05988399471087,0.3688430742475264,23.180881275115883,60,291.0,9.39579044048482,110,-2.3392271893522367
260,mora,packing_A,T07,largo,20,G2,4.04194939390681,0.8440465533096458,1.1302526249750777,True,485,295.62376139168543,64.05988399471087,0.3688430742475264,23.180881275115883,60,291.0,9.39579044048482,111,-2.4151504717478027
260,mora,packing_A,T07,largo,20,G2,4.04194939390681,0.8440465533096458,1.1302526249750777,True,485,295.62376139168543,64.05988399471087,0.3688430742475264,23.180881275115883,60,291.0,9.39579044048482,112,-2.630733627445331
260,mora,packing_A,T07,largo,20,G2,4.04194939390681,0.8440465533096458,1.1302526249750777,True,485,295.62376139168543,64.05988399471087,0.3688430742475264,23.180881275115883,60,291.0,9.39579044048482,113,-2.6734232415953425
260,mora,packing_A,T07,largo,20,G2,4.04194939390681,0.8440465533096458,1.1302526249750777,True,485,295.62376139168543,64.05988399471087,0.3688430742475264,23.180881275115883,60,291.0,9.39579044048482,114,-2.918487185801992
260,mora,packing_A,T07,largo,20,G2,4.04194939390681,0.8440465533096458,1.1302526249750777,True,485,295.62376139168543,64.05988399471087,0.3688430742475264,23.180881275115883,60,291.0,9.39579044048482,115,-3.00263466302521
260,mora,packing_A,T07,largo,20,G2,4.04194939390681,0.8440465533096458,1.1302526249750777,True,485,295.62376139168543,64.05988399471087,0.3688430742475264,23.180881275115883,60,291.0,9.39579044048482,116,-3.313148373141472
260,mora,packing_A,T07,largo,20,G2,4.04194939390681,0.8440465533096458,1.1302526249750777,True,485,295.62376139168543,64.05988399471087,0.3688430742475264,23.180881275115883,60,291.0,9.39579044048482,117,-3.390760965221226
260,mora,packing_A,T07,largo,20,G2,4.04194939390681,0.8440465533096458,1.1302526249750777,True,485,295.62376139168543,64.05988399471087,0.3688430742475264,23.180881275115883,60,291.0,9.39579044048482,118,-3.4162439968446727
260,mora,packing_A,T07,largo,20,G2,4.04194939390681,0.8440465533096458,1.1302526249750777,True,485,295.62376139168543,64.05988399471087,0.3688430742475264,23.180881275115883,60,291.0,9.39579044048482,119,-3.463164009610157
260,mora,packing_A,T07,largo,20,G2,4.04194939390681,0.8440465533096458,1.1302526249750777,True,485,295.62376139168543,64.05988399471087,0.3688430742475264,23.180881275115883,60,291.0,9.39579044048482,120,-3.6720647992790547
260,mora,packing_A,T07,largo,20,G2,4.04194939390681,0.8440465533096458,1.1302526249750777,True,485,295.62376139168543,64.05988399471087,0.3688430742475264,23.180881275115883,60,291.0,9.39579044048482,121,-3.6729037180274346
260,mora,packing_A,T07,largo,20,G2,4.04194939390681,0.8440465533096458,1.1302526249750777,True,485,295.62376139168543,64.05988399471087,0.3688430742475264,23.180881275115883,60,291.0,9.39579044048482,122,-3.7877853343092465
260,mora,packing_A,T07,largo,20,G2,4.04194939390681,0.8440465533096458,1.1302526249750777,True,485,295.62376139168543,64.05988399471087,0.3688430742475264,23.180881275115883,60,291.0,9.39579044048482,123,-4.044414159791337
260,mora,packing_A,T07,largo,20,G2,4.04194939390681,0.8440465533096458,1.1302526249750777,True,485,295.62376139168543,64.05988399471087,0.3688430742475264,23.180881275115883,60,291.0,9.39579044048482,124,-4.120999424702176
260,mora,packing_A,T07,largo,20,G2,4.04194939390681,0.8440465533096458,1.1302526249750777,True,485,295.62376139168543,64.05988399471087,0.3688430742475264,23.180881275115883,60,291.0,9.39579044048482,125,-4.3165537996632
260,mora,packing_A,T07,largo,20,G2,4.04194939390681,0.8440465533096458,1.1302526249750777,True,485,295.62376139168543,64.05988399471087,0.3688430742475264,23.180881275115883,60,291.0,9.39579044048482,126,-4.319528442104463
260,mora,packing_A,T07,largo,20,G2,4.04194939390681,0.8440465533096458,1.1302526249750777,True,485,295.62376139168543,64.05988399471087,0.3688430742475264,23.180881275115883,60,291.0,9.39579044048482,127,-4.358011293804279
260,mora,packing_A,T07,largo,20,G2,4.04194939390681,0.8440465533096458,1.1302526249750777,True,485,295.62376139168543,64.05988399471087,0.3688430742475264,23.180881275115883,60,291.0,9.39579044048482,128,-4.606524694050537
260,mora,packing_A,T07,largo,20,G2,4.04194939390681,0.8440465533096458,1.1302526249750777,True,485,295.62376139168543,64.05988399471087,0.3688430742475264,23.180881275115883,60,291.0,9.39579044048482,129,-4.614512190433686
260,mora,packing_A,T07,largo,20,G2,4.04194939390681,0.8440465533096458,1.1302526249750777,True,485,295.62376139168543,64.05988399471087,0.3688430742475264,23.180881275115883,60,291.0,9.39579044048482,130,-4.685623640616985
260,mora,packing_A,T07,largo,20,G2,4.04194939390681,0.8440465533096458,1.1302526249750777,True,485,295.62376139168543,64.05988399471087,0.3688430742475264,23.180881275115883,60,291.0,9.39579044048482,131,-4.815070276516644
260,mora,packing_A,T07,largo,20,G2,4.04194939390681,0.8440465533096458,1.1302526249750777,True,485,295.62376139168543,64.05988399471087,0.3688430742475264,23.180881275115883,60,291.0,9.39579044048482,132,-4.748713098804179
260,mora,packing_A,T07,largo,20,G2,4.04194939390681,0.8440465533096458,1.1302526249750777,True,485,295.62376139168543,64.05988399471087,0.3688430742475264,23.180881275115883,60,291.0,9.39579044048482,133,-4.806000754661146
260,mora,packing_A,T07,largo,20,G2,4.04194939390681,0.8440465533096458,1.1302526249750777,True,485,295.62376139168543,64.05988399471087,0.3688430742475264,23.180881275115883,60,291.0,9.39579044048482,134,-4.997169421824334
260,mora,packing_A,T07,largo,20,G2,4.04194939390681,0.8440465533096458,1.1302526249750777,True,485,295.62376139168543,64.05988399471087,0.3688430742475264,23.180881275115883,60,291.0,9.39579044048482,135,-5.083806518004807
260,mora,packing_A,T07,largo,20,G2,4.04194939390681,0.8440465533096458,1.1302526249750777,True,485,295.62376139168543,64.05988399471087,0.3688430742475264,23.180881275115883,60,291.0,9.39579044048482,136,-5.03963903026209
260,mora,packing_A,T07,largo,20,G2,4.04194939390681,0.8440465533096458,1.1302526249750777,True,485,295.62376139168543,64.05988399471087,0.3688430742475264,23.180881275115883,60,291.0,9.39579044048482,137,-5.22016256829913
260,mora,packing_A,T07,largo,20,G2,4.04194939390681,0.8440465533096458,1.1302526249750777,True,485,295.62376139168543,64.05988399471087,0.3688430742475264,23.180881275115883,60,291.0,9.39579044048482,138,-5.365968885415065
260,mora,packing_A,T07,largo,20,G2,4.04194939390681,0.8440465533096458,1.1302526249750777,True,485,295.62376139168543,64.05988399471087,0.3688430742475264,23.180881275115883,60,291.0,9.39579044048482,139,-5.366307392630466
260,mora,packing_A,T07,largo,20,G2,4.04194939390681,0.8440465533096458,1.1302526249750777,True,485,295.62376139168543,64.05988399471087,0.3688430742475264,23.180881275115883,60,291.0,9.39579044048482,140,-5.471139531610174
260,mora,packing_A,T07,largo,20,G2,4.04194939390681,0.8440465533096458,1.1302526249750777,True,485,295.62376139168543,64.05988399471087,0.3688430742475264,23.180881275115883,60,291.0,9.39579044048482,141,-5.4900636243650025
260,mora,packing_A,T07,largo,20,G2,4.04194939390681,0.8440465533096458,1.1302526249750777,True,485,295.62376139168543,64.05988399471087,0.3688430742475264,23.180881275115883,60,291.0,9.39579044048482,142,-5.652747707034474
260,mora,packing_A,T07,largo,20,G2,4.04194939390681,0.8440465533096458,1.1302526249750777,True,485,295.62376139168543,64.05988399471087,0.3688430742475264,23.180881275115883,60,291.0,9.39579044048482,143,-5.670325851115429
260,mora,packing_A,T07,largo,20,G2,4.04194939390681,0.8440465533096458,1.1302526249750777,True,485,295.62376139168543,64.05988399471087,0.3688430742475264,23.180881275115883,60,291.0,9.39579044048482,144,-5.839718984289477
260,mora,packing_A,T07,largo,20,G2,4.04194939390681,0.8440465533096458,1.1302526249750777,True,485,295.62376139168543,64.05988399471087,0.3688430742475264,23.180881275115883,60,291.0,9.39579044048482,145,-5.924850880517269
260,mora,packing_A,T07,largo,20,G2,4.04194939390681,0.8440465533096458,1.1302526249750777,True,485,295.62376139168543,64.05988399471087,0.3688430742475264,23.180881275115883,60,291.0,9.39579044048482,146,-5.609201643819408
260,mora,packing_A,T07,largo,20,G2,4.04194939390681,0.8440465533096458,1.1302526249750777,True,485,295.62376139168543,64.05988399471087,0.3688430742475264,23.180881275115883,60,291.0,9.39579044048482,147,-5.769307631671566
260,mora,packing_A,T07,largo,20,G2,4.04194939390681,0.8440465533096458,1.1302526249750777,True,485,295.62376139168543,64.05988399471087,0.3688430742475264,23.180881275115883,60,291.0,9.39579044048482,148,-5.935389448126744
260,mora,packing_A,T07,largo,20,G2,4.04194939390681,0.8440465533096458,1.1302526249750777,True,485,295.62376139168543,64.05988399471087,0.3688430742475264,23.180881275115883,60,291.0,9.39579044048482,149,-5.841410988923829
260,mora,packing_A,T07,largo,20,G2,4.04194939390681,0.8440465533096458,1.1302526249750777,True,485,295.62376139168543,64.05988399471087,0.3688430742475264,23.180881275115883,60,291.0,9.39579044048482,150,-5.838314558278524
260,mora,packing_A,T07,largo,20,G2,4.04194939390681,0.8440465533096458,1.1302526249750777,True,485,295.62376139168543,64.05988399471087,0.3688430742475264,23.180881275115883,60,291.0,9.39579044048482,151,-6.107633348043959
260,mora,packing_A,T07,largo,20,G2,4.04194939390681,0.8440465533096458,1.1302526249750777,True,485,295.62376139168543,64.05988399471087,0.3688430742475264,23.180881275115883,60,291.0,9.39579044048482,152,-6.042834173519917
260,mora,packing_A,T07,largo,20,G2,4.04194939390681,0.8440465533096458,1.1302526249750777,True,485,295.62376139168543,64.05988399471087,0.3688430742475264,23.180881275115883,60,291.0,9.39579044048482,153,-5.972415300099037
260,mora,packing_A,T07,largo,20,G2,4.04194939390681,0.8440465533096458,1.1302526249750777,True,485,295.62376139168543,64.05988399471087,0.3688430742475264,23.180881275115883,60,291.0,9.39579044048482,154,-6.037710627707606
260,mora,packing_A,T07,largo,20,G2,4.04194939390681,0.8440465533096458,1.1302526249750777,True,485,295.62376139168543,64.05988399471087,0.3688430742475264,23.180881275115883,60,291.0,9.39579044048482,155,-6.1341380169776825
260,mora,packing_A,T07,largo,20,G2,4.04194939390681,0.8440465533096458,1.1302526249750777,True,485,295.62376139168543,64.05988399471087,0.3688430742475264,23.180881275115883,60,291.0,9.39579044048482,156,-6.034549263055924
260,mora,packing_A,T07,largo,20,G2,4.04194939390681,0.8440465533096458,1.1302526249750777,True,485,295.62376139168543,64.05988399471087,0.3688430742475264,23.180881275115883,60,291.0,9.39579044048482,157,-6.1838884650817105
260,mora,packing_A,T07,largo,20,G2,4.04194939390681,0.8440465533096458,1.1302526249750777,True,485,295.62376139168543,64.05988399471087,0.3688430742475264,23.180881275115883,60,291.0,9.39579044048482,158,-6.112732086807901
260,mora,packing_A,T07,largo,20,G2,4.04194939390681,0.8440465533096458,1.1302526249750777,True,485,295.62376139168543,64.05988399471087,0.3688430742475264,23.180881275115883,60,291.0,9.39579044048482,159,-6.249209693687524
260,mora,packing_A,T07,largo,20,G2,4.04194939390681,0.8440465533096458,1.1302526249750777,True,485,295.62376139168543,64.05988399471087,0.3688430742475264,23.180881275115883,60,291.0,9.39579044048482,160,-6.363571384763509
260,mora,packing_A,T07,largo,20,G2,4.04194939390681,0.8440465533096458,1.1302526249750777,True,485,295.62376139168543,64.05988399471087,0.3688430742475264,23.180881275115883,60,291.0,9.39579044048482,161,-6.298138507983656
260,mora,packing_A,T07,largo,20,G2,4.04194939390681,0.8440465533096458,1.1302526249750777,True,485,295.62376139168543,64.05988399471087,0.3688430742475264,23.180881275115883,60,291.0,9.39579044048482,162,-6.224481083248276
260,mora,packing_A,T07,largo,20,G2,4.04194939390681,0.8440465533096458,1.1302526249750777,True,485,295.62376139168543,64.05988399471087,0.3688430742475264,23.180881275115883,60,291.0,9.39579044048482,163,-6.1521977611072876
260,mora,packing_A,T07,largo,20,G2,4.04194939390681,0.8440465533096458,1.1302526249750777,True,485,295.62376139168543,64.05988399471087,0.3688430742475264,23.180881275115883,60,291.0,9.39579044048482,164,-6.226379809923972
260,mora,packing_A,T07,largo,20,G2,4.04194939390681,0.8440465533096458,1.1302526249750777,True,485,295.62376139168543,64.05988399471087,0.3688430742475264,23.180881275115883,60,291.0,9.39579044048482,165,-6.1637041797778895
260,mora,packing_A,T07,largo,20,G2,4.04194939390681,0.8440465533096458,1.1302526249750777,True,485,295.62376139168543,64.05988399471087,0.3688430742475264,23.180881275115883,60,291.0,9.39579044048482,166,-6.066598080355214
260,mora,packing_A,T07,largo,20,G2,4.04194939390681,0.8440465533096458,1.1302526249750777,True,485,295.62376139168543,64.05988399471087,0.3688430742475264,23.180881275115883,60,291.0,9.39579044048482,167,-6.422333489401001
260,mora,packing_A,T07,largo,20,G2,4.04194939390681,0.8440465533096458,1.1302526249750777,True,485,295.62376139168543,64.05988399471087,0.3688430742475264,23.180881275115883,60,291.0,9.39579044048482,168,-6.270096322535108
260,mora,packing_A,T07,largo,20,G2,4.04194939390681,0.8440465533096458,1.1302526249750777,True,485,295.62376139168543,64.05988399471087,0.3688430742475264,23.180881275115883,60,291.0,9.39579044048482,169,-6.423494762748508
260,mora,packing_A,T07,largo,20,G2,4.04194939390681,0.8440465533096458,1.1302526249750777,True,485,295.62376139168543,64.05988399471087,0.3688430742475264,23.180881275115883,60,291.0,9.39579044048482,170,-6.2157051226238424
260,mora,packing_A,T07,largo,20,G2,4.04194939390681,0.8440465533096458,1.1302526249750777,True,485,295.62376139168543,64.05988399471087,0.3688430742475264,23.180881275115883,60,291.0,9.39579044048482,171,-6.2118356334907014
260,mora,packing_A,T07,largo,20,G2,4.04194939390681,0.8440465533096458,1.1302526249750777,True,485,295.62376139168543,64.05988399471087,0.3688430742475264,23.180881275115883,60,291.0,9.39579044048482,172,-6.233489669344864
260,mora,packing_A,T07,largo,20,G2,4.04194939390681,0.8440465533096458,1.1302526249750777,True,485,295.62376139168543,64.05988399471087,0.3688430742475264,23.180881275115883,60,291.0,9.39579044048482,173,-6.346768824909794
260,mora,packing_A,T07,largo,20,G2,4.04194939390681,0.8440465533096458,1.1302526249750777,True,485,295.62376139168543,64.05988399471087,0.3688430742475264,23.180881275115883,60,291.0,9.39579044048482,174,-6.221815278072289
260,mora,packing_A,T07,largo,20,G2,4.04194939390681,0.8440465533096458,1.1302526249750777,True,485,295.62376139168543,64.05988399471087,0.3688430742475264,23.180881275115883,60,291.0,9.39579044048482,175,-6.161838064443727
260,mora,packing_A,T07,largo,20,G2,4.04194939390681,0.8440465533096458,1.1302526249750777,True,485,295.62376139168543,64.05988399471087,0.3688430742475264,23.180881275115883,60,291.0,9.39579044048482,176,-6.348613207668478
260,mora,packing_A,T07,largo,20,G2,4.04194939390681,0.8440465533096458,1.1302526249750777,True,485,295.62376139168543,64.05988399471087,0.3688430742475264,23.180881275115883,60,291.0,9.39579044048482,177,-6.204322075956181
260,mora,packing_A,T07,largo,20,G2,4.04194939390681,0.8440465533096458,1.1302526249750777,True,485,295.62376139168543,64.05988399471087,0.3688430742475264,23.180881275115883,60,291.0,9.39579044048482,178,-6.261792625819377
260,mora,packing_A,T07,largo,20,G2,4.04194939390681,0.8440465533096458,1.1302526249750777,True,485,295.62376139168543,64.05988399471087,0.3688430742475264,23.180881275115883,60,291.0,9.39579044048482,179,-6.069485674207647
260,mora,packing_A,T07,largo,20,G2,4.04194939390681,0.8440465533096458,1.1302526249750777,True,485,295.62376139168543,64.05988399471087,0.3688430742475264,23.180881275115883,60,291.0,9.39579044048482,180,-6.223257990247181
260,mora,packing_A,T07,largo,20,G2,4.04194939390681,0.8440465533096458,1.1302526249750777,True,485,295.62376139168543,64.05988399471087,0.3688430742475264,23.180881275115883,60,291.0,9.39579044048482,181,-6.07436551834531
260,mora,packing_A,T07,largo,20,G2,4.04194939390681,0.8440465533096458,1.1302526249750777,True,485,295.62376139168543,64.05988399471087,0.3688430742475264,23.180881275115883,60,291.0,9.39579044048482,182,-6.119258619892573
260,mora,packing_A,T07,largo,20,G2,4.04194939390681,0.8440465533096458,1.1302526249750777,True,485,295.62376139168543,64.05988399471087,0.3688430742475264,23.180881275115883,60,291.0,9.39579044048482,183,-6.1046047612664225
260,mora,packing_A,T07,largo,20,G2,4.04194939390681,0.8440465533096458,1.1302526249750777,True,485,295.62376139168543,64.05988399471087,0.3688430742475264,23.180881275115883,60,291.0,9.39579044048482,184,-5.883973979856358
260,mora,packing_A,T07,largo,20,G2,4.04194939390681,0.8440465533096458,1.1302526249750777,True,485,295.62376139168543,64.05988399471087,0.3688430742475264,23.180881275115883,60,291.0,9.39579044048482,185,-5.931912913682919
260,mora,packing_A,T07,largo,20,G2,4.04194939390681,0.8440465533096458,1.1302526249750777,True,485,295.62376139168543,64.05988399471087,0.3688430742475264,23.180881275115883,60,291.0,9.39579044048482,186,-6.020318588581519
260,mora,packing_A,T07,largo,20,G2,4.04194939390681,0.8440465533096458,1.1302526249750777,True,485,295.62376139168543,64.05988399471087,0.3688430742475264,23.180881275115883,60,291.0,9.39579044048482,187,-5.974799649248906
260,mora,packing_A,T07,largo,20,G2,4.04194939390681,0.8440465533096458,1.1302526249750777,True,485,295.62376139168543,64.05988399471087,0.3688430742475264,23.180881275115883,60,291.0,9.39579044048482,188,-5.859547253673868
260,mora,packing_A,T07,largo,20,G2,4.04194939390681,0.8440465533096458,1.1302526249750777,True,485,295.62376139168543,64.05988399471087,0.3688430742475264,23.180881275115883,60,291.0,9.39579044048482,189,-5.985911000213147
260,mora,packing_A,T07,largo,20,G2,4.04194939390681,0.8440465533096458,1.1302526249750777,True,485,295.62376139168543,64.05988399471087,0.3688430742475264,23.180881275115883,60,291.0,9.39579044048482,190,-5.815139649779307
260,mora,packing_A,T07,largo,20,G2,4.04194939390681,0.8440465533096458,1.1302526249750777,True,485,295.62376139168543,64.05988399471087,0.3688430742475264,23.180881275115883,60,291.0,9.39579044048482,191,-5.832342049193309
260,mora,packing_A,T07,largo,20,G2,4.04194939390681,0.8440465533096458,1.1302526249750777,True,485,295.62376139168543,64.05988399471087,0.3688430742475264,23.180881275115883,60,291.0,9.39579044048482,192,-5.710796221051154
260,mora,packing_A,T07,largo,20,G2,4.04194939390681,0.8440465533096458,1.1302526249750777,True,485,295.62376139168543,64.05988399471087,0.3688430742475264,23.180881275115883,60,291.0,9.39579044048482,193,-5.715135012608337
260,mora,packing_A,T07,largo,20,G2,4.04194939390681,0.8440465533096458,1.1302526249750777,True,485,295.62376139168543,64.05988399471087,0.3688430742475264,23.180881275115883,60,291.0,9.39579044048482,194,-5.669440559177382
260,mora,packing_A,T07,largo,20,G2,4.04194939390681,0.8440465533096458,1.1302526249750777,True,485,295.62376139168543,64.05988399471087,0.3688430742475264,23.180881275115883,60,291.0,9.39579044048482,195,-5.702469342638203
260,mora,packing_A,T07,largo,20,G2,4.04194939390681,0.8440465533096458,1.1302526249750777,True,485,295.62376139168543,64.05988399471087,0.3688430742475264,23.180881275115883,60,291.0,9.39579044048482,196,-5.546455442661233
260,mora,packing_A,T07,largo,20,G2,4.04194939390681,0.8440465533096458,1.1302526249750777,True,485,295.62376139168543,64.05988399471087,0.3688430742475264,23.180881275115883,60,291.0,9.39579044048482,197,-5.496328412127372
260,mora,packing_A,T07,largo,20,G2,4.04194939390681,0.8440465533096458,1.1302526249750777,True,485,295.62376139168543,64.05988399471087,0.3688430742475264,23.180881275115883,60,291.0,9.39579044048482,198,-5.637360927443222
260,mora,packing_A,T07,largo,20,G2,4.04194939390681,0.8440465533096458,1.1302526249750777,True,485,295.62376139168543,64.05988399471087,0.3688430742475264,23.180881275115883,60,291.0,9.39579044048482,199,-5.443029916014209
260,mora,packing_A,T07,largo,20,G2,4.04194939390681,0.8440465533096458,1.1302526249750777,True,485,295.62376139168543,64.05988399471087,0.3688430742475264,23.180881275115883,60,291.0,9.39579044048482,200,-5.5482300440931365
260,mora,packing_A,T07,largo,20,G2,4.04194939390681,0.8440465533096458,1.1302526249750777,True,485,295.62376139168543,64.05988399471087,0.3688430742475264,23.180881275115883,60,291.0,9.39579044048482,201,-5.394640128304378
260,mora,packing_A,T07,largo,20,G2,4.04194939390681,0.8440465533096458,1.1302526249750777,True,485,295.62376139168543,64.05988399471087,0.3688430742475264,23.180881275115883,60,291.0,9.39579044048482,202,-5.43247808588874
260,mora,packing_A,T07,largo,20,G2,4.04194939390681,0.8440465533096458,1.1302526249750777,True,485,295.62376139168543,64.05988399471087,0.3688430742475264,23.180881275115883,60,291.0,9.39579044048482,203,-5.344318853613397
260,mora,packing_A,T07,largo,20,G2,4.04194939390681,0.8440465533096458,1.1302526249750777,True,485,295.62376139168543,64.05988399471087,0.3688430742475264,23.180881275115883,60,291.0,9.39579044048482,204,-5.070026476542942
260,mora,packing_A,T07,largo,20,G2,4.04194939390681,0.8440465533096458,1.1302526249750777,True,485,295.62376139168543,64.05988399471087,0.3688430742475264,23.180881275115883,60,291.0,9.39579044048482,205,-5.011676404998731
260,mora,packing_A,T07,largo,20,G2,4.04194939390681,0.8440465533096458,1.1302526249750777,True,485,295.62376139168543,64.05988399471087,0.3688430742475264,23.180881275115883,60,291.0,9.39579044048482,206,-5.206508166954666
260,mora,packing_A,T07,largo,20,G2,4.04194939390681,0.8440465533096458,1.1302526249750777,True,485,295.62376139168543,64.05988399471087,0.3688430742475264,23.180881275115883,60,291.0,9.39579044048482,207,-5.064610231089055
260,mora,packing_A,T07,largo,20,G2,4.04194939390681,0.8440465533096458,1.1302526249750777,True,485,295.62376139168543,64.05988399471087,0.3688430742475264,23.180881275115883,60,291.0,9.39579044048482,208,-5.194564318668585
260,mora,packing_A,T07,largo,20,G2,4.04194939390681,0.8440465533096458,1.1302526249750777,True,485,295.62376139168543,64.05988399471087,0.3688430742475264,23.180881275115883,60,291.0,9.39579044048482,209,-4.836531318382976
260,mora,packing_A,T07,largo,20,G2,4.04194939390681,0.8440465533096458,1.1302526249750777,True,485,295.62376139168543,64.05988399471087,0.3688430742475264,23.180881275115883,60,291.0,9.39579044048482,210,-4.944914253473504
260,mora,packing_A,T07,largo,20,G2,4.04194939390681,0.8440465533096458,1.1302526249750777,True,485,295.62376139168543,64.05988399471087,0.3688430742475264,23.180881275115883,60,291.0,9.39579044048482,211,-4.900858443113525
260,mora,packing_A,T07,largo,20,G2,4.04194939390681,0.8440465533096458,1.1302526249750777,True,485,295.62376139168543,64.05988399471087,0.3688430742475264,23.180881275115883,60,291.0,9.39579044048482,212,-4.9158271310303885
260,mora,packing_A,T07,largo,20,G2,4.04194939390681,0.8440465533096458,1.1302526249750777,True,485,295.62376139168543,64.05988399471087,0.3688430742475264,23.180881275115883,60,291.0,9.39579044048482,213,-4.5838173516863385
260,mora,packing_A,T07,largo,20,G2,4.04194939390681,0.8440465533096458,1.1302526249750777,True,485,295.62376139168543,64.05988399471087,0.3688430742475264,23.180881275115883,60,291.0,9.39579044048482,214,-4.575648948216181
260,mora,packing_A,T07,largo,20,G2,4.04194939390681,0.8440465533096458,1.1302526249750777,True,485,295.62376139168543,64.05988399471087,0.3688430742475264,23.180881275115883,60,291.0,9.39579044048482,215,-4.59824918376368
260,mora,packing_A,T07,largo,20,G2,4.04194939390681,0.8440465533096458,1.1302526249750777,True,485,295.62376139168543,64.05988399471087,0.3688430742475264,23.180881275115883,60,291.0,9.39579044048482,216,-4.573961038758323
260,mora,packing_A,T07,largo,20,G2,4.04194939390681,0.8440465533096458,1.1302526249750777,True,485,295.62376139168543,64.05988399471087,0.3688430742475264,23.180881275115883,60,291.0,9.39579044048482,217,-4.46957579839552
260,mora,packing_A,T07,largo,20,G2,4.04194939390681,0.8440465533096458,1.1302526249750777,True,485,295.62376139168543,64.05988399471087,0.3688430742475264,23.180881275115883,60,291.0,9.39579044048482,218,-4.279465795630968
260,mora,packing_A,T07,largo,20,G2,4.04194939390681,0.8440465533096458,1.1302526249750777,True,485,295.62376139168543,64.05988399471087,0.3688430742475264,23.180881275115883,60,291.0,9.39579044048482,219,-4.285319639009529
260,mora,packing_A,T07,largo,20,G2,4.04194939390681,0.8440465533096458,1.1302526249750777,True,485,295.62376139168543,64.05988399471087,0.3688430742475264,23.180881275115883,60,291.0,9.39579044048482,220,-4.143085278251006
260,mora,packing_A,T07,largo,20,G2,4.04194939390681,0.8440465533096458,1.1302526249750777,True,485,295.62376139168543,64.05988399471087,0.3688430742475264,23.180881275115883,60,291.0,9.39579044048482,221,-4.216959293015725
260,mora,packing_A,T07,largo,20,G2,4.04194939390681,0.8440465533096458,1.1302526249750777,True,485,295.62376139168543,64.05988399471087,0.3688430742475264,23.180881275115883,60,291.0,9.39579044048482,222,-4.294783457072648
260,mora,packing_A,T07,largo,20,G2,4.04194939390681,0.8440465533096458,1.1302526249750777,True,485,295.62376139168543,64.05988399471087,0.3688430742475264,23.180881275115883,60,291.0,9.39579044048482,223,-4.147930748372585
260,mora,packing_A,T07,largo,20,G2,4.04194939390681,0.8440465533096458,1.1302526249750777,True,485,295.62376139168543,64.05988399471087,0.3688430742475264,23.180881275115883,60,291.0,9.39579044048482,224,-3.842041362092994
260,mora,packing_A,T07,largo,20,G2,4.04194939390681,0.8440465533096458,1.1302526249750777,True,485,295.62376139168543,64.05988399471087,0.3688430742475264,23.180881275115883,60,291.0,9.39579044048482,225,-4.022235030973922
260,mora,packing_A,T07,largo,20,G2,4.04194939390681,0.8440465533096458,1.1302526249750777,True,485,295.62376139168543,64.05988399471087,0.3688430742475264,23.180881275115883,60,291.0,9.39579044048482,226,-4.058686275496304
260,mora,packing_A,T07,largo,20,G2,4.04194939390681,0.8440465533096458,1.1302526249750777,True,485,295.62376139168543,64.05988399471087,0.3688430742475264,23.180881275115883,60,291.0,9.39579044048482,227,-3.832442525813808
260,mora,packing_A,T07,largo,20,G2,4.04194939390681,0.8440465533096458,1.1302526249750777,True,485,295.62376139168543,64.05988399471087,0.3688430742475264,23.180881275115883,60,291.0,9.39579044048482,228,-3.6827192330356464
260,mora,packing_A,T07,largo,20,G2,4.04194939390681,0.8440465533096458,1.1302526249750777,True,485,295.62376139168543,64.05988399471087,0.3688430742475264,23.180881275115883,60,291.0,9.39579044048482,229,-3.742384538316955
260,mora,packing_A,T07,largo,20,G2,4.04194939390681,0.8440465533096458,1.1302526249750777,True,485,295.62376139168543,64.05988399471087,0.3688430742475264,23.180881275115883,60,291.0,9.39579044048482,230,-3.5384242110670545
260,mora,packing_A,T07,largo,20,G2,4.04194939390681,0.8440465533096458,1.1302526249750777,True,485,295.62376139168543,64.05988399471087,0.3688430742475264,23.180881275115883,60,291.0,9.39579044048482,231,-3.5421407207176654
260,mora,packing_A,T07,largo,20,G2,4.04194939390681,0.8440465533096458,1.1302526249750777,True,485,295.62376139168543,64.05988399471087,0.3688430742475264,23.180881275115883,60,291.0,9.39579044048482,232,-3.3804705805537383
260,mora,packing_A,T07,largo,20,G2,4.04194939390681,0.8440465533096458,1.1302526249750777,True,485,295.62376139168543,64.05988399471087,0.3688430742475264,23.180881275115883,60,291.0,9.39579044048482,233,-3.4748802079288272
260,mora,packing_A,T07,largo,20,G2,4.04194939390681,0.8440465533096458,1.1302526249750777,True,485,295.62376139168543,64.05988399471087,0.3688430742475264,23.180881275115883,60,291.0,9.39579044048482,234,-3.3676758425228868
260,mora,packing_A,T07,largo,20,G2,4.04194939390681,0.8440465533096458,1.1302526249750777,True,485,295.62376139168543,64.05988399471087,0.3688430742475264,23.180881275115883,60,291.0,9.39579044048482,235,-3.042196226264106
260,mora,packing_A,T07,largo,20,G2,4.04194939390681,0.8440465533096458,1.1302526249750777,True,485,295.62376139168543,64.05988399471087,0.3688430742475264,23.180881275115883,60,291.0,9.39579044048482,236,-3.2406268856619995
260,mora,packing_A,T07,largo,20,G2,4.04194939390681,0.8440465533096458,1.1302526249750777,True,485,295.62376139168543,64.05988399471087,0.3688430742475264,23.180881275115883,60,291.0,9.39579044048482,237,-3.1360527609187567
260,mora,packing_A,T07,largo,20,G2,4.04194939390681,0.8440465533096458,1.1302526249750777,True,485,295.62376139168543,64.05988399471087,0.3688430742475264,23.180881275115883,60,291.0,9.39579044048482,238,-3.005520375134156
260,mora,packing_A,T07,largo,20,G2,4.04194939390681,0.8440465533096458,1.1302526249750777,True,485,295.62376139168543,64.05988399471087,0.3688430742475264,23.180881275115883,60,291.0,9.39579044048482,239,-2.97481465277536
260,mora,packing_A,T07,largo,20,G2,4.04194939390681,0.8440465533096458,1.1302526249750777,True,485,295.62376139168543,64.05988399471087,0.3688430742475264,23.180881275115883,60,291.0,9.39579044048482,240,-3.1070525260249027
260,mora,packing_A,T07,largo,20,G2,4.04194939390681,0.8440465533096458,1.1302526249750777,True,485,295.62376139168543,64.05988399471087,0.3688430742475264,23.180881275115883,60,291.0,9.39579044048482,241,-2.8271696287282695
260,mora,packing_A,T07,largo,20,G2,4.04194939390681,0.8440465533096458,1.1302526249750777,True,485,295.62376139168543,64.05988399471087,0.3688430742475264,23.180881275115883,60,291.0,9.39579044048482,242,-2.76056255893024
260,mora,packing_A,T07,largo,20,G2,4.04194939390681,0.8440465533096458,1.1302526249750777,True,485,295.62376139168543,64.05988399471087,0.3688430742475264,23.180881275115883,60,291.0,9.39579044048482,243,-2.5138943858511222
260,mora,packing_A,T07,largo,20,G2,4.04194939390681,0.8440465533096458,1.1302526249750777,True,485,295.62376139168543,64.05988399471087,0.3688430742475264,23.180881275115883,60,291.0,9.39579044048482,244,-2.8343072232590107
260,mora,packing_A,T07,largo,20,G2,4.04194939390681,0.8440465533096458,1.1302526249750777,True,485,295.62376139168543,64.05988399471087,0.3688430742475264,23.180881275115883,60,291.0,9.39579044048482,245,-2.537572588575284
260,mora,packing_A,T07,largo,20,G2,4.04194939390681,0.8440465533096458,1.1302526249750777,True,485,295.62376139168543,64.05988399471087,0.3688430742475264,23.180881275115883,60,291.0,9.39579044048482,246,-2.4000579274331098
260,mora,packing_A,T07,largo,20,G2,4.04194939390681,0.8440465533096458,1.1302526249750777,True,485,295.62376139168543,64.05988399471087,0.3688430742475264,23.180881275115883,60,291.0,9.39579044048482,247,-2.278442394789494
260,mora,packing_A,T07,largo,20,G2,4.04194939390681,0.8440465533096458,1.1302526249750777,True,485,295.62376139168543,64.05988399471087,0.3688430742475264,23.180881275115883,60,291.0,9.39579044048482,248,-2.465277425999199
260,mora,packing_A,T07,largo,20,G2,4.04194939390681,0.8440465533096458,1.1302526249750777,True,485,295.62376139168543,64.05988399471087,0.3688430742475264,23.180881275115883,60,291.0,9.39579044048482,249,-2.2703985888012355
260,mora,packing_A,T07,largo,20,G2,4.04194939390681,0.8440465533096458,1.1302526249750777,True,485,295.62376139168543,64.05988399471087,0.3688430742475264,23.180881275115883,60,291.0,9.39579044048482,250,-2.2382278596079845
260,mora,packing_A,T07,largo,20,G2,4.04194939390681,0.8440465533096458,1.1302526249750777,True,485,295.62376139168543,64.05988399471087,0.3688430742475264,23.180881275115883,60,291.0,9.39579044048482,251,-2.1270722652471483
260,mora,packing_A,T07,largo,20,G2,4.04194939390681,0.8440465533096458,1.1302526249750777,True,485,295.62376139168543,64.05988399471087,0.3688430742475264,23.180881275115883,60,291.0,9.39579044048482,252,-2.2091172025181898
260,mora,packing_A,T07,largo,20,G2,4.04194939390681,0.8440465533096458,1.1302526249750777,True,485,295.62376139168543,64.05988399471087,0.3688430742475264,23.180881275115883,60,291.0,9.39579044048482,253,-2.143723971355969
260,mora,packing_A,T07,largo,20,G2,4.04194939390681,0.8440465533096458,1.1302526249750777,True,485,295.62376139168543,64.05988399471087,0.3688430742475264,23.180881275115883,60,291.0,9.39579044048482,254,-1.7836749766730904
260,mora,packing_A,T07,largo,20,G2,4.04194939390681,0.8440465533096458,1.1302526249750777,True,485,295.62376139168543,64.05988399471087,0.3688430742475264,23.180881275115883,60,291.0,9.39579044048482,255,-1.9149722689813946
260,mora,packing_A,T07,largo,20,G2,4.04194939390681,0.8440465533096458,1.1302526249750777,True,485,295.62376139168543,64.05988399471087,0.3688430742475264,23.180881275115883,60,291.0,9.39579044048482,256,-1.7158337154797918
260,mora,packing_A,T07,largo,20,G2,4.04194939390681,0.8440465533096458,1.1302526249750777,True,485,295.62376139168543,64.05988399471087,0.3688430742475264,23.180881275115883,60,291.0,9.39579044048482,257,-1.7922251368145496
260,mora,packing_A,T07,largo,20,G2,4.04194939390681,0.8440465533096458,1.1302526249750777,True,485,295.62376139168543,64.05988399471087,0.3688430742475264,23.180881275115883,60,291.0,9.39579044048482,258,-1.6211874648054547
260,mora,packing_A,T07,largo,20,G2,4.04194939390681,0.8440465533096458,1.1302526249750777,True,485,295.62376139168543,64.05988399471087,0.3688430742475264,23.180881275115883,60,291.0,9.39579044048482,259,-1.5804312362679784
260,mora,packing_A,T07,largo,20,G2,4.04194939390681,0.8440465533096458,1.1302526249750777,True,485,295.62376139168543,64.05988399471087,0.3688430742475264,23.180881275115883,60,291.0,9.39579044048482,260,-1.5435687554294129
260,mora,packing_A,T07,largo,20,G2,4.04194939390681,0.8440465533096458,1.1302526249750777,True,485,295.62376139168543,64.05988399471087,0.3688430742475264,23.180881275115883,60,291.0,9.39579044048482,261,-1.7500843669786985
260,mora,packing_A,T07,largo,20,G2,4.04194939390681,0.8440465533096458,1.1302526249750777,True,485,295.62376139168543,64.05988399471087,0.3688430742475264,23.180881275115883,60,291.0,9.39579044048482,262,-1.5892298403973357
260,mora,packing_A,T07,largo,20,G2,4.04194939390681,0.8440465533096458,1.1302526249750777,True,485,295.62376139168543,64.05988399471087,0.3688430742475264,23.180881275115883,60,291.0,9.39579044048482,263,-1.4110225009311628
260,mora,packing_A,T07,largo,20,G2,4.04194939390681,0.8440465533096458,1.1302526249750777,True,485,295.62376139168543,64.05988399471087,0.3688430742475264,23.180881275115883,60,291.0,9.39579044048482,264,-1.4452881440391094
260,mora,packing_A,T07,largo,20,G2,4.04194939390681,0.8440465533096458,1.1302526249750777,True,485,295.62376139168543,64.05988399471087,0.3688430742475264,23.180881275115883,60,291.0,9.39579044048482,265,-1.1368589860367315
260,mora,packing_A,T07,largo,20,G2,4.04194939390681,0.8440465533096458,1.1302526249750777,True,485,295.62376139168543,64.05988399471087,0.3688430742475264,23.180881275115883,60,291.0,9.39579044048482,266,-1.2879768866928187
260,mora,packing_A,T07,largo,20,G2,4.04194939390681,0.8440465533096458,1.1302526249750777,True,485,295.62376139168543,64.05988399471087,0.3688430742475264,23.180881275115883,60,291.0,9.39579044048482,267,-1.0762786153323336
260,mora,packing_A,T07,largo,20,G2,4.04194939390681,0.8440465533096458,1.1302526249750777,True,485,295.62376139168543,64.05988399471087,0.3688430742475264,23.180881275115883,60,291.0,9.39579044048482,268,-1.0889096631801116
260,mora,packing_A,T07,largo,20,G2,4.04194939390681,0.8440465533096458,1.1302526249750777,True,485,295.62376139168543,64.05988399471087,0.3688430742475264,23.180881275115883,60,291.0,9.39579044048482,269,-0.8110650416677991
260,mora,packing_A,T07,largo,20,G2,4.04194939390681,0.8440465533096458,1.1302526249750777,True,485,295.62376139168543,64.05988399471087,0.3688430742475264,23.180881275115883,60,291.0,9.39579044048482,270,-0.9830224991574914
260,mora,packing_A,T07,largo,20,G2,4.04194939390681,0.8440465533096458,1.1302526249750777,True,485,295.62376139168543,64.05988399471087,0.3688430742475264,23.180881275115883,60,291.0,9.39579044048482,271,-0.8927417734341454
260,mora,packing_A,T07,largo,20,G2,4.04194939390681,0.8440465533096458,1.1302526249750777,True,485,295.62376139168543,64.05988399471087,0.3688430742475264,23.180881275115883,60,291.0,9.39579044048482,272,-0.8456423875244788
260,mora,packing_A,T07,largo,20,G2,4.04194939390681,0.8440465533096458,1.1302526249750777,True,485,295.62376139168543,64.05988399471087,0.3688430742475264,23.180881275115883,60,291.0,9.39579044048482,273,-0.8670166821638049
260,mora,packing_A,T07,largo,20,G2,4.04194939390681,0.8440465533096458,1.1302526249750777,True,485,295.62376139168543,64.05988399471087,0.3688430742475264,23.180881275115883,60,291.0,9.39579044048482,274,-0.6752338585606297
260,mora,packing_A,T07,largo,20,G2,4.04194939390681,0.8440465533096458,1.1302526249750777,True,485,295.62376139168543,64.05988399471087,0.3688430742475264,23.180881275115883,60,291.0,9.39579044048482,275,-0.46892209045134153
260,mora,packing_A,T07,largo,20,G2,4.04194939390681,0.8440465533096458,1.1302526249750777,True,485,295.62376139168543,64.05988399471087,0.3688430742475264,23.180881275115883,60,291.0,9.39579044048482,276,-0.4639482647457096
260,mora,packing_A,T07,largo,20,G2,4.04194939390681,0.8440465533096458,1.1302526249750777,True,485,295.62376139168543,64.05988399471087,0.3688430742475264,23.180881275115883,60,291.0,9.39579044048482,277,-0.6018698496035957
260,mora,packing_A,T07,largo,20,G2,4.04194939390681,0.8440465533096458,1.1302526249750777,True,485,295.62376139168543,64.05988399471087,0.3688430742475264,23.180881275115883,60,291.0,9.39579044048482,278,-0.660297620490077
260,mora,packing_A,T07,largo,20,G2,4.04194939390681,0.8440465533096458,1.1302526249750777,True,485,295.62376139168543,64.05988399471087,0.3688430742475264,23.180881275115883,60,291.0,9.39579044048482,279,-0.34893749096148685
260,mora,packing_A,T07,largo,20,G2,4.04194939390681,0.8440465533096458,1.1302526249750777,True,485,295.62376139168543,64.05988399471087,0.3688430742475264,23.180881275115883,60,291.0,9.39579044048482,280,-0.3474639967186149
260,mora,packing_A,T07,largo,20,G2,4.04194939390681,0.8440465533096458,1.1302526249750777,True,485,295.62376139168543,64.05988399471087,0.3688430742475264,23.180881275115883,60,291.0,9.39579044048482,281,-0.33076835828327683
260,mora,packing_A,T07,largo,20,G2,4.04194939390681,0.8440465533096458,1.1302526249750777,True,485,295.62376139168543,64.05988399471087,0.3688430742475264,23.180881275115883,60,291.0,9.39579044048482,282,-0.1979206962764023
260,mora,packing_A,T07,largo,20,G2,4.04194939390681,0.8440465533096458,1.1302526249750777,True,485,295.62376139168543,64.05988399471087,0.3688430742475264,23.180881275115883,60,291.0,9.39579044048482,283,-0.24446817444884278
260,mora,packing_A,T07,largo,20,G2,4.04194939390681,0.8440465533096458,1.1302526249750777,True,485,295.62376139168543,64.05988399471087,0.3688430742475264,23.180881275115883,60,291.0,9.39579044048482,284,-0.11250067667809457
260,mora,packing_A,T07,largo,20,G2,4.04194939390681,0.8440465533096458,1.1302526249750777,True,485,295.62376139168543,64.05988399471087,0.3688430742475264,23.180881275115883,60,291.0,9.39579044048482,285,0.23839072973282127
260,mora,packing_A,T07,largo,20,G2,4.04194939390681,0.8440465533096458,1.1302526249750777,True,485,295.62376139168543,64.05988399471087,0.3688430742475264,23.180881275115883,60,291.0,9.39579044048482,286,-0.035218936281209576
260,mora,packing_A,T07,largo,20,G2,4.04194939390681,0.8440465533096458,1.1302526249750777,True,485,295.62376139168543,64.05988399471087,0.3688430742475264,23.180881275115883,60,291.0,9.39579044048482,287,0.04077104154276176
260,mora,packing_A,T07,largo,20,G2,4.04194939390681,0.8440465533096458,1.1302526249750777,True,485,295.62376139168543,64.05988399471087,0.3688430742475264,23.180881275115883,60,291.0,9.39579044048482,288,0.0848891490587703
260,mora,packing_A,T07,largo,20,G2,4.04194939390681,0.8440465533096458,1.1302526249750777,True,485,295.62376139168543,64.05988399471087,0.3688430742475264,23.180881275115883,60,291.0,9.39579044048482,289,0.3955576616944117
260,mora,packing_A,T07,largo,20,G2,4.04194939390681,0.8440465533096458,1.1302526249750777,True,485,295.62376139168543,64.05988399471087,0.3688430742475264,23.180881275115883,60,291.0,9.39579044048482,290,0.1770246368532694
260,mora,packing_A,T07,largo,20,G2,4.04194939390681,0.8440465533096458,1.1302526249750777,True,485,295.62376139168543,64.05988399471087,0.3688430742475264,23.180881275115883,60,291.0,9.39579044048482,291,0.19273662613746628
260,mora,packing_A,T07,largo,20,G2,4.04194939390681,0.8440465533096458,1.1302526249750777,True,485,295.62376139168543,64.05988399471087,0.3688430742475264,23.180881275115883,60,291.0,9.39579044048482,292,-0.25745396347879457
260,mora,packing_A,T07,largo,20,G2,4.04194939390681,0.8440465533096458,1.1302526249750777,True,485,295.62376139168543,64.05988399471087,0.3688430742475264,23.180881275115883,60,291.0,9.39579044048482,293,-0.2013454089939753
260,mora,packing_A,T07,largo,20,G2,4.04194939390681,0.8440465533096458,1.1302526249750777,True,485,295.62376139168543,64.05988399471087,0.3688430742475264,23.180881275115883,60,291.0,9.39579044048482,294,-0.058113509872978045
260,mora,packing_A,T07,largo,20,G2,4.04194939390681,0.8440465533096458,1.1302526249750777,True,485,295.62376139168543,64.05988399471087,0.3688430742475264,23.180881275115883,60,291.0,9.39579044048482,295,-0.21791025816699156
260,mora,packing_A,T07,largo,20,G2,4.04194939390681,0.8440465533096458,1.1302526249750777,True,485,295.62376139168543,64.05988399471087,0.3688430742475264,23.180881275115883,60,291.0,9.39579044048482,296,-0.06710650263799092
260,mora,packing_A,T07,largo,20,G2,4.04194939390681,0.8440465533096458,1.1302526249750777,True,485,295.62376139168543,64.05988399471087,0.3688430742475264,23.180881275115883,60,291.0,9.39579044048482,297,0.22013247451046242
260,mora,packing_A,T07,largo,20,G2,4.04194939390681,0.8440465533096458,1.1302526249750777,True,485,295.62376139168543,64.05988399471087,0.3688430742475264,23.180881275115883,60,291.0,9.39579044048482,298,0.1662576010681245
260,mora,packing_A,T07,largo,20,G2,4.04194939390681,0.8440465533096458,1.1302526249750777,True,485,295.62376139168543,64.05988399471087,0.3688430742475264,23.180881275115883,60,291.0,9.39579044048482,299,0.10966495963642026
260,mora,packing_A,T07,largo,20,G2,4.04194939390681,0.8440465533096458,1.1302526249750777,True,485,295.62376139168543,64.05988399471087,0.3688430742475264,23.180881275115883,60,291.0,9.39579044048482,300,0.44882490112925255
260,mora,packing_A,T07,largo,20,G2,4.04194939390681,0.8440465533096458,1.1302526249750777,True,485,295.62376139168543,64.05988399471087,0.3688430742475264,23.180881275115883,60,291.0,9.39579044048482,301,0.5412420217503342
260,mora,packing_A,T07,largo,20,G2,4.04194939390681,0.8440465533096458,1.1302526249750777,True,485,295.62376139168543,64.05988399471087,0.3688430742475264,23.180881275115883,60,291.0,9.39579044048482,302,0.4071528773972103
260,mora,packing_A,T07,largo,20,G2,4.04194939390681,0.8440465533096458,1.1302526249750777,True,485,295.62376139168543,64.05988399471087,0.3688430742475264,23.180881275115883,60,291.0,9.39579044048482,303,0.6363287515027107
260,mora,packing_A,T07,largo,20,G2,4.04194939390681,0.8440465533096458,1.1302526249750777,True,485,295.62376139168543,64.05988399471087,0.3688430742475264,23.180881275115883,60,291.0,9.39579044048482,304,0.5272221066500411
260,mora,packing_A,T07,largo,20,G2,4.04194939390681,0.8440465533096458,1.1302526249750777,True,485,295.62376139168543,64.05988399471087,0.3688430742475264,23.180881275115883,60,291.0,9.39579044048482,305,0.8158874062634343
260,mora,packing_A,T07,largo,20,G2,4.04194939390681,0.8440465533096458,1.1302526249750777,True,485,295.62376139168543,64.05988399471087,0.3688430742475264,23.180881275115883,60,291.0,9.39579044048482,306,0.8620536450635913
260,mora,packing_A,T07,largo,20,G2,4.04194939390681,0.8440465533096458,1.1302526249750777,True,485,295.62376139168543,64.05988399471087,0.3688430742475264,23.180881275115883,60,291.0,9.39579044048482,307,0.8369277624188863
260,mora,packing_A,T07,largo,20,G2,4.04194939390681,0.8440465533096458,1.1302526249750777,True,485,295.62376139168543,64.05988399471087,0.3688430742475264,23.180881275115883,60,291.0,9.39579044048482,308,0.652459010620381
260,mora,packing_A,T07,largo,20,G2,4.04194939390681,0.8440465533096458,1.1302526249750777,True,485,295.62376139168543,64.05988399471087,0.3688430742475264,23.180881275115883,60,291.0,9.39579044048482,309,0.7593012908622535
260,mora,packing_A,T07,largo,20,G2,4.04194939390681,0.8440465533096458,1.1302526249750777,True,485,295.62376139168543,64.05988399471087,0.3688430742475264,23.180881275115883,60,291.0,9.39579044048482,310,0.8800855431920902
260,mora,packing_A,T07,largo,20,G2,4.04194939390681,0.8440465533096458,1.1302526249750777,True,485,295.62376139168543,64.05988399471087,0.3688430742475264,23.180881275115883,60,291.0,9.39579044048482,311,0.6498608897286465
260,mora,packing_A,T07,largo,20,G2,4.04194939390681,0.8440465533096458,1.1302526249750777,True,485,295.62376139168543,64.05988399471087,0.3688430742475264,23.180881275115883,60,291.0,9.39579044048482,312,0.6104321259378481
260,mora,packing_A,T07,largo,20,G2,4.04194939390681,0.8440465533096458,1.1302526249750777,True,485,295.62376139168543,64.05988399471087,0.3688430742475264,23.180881275115883,60,291.0,9.39579044048482,313,0.5719881124367313
260,mora,packing_A,T07,largo,20,G2,4.04194939390681,0.8440465533096458,1.1302526249750777,True,485,295.62376139168543,64.05988399471087,0.3688430742475264,23.180881275115883,60,291.0,9.39579044048482,314,0.4885052299933225
260,mora,packing_A,T07,largo,20,G2,4.04194939390681,0.8440465533096458,1.1302526249750777,True,485,295.62376139168543,64.05988399471087,0.3688430742475264,23.180881275115883,60,291.0,9.39579044048482,315,0.290884802973021
260,mora,packing_A,T07,largo,20,G2,4.04194939390681,0.8440465533096458,1.1302526249750777,True,485,295.62376139168543,64.05988399471087,0.3688430742475264,23.180881275115883,60,291.0,9.39579044048482,316,0.27884520014899356
260,mora,packing_A,T07,largo,20,G2,4.04194939390681,0.8440465533096458,1.1302526249750777,True,485,295.62376139168543,64.05988399471087,0.3688430742475264,23.180881275115883,60,291.0,9.39579044048482,317,0.2182735736206099
260,mora,packing_A,T07,largo,20,G2,4.04194939390681,0.8440465533096458,1.1302526249750777,True,485,295.62376139168543,64.05988399471087,0.3688430742475264,23.180881275115883,60,291.0,9.39579044048482,318,-0.09324522199494006
260,mora,packing_A,T07,largo,20,G2,4.04194939390681,0.8440465533096458,1.1302526249750777,True,485,295.62376139168543,64.05988399471087,0.3688430742475264,23.180881275115883,60,291.0,9.39579044048482,319,-0.036724008907821945
260,mora,packing_A,T07,largo,20,G2,4.04194939390681,0.8440465533096458,1.1302526249750777,True,485,295.62376139168543,64.05988399471087,0.3688430742475264,23.180881275115883,60,291.0,9.39579044048482,320,0.030663132046437086
260,mora,packing_A,T07,largo,20,G2,4.04194939390681,0.8440465533096458,1.1302526249750777,True,485,295.62376139168543,64.05988399471087,0.3688430742475264,23.180881275115883,60,291.0,9.39579044048482,321,-0.1716798577560089
260,mora,packing_A,T07,largo,20,G2,4.04194939390681,0.8440465533096458,1.1302526249750777,True,485,295.62376139168543,64.05988399471087,0.3688430742475264,23.180881275115883,60,291.0,9.39579044048482,322,-0.29434962100268586
260,mora,packing_A,T07,largo,20,G2,4.04194939390681,0.8440465533096458,1.1302526249750777,True,485,295.62376139168543,64.05988399471087,0.3688430742475264,23.180881275115883,60,291.0,9.39579044048482,323,-0.2429753051427624
260,mora,packing_A,T07,largo,20,G2,4.04194939390681,0.8440465533096458,1.1302526249750777,True,485,295.62376139168543,64.05988399471087,0.3688430742475264,23.180881275115883,60,291.0,9.39579044048482,324,-0.022831121378760914
260,mora,packing_A,T07,largo,20,G2,4.04194939390681,0.8440465533096458,1.1302526249750777,True,485,295.62376139168543,64.05988399471087,0.3688430742475264,23.180881275115883,60,291.0,9.39579044048482,325,0.008199521121993278
260,mora,packing_A,T07,largo,20,G2,4.04194939390681,0.8440465533096458,1.1302526249750777,True,485,295.62376139168543,64.05988399471087,0.3688430742475264,23.180881275115883,60,291.0,9.39579044048482,326,0.002231984830512762
260,mora,packing_A,T07,largo,20,G2,4.04194939390681,0.8440465533096458,1.1302526249750777,True,485,295.62376139168543,64.05988399471087,0.3688430742475264,23.180881275115883,60,291.0,9.39579044048482,327,0.36770470940587024
260,mora,packing_A,T07,largo,20,G2,4.04194939390681,0.8440465533096458,1.1302526249750777,True,485,295.62376139168543,64.05988399471087,0.3688430742475264,23.180881275115883,60,291.0,9.39579044048482,328,0.20688585147157407
260,mora,packing_A,T07,largo,20,G2,4.04194939390681,0.8440465533096458,1.1302526249750777,True,485,295.62376139168543,64.05988399471087,0.3688430742475264,23.180881275115883,60,291.0,9.39579044048482,329,0.2886211587829374
260,mora,packing_A,T07,largo,20,G2,4.04194939390681,0.8440465533096458,1.1302526249750777,True,485,295.62376139168543,64.05988399471087,0.3688430742475264,23.180881275115883,60,291.0,9.39579044048482,330,0.4087148599774736
260,mora,packing_A,T07,largo,20,G2,4.04194939390681,0.8440465533096458,1.1302526249750777,True,485,295.62376139168543,64.05988399471087,0.3688430742475264,23.180881275115883,60,291.0,9.39579044048482,331,0.46136631307596804
260,mora,packing_A,T07,largo,20,G2,4.04194939390681,0.8440465533096458,1.1302526249750777,True,485,295.62376139168543,64.05988399471087,0.3688430742475264,23.180881275115883,60,291.0,9.39579044048482,332,0.5045570369424704
260,mora,packing_A,T07,largo,20,G2,4.04194939390681,0.8440465533096458,1.1302526249750777,True,485,295.62376139168543,64.05988399471087,0.3688430742475264,23.180881275115883,60,291.0,9.39579044048482,333,0.7774063310655358
260,mora,packing_A,T07,largo,20,G2,4.04194939390681,0.8440465533096458,1.1302526249750777,True,485,295.62376139168543,64.05988399471087,0.3688430742475264,23.180881275115883,60,291.0,9.39579044048482,334,0.5711061765227256
260,mora,packing_A,T07,largo,20,G2,4.04194939390681,0.8440465533096458,1.1302526249750777,True,485,295.62376139168543,64.05988399471087,0.3688430742475264,23.180881275115883,60,291.0,9.39579044048482,335,0.5690864631025725
260,mora,packing_A,T07,largo,20,G2,4.04194939390681,0.8440465533096458,1.1302526249750777,True,485,295.62376139168543,64.05988399471087,0.3688430742475264,23.180881275115883,60,291.0,9.39579044048482,336,1.0089041440205107
260,mora,packing_A,T07,largo,20,G2,4.04194939390681,0.8440465533096458,1.1302526249750777,True,485,295.62376139168543,64.05988399471087,0.3688430742475264,23.180881275115883,60,291.0,9.39579044048482,337,0.9923383717917621
260,mora,packing_A,T07,largo,20,G2,4.04194939390681,0.8440465533096458,1.1302526249750777,True,485,295.62376139168543,64.05988399471087,0.3688430742475264,23.180881275115883,60,291.0,9.39579044048482,338,0.8305263923170313
260,mora,packing_A,T07,largo,20,G2,4.04194939390681,0.8440465533096458,1.1302526249750777,True,485,295.62376139168543,64.05988399471087,0.3688430742475264,23.180881275115883,60,291.0,9.39579044048482,339,0.8279217028895194
260,mora,packing_A,T07,largo,20,G2,4.04194939390681,0.8440465533096458,1.1302526249750777,True,485,295.62376139168543,64.05988399471087,0.3688430742475264,23.180881275115883,60,291.0,9.39579044048482,340,0.6942535055923639
260,mora,packing_A,T07,largo,20,G2,4.04194939390681,0.8440465533096458,1.1302526249750777,True,485,295.62376139168543,64.05988399471087,0.3688430742475264,23.180881275115883,60,291.0,9.39579044048482,341,0.7389919953830734
260,mora,packing_A,T07,largo,20,G2,4.04194939390681,0.8440465533096458,1.1302526249750777,True,485,295.62376139168543,64.05988399471087,0.3688430742475264,23.180881275115883,60,291.0,9.39579044048482,342,0.6731784181072344
260,mora,packing_A,T07,largo,20,G2,4.04194939390681,0.8440465533096458,1.1302526249750777,True,485,295.62376139168543,64.05988399471087,0.3688430742475264,23.180881275115883,60,291.0,9.39579044048482,343,0.5028764588854487
260,mora,packing_A,T07,largo,20,G2,4.04194939390681,0.8440465533096458,1.1302526249750777,True,485,295.62376139168543,64.05988399471087,0.3688430742475264,23.180881275115883,60,291.0,9.39579044048482,344,0.33222425883639084
260,mora,packing_A,T07,largo,20,G2,4.04194939390681,0.8440465533096458,1.1302526249750777,True,485,295.62376139168543,64.05988399471087,0.3688430742475264,23.180881275115883,60,291.0,9.39579044048482,345,0.3883968512363172
260,mora,packing_A,T07,largo,20,G2,4.04194939390681,0.8440465533096458,1.1302526249750777,True,485,295.62376139168543,64.05988399471087,0.3688430742475264,23.180881275115883,60,291.0,9.39579044048482,346,0.3897889588871374
260,mora,packing_A,T07,largo,20,G2,4.04194939390681,0.8440465533096458,1.1302526249750777,True,485,295.62376139168543,64.05988399471087,0.3688430742475264,23.180881275115883,60,291.0,9.39579044048482,347,0.07748216505340934
260,mora,packing_A,T07,largo,20,G2,4.04194939390681,0.8440465533096458,1.1302526249750777,True,485,295.62376139168543,64.05988399471087,0.3688430742475264,23.180881275115883,60,291.0,9.39579044048482,348,0.17169514752798246
260,mora,packing_A,T07,largo,20,G2,4.04194939390681,0.8440465533096458,1.1302526249750777,True,485,295.62376139168543,64.05988399471087,0.3688430742475264,23.180881275115883,60,291.0,9.39579044048482,349,0.04973201492083372
260,mora,packing_A,T07,largo,20,G2,4.04194939390681,0.8440465533096458,1.1302526249750777,True,485,295.62376139168543,64.05988399471087,0.3688430742475264,23.180881275115883,60,291.0,9.39579044048482,350,-0.1368043565428178
260,mora,packing_A,T07,largo,20,G2,4.04194939390681,0.8440465533096458,1.1302526249750777,True,485,295.62376139168543,64.05988399471087,0.3688430742475264,23.180881275115883,60,291.0,9.39579044048482,351,0.012647772820328806
260,mora,packing_A,T07,largo,20,G2,4.04194939390681,0.8440465533096458,1.1302526249750777,True,485,295.62376139168543,64.05988399471087,0.3688430742475264,23.180881275115883,60,291.0,9.39579044048482,352,-0.08056149766181421
260,mora,packing_A,T07,largo,20,G2,4.04194939390681,0.8440465533096458,1.1302526249750777,True,485,295.62376139168543,64.05988399471087,0.3688430742475264,23.180881275115883,60,291.0,9.39579044048482,353,-0.028317121658094142
260,mora,packing_A,T07,largo,20,G2,4.04194939390681,0.8440465533096458,1.1302526249750777,True,485,295.62376139168543,64.05988399471087,0.3688430742475264,23.180881275115883,60,291.0,9.39579044048482,354,-0.008773720636647296
260,mora,packing_A,T07,largo,20,G2,4.04194939390681,0.8440465533096458,1.1302526249750777,True,485,295.62376139168543,64.05988399471087,0.3688430742475264,23.180881275115883,60,291.0,9.39579044048482,355,-0.004545977240296262
260,mora,packing_A,T07,largo,20,G2,4.04194939390681,0.8440465533096458,1.1302526249750777,True,485,295.62376139168543,64.05988399471087,0.3688430742475264,23.180881275115883,60,291.0,9.39579044048482,356,0.10264284935988233
260,mora,packing_A,T07,largo,20,G2,4.04194939390681,0.8440465533096458,1.1302526249750777,True,485,295.62376139168543,64.05988399471087,0.3688430742475264,23.180881275115883,60,291.0,9.39579044048482,357,0.15979025517961254
260,mora,packing_A,T07,largo,20,G2,4.04194939390681,0.8440465533096458,1.1302526249750777,True,485,295.62376139168543,64.05988399471087,0.3688430742475264,23.180881275115883,60,291.0,9.39579044048482,358,0.29929965845907813
260,mora,packing_A,T07,largo,20,G2,4.04194939390681,0.8440465533096458,1.1302526249750777,True,485,295.62376139168543,64.05988399471087,0.3688430742475264,23.180881275115883,60,291.0,9.39579044048482,359,0.3060792927244303
260,mora,packing_A,T07,largo,20,G2,4.04194939390681,0.8440465533096458,1.1302526249750777,True,485,295.62376139168543,64.05988399471087,0.3688430742475264,23.180881275115883,60,291.0,9.39579044048482,360,0.3912788526622536
260,mora,packing_A,T07,largo,20,G2,4.04194939390681,0.8440465533096458,1.1302526249750777,True,485,295.62376139168543,64.05988399471087,0.3688430742475264,23.180881275115883,60,291.0,9.39579044048482,361,0.3819528905079827
260,mora,packing_A,T07,largo,20,G2,4.04194939390681,0.8440465533096458,1.1302526249750777,True,485,295.62376139168543,64.05988399471087,0.3688430742475264,23.180881275115883,60,291.0,9.39579044048482,362,0.4096442459839803
260,mora,packing_A,T07,largo,20,G2,4.04194939390681,0.8440465533096458,1.1302526249750777,True,485,295.62376139168543,64.05988399471087,0.3688430742475264,23.180881275115883,60,291.0,9.39579044048482,363,0.6219723282429296
260,mora,packing_A,T07,largo,20,G2,4.04194939390681,0.8440465533096458,1.1302526249750777,True,485,295.62376139168543,64.05988399471087,0.3688430742475264,23.180881275115883,60,291.0,9.39579044048482,364,0.602547730989895
260,mora,packing_A,T07,largo,20,G2,4.04194939390681,0.8440465533096458,1.1302526249750777,True,485,295.62376139168543,64.05988399471087,0.3688430742475264,23.180881275115883,60,291.0,9.39579044048482,365,0.7742089210071562
260,mora,packing_A,T07,largo,20,G2,4.04194939390681,0.8440465533096458,1.1302526249750777,True,485,295.62376139168543,64.05988399471087,0.3688430742475264,23.180881275115883,60,291.0,9.39579044048482,366,0.8157771911377729
260,mora,packing_A,T07,largo,20,G2,4.04194939390681,0.8440465533096458,1.1302526249750777,True,485,295.62376139168543,64.05988399471087,0.3688430742475264,23.180881275115883,60,291.0,9.39579044048482,367,0.8289670509568563
260,mora,packing_A,T07,largo,20,G2,4.04194939390681,0.8440465533096458,1.1302526249750777,True,485,295.62376139168543,64.05988399471087,0.3688430742475264,23.180881275115883,60,291.0,9.39579044048482,368,0.9242704352029686
260,mora,packing_A,T07,largo,20,G2,4.04194939390681,0.8440465533096458,1.1302526249750777,True,485,295.62376139168543,64.05988399471087,0.3688430742475264,23.180881275115883,60,291.0,9.39579044048482,369,0.9344307518878646
260,mora,packing_A,T07,largo,20,G2,4.04194939390681,0.8440465533096458,1.1302526249750777,True,485,295.62376139168543,64.05988399471087,0.3688430742475264,23.180881275115883,60,291.0,9.39579044048482,370,0.8946011335253131
260,mora,packing_A,T07,largo,20,G2,4.04194939390681,0.8440465533096458,1.1302526249750777,True,485,295.62376139168543,64.05988399471087,0.3688430742475264,23.180881275115883,60,291.0,9.39579044048482,371,0.9172668272765421
260,mora,packing_A,T07,largo,20,G2,4.04194939390681,0.8440465533096458,1.1302526249750777,True,485,295.62376139168543,64.05988399471087,0.3688430742475264,23.180881275115883,60,291.0,9.39579044048482,372,0.7084612887212527
260,mora,packing_A,T07,largo,20,G2,4.04194939390681,0.8440465533096458,1.1302526249750777,True,485,295.62376139168543,64.05988399471087,0.3688430742475264,23.180881275115883,60,291.0,9.39579044048482,373,0.6236659239379841
260,mora,packing_A,T07,largo,20,G2,4.04194939390681,0.8440465533096458,1.1302526249750777,True,485,295.62376139168543,64.05988399471087,0.3688430742475264,23.180881275115883,60,291.0,9.39579044048482,374,0.7117300997814006
260,mora,packing_A,T07,largo,20,G2,4.04194939390681,0.8440465533096458,1.1302526249750777,True,485,295.62376139168543,64.05988399471087,0.3688430742475264,23.180881275115883,60,291.0,9.39579044048482,375,0.380916169269531
260,mora,packing_A,T07,largo,20,G2,4.04194939390681,0.8440465533096458,1.1302526249750777,True,485,295.62376139168543,64.05988399471087,0.3688430742475264,23.180881275115883,60,291.0,9.39579044048482,376,0.29229522121508755
260,mora,packing_A,T07,largo,20,G2,4.04194939390681,0.8440465533096458,1.1302526249750777,True,485,295.62376139168543,64.05988399471087,0.3688430742475264,23.180881275115883,60,291.0,9.39579044048482,377,0.1440006941447265
260,mora,packing_A,T07,largo,20,G2,4.04194939390681,0.8440465533096458,1.1302526249750777,True,485,295.62376139168543,64.05988399471087,0.3688430742475264,23.180881275115883,60,291.0,9.39579044048482,378,0.1925347522425993
260,mora,packing_A,T07,largo,20,G2,4.04194939390681,0.8440465533096458,1.1302526249750777,True,485,295.62376139168543,64.05988399471087,0.3688430742475264,23.180881275115883,60,291.0,9.39579044048482,379,-0.07371857845330539
260,mora,packing_A,T07,largo,20,G2,4.04194939390681,0.8440465533096458,1.1302526249750777,True,485,295.62376139168543,64.05988399471087,0.3688430742475264,23.180881275115883,60,291.0,9.39579044048482,380,0.14461523539989096
260,mora,packing_A,T07,largo,20,G2,4.04194939390681,0.8440465533096458,1.1302526249750777,True,485,295.62376139168543,64.05988399471087,0.3688430742475264,23.180881275115883,60,291.0,9.39579044048482,381,0.07290895384799273
260,mora,packing_A,T07,largo,20,G2,4.04194939390681,0.8440465533096458,1.1302526249750777,True,485,295.62376139168543,64.05988399471087,0.3688430742475264,23.180881275115883,60,291.0,9.39579044048482,382,-0.004862918843302866
260,mora,packing_A,T07,largo,20,G2,4.04194939390681,0.8440465533096458,1.1302526249750777,True,485,295.62376139168543,64.05988399471087,0.3688430742475264,23.180881275115883,60,291.0,9.39579044048482,383,-0.023685787428313017
260,mora,packing_A,T07,largo,20,G2,4.04194939390681,0.8440465533096458,1.1302526249750777,True,485,295.62376139168543,64.05988399471087,0.3688430742475264,23.180881275115883,60,291.0,9.39579044048482,384,-0.05852942304996378
260,mora,packing_A,T07,largo,20,G2,4.04194939390681,0.8440465533096458,1.1302526249750777,True,485,295.62376139168543,64.05988399471087,0.3688430742475264,23.180881275115883,60,291.0,9.39579044048482,385,-0.10418037182328489
260,mora,packing_A,T07,largo,20,G2,4.04194939390681,0.8440465533096458,1.1302526249750777,True,485,295.62376139168543,64.05988399471087,0.3688430742475264,23.180881275115883,60,291.0,9.39579044048482,386,0.08619179158599782
260,mora,packing_A,T07,largo,20,G2,4.04194939390681,0.8440465533096458,1.1302526249750777,True,485,295.62376139168543,64.05988399471087,0.3688430742475264,23.180881275115883,60,291.0,9.39579044048482,387,-0.01402579338980392
260,mora,packing_A,T07,largo,20,G2,4.04194939390681,0.8440465533096458,1.1302526249750777,True,485,295.62376139168543,64.05988399471087,0.3688430742475264,23.180881275115883,60,291.0,9.39579044048482,388,0.13107181253990124
260,mora,packing_A,T07,largo,20,G2,4.04194939390681,0.8440465533096458,1.1302526249750777,True,485,295.62376139168543,64.05988399471087,0.3688430742475264,23.180881275115883,60,291.0,9.39579044048482,389,0.3858365692414222
260,mora,packing_A,T07,largo,20,G2,4.04194939390681,0.8440465533096458,1.1302526249750777,True,485,295.62376139168543,64.05988399471087,0.3688430742475264,23.180881275115883,60,291.0,9.39579044048482,390,0.411938558325135
260,mora,packing_A,T07,largo,20,G2,4.04194939390681,0.8440465533096458,1.1302526249750777,True,485,295.62376139168543,64.05988399471087,0.3688430742475264,23.180881275115883,60,291.0,9.39579044048482,391,0.5191150071011493
260,mora,packing_A,T07,largo,20,G2,4.04194939390681,0.8440465533096458,1.1302526249750777,True,485,295.62376139168543,64.05988399471087,0.3688430742475264,23.180881275115883,60,291.0,9.39579044048482,392,0.766265441509634
260,mora,packing_A,T07,largo,20,G2,4.04194939390681,0.8440465533096458,1.1302526249750777,True,485,295.62376139168543,64.05988399471087,0.3688430742475264,23.180881275115883,60,291.0,9.39579044048482,393,0.5458969898274384
260,mora,packing_A,T07,largo,20,G2,4.04194939390681,0.8440465533096458,1.1302526249750777,True,485,295.62376139168543,64.05988399471087,0.3688430742475264,23.180881275115883,60,291.0,9.39579044048482,394,0.7140183530360243
260,mora,packing_A,T07,largo,20,G2,4.04194939390681,0.8440465533096458,1.1302526249750777,True,485,295.62376139168543,64.05988399471087,0.3688430742475264,23.180881275115883,60,291.0,9.39579044048482,395,0.9039397770214862
260,mora,packing_A,T07,largo,20,G2,4.04194939390681,0.8440465533096458,1.1302526249750777,True,485,295.62376139168543,64.05988399471087,0.3688430742475264,23.180881275115883,60,291.0,9.39579044048482,396,0.7785463990412805
260,mora,packing_A,T07,largo,20,G2,4.04194939390681,0.8440465533096458,1.1302526249750777,True,485,295.62376139168543,64.05988399471087,0.3688430742475264,23.180881275115883,60,291.0,9.39579044048482,397,0.8923798062946879
260,mora,packing_A,T07,largo,20,G2,4.04194939390681,0.8440465533096458,1.1302526249750777,True,485,295.62376139168543,64.05988399471087,0.3688430742475264,23.180881275115883,60,291.0,9.39579044048482,398,0.8018163007610754
260,mora,packing_A,T07,largo,20,G2,4.04194939390681,0.8440465533096458,1.1302526249750777,True,485,295.62376139168543,64.05988399471087,0.3688430742475264,23.180881275115883,60,291.0,9.39579044048482,399,0.8579679136226267
260,mora,packing_A,T07,largo,20,G2,4.04194939390681,0.8440465533096458,1.1302526249750777,True,485,295.62376139168543,64.05988399471087,0.3688430742475264,23.180881275115883,60,291.0,9.39579044048482,400,0.9186291493886128
260,mora,packing_A,T07,largo,20,G2,4.04194939390681,0.8440465533096458,1.1302526249750777,True,485,295.62376139168543,64.05988399471087,0.3688430742475264,23.180881275115883,60,291.0,9.39579044048482,401,0.6724021616786487
260,mora,packing_A,T07,largo,20,G2,4.04194939390681,0.8440465533096458,1.1302526249750777,True,485,295.62376139168543,64.05988399471087,0.3688430742475264,23.180881275115883,60,291.0,9.39579044048482,402,0.45807242203297693
260,mora,packing_A,T07,largo,20,G2,4.04194939390681,0.8440465533096458,1.1302526249750777,True,485,295.62376139168543,64.05988399471087,0.3688430742475264,23.180881275115883,60,291.0,9.39579044048482,403,0.6650982613119163
260,mora,packing_A,T07,largo,20,G2,4.04194939390681,0.8440465533096458,1.1302526249750777,True,485,295.62376139168543,64.05988399471087,0.3688430742475264,23.180881275115883,60,291.0,9.39579044048482,404,0.39163841526023324
260,mora,packing_A,T07,largo,20,G2,4.04194939390681,0.8440465533096458,1.1302526249750777,True,485,295.62376139168543,64.05988399471087,0.3688430742475264,23.180881275115883,60,291.0,9.39579044048482,405,0.349752622819714
260,mora,packing_A,T07,largo,20,G2,4.04194939390681,0.8440465533096458,1.1302526249750777,True,485,295.62376139168543,64.05988399471087,0.3688430742475264,23.180881275115883,60,291.0,9.39579044048482,406,0.196191153015536
260,mora,packing_A,T07,largo,20,G2,4.04194939390681,0.8440465533096458,1.1302526249750777,True,485,295.62376139168543,64.05988399471087,0.3688430742475264,23.180881275115883,60,291.0,9.39579044048482,407,0.07254906623633892
260,mora,packing_A,T07,largo,20,G2,4.04194939390681,0.8440465533096458,1.1302526249750777,True,485,295.62376139168543,64.05988399471087,0.3688430742475264,23.180881275115883,60,291.0,9.39579044048482,408,0.012851648817993278
260,mora,packing_A,T07,largo,20,G2,4.04194939390681,0.8440465533096458,1.1302526249750777,True,485,295.62376139168543,64.05988399471087,0.3688430742475264,23.180881275115883,60,291.0,9.39579044048482,409,0.1727991399215317
260,mora,packing_A,T07,largo,20,G2,4.04194939390681,0.8440465533096458,1.1302526249750777,True,485,295.62376139168543,64.05988399471087,0.3688430742475264,23.180881275115883,60,291.0,9.39579044048482,410,0.043323804160038504
260,mora,packing_A,T07,largo,20,G2,4.04194939390681,0.8440465533096458,1.1302526249750777,True,485,295.62376139168543,64.05988399471087,0.3688430742475264,23.180881275115883,60,291.0,9.39579044048482,411,-0.01825453041344184
260,mora,packing_A,T07,largo,20,G2,4.04194939390681,0.8440465533096458,1.1302526249750777,True,485,295.62376139168543,64.05988399471087,0.3688430742475264,23.180881275115883,60,291.0,9.39579044048482,412,-0.05724524411839921
260,mora,packing_A,T07,largo,20,G2,4.04194939390681,0.8440465533096458,1.1302526249750777,True,485,295.62376139168543,64.05988399471087,0.3688430742475264,23.180881275115883,60,291.0,9.39579044048482,413,-0.051674647579306204
260,mora,packing_A,T07,largo,20,G2,4.04194939390681,0.8440465533096458,1.1302526249750777,True,485,295.62376139168543,64.05988399471087,0.3688430742475264,23.180881275115883,60,291.0,9.39579044048482,414,0.08681930053074424
260,mora,packing_A,T07,largo,20,G2,4.04194939390681,0.8440465533096458,1.1302526249750777,True,485,295.62376139168543,64.05988399471087,0.3688430742475264,23.180881275115883,60,291.0,9.39579044048482,415,0.1177333883929359
260,mora,packing_A,T07,largo,20,G2,4.04194939390681,0.8440465533096458,1.1302526249750777,True,485,295.62376139168543,64.05988399471087,0.3688430742475264,23.180881275115883,60,291.0,9.39579044048482,416,0.08190850132130703
260,mora,packing_A,T07,largo,20,G2,4.04194939390681,0.8440465533096458,1.1302526249750777,True,485,295.62376139168543,64.05988399471087,0.3688430742475264,23.180881275115883,60,291.0,9.39579044048482,417,0.28882387363818945
260,mora,packing_A,T07,largo,20,G2,4.04194939390681,0.8440465533096458,1.1302526249750777,True,485,295.62376139168543,64.05988399471087,0.3688430742475264,23.180881275115883,60,291.0,9.39579044048482,418,0.3052715881566827
260,mora,packing_A,T07,largo,20,G2,4.04194939390681,0.8440465533096458,1.1302526249750777,True,485,295.62376139168543,64.05988399471087,0.3688430742475264,23.180881275115883,60,291.0,9.39579044048482,419,0.3721255819211284
260,mora,packing_A,T07,largo,20,G2,4.04194939390681,0.8440465533096458,1.1302526249750777,True,485,295.62376139168543,64.05988399471087,0.3688430742475264,23.180881275115883,60,291.0,9.39579044048482,420,0.23954413644283196
260,mora,packing_A,T07,largo,20,G2,4.04194939390681,0.8440465533096458,1.1302526249750777,True,485,295.62376139168543,64.05988399471087,0.3688430742475264,23.180881275115883,60,291.0,9.39579044048482,421,0.4086293093417662
260,mora,packing_A,T07,largo,20,G2,4.04194939390681,0.8440465533096458,1.1302526249750777,True,485,295.62376139168543,64.05988399471087,0.3688430742475264,23.180881275115883,60,291.0,9.39579044048482,422,0.6444465917121819
260,mora,packing_A,T07,largo,20,G2,4.04194939390681,0.8440465533096458,1.1302526249750777,True,485,295.62376139168543,64.05988399471087,0.3688430742475264,23.180881275115883,60,291.0,9.39579044048482,423,0.6627358109418842
260,mora,packing_A,T07,largo,20,G2,4.04194939390681,0.8440465533096458,1.1302526249750777,True,485,295.62376139168543,64.05988399471087,0.3688430742475264,23.180881275115883,60,291.0,9.39579044048482,424,0.7030737412573173
260,mora,packing_A,T07,largo,20,G2,4.04194939390681,0.8440465533096458,1.1302526249750777,True,485,295.62376139168543,64.05988399471087,0.3688430742475264,23.180881275115883,60,291.0,9.39579044048482,425,0.7548904749250456
260,mora,packing_A,T07,largo,20,G2,4.04194939390681,0.8440465533096458,1.1302526249750777,True,485,295.62376139168543,64.05988399471087,0.3688430742475264,23.180881275115883,60,291.0,9.39579044048482,426,0.7060600609175539
260,mora,packing_A,T07,largo,20,G2,4.04194939390681,0.8440465533096458,1.1302526249750777,True,485,295.62376139168543,64.05988399471087,0.3688430742475264,23.180881275115883,60,291.0,9.39579044048482,427,0.9376657359379665
260,mora,packing_A,T07,largo,20,G2,4.04194939390681,0.8440465533096458,1.1302526249750777,True,485,295.62376139168543,64.05988399471087,0.3688430742475264,23.180881275115883,60,291.0,9.39579044048482,428,0.9595116747458231
260,mora,packing_A,T07,largo,20,G2,4.04194939390681,0.8440465533096458,1.1302526249750777,True,485,295.62376139168543,64.05988399471087,0.3688430742475264,23.180881275115883,60,291.0,9.39579044048482,429,0.6578562684431347
260,mora,packing_A,T07,largo,20,G2,4.04194939390681,0.8440465533096458,1.1302526249750777,True,485,295.62376139168543,64.05988399471087,0.3688430742475264,23.180881275115883,60,291.0,9.39579044048482,430,0.7442603629437912
260,mora,packing_A,T07,largo,20,G2,4.04194939390681,0.8440465533096458,1.1302526249750777,True,485,295.62376139168543,64.05988399471087,0.3688430742475264,23.180881275115883,60,291.0,9.39579044048482,431,0.6578869880450952
260,mora,packing_A,T07,largo,20,G2,4.04194939390681,0.8440465533096458,1.1302526249750777,True,485,295.62376139168543,64.05988399471087,0.3688430742475264,23.180881275115883,60,291.0,9.39579044048482,432,0.5649943462163423
260,mora,packing_A,T07,largo,20,G2,4.04194939390681,0.8440465533096458,1.1302526249750777,True,485,295.62376139168543,64.05988399471087,0.3688430742475264,23.180881275115883,60,291.0,9.39579044048482,433,0.45223875152101334
260,mora,packing_A,T07,largo,20,G2,4.04194939390681,0.8440465533096458,1.1302526249750777,True,485,295.62376139168543,64.05988399471087,0.3688430742475264,23.180881275115883,60,291.0,9.39579044048482,434,0.3647460464961946
260,mora,packing_A,T07,largo,20,G2,4.04194939390681,0.8440465533096458,1.1302526249750777,True,485,295.62376139168543,64.05988399471087,0.3688430742475264,23.180881275115883,60,291.0,9.39579044048482,435,0.287661878149868
260,mora,packing_A,T07,largo,20,G2,4.04194939390681,0.8440465533096458,1.1302526249750777,True,485,295.62376139168543,64.05988399471087,0.3688430742475264,23.180881275115883,60,291.0,9.39579044048482,436,0.3384133541157537
260,mora,packing_A,T07,largo,20,G2,4.04194939390681,0.8440465533096458,1.1302526249750777,True,485,295.62376139168543,64.05988399471087,0.3688430742475264,23.180881275115883,60,291.0,9.39579044048482,437,0.16550150215172932
260,mora,packing_A,T07,largo,20,G2,4.04194939390681,0.8440465533096458,1.1302526249750777,True,485,295.62376139168543,64.05988399471087,0.3688430742475264,23.180881275115883,60,291.0,9.39579044048482,438,0.02915930954666117
260,mora,packing_A,T07,largo,20,G2,4.04194939390681,0.8440465533096458,1.1302526249750777,True,485,295.62376139168543,64.05988399471087,0.3688430742475264,23.180881275115883,60,291.0,9.39579044048482,439,0.12392783898738537
260,mora,packing_A,T07,largo,20,G2,4.04194939390681,0.8440465533096458,1.1302526249750777,True,485,295.62376139168543,64.05988399471087,0.3688430742475264,23.180881275115883,60,291.0,9.39579044048482,440,0.04786132479277566
260,mora,packing_A,T07,largo,20,G2,4.04194939390681,0.8440465533096458,1.1302526249750777,True,485,295.62376139168543,64.05988399471087,0.3688430742475264,23.180881275115883,60,291.0,9.39579044048482,441,0.059987830482534005
260,mora,packing_A,T07,largo,20,G2,4.04194939390681,0.8440465533096458,1.1302526249750777,True,485,295.62376139168543,64.05988399471087,0.3688430742475264,23.180881275115883,60,291.0,9.39579044048482,442,-0.1708689474899842
260,mora,packing_A,T07,largo,20,G2,4.04194939390681,0.8440465533096458,1.1302526249750777,True,485,295.62376139168543,64.05988399471087,0.3688430742475264,23.180881275115883,60,291.0,9.39579044048482,443,-0.07996670005547028
260,mora,packing_A,T07,largo,20,G2,4.04194939390681,0.8440465533096458,1.1302526249750777,True,485,295.62376139168543,64.05988399471087,0.3688430742475264,23.180881275115883,60,291.0,9.39579044048482,444,-0.11382735294230416
260,mora,packing_A,T07,largo,20,G2,4.04194939390681,0.8440465533096458,1.1302526249750777,True,485,295.62376139168543,64.05988399471087,0.3688430742475264,23.180881275115883,60,291.0,9.39579044048482,445,0.01588993336065659
260,mora,packing_A,T07,largo,20,G2,4.04194939390681,0.8440465533096458,1.1302526249750777,True,485,295.62376139168543,64.05988399471087,0.3688430742475264,23.180881275115883,60,291.0,9.39579044048482,446,0.04201849223026588
260,mora,packing_A,T07,largo,20,G2,4.04194939390681,0.8440465533096458,1.1302526249750777,True,485,295.62376139168543,64.05988399471087,0.3688430742475264,23.180881275115883,60,291.0,9.39579044048482,447,0.10099824073980894
260,mora,packing_A,T07,largo,20,G2,4.04194939390681,0.8440465533096458,1.1302526249750777,True,485,295.62376139168543,64.05988399471087,0.3688430742475264,23.180881275115883,60,291.0,9.39579044048482,448,0.29346132079881315
260,mora,packing_A,T07,largo,20,G2,4.04194939390681,0.8440465533096458,1.1302526249750777,True,485,295.62376139168543,64.05988399471087,0.3688430742475264,23.180881275115883,60,291.0,9.39579044048482,449,0.11364206323551498
260,mora,packing_A,T07,largo,20,G2,4.04194939390681,0.8440465533096458,1.1302526249750777,True,485,295.62376139168543,64.05988399471087,0.3688430742475264,23.180881275115883,60,291.0,9.39579044048482,450,0.5081342884897027
260,mora,packing_A,T07,largo,20,G2,4.04194939390681,0.8440465533096458,1.1302526249750777,True,485,295.62376139168543,64.05988399471087,0.3688430742475264,23.180881275115883,60,291.0,9.39579044048482,451,0.2825666126848966
260,mora,packing_A,T07,largo,20,G2,4.04194939390681,0.8440465533096458,1.1302526249750777,True,485,295.62376139168543,64.05988399471087,0.3688430742475264,23.180881275115883,60,291.0,9.39579044048482,452,0.5858719869733943
260,mora,packing_A,T07,largo,20,G2,4.04194939390681,0.8440465533096458,1.1302526249750777,True,485,295.62376139168543,64.05988399471087,0.3688430742475264,23.180881275115883,60,291.0,9.39579044048482,453,0.5062048310772868
260,mora,packing_A,T07,largo,20,G2,4.04194939390681,0.8440465533096458,1.1302526249750777,True,485,295.62376139168543,64.05988399471087,0.3688430742475264,23.180881275115883,60,291.0,9.39579044048482,454,0.6750732633631605
260,mora,packing_A,T07,largo,20,G2,4.04194939390681,0.8440465533096458,1.1302526249750777,True,485,295.62376139168543,64.05988399471087,0.3688430742475264,23.180881275115883,60,291.0,9.39579044048482,455,0.8151602901458468
260,mora,packing_A,T07,largo,20,G2,4.04194939390681,0.8440465533096458,1.1302526249750777,True,485,295.62376139168543,64.05988399471087,0.3688430742475264,23.180881275115883,60,291.0,9.39579044048482,456,0.7944572485366254
260,mora,packing_A,T07,largo,20,G2,4.04194939390681,0.8440465533096458,1.1302526249750777,True,485,295.62376139168543,64.05988399471087,0.3688430742475264,23.180881275115883,60,291.0,9.39579044048482,457,0.7372442327775305
260,mora,packing_A,T07,largo,20,G2,4.04194939390681,0.8440465533096458,1.1302526249750777,True,485,295.62376139168543,64.05988399471087,0.3688430742475264,23.180881275115883,60,291.0,9.39579044048482,458,0.7078018306956655
260,mora,packing_A,T07,largo,20,G2,4.04194939390681,0.8440465533096458,1.1302526249750777,True,485,295.62376139168543,64.05988399471087,0.3688430742475264,23.180881275115883,60,291.0,9.39579044048482,459,0.7958887668081394
260,mora,packing_A,T07,largo,20,G2,4.04194939390681,0.8440465533096458,1.1302526249750777,True,485,295.62376139168543,64.05988399471087,0.3688430742475264,23.180881275115883,60,291.0,9.39579044048482,460,0.7730827477913911
260,mora,packing_A,T07,largo,20,G2,4.04194939390681,0.8440465533096458,1.1302526249750777,True,485,295.62376139168543,64.05988399471087,0.3688430742475264,23.180881275115883,60,291.0,9.39579044048482,461,0.9025624316373831
260,mora,packing_A,T07,largo,20,G2,4.04194939390681,0.8440465533096458,1.1302526249750777,True,485,295.62376139168543,64.05988399471087,0.3688430742475264,23.180881275115883,60,291.0,9.39579044048482,462,0.5734341211598311
260,mora,packing_A,T07,largo,20,G2,4.04194939390681,0.8440465533096458,1.1302526249750777,True,485,295.62376139168543,64.05988399471087,0.3688430742475264,23.180881275115883,60,291.0,9.39579044048482,463,0.5253125425329664
260,mora,packing_A,T07,largo,20,G2,4.04194939390681,0.8440465533096458,1.1302526249750777,True,485,295.62376139168543,64.05988399471087,0.3688430742475264,23.180881275115883,60,291.0,9.39579044048482,464,0.5620022254100876
260,mora,packing_A,T07,largo,20,G2,4.04194939390681,0.8440465533096458,1.1302526249750777,True,485,295.62376139168543,64.05988399471087,0.3688430742475264,23.180881275115883,60,291.0,9.39579044048482,465,0.35940312060858515
260,mora,packing_A,T07,largo,20,G2,4.04194939390681,0.8440465533096458,1.1302526249750777,True,485,295.62376139168543,64.05988399471087,0.3688430742475264,23.180881275115883,60,291.0,9.39579044048482,466,0.2410379937243885
260,mora,packing_A,T07,largo,20,G2,4.04194939390681,0.8440465533096458,1.1302526249750777,True,485,295.62376139168543,64.05988399471087,0.3688430742475264,23.180881275115883,60,291.0,9.39579044048482,467,0.16031176912985243
260,mora,packing_A,T07,largo,20,G2,4.04194939390681,0.8440465533096458,1.1302526249750777,True,485,295.62376139168543,64.05988399471087,0.3688430742475264,23.180881275115883,60,291.0,9.39579044048482,468,0.14241626158686388
260,mora,packing_A,T07,largo,20,G2,4.04194939390681,0.8440465533096458,1.1302526249750777,True,485,295.62376139168543,64.05988399471087,0.3688430742475264,23.180881275115883,60,291.0,9.39579044048482,469,0.038250227394607504
260,mora,packing_A,T07,largo,20,G2,4.04194939390681,0.8440465533096458,1.1302526249750777,True,485,295.62376139168543,64.05988399471087,0.3688430742475264,23.180881275115883,60,291.0,9.39579044048482,470,-0.11227059848733899
260,mora,packing_A,T07,largo,20,G2,4.04194939390681,0.8440465533096458,1.1302526249750777,True,485,295.62376139168543,64.05988399471087,0.3688430742475264,23.180881275115883,60,291.0,9.39579044048482,471,-0.14746485892092398
260,mora,packing_A,T07,largo,20,G2,4.04194939390681,0.8440465533096458,1.1302526249750777,True,485,295.62376139168543,64.05988399471087,0.3688430742475264,23.180881275115883,60,291.0,9.39579044048482,472,0.02785788440320952
260,mora,packing_A,T07,largo,20,G2,4.04194939390681,0.8440465533096458,1.1302526249750777,True,485,295.62376139168543,64.05988399471087,0.3688430742475264,23.180881275115883,60,291.0,9.39579044048482,473,-0.12802776398837776
260,mora,packing_A,T07,largo,20,G2,4.04194939390681,0.8440465533096458,1.1302526249750777,True,485,295.62376139168543,64.05988399471087,0.3688430742475264,23.180881275115883,60,291.0,9.39579044048482,474,-0.03599673614764869
260,mora,packing_A,T07,largo,20,G2,4.04194939390681,0.8440465533096458,1.1302526249750777,True,485,295.62376139168543,64.05988399471087,0.3688430742475264,23.180881275115883,60,291.0,9.39579044048482,475,-0.1384915217748792
260,mora,packing_A,T07,largo,20,G2,4.04194939390681,0.8440465533096458,1.1302526249750777,True,485,295.62376139168543,64.05988399471087,0.3688430742475264,23.180881275115883,60,291.0,9.39579044048482,476,0.09314991457269123
260,mora,packing_A,T07,largo,20,G2,4.04194939390681,0.8440465533096458,1.1302526249750777,True,485,295.62376139168543,64.05988399471087,0.3688430742475264,23.180881275115883,60,291.0,9.39579044048482,477,0.1300666243006921
260,mora,packing_A,T07,largo,20,G2,4.04194939390681,0.8440465533096458,1.1302526249750777,True,485,295.62376139168543,64.05988399471087,0.3688430742475264,23.180881275115883,60,291.0,9.39579044048482,478,0.22104636270903752
260,mora,packing_A,T07,largo,20,G2,4.04194939390681,0.8440465533096458,1.1302526249750777,True,485,295.62376139168543,64.05988399471087,0.3688430742475264,23.180881275115883,60,291.0,9.39579044048482,479,0.33664382664738984
260,mora,packing_A,T07,largo,20,G2,4.04194939390681,0.8440465533096458,1.1302526249750777,True,485,295.62376139168543,64.05988399471087,0.3688430742475264,23.180881275115883,60,291.0,9.39579044048482,480,0.21105802166497464
260,mora,packing_A,T07,largo,20,G2,4.04194939390681,0.8440465533096458,1.1302526249750777,True,485,295.62376139168543,64.05988399471087,0.3688430742475264,23.180881275115883,60,291.0,9.39579044048482,481,0.3712310634345895
260,mora,packing_A,T07,largo,20,G2,4.04194939390681,0.8440465533096458,1.1302526249750777,True,485,295.62376139168543,64.05988399471087,0.3688430742475264,23.180881275115883,60,291.0,9.39579044048482,482,0.484336812491892
260,mora,packing_A,T07,largo,20,G2,4.04194939390681,0.8440465533096458,1.1302526249750777,True,485,295.62376139168543,64.05988399471087,0.3688430742475264,23.180881275115883,60,291.0,9.39579044048482,483,0.6361393114308864
260,mora,packing_A,T07,largo,20,G2,4.04194939390681,0.8440465533096458,1.1302526249750777,True,485,295.62376139168543,64.05988399471087,0.3688430742475264,23.180881275115883,60,291.0,9.39579044048482,484,0.7344027315019884
