proceso_id,epoca,packing,tunel,tipo_tunel,iteracion,mass_group,masa_ton,ocupabilidad,caudal_factor,anomalia_duracion,duracion_min,duracion_esperada_min,delta_duracion_pct,setpoint,T0,pct_transitorio,t_trans_min,overshoot_pct,tiempo_min,temperatura
279,mora,packing_A,T07,largo,39,G4,8.575857417130011,0.8778572449534271,0.8966739104054877,False,498,476.58928486436525,4.492487728029412,0.3529797568943841,24.731479882165356,60,298.8,8.62389465967212,0,24.82630352416561
279,mora,packing_A,T07,largo,39,G4,8.575857417130011,0.8778572449534271,0.8966739104054877,False,498,476.58928486436525,4.492487728029412,0.3529797568943841,24.731479882165356,60,298.8,8.62389465967212,1,24.427399840344403
279,mora,packing_A,T07,largo,39,G4,8.575857417130011,0.8778572449534271,0.8966739104054877,False,498,476.58928486436525,4.492487728029412,0.3529797568943841,24.731479882165356,60,298.8,8.62389465967212,2,24.25795297935792
279,mora,packing_A,T07,largo,39,G4,8.575857417130011,0.8778572449534271,0.8966739104054877,False,498,476.58928486436525,4.492487728029412,0.3529797568943841,24.731479882165356,60,298.8,8.62389465967212,3,24.029694169789064
279,mora,packing_A,T07,largo,39,G4,8.575857417130011,0.8778572449534271,0.8966739104054877,False,498,476.58928486436525,4.492487728029412,0.3529797568943841,24.731479882165356,60,298.8,8.62389465967212,4,23.921197351431783
279,mora,packing_A,T07,largo,39,G4,8.575857417130011,0.8778572449534271,0.8966739104054877,False,498,476.58928486436525,4.492487728029412,0.3529797568943841,24.731479882165356,60,298.8,8.62389465967212,5,23.748617519150187
279,mora,packing_A,T07,largo,39,G4,8.575857417130011,0.8778572449534271,0.8966739104054877,False,498,476.58928486436525,4.492487728029412,0.3529797568943841,24.731479882165356,60,298.8,8.62389465967212,6,23.535126793422023
279,mora,packing_A,T07,largo,39,G4,8.575857417130011,0.8778572449534271,0.8966739104054877,False,498,476.58928486436525,4.492487728029412,0.3529797568943841,24.731479882165356,60,298.8,8.62389465967212,7,23.226831419733955
279,mora,packing_A,T07,largo,39,G4,8.575857417130011,0.8778572449534271,0.8966739104054877,False,498,476.58928486436525,4.492487728029412,0.3529797568943841,24.731479882165356,60,298.8,8.62389465967212,8,23.10221263215208
279,mora,packing_A,T07,largo,39,G4,8.575857417130011,0.8778572449534271,0.8966739104054877,False,498,476.58928486436525,4.492487728029412,0.3529797568943841,24.731479882165356,60,298.8,8.62389465967212,9,22.97143872584121
279,mora,packing_A,T07,largo,39,G4,8.575857417130011,0.8778572449534271,0.8966739104054877,False,498,476.58928486436525,4.492487728029412,0.3529797568943841,24.731479882165356,60,298.8,8.62389465967212,10,22.60668115081931
279,mora,packing_A,T07,largo,39,G4,8.575857417130011,0.8778572449534271,0.8966739104054877,False,498,476.58928486436525,4.492487728029412,0.3529797568943841,24.731479882165356,60,298.8,8.62389465967212,11,22.321983989722263
279,mora,packing_A,T07,largo,39,G4,8.575857417130011,0.8778572449534271,0.8966739104054877,False,498,476.58928486436525,4.492487728029412,0.3529797568943841,24.731479882165356,60,298.8,8.62389465967212,12,22.217033529198645
279,mora,packing_A,T07,largo,39,G4,8.575857417130011,0.8778572449534271,0.8966739104054877,False,498,476.58928486436525,4.492487728029412,0.3529797568943841,24.731479882165356,60,298.8,8.62389465967212,13,21.996274362814603
279,mora,packing_A,T07,largo,39,G4,8.575857417130011,0.8778572449534271,0.8966739104054877,False,498,476.58928486436525,4.492487728029412,0.3529797568943841,24.731479882165356,60,298.8,8.62389465967212,14,21.65650443780984
279,mora,packing_A,T07,largo,39,G4,8.575857417130011,0.8778572449534271,0.8966739104054877,False,498,476.58928486436525,4.492487728029412,0.3529797568943841,24.731479882165356,60,298.8,8.62389465967212,15,21.42028446677931
279,mora,packing_A,T07,largo,39,G4,8.575857417130011,0.8778572449534271,0.8966739104054877,False,498,476.58928486436525,4.492487728029412,0.3529797568943841,24.731479882165356,60,298.8,8.62389465967212,16,21.29386322198994
279,mora,packing_A,T07,largo,39,G4,8.575857417130011,0.8778572449534271,0.8966739104054877,False,498,476.58928486436525,4.492487728029412,0.3529797568943841,24.731479882165356,60,298.8,8.62389465967212,17,20.953103576350014
279,mora,packing_A,T07,largo,39,G4,8.575857417130011,0.8778572449534271,0.8966739104054877,False,498,476.58928486436525,4.492487728029412,0.3529797568943841,24.731479882165356,60,298.8,8.62389465967212,18,20.5212885570736
279,mora,packing_A,T07,largo,39,G4,8.575857417130011,0.8778572449534271,0.8966739104054877,False,498,476.58928486436525,4.492487728029412,0.3529797568943841,24.731479882165356,60,298.8,8.62389465967212,19,20.427775866496656
279,mora,packing_A,T07,largo,39,G4,8.575857417130011,0.8778572449534271,0.8966739104054877,False,498,476.58928486436525,4.492487728029412,0.3529797568943841,24.731479882165356,60,298.8,8.62389465967212,20,20.1911488001939
279,mora,packing_A,T07,largo,39,G4,8.575857417130011,0.8778572449534271,0.8966739104054877,False,498,476.58928486436525,4.492487728029412,0.3529797568943841,24.731479882165356,60,298.8,8.62389465967212,21,20.002034707326423
279,mora,packing_A,T07,largo,39,G4,8.575857417130011,0.8778572449534271,0.8966739104054877,False,498,476.58928486436525,4.492487728029412,0.3529797568943841,24.731479882165356,60,298.8,8.62389465967212,22,19.66406132550858
279,mora,packing_A,T07,largo,39,G4,8.575857417130011,0.8778572449534271,0.8966739104054877,False,498,476.58928486436525,4.492487728029412,0.3529797568943841,24.731479882165356,60,298.8,8.62389465967212,23,19.194183004273224
279,mora,packing_A,T07,largo,39,G4,8.575857417130011,0.8778572449534271,0.8966739104054877,False,498,476.58928486436525,4.492487728029412,0.3529797568943841,24.731479882165356,60,298.8,8.62389465967212,24,19.33855768741095
279,mora,packing_A,T07,largo,39,G4,8.575857417130011,0.8778572449534271,0.8966739104054877,False,498,476.58928486436525,4.492487728029412,0.3529797568943841,24.731479882165356,60,298.8,8.62389465967212,25,18.695907780208564
279,mora,packing_A,T07,largo,39,G4,8.575857417130011,0.8778572449534271,0.8966739104054877,False,498,476.58928486436525,4.492487728029412,0.3529797568943841,24.731479882165356,60,298.8,8.62389465967212,26,18.5728351722592
279,mora,packing_A,T07,largo,39,G4,8.575857417130011,0.8778572449534271,0.8966739104054877,False,498,476.58928486436525,4.492487728029412,0.3529797568943841,24.731479882165356,60,298.8,8.62389465967212,27,18.128151178257074
279,mora,packing_A,T07,largo,39,G4,8.575857417130011,0.8778572449534271,0.8966739104054877,False,498,476.58928486436525,4.492487728029412,0.3529797568943841,24.731479882165356,60,298.8,8.62389465967212,28,17.85195232883924
279,mora,packing_A,T07,largo,39,G4,8.575857417130011,0.8778572449534271,0.8966739104054877,False,498,476.58928486436525,4.492487728029412,0.3529797568943841,24.731479882165356,60,298.8,8.62389465967212,29,17.833660180743326
279,mora,packing_A,T07,largo,39,G4,8.575857417130011,0.8778572449534271,0.8966739104054877,False,498,476.58928486436525,4.492487728029412,0.3529797568943841,24.731479882165356,60,298.8,8.62389465967212,30,17.562820357233612
279,mora,packing_A,T07,largo,39,G4,8.575857417130011,0.8778572449534271,0.8966739104054877,False,498,476.58928486436525,4.492487728029412,0.3529797568943841,24.731479882165356,60,298.8,8.62389465967212,31,17.156685297844124
279,mora,packing_A,T07,largo,39,G4,8.575857417130011,0.8778572449534271,0.8966739104054877,False,498,476.58928486436525,4.492487728029412,0.3529797568943841,24.731479882165356,60,298.8,8.62389465967212,32,16.79175357066355
279,mora,packing_A,T07,largo,39,G4,8.575857417130011,0.8778572449534271,0.8966739104054877,False,498,476.58928486436525,4.492487728029412,0.3529797568943841,24.731479882165356,60,298.8,8.62389465967212,33,16.49694573904132
279,mora,packing_A,T07,largo,39,G4,8.575857417130011,0.8778572449534271,0.8966739104054877,False,498,476.58928486436525,4.492487728029412,0.3529797568943841,24.731479882165356,60,298.8,8.62389465967212,34,16.436081206407913
279,mora,packing_A,T07,largo,39,G4,8.575857417130011,0.8778572449534271,0.8966739104054877,False,498,476.58928486436525,4.492487728029412,0.3529797568943841,24.731479882165356,60,298.8,8.62389465967212,35,16.1809700332105
279,mora,packing_A,T07,largo,39,G4,8.575857417130011,0.8778572449534271,0.8966739104054877,False,498,476.58928486436525,4.492487728029412,0.3529797568943841,24.731479882165356,60,298.8,8.62389465967212,36,15.869485570760165
279,mora,packing_A,T07,largo,39,G4,8.575857417130011,0.8778572449534271,0.8966739104054877,False,498,476.58928486436525,4.492487728029412,0.3529797568943841,24.731479882165356,60,298.8,8.62389465967212,37,15.687453689949672
279,mora,packing_A,T07,largo,39,G4,8.575857417130011,0.8778572449534271,0.8966739104054877,False,498,476.58928486436525,4.492487728029412,0.3529797568943841,24.731479882165356,60,298.8,8.62389465967212,38,15.337809790848551
279,mora,packing_A,T07,largo,39,G4,8.575857417130011,0.8778572449534271,0.8966739104054877,False,498,476.58928486436525,4.492487728029412,0.3529797568943841,24.731479882165356,60,298.8,8.62389465967212,39,14.941470550473932
279,mora,packing_A,T07,largo,39,G4,8.575857417130011,0.8778572449534271,0.8966739104054877,False,498,476.58928486436525,4.492487728029412,0.3529797568943841,24.731479882165356,60,298.8,8.62389465967212,40,14.670598842718675
279,mora,packing_A,T07,largo,39,G4,8.575857417130011,0.8778572449534271,0.8966739104054877,False,498,476.58928486436525,4.492487728029412,0.3529797568943841,24.731479882165356,60,298.8,8.62389465967212,41,14.37319832518501
279,mora,packing_A,T07,largo,39,G4,8.575857417130011,0.8778572449534271,0.8966739104054877,False,498,476.58928486436525,4.492487728029412,0.3529797568943841,24.731479882165356,60,298.8,8.62389465967212,42,14.028922466471272
279,mora,packing_A,T07,largo,39,G4,8.575857417130011,0.8778572449534271,0.8966739104054877,False,498,476.58928486436525,4.492487728029412,0.3529797568943841,24.731479882165356,60,298.8,8.62389465967212,43,13.757526515869822
279,mora,packing_A,T07,largo,39,G4,8.575857417130011,0.8778572449534271,0.8966739104054877,False,498,476.58928486436525,4.492487728029412,0.3529797568943841,24.731479882165356,60,298.8,8.62389465967212,44,13.624705824379912
279,mora,packing_A,T07,largo,39,G4,8.575857417130011,0.8778572449534271,0.8966739104054877,False,498,476.58928486436525,4.492487728029412,0.3529797568943841,24.731479882165356,60,298.8,8.62389465967212,45,13.22139965089012
279,mora,packing_A,T07,largo,39,G4,8.575857417130011,0.8778572449534271,0.8966739104054877,False,498,476.58928486436525,4.492487728029412,0.3529797568943841,24.731479882165356,60,298.8,8.62389465967212,46,13.227618344961549
279,mora,packing_A,T07,largo,39,G4,8.575857417130011,0.8778572449534271,0.8966739104054877,False,498,476.58928486436525,4.492487728029412,0.3529797568943841,24.731479882165356,60,298.8,8.62389465967212,47,12.557288651584491
279,mora,packing_A,T07,largo,39,G4,8.575857417130011,0.8778572449534271,0.8966739104054877,False,498,476.58928486436525,4.492487728029412,0.3529797568943841,24.731479882165356,60,298.8,8.62389465967212,48,12.435195630839894
279,mora,packing_A,T07,largo,39,G4,8.575857417130011,0.8778572449534271,0.8966739104054877,False,498,476.58928486436525,4.492487728029412,0.3529797568943841,24.731479882165356,60,298.8,8.62389465967212,49,12.365749838300115
279,mora,packing_A,T07,largo,39,G4,8.575857417130011,0.8778572449534271,0.8966739104054877,False,498,476.58928486436525,4.492487728029412,0.3529797568943841,24.731479882165356,60,298.8,8.62389465967212,50,11.782972872372355
279,mora,packing_A,T07,largo,39,G4,8.575857417130011,0.8778572449534271,0.8966739104054877,False,498,476.58928486436525,4.492487728029412,0.3529797568943841,24.731479882165356,60,298.8,8.62389465967212,51,11.543387350317847
279,mora,packing_A,T07,largo,39,G4,8.575857417130011,0.8778572449534271,0.8966739104054877,False,498,476.58928486436525,4.492487728029412,0.3529797568943841,24.731479882165356,60,298.8,8.62389465967212,52,11.577098889669973
279,mora,packing_A,T07,largo,39,G4,8.575857417130011,0.8778572449534271,0.8966739104054877,False,498,476.58928486436525,4.492487728029412,0.3529797568943841,24.731479882165356,60,298.8,8.62389465967212,53,10.935212016368999
279,mora,packing_A,T07,largo,39,G4,8.575857417130011,0.8778572449534271,0.8966739104054877,False,498,476.58928486436525,4.492487728029412,0.3529797568943841,24.731479882165356,60,298.8,8.62389465967212,54,10.743787195378818
279,mora,packing_A,T07,largo,39,G4,8.575857417130011,0.8778572449534271,0.8966739104054877,False,498,476.58928486436525,4.492487728029412,0.3529797568943841,24.731479882165356,60,298.8,8.62389465967212,55,10.512386390434058
279,mora,packing_A,T07,largo,39,G4,8.575857417130011,0.8778572449534271,0.8966739104054877,False,498,476.58928486436525,4.492487728029412,0.3529797568943841,24.731479882165356,60,298.8,8.62389465967212,56,10.356005695163729
279,mora,packing_A,T07,largo,39,G4,8.575857417130011,0.8778572449534271,0.8966739104054877,False,498,476.58928486436525,4.492487728029412,0.3529797568943841,24.731479882165356,60,298.8,8.62389465967212,57,10.210692890428037
279,mora,packing_A,T07,largo,39,G4,8.575857417130011,0.8778572449534271,0.8966739104054877,False,498,476.58928486436525,4.492487728029412,0.3529797568943841,24.731479882165356,60,298.8,8.62389465967212,58,9.576478066529424
279,mora,packing_A,T07,largo,39,G4,8.575857417130011,0.8778572449534271,0.8966739104054877,False,498,476.58928486436525,4.492487728029412,0.3529797568943841,24.731479882165356,60,298.8,8.62389465967212,59,9.43959254878217
279,mora,packing_A,T07,largo,39,G4,8.575857417130011,0.8778572449534271,0.8966739104054877,False,498,476.58928486436525,4.492487728029412,0.3529797568943841,24.731479882165356,60,298.8,8.62389465967212,60,9.158604146727535
279,mora,packing_A,T07,largo,39,G4,8.575857417130011,0.8778572449534271,0.8966739104054877,False,498,476.58928486436525,4.492487728029412,0.3529797568943841,24.731479882165356,60,298.8,8.62389465967212,61,8.708395873097468
279,mora,packing_A,T07,largo,39,G4,8.575857417130011,0.8778572449534271,0.8966739104054877,False,498,476.58928486436525,4.492487728029412,0.3529797568943841,24.731479882165356,60,298.8,8.62389465967212,62,8.526771151911845
279,mora,packing_A,T07,largo,39,G4,8.575857417130011,0.8778572449534271,0.8966739104054877,False,498,476.58928486436525,4.492487728029412,0.3529797568943841,24.731479882165356,60,298.8,8.62389465967212,63,8.27769510218748
279,mora,packing_A,T07,largo,39,G4,8.575857417130011,0.8778572449534271,0.8966739104054877,False,498,476.58928486436525,4.492487728029412,0.3529797568943841,24.731479882165356,60,298.8,8.62389465967212,64,8.16833044114507
279,mora,packing_A,T07,largo,39,G4,8.575857417130011,0.8778572449534271,0.8966739104054877,False,498,476.58928486436525,4.492487728029412,0.3529797568943841,24.731479882165356,60,298.8,8.62389465967212,65,7.734560048131379
279,mora,packing_A,T07,largo,39,G4,8.575857417130011,0.8778572449534271,0.8966739104054877,False,498,476.58928486436525,4.492487728029412,0.3529797568943841,24.731479882165356,60,298.8,8.62389465967212,66,7.763968170220474
279,mora,packing_A,T07,largo,39,G4,8.575857417130011,0.8778572449534271,0.8966739104054877,False,498,476.58928486436525,4.492487728029412,0.3529797568943841,24.731479882165356,60,298.8,8.62389465967212,67,7.147010394870612
279,mora,packing_A,T07,largo,39,G4,8.575857417130011,0.8778572449534271,0.8966739104054877,False,498,476.58928486436525,4.492487728029412,0.3529797568943841,24.731479882165356,60,298.8,8.62389465967212,68,6.957289395536014
279,mora,packing_A,T07,largo,39,G4,8.575857417130011,0.8778572449534271,0.8966739104054877,False,498,476.58928486436525,4.492487728029412,0.3529797568943841,24.731479882165356,60,298.8,8.62389465967212,69,6.674482548309521
279,mora,packing_A,T07,largo,39,G4,8.575857417130011,0.8778572449534271,0.8966739104054877,False,498,476.58928486436525,4.492487728029412,0.3529797568943841,24.731479882165356,60,298.8,8.62389465967212,70,6.460148536071147
279,mora,packing_A,T07,largo,39,G4,8.575857417130011,0.8778572449534271,0.8966739104054877,False,498,476.58928486436525,4.492487728029412,0.3529797568943841,24.731479882165356,60,298.8,8.62389465967212,71,6.188205184979266
279,mora,packing_A,T07,largo,39,G4,8.575857417130011,0.8778572449534271,0.8966739104054877,False,498,476.58928486436525,4.492487728029412,0.3529797568943841,24.731479882165356,60,298.8,8.62389465967212,72,6.0247745241627175
279,mora,packing_A,T07,largo,39,G4,8.575857417130011,0.8778572449534271,0.8966739104054877,False,498,476.58928486436525,4.492487728029412,0.3529797568943841,24.731479882165356,60,298.8,8.62389465967212,73,5.65470353962149
279,mora,packing_A,T07,largo,39,G4,8.575857417130011,0.8778572449534271,0.8966739104054877,False,498,476.58928486436525,4.492487728029412,0.3529797568943841,24.731479882165356,60,298.8,8.62389465967212,74,5.335232252333734
279,mora,packing_A,T07,largo,39,G4,8.575857417130011,0.8778572449534271,0.8966739104054877,False,498,476.58928486436525,4.492487728029412,0.3529797568943841,24.731479882165356,60,298.8,8.62389465967212,75,5.205112820888593
279,mora,packing_A,T07,largo,39,G4,8.575857417130011,0.8778572449534271,0.8966739104054877,False,498,476.58928486436525,4.492487728029412,0.3529797568943841,24.731479882165356,60,298.8,8.62389465967212,76,4.914869648060628
279,mora,packing_A,T07,largo,39,G4,8.575857417130011,0.8778572449534271,0.8966739104054877,False,498,476.58928486436525,4.492487728029412,0.3529797568943841,24.731479882165356,60,298.8,8.62389465967212,77,4.523438381364972
279,mora,packing_A,T07,largo,39,G4,8.575857417130011,0.8778572449534271,0.8966739104054877,False,498,476.58928486436525,4.492487728029412,0.3529797568943841,24.731479882165356,60,298.8,8.62389465967212,78,4.657319771937377
279,mora,packing_A,T07,largo,39,G4,8.575857417130011,0.8778572449534271,0.8966739104054877,False,498,476.58928486436525,4.492487728029412,0.3529797568943841,24.731479882165356,60,298.8,8.62389465967212,79,4.164255913306324
279,mora,packing_A,T07,largo,39,G4,8.575857417130011,0.8778572449534271,0.8966739104054877,False,498,476.58928486436525,4.492487728029412,0.3529797568943841,24.731479882165356,60,298.8,8.62389465967212,80,4.00077629700567
279,mora,packing_A,T07,largo,39,G4,8.575857417130011,0.8778572449534271,0.8966739104054877,False,498,476.58928486436525,4.492487728029412,0.3529797568943841,24.731479882165356,60,298.8,8.62389465967212,81,3.78138926373108
279,mora,packing_A,T07,largo,39,G4,8.575857417130011,0.8778572449534271,0.8966739104054877,False,498,476.58928486436525,4.492487728029412,0.3529797568943841,24.731479882165356,60,298.8,8.62389465967212,82,3.40764459022815
279,mora,packing_A,T07,largo,39,G4,8.575857417130011,0.8778572449534271,0.8966739104054877,False,498,476.58928486436525,4.492487728029412,0.3529797568943841,24.731479882165356,60,298.8,8.62389465967212,83,3.2716908801268616
279,mora,packing_A,T07,largo,39,G4,8.575857417130011,0.8778572449534271,0.8966739104054877,False,498,476.58928486436525,4.492487728029412,0.3529797568943841,24.731479882165356,60,298.8,8.62389465967212,84,2.9944105194419786
279,mora,packing_A,T07,largo,39,G4,8.575857417130011,0.8778572449534271,0.8966739104054877,False,498,476.58928486436525,4.492487728029412,0.3529797568943841,24.731479882165356,60,298.8,8.62389465967212,85,3.0632227166144617
279,mora,packing_A,T07,largo,39,G4,8.575857417130011,0.8778572449534271,0.8966739104054877,False,498,476.58928486436525,4.492487728029412,0.3529797568943841,24.731479882165356,60,298.8,8.62389465967212,86,2.65522104902517
279,mora,packing_A,T07,largo,39,G4,8.575857417130011,0.8778572449534271,0.8966739104054877,False,498,476.58928486436525,4.492487728029412,0.3529797568943841,24.731479882165356,60,298.8,8.62389465967212,87,2.623919603790052
279,mora,packing_A,T07,largo,39,G4,8.575857417130011,0.8778572449534271,0.8966739104054877,False,498,476.58928486436525,4.492487728029412,0.3529797568943841,24.731479882165356,60,298.8,8.62389465967212,88,2.139386520637018
279,mora,packing_A,T07,largo,39,G4,8.575857417130011,0.8778572449534271,0.8966739104054877,False,498,476.58928486436525,4.492487728029412,0.3529797568943841,24.731479882165356,60,298.8,8.62389465967212,89,2.01827159159578
279,mora,packing_A,T07,largo,39,G4,8.575857417130011,0.8778572449534271,0.8966739104054877,False,498,476.58928486436525,4.492487728029412,0.3529797568943841,24.731479882165356,60,298.8,8.62389465967212,90,1.675262320645419
279,mora,packing_A,T07,largo,39,G4,8.575857417130011,0.8778572449534271,0.8966739104054877,False,498,476.58928486436525,4.492487728029412,0.3529797568943841,24.731479882165356,60,298.8,8.62389465967212,91,1.5220251094391708
279,mora,packing_A,T07,largo,39,G4,8.575857417130011,0.8778572449534271,0.8966739104054877,False,498,476.58928486436525,4.492487728029412,0.3529797568943841,24.731479882165356,60,298.8,8.62389465967212,92,1.3276802833857704
279,mora,packing_A,T07,largo,39,G4,8.575857417130011,0.8778572449534271,0.8966739104054877,False,498,476.58928486436525,4.492487728029412,0.3529797568943841,24.731479882165356,60,298.8,8.62389465967212,93,0.9746100765710535
279,mora,packing_A,T07,largo,39,G4,8.575857417130011,0.8778572449534271,0.8966739104054877,False,498,476.58928486436525,4.492487728029412,0.3529797568943841,24.731479882165356,60,298.8,8.62389465967212,94,1.0111736528226274
279,mora,packing_A,T07,largo,39,G4,8.575857417130011,0.8778572449534271,0.8966739104054877,False,498,476.58928486436525,4.492487728029412,0.3529797568943841,24.731479882165356,60,298.8,8.62389465967212,95,0.890192344558222
279,mora,packing_A,T07,largo,39,G4,8.575857417130011,0.8778572449534271,0.8966739104054877,False,498,476.58928486436525,4.492487728029412,0.3529797568943841,24.731479882165356,60,298.8,8.62389465967212,96,0.49806336213221736
279,mora,packing_A,T07,largo,39,G4,8.575857417130011,0.8778572449534271,0.8966739104054877,False,498,476.58928486436525,4.492487728029412,0.3529797568943841,24.731479882165356,60,298.8,8.62389465967212,97,0.25057695970745464
279,mora,packing_A,T07,largo,39,G4,8.575857417130011,0.8778572449534271,0.8966739104054877,False,498,476.58928486436525,4.492487728029412,0.3529797568943841,24.731479882165356,60,298.8,8.62389465967212,98,0.003667877067760547
279,mora,packing_A,T07,largo,39,G4,8.575857417130011,0.8778572449534271,0.8966739104054877,False,498,476.58928486436525,4.492487728029412,0.3529797568943841,24.731479882165356,60,298.8,8.62389465967212,99,-0.13414164406501378
279,mora,packing_A,T07,largo,39,G4,8.575857417130011,0.8778572449534271,0.8966739104054877,False,498,476.58928486436525,4.492487728029412,0.3529797568943841,24.731479882165356,60,298.8,8.62389465967212,100,-0.17735153264297882
279,mora,packing_A,T07,largo,39,G4,8.575857417130011,0.8778572449534271,0.8966739104054877,False,498,476.58928486436525,4.492487728029412,0.3529797568943841,24.731479882165356,60,298.8,8.62389465967212,101,-0.5614018339225122
279,mora,packing_A,T07,largo,39,G4,8.575857417130011,0.8778572449534271,0.8966739104054877,False,498,476.58928486436525,4.492487728029412,0.3529797568943841,24.731479882165356,60,298.8,8.62389465967212,102,-0.7540132430319457
279,mora,packing_A,T07,largo,39,G4,8.575857417130011,0.8778572449534271,0.8966739104054877,False,498,476.58928486436525,4.492487728029412,0.3529797568943841,24.731479882165356,60,298.8,8.62389465967212,103,-0.7469463266915426
279,mora,packing_A,T07,largo,39,G4,8.575857417130011,0.8778572449534271,0.8966739104054877,False,498,476.58928486436525,4.492487728029412,0.3529797568943841,24.731479882165356,60,298.8,8.62389465967212,104,-1.0680614370139483
279,mora,packing_A,T07,largo,39,G4,8.575857417130011,0.8778572449534271,0.8966739104054877,False,498,476.58928486436525,4.492487728029412,0.3529797568943841,24.731479882165356,60,298.8,8.62389465967212,105,-1.220183326792847
279,mora,packing_A,T07,largo,39,G4,8.575857417130011,0.8778572449534271,0.8966739104054877,False,498,476.58928486436525,4.492487728029412,0.3529797568943841,24.731479882165356,60,298.8,8.62389465967212,106,-1.3129962299918303
279,mora,packing_A,T07,largo,39,G4,8.575857417130011,0.8778572449534271,0.8966739104054877,False,498,476.58928486436525,4.492487728029412,0.3529797568943841,24.731479882165356,60,298.8,8.62389465967212,107,-1.4351547032214538
279,mora,packing_A,T07,largo,39,G4,8.575857417130011,0.8778572449534271,0.8966739104054877,False,498,476.58928486436525,4.492487728029412,0.3529797568943841,24.731479882165356,60,298.8,8.62389465967212,108,-1.9134961754391715
279,mora,packing_A,T07,largo,39,G4,8.575857417130011,0.8778572449534271,0.8966739104054877,False,498,476.58928486436525,4.492487728029412,0.3529797568943841,24.731479882165356,60,298.8,8.62389465967212,109,-1.9247817929760194
279,mora,packing_A,T07,largo,39,G4,8.575857417130011,0.8778572449534271,0.8966739104054877,False,498,476.58928486436525,4.492487728029412,0.3529797568943841,24.731479882165356,60,298.8,8.62389465967212,110,-1.9115695154252592
279,mora,packing_A,T07,largo,39,G4,8.575857417130011,0.8778572449534271,0.8966739104054877,False,498,476.58928486436525,4.492487728029412,0.3529797568943841,24.731479882165356,60,298.8,8.62389465967212,111,-2.0593224634294747
279,mora,packing_A,T07,largo,39,G4,8.575857417130011,0.8778572449534271,0.8966739104054877,False,498,476.58928486436525,4.492487728029412,0.3529797568943841,24.731479882165356,60,298.8,8.62389465967212,112,-2.336371504525995
279,mora,packing_A,T07,largo,39,G4,8.575857417130011,0.8778572449534271,0.8966739104054877,False,498,476.58928486436525,4.492487728029412,0.3529797568943841,24.731479882165356,60,298.8,8.62389465967212,113,-2.5067514401364805
279,mora,packing_A,T07,largo,39,G4,8.575857417130011,0.8778572449534271,0.8966739104054877,False,498,476.58928486436525,4.492487728029412,0.3529797568943841,24.731479882165356,60,298.8,8.62389465967212,114,-2.7133493398613564
279,mora,packing_A,T07,largo,39,G4,8.575857417130011,0.8778572449534271,0.8966739104054877,False,498,476.58928486436525,4.492487728029412,0.3529797568943841,24.731479882165356,60,298.8,8.62389465967212,115,-2.7640547427803344
279,mora,packing_A,T07,largo,39,G4,8.575857417130011,0.8778572449534271,0.8966739104054877,False,498,476.58928486436525,4.492487728029412,0.3529797568943841,24.731479882165356,60,298.8,8.62389465967212,116,-2.9698887199939152
279,mora,packing_A,T07,largo,39,G4,8.575857417130011,0.8778572449534271,0.8966739104054877,False,498,476.58928486436525,4.492487728029412,0.3529797568943841,24.731479882165356,60,298.8,8.62389465967212,117,-2.9879233276969543
279,mora,packing_A,T07,largo,39,G4,8.575857417130011,0.8778572449534271,0.8966739104054877,False,498,476.58928486436525,4.492487728029412,0.3529797568943841,24.731479882165356,60,298.8,8.62389465967212,118,-3.0819405155439634
279,mora,packing_A,T07,largo,39,G4,8.575857417130011,0.8778572449534271,0.8966739104054877,False,498,476.58928486436525,4.492487728029412,0.3529797568943841,24.731479882165356,60,298.8,8.62389465967212,119,-3.407371719064489
279,mora,packing_A,T07,largo,39,G4,8.575857417130011,0.8778572449534271,0.8966739104054877,False,498,476.58928486436525,4.492487728029412,0.3529797568943841,24.731479882165356,60,298.8,8.62389465967212,120,-3.448509633133221
279,mora,packing_A,T07,largo,39,G4,8.575857417130011,0.8778572449534271,0.8966739104054877,False,498,476.58928486436525,4.492487728029412,0.3529797568943841,24.731479882165356,60,298.8,8.62389465967212,121,-3.5601063887788325
279,mora,packing_A,T07,largo,39,G4,8.575857417130011,0.8778572449534271,0.8966739104054877,False,498,476.58928486436525,4.492487728029412,0.3529797568943841,24.731479882165356,60,298.8,8.62389465967212,122,-3.6350838880427467
279,mora,packing_A,T07,largo,39,G4,8.575857417130011,0.8778572449534271,0.8966739104054877,False,498,476.58928486436525,4.492487728029412,0.3529797568943841,24.731479882165356,60,298.8,8.62389465967212,123,-3.8660048493382373
279,mora,packing_A,T07,largo,39,G4,8.575857417130011,0.8778572449534271,0.8966739104054877,False,498,476.58928486436525,4.492487728029412,0.3529797568943841,24.731479882165356,60,298.8,8.62389465967212,124,-4.050141849425772
279,mora,packing_A,T07,largo,39,G4,8.575857417130011,0.8778572449534271,0.8966739104054877,False,498,476.58928486436525,4.492487728029412,0.3529797568943841,24.731479882165356,60,298.8,8.62389465967212,125,-4.093420020397771
279,mora,packing_A,T07,largo,39,G4,8.575857417130011,0.8778572449534271,0.8966739104054877,False,498,476.58928486436525,4.492487728029412,0.3529797568943841,24.731479882165356,60,298.8,8.62389465967212,126,-4.299161589066575
279,mora,packing_A,T07,largo,39,G4,8.575857417130011,0.8778572449534271,0.8966739104054877,False,498,476.58928486436525,4.492487728029412,0.3529797568943841,24.731479882165356,60,298.8,8.62389465967212,127,-4.389094827827294
279,mora,packing_A,T07,largo,39,G4,8.575857417130011,0.8778572449534271,0.8966739104054877,False,498,476.58928486436525,4.492487728029412,0.3529797568943841,24.731479882165356,60,298.8,8.62389465967212,128,-4.387868716746266
279,mora,packing_A,T07,largo,39,G4,8.575857417130011,0.8778572449534271,0.8966739104054877,False,498,476.58928486436525,4.492487728029412,0.3529797568943841,24.731479882165356,60,298.8,8.62389465967212,129,-4.934546862310534
279,mora,packing_A,T07,largo,39,G4,8.575857417130011,0.8778572449534271,0.8966739104054877,False,498,476.58928486436525,4.492487728029412,0.3529797568943841,24.731479882165356,60,298.8,8.62389465967212,130,-4.659808208777749
279,mora,packing_A,T07,largo,39,G4,8.575857417130011,0.8778572449534271,0.8966739104054877,False,498,476.58928486436525,4.492487728029412,0.3529797568943841,24.731479882165356,60,298.8,8.62389465967212,131,-4.522966616964245
279,mora,packing_A,T07,largo,39,G4,8.575857417130011,0.8778572449534271,0.8966739104054877,False,498,476.58928486436525,4.492487728029412,0.3529797568943841,24.731479882165356,60,298.8,8.62389465967212,132,-4.9776785681830304
279,mora,packing_A,T07,largo,39,G4,8.575857417130011,0.8778572449534271,0.8966739104054877,False,498,476.58928486436525,4.492487728029412,0.3529797568943841,24.731479882165356,60,298.8,8.62389465967212,133,-4.985147905609358
279,mora,packing_A,T07,largo,39,G4,8.575857417130011,0.8778572449534271,0.8966739104054877,False,498,476.58928486436525,4.492487728029412,0.3529797568943841,24.731479882165356,60,298.8,8.62389465967212,134,-4.9001268654583425
279,mora,packing_A,T07,largo,39,G4,8.575857417130011,0.8778572449534271,0.8966739104054877,False,498,476.58928486436525,4.492487728029412,0.3529797568943841,24.731479882165356,60,298.8,8.62389465967212,135,-5.010596083059662
279,mora,packing_A,T07,largo,39,G4,8.575857417130011,0.8778572449534271,0.8966739104054877,False,498,476.58928486436525,4.492487728029412,0.3529797568943841,24.731479882165356,60,298.8,8.62389465967212,136,-5.130022785368729
279,mora,packing_A,T07,largo,39,G4,8.575857417130011,0.8778572449534271,0.8966739104054877,False,498,476.58928486436525,4.492487728029412,0.3529797568943841,24.731479882165356,60,298.8,8.62389465967212,137,-5.435268026636108
279,mora,packing_A,T07,largo,39,G4,8.575857417130011,0.8778572449534271,0.8966739104054877,False,498,476.58928486436525,4.492487728029412,0.3529797568943841,24.731479882165356,60,298.8,8.62389465967212,138,-5.570993928147124
279,mora,packing_A,T07,largo,39,G4,8.575857417130011,0.8778572449534271,0.8966739104054877,False,498,476.58928486436525,4.492487728029412,0.3529797568943841,24.731479882165356,60,298.8,8.62389465967212,139,-5.400984591905861
279,mora,packing_A,T07,largo,39,G4,8.575857417130011,0.8778572449534271,0.8966739104054877,False,498,476.58928486436525,4.492487728029412,0.3529797568943841,24.731479882165356,60,298.8,8.62389465967212,140,-5.3215947138393584
279,mora,packing_A,T07,largo,39,G4,8.575857417130011,0.8778572449534271,0.8966739104054877,False,498,476.58928486436525,4.492487728029412,0.3529797568943841,24.731479882165356,60,298.8,8.62389465967212,141,-5.825781734472563
279,mora,packing_A,T07,largo,39,G4,8.575857417130011,0.8778572449534271,0.8966739104054877,False,498,476.58928486436525,4.492487728029412,0.3529797568943841,24.731479882165356,60,298.8,8.62389465967212,142,-5.7418616738826636
279,mora,packing_A,T07,largo,39,G4,8.575857417130011,0.8778572449534271,0.8966739104054877,False,498,476.58928486436525,4.492487728029412,0.3529797568943841,24.731479882165356,60,298.8,8.62389465967212,143,-5.880115923430502
279,mora,packing_A,T07,largo,39,G4,8.575857417130011,0.8778572449534271,0.8966739104054877,False,498,476.58928486436525,4.492487728029412,0.3529797568943841,24.731479882165356,60,298.8,8.62389465967212,144,-5.840872332409201
279,mora,packing_A,T07,largo,39,G4,8.575857417130011,0.8778572449534271,0.8966739104054877,False,498,476.58928486436525,4.492487728029412,0.3529797568943841,24.731479882165356,60,298.8,8.62389465967212,145,-5.857414299884145
279,mora,packing_A,T07,largo,39,G4,8.575857417130011,0.8778572449534271,0.8966739104054877,False,498,476.58928486436525,4.492487728029412,0.3529797568943841,24.731479882165356,60,298.8,8.62389465967212,146,-5.803384863105887
279,mora,packing_A,T07,largo,39,G4,8.575857417130011,0.8778572449534271,0.8966739104054877,False,498,476.58928486436525,4.492487728029412,0.3529797568943841,24.731479882165356,60,298.8,8.62389465967212,147,-5.953392076268133
279,mora,packing_A,T07,largo,39,G4,8.575857417130011,0.8778572449534271,0.8966739104054877,False,498,476.58928486436525,4.492487728029412,0.3529797568943841,24.731479882165356,60,298.8,8.62389465967212,148,-6.108356071732378
279,mora,packing_A,T07,largo,39,G4,8.575857417130011,0.8778572449534271,0.8966739104054877,False,498,476.58928486436525,4.492487728029412,0.3529797568943841,24.731479882165356,60,298.8,8.62389465967212,149,-6.092649547270446
279,mora,packing_A,T07,largo,39,G4,8.575857417130011,0.8778572449534271,0.8966739104054877,False,498,476.58928486436525,4.492487728029412,0.3529797568943841,24.731479882165356,60,298.8,8.62389465967212,150,-6.230282307216886
279,mora,packing_A,T07,largo,39,G4,8.575857417130011,0.8778572449534271,0.8966739104054877,False,498,476.58928486436525,4.492487728029412,0.3529797568943841,24.731479882165356,60,298.8,8.62389465967212,151,-6.2905115939878
279,mora,packing_A,T07,largo,39,G4,8.575857417130011,0.8778572449534271,0.8966739104054877,False,498,476.58928486436525,4.492487728029412,0.3529797568943841,24.731479882165356,60,298.8,8.62389465967212,152,-6.151484463330237
279,mora,packing_A,T07,largo,39,G4,8.575857417130011,0.8778572449534271,0.8966739104054877,False,498,476.58928486436525,4.492487728029412,0.3529797568943841,24.731479882165356,60,298.8,8.62389465967212,153,-6.309975866685583
279,mora,packing_A,T07,largo,39,G4,8.575857417130011,0.8778572449534271,0.8966739104054877,False,498,476.58928486436525,4.492487728029412,0.3529797568943841,24.731479882165356,60,298.8,8.62389465967212,154,-6.4079655424602455
279,mora,packing_A,T07,largo,39,G4,8.575857417130011,0.8778572449534271,0.8966739104054877,False,498,476.58928486436525,4.492487728029412,0.3529797568943841,24.731479882165356,60,298.8,8.62389465967212,155,-6.4188449196705735
279,mora,packing_A,T07,largo,39,G4,8.575857417130011,0.8778572449534271,0.8966739104054877,False,498,476.58928486436525,4.492487728029412,0.3529797568943841,24.731479882165356,60,298.8,8.62389465967212,156,-6.449968867395505
279,mora,packing_A,T07,largo,39,G4,8.575857417130011,0.8778572449534271,0.8966739104054877,False,498,476.58928486436525,4.492487728029412,0.3529797568943841,24.731479882165356,60,298.8,8.62389465967212,157,-6.66302526646704
279,mora,packing_A,T07,largo,39,G4,8.575857417130011,0.8778572449534271,0.8966739104054877,False,498,476.58928486436525,4.492487728029412,0.3529797568943841,24.731479882165356,60,298.8,8.62389465967212,158,-6.669360298742926
279,mora,packing_A,T07,largo,39,G4,8.575857417130011,0.8778572449534271,0.8966739104054877,False,498,476.58928486436525,4.492487728029412,0.3529797568943841,24.731479882165356,60,298.8,8.62389465967212,159,-6.5188360246515025
279,mora,packing_A,T07,largo,39,G4,8.575857417130011,0.8778572449534271,0.8966739104054877,False,498,476.58928486436525,4.492487728029412,0.3529797568943841,24.731479882165356,60,298.8,8.62389465967212,160,-6.5617014299085366
279,mora,packing_A,T07,largo,39,G4,8.575857417130011,0.8778572449534271,0.8966739104054877,False,498,476.58928486436525,4.492487728029412,0.3529797568943841,24.731479882165356,60,298.8,8.62389465967212,161,-6.692736978950668
279,mora,packing_A,T07,largo,39,G4,8.575857417130011,0.8778572449534271,0.8966739104054877,False,498,476.58928486436525,4.492487728029412,0.3529797568943841,24.731479882165356,60,298.8,8.62389465967212,162,-6.5929274662997095
279,mora,packing_A,T07,largo,39,G4,8.575857417130011,0.8778572449534271,0.8966739104054877,False,498,476.58928486436525,4.492487728029412,0.3529797568943841,24.731479882165356,60,298.8,8.62389465967212,163,-6.482540340106336
279,mora,packing_A,T07,largo,39,G4,8.575857417130011,0.8778572449534271,0.8966739104054877,False,498,476.58928486436525,4.492487728029412,0.3529797568943841,24.731479882165356,60,298.8,8.62389465967212,164,-6.845287158182776
279,mora,packing_A,T07,largo,39,G4,8.575857417130011,0.8778572449534271,0.8966739104054877,False,498,476.58928486436525,4.492487728029412,0.3529797568943841,24.731479882165356,60,298.8,8.62389465967212,165,-6.600788189151285
279,mora,packing_A,T07,largo,39,G4,8.575857417130011,0.8778572449534271,0.8966739104054877,False,498,476.58928486436525,4.492487728029412,0.3529797568943841,24.731479882165356,60,298.8,8.62389465967212,166,-6.55967799700955
279,mora,packing_A,T07,largo,39,G4,8.575857417130011,0.8778572449534271,0.8966739104054877,False,498,476.58928486436525,4.492487728029412,0.3529797568943841,24.731479882165356,60,298.8,8.62389465967212,167,-6.713521629072901
279,mora,packing_A,T07,largo,39,G4,8.575857417130011,0.8778572449534271,0.8966739104054877,False,498,476.58928486436525,4.492487728029412,0.3529797568943841,24.731479882165356,60,298.8,8.62389465967212,168,-6.831850456027057
279,mora,packing_A,T07,largo,39,G4,8.575857417130011,0.8778572449534271,0.8966739104054877,False,498,476.58928486436525,4.492487728029412,0.3529797568943841,24.731479882165356,60,298.8,8.62389465967212,169,-6.788407895403394
279,mora,packing_A,T07,largo,39,G4,8.575857417130011,0.8778572449534271,0.8966739104054877,False,498,476.58928486436525,4.492487728029412,0.3529797568943841,24.731479882165356,60,298.8,8.62389465967212,170,-6.606522745889946
279,mora,packing_A,T07,largo,39,G4,8.575857417130011,0.8778572449534271,0.8966739104054877,False,498,476.58928486436525,4.492487728029412,0.3529797568943841,24.731479882165356,60,298.8,8.62389465967212,171,-6.540406844665582
279,mora,packing_A,T07,largo,39,G4,8.575857417130011,0.8778572449534271,0.8966739104054877,False,498,476.58928486436525,4.492487728029412,0.3529797568943841,24.731479882165356,60,298.8,8.62389465967212,172,-6.746896526102498
279,mora,packing_A,T07,largo,39,G4,8.575857417130011,0.8778572449534271,0.8966739104054877,False,498,476.58928486436525,4.492487728029412,0.3529797568943841,24.731479882165356,60,298.8,8.62389465967212,173,-6.757102876824748
279,mora,packing_A,T07,largo,39,G4,8.575857417130011,0.8778572449534271,0.8966739104054877,False,498,476.58928486436525,4.492487728029412,0.3529797568943841,24.731479882165356,60,298.8,8.62389465967212,174,-6.749638117236842
279,mora,packing_A,T07,largo,39,G4,8.575857417130011,0.8778572449534271,0.8966739104054877,False,498,476.58928486436525,4.492487728029412,0.3529797568943841,24.731479882165356,60,298.8,8.62389465967212,175,-6.712862227922806
279,mora,packing_A,T07,largo,39,G4,8.575857417130011,0.8778572449534271,0.8966739104054877,False,498,476.58928486436525,4.492487728029412,0.3529797568943841,24.731479882165356,60,298.8,8.62389465967212,176,-6.684459143713232
279,mora,packing_A,T07,largo,39,G4,8.575857417130011,0.8778572449534271,0.8966739104054877,False,498,476.58928486436525,4.492487728029412,0.3529797568943841,24.731479882165356,60,298.8,8.62389465967212,177,-6.525636883148859
279,mora,packing_A,T07,largo,39,G4,8.575857417130011,0.8778572449534271,0.8966739104054877,False,498,476.58928486436525,4.492487728029412,0.3529797568943841,24.731479882165356,60,298.8,8.62389465967212,178,-6.725435343069896
279,mora,packing_A,T07,largo,39,G4,8.575857417130011,0.8778572449534271,0.8966739104054877,False,498,476.58928486436525,4.492487728029412,0.3529797568943841,24.731479882165356,60,298.8,8.62389465967212,179,-6.688520530539119
279,mora,packing_A,T07,largo,39,G4,8.575857417130011,0.8778572449534271,0.8966739104054877,False,498,476.58928486436525,4.492487728029412,0.3529797568943841,24.731479882165356,60,298.8,8.62389465967212,180,-6.614189906751109
279,mora,packing_A,T07,largo,39,G4,8.575857417130011,0.8778572449534271,0.8966739104054877,False,498,476.58928486436525,4.492487728029412,0.3529797568943841,24.731479882165356,60,298.8,8.62389465967212,181,-6.540161523058747
279,mora,packing_A,T07,largo,39,G4,8.575857417130011,0.8778572449534271,0.8966739104054877,False,498,476.58928486436525,4.492487728029412,0.3529797568943841,24.731479882165356,60,298.8,8.62389465967212,182,-6.686997455330497
279,mora,packing_A,T07,largo,39,G4,8.575857417130011,0.8778572449534271,0.8966739104054877,False,498,476.58928486436525,4.492487728029412,0.3529797568943841,24.731479882165356,60,298.8,8.62389465967212,183,-6.740754883349283
279,mora,packing_A,T07,largo,39,G4,8.575857417130011,0.8778572449534271,0.8966739104054877,False,498,476.58928486436525,4.492487728029412,0.3529797568943841,24.731479882165356,60,298.8,8.62389465967212,184,-6.623331870807151
279,mora,packing_A,T07,largo,39,G4,8.575857417130011,0.8778572449534271,0.8966739104054877,False,498,476.58928486436525,4.492487728029412,0.3529797568943841,24.731479882165356,60,298.8,8.62389465967212,185,-6.618548728817838
279,mora,packing_A,T07,largo,39,G4,8.575857417130011,0.8778572449534271,0.8966739104054877,False,498,476.58928486436525,4.492487728029412,0.3529797568943841,24.731479882165356,60,298.8,8.62389465967212,186,-6.580084489727595
279,mora,packing_A,T07,largo,39,G4,8.575857417130011,0.8778572449534271,0.8966739104054877,False,498,476.58928486436525,4.492487728029412,0.3529797568943841,24.731479882165356,60,298.8,8.62389465967212,187,-6.558747000476361
279,mora,packing_A,T07,largo,39,G4,8.575857417130011,0.8778572449534271,0.8966739104054877,False,498,476.58928486436525,4.492487728029412,0.3529797568943841,24.731479882165356,60,298.8,8.62389465967212,188,-6.458522224150873
279,mora,packing_A,T07,largo,39,G4,8.575857417130011,0.8778572449534271,0.8966739104054877,False,498,476.58928486436525,4.492487728029412,0.3529797568943841,24.731479882165356,60,298.8,8.62389465967212,189,-6.424926593302154
279,mora,packing_A,T07,largo,39,G4,8.575857417130011,0.8778572449534271,0.8966739104054877,False,498,476.58928486436525,4.492487728029412,0.3529797568943841,24.731479882165356,60,298.8,8.62389465967212,190,-6.512798845659343
279,mora,packing_A,T07,largo,39,G4,8.575857417130011,0.8778572449534271,0.8966739104054877,False,498,476.58928486436525,4.492487728029412,0.3529797568943841,24.731479882165356,60,298.8,8.62389465967212,191,-6.432231355103731
279,mora,packing_A,T07,largo,39,G4,8.575857417130011,0.8778572449534271,0.8966739104054877,False,498,476.58928486436525,4.492487728029412,0.3529797568943841,24.731479882165356,60,298.8,8.62389465967212,192,-6.399821260836279
279,mora,packing_A,T07,largo,39,G4,8.575857417130011,0.8778572449534271,0.8966739104054877,False,498,476.58928486436525,4.492487728029412,0.3529797568943841,24.731479882165356,60,298.8,8.62389465967212,193,-6.2697340947648215
279,mora,packing_A,T07,largo,39,G4,8.575857417130011,0.8778572449534271,0.8966739104054877,False,498,476.58928486436525,4.492487728029412,0.3529797568943841,24.731479882165356,60,298.8,8.62389465967212,194,-6.16385208302083
279,mora,packing_A,T07,largo,39,G4,8.575857417130011,0.8778572449534271,0.8966739104054877,False,498,476.58928486436525,4.492487728029412,0.3529797568943841,24.731479882165356,60,298.8,8.62389465967212,195,-6.130392682622141
279,mora,packing_A,T07,largo,39,G4,8.575857417130011,0.8778572449534271,0.8966739104054877,False,498,476.58928486436525,4.492487728029412,0.3529797568943841,24.731479882165356,60,298.8,8.62389465967212,196,-6.026184240155559
279,mora,packing_A,T07,largo,39,G4,8.575857417130011,0.8778572449534271,0.8966739104054877,False,498,476.58928486436525,4.492487728029412,0.3529797568943841,24.731479882165356,60,298.8,8.62389465967212,197,-6.138775638651949
279,mora,packing_A,T07,largo,39,G4,8.575857417130011,0.8778572449534271,0.8966739104054877,False,498,476.58928486436525,4.492487728029412,0.3529797568943841,24.731479882165356,60,298.8,8.62389465967212,198,-6.040637526686328
279,mora,packing_A,T07,largo,39,G4,8.575857417130011,0.8778572449534271,0.8966739104054877,False,498,476.58928486436525,4.492487728029412,0.3529797568943841,24.731479882165356,60,298.8,8.62389465967212,199,-6.1322770421559465
279,mora,packing_A,T07,largo,39,G4,8.575857417130011,0.8778572449534271,0.8966739104054877,False,498,476.58928486436525,4.492487728029412,0.3529797568943841,24.731479882165356,60,298.8,8.62389465967212,200,-5.83635757205931
279,mora,packing_A,T07,largo,39,G4,8.575857417130011,0.8778572449534271,0.8966739104054877,False,498,476.58928486436525,4.492487728029412,0.3529797568943841,24.731479882165356,60,298.8,8.62389465967212,201,-6.146573883810311
279,mora,packing_A,T07,largo,39,G4,8.575857417130011,0.8778572449534271,0.8966739104054877,False,498,476.58928486436525,4.492487728029412,0.3529797568943841,24.731479882165356,60,298.8,8.62389465967212,202,-5.885878843381063
279,mora,packing_A,T07,largo,39,G4,8.575857417130011,0.8778572449534271,0.8966739104054877,False,498,476.58928486436525,4.492487728029412,0.3529797568943841,24.731479882165356,60,298.8,8.62389465967212,203,-5.941098707824068
279,mora,packing_A,T07,largo,39,G4,8.575857417130011,0.8778572449534271,0.8966739104054877,False,498,476.58928486436525,4.492487728029412,0.3529797568943841,24.731479882165356,60,298.8,8.62389465967212,204,-5.8447902489712495
279,mora,packing_A,T07,largo,39,G4,8.575857417130011,0.8778572449534271,0.8966739104054877,False,498,476.58928486436525,4.492487728029412,0.3529797568943841,24.731479882165356,60,298.8,8.62389465967212,205,-5.792182320638974
279,mora,packing_A,T07,largo,39,G4,8.575857417130011,0.8778572449534271,0.8966739104054877,False,498,476.58928486436525,4.492487728029412,0.3529797568943841,24.731479882165356,60,298.8,8.62389465967212,206,-5.873781896898538
279,mora,packing_A,T07,largo,39,G4,8.575857417130011,0.8778572449534271,0.8966739104054877,False,498,476.58928486436525,4.492487728029412,0.3529797568943841,24.731479882165356,60,298.8,8.62389465967212,207,-5.587909703801533
279,mora,packing_A,T07,largo,39,G4,8.575857417130011,0.8778572449534271,0.8966739104054877,False,498,476.58928486436525,4.492487728029412,0.3529797568943841,24.731479882165356,60,298.8,8.62389465967212,208,-5.660849734476159
279,mora,packing_A,T07,largo,39,G4,8.575857417130011,0.8778572449534271,0.8966739104054877,False,498,476.58928486436525,4.492487728029412,0.3529797568943841,24.731479882165356,60,298.8,8.62389465967212,209,-5.585530427624283
279,mora,packing_A,T07,largo,39,G4,8.575857417130011,0.8778572449534271,0.8966739104054877,False,498,476.58928486436525,4.492487728029412,0.3529797568943841,24.731479882165356,60,298.8,8.62389465967212,210,-5.585743706883156
279,mora,packing_A,T07,largo,39,G4,8.575857417130011,0.8778572449534271,0.8966739104054877,False,498,476.58928486436525,4.492487728029412,0.3529797568943841,24.731479882165356,60,298.8,8.62389465967212,211,-5.4108924267490375
279,mora,packing_A,T07,largo,39,G4,8.575857417130011,0.8778572449534271,0.8966739104054877,False,498,476.58928486436525,4.492487728029412,0.3529797568943841,24.731479882165356,60,298.8,8.62389465967212,212,-5.549939301799975
279,mora,packing_A,T07,largo,39,G4,8.575857417130011,0.8778572449534271,0.8966739104054877,False,498,476.58928486436525,4.492487728029412,0.3529797568943841,24.731479882165356,60,298.8,8.62389465967212,213,-5.457680459327754
279,mora,packing_A,T07,largo,39,G4,8.575857417130011,0.8778572449534271,0.8966739104054877,False,498,476.58928486436525,4.492487728029412,0.3529797568943841,24.731479882165356,60,298.8,8.62389465967212,214,-5.386854160577903
279,mora,packing_A,T07,largo,39,G4,8.575857417130011,0.8778572449534271,0.8966739104054877,False,498,476.58928486436525,4.492487728029412,0.3529797568943841,24.731479882165356,60,298.8,8.62389465967212,215,-5.217333745294808
279,mora,packing_A,T07,largo,39,G4,8.575857417130011,0.8778572449534271,0.8966739104054877,False,498,476.58928486436525,4.492487728029412,0.3529797568943841,24.731479882165356,60,298.8,8.62389465967212,216,-5.196387252868604
279,mora,packing_A,T07,largo,39,G4,8.575857417130011,0.8778572449534271,0.8966739104054877,False,498,476.58928486436525,4.492487728029412,0.3529797568943841,24.731479882165356,60,298.8,8.62389465967212,217,-5.2234750676284065
279,mora,packing_A,T07,largo,39,G4,8.575857417130011,0.8778572449534271,0.8966739104054877,False,498,476.58928486436525,4.492487728029412,0.3529797568943841,24.731479882165356,60,298.8,8.62389465967212,218,-4.991555680971861
279,mora,packing_A,T07,largo,39,G4,8.575857417130011,0.8778572449534271,0.8966739104054877,False,498,476.58928486436525,4.492487728029412,0.3529797568943841,24.731479882165356,60,298.8,8.62389465967212,219,-4.9641980116997555
279,mora,packing_A,T07,largo,39,G4,8.575857417130011,0.8778572449534271,0.8966739104054877,False,498,476.58928486436525,4.492487728029412,0.3529797568943841,24.731479882165356,60,298.8,8.62389465967212,220,-5.044116769669255
279,mora,packing_A,T07,largo,39,G4,8.575857417130011,0.8778572449534271,0.8966739104054877,False,498,476.58928486436525,4.492487728029412,0.3529797568943841,24.731479882165356,60,298.8,8.62389465967212,221,-4.709202795247023
279,mora,packing_A,T07,largo,39,G4,8.575857417130011,0.8778572449534271,0.8966739104054877,False,498,476.58928486436525,4.492487728029412,0.3529797568943841,24.731479882165356,60,298.8,8.62389465967212,222,-4.812385295022945
279,mora,packing_A,T07,largo,39,G4,8.575857417130011,0.8778572449534271,0.8966739104054877,False,498,476.58928486436525,4.492487728029412,0.3529797568943841,24.731479882165356,60,298.8,8.62389465967212,223,-4.6665734069432085
279,mora,packing_A,T07,largo,39,G4,8.575857417130011,0.8778572449534271,0.8966739104054877,False,498,476.58928486436525,4.492487728029412,0.3529797568943841,24.731479882165356,60,298.8,8.62389465967212,224,-4.7116379852926915
279,mora,packing_A,T07,largo,39,G4,8.575857417130011,0.8778572449534271,0.8966739104054877,False,498,476.58928486436525,4.492487728029412,0.3529797568943841,24.731479882165356,60,298.8,8.62389465967212,225,-4.63624540275753
279,mora,packing_A,T07,largo,39,G4,8.575857417130011,0.8778572449534271,0.8966739104054877,False,498,476.58928486436525,4.492487728029412,0.3529797568943841,24.731479882165356,60,298.8,8.62389465967212,226,-4.585973904751866
279,mora,packing_A,T07,largo,39,G4,8.575857417130011,0.8778572449534271,0.8966739104054877,False,498,476.58928486436525,4.492487728029412,0.3529797568943841,24.731479882165356,60,298.8,8.62389465967212,227,-4.6038678407398965
279,mora,packing_A,T07,largo,39,G4,8.575857417130011,0.8778572449534271,0.8966739104054877,False,498,476.58928486436525,4.492487728029412,0.3529797568943841,24.731479882165356,60,298.8,8.62389465967212,228,-4.4256812638375775
279,mora,packing_A,T07,largo,39,G4,8.575857417130011,0.8778572449534271,0.8966739104054877,False,498,476.58928486436525,4.492487728029412,0.3529797568943841,24.731479882165356,60,298.8,8.62389465967212,229,-4.438318417660289
279,mora,packing_A,T07,largo,39,G4,8.575857417130011,0.8778572449534271,0.8966739104054877,False,498,476.58928486436525,4.492487728029412,0.3529797568943841,24.731479882165356,60,298.8,8.62389465967212,230,-4.333961259053985
279,mora,packing_A,T07,largo,39,G4,8.575857417130011,0.8778572449534271,0.8966739104054877,False,498,476.58928486436525,4.492487728029412,0.3529797568943841,24.731479882165356,60,298.8,8.62389465967212,231,-4.262641554027599
279,mora,packing_A,T07,largo,39,G4,8.575857417130011,0.8778572449534271,0.8966739104054877,False,498,476.58928486436525,4.492487728029412,0.3529797568943841,24.731479882165356,60,298.8,8.62389465967212,232,-4.219417305148437
279,mora,packing_A,T07,largo,39,G4,8.575857417130011,0.8778572449534271,0.8966739104054877,False,498,476.58928486436525,4.492487728029412,0.3529797568943841,24.731479882165356,60,298.8,8.62389465967212,233,-4.099108499384748
279,mora,packing_A,T07,largo,39,G4,8.575857417130011,0.8778572449534271,0.8966739104054877,False,498,476.58928486436525,4.492487728029412,0.3529797568943841,24.731479882165356,60,298.8,8.62389465967212,234,-4.077739375226747
279,mora,packing_A,T07,largo,39,G4,8.575857417130011,0.8778572449534271,0.8966739104054877,False,498,476.58928486436525,4.492487728029412,0.3529797568943841,24.731479882165356,60,298.8,8.62389465967212,235,-3.8558494773414465
279,mora,packing_A,T07,largo,39,G4,8.575857417130011,0.8778572449534271,0.8966739104054877,False,498,476.58928486436525,4.492487728029412,0.3529797568943841,24.731479882165356,60,298.8,8.62389465967212,236,-3.9524007668971732
279,mora,packing_A,T07,largo,39,G4,8.575857417130011,0.8778572449534271,0.8966739104054877,False,498,476.58928486436525,4.492487728029412,0.3529797568943841,24.731479882165356,60,298.8,8.62389465967212,237,-3.849157029218324
279,mora,packing_A,T07,largo,39,G4,8.575857417130011,0.8778572449534271,0.8966739104054877,False,498,476.58928486436525,4.492487728029412,0.3529797568943841,24.731479882165356,60,298.8,8.62389465967212,238,-3.715794033639062
279,mora,packing_A,T07,largo,39,G4,8.575857417130011,0.8778572449534271,0.8966739104054877,False,498,476.58928486436525,4.492487728029412,0.3529797568943841,24.731479882165356,60,298.8,8.62389465967212,239,-3.8181754906118495
279,mora,packing_A,T07,largo,39,G4,8.575857417130011,0.8778572449534271,0.8966739104054877,False,498,476.58928486436525,4.492487728029412,0.3529797568943841,24.731479882165356,60,298.8,8.62389465967212,240,-3.6621129536179873
279,mora,packing_A,T07,largo,39,G4,8.575857417130011,0.8778572449534271,0.8966739104054877,False,498,476.58928486436525,4.492487728029412,0.3529797568943841,24.731479882165356,60,298.8,8.62389465967212,241,-3.5101182865519442
279,mora,packing_A,T07,largo,39,G4,8.575857417130011,0.8778572449534271,0.8966739104054877,False,498,476.58928486436525,4.492487728029412,0.3529797568943841,24.731479882165356,60,298.8,8.62389465967212,242,-3.5165246527620466
279,mora,packing_A,T07,largo,39,G4,8.575857417130011,0.8778572449534271,0.8966739104054877,False,498,476.58928486436525,4.492487728029412,0.3529797568943841,24.731479882165356,60,298.8,8.62389465967212,243,-3.400703086868572
279,mora,packing_A,T07,largo,39,G4,8.575857417130011,0.8778572449534271,0.8966739104054877,False,498,476.58928486436525,4.492487728029412,0.3529797568943841,24.731479882165356,60,298.8,8.62389465967212,244,-3.4100559536498687
279,mora,packing_A,T07,largo,39,G4,8.575857417130011,0.8778572449534271,0.8966739104054877,False,498,476.58928486436525,4.492487728029412,0.3529797568943841,24.731479882165356,60,298.8,8.62389465967212,245,-3.382784434233657
279,mora,packing_A,T07,largo,39,G4,8.575857417130011,0.8778572449534271,0.8966739104054877,False,498,476.58928486436525,4.492487728029412,0.3529797568943841,24.731479882165356,60,298.8,8.62389465967212,246,-3.14589538921791
279,mora,packing_A,T07,largo,39,G4,8.575857417130011,0.8778572449534271,0.8966739104054877,False,498,476.58928486436525,4.492487728029412,0.3529797568943841,24.731479882165356,60,298.8,8.62389465967212,247,-3.189198458204856
279,mora,packing_A,T07,largo,39,G4,8.575857417130011,0.8778572449534271,0.8966739104054877,False,498,476.58928486436525,4.492487728029412,0.3529797568943841,24.731479882165356,60,298.8,8.62389465967212,248,-3.100103052908005
279,mora,packing_A,T07,largo,39,G4,8.575857417130011,0.8778572449534271,0.8966739104054877,False,498,476.58928486436525,4.492487728029412,0.3529797568943841,24.731479882165356,60,298.8,8.62389465967212,249,-2.9671736725065467
279,mora,packing_A,T07,largo,39,G4,8.575857417130011,0.8778572449534271,0.8966739104054877,False,498,476.58928486436525,4.492487728029412,0.3529797568943841,24.731479882165356,60,298.8,8.62389465967212,250,-2.9732369947686665
279,mora,packing_A,T07,largo,39,G4,8.575857417130011,0.8778572449534271,0.8966739104054877,False,498,476.58928486436525,4.492487728029412,0.3529797568943841,24.731479882165356,60,298.8,8.62389465967212,251,-2.929118333231717
279,mora,packing_A,T07,largo,39,G4,8.575857417130011,0.8778572449534271,0.8966739104054877,False,498,476.58928486436525,4.492487728029412,0.3529797568943841,24.731479882165356,60,298.8,8.62389465967212,252,-2.7527899460215
279,mora,packing_A,T07,largo,39,G4,8.575857417130011,0.8778572449534271,0.8966739104054877,False,498,476.58928486436525,4.492487728029412,0.3529797568943841,24.731479882165356,60,298.8,8.62389465967212,253,-2.7110118664467673
279,mora,packing_A,T07,largo,39,G4,8.575857417130011,0.8778572449534271,0.8966739104054877,False,498,476.58928486436525,4.492487728029412,0.3529797568943841,24.731479882165356,60,298.8,8.62389465967212,254,-2.4455153974626676
279,mora,packing_A,T07,largo,39,G4,8.575857417130011,0.8778572449534271,0.8966739104054877,False,498,476.58928486436525,4.492487728029412,0.3529797568943841,24.731479882165356,60,298.8,8.62389465967212,255,-2.5900921183484966
279,mora,packing_A,T07,largo,39,G4,8.575857417130011,0.8778572449534271,0.8966739104054877,False,498,476.58928486436525,4.492487728029412,0.3529797568943841,24.731479882165356,60,298.8,8.62389465967212,256,-2.4244320472528456
279,mora,packing_A,T07,largo,39,G4,8.575857417130011,0.8778572449534271,0.8966739104054877,False,498,476.58928486436525,4.492487728029412,0.3529797568943841,24.731479882165356,60,298.8,8.62389465967212,257,-2.453042539436731
279,mora,packing_A,T07,largo,39,G4,8.575857417130011,0.8778572449534271,0.8966739104054877,False,498,476.58928486436525,4.492487728029412,0.3529797568943841,24.731479882165356,60,298.8,8.62389465967212,258,-2.336856984561159
279,mora,packing_A,T07,largo,39,G4,8.575857417130011,0.8778572449534271,0.8966739104054877,False,498,476.58928486436525,4.492487728029412,0.3529797568943841,24.731479882165356,60,298.8,8.62389465967212,259,-2.211345513496865
279,mora,packing_A,T07,largo,39,G4,8.575857417130011,0.8778572449534271,0.8966739104054877,False,498,476.58928486436525,4.492487728029412,0.3529797568943841,24.731479882165356,60,298.8,8.62389465967212,260,-2.269460092642945
279,mora,packing_A,T07,largo,39,G4,8.575857417130011,0.8778572449534271,0.8966739104054877,False,498,476.58928486436525,4.492487728029412,0.3529797568943841,24.731479882165356,60,298.8,8.62389465967212,261,-2.3824967974347735
279,mora,packing_A,T07,largo,39,G4,8.575857417130011,0.8778572449534271,0.8966739104054877,False,498,476.58928486436525,4.492487728029412,0.3529797568943841,24.731479882165356,60,298.8,8.62389465967212,262,-2.1187543304394336
279,mora,packing_A,T07,largo,39,G4,8.575857417130011,0.8778572449534271,0.8966739104054877,False,498,476.58928486436525,4.492487728029412,0.3529797568943841,24.731479882165356,60,298.8,8.62389465967212,263,-1.8527624979316788
279,mora,packing_A,T07,largo,39,G4,8.575857417130011,0.8778572449534271,0.8966739104054877,False,498,476.58928486436525,4.492487728029412,0.3529797568943841,24.731479882165356,60,298.8,8.62389465967212,264,-1.96229744548048
279,mora,packing_A,T07,largo,39,G4,8.575857417130011,0.8778572449534271,0.8966739104054877,False,498,476.58928486436525,4.492487728029412,0.3529797568943841,24.731479882165356,60,298.8,8.62389465967212,265,-1.715156609795656
279,mora,packing_A,T07,largo,39,G4,8.575857417130011,0.8778572449534271,0.8966739104054877,False,498,476.58928486436525,4.492487728029412,0.3529797568943841,24.731479882165356,60,298.8,8.62389465967212,266,-1.7502833889967047
279,mora,packing_A,T07,largo,39,G4,8.575857417130011,0.8778572449534271,0.8966739104054877,False,498,476.58928486436525,4.492487728029412,0.3529797568943841,24.731479882165356,60,298.8,8.62389465967212,267,-1.7637585225385024
279,mora,packing_A,T07,largo,39,G4,8.575857417130011,0.8778572449534271,0.8966739104054877,False,498,476.58928486436525,4.492487728029412,0.3529797568943841,24.731479882165356,60,298.8,8.62389465967212,268,-1.5237608014241149
279,mora,packing_A,T07,largo,39,G4,8.575857417130011,0.8778572449534271,0.8966739104054877,False,498,476.58928486436525,4.492487728029412,0.3529797568943841,24.731479882165356,60,298.8,8.62389465967212,269,-1.61303387604559
279,mora,packing_A,T07,largo,39,G4,8.575857417130011,0.8778572449534271,0.8966739104054877,False,498,476.58928486436525,4.492487728029412,0.3529797568943841,24.731479882165356,60,298.8,8.62389465967212,270,-1.677307366902792
279,mora,packing_A,T07,largo,39,G4,8.575857417130011,0.8778572449534271,0.8966739104054877,False,498,476.58928486436525,4.492487728029412,0.3529797568943841,24.731479882165356,60,298.8,8.62389465967212,271,-1.3958748131081808
279,mora,packing_A,T07,largo,39,G4,8.575857417130011,0.8778572449534271,0.8966739104054877,False,498,476.58928486436525,4.492487728029412,0.3529797568943841,24.731479882165356,60,298.8,8.62389465967212,272,-1.3749218888564023
279,mora,packing_A,T07,largo,39,G4,8.575857417130011,0.8778572449534271,0.8966739104054877,False,498,476.58928486436525,4.492487728029412,0.3529797568943841,24.731479882165356,60,298.8,8.62389465967212,273,-1.2518072347825717
279,mora,packing_A,T07,largo,39,G4,8.575857417130011,0.8778572449534271,0.8966739104054877,False,498,476.58928486436525,4.492487728029412,0.3529797568943841,24.731479882165356,60,298.8,8.62389465967212,274,-1.4201717652052073
279,mora,packing_A,T07,largo,39,G4,8.575857417130011,0.8778572449534271,0.8966739104054877,False,498,476.58928486436525,4.492487728029412,0.3529797568943841,24.731479882165356,60,298.8,8.62389465967212,275,-1.3291233328551892
279,mora,packing_A,T07,largo,39,G4,8.575857417130011,0.8778572449534271,0.8966739104054877,False,498,476.58928486436525,4.492487728029412,0.3529797568943841,24.731479882165356,60,298.8,8.62389465967212,276,-1.0138779882624012
279,mora,packing_A,T07,largo,39,G4,8.575857417130011,0.8778572449534271,0.8966739104054877,False,498,476.58928486436525,4.492487728029412,0.3529797568943841,24.731479882165356,60,298.8,8.62389465967212,277,-1.2203493829393002
279,mora,packing_A,T07,largo,39,G4,8.575857417130011,0.8778572449534271,0.8966739104054877,False,498,476.58928486436525,4.492487728029412,0.3529797568943841,24.731479882165356,60,298.8,8.62389465967212,278,-1.062854685703016
279,mora,packing_A,T07,largo,39,G4,8.575857417130011,0.8778572449534271,0.8966739104054877,False,498,476.58928486436525,4.492487728029412,0.3529797568943841,24.731479882165356,60,298.8,8.62389465967212,279,-0.9088181984825835
279,mora,packing_A,T07,largo,39,G4,8.575857417130011,0.8778572449534271,0.8966739104054877,False,498,476.58928486436525,4.492487728029412,0.3529797568943841,24.731479882165356,60,298.8,8.62389465967212,280,-0.7120658819561463
279,mora,packing_A,T07,largo,39,G4,8.575857417130011,0.8778572449534271,0.8966739104054877,False,498,476.58928486436525,4.492487728029412,0.3529797568943841,24.731479882165356,60,298.8,8.62389465967212,281,-0.8032477215158405
279,mora,packing_A,T07,largo,39,G4,8.575857417130011,0.8778572449534271,0.8966739104054877,False,498,476.58928486436525,4.492487728029412,0.3529797568943841,24.731479882165356,60,298.8,8.62389465967212,282,-0.8811881478044732
279,mora,packing_A,T07,largo,39,G4,8.575857417130011,0.8778572449534271,0.8966739104054877,False,498,476.58928486436525,4.492487728029412,0.3529797568943841,24.731479882165356,60,298.8,8.62389465967212,283,-0.6064969677691784
279,mora,packing_A,T07,largo,39,G4,8.575857417130011,0.8778572449534271,0.8966739104054877,False,498,476.58928486436525,4.492487728029412,0.3529797568943841,24.731479882165356,60,298.8,8.62389465967212,284,-0.7067607033000223
279,mora,packing_A,T07,largo,39,G4,8.575857417130011,0.8778572449534271,0.8966739104054877,False,498,476.58928486436525,4.492487728029412,0.3529797568943841,24.731479882165356,60,298.8,8.62389465967212,285,-0.5293990115075861
279,mora,packing_A,T07,largo,39,G4,8.575857417130011,0.8778572449534271,0.8966739104054877,False,498,476.58928486436525,4.492487728029412,0.3529797568943841,24.731479882165356,60,298.8,8.62389465967212,286,-0.3847394784961659
279,mora,packing_A,T07,largo,39,G4,8.575857417130011,0.8778572449534271,0.8966739104054877,False,498,476.58928486436525,4.492487728029412,0.3529797568943841,24.731479882165356,60,298.8,8.62389465967212,287,-0.5556524395917859
279,mora,packing_A,T07,largo,39,G4,8.575857417130011,0.8778572449534271,0.8966739104054877,False,498,476.58928486436525,4.492487728029412,0.3529797568943841,24.731479882165356,60,298.8,8.62389465967212,288,-0.4158400279257478
279,mora,packing_A,T07,largo,39,G4,8.575857417130011,0.8778572449534271,0.8966739104054877,False,498,476.58928486436525,4.492487728029412,0.3529797568943841,24.731479882165356,60,298.8,8.62389465967212,289,-0.3344748922527232
279,mora,packing_A,T07,largo,39,G4,8.575857417130011,0.8778572449534271,0.8966739104054877,False,498,476.58928486436525,4.492487728029412,0.3529797568943841,24.731479882165356,60,298.8,8.62389465967212,290,-0.29464843164310195
279,mora,packing_A,T07,largo,39,G4,8.575857417130011,0.8778572449534271,0.8966739104054877,False,498,476.58928486436525,4.492487728029412,0.3529797568943841,24.731479882165356,60,298.8,8.62389465967212,291,-0.18452644383142838
279,mora,packing_A,T07,largo,39,G4,8.575857417130011,0.8778572449534271,0.8966739104054877,False,498,476.58928486436525,4.492487728029412,0.3529797568943841,24.731479882165356,60,298.8,8.62389465967212,292,-0.01722689838865815
279,mora,packing_A,T07,largo,39,G4,8.575857417130011,0.8778572449534271,0.8966739104054877,False,498,476.58928486436525,4.492487728029412,0.3529797568943841,24.731479882165356,60,298.8,8.62389465967212,293,-0.15948757227970103
279,mora,packing_A,T07,largo,39,G4,8.575857417130011,0.8778572449534271,0.8966739104054877,False,498,476.58928486436525,4.492487728029412,0.3529797568943841,24.731479882165356,60,298.8,8.62389465967212,294,-0.09864230755916203
279,mora,packing_A,T07,largo,39,G4,8.575857417130011,0.8778572449534271,0.8966739104054877,False,498,476.58928486436525,4.492487728029412,0.3529797568943841,24.731479882165356,60,298.8,8.62389465967212,295,0.1480255186613264
279,mora,packing_A,T07,largo,39,G4,8.575857417130011,0.8778572449534271,0.8966739104054877,False,498,476.58928486436525,4.492487728029412,0.3529797568943841,24.731479882165356,60,298.8,8.62389465967212,296,0.04407836286369335
279,mora,packing_A,T07,largo,39,G4,8.575857417130011,0.8778572449534271,0.8966739104054877,False,498,476.58928486436525,4.492487728029412,0.3529797568943841,24.731479882165356,60,298.8,8.62389465967212,297,0.18875723953111145
279,mora,packing_A,T07,largo,39,G4,8.575857417130011,0.8778572449534271,0.8966739104054877,False,498,476.58928486436525,4.492487728029412,0.3529797568943841,24.731479882165356,60,298.8,8.62389465967212,298,0.021828320515365512
279,mora,packing_A,T07,largo,39,G4,8.575857417130011,0.8778572449534271,0.8966739104054877,False,498,476.58928486436525,4.492487728029412,0.3529797568943841,24.731479882165356,60,298.8,8.62389465967212,299,0.3361609510861372
279,mora,packing_A,T07,largo,39,G4,8.575857417130011,0.8778572449534271,0.8966739104054877,False,498,476.58928486436525,4.492487728029412,0.3529797568943841,24.731479882165356,60,298.8,8.62389465967212,300,0.43948299844086025
279,mora,packing_A,T07,largo,39,G4,8.575857417130011,0.8778572449534271,0.8966739104054877,False,498,476.58928486436525,4.492487728029412,0.3529797568943841,24.731479882165356,60,298.8,8.62389465967212,301,0.4929183846009286
279,mora,packing_A,T07,largo,39,G4,8.575857417130011,0.8778572449534271,0.8966739104054877,False,498,476.58928486436525,4.492487728029412,0.3529797568943841,24.731479882165356,60,298.8,8.62389465967212,302,0.47556684451979625
279,mora,packing_A,T07,largo,39,G4,8.575857417130011,0.8778572449534271,0.8966739104054877,False,498,476.58928486436525,4.492487728029412,0.3529797568943841,24.731479882165356,60,298.8,8.62389465967212,303,0.7344031046370503
279,mora,packing_A,T07,largo,39,G4,8.575857417130011,0.8778572449534271,0.8966739104054877,False,498,476.58928486436525,4.492487728029412,0.3529797568943841,24.731479882165356,60,298.8,8.62389465967212,304,0.807573048893861
279,mora,packing_A,T07,largo,39,G4,8.575857417130011,0.8778572449534271,0.8966739104054877,False,498,476.58928486436525,4.492487728029412,0.3529797568943841,24.731479882165356,60,298.8,8.62389465967212,305,0.7462733106270714
279,mora,packing_A,T07,largo,39,G4,8.575857417130011,0.8778572449534271,0.8966739104054877,False,498,476.58928486436525,4.492487728029412,0.3529797568943841,24.731479882165356,60,298.8,8.62389465967212,306,0.7209115118862158
279,mora,packing_A,T07,largo,39,G4,8.575857417130011,0.8778572449534271,0.8966739104054877,False,498,476.58928486436525,4.492487728029412,0.3529797568943841,24.731479882165356,60,298.8,8.62389465967212,307,0.8742485167536794
279,mora,packing_A,T07,largo,39,G4,8.575857417130011,0.8778572449534271,0.8966739104054877,False,498,476.58928486436525,4.492487728029412,0.3529797568943841,24.731479882165356,60,298.8,8.62389465967212,308,0.9030809888208003
279,mora,packing_A,T07,largo,39,G4,8.575857417130011,0.8778572449534271,0.8966739104054877,False,498,476.58928486436525,4.492487728029412,0.3529797568943841,24.731479882165356,60,298.8,8.62389465967212,309,0.86634424486193
279,mora,packing_A,T07,largo,39,G4,8.575857417130011,0.8778572449534271,0.8966739104054877,False,498,476.58928486436525,4.492487728029412,0.3529797568943841,24.731479882165356,60,298.8,8.62389465967212,310,0.871317603058758
279,mora,packing_A,T07,largo,39,G4,8.575857417130011,0.8778572449534271,0.8966739104054877,False,498,476.58928486436525,4.492487728029412,0.3529797568943841,24.731479882165356,60,298.8,8.62389465967212,311,0.8251151980568256
279,mora,packing_A,T07,largo,39,G4,8.575857417130011,0.8778572449534271,0.8966739104054877,False,498,476.58928486436525,4.492487728029412,0.3529797568943841,24.731479882165356,60,298.8,8.62389465967212,312,0.8321285692640061
279,mora,packing_A,T07,largo,39,G4,8.575857417130011,0.8778572449534271,0.8966739104054877,False,498,476.58928486436525,4.492487728029412,0.3529797568943841,24.731479882165356,60,298.8,8.62389465967212,313,0.6303273438129128
279,mora,packing_A,T07,largo,39,G4,8.575857417130011,0.8778572449534271,0.8966739104054877,False,498,476.58928486436525,4.492487728029412,0.3529797568943841,24.731479882165356,60,298.8,8.62389465967212,314,0.387800641183795
279,mora,packing_A,T07,largo,39,G4,8.575857417130011,0.8778572449534271,0.8966739104054877,False,498,476.58928486436525,4.492487728029412,0.3529797568943841,24.731479882165356,60,298.8,8.62389465967212,315,0.33628768868603864
279,mora,packing_A,T07,largo,39,G4,8.575857417130011,0.8778572449534271,0.8966739104054877,False,498,476.58928486436525,4.492487728029412,0.3529797568943841,24.731479882165356,60,298.8,8.62389465967212,316,0.4220746572157607
279,mora,packing_A,T07,largo,39,G4,8.575857417130011,0.8778572449534271,0.8966739104054877,False,498,476.58928486436525,4.492487728029412,0.3529797568943841,24.731479882165356,60,298.8,8.62389465967212,317,-0.09445335760165882
279,mora,packing_A,T07,largo,39,G4,8.575857417130011,0.8778572449534271,0.8966739104054877,False,498,476.58928486436525,4.492487728029412,0.3529797568943841,24.731479882165356,60,298.8,8.62389465967212,318,0.08163615519065129
279,mora,packing_A,T07,largo,39,G4,8.575857417130011,0.8778572449534271,0.8966739104054877,False,498,476.58928486436525,4.492487728029412,0.3529797568943841,24.731479882165356,60,298.8,8.62389465967212,319,0.062317125709134544
279,mora,packing_A,T07,largo,39,G4,8.575857417130011,0.8778572449534271,0.8966739104054877,False,498,476.58928486436525,4.492487728029412,0.3529797568943841,24.731479882165356,60,298.8,8.62389465967212,320,-0.03227677751385553
279,mora,packing_A,T07,largo,39,G4,8.575857417130011,0.8778572449534271,0.8966739104054877,False,498,476.58928486436525,4.492487728029412,0.3529797568943841,24.731479882165356,60,298.8,8.62389465967212,321,-0.0868288343032076
279,mora,packing_A,T07,largo,39,G4,8.575857417130011,0.8778572449534271,0.8966739104054877,False,498,476.58928486436525,4.492487728029412,0.3529797568943841,24.731479882165356,60,298.8,8.62389465967212,322,-0.16727835307913896
279,mora,packing_A,T07,largo,39,G4,8.575857417130011,0.8778572449534271,0.8966739104054877,False,498,476.58928486436525,4.492487728029412,0.3529797568943841,24.731479882165356,60,298.8,8.62389465967212,323,-0.2035224415399497
279,mora,packing_A,T07,largo,39,G4,8.575857417130011,0.8778572449534271,0.8966739104054877,False,498,476.58928486436525,4.492487728029412,0.3529797568943841,24.731479882165356,60,298.8,8.62389465967212,324,-0.0591104807292786
279,mora,packing_A,T07,largo,39,G4,8.575857417130011,0.8778572449534271,0.8966739104054877,False,498,476.58928486436525,4.492487728029412,0.3529797568943841,24.731479882165356,60,298.8,8.62389465967212,325,0.09706457396879234
279,mora,packing_A,T07,largo,39,G4,8.575857417130011,0.8778572449534271,0.8966739104054877,False,498,476.58928486436525,4.492487728029412,0.3529797568943841,24.731479882165356,60,298.8,8.62389465967212,326,-0.007906289028710298
279,mora,packing_A,T07,largo,39,G4,8.575857417130011,0.8778572449534271,0.8966739104054877,False,498,476.58928486436525,4.492487728029412,0.3529797568943841,24.731479882165356,60,298.8,8.62389465967212,327,-0.006120696270064951
279,mora,packing_A,T07,largo,39,G4,8.575857417130011,0.8778572449534271,0.8966739104054877,False,498,476.58928486436525,4.492487728029412,0.3529797568943841,24.731479882165356,60,298.8,8.62389465967212,328,0.21664501349026072
279,mora,packing_A,T07,largo,39,G4,8.575857417130011,0.8778572449534271,0.8966739104054877,False,498,476.58928486436525,4.492487728029412,0.3529797568943841,24.731479882165356,60,298.8,8.62389465967212,329,0.19902456885615405
279,mora,packing_A,T07,largo,39,G4,8.575857417130011,0.8778572449534271,0.8966739104054877,False,498,476.58928486436525,4.492487728029412,0.3529797568943841,24.731479882165356,60,298.8,8.62389465967212,330,0.4590955098493546
279,mora,packing_A,T07,largo,39,G4,8.575857417130011,0.8778572449534271,0.8966739104054877,False,498,476.58928486436525,4.492487728029412,0.3529797568943841,24.731479882165356,60,298.8,8.62389465967212,331,0.3886484840956055
279,mora,packing_A,T07,largo,39,G4,8.575857417130011,0.8778572449534271,0.8966739104054877,False,498,476.58928486436525,4.492487728029412,0.3529797568943841,24.731479882165356,60,298.8,8.62389465967212,332,0.5058128789075643
279,mora,packing_A,T07,largo,39,G4,8.575857417130011,0.8778572449534271,0.8966739104054877,False,498,476.58928486436525,4.492487728029412,0.3529797568943841,24.731479882165356,60,298.8,8.62389465967212,333,0.6949002838721731
279,mora,packing_A,T07,largo,39,G4,8.575857417130011,0.8778572449534271,0.8966739104054877,False,498,476.58928486436525,4.492487728029412,0.3529797568943841,24.731479882165356,60,298.8,8.62389465967212,334,0.68471873736097
279,mora,packing_A,T07,largo,39,G4,8.575857417130011,0.8778572449534271,0.8966739104054877,False,498,476.58928486436525,4.492487728029412,0.3529797568943841,24.731479882165356,60,298.8,8.62389465967212,335,0.6652894615895064
279,mora,packing_A,T07,largo,39,G4,8.575857417130011,0.8778572449534271,0.8966739104054877,False,498,476.58928486436525,4.492487728029412,0.3529797568943841,24.731479882165356,60,298.8,8.62389465967212,336,0.7347445354162686
279,mora,packing_A,T07,largo,39,G4,8.575857417130011,0.8778572449534271,0.8966739104054877,False,498,476.58928486436525,4.492487728029412,0.3529797568943841,24.731479882165356,60,298.8,8.62389465967212,337,0.8840812653810559
279,mora,packing_A,T07,largo,39,G4,8.575857417130011,0.8778572449534271,0.8966739104054877,False,498,476.58928486436525,4.492487728029412,0.3529797568943841,24.731479882165356,60,298.8,8.62389465967212,338,0.6122623962485285
279,mora,packing_A,T07,largo,39,G4,8.575857417130011,0.8778572449534271,0.8966739104054877,False,498,476.58928486436525,4.492487728029412,0.3529797568943841,24.731479882165356,60,298.8,8.62389465967212,339,0.7565662805498735
279,mora,packing_A,T07,largo,39,G4,8.575857417130011,0.8778572449534271,0.8966739104054877,False,498,476.58928486436525,4.492487728029412,0.3529797568943841,24.731479882165356,60,298.8,8.62389465967212,340,0.6418454789019671
279,mora,packing_A,T07,largo,39,G4,8.575857417130011,0.8778572449534271,0.8966739104054877,False,498,476.58928486436525,4.492487728029412,0.3529797568943841,24.731479882165356,60,298.8,8.62389465967212,341,0.8940852016384281
279,mora,packing_A,T07,largo,39,G4,8.575857417130011,0.8778572449534271,0.8966739104054877,False,498,476.58928486436525,4.492487728029412,0.3529797568943841,24.731479882165356,60,298.8,8.62389465967212,342,0.5276496951724642
279,mora,packing_A,T07,largo,39,G4,8.575857417130011,0.8778572449534271,0.8966739104054877,False,498,476.58928486436525,4.492487728029412,0.3529797568943841,24.731479882165356,60,298.8,8.62389465967212,343,0.5354492615883697
279,mora,packing_A,T07,largo,39,G4,8.575857417130011,0.8778572449534271,0.8966739104054877,False,498,476.58928486436525,4.492487728029412,0.3529797568943841,24.731479882165356,60,298.8,8.62389465967212,344,0.36087528074452613
279,mora,packing_A,T07,largo,39,G4,8.575857417130011,0.8778572449534271,0.8966739104054877,False,498,476.58928486436525,4.492487728029412,0.3529797568943841,24.731479882165356,60,298.8,8.62389465967212,345,0.2745722079061395
279,mora,packing_A,T07,largo,39,G4,8.575857417130011,0.8778572449534271,0.8966739104054877,False,498,476.58928486436525,4.492487728029412,0.3529797568943841,24.731479882165356,60,298.8,8.62389465967212,346,0.1244150513032119
279,mora,packing_A,T07,largo,39,G4,8.575857417130011,0.8778572449534271,0.8966739104054877,False,498,476.58928486436525,4.492487728029412,0.3529797568943841,24.731479882165356,60,298.8,8.62389465967212,347,0.21127435178802534
279,mora,packing_A,T07,largo,39,G4,8.575857417130011,0.8778572449534271,0.8966739104054877,False,498,476.58928486436525,4.492487728029412,0.3529797568943841,24.731479882165356,60,298.8,8.62389465967212,348,0.07548378941328653
279,mora,packing_A,T07,largo,39,G4,8.575857417130011,0.8778572449534271,0.8966739104054877,False,498,476.58928486436525,4.492487728029412,0.3529797568943841,24.731479882165356,60,298.8,8.62389465967212,349,-0.08553766884941619
279,mora,packing_A,T07,largo,39,G4,8.575857417130011,0.8778572449534271,0.8966739104054877,False,498,476.58928486436525,4.492487728029412,0.3529797568943841,24.731479882165356,60,298.8,8.62389465967212,350,0.0005751627060761183
279,mora,packing_A,T07,largo,39,G4,8.575857417130011,0.8778572449534271,0.8966739104054877,False,498,476.58928486436525,4.492487728029412,0.3529797568943841,24.731479882165356,60,298.8,8.62389465967212,351,-0.21337184924514246
279,mora,packing_A,T07,largo,39,G4,8.575857417130011,0.8778572449534271,0.8966739104054877,False,498,476.58928486436525,4.492487728029412,0.3529797568943841,24.731479882165356,60,298.8,8.62389465967212,352,-0.1769064287412583
279,mora,packing_A,T07,largo,39,G4,8.575857417130011,0.8778572449534271,0.8966739104054877,False,498,476.58928486436525,4.492487728029412,0.3529797568943841,24.731479882165356,60,298.8,8.62389465967212,353,-0.127527752711553
279,mora,packing_A,T07,largo,39,G4,8.575857417130011,0.8778572449534271,0.8966739104054877,False,498,476.58928486436525,4.492487728029412,0.3529797568943841,24.731479882165356,60,298.8,8.62389465967212,354,-0.07900778433855951
279,mora,packing_A,T07,largo,39,G4,8.575857417130011,0.8778572449534271,0.8966739104054877,False,498,476.58928486436525,4.492487728029412,0.3529797568943841,24.731479882165356,60,298.8,8.62389465967212,355,-0.1557014230857314
279,mora,packing_A,T07,largo,39,G4,8.575857417130011,0.8778572449534271,0.8966739104054877,False,498,476.58928486436525,4.492487728029412,0.3529797568943841,24.731479882165356,60,298.8,8.62389465967212,356,0.0750637635581821
279,mora,packing_A,T07,largo,39,G4,8.575857417130011,0.8778572449534271,0.8966739104054877,False,498,476.58928486436525,4.492487728029412,0.3529797568943841,24.731479882165356,60,298.8,8.62389465967212,357,0.1492332183213168
279,mora,packing_A,T07,largo,39,G4,8.575857417130011,0.8778572449534271,0.8966739104054877,False,498,476.58928486436525,4.492487728029412,0.3529797568943841,24.731479882165356,60,298.8,8.62389465967212,358,0.21386851405896676
279,mora,packing_A,T07,largo,39,G4,8.575857417130011,0.8778572449534271,0.8966739104054877,False,498,476.58928486436525,4.492487728029412,0.3529797568943841,24.731479882165356,60,298.8,8.62389465967212,359,0.39486470293766285
279,mora,packing_A,T07,largo,39,G4,8.575857417130011,0.8778572449534271,0.8966739104054877,False,498,476.58928486436525,4.492487728029412,0.3529797568943841,24.731479882165356,60,298.8,8.62389465967212,360,0.35518321358317057
279,mora,packing_A,T07,largo,39,G4,8.575857417130011,0.8778572449534271,0.8966739104054877,False,498,476.58928486436525,4.492487728029412,0.3529797568943841,24.731479882165356,60,298.8,8.62389465967212,361,0.4964845082420299
279,mora,packing_A,T07,largo,39,G4,8.575857417130011,0.8778572449534271,0.8966739104054877,False,498,476.58928486436525,4.492487728029412,0.3529797568943841,24.731479882165356,60,298.8,8.62389465967212,362,0.4821497794682905
279,mora,packing_A,T07,largo,39,G4,8.575857417130011,0.8778572449534271,0.8966739104054877,False,498,476.58928486436525,4.492487728029412,0.3529797568943841,24.731479882165356,60,298.8,8.62389465967212,363,0.7449592486180334
279,mora,packing_A,T07,largo,39,G4,8.575857417130011,0.8778572449534271,0.8966739104054877,False,498,476.58928486436525,4.492487728029412,0.3529797568943841,24.731479882165356,60,298.8,8.62389465967212,364,0.8042978591856647
279,mora,packing_A,T07,largo,39,G4,8.575857417130011,0.8778572449534271,0.8966739104054877,False,498,476.58928486436525,4.492487728029412,0.3529797568943841,24.731479882165356,60,298.8,8.62389465967212,365,0.8003104583898959
279,mora,packing_A,T07,largo,39,G4,8.575857417130011,0.8778572449534271,0.8966739104054877,False,498,476.58928486436525,4.492487728029412,0.3529797568943841,24.731479882165356,60,298.8,8.62389465967212,366,0.8703521469845975
279,mora,packing_A,T07,largo,39,G4,8.575857417130011,0.8778572449534271,0.8966739104054877,False,498,476.58928486436525,4.492487728029412,0.3529797568943841,24.731479882165356,60,298.8,8.62389465967212,367,0.9291704906326566
279,mora,packing_A,T07,largo,39,G4,8.575857417130011,0.8778572449534271,0.8966739104054877,False,498,476.58928486436525,4.492487728029412,0.3529797568943841,24.731479882165356,60,298.8,8.62389465967212,368,0.7571169343375522
279,mora,packing_A,T07,largo,39,G4,8.575857417130011,0.8778572449534271,0.8966739104054877,False,498,476.58928486436525,4.492487728029412,0.3529797568943841,24.731479882165356,60,298.8,8.62389465967212,369,0.9847325186142525
279,mora,packing_A,T07,largo,39,G4,8.575857417130011,0.8778572449534271,0.8966739104054877,False,498,476.58928486436525,4.492487728029412,0.3529797568943841,24.731479882165356,60,298.8,8.62389465967212,370,0.5820693953919159
279,mora,packing_A,T07,largo,39,G4,8.575857417130011,0.8778572449534271,0.8966739104054877,False,498,476.58928486436525,4.492487728029412,0.3529797568943841,24.731479882165356,60,298.8,8.62389465967212,371,0.7446897211244907
279,mora,packing_A,T07,largo,39,G4,8.575857417130011,0.8778572449534271,0.8966739104054877,False,498,476.58928486436525,4.492487728029412,0.3529797568943841,24.731479882165356,60,298.8,8.62389465967212,372,0.8991464062349173
279,mora,packing_A,T07,largo,39,G4,8.575857417130011,0.8778572449534271,0.8966739104054877,False,498,476.58928486436525,4.492487728029412,0.3529797568943841,24.731479882165356,60,298.8,8.62389465967212,373,0.6953093743063916
279,mora,packing_A,T07,largo,39,G4,8.575857417130011,0.8778572449534271,0.8966739104054877,False,498,476.58928486436525,4.492487728029412,0.3529797568943841,24.731479882165356,60,298.8,8.62389465967212,374,0.5203389423892767
279,mora,packing_A,T07,largo,39,G4,8.575857417130011,0.8778572449534271,0.8966739104054877,False,498,476.58928486436525,4.492487728029412,0.3529797568943841,24.731479882165356,60,298.8,8.62389465967212,375,0.44223147973789334
279,mora,packing_A,T07,largo,39,G4,8.575857417130011,0.8778572449534271,0.8966739104054877,False,498,476.58928486436525,4.492487728029412,0.3529797568943841,24.731479882165356,60,298.8,8.62389465967212,376,0.3498076188497149
279,mora,packing_A,T07,largo,39,G4,8.575857417130011,0.8778572449534271,0.8966739104054877,False,498,476.58928486436525,4.492487728029412,0.3529797568943841,24.731479882165356,60,298.8,8.62389465967212,377,0.13699858289208616
279,mora,packing_A,T07,largo,39,G4,8.575857417130011,0.8778572449534271,0.8966739104054877,False,498,476.58928486436525,4.492487728029412,0.3529797568943841,24.731479882165356,60,298.8,8.62389465967212,378,0.04554575764364874
279,mora,packing_A,T07,largo,39,G4,8.575857417130011,0.8778572449534271,0.8966739104054877,False,498,476.58928486436525,4.492487728029412,0.3529797568943841,24.731479882165356,60,298.8,8.62389465967212,379,-0.0594021674260739
279,mora,packing_A,T07,largo,39,G4,8.575857417130011,0.8778572449534271,0.8966739104054877,False,498,476.58928486436525,4.492487728029412,0.3529797568943841,24.731479882165356,60,298.8,8.62389465967212,380,-0.06635910487400486
279,mora,packing_A,T07,largo,39,G4,8.575857417130011,0.8778572449534271,0.8966739104054877,False,498,476.58928486436525,4.492487728029412,0.3529797568943841,24.731479882165356,60,298.8,8.62389465967212,381,0.07002637847667328
279,mora,packing_A,T07,largo,39,G4,8.575857417130011,0.8778572449534271,0.8966739104054877,False,498,476.58928486436525,4.492487728029412,0.3529797568943841,24.731479882165356,60,298.8,8.62389465967212,382,-0.2705313502024048
279,mora,packing_A,T07,largo,39,G4,8.575857417130011,0.8778572449534271,0.8966739104054877,False,498,476.58928486436525,4.492487728029412,0.3529797568943841,24.731479882165356,60,298.8,8.62389465967212,383,-0.16728911244413128
279,mora,packing_A,T07,largo,39,G4,8.575857417130011,0.8778572449534271,0.8966739104054877,False,498,476.58928486436525,4.492487728029412,0.3529797568943841,24.731479882165356,60,298.8,8.62389465967212,384,-0.18107496191968772
279,mora,packing_A,T07,largo,39,G4,8.575857417130011,0.8778572449534271,0.8966739104054877,False,498,476.58928486436525,4.492487728029412,0.3529797568943841,24.731479882165356,60,298.8,8.62389465967212,385,-0.13048671275874227
279,mora,packing_A,T07,largo,39,G4,8.575857417130011,0.8778572449534271,0.8966739104054877,False,498,476.58928486436525,4.492487728029412,0.3529797568943841,24.731479882165356,60,298.8,8.62389465967212,386,-0.10687735528485265
279,mora,packing_A,T07,largo,39,G4,8.575857417130011,0.8778572449534271,0.8966739104054877,False,498,476.58928486436525,4.492487728029412,0.3529797568943841,24.731479882165356,60,298.8,8.62389465967212,387,0.13215281467490597
279,mora,packing_A,T07,largo,39,G4,8.575857417130011,0.8778572449534271,0.8966739104054877,False,498,476.58928486436525,4.492487728029412,0.3529797568943841,24.731479882165356,60,298.8,8.62389465967212,388,0.1560542698239913
279,mora,packing_A,T07,largo,39,G4,8.575857417130011,0.8778572449534271,0.8966739104054877,False,498,476.58928486436525,4.492487728029412,0.3529797568943841,24.731479882165356,60,298.8,8.62389465967212,389,0.37328985533907694
279,mora,packing_A,T07,largo,39,G4,8.575857417130011,0.8778572449534271,0.8966739104054877,False,498,476.58928486436525,4.492487728029412,0.3529797568943841,24.731479882165356,60,298.8,8.62389465967212,390,0.4546189089385866
279,mora,packing_A,T07,largo,39,G4,8.575857417130011,0.8778572449534271,0.8966739104054877,False,498,476.58928486436525,4.492487728029412,0.3529797568943841,24.731479882165356,60,298.8,8.62389465967212,391,0.5151495328669308
279,mora,packing_A,T07,largo,39,G4,8.575857417130011,0.8778572449534271,0.8966739104054877,False,498,476.58928486436525,4.492487728029412,0.3529797568943841,24.731479882165356,60,298.8,8.62389465967212,392,0.3112140493982066
279,mora,packing_A,T07,largo,39,G4,8.575857417130011,0.8778572449534271,0.8966739104054877,False,498,476.58928486436525,4.492487728029412,0.3529797568943841,24.731479882165356,60,298.8,8.62389465967212,393,0.7398416567639607
279,mora,packing_A,T07,largo,39,G4,8.575857417130011,0.8778572449534271,0.8966739104054877,False,498,476.58928486436525,4.492487728029412,0.3529797568943841,24.731479882165356,60,298.8,8.62389465967212,394,0.5607078627711379
279,mora,packing_A,T07,largo,39,G4,8.575857417130011,0.8778572449534271,0.8966739104054877,False,498,476.58928486436525,4.492487728029412,0.3529797568943841,24.731479882165356,60,298.8,8.62389465967212,395,0.7357598299301698
279,mora,packing_A,T07,largo,39,G4,8.575857417130011,0.8778572449534271,0.8966739104054877,False,498,476.58928486436525,4.492487728029412,0.3529797568943841,24.731479882165356,60,298.8,8.62389465967212,396,0.684812017383191
279,mora,packing_A,T07,largo,39,G4,8.575857417130011,0.8778572449534271,0.8966739104054877,False,498,476.58928486436525,4.492487728029412,0.3529797568943841,24.731479882165356,60,298.8,8.62389465967212,397,0.6711638353724446
279,mora,packing_A,T07,largo,39,G4,8.575857417130011,0.8778572449534271,0.8966739104054877,False,498,476.58928486436525,4.492487728029412,0.3529797568943841,24.731479882165356,60,298.8,8.62389465967212,398,0.8804994860573859
279,mora,packing_A,T07,largo,39,G4,8.575857417130011,0.8778572449534271,0.8966739104054877,False,498,476.58928486436525,4.492487728029412,0.3529797568943841,24.731479882165356,60,298.8,8.62389465967212,399,0.7161956168489341
279,mora,packing_A,T07,largo,39,G4,8.575857417130011,0.8778572449534271,0.8966739104054877,False,498,476.58928486436525,4.492487728029412,0.3529797568943841,24.731479882165356,60,298.8,8.62389465967212,400,0.8097879399562019
279,mora,packing_A,T07,largo,39,G4,8.575857417130011,0.8778572449534271,0.8966739104054877,False,498,476.58928486436525,4.492487728029412,0.3529797568943841,24.731479882165356,60,298.8,8.62389465967212,401,0.6832759604262532
279,mora,packing_A,T07,largo,39,G4,8.575857417130011,0.8778572449534271,0.8966739104054877,False,498,476.58928486436525,4.492487728029412,0.3529797568943841,24.731479882165356,60,298.8,8.62389465967212,402,0.5379170639830562
279,mora,packing_A,T07,largo,39,G4,8.575857417130011,0.8778572449534271,0.8966739104054877,False,498,476.58928486436525,4.492487728029412,0.3529797568943841,24.731479882165356,60,298.8,8.62389465967212,403,0.4362577831361806
279,mora,packing_A,T07,largo,39,G4,8.575857417130011,0.8778572449534271,0.8966739104054877,False,498,476.58928486436525,4.492487728029412,0.3529797568943841,24.731479882165356,60,298.8,8.62389465967212,404,0.45400376660866615
279,mora,packing_A,T07,largo,39,G4,8.575857417130011,0.8778572449534271,0.8966739104054877,False,498,476.58928486436525,4.492487728029412,0.3529797568943841,24.731479882165356,60,298.8,8.62389465967212,405,0.22240635492670927
279,mora,packing_A,T07,largo,39,G4,8.575857417130011,0.8778572449534271,0.8966739104054877,False,498,476.58928486436525,4.492487728029412,0.3529797568943841,24.731479882165356,60,298.8,8.62389465967212,406,0.21577510993520826
279,mora,packing_A,T07,largo,39,G4,8.575857417130011,0.8778572449534271,0.8966739104054877,False,498,476.58928486436525,4.492487728029412,0.3529797568943841,24.731479882165356,60,298.8,8.62389465967212,407,0.08925837268067346
279,mora,packing_A,T07,largo,39,G4,8.575857417130011,0.8778572449534271,0.8966739104054877,False,498,476.58928486436525,4.492487728029412,0.3529797568943841,24.731479882165356,60,298.8,8.62389465967212,408,-0.028980411949279625
279,mora,packing_A,T07,largo,39,G4,8.575857417130011,0.8778572449534271,0.8966739104054877,False,498,476.58928486436525,4.492487728029412,0.3529797568943841,24.731479882165356,60,298.8,8.62389465967212,409,0.04577182264642141
279,mora,packing_A,T07,largo,39,G4,8.575857417130011,0.8778572449534271,0.8966739104054877,False,498,476.58928486436525,4.492487728029412,0.3529797568943841,24.731479882165356,60,298.8,8.62389465967212,410,-0.055841485692469814
279,mora,packing_A,T07,largo,39,G4,8.575857417130011,0.8778572449534271,0.8966739104054877,False,498,476.58928486436525,4.492487728029412,0.3529797568943841,24.731479882165356,60,298.8,8.62389465967212,411,-0.10638621636869315
279,mora,packing_A,T07,largo,39,G4,8.575857417130011,0.8778572449534271,0.8966739104054877,False,498,476.58928486436525,4.492487728029412,0.3529797568943841,24.731479882165356,60,298.8,8.62389465967212,412,-0.056500303295812904
279,mora,packing_A,T07,largo,39,G4,8.575857417130011,0.8778572449534271,0.8966739104054877,False,498,476.58928486436525,4.492487728029412,0.3529797568943841,24.731479882165356,60,298.8,8.62389465967212,413,-0.13488814152885809
279,mora,packing_A,T07,largo,39,G4,8.575857417130011,0.8778572449534271,0.8966739104054877,False,498,476.58928486436525,4.492487728029412,0.3529797568943841,24.731479882165356,60,298.8,8.62389465967212,414,-0.03945823513723791
279,mora,packing_A,T07,largo,39,G4,8.575857417130011,0.8778572449534271,0.8966739104054877,False,498,476.58928486436525,4.492487728029412,0.3529797568943841,24.731479882165356,60,298.8,8.62389465967212,415,0.17372315866363602
279,mora,packing_A,T07,largo,39,G4,8.575857417130011,0.8778572449534271,0.8966739104054877,False,498,476.58928486436525,4.492487728029412,0.3529797568943841,24.731479882165356,60,298.8,8.62389465967212,416,0.08656574287073195
279,mora,packing_A,T07,largo,39,G4,8.575857417130011,0.8778572449534271,0.8966739104054877,False,498,476.58928486436525,4.492487728029412,0.3529797568943841,24.731479882165356,60,298.8,8.62389465967212,417,-0.028026254846345036
279,mora,packing_A,T07,largo,39,G4,8.575857417130011,0.8778572449534271,0.8966739104054877,False,498,476.58928486436525,4.492487728029412,0.3529797568943841,24.731479882165356,60,298.8,8.62389465967212,418,0.4479044064939835
279,mora,packing_A,T07,largo,39,G4,8.575857417130011,0.8778572449534271,0.8966739104054877,False,498,476.58928486436525,4.492487728029412,0.3529797568943841,24.731479882165356,60,298.8,8.62389465967212,419,0.3809852331647091
279,mora,packing_A,T07,largo,39,G4,8.575857417130011,0.8778572449534271,0.8966739104054877,False,498,476.58928486436525,4.492487728029412,0.3529797568943841,24.731479882165356,60,298.8,8.62389465967212,420,0.34494337160394617
279,mora,packing_A,T07,largo,39,G4,8.575857417130011,0.8778572449534271,0.8966739104054877,False,498,476.58928486436525,4.492487728029412,0.3529797568943841,24.731479882165356,60,298.8,8.62389465967212,421,0.49747530462753997
279,mora,packing_A,T07,largo,39,G4,8.575857417130011,0.8778572449534271,0.8966739104054877,False,498,476.58928486436525,4.492487728029412,0.3529797568943841,24.731479882165356,60,298.8,8.62389465967212,422,0.7006010421689584
279,mora,packing_A,T07,largo,39,G4,8.575857417130011,0.8778572449534271,0.8966739104054877,False,498,476.58928486436525,4.492487728029412,0.3529797568943841,24.731479882165356,60,298.8,8.62389465967212,423,0.6202548330648883
279,mora,packing_A,T07,largo,39,G4,8.575857417130011,0.8778572449534271,0.8966739104054877,False,498,476.58928486436525,4.492487728029412,0.3529797568943841,24.731479882165356,60,298.8,8.62389465967212,424,0.7596780272263445
279,mora,packing_A,T07,largo,39,G4,8.575857417130011,0.8778572449534271,0.8966739104054877,False,498,476.58928486436525,4.492487728029412,0.3529797568943841,24.731479882165356,60,298.8,8.62389465967212,425,0.8644145631838259
279,mora,packing_A,T07,largo,39,G4,8.575857417130011,0.8778572449534271,0.8966739104054877,False,498,476.58928486436525,4.492487728029412,0.3529797568943841,24.731479882165356,60,298.8,8.62389465967212,426,0.7104475805786927
279,mora,packing_A,T07,largo,39,G4,8.575857417130011,0.8778572449534271,0.8966739104054877,False,498,476.58928486436525,4.492487728029412,0.3529797568943841,24.731479882165356,60,298.8,8.62389465967212,427,0.8612091770196606
279,mora,packing_A,T07,largo,39,G4,8.575857417130011,0.8778572449534271,0.8966739104054877,False,498,476.58928486436525,4.492487728029412,0.3529797568943841,24.731479882165356,60,298.8,8.62389465967212,428,0.8607794113375229
279,mora,packing_A,T07,largo,39,G4,8.575857417130011,0.8778572449534271,0.8966739104054877,False,498,476.58928486436525,4.492487728029412,0.3529797568943841,24.731479882165356,60,298.8,8.62389465967212,429,0.8189447733344052
279,mora,packing_A,T07,largo,39,G4,8.575857417130011,0.8778572449534271,0.8966739104054877,False,498,476.58928486436525,4.492487728029412,0.3529797568943841,24.731479882165356,60,298.8,8.62389465967212,430,0.8208022155577008
279,mora,packing_A,T07,largo,39,G4,8.575857417130011,0.8778572449534271,0.8966739104054877,False,498,476.58928486436525,4.492487728029412,0.3529797568943841,24.731479882165356,60,298.8,8.62389465967212,431,0.7471884721753684
279,mora,packing_A,T07,largo,39,G4,8.575857417130011,0.8778572449534271,0.8966739104054877,False,498,476.58928486436525,4.492487728029412,0.3529797568943841,24.731479882165356,60,298.8,8.62389465967212,432,0.6810671084015016
279,mora,packing_A,T07,largo,39,G4,8.575857417130011,0.8778572449534271,0.8966739104054877,False,498,476.58928486436525,4.492487728029412,0.3529797568943841,24.731479882165356,60,298.8,8.62389465967212,433,0.3307360291554271
279,mora,packing_A,T07,largo,39,G4,8.575857417130011,0.8778572449534271,0.8966739104054877,False,498,476.58928486436525,4.492487728029412,0.3529797568943841,24.731479882165356,60,298.8,8.62389465967212,434,0.47473972694478156
279,mora,packing_A,T07,largo,39,G4,8.575857417130011,0.8778572449534271,0.8966739104054877,False,498,476.58928486436525,4.492487728029412,0.3529797568943841,24.731479882165356,60,298.8,8.62389465967212,435,0.41506633851962893
279,mora,packing_A,T07,largo,39,G4,8.575857417130011,0.8778572449534271,0.8966739104054877,False,498,476.58928486436525,4.492487728029412,0.3529797568943841,24.731479882165356,60,298.8,8.62389465967212,436,0.2587711172009102
279,mora,packing_A,T07,largo,39,G4,8.575857417130011,0.8778572449534271,0.8966739104054877,False,498,476.58928486436525,4.492487728029412,0.3529797568943841,24.731479882165356,60,298.8,8.62389465967212,437,0.15877454005232186
279,mora,packing_A,T07,largo,39,G4,8.575857417130011,0.8778572449534271,0.8966739104054877,False,498,476.58928486436525,4.492487728029412,0.3529797568943841,24.731479882165356,60,298.8,8.62389465967212,438,-0.007114221293316528
279,mora,packing_A,T07,largo,39,G4,8.575857417130011,0.8778572449534271,0.8966739104054877,False,498,476.58928486436525,4.492487728029412,0.3529797568943841,24.731479882165356,60,298.8,8.62389465967212,439,-0.12894260400841773
279,mora,packing_A,T07,largo,39,G4,8.575857417130011,0.8778572449534271,0.8966739104054877,False,498,476.58928486436525,4.492487728029412,0.3529797568943841,24.731479882165356,60,298.8,8.62389465967212,440,-0.04402406726187631
279,mora,packing_A,T07,largo,39,G4,8.575857417130011,0.8778572449534271,0.8966739104054877,False,498,476.58928486436525,4.492487728029412,0.3529797568943841,24.731479882165356,60,298.8,8.62389465967212,441,-0.2085701378555009
279,mora,packing_A,T07,largo,39,G4,8.575857417130011,0.8778572449534271,0.8966739104054877,False,498,476.58928486436525,4.492487728029412,0.3529797568943841,24.731479882165356,60,298.8,8.62389465967212,442,-0.16548438967759543
279,mora,packing_A,T07,largo,39,G4,8.575857417130011,0.8778572449534271,0.8966739104054877,False,498,476.58928486436525,4.492487728029412,0.3529797568943841,24.731479882165356,60,298.8,8.62389465967212,443,-0.19091979738244944
279,mora,packing_A,T07,largo,39,G4,8.575857417130011,0.8778572449534271,0.8966739104054877,False,498,476.58928486436525,4.492487728029412,0.3529797568943841,24.731479882165356,60,298.8,8.62389465967212,444,0.07087636188324978
279,mora,packing_A,T07,largo,39,G4,8.575857417130011,0.8778572449534271,0.8966739104054877,False,498,476.58928486436525,4.492487728029412,0.3529797568943841,24.731479882165356,60,298.8,8.62389465967212,445,0.03945642218770612
279,mora,packing_A,T07,largo,39,G4,8.575857417130011,0.8778572449534271,0.8966739104054877,False,498,476.58928486436525,4.492487728029412,0.3529797568943841,24.731479882165356,60,298.8,8.62389465967212,446,0.10851067144025828
279,mora,packing_A,T07,largo,39,G4,8.575857417130011,0.8778572449534271,0.8966739104054877,False,498,476.58928486436525,4.492487728029412,0.3529797568943841,24.731479882165356,60,298.8,8.62389465967212,447,0.0675169435604284
279,mora,packing_A,T07,largo,39,G4,8.575857417130011,0.8778572449534271,0.8966739104054877,False,498,476.58928486436525,4.492487728029412,0.3529797568943841,24.731479882165356,60,298.8,8.62389465967212,448,0.16378198476542144
279,mora,packing_A,T07,largo,39,G4,8.575857417130011,0.8778572449534271,0.8966739104054877,False,498,476.58928486436525,4.492487728029412,0.3529797568943841,24.731479882165356,60,298.8,8.62389465967212,449,-0.08031523047146638
279,mora,packing_A,T07,largo,39,G4,8.575857417130011,0.8778572449534271,0.8966739104054877,False,498,476.58928486436525,4.492487728029412,0.3529797568943841,24.731479882165356,60,298.8,8.62389465967212,450,0.2541617531565179
279,mora,packing_A,T07,largo,39,G4,8.575857417130011,0.8778572449534271,0.8966739104054877,False,498,476.58928486436525,4.492487728029412,0.3529797568943841,24.731479882165356,60,298.8,8.62389465967212,451,0.5828857981936324
279,mora,packing_A,T07,largo,39,G4,8.575857417130011,0.8778572449534271,0.8966739104054877,False,498,476.58928486436525,4.492487728029412,0.3529797568943841,24.731479882165356,60,298.8,8.62389465967212,452,0.501019278747987
279,mora,packing_A,T07,largo,39,G4,8.575857417130011,0.8778572449534271,0.8966739104054877,False,498,476.58928486436525,4.492487728029412,0.3529797568943841,24.731479882165356,60,298.8,8.62389465967212,453,0.6675301387011272
279,mora,packing_A,T07,largo,39,G4,8.575857417130011,0.8778572449534271,0.8966739104054877,False,498,476.58928486436525,4.492487728029412,0.3529797568943841,24.731479882165356,60,298.8,8.62389465967212,454,0.6803156579337276
279,mora,packing_A,T07,largo,39,G4,8.575857417130011,0.8778572449534271,0.8966739104054877,False,498,476.58928486436525,4.492487728029412,0.3529797568943841,24.731479882165356,60,298.8,8.62389465967212,455,0.6990915529279154
279,mora,packing_A,T07,largo,39,G4,8.575857417130011,0.8778572449534271,0.8966739104054877,False,498,476.58928486436525,4.492487728029412,0.3529797568943841,24.731479882165356,60,298.8,8.62389465967212,456,0.732931996663081
279,mora,packing_A,T07,largo,39,G4,8.575857417130011,0.8778572449534271,0.8966739104054877,False,498,476.58928486436525,4.492487728029412,0.3529797568943841,24.731479882165356,60,298.8,8.62389465967212,457,0.7268407557366734
279,mora,packing_A,T07,largo,39,G4,8.575857417130011,0.8778572449534271,0.8966739104054877,False,498,476.58928486436525,4.492487728029412,0.3529797568943841,24.731479882165356,60,298.8,8.62389465967212,458,0.9388615571464521
279,mora,packing_A,T07,largo,39,G4,8.575857417130011,0.8778572449534271,0.8966739104054877,False,498,476.58928486436525,4.492487728029412,0.3529797568943841,24.731479882165356,60,298.8,8.62389465967212,459,0.873449241108274
279,mora,packing_A,T07,largo,39,G4,8.575857417130011,0.8778572449534271,0.8966739104054877,False,498,476.58928486436525,4.492487728029412,0.3529797568943841,24.731479882165356,60,298.8,8.62389465967212,460,0.7777175356757392
279,mora,packing_A,T07,largo,39,G4,8.575857417130011,0.8778572449534271,0.8966739104054877,False,498,476.58928486436525,4.492487728029412,0.3529797568943841,24.731479882165356,60,298.8,8.62389465967212,461,0.8489150854269589
279,mora,packing_A,T07,largo,39,G4,8.575857417130011,0.8778572449534271,0.8966739104054877,False,498,476.58928486436525,4.492487728029412,0.3529797568943841,24.731479882165356,60,298.8,8.62389465967212,462,0.4362921289008391
279,mora,packing_A,T07,largo,39,G4,8.575857417130011,0.8778572449534271,0.8966739104054877,False,498,476.58928486436525,4.492487728029412,0.3529797568943841,24.731479882165356,60,298.8,8.62389465967212,463,0.5071279412972854
279,mora,packing_A,T07,largo,39,G4,8.575857417130011,0.8778572449534271,0.8966739104054877,False,498,476.58928486436525,4.492487728029412,0.3529797568943841,24.731479882165356,60,298.8,8.62389465967212,464,0.45852220643632724
279,mora,packing_A,T07,largo,39,G4,8.575857417130011,0.8778572449534271,0.8966739104054877,False,498,476.58928486436525,4.492487728029412,0.3529797568943841,24.731479882165356,60,298.8,8.62389465967212,465,0.34327264481569975
279,mora,packing_A,T07,largo,39,G4,8.575857417130011,0.8778572449534271,0.8966739104054877,False,498,476.58928486436525,4.492487728029412,0.3529797568943841,24.731479882165356,60,298.8,8.62389465967212,466,0.18349817778504182
279,mora,packing_A,T07,largo,39,G4,8.575857417130011,0.8778572449534271,0.8966739104054877,False,498,476.58928486436525,4.492487728029412,0.3529797568943841,24.731479882165356,60,298.8,8.62389465967212,467,0.22703789267313446
279,mora,packing_A,T07,largo,39,G4,8.575857417130011,0.8778572449534271,0.8966739104054877,False,498,476.58928486436525,4.492487728029412,0.3529797568943841,24.731479882165356,60,298.8,8.62389465967212,468,0.05829313517898325
279,mora,packing_A,T07,largo,39,G4,8.575857417130011,0.8778572449534271,0.8966739104054877,False,498,476.58928486436525,4.492487728029412,0.3529797568943841,24.731479882165356,60,298.8,8.62389465967212,469,-0.03169336128233173
279,mora,packing_A,T07,largo,39,G4,8.575857417130011,0.8778572449534271,0.8966739104054877,False,498,476.58928486436525,4.492487728029412,0.3529797568943841,24.731479882165356,60,298.8,8.62389465967212,470,-0.053949016311671566
279,mora,packing_A,T07,largo,39,G4,8.575857417130011,0.8778572449534271,0.8966739104054877,False,498,476.58928486436525,4.492487728029412,0.3529797568943841,24.731479882165356,60,298.8,8.62389465967212,471,-0.15277017251416086
279,mora,packing_A,T07,largo,39,G4,8.575857417130011,0.8778572449534271,0.8966739104054877,False,498,476.58928486436525,4.492487728029412,0.3529797568943841,24.731479882165356,60,298.8,8.62389465967212,472,-0.2710277849753463
279,mora,packing_A,T07,largo,39,G4,8.575857417130011,0.8778572449534271,0.8966739104054877,False,498,476.58928486436525,4.492487728029412,0.3529797568943841,24.731479882165356,60,298.8,8.62389465967212,473,-0.1113869173838748
279,mora,packing_A,T07,largo,39,G4,8.575857417130011,0.8778572449534271,0.8966739104054877,False,498,476.58928486436525,4.492487728029412,0.3529797568943841,24.731479882165356,60,298.8,8.62389465967212,474,-0.13159360994652702
279,mora,packing_A,T07,largo,39,G4,8.575857417130011,0.8778572449534271,0.8966739104054877,False,498,476.58928486436525,4.492487728029412,0.3529797568943841,24.731479882165356,60,298.8,8.62389465967212,475,-0.241081361619213
279,mora,packing_A,T07,largo,39,G4,8.575857417130011,0.8778572449534271,0.8966739104054877,False,498,476.58928486436525,4.492487728029412,0.3529797568943841,24.731479882165356,60,298.8,8.62389465967212,476,0.052979943463920424
279,mora,packing_A,T07,largo,39,G4,8.575857417130011,0.8778572449534271,0.8966739104054877,False,498,476.58928486436525,4.492487728029412,0.3529797568943841,24.731479882165356,60,298.8,8.62389465967212,477,0.1603512183007914
279,mora,packing_A,T07,largo,39,G4,8.575857417130011,0.8778572449534271,0.8966739104054877,False,498,476.58928486436525,4.492487728029412,0.3529797568943841,24.731479882165356,60,298.8,8.62389465967212,478,-0.13446053197478708
279,mora,packing_A,T07,largo,39,G4,8.575857417130011,0.8778572449534271,0.8966739104054877,False,498,476.58928486436525,4.492487728029412,0.3529797568943841,24.731479882165356,60,298.8,8.62389465967212,479,0.11222595435665814
279,mora,packing_A,T07,largo,39,G4,8.575857417130011,0.8778572449534271,0.8966739104054877,False,498,476.58928486436525,4.492487728029412,0.3529797568943841,24.731479882165356,60,298.8,8.62389465967212,480,0.3691360405444571
279,mora,packing_A,T07,largo,39,G4,8.575857417130011,0.8778572449534271,0.8966739104054877,False,498,476.58928486436525,4.492487728029412,0.3529797568943841,24.731479882165356,60,298.8,8.62389465967212,481,0.43707428424065625
279,mora,packing_A,T07,largo,39,G4,8.575857417130011,0.8778572449534271,0.8966739104054877,False,498,476.58928486436525,4.492487728029412,0.3529797568943841,24.731479882165356,60,298.8,8.62389465967212,482,0.4988623265438072
279,mora,packing_A,T07,largo,39,G4,8.575857417130011,0.8778572449534271,0.8966739104054877,False,498,476.58928486436525,4.492487728029412,0.3529797568943841,24.731479882165356,60,298.8,8.62389465967212,483,0.6159226467932627
279,mora,packing_A,T07,largo,39,G4,8.575857417130011,0.8778572449534271,0.8966739104054877,False,498,476.58928486436525,4.492487728029412,0.3529797568943841,24.731479882165356,60,298.8,8.62389465967212,484,0.6489514116775817
279,mora,packing_A,T07,largo,39,G4,8.575857417130011,0.8778572449534271,0.8966739104054877,False,498,476.58928486436525,4.492487728029412,0.3529797568943841,24.731479882165356,60,298.8,8.62389465967212,485,0.8878314940881811
279,mora,packing_A,T07,largo,39,G4,8.575857417130011,0.8778572449534271,0.8966739104054877,False,498,476.58928486436525,4.492487728029412,0.3529797568943841,24.731479882165356,60,298.8,8.62389465967212,486,0.8165322942758918
279,mora,packing_A,T07,largo,39,G4,8.575857417130011,0.8778572449534271,0.8966739104054877,False,498,476.58928486436525,4.492487728029412,0.3529797568943841,24.731479882165356,60,298.8,8.62389465967212,487,0.7261783777485523
279,mora,packing_A,T07,largo,39,G4,8.575857417130011,0.8778572449534271,0.8966739104054877,False,498,476.58928486436525,4.492487728029412,0.3529797568943841,24.731479882165356,60,298.8,8.62389465967212,488,0.8551484323765834
279,mora,packing_A,T07,largo,39,G4,8.575857417130011,0.8778572449534271,0.8966739104054877,False,498,476.58928486436525,4.492487728029412,0.3529797568943841,24.731479882165356,60,298.8,8.62389465967212,489,0.881845076522306
279,mora,packing_A,T07,largo,39,G4,8.575857417130011,0.8778572449534271,0.8966739104054877,False,498,476.58928486436525,4.492487728029412,0.3529797568943841,24.731479882165356,60,298.8,8.62389465967212,490,0.8975941564880391
279,mora,packing_A,T07,largo,39,G4,8.575857417130011,0.8778572449534271,0.8966739104054877,False,498,476.58928486436525,4.492487728029412,0.3529797568943841,24.731479882165356,60,298.8,8.62389465967212,491,0.4779868064748375
279,mora,packing_A,T07,largo,39,G4,8.575857417130011,0.8778572449534271,0.8966739104054877,False,498,476.58928486436525,4.492487728029412,0.3529797568943841,24.731479882165356,60,298.8,8.62389465967212,492,0.674831626408225
279,mora,packing_A,T07,largo,39,G4,8.575857417130011,0.8778572449534271,0.8966739104054877,False,498,476.58928486436525,4.492487728029412,0.3529797568943841,24.731479882165356,60,298.8,8.62389465967212,493,0.6657965818983911
279,mora,packing_A,T07,largo,39,G4,8.575857417130011,0.8778572449534271,0.8966739104054877,False,498,476.58928486436525,4.492487728029412,0.3529797568943841,24.731479882165356,60,298.8,8.62389465967212,494,0.3400367056325177
279,mora,packing_A,T07,largo,39,G4,8.575857417130011,0.8778572449534271,0.8966739104054877,False,498,476.58928486436525,4.492487728029412,0.3529797568943841,24.731479882165356,60,298.8,8.62389465967212,495,0.45318264060754676
279,mora,packing_A,T07,largo,39,G4,8.575857417130011,0.8778572449534271,0.8966739104054877,False,498,476.58928486436525,4.492487728029412,0.3529797568943841,24.731479882165356,60,298.8,8.62389465967212,496,0.34554154825582095
279,mora,packing_A,T07,largo,39,G4,8.575857417130011,0.8778572449534271,0.8966739104054877,False,498,476.58928486436525,4.492487728029412,0.3529797568943841,24.731479882165356,60,298.8,8.62389465967212,497,0.24004227673687992
