proceso_id,epoca,packing,tunel,tipo_tunel,iteracion,mass_group,masa_ton,ocupabilidad,caudal_factor,anomalia_duracion,duracion_min,duracion_esperada_min,delta_duracion_pct,setpoint,T0,pct_transitorio,t_trans_min,overshoot_pct,tiempo_min,temperatura
1980,uva,packing_B,T10,largo,20,G2,3.879688410657426,0.749292821524003,0.80661700096539,True,603,366.5426531779306,64.5101858602213,-0.4214281705326627,24.322309796361164,60,361.8,8.117358386388927,0,24.196574706590084
1980,uva,packing_B,T10,largo,20,G2,3.879688410657426,0.749292821524003,0.80661700096539,True,603,366.5426531779306,64.5101858602213,-0.4214281705326627,24.322309796361164,60,361.8,8.117358386388927,1,24.10165227668005
1980,uva,packing_B,T10,largo,20,G2,3.879688410657426,0.749292821524003,0.80661700096539,True,603,366.5426531779306,64.5101858602213,-0.4214281705326627,24.322309796361164,60,361.8,8.117358386388927,2,23.999341803524675
1980,uva,packing_B,T10,largo,20,G2,3.879688410657426,0.749292821524003,0.80661700096539,True,603,366.5426531779306,64.5101858602213,-0.4214281705326627,24.322309796361164,60,361.8,8.117358386388927,3,23.76787074058153
1980,uva,packing_B,T10,largo,20,G2,3.879688410657426,0.749292821524003,0.80661700096539,True,603,366.5426531779306,64.5101858602213,-0.4214281705326627,24.322309796361164,60,361.8,8.117358386388927,4,23.569066243416856
1980,uva,packing_B,T10,largo,20,G2,3.879688410657426,0.749292821524003,0.80661700096539,True,603,366.5426531779306,64.5101858602213,-0.4214281705326627,24.322309796361164,60,361.8,8.117358386388927,5,23.51752873020301
1980,uva,packing_B,T10,largo,20,G2,3.879688410657426,0.749292821524003,0.80661700096539,True,603,366.5426531779306,64.5101858602213,-0.4214281705326627,24.322309796361164,60,361.8,8.117358386388927,6,23.31362693389439
1980,uva,packing_B,T10,largo,20,G2,3.879688410657426,0.749292821524003,0.80661700096539,True,603,366.5426531779306,64.5101858602213,-0.4214281705326627,24.322309796361164,60,361.8,8.117358386388927,7,23.149322691019357
1980,uva,packing_B,T10,largo,20,G2,3.879688410657426,0.749292821524003,0.80661700096539,True,603,366.5426531779306,64.5101858602213,-0.4214281705326627,24.322309796361164,60,361.8,8.117358386388927,8,22.962135063771555
1980,uva,packing_B,T10,largo,20,G2,3.879688410657426,0.749292821524003,0.80661700096539,True,603,366.5426531779306,64.5101858602213,-0.4214281705326627,24.322309796361164,60,361.8,8.117358386388927,9,22.91045591350824
1980,uva,packing_B,T10,largo,20,G2,3.879688410657426,0.749292821524003,0.80661700096539,True,603,366.5426531779306,64.5101858602213,-0.4214281705326627,24.322309796361164,60,361.8,8.117358386388927,10,22.603584854517496
1980,uva,packing_B,T10,largo,20,G2,3.879688410657426,0.749292821524003,0.80661700096539,True,603,366.5426531779306,64.5101858602213,-0.4214281705326627,24.322309796361164,60,361.8,8.117358386388927,11,22.25248691240328
1980,uva,packing_B,T10,largo,20,G2,3.879688410657426,0.749292821524003,0.80661700096539,True,603,366.5426531779306,64.5101858602213,-0.4214281705326627,24.322309796361164,60,361.8,8.117358386388927,12,22.14345546304739
1980,uva,packing_B,T10,largo,20,G2,3.879688410657426,0.749292821524003,0.80661700096539,True,603,366.5426531779306,64.5101858602213,-0.4214281705326627,24.322309796361164,60,361.8,8.117358386388927,13,21.962030700316266
1980,uva,packing_B,T10,largo,20,G2,3.879688410657426,0.749292821524003,0.80661700096539,True,603,366.5426531779306,64.5101858602213,-0.4214281705326627,24.322309796361164,60,361.8,8.117358386388927,14,21.867998765340378
1980,uva,packing_B,T10,largo,20,G2,3.879688410657426,0.749292821524003,0.80661700096539,True,603,366.5426531779306,64.5101858602213,-0.4214281705326627,24.322309796361164,60,361.8,8.117358386388927,15,21.628925215432336
1980,uva,packing_B,T10,largo,20,G2,3.879688410657426,0.749292821524003,0.80661700096539,True,603,366.5426531779306,64.5101858602213,-0.4214281705326627,24.322309796361164,60,361.8,8.117358386388927,16,21.431664532332366
1980,uva,packing_B,T10,largo,20,G2,3.879688410657426,0.749292821524003,0.80661700096539,True,603,366.5426531779306,64.5101858602213,-0.4214281705326627,24.322309796361164,60,361.8,8.117358386388927,17,21.324169817664966
1980,uva,packing_B,T10,largo,20,G2,3.879688410657426,0.749292821524003,0.80661700096539,True,603,366.5426531779306,64.5101858602213,-0.4214281705326627,24.322309796361164,60,361.8,8.117358386388927,18,20.969849222887525
1980,uva,packing_B,T10,largo,20,G2,3.879688410657426,0.749292821524003,0.80661700096539,True,603,366.5426531779306,64.5101858602213,-0.4214281705326627,24.322309796361164,60,361.8,8.117358386388927,19,20.745500003988933
1980,uva,packing_B,T10,largo,20,G2,3.879688410657426,0.749292821524003,0.80661700096539,True,603,366.5426531779306,64.5101858602213,-0.4214281705326627,24.322309796361164,60,361.8,8.117358386388927,20,20.619169754583442
1980,uva,packing_B,T10,largo,20,G2,3.879688410657426,0.749292821524003,0.80661700096539,True,603,366.5426531779306,64.5101858602213,-0.4214281705326627,24.322309796361164,60,361.8,8.117358386388927,21,20.330209943366036
1980,uva,packing_B,T10,largo,20,G2,3.879688410657426,0.749292821524003,0.80661700096539,True,603,366.5426531779306,64.5101858602213,-0.4214281705326627,24.322309796361164,60,361.8,8.117358386388927,22,20.32950774175605
1980,uva,packing_B,T10,largo,20,G2,3.879688410657426,0.749292821524003,0.80661700096539,True,603,366.5426531779306,64.5101858602213,-0.4214281705326627,24.322309796361164,60,361.8,8.117358386388927,23,20.005411561043186
1980,uva,packing_B,T10,largo,20,G2,3.879688410657426,0.749292821524003,0.80661700096539,True,603,366.5426531779306,64.5101858602213,-0.4214281705326627,24.322309796361164,60,361.8,8.117358386388927,24,19.672180125807383
1980,uva,packing_B,T10,largo,20,G2,3.879688410657426,0.749292821524003,0.80661700096539,True,603,366.5426531779306,64.5101858602213,-0.4214281705326627,24.322309796361164,60,361.8,8.117358386388927,25,19.553286915725213
1980,uva,packing_B,T10,largo,20,G2,3.879688410657426,0.749292821524003,0.80661700096539,True,603,366.5426531779306,64.5101858602213,-0.4214281705326627,24.322309796361164,60,361.8,8.117358386388927,26,19.302471874817027
1980,uva,packing_B,T10,largo,20,G2,3.879688410657426,0.749292821524003,0.80661700096539,True,603,366.5426531779306,64.5101858602213,-0.4214281705326627,24.322309796361164,60,361.8,8.117358386388927,27,19.137968796188137
1980,uva,packing_B,T10,largo,20,G2,3.879688410657426,0.749292821524003,0.80661700096539,True,603,366.5426531779306,64.5101858602213,-0.4214281705326627,24.322309796361164,60,361.8,8.117358386388927,28,18.77053690434401
1980,uva,packing_B,T10,largo,20,G2,3.879688410657426,0.749292821524003,0.80661700096539,True,603,366.5426531779306,64.5101858602213,-0.4214281705326627,24.322309796361164,60,361.8,8.117358386388927,29,18.547365283932628
1980,uva,packing_B,T10,largo,20,G2,3.879688410657426,0.749292821524003,0.80661700096539,True,603,366.5426531779306,64.5101858602213,-0.4214281705326627,24.322309796361164,60,361.8,8.117358386388927,30,18.275740679610323
1980,uva,packing_B,T10,largo,20,G2,3.879688410657426,0.749292821524003,0.80661700096539,True,603,366.5426531779306,64.5101858602213,-0.4214281705326627,24.322309796361164,60,361.8,8.117358386388927,31,18.449516886278065
1980,uva,packing_B,T10,largo,20,G2,3.879688410657426,0.749292821524003,0.80661700096539,True,603,366.5426531779306,64.5101858602213,-0.4214281705326627,24.322309796361164,60,361.8,8.117358386388927,32,18.277440365446314
1980,uva,packing_B,T10,largo,20,G2,3.879688410657426,0.749292821524003,0.80661700096539,True,603,366.5426531779306,64.5101858602213,-0.4214281705326627,24.322309796361164,60,361.8,8.117358386388927,33,17.903096660029256
1980,uva,packing_B,T10,largo,20,G2,3.879688410657426,0.749292821524003,0.80661700096539,True,603,366.5426531779306,64.5101858602213,-0.4214281705326627,24.322309796361164,60,361.8,8.117358386388927,34,17.57412665812882
1980,uva,packing_B,T10,largo,20,G2,3.879688410657426,0.749292821524003,0.80661700096539,True,603,366.5426531779306,64.5101858602213,-0.4214281705326627,24.322309796361164,60,361.8,8.117358386388927,35,17.300014742918517
1980,uva,packing_B,T10,largo,20,G2,3.879688410657426,0.749292821524003,0.80661700096539,True,603,366.5426531779306,64.5101858602213,-0.4214281705326627,24.322309796361164,60,361.8,8.117358386388927,36,17.014401502826658
1980,uva,packing_B,T10,largo,20,G2,3.879688410657426,0.749292821524003,0.80661700096539,True,603,366.5426531779306,64.5101858602213,-0.4214281705326627,24.322309796361164,60,361.8,8.117358386388927,37,16.745654816198257
1980,uva,packing_B,T10,largo,20,G2,3.879688410657426,0.749292821524003,0.80661700096539,True,603,366.5426531779306,64.5101858602213,-0.4214281705326627,24.322309796361164,60,361.8,8.117358386388927,38,16.690505747165105
1980,uva,packing_B,T10,largo,20,G2,3.879688410657426,0.749292821524003,0.80661700096539,True,603,366.5426531779306,64.5101858602213,-0.4214281705326627,24.322309796361164,60,361.8,8.117358386388927,39,16.1918508550892
1980,uva,packing_B,T10,largo,20,G2,3.879688410657426,0.749292821524003,0.80661700096539,True,603,366.5426531779306,64.5101858602213,-0.4214281705326627,24.322309796361164,60,361.8,8.117358386388927,40,16.155684070459
1980,uva,packing_B,T10,largo,20,G2,3.879688410657426,0.749292821524003,0.80661700096539,True,603,366.5426531779306,64.5101858602213,-0.4214281705326627,24.322309796361164,60,361.8,8.117358386388927,41,15.66810274426769
1980,uva,packing_B,T10,largo,20,G2,3.879688410657426,0.749292821524003,0.80661700096539,True,603,366.5426531779306,64.5101858602213,-0.4214281705326627,24.322309796361164,60,361.8,8.117358386388927,42,15.530885492119
1980,uva,packing_B,T10,largo,20,G2,3.879688410657426,0.749292821524003,0.80661700096539,True,603,366.5426531779306,64.5101858602213,-0.4214281705326627,24.322309796361164,60,361.8,8.117358386388927,43,15.370218818883528
1980,uva,packing_B,T10,largo,20,G2,3.879688410657426,0.749292821524003,0.80661700096539,True,603,366.5426531779306,64.5101858602213,-0.4214281705326627,24.322309796361164,60,361.8,8.117358386388927,44,15.143910794958499
1980,uva,packing_B,T10,largo,20,G2,3.879688410657426,0.749292821524003,0.80661700096539,True,603,366.5426531779306,64.5101858602213,-0.4214281705326627,24.322309796361164,60,361.8,8.117358386388927,45,15.054580907316138
1980,uva,packing_B,T10,largo,20,G2,3.879688410657426,0.749292821524003,0.80661700096539,True,603,366.5426531779306,64.5101858602213,-0.4214281705326627,24.322309796361164,60,361.8,8.117358386388927,46,14.683518185784905
1980,uva,packing_B,T10,largo,20,G2,3.879688410657426,0.749292821524003,0.80661700096539,True,603,366.5426531779306,64.5101858602213,-0.4214281705326627,24.322309796361164,60,361.8,8.117358386388927,47,14.468126629642887
1980,uva,packing_B,T10,largo,20,G2,3.879688410657426,0.749292821524003,0.80661700096539,True,603,366.5426531779306,64.5101858602213,-0.4214281705326627,24.322309796361164,60,361.8,8.117358386388927,48,14.104285274603427
1980,uva,packing_B,T10,largo,20,G2,3.879688410657426,0.749292821524003,0.80661700096539,True,603,366.5426531779306,64.5101858602213,-0.4214281705326627,24.322309796361164,60,361.8,8.117358386388927,49,14.072069762333694
1980,uva,packing_B,T10,largo,20,G2,3.879688410657426,0.749292821524003,0.80661700096539,True,603,366.5426531779306,64.5101858602213,-0.4214281705326627,24.322309796361164,60,361.8,8.117358386388927,50,13.761997706973334
1980,uva,packing_B,T10,largo,20,G2,3.879688410657426,0.749292821524003,0.80661700096539,True,603,366.5426531779306,64.5101858602213,-0.4214281705326627,24.322309796361164,60,361.8,8.117358386388927,51,13.775191546190317
1980,uva,packing_B,T10,largo,20,G2,3.879688410657426,0.749292821524003,0.80661700096539,True,603,366.5426531779306,64.5101858602213,-0.4214281705326627,24.322309796361164,60,361.8,8.117358386388927,52,13.492025987136113
1980,uva,packing_B,T10,largo,20,G2,3.879688410657426,0.749292821524003,0.80661700096539,True,603,366.5426531779306,64.5101858602213,-0.4214281705326627,24.322309796361164,60,361.8,8.117358386388927,53,13.1470581695566
1980,uva,packing_B,T10,largo,20,G2,3.879688410657426,0.749292821524003,0.80661700096539,True,603,366.5426531779306,64.5101858602213,-0.4214281705326627,24.322309796361164,60,361.8,8.117358386388927,54,12.833449647237739
1980,uva,packing_B,T10,largo,20,G2,3.879688410657426,0.749292821524003,0.80661700096539,True,603,366.5426531779306,64.5101858602213,-0.4214281705326627,24.322309796361164,60,361.8,8.117358386388927,55,12.57451973500644
1980,uva,packing_B,T10,largo,20,G2,3.879688410657426,0.749292821524003,0.80661700096539,True,603,366.5426531779306,64.5101858602213,-0.4214281705326627,24.322309796361164,60,361.8,8.117358386388927,56,12.293203305482546
1980,uva,packing_B,T10,largo,20,G2,3.879688410657426,0.749292821524003,0.80661700096539,True,603,366.5426531779306,64.5101858602213,-0.4214281705326627,24.322309796361164,60,361.8,8.117358386388927,57,12.15988471203266
1980,uva,packing_B,T10,largo,20,G2,3.879688410657426,0.749292821524003,0.80661700096539,True,603,366.5426531779306,64.5101858602213,-0.4214281705326627,24.322309796361164,60,361.8,8.117358386388927,58,11.9910247606367
1980,uva,packing_B,T10,largo,20,G2,3.879688410657426,0.749292821524003,0.80661700096539,True,603,366.5426531779306,64.5101858602213,-0.4214281705326627,24.322309796361164,60,361.8,8.117358386388927,59,11.764975349125034
1980,uva,packing_B,T10,largo,20,G2,3.879688410657426,0.749292821524003,0.80661700096539,True,603,366.5426531779306,64.5101858602213,-0.4214281705326627,24.322309796361164,60,361.8,8.117358386388927,60,11.390239934147491
1980,uva,packing_B,T10,largo,20,G2,3.879688410657426,0.749292821524003,0.80661700096539,True,603,366.5426531779306,64.5101858602213,-0.4214281705326627,24.322309796361164,60,361.8,8.117358386388927,61,11.190226356098476
1980,uva,packing_B,T10,largo,20,G2,3.879688410657426,0.749292821524003,0.80661700096539,True,603,366.5426531779306,64.5101858602213,-0.4214281705326627,24.322309796361164,60,361.8,8.117358386388927,62,11.091866069393161
1980,uva,packing_B,T10,largo,20,G2,3.879688410657426,0.749292821524003,0.80661700096539,True,603,366.5426531779306,64.5101858602213,-0.4214281705326627,24.322309796361164,60,361.8,8.117358386388927,63,10.694873219377795
1980,uva,packing_B,T10,largo,20,G2,3.879688410657426,0.749292821524003,0.80661700096539,True,603,366.5426531779306,64.5101858602213,-0.4214281705326627,24.322309796361164,60,361.8,8.117358386388927,64,10.558531301606346
1980,uva,packing_B,T10,largo,20,G2,3.879688410657426,0.749292821524003,0.80661700096539,True,603,366.5426531779306,64.5101858602213,-0.4214281705326627,24.322309796361164,60,361.8,8.117358386388927,65,10.078711633181287
1980,uva,packing_B,T10,largo,20,G2,3.879688410657426,0.749292821524003,0.80661700096539,True,603,366.5426531779306,64.5101858602213,-0.4214281705326627,24.322309796361164,60,361.8,8.117358386388927,66,9.928149647647315
1980,uva,packing_B,T10,largo,20,G2,3.879688410657426,0.749292821524003,0.80661700096539,True,603,366.5426531779306,64.5101858602213,-0.4214281705326627,24.322309796361164,60,361.8,8.117358386388927,67,9.85178432248042
1980,uva,packing_B,T10,largo,20,G2,3.879688410657426,0.749292821524003,0.80661700096539,True,603,366.5426531779306,64.5101858602213,-0.4214281705326627,24.322309796361164,60,361.8,8.117358386388927,68,9.462580199216905
1980,uva,packing_B,T10,largo,20,G2,3.879688410657426,0.749292821524003,0.80661700096539,True,603,366.5426531779306,64.5101858602213,-0.4214281705326627,24.322309796361164,60,361.8,8.117358386388927,69,9.253815124597223
1980,uva,packing_B,T10,largo,20,G2,3.879688410657426,0.749292821524003,0.80661700096539,True,603,366.5426531779306,64.5101858602213,-0.4214281705326627,24.322309796361164,60,361.8,8.117358386388927,70,9.176172599413187
1980,uva,packing_B,T10,largo,20,G2,3.879688410657426,0.749292821524003,0.80661700096539,True,603,366.5426531779306,64.5101858602213,-0.4214281705326627,24.322309796361164,60,361.8,8.117358386388927,71,8.612573556505684
1980,uva,packing_B,T10,largo,20,G2,3.879688410657426,0.749292821524003,0.80661700096539,True,603,366.5426531779306,64.5101858602213,-0.4214281705326627,24.322309796361164,60,361.8,8.117358386388927,72,8.729776750931027
1980,uva,packing_B,T10,largo,20,G2,3.879688410657426,0.749292821524003,0.80661700096539,True,603,366.5426531779306,64.5101858602213,-0.4214281705326627,24.322309796361164,60,361.8,8.117358386388927,73,8.526130178252044
1980,uva,packing_B,T10,largo,20,G2,3.879688410657426,0.749292821524003,0.80661700096539,True,603,366.5426531779306,64.5101858602213,-0.4214281705326627,24.322309796361164,60,361.8,8.117358386388927,74,8.113805243801732
1980,uva,packing_B,T10,largo,20,G2,3.879688410657426,0.749292821524003,0.80661700096539,True,603,366.5426531779306,64.5101858602213,-0.4214281705326627,24.322309796361164,60,361.8,8.117358386388927,75,7.9994337840310825
1980,uva,packing_B,T10,largo,20,G2,3.879688410657426,0.749292821524003,0.80661700096539,True,603,366.5426531779306,64.5101858602213,-0.4214281705326627,24.322309796361164,60,361.8,8.117358386388927,76,7.814345362249257
1980,uva,packing_B,T10,largo,20,G2,3.879688410657426,0.749292821524003,0.80661700096539,True,603,366.5426531779306,64.5101858602213,-0.4214281705326627,24.322309796361164,60,361.8,8.117358386388927,77,7.547126901120308
1980,uva,packing_B,T10,largo,20,G2,3.879688410657426,0.749292821524003,0.80661700096539,True,603,366.5426531779306,64.5101858602213,-0.4214281705326627,24.322309796361164,60,361.8,8.117358386388927,78,7.324043966061465
1980,uva,packing_B,T10,largo,20,G2,3.879688410657426,0.749292821524003,0.80661700096539,True,603,366.5426531779306,64.5101858602213,-0.4214281705326627,24.322309796361164,60,361.8,8.117358386388927,79,7.137446437157208
1980,uva,packing_B,T10,largo,20,G2,3.879688410657426,0.749292821524003,0.80661700096539,True,603,366.5426531779306,64.5101858602213,-0.4214281705326627,24.322309796361164,60,361.8,8.117358386388927,80,7.004176737943318
1980,uva,packing_B,T10,largo,20,G2,3.879688410657426,0.749292821524003,0.80661700096539,True,603,366.5426531779306,64.5101858602213,-0.4214281705326627,24.322309796361164,60,361.8,8.117358386388927,81,6.547603675876619
1980,uva,packing_B,T10,largo,20,G2,3.879688410657426,0.749292821524003,0.80661700096539,True,603,366.5426531779306,64.5101858602213,-0.4214281705326627,24.322309796361164,60,361.8,8.117358386388927,82,6.490044630337855
1980,uva,packing_B,T10,largo,20,G2,3.879688410657426,0.749292821524003,0.80661700096539,True,603,366.5426531779306,64.5101858602213,-0.4214281705326627,24.322309796361164,60,361.8,8.117358386388927,83,6.094877023599582
1980,uva,packing_B,T10,largo,20,G2,3.879688410657426,0.749292821524003,0.80661700096539,True,603,366.5426531779306,64.5101858602213,-0.4214281705326627,24.322309796361164,60,361.8,8.117358386388927,84,6.204182015755134
1980,uva,packing_B,T10,largo,20,G2,3.879688410657426,0.749292821524003,0.80661700096539,True,603,366.5426531779306,64.5101858602213,-0.4214281705326627,24.322309796361164,60,361.8,8.117358386388927,85,5.83265703981361
1980,uva,packing_B,T10,largo,20,G2,3.879688410657426,0.749292821524003,0.80661700096539,True,603,366.5426531779306,64.5101858602213,-0.4214281705326627,24.322309796361164,60,361.8,8.117358386388927,86,5.840176884974831
1980,uva,packing_B,T10,largo,20,G2,3.879688410657426,0.749292821524003,0.80661700096539,True,603,366.5426531779306,64.5101858602213,-0.4214281705326627,24.322309796361164,60,361.8,8.117358386388927,87,5.252634618897058
1980,uva,packing_B,T10,largo,20,G2,3.879688410657426,0.749292821524003,0.80661700096539,True,603,366.5426531779306,64.5101858602213,-0.4214281705326627,24.322309796361164,60,361.8,8.117358386388927,88,5.127261553135899
1980,uva,packing_B,T10,largo,20,G2,3.879688410657426,0.749292821524003,0.80661700096539,True,603,366.5426531779306,64.5101858602213,-0.4214281705326627,24.322309796361164,60,361.8,8.117358386388927,89,4.892104511556103
1980,uva,packing_B,T10,largo,20,G2,3.879688410657426,0.749292821524003,0.80661700096539,True,603,366.5426531779306,64.5101858602213,-0.4214281705326627,24.322309796361164,60,361.8,8.117358386388927,90,4.8664541338448215
1980,uva,packing_B,T10,largo,20,G2,3.879688410657426,0.749292821524003,0.80661700096539,True,603,366.5426531779306,64.5101858602213,-0.4214281705326627,24.322309796361164,60,361.8,8.117358386388927,91,4.633300129226498
1980,uva,packing_B,T10,largo,20,G2,3.879688410657426,0.749292821524003,0.80661700096539,True,603,366.5426531779306,64.5101858602213,-0.4214281705326627,24.322309796361164,60,361.8,8.117358386388927,92,4.265658747632081
1980,uva,packing_B,T10,largo,20,G2,3.879688410657426,0.749292821524003,0.80661700096539,True,603,366.5426531779306,64.5101858602213,-0.4214281705326627,24.322309796361164,60,361.8,8.117358386388927,93,4.065239421687697
1980,uva,packing_B,T10,largo,20,G2,3.879688410657426,0.749292821524003,0.80661700096539,True,603,366.5426531779306,64.5101858602213,-0.4214281705326627,24.322309796361164,60,361.8,8.117358386388927,94,3.955142110572735
1980,uva,packing_B,T10,largo,20,G2,3.879688410657426,0.749292821524003,0.80661700096539,True,603,366.5426531779306,64.5101858602213,-0.4214281705326627,24.322309796361164,60,361.8,8.117358386388927,95,3.761404499997726
1980,uva,packing_B,T10,largo,20,G2,3.879688410657426,0.749292821524003,0.80661700096539,True,603,366.5426531779306,64.5101858602213,-0.4214281705326627,24.322309796361164,60,361.8,8.117358386388927,96,3.4127627778968352
1980,uva,packing_B,T10,largo,20,G2,3.879688410657426,0.749292821524003,0.80661700096539,True,603,366.5426531779306,64.5101858602213,-0.4214281705326627,24.322309796361164,60,361.8,8.117358386388927,97,3.350229936493683
1980,uva,packing_B,T10,largo,20,G2,3.879688410657426,0.749292821524003,0.80661700096539,True,603,366.5426531779306,64.5101858602213,-0.4214281705326627,24.322309796361164,60,361.8,8.117358386388927,98,3.329693566102819
1980,uva,packing_B,T10,largo,20,G2,3.879688410657426,0.749292821524003,0.80661700096539,True,603,366.5426531779306,64.5101858602213,-0.4214281705326627,24.322309796361164,60,361.8,8.117358386388927,99,2.7812456701738935
1980,uva,packing_B,T10,largo,20,G2,3.879688410657426,0.749292821524003,0.80661700096539,True,603,366.5426531779306,64.5101858602213,-0.4214281705326627,24.322309796361164,60,361.8,8.117358386388927,100,2.758583101538372
1980,uva,packing_B,T10,largo,20,G2,3.879688410657426,0.749292821524003,0.80661700096539,True,603,366.5426531779306,64.5101858602213,-0.4214281705326627,24.322309796361164,60,361.8,8.117358386388927,101,2.5476179190937507
1980,uva,packing_B,T10,largo,20,G2,3.879688410657426,0.749292821524003,0.80661700096539,True,603,366.5426531779306,64.5101858602213,-0.4214281705326627,24.322309796361164,60,361.8,8.117358386388927,102,2.384486723827481
1980,uva,packing_B,T10,largo,20,G2,3.879688410657426,0.749292821524003,0.80661700096539,True,603,366.5426531779306,64.5101858602213,-0.4214281705326627,24.322309796361164,60,361.8,8.117358386388927,103,2.126767436108704
1980,uva,packing_B,T10,largo,20,G2,3.879688410657426,0.749292821524003,0.80661700096539,True,603,366.5426531779306,64.5101858602213,-0.4214281705326627,24.322309796361164,60,361.8,8.117358386388927,104,2.1642045492846935
1980,uva,packing_B,T10,largo,20,G2,3.879688410657426,0.749292821524003,0.80661700096539,True,603,366.5426531779306,64.5101858602213,-0.4214281705326627,24.322309796361164,60,361.8,8.117358386388927,105,1.9199360939371721
1980,uva,packing_B,T10,largo,20,G2,3.879688410657426,0.749292821524003,0.80661700096539,True,603,366.5426531779306,64.5101858602213,-0.4214281705326627,24.322309796361164,60,361.8,8.117358386388927,106,1.5474304988356442
1980,uva,packing_B,T10,largo,20,G2,3.879688410657426,0.749292821524003,0.80661700096539,True,603,366.5426531779306,64.5101858602213,-0.4214281705326627,24.322309796361164,60,361.8,8.117358386388927,107,1.5018618174967724
1980,uva,packing_B,T10,largo,20,G2,3.879688410657426,0.749292821524003,0.80661700096539,True,603,366.5426531779306,64.5101858602213,-0.4214281705326627,24.322309796361164,60,361.8,8.117358386388927,108,1.0947628939985625
1980,uva,packing_B,T10,largo,20,G2,3.879688410657426,0.749292821524003,0.80661700096539,True,603,366.5426531779306,64.5101858602213,-0.4214281705326627,24.322309796361164,60,361.8,8.117358386388927,109,1.200285492104096
1980,uva,packing_B,T10,largo,20,G2,3.879688410657426,0.749292821524003,0.80661700096539,True,603,366.5426531779306,64.5101858602213,-0.4214281705326627,24.322309796361164,60,361.8,8.117358386388927,110,0.8508617485152603
1980,uva,packing_B,T10,largo,20,G2,3.879688410657426,0.749292821524003,0.80661700096539,True,603,366.5426531779306,64.5101858602213,-0.4214281705326627,24.322309796361164,60,361.8,8.117358386388927,111,0.6940975575704792
1980,uva,packing_B,T10,largo,20,G2,3.879688410657426,0.749292821524003,0.80661700096539,True,603,366.5426531779306,64.5101858602213,-0.4214281705326627,24.322309796361164,60,361.8,8.117358386388927,112,0.5157468894635817
1980,uva,packing_B,T10,largo,20,G2,3.879688410657426,0.749292821524003,0.80661700096539,True,603,366.5426531779306,64.5101858602213,-0.4214281705326627,24.322309796361164,60,361.8,8.117358386388927,113,0.13187648462713988
1980,uva,packing_B,T10,largo,20,G2,3.879688410657426,0.749292821524003,0.80661700096539,True,603,366.5426531779306,64.5101858602213,-0.4214281705326627,24.322309796361164,60,361.8,8.117358386388927,114,0.31328539162306523
1980,uva,packing_B,T10,largo,20,G2,3.879688410657426,0.749292821524003,0.80661700096539,True,603,366.5426531779306,64.5101858602213,-0.4214281705326627,24.322309796361164,60,361.8,8.117358386388927,115,0.07694300924697714
1980,uva,packing_B,T10,largo,20,G2,3.879688410657426,0.749292821524003,0.80661700096539,True,603,366.5426531779306,64.5101858602213,-0.4214281705326627,24.322309796361164,60,361.8,8.117358386388927,116,-0.07204910079868325
1980,uva,packing_B,T10,largo,20,G2,3.879688410657426,0.749292821524003,0.80661700096539,True,603,366.5426531779306,64.5101858602213,-0.4214281705326627,24.322309796361164,60,361.8,8.117358386388927,117,-0.4032947822259766
1980,uva,packing_B,T10,largo,20,G2,3.879688410657426,0.749292821524003,0.80661700096539,True,603,366.5426531779306,64.5101858602213,-0.4214281705326627,24.322309796361164,60,361.8,8.117358386388927,118,-0.4243474315998837
1980,uva,packing_B,T10,largo,20,G2,3.879688410657426,0.749292821524003,0.80661700096539,True,603,366.5426531779306,64.5101858602213,-0.4214281705326627,24.322309796361164,60,361.8,8.117358386388927,119,-0.9380043310540287
1980,uva,packing_B,T10,largo,20,G2,3.879688410657426,0.749292821524003,0.80661700096539,True,603,366.5426531779306,64.5101858602213,-0.4214281705326627,24.322309796361164,60,361.8,8.117358386388927,120,-0.9697934136119657
1980,uva,packing_B,T10,largo,20,G2,3.879688410657426,0.749292821524003,0.80661700096539,True,603,366.5426531779306,64.5101858602213,-0.4214281705326627,24.322309796361164,60,361.8,8.117358386388927,121,-1.1000490787817827
1980,uva,packing_B,T10,largo,20,G2,3.879688410657426,0.749292821524003,0.80661700096539,True,603,366.5426531779306,64.5101858602213,-0.4214281705326627,24.322309796361164,60,361.8,8.117358386388927,122,-1.0081340284069156
1980,uva,packing_B,T10,largo,20,G2,3.879688410657426,0.749292821524003,0.80661700096539,True,603,366.5426531779306,64.5101858602213,-0.4214281705326627,24.322309796361164,60,361.8,8.117358386388927,123,-1.5300273514194522
1980,uva,packing_B,T10,largo,20,G2,3.879688410657426,0.749292821524003,0.80661700096539,True,603,366.5426531779306,64.5101858602213,-0.4214281705326627,24.322309796361164,60,361.8,8.117358386388927,124,-1.482701054963682
1980,uva,packing_B,T10,largo,20,G2,3.879688410657426,0.749292821524003,0.80661700096539,True,603,366.5426531779306,64.5101858602213,-0.4214281705326627,24.322309796361164,60,361.8,8.117358386388927,125,-1.4643228702198217
1980,uva,packing_B,T10,largo,20,G2,3.879688410657426,0.749292821524003,0.80661700096539,True,603,366.5426531779306,64.5101858602213,-0.4214281705326627,24.322309796361164,60,361.8,8.117358386388927,126,-1.7930625781815905
1980,uva,packing_B,T10,largo,20,G2,3.879688410657426,0.749292821524003,0.80661700096539,True,603,366.5426531779306,64.5101858602213,-0.4214281705326627,24.322309796361164,60,361.8,8.117358386388927,127,-1.7812171486240527
1980,uva,packing_B,T10,largo,20,G2,3.879688410657426,0.749292821524003,0.80661700096539,True,603,366.5426531779306,64.5101858602213,-0.4214281705326627,24.322309796361164,60,361.8,8.117358386388927,128,-2.0072437452198413
1980,uva,packing_B,T10,largo,20,G2,3.879688410657426,0.749292821524003,0.80661700096539,True,603,366.5426531779306,64.5101858602213,-0.4214281705326627,24.322309796361164,60,361.8,8.117358386388927,129,-2.1043223844364056
1980,uva,packing_B,T10,largo,20,G2,3.879688410657426,0.749292821524003,0.80661700096539,True,603,366.5426531779306,64.5101858602213,-0.4214281705326627,24.322309796361164,60,361.8,8.117358386388927,130,-2.2433144488045698
1980,uva,packing_B,T10,largo,20,G2,3.879688410657426,0.749292821524003,0.80661700096539,True,603,366.5426531779306,64.5101858602213,-0.4214281705326627,24.322309796361164,60,361.8,8.117358386388927,131,-2.275021944837535
1980,uva,packing_B,T10,largo,20,G2,3.879688410657426,0.749292821524003,0.80661700096539,True,603,366.5426531779306,64.5101858602213,-0.4214281705326627,24.322309796361164,60,361.8,8.117358386388927,132,-2.3935885827410393
1980,uva,packing_B,T10,largo,20,G2,3.879688410657426,0.749292821524003,0.80661700096539,True,603,366.5426531779306,64.5101858602213,-0.4214281705326627,24.322309796361164,60,361.8,8.117358386388927,133,-2.781359482417781
1980,uva,packing_B,T10,largo,20,G2,3.879688410657426,0.749292821524003,0.80661700096539,True,603,366.5426531779306,64.5101858602213,-0.4214281705326627,24.322309796361164,60,361.8,8.117358386388927,134,-2.9888302942051728
1980,uva,packing_B,T10,largo,20,G2,3.879688410657426,0.749292821524003,0.80661700096539,True,603,366.5426531779306,64.5101858602213,-0.4214281705326627,24.322309796361164,60,361.8,8.117358386388927,135,-2.9780952748262797
1980,uva,packing_B,T10,largo,20,G2,3.879688410657426,0.749292821524003,0.80661700096539,True,603,366.5426531779306,64.5101858602213,-0.4214281705326627,24.322309796361164,60,361.8,8.117358386388927,136,-3.2093455476366364
1980,uva,packing_B,T10,largo,20,G2,3.879688410657426,0.749292821524003,0.80661700096539,True,603,366.5426531779306,64.5101858602213,-0.4214281705326627,24.322309796361164,60,361.8,8.117358386388927,137,-3.066188858444784
1980,uva,packing_B,T10,largo,20,G2,3.879688410657426,0.749292821524003,0.80661700096539,True,603,366.5426531779306,64.5101858602213,-0.4214281705326627,24.322309796361164,60,361.8,8.117358386388927,138,-3.44673990467246
1980,uva,packing_B,T10,largo,20,G2,3.879688410657426,0.749292821524003,0.80661700096539,True,603,366.5426531779306,64.5101858602213,-0.4214281705326627,24.322309796361164,60,361.8,8.117358386388927,139,-3.5130743525714516
1980,uva,packing_B,T10,largo,20,G2,3.879688410657426,0.749292821524003,0.80661700096539,True,603,366.5426531779306,64.5101858602213,-0.4214281705326627,24.322309796361164,60,361.8,8.117358386388927,140,-3.4863632479829434
1980,uva,packing_B,T10,largo,20,G2,3.879688410657426,0.749292821524003,0.80661700096539,True,603,366.5426531779306,64.5101858602213,-0.4214281705326627,24.322309796361164,60,361.8,8.117358386388927,141,-3.723517500179337
1980,uva,packing_B,T10,largo,20,G2,3.879688410657426,0.749292821524003,0.80661700096539,True,603,366.5426531779306,64.5101858602213,-0.4214281705326627,24.322309796361164,60,361.8,8.117358386388927,142,-3.8763688405166277
1980,uva,packing_B,T10,largo,20,G2,3.879688410657426,0.749292821524003,0.80661700096539,True,603,366.5426531779306,64.5101858602213,-0.4214281705326627,24.322309796361164,60,361.8,8.117358386388927,143,-4.062915762016632
1980,uva,packing_B,T10,largo,20,G2,3.879688410657426,0.749292821524003,0.80661700096539,True,603,366.5426531779306,64.5101858602213,-0.4214281705326627,24.322309796361164,60,361.8,8.117358386388927,144,-3.854920050901067
1980,uva,packing_B,T10,largo,20,G2,3.879688410657426,0.749292821524003,0.80661700096539,True,603,366.5426531779306,64.5101858602213,-0.4214281705326627,24.322309796361164,60,361.8,8.117358386388927,145,-4.271890494686637
1980,uva,packing_B,T10,largo,20,G2,3.879688410657426,0.749292821524003,0.80661700096539,True,603,366.5426531779306,64.5101858602213,-0.4214281705326627,24.322309796361164,60,361.8,8.117358386388927,146,-4.364746197320702
1980,uva,packing_B,T10,largo,20,G2,3.879688410657426,0.749292821524003,0.80661700096539,True,603,366.5426531779306,64.5101858602213,-0.4214281705326627,24.322309796361164,60,361.8,8.117358386388927,147,-4.536765054324159
1980,uva,packing_B,T10,largo,20,G2,3.879688410657426,0.749292821524003,0.80661700096539,True,603,366.5426531779306,64.5101858602213,-0.4214281705326627,24.322309796361164,60,361.8,8.117358386388927,148,-4.506975444144762
1980,uva,packing_B,T10,largo,20,G2,3.879688410657426,0.749292821524003,0.80661700096539,True,603,366.5426531779306,64.5101858602213,-0.4214281705326627,24.322309796361164,60,361.8,8.117358386388927,149,-4.6224119812283515
1980,uva,packing_B,T10,largo,20,G2,3.879688410657426,0.749292821524003,0.80661700096539,True,603,366.5426531779306,64.5101858602213,-0.4214281705326627,24.322309796361164,60,361.8,8.117358386388927,150,-4.740823334815864
1980,uva,packing_B,T10,largo,20,G2,3.879688410657426,0.749292821524003,0.80661700096539,True,603,366.5426531779306,64.5101858602213,-0.4214281705326627,24.322309796361164,60,361.8,8.117358386388927,151,-4.942116851319365
1980,uva,packing_B,T10,largo,20,G2,3.879688410657426,0.749292821524003,0.80661700096539,True,603,366.5426531779306,64.5101858602213,-0.4214281705326627,24.322309796361164,60,361.8,8.117358386388927,152,-4.932462397460827
1980,uva,packing_B,T10,largo,20,G2,3.879688410657426,0.749292821524003,0.80661700096539,True,603,366.5426531779306,64.5101858602213,-0.4214281705326627,24.322309796361164,60,361.8,8.117358386388927,153,-5.13834739425931
1980,uva,packing_B,T10,largo,20,G2,3.879688410657426,0.749292821524003,0.80661700096539,True,603,366.5426531779306,64.5101858602213,-0.4214281705326627,24.322309796361164,60,361.8,8.117358386388927,154,-5.118067768619085
1980,uva,packing_B,T10,largo,20,G2,3.879688410657426,0.749292821524003,0.80661700096539,True,603,366.5426531779306,64.5101858602213,-0.4214281705326627,24.322309796361164,60,361.8,8.117358386388927,155,-5.228998547404305
1980,uva,packing_B,T10,largo,20,G2,3.879688410657426,0.749292821524003,0.80661700096539,True,603,366.5426531779306,64.5101858602213,-0.4214281705326627,24.322309796361164,60,361.8,8.117358386388927,156,-5.297508226626717
1980,uva,packing_B,T10,largo,20,G2,3.879688410657426,0.749292821524003,0.80661700096539,True,603,366.5426531779306,64.5101858602213,-0.4214281705326627,24.322309796361164,60,361.8,8.117358386388927,157,-5.4156270623290625
1980,uva,packing_B,T10,largo,20,G2,3.879688410657426,0.749292821524003,0.80661700096539,True,603,366.5426531779306,64.5101858602213,-0.4214281705326627,24.322309796361164,60,361.8,8.117358386388927,158,-5.451891719571608
1980,uva,packing_B,T10,largo,20,G2,3.879688410657426,0.749292821524003,0.80661700096539,True,603,366.5426531779306,64.5101858602213,-0.4214281705326627,24.322309796361164,60,361.8,8.117358386388927,159,-5.411638335437636
1980,uva,packing_B,T10,largo,20,G2,3.879688410657426,0.749292821524003,0.80661700096539,True,603,366.5426531779306,64.5101858602213,-0.4214281705326627,24.322309796361164,60,361.8,8.117358386388927,160,-5.642354186384144
1980,uva,packing_B,T10,largo,20,G2,3.879688410657426,0.749292821524003,0.80661700096539,True,603,366.5426531779306,64.5101858602213,-0.4214281705326627,24.322309796361164,60,361.8,8.117358386388927,161,-5.902854854004943
1980,uva,packing_B,T10,largo,20,G2,3.879688410657426,0.749292821524003,0.80661700096539,True,603,366.5426531779306,64.5101858602213,-0.4214281705326627,24.322309796361164,60,361.8,8.117358386388927,162,-5.844768210401111
1980,uva,packing_B,T10,largo,20,G2,3.879688410657426,0.749292821524003,0.80661700096539,True,603,366.5426531779306,64.5101858602213,-0.4214281705326627,24.322309796361164,60,361.8,8.117358386388927,163,-5.949594806077304
1980,uva,packing_B,T10,largo,20,G2,3.879688410657426,0.749292821524003,0.80661700096539,True,603,366.5426531779306,64.5101858602213,-0.4214281705326627,24.322309796361164,60,361.8,8.117358386388927,164,-6.005154682228844
1980,uva,packing_B,T10,largo,20,G2,3.879688410657426,0.749292821524003,0.80661700096539,True,603,366.5426531779306,64.5101858602213,-0.4214281705326627,24.322309796361164,60,361.8,8.117358386388927,165,-6.063481896125761
1980,uva,packing_B,T10,largo,20,G2,3.879688410657426,0.749292821524003,0.80661700096539,True,603,366.5426531779306,64.5101858602213,-0.4214281705326627,24.322309796361164,60,361.8,8.117358386388927,166,-6.124215037465186
1980,uva,packing_B,T10,largo,20,G2,3.879688410657426,0.749292821524003,0.80661700096539,True,603,366.5426531779306,64.5101858602213,-0.4214281705326627,24.322309796361164,60,361.8,8.117358386388927,167,-6.078013196137188
1980,uva,packing_B,T10,largo,20,G2,3.879688410657426,0.749292821524003,0.80661700096539,True,603,366.5426531779306,64.5101858602213,-0.4214281705326627,24.322309796361164,60,361.8,8.117358386388927,168,-6.259250429409728
1980,uva,packing_B,T10,largo,20,G2,3.879688410657426,0.749292821524003,0.80661700096539,True,603,366.5426531779306,64.5101858602213,-0.4214281705326627,24.322309796361164,60,361.8,8.117358386388927,169,-6.52479451232157
1980,uva,packing_B,T10,largo,20,G2,3.879688410657426,0.749292821524003,0.80661700096539,True,603,366.5426531779306,64.5101858602213,-0.4214281705326627,24.322309796361164,60,361.8,8.117358386388927,170,-6.409895726347131
1980,uva,packing_B,T10,largo,20,G2,3.879688410657426,0.749292821524003,0.80661700096539,True,603,366.5426531779306,64.5101858602213,-0.4214281705326627,24.322309796361164,60,361.8,8.117358386388927,171,-6.6093752372565024
1980,uva,packing_B,T10,largo,20,G2,3.879688410657426,0.749292821524003,0.80661700096539,True,603,366.5426531779306,64.5101858602213,-0.4214281705326627,24.322309796361164,60,361.8,8.117358386388927,172,-6.591067857437427
1980,uva,packing_B,T10,largo,20,G2,3.879688410657426,0.749292821524003,0.80661700096539,True,603,366.5426531779306,64.5101858602213,-0.4214281705326627,24.322309796361164,60,361.8,8.117358386388927,173,-6.457349315221725
1980,uva,packing_B,T10,largo,20,G2,3.879688410657426,0.749292821524003,0.80661700096539,True,603,366.5426531779306,64.5101858602213,-0.4214281705326627,24.322309796361164,60,361.8,8.117358386388927,174,-6.550899292299386
1980,uva,packing_B,T10,largo,20,G2,3.879688410657426,0.749292821524003,0.80661700096539,True,603,366.5426531779306,64.5101858602213,-0.4214281705326627,24.322309796361164,60,361.8,8.117358386388927,175,-6.731538694758152
1980,uva,packing_B,T10,largo,20,G2,3.879688410657426,0.749292821524003,0.80661700096539,True,603,366.5426531779306,64.5101858602213,-0.4214281705326627,24.322309796361164,60,361.8,8.117358386388927,176,-6.784039349901647
1980,uva,packing_B,T10,largo,20,G2,3.879688410657426,0.749292821524003,0.80661700096539,True,603,366.5426531779306,64.5101858602213,-0.4214281705326627,24.322309796361164,60,361.8,8.117358386388927,177,-6.592911362627589
1980,uva,packing_B,T10,largo,20,G2,3.879688410657426,0.749292821524003,0.80661700096539,True,603,366.5426531779306,64.5101858602213,-0.4214281705326627,24.322309796361164,60,361.8,8.117358386388927,178,-6.980778397550795
1980,uva,packing_B,T10,largo,20,G2,3.879688410657426,0.749292821524003,0.80661700096539,True,603,366.5426531779306,64.5101858602213,-0.4214281705326627,24.322309796361164,60,361.8,8.117358386388927,179,-7.036375142399112
1980,uva,packing_B,T10,largo,20,G2,3.879688410657426,0.749292821524003,0.80661700096539,True,603,366.5426531779306,64.5101858602213,-0.4214281705326627,24.322309796361164,60,361.8,8.117358386388927,180,-6.983152622240851
1980,uva,packing_B,T10,largo,20,G2,3.879688410657426,0.749292821524003,0.80661700096539,True,603,366.5426531779306,64.5101858602213,-0.4214281705326627,24.322309796361164,60,361.8,8.117358386388927,181,-6.883576187209272
1980,uva,packing_B,T10,largo,20,G2,3.879688410657426,0.749292821524003,0.80661700096539,True,603,366.5426531779306,64.5101858602213,-0.4214281705326627,24.322309796361164,60,361.8,8.117358386388927,182,-7.231980309738071
1980,uva,packing_B,T10,largo,20,G2,3.879688410657426,0.749292821524003,0.80661700096539,True,603,366.5426531779306,64.5101858602213,-0.4214281705326627,24.322309796361164,60,361.8,8.117358386388927,183,-7.137618988508435
1980,uva,packing_B,T10,largo,20,G2,3.879688410657426,0.749292821524003,0.80661700096539,True,603,366.5426531779306,64.5101858602213,-0.4214281705326627,24.322309796361164,60,361.8,8.117358386388927,184,-7.0535601060610125
1980,uva,packing_B,T10,largo,20,G2,3.879688410657426,0.749292821524003,0.80661700096539,True,603,366.5426531779306,64.5101858602213,-0.4214281705326627,24.322309796361164,60,361.8,8.117358386388927,185,-6.977025029502183
1980,uva,packing_B,T10,largo,20,G2,3.879688410657426,0.749292821524003,0.80661700096539,True,603,366.5426531779306,64.5101858602213,-0.4214281705326627,24.322309796361164,60,361.8,8.117358386388927,186,-7.193487797288325
1980,uva,packing_B,T10,largo,20,G2,3.879688410657426,0.749292821524003,0.80661700096539,True,603,366.5426531779306,64.5101858602213,-0.4214281705326627,24.322309796361164,60,361.8,8.117358386388927,187,-7.330053829054435
1980,uva,packing_B,T10,largo,20,G2,3.879688410657426,0.749292821524003,0.80661700096539,True,603,366.5426531779306,64.5101858602213,-0.4214281705326627,24.322309796361164,60,361.8,8.117358386388927,188,-7.2293378582688
1980,uva,packing_B,T10,largo,20,G2,3.879688410657426,0.749292821524003,0.80661700096539,True,603,366.5426531779306,64.5101858602213,-0.4214281705326627,24.322309796361164,60,361.8,8.117358386388927,189,-7.298962937861519
1980,uva,packing_B,T10,largo,20,G2,3.879688410657426,0.749292821524003,0.80661700096539,True,603,366.5426531779306,64.5101858602213,-0.4214281705326627,24.322309796361164,60,361.8,8.117358386388927,190,-7.340292207715417
1980,uva,packing_B,T10,largo,20,G2,3.879688410657426,0.749292821524003,0.80661700096539,True,603,366.5426531779306,64.5101858602213,-0.4214281705326627,24.322309796361164,60,361.8,8.117358386388927,191,-7.425924408768631
1980,uva,packing_B,T10,largo,20,G2,3.879688410657426,0.749292821524003,0.80661700096539,True,603,366.5426531779306,64.5101858602213,-0.4214281705326627,24.322309796361164,60,361.8,8.117358386388927,192,-7.451060350200454
1980,uva,packing_B,T10,largo,20,G2,3.879688410657426,0.749292821524003,0.80661700096539,True,603,366.5426531779306,64.5101858602213,-0.4214281705326627,24.322309796361164,60,361.8,8.117358386388927,193,-7.314123889699798
1980,uva,packing_B,T10,largo,20,G2,3.879688410657426,0.749292821524003,0.80661700096539,True,603,366.5426531779306,64.5101858602213,-0.4214281705326627,24.322309796361164,60,361.8,8.117358386388927,194,-7.379924392084508
1980,uva,packing_B,T10,largo,20,G2,3.879688410657426,0.749292821524003,0.80661700096539,True,603,366.5426531779306,64.5101858602213,-0.4214281705326627,24.322309796361164,60,361.8,8.117358386388927,195,-7.41465122952957
1980,uva,packing_B,T10,largo,20,G2,3.879688410657426,0.749292821524003,0.80661700096539,True,603,366.5426531779306,64.5101858602213,-0.4214281705326627,24.322309796361164,60,361.8,8.117358386388927,196,-7.415395992637037
1980,uva,packing_B,T10,largo,20,G2,3.879688410657426,0.749292821524003,0.80661700096539,True,603,366.5426531779306,64.5101858602213,-0.4214281705326627,24.322309796361164,60,361.8,8.117358386388927,197,-7.422789086016061
1980,uva,packing_B,T10,largo,20,G2,3.879688410657426,0.749292821524003,0.80661700096539,True,603,366.5426531779306,64.5101858602213,-0.4214281705326627,24.322309796361164,60,361.8,8.117358386388927,198,-7.475005734908749
1980,uva,packing_B,T10,largo,20,G2,3.879688410657426,0.749292821524003,0.80661700096539,True,603,366.5426531779306,64.5101858602213,-0.4214281705326627,24.322309796361164,60,361.8,8.117358386388927,199,-7.540978164991964
1980,uva,packing_B,T10,largo,20,G2,3.879688410657426,0.749292821524003,0.80661700096539,True,603,366.5426531779306,64.5101858602213,-0.4214281705326627,24.322309796361164,60,361.8,8.117358386388927,200,-7.559992974159784
1980,uva,packing_B,T10,largo,20,G2,3.879688410657426,0.749292821524003,0.80661700096539,True,603,366.5426531779306,64.5101858602213,-0.4214281705326627,24.322309796361164,60,361.8,8.117358386388927,201,-7.447355284600474
1980,uva,packing_B,T10,largo,20,G2,3.879688410657426,0.749292821524003,0.80661700096539,True,603,366.5426531779306,64.5101858602213,-0.4214281705326627,24.322309796361164,60,361.8,8.117358386388927,202,-7.425342128164698
1980,uva,packing_B,T10,largo,20,G2,3.879688410657426,0.749292821524003,0.80661700096539,True,603,366.5426531779306,64.5101858602213,-0.4214281705326627,24.322309796361164,60,361.8,8.117358386388927,203,-7.471522947471198
1980,uva,packing_B,T10,largo,20,G2,3.879688410657426,0.749292821524003,0.80661700096539,True,603,366.5426531779306,64.5101858602213,-0.4214281705326627,24.322309796361164,60,361.8,8.117358386388927,204,-7.443494113179157
1980,uva,packing_B,T10,largo,20,G2,3.879688410657426,0.749292821524003,0.80661700096539,True,603,366.5426531779306,64.5101858602213,-0.4214281705326627,24.322309796361164,60,361.8,8.117358386388927,205,-7.67639317234255
1980,uva,packing_B,T10,largo,20,G2,3.879688410657426,0.749292821524003,0.80661700096539,True,603,366.5426531779306,64.5101858602213,-0.4214281705326627,24.322309796361164,60,361.8,8.117358386388927,206,-7.55138096849174
1980,uva,packing_B,T10,largo,20,G2,3.879688410657426,0.749292821524003,0.80661700096539,True,603,366.5426531779306,64.5101858602213,-0.4214281705326627,24.322309796361164,60,361.8,8.117358386388927,207,-7.5915424332906305
1980,uva,packing_B,T10,largo,20,G2,3.879688410657426,0.749292821524003,0.80661700096539,True,603,366.5426531779306,64.5101858602213,-0.4214281705326627,24.322309796361164,60,361.8,8.117358386388927,208,-7.533822027786073
1980,uva,packing_B,T10,largo,20,G2,3.879688410657426,0.749292821524003,0.80661700096539,True,603,366.5426531779306,64.5101858602213,-0.4214281705326627,24.322309796361164,60,361.8,8.117358386388927,209,-7.51540588247081
1980,uva,packing_B,T10,largo,20,G2,3.879688410657426,0.749292821524003,0.80661700096539,True,603,366.5426531779306,64.5101858602213,-0.4214281705326627,24.322309796361164,60,361.8,8.117358386388927,210,-7.603202898298509
1980,uva,packing_B,T10,largo,20,G2,3.879688410657426,0.749292821524003,0.80661700096539,True,603,366.5426531779306,64.5101858602213,-0.4214281705326627,24.322309796361164,60,361.8,8.117358386388927,211,-7.593749610070736
1980,uva,packing_B,T10,largo,20,G2,3.879688410657426,0.749292821524003,0.80661700096539,True,603,366.5426531779306,64.5101858602213,-0.4214281705326627,24.322309796361164,60,361.8,8.117358386388927,212,-7.743934687905795
1980,uva,packing_B,T10,largo,20,G2,3.879688410657426,0.749292821524003,0.80661700096539,True,603,366.5426531779306,64.5101858602213,-0.4214281705326627,24.322309796361164,60,361.8,8.117358386388927,213,-7.546771112616272
1980,uva,packing_B,T10,largo,20,G2,3.879688410657426,0.749292821524003,0.80661700096539,True,603,366.5426531779306,64.5101858602213,-0.4214281705326627,24.322309796361164,60,361.8,8.117358386388927,214,-7.676312061313566
1980,uva,packing_B,T10,largo,20,G2,3.879688410657426,0.749292821524003,0.80661700096539,True,603,366.5426531779306,64.5101858602213,-0.4214281705326627,24.322309796361164,60,361.8,8.117358386388927,215,-7.592319145259691
1980,uva,packing_B,T10,largo,20,G2,3.879688410657426,0.749292821524003,0.80661700096539,True,603,366.5426531779306,64.5101858602213,-0.4214281705326627,24.322309796361164,60,361.8,8.117358386388927,216,-7.5951052721252275
1980,uva,packing_B,T10,largo,20,G2,3.879688410657426,0.749292821524003,0.80661700096539,True,603,366.5426531779306,64.5101858602213,-0.4214281705326627,24.322309796361164,60,361.8,8.117358386388927,217,-7.650400573486419
1980,uva,packing_B,T10,largo,20,G2,3.879688410657426,0.749292821524003,0.80661700096539,True,603,366.5426531779306,64.5101858602213,-0.4214281705326627,24.322309796361164,60,361.8,8.117358386388927,218,-7.371103198286136
1980,uva,packing_B,T10,largo,20,G2,3.879688410657426,0.749292821524003,0.80661700096539,True,603,366.5426531779306,64.5101858602213,-0.4214281705326627,24.322309796361164,60,361.8,8.117358386388927,219,-7.481692313688836
1980,uva,packing_B,T10,largo,20,G2,3.879688410657426,0.749292821524003,0.80661700096539,True,603,366.5426531779306,64.5101858602213,-0.4214281705326627,24.322309796361164,60,361.8,8.117358386388927,220,-7.441485765437449
1980,uva,packing_B,T10,largo,20,G2,3.879688410657426,0.749292821524003,0.80661700096539,True,603,366.5426531779306,64.5101858602213,-0.4214281705326627,24.322309796361164,60,361.8,8.117358386388927,221,-7.320181790113737
1980,uva,packing_B,T10,largo,20,G2,3.879688410657426,0.749292821524003,0.80661700096539,True,603,366.5426531779306,64.5101858602213,-0.4214281705326627,24.322309796361164,60,361.8,8.117358386388927,222,-7.442995788666299
1980,uva,packing_B,T10,largo,20,G2,3.879688410657426,0.749292821524003,0.80661700096539,True,603,366.5426531779306,64.5101858602213,-0.4214281705326627,24.322309796361164,60,361.8,8.117358386388927,223,-7.526563269880378
1980,uva,packing_B,T10,largo,20,G2,3.879688410657426,0.749292821524003,0.80661700096539,True,603,366.5426531779306,64.5101858602213,-0.4214281705326627,24.322309796361164,60,361.8,8.117358386388927,224,-7.4245721171503005
1980,uva,packing_B,T10,largo,20,G2,3.879688410657426,0.749292821524003,0.80661700096539,True,603,366.5426531779306,64.5101858602213,-0.4214281705326627,24.322309796361164,60,361.8,8.117358386388927,225,-7.375103779275803
1980,uva,packing_B,T10,largo,20,G2,3.879688410657426,0.749292821524003,0.80661700096539,True,603,366.5426531779306,64.5101858602213,-0.4214281705326627,24.322309796361164,60,361.8,8.117358386388927,226,-7.364190325649861
1980,uva,packing_B,T10,largo,20,G2,3.879688410657426,0.749292821524003,0.80661700096539,True,603,366.5426531779306,64.5101858602213,-0.4214281705326627,24.322309796361164,60,361.8,8.117358386388927,227,-7.316353186489954
1980,uva,packing_B,T10,largo,20,G2,3.879688410657426,0.749292821524003,0.80661700096539,True,603,366.5426531779306,64.5101858602213,-0.4214281705326627,24.322309796361164,60,361.8,8.117358386388927,228,-7.457204404606867
1980,uva,packing_B,T10,largo,20,G2,3.879688410657426,0.749292821524003,0.80661700096539,True,603,366.5426531779306,64.5101858602213,-0.4214281705326627,24.322309796361164,60,361.8,8.117358386388927,229,-7.297237085394901
1980,uva,packing_B,T10,largo,20,G2,3.879688410657426,0.749292821524003,0.80661700096539,True,603,366.5426531779306,64.5101858602213,-0.4214281705326627,24.322309796361164,60,361.8,8.117358386388927,230,-7.381453287846941
1980,uva,packing_B,T10,largo,20,G2,3.879688410657426,0.749292821524003,0.80661700096539,True,603,366.5426531779306,64.5101858602213,-0.4214281705326627,24.322309796361164,60,361.8,8.117358386388927,231,-7.363873267382175
1980,uva,packing_B,T10,largo,20,G2,3.879688410657426,0.749292821524003,0.80661700096539,True,603,366.5426531779306,64.5101858602213,-0.4214281705326627,24.322309796361164,60,361.8,8.117358386388927,232,-7.4260861274195555
1980,uva,packing_B,T10,largo,20,G2,3.879688410657426,0.749292821524003,0.80661700096539,True,603,366.5426531779306,64.5101858602213,-0.4214281705326627,24.322309796361164,60,361.8,8.117358386388927,233,-7.0489333273741295
1980,uva,packing_B,T10,largo,20,G2,3.879688410657426,0.749292821524003,0.80661700096539,True,603,366.5426531779306,64.5101858602213,-0.4214281705326627,24.322309796361164,60,361.8,8.117358386388927,234,-7.150944514236932
1980,uva,packing_B,T10,largo,20,G2,3.879688410657426,0.749292821524003,0.80661700096539,True,603,366.5426531779306,64.5101858602213,-0.4214281705326627,24.322309796361164,60,361.8,8.117358386388927,235,-7.16648821433472
1980,uva,packing_B,T10,largo,20,G2,3.879688410657426,0.749292821524003,0.80661700096539,True,603,366.5426531779306,64.5101858602213,-0.4214281705326627,24.322309796361164,60,361.8,8.117358386388927,236,-6.952199228472872
1980,uva,packing_B,T10,largo,20,G2,3.879688410657426,0.749292821524003,0.80661700096539,True,603,366.5426531779306,64.5101858602213,-0.4214281705326627,24.322309796361164,60,361.8,8.117358386388927,237,-7.0532327183109516
1980,uva,packing_B,T10,largo,20,G2,3.879688410657426,0.749292821524003,0.80661700096539,True,603,366.5426531779306,64.5101858602213,-0.4214281705326627,24.322309796361164,60,361.8,8.117358386388927,238,-7.061306158607068
1980,uva,packing_B,T10,largo,20,G2,3.879688410657426,0.749292821524003,0.80661700096539,True,603,366.5426531779306,64.5101858602213,-0.4214281705326627,24.322309796361164,60,361.8,8.117358386388927,239,-6.93648237584206
1980,uva,packing_B,T10,largo,20,G2,3.879688410657426,0.749292821524003,0.80661700096539,True,603,366.5426531779306,64.5101858602213,-0.4214281705326627,24.322309796361164,60,361.8,8.117358386388927,240,-6.90216583342762
1980,uva,packing_B,T10,largo,20,G2,3.879688410657426,0.749292821524003,0.80661700096539,True,603,366.5426531779306,64.5101858602213,-0.4214281705326627,24.322309796361164,60,361.8,8.117358386388927,241,-7.015741478466993
1980,uva,packing_B,T10,largo,20,G2,3.879688410657426,0.749292821524003,0.80661700096539,True,603,366.5426531779306,64.5101858602213,-0.4214281705326627,24.322309796361164,60,361.8,8.117358386388927,242,-6.965820403793761
1980,uva,packing_B,T10,largo,20,G2,3.879688410657426,0.749292821524003,0.80661700096539,True,603,366.5426531779306,64.5101858602213,-0.4214281705326627,24.322309796361164,60,361.8,8.117358386388927,243,-7.0512426089801155
1980,uva,packing_B,T10,largo,20,G2,3.879688410657426,0.749292821524003,0.80661700096539,True,603,366.5426531779306,64.5101858602213,-0.4214281705326627,24.322309796361164,60,361.8,8.117358386388927,244,-6.87016442724474
1980,uva,packing_B,T10,largo,20,G2,3.879688410657426,0.749292821524003,0.80661700096539,True,603,366.5426531779306,64.5101858602213,-0.4214281705326627,24.322309796361164,60,361.8,8.117358386388927,245,-6.857465768946336
1980,uva,packing_B,T10,largo,20,G2,3.879688410657426,0.749292821524003,0.80661700096539,True,603,366.5426531779306,64.5101858602213,-0.4214281705326627,24.322309796361164,60,361.8,8.117358386388927,246,-6.602885465816809
1980,uva,packing_B,T10,largo,20,G2,3.879688410657426,0.749292821524003,0.80661700096539,True,603,366.5426531779306,64.5101858602213,-0.4214281705326627,24.322309796361164,60,361.8,8.117358386388927,247,-6.927692321633777
1980,uva,packing_B,T10,largo,20,G2,3.879688410657426,0.749292821524003,0.80661700096539,True,603,366.5426531779306,64.5101858602213,-0.4214281705326627,24.322309796361164,60,361.8,8.117358386388927,248,-6.713161130920512
1980,uva,packing_B,T10,largo,20,G2,3.879688410657426,0.749292821524003,0.80661700096539,True,603,366.5426531779306,64.5101858602213,-0.4214281705326627,24.322309796361164,60,361.8,8.117358386388927,249,-6.582537150283167
1980,uva,packing_B,T10,largo,20,G2,3.879688410657426,0.749292821524003,0.80661700096539,True,603,366.5426531779306,64.5101858602213,-0.4214281705326627,24.322309796361164,60,361.8,8.117358386388927,250,-6.75294247315442
1980,uva,packing_B,T10,largo,20,G2,3.879688410657426,0.749292821524003,0.80661700096539,True,603,366.5426531779306,64.5101858602213,-0.4214281705326627,24.322309796361164,60,361.8,8.117358386388927,251,-6.5602194067491695
1980,uva,packing_B,T10,largo,20,G2,3.879688410657426,0.749292821524003,0.80661700096539,True,603,366.5426531779306,64.5101858602213,-0.4214281705326627,24.322309796361164,60,361.8,8.117358386388927,252,-6.448833144562588
1980,uva,packing_B,T10,largo,20,G2,3.879688410657426,0.749292821524003,0.80661700096539,True,603,366.5426531779306,64.5101858602213,-0.4214281705326627,24.322309796361164,60,361.8,8.117358386388927,253,-6.406979211382952
1980,uva,packing_B,T10,largo,20,G2,3.879688410657426,0.749292821524003,0.80661700096539,True,603,366.5426531779306,64.5101858602213,-0.4214281705326627,24.322309796361164,60,361.8,8.117358386388927,254,-6.5014445438377155
1980,uva,packing_B,T10,largo,20,G2,3.879688410657426,0.749292821524003,0.80661700096539,True,603,366.5426531779306,64.5101858602213,-0.4214281705326627,24.322309796361164,60,361.8,8.117358386388927,255,-6.343227994893786
1980,uva,packing_B,T10,largo,20,G2,3.879688410657426,0.749292821524003,0.80661700096539,True,603,366.5426531779306,64.5101858602213,-0.4214281705326627,24.322309796361164,60,361.8,8.117358386388927,256,-6.450687400994038
1980,uva,packing_B,T10,largo,20,G2,3.879688410657426,0.749292821524003,0.80661700096539,True,603,366.5426531779306,64.5101858602213,-0.4214281705326627,24.322309796361164,60,361.8,8.117358386388927,257,-6.33265737301225
1980,uva,packing_B,T10,largo,20,G2,3.879688410657426,0.749292821524003,0.80661700096539,True,603,366.5426531779306,64.5101858602213,-0.4214281705326627,24.322309796361164,60,361.8,8.117358386388927,258,-6.3476649611303815
1980,uva,packing_B,T10,largo,20,G2,3.879688410657426,0.749292821524003,0.80661700096539,True,603,366.5426531779306,64.5101858602213,-0.4214281705326627,24.322309796361164,60,361.8,8.117358386388927,259,-6.2216291591301625
1980,uva,packing_B,T10,largo,20,G2,3.879688410657426,0.749292821524003,0.80661700096539,True,603,366.5426531779306,64.5101858602213,-0.4214281705326627,24.322309796361164,60,361.8,8.117358386388927,260,-6.186183972845193
1980,uva,packing_B,T10,largo,20,G2,3.879688410657426,0.749292821524003,0.80661700096539,True,603,366.5426531779306,64.5101858602213,-0.4214281705326627,24.322309796361164,60,361.8,8.117358386388927,261,-5.997099916546381
1980,uva,packing_B,T10,largo,20,G2,3.879688410657426,0.749292821524003,0.80661700096539,True,603,366.5426531779306,64.5101858602213,-0.4214281705326627,24.322309796361164,60,361.8,8.117358386388927,262,-6.166385161931949
1980,uva,packing_B,T10,largo,20,G2,3.879688410657426,0.749292821524003,0.80661700096539,True,603,366.5426531779306,64.5101858602213,-0.4214281705326627,24.322309796361164,60,361.8,8.117358386388927,263,-5.9723061567324836
1980,uva,packing_B,T10,largo,20,G2,3.879688410657426,0.749292821524003,0.80661700096539,True,603,366.5426531779306,64.5101858602213,-0.4214281705326627,24.322309796361164,60,361.8,8.117358386388927,264,-6.048287343467276
1980,uva,packing_B,T10,largo,20,G2,3.879688410657426,0.749292821524003,0.80661700096539,True,603,366.5426531779306,64.5101858602213,-0.4214281705326627,24.322309796361164,60,361.8,8.117358386388927,265,-5.943109573786897
1980,uva,packing_B,T10,largo,20,G2,3.879688410657426,0.749292821524003,0.80661700096539,True,603,366.5426531779306,64.5101858602213,-0.4214281705326627,24.322309796361164,60,361.8,8.117358386388927,266,-5.764391699026935
1980,uva,packing_B,T10,largo,20,G2,3.879688410657426,0.749292821524003,0.80661700096539,True,603,366.5426531779306,64.5101858602213,-0.4214281705326627,24.322309796361164,60,361.8,8.117358386388927,267,-5.906251386462154
1980,uva,packing_B,T10,largo,20,G2,3.879688410657426,0.749292821524003,0.80661700096539,True,603,366.5426531779306,64.5101858602213,-0.4214281705326627,24.322309796361164,60,361.8,8.117358386388927,268,-5.638301232591529
1980,uva,packing_B,T10,largo,20,G2,3.879688410657426,0.749292821524003,0.80661700096539,True,603,366.5426531779306,64.5101858602213,-0.4214281705326627,24.322309796361164,60,361.8,8.117358386388927,269,-5.658194960918688
1980,uva,packing_B,T10,largo,20,G2,3.879688410657426,0.749292821524003,0.80661700096539,True,603,366.5426531779306,64.5101858602213,-0.4214281705326627,24.322309796361164,60,361.8,8.117358386388927,270,-5.481241193728471
1980,uva,packing_B,T10,largo,20,G2,3.879688410657426,0.749292821524003,0.80661700096539,True,603,366.5426531779306,64.5101858602213,-0.4214281705326627,24.322309796361164,60,361.8,8.117358386388927,271,-5.598995921467354
1980,uva,packing_B,T10,largo,20,G2,3.879688410657426,0.749292821524003,0.80661700096539,True,603,366.5426531779306,64.5101858602213,-0.4214281705326627,24.322309796361164,60,361.8,8.117358386388927,272,-5.582702744360937
1980,uva,packing_B,T10,largo,20,G2,3.879688410657426,0.749292821524003,0.80661700096539,True,603,366.5426531779306,64.5101858602213,-0.4214281705326627,24.322309796361164,60,361.8,8.117358386388927,273,-5.3859931429870604
1980,uva,packing_B,T10,largo,20,G2,3.879688410657426,0.749292821524003,0.80661700096539,True,603,366.5426531779306,64.5101858602213,-0.4214281705326627,24.322309796361164,60,361.8,8.117358386388927,274,-5.425321272557529
1980,uva,packing_B,T10,largo,20,G2,3.879688410657426,0.749292821524003,0.80661700096539,True,603,366.5426531779306,64.5101858602213,-0.4214281705326627,24.322309796361164,60,361.8,8.117358386388927,275,-5.3786271788086175
1980,uva,packing_B,T10,largo,20,G2,3.879688410657426,0.749292821524003,0.80661700096539,True,603,366.5426531779306,64.5101858602213,-0.4214281705326627,24.322309796361164,60,361.8,8.117358386388927,276,-5.383138801016339
1980,uva,packing_B,T10,largo,20,G2,3.879688410657426,0.749292821524003,0.80661700096539,True,603,366.5426531779306,64.5101858602213,-0.4214281705326627,24.322309796361164,60,361.8,8.117358386388927,277,-5.3018999195659795
1980,uva,packing_B,T10,largo,20,G2,3.879688410657426,0.749292821524003,0.80661700096539,True,603,366.5426531779306,64.5101858602213,-0.4214281705326627,24.322309796361164,60,361.8,8.117358386388927,278,-5.199461555309764
1980,uva,packing_B,T10,largo,20,G2,3.879688410657426,0.749292821524003,0.80661700096539,True,603,366.5426531779306,64.5101858602213,-0.4214281705326627,24.322309796361164,60,361.8,8.117358386388927,279,-5.174431006505016
1980,uva,packing_B,T10,largo,20,G2,3.879688410657426,0.749292821524003,0.80661700096539,True,603,366.5426531779306,64.5101858602213,-0.4214281705326627,24.322309796361164,60,361.8,8.117358386388927,280,-4.908145397679889
1980,uva,packing_B,T10,largo,20,G2,3.879688410657426,0.749292821524003,0.80661700096539,True,603,366.5426531779306,64.5101858602213,-0.4214281705326627,24.322309796361164,60,361.8,8.117358386388927,281,-5.168595260223931
1980,uva,packing_B,T10,largo,20,G2,3.879688410657426,0.749292821524003,0.80661700096539,True,603,366.5426531779306,64.5101858602213,-0.4214281705326627,24.322309796361164,60,361.8,8.117358386388927,282,-4.978106335848342
1980,uva,packing_B,T10,largo,20,G2,3.879688410657426,0.749292821524003,0.80661700096539,True,603,366.5426531779306,64.5101858602213,-0.4214281705326627,24.322309796361164,60,361.8,8.117358386388927,283,-4.9748855841489
1980,uva,packing_B,T10,largo,20,G2,3.879688410657426,0.749292821524003,0.80661700096539,True,603,366.5426531779306,64.5101858602213,-0.4214281705326627,24.322309796361164,60,361.8,8.117358386388927,284,-4.8935683718792955
1980,uva,packing_B,T10,largo,20,G2,3.879688410657426,0.749292821524003,0.80661700096539,True,603,366.5426531779306,64.5101858602213,-0.4214281705326627,24.322309796361164,60,361.8,8.117358386388927,285,-4.795889497178682
1980,uva,packing_B,T10,largo,20,G2,3.879688410657426,0.749292821524003,0.80661700096539,True,603,366.5426531779306,64.5101858602213,-0.4214281705326627,24.322309796361164,60,361.8,8.117358386388927,286,-4.833565815347198
1980,uva,packing_B,T10,largo,20,G2,3.879688410657426,0.749292821524003,0.80661700096539,True,603,366.5426531779306,64.5101858602213,-0.4214281705326627,24.322309796361164,60,361.8,8.117358386388927,287,-4.772625999353652
1980,uva,packing_B,T10,largo,20,G2,3.879688410657426,0.749292821524003,0.80661700096539,True,603,366.5426531779306,64.5101858602213,-0.4214281705326627,24.322309796361164,60,361.8,8.117358386388927,288,-4.812198144146095
1980,uva,packing_B,T10,largo,20,G2,3.879688410657426,0.749292821524003,0.80661700096539,True,603,366.5426531779306,64.5101858602213,-0.4214281705326627,24.322309796361164,60,361.8,8.117358386388927,289,-4.462974640811568
1980,uva,packing_B,T10,largo,20,G2,3.879688410657426,0.749292821524003,0.80661700096539,True,603,366.5426531779306,64.5101858602213,-0.4214281705326627,24.322309796361164,60,361.8,8.117358386388927,290,-4.59409658851317
1980,uva,packing_B,T10,largo,20,G2,3.879688410657426,0.749292821524003,0.80661700096539,True,603,366.5426531779306,64.5101858602213,-0.4214281705326627,24.322309796361164,60,361.8,8.117358386388927,291,-4.5587415865324985
1980,uva,packing_B,T10,largo,20,G2,3.879688410657426,0.749292821524003,0.80661700096539,True,603,366.5426531779306,64.5101858602213,-0.4214281705326627,24.322309796361164,60,361.8,8.117358386388927,292,-4.3064258798625215
1980,uva,packing_B,T10,largo,20,G2,3.879688410657426,0.749292821524003,0.80661700096539,True,603,366.5426531779306,64.5101858602213,-0.4214281705326627,24.322309796361164,60,361.8,8.117358386388927,293,-4.262696671523439
1980,uva,packing_B,T10,largo,20,G2,3.879688410657426,0.749292821524003,0.80661700096539,True,603,366.5426531779306,64.5101858602213,-0.4214281705326627,24.322309796361164,60,361.8,8.117358386388927,294,-4.334984485974379
1980,uva,packing_B,T10,largo,20,G2,3.879688410657426,0.749292821524003,0.80661700096539,True,603,366.5426531779306,64.5101858602213,-0.4214281705326627,24.322309796361164,60,361.8,8.117358386388927,295,-4.255776091671227
1980,uva,packing_B,T10,largo,20,G2,3.879688410657426,0.749292821524003,0.80661700096539,True,603,366.5426531779306,64.5101858602213,-0.4214281705326627,24.322309796361164,60,361.8,8.117358386388927,296,-4.150292949139901
1980,uva,packing_B,T10,largo,20,G2,3.879688410657426,0.749292821524003,0.80661700096539,True,603,366.5426531779306,64.5101858602213,-0.4214281705326627,24.322309796361164,60,361.8,8.117358386388927,297,-4.1762494991377945
1980,uva,packing_B,T10,largo,20,G2,3.879688410657426,0.749292821524003,0.80661700096539,True,603,366.5426531779306,64.5101858602213,-0.4214281705326627,24.322309796361164,60,361.8,8.117358386388927,298,-4.086896438697774
1980,uva,packing_B,T10,largo,20,G2,3.879688410657426,0.749292821524003,0.80661700096539,True,603,366.5426531779306,64.5101858602213,-0.4214281705326627,24.322309796361164,60,361.8,8.117358386388927,299,-4.212285913318585
1980,uva,packing_B,T10,largo,20,G2,3.879688410657426,0.749292821524003,0.80661700096539,True,603,366.5426531779306,64.5101858602213,-0.4214281705326627,24.322309796361164,60,361.8,8.117358386388927,300,-3.8602350795838527
1980,uva,packing_B,T10,largo,20,G2,3.879688410657426,0.749292821524003,0.80661700096539,True,603,366.5426531779306,64.5101858602213,-0.4214281705326627,24.322309796361164,60,361.8,8.117358386388927,301,-3.681641607545157
1980,uva,packing_B,T10,largo,20,G2,3.879688410657426,0.749292821524003,0.80661700096539,True,603,366.5426531779306,64.5101858602213,-0.4214281705326627,24.322309796361164,60,361.8,8.117358386388927,302,-3.824033681573028
1980,uva,packing_B,T10,largo,20,G2,3.879688410657426,0.749292821524003,0.80661700096539,True,603,366.5426531779306,64.5101858602213,-0.4214281705326627,24.322309796361164,60,361.8,8.117358386388927,303,-3.785720619122345
1980,uva,packing_B,T10,largo,20,G2,3.879688410657426,0.749292821524003,0.80661700096539,True,603,366.5426531779306,64.5101858602213,-0.4214281705326627,24.322309796361164,60,361.8,8.117358386388927,304,-3.6158406331323465
1980,uva,packing_B,T10,largo,20,G2,3.879688410657426,0.749292821524003,0.80661700096539,True,603,366.5426531779306,64.5101858602213,-0.4214281705326627,24.322309796361164,60,361.8,8.117358386388927,305,-3.7358017892046247
1980,uva,packing_B,T10,largo,20,G2,3.879688410657426,0.749292821524003,0.80661700096539,True,603,366.5426531779306,64.5101858602213,-0.4214281705326627,24.322309796361164,60,361.8,8.117358386388927,306,-3.4522514391066235
1980,uva,packing_B,T10,largo,20,G2,3.879688410657426,0.749292821524003,0.80661700096539,True,603,366.5426531779306,64.5101858602213,-0.4214281705326627,24.322309796361164,60,361.8,8.117358386388927,307,-3.537744676507442
1980,uva,packing_B,T10,largo,20,G2,3.879688410657426,0.749292821524003,0.80661700096539,True,603,366.5426531779306,64.5101858602213,-0.4214281705326627,24.322309796361164,60,361.8,8.117358386388927,308,-3.400650723445761
1980,uva,packing_B,T10,largo,20,G2,3.879688410657426,0.749292821524003,0.80661700096539,True,603,366.5426531779306,64.5101858602213,-0.4214281705326627,24.322309796361164,60,361.8,8.117358386388927,309,-3.138732359520771
1980,uva,packing_B,T10,largo,20,G2,3.879688410657426,0.749292821524003,0.80661700096539,True,603,366.5426531779306,64.5101858602213,-0.4214281705326627,24.322309796361164,60,361.8,8.117358386388927,310,-3.4495481983637086
1980,uva,packing_B,T10,largo,20,G2,3.879688410657426,0.749292821524003,0.80661700096539,True,603,366.5426531779306,64.5101858602213,-0.4214281705326627,24.322309796361164,60,361.8,8.117358386388927,311,-3.371976437911684
1980,uva,packing_B,T10,largo,20,G2,3.879688410657426,0.749292821524003,0.80661700096539,True,603,366.5426531779306,64.5101858602213,-0.4214281705326627,24.322309796361164,60,361.8,8.117358386388927,312,-3.1878929825396694
1980,uva,packing_B,T10,largo,20,G2,3.879688410657426,0.749292821524003,0.80661700096539,True,603,366.5426531779306,64.5101858602213,-0.4214281705326627,24.322309796361164,60,361.8,8.117358386388927,313,-3.1557692487379034
1980,uva,packing_B,T10,largo,20,G2,3.879688410657426,0.749292821524003,0.80661700096539,True,603,366.5426531779306,64.5101858602213,-0.4214281705326627,24.322309796361164,60,361.8,8.117358386388927,314,-2.9510474909605304
1980,uva,packing_B,T10,largo,20,G2,3.879688410657426,0.749292821524003,0.80661700096539,True,603,366.5426531779306,64.5101858602213,-0.4214281705326627,24.322309796361164,60,361.8,8.117358386388927,315,-2.963488622090609
1980,uva,packing_B,T10,largo,20,G2,3.879688410657426,0.749292821524003,0.80661700096539,True,603,366.5426531779306,64.5101858602213,-0.4214281705326627,24.322309796361164,60,361.8,8.117358386388927,316,-2.8941134558391464
1980,uva,packing_B,T10,largo,20,G2,3.879688410657426,0.749292821524003,0.80661700096539,True,603,366.5426531779306,64.5101858602213,-0.4214281705326627,24.322309796361164,60,361.8,8.117358386388927,317,-2.914300272323736
1980,uva,packing_B,T10,largo,20,G2,3.879688410657426,0.749292821524003,0.80661700096539,True,603,366.5426531779306,64.5101858602213,-0.4214281705326627,24.322309796361164,60,361.8,8.117358386388927,318,-2.8879868440888457
1980,uva,packing_B,T10,largo,20,G2,3.879688410657426,0.749292821524003,0.80661700096539,True,603,366.5426531779306,64.5101858602213,-0.4214281705326627,24.322309796361164,60,361.8,8.117358386388927,319,-2.66173621376243
1980,uva,packing_B,T10,largo,20,G2,3.879688410657426,0.749292821524003,0.80661700096539,True,603,366.5426531779306,64.5101858602213,-0.4214281705326627,24.322309796361164,60,361.8,8.117358386388927,320,-2.691201827888142
1980,uva,packing_B,T10,largo,20,G2,3.879688410657426,0.749292821524003,0.80661700096539,True,603,366.5426531779306,64.5101858602213,-0.4214281705326627,24.322309796361164,60,361.8,8.117358386388927,321,-2.8846272012612464
1980,uva,packing_B,T10,largo,20,G2,3.879688410657426,0.749292821524003,0.80661700096539,True,603,366.5426531779306,64.5101858602213,-0.4214281705326627,24.322309796361164,60,361.8,8.117358386388927,322,-2.59527407835131
1980,uva,packing_B,T10,largo,20,G2,3.879688410657426,0.749292821524003,0.80661700096539,True,603,366.5426531779306,64.5101858602213,-0.4214281705326627,24.322309796361164,60,361.8,8.117358386388927,323,-2.622405570736441
1980,uva,packing_B,T10,largo,20,G2,3.879688410657426,0.749292821524003,0.80661700096539,True,603,366.5426531779306,64.5101858602213,-0.4214281705326627,24.322309796361164,60,361.8,8.117358386388927,324,-2.3990448656060517
1980,uva,packing_B,T10,largo,20,G2,3.879688410657426,0.749292821524003,0.80661700096539,True,603,366.5426531779306,64.5101858602213,-0.4214281705326627,24.322309796361164,60,361.8,8.117358386388927,325,-2.2670370572482574
1980,uva,packing_B,T10,largo,20,G2,3.879688410657426,0.749292821524003,0.80661700096539,True,603,366.5426531779306,64.5101858602213,-0.4214281705326627,24.322309796361164,60,361.8,8.117358386388927,326,-2.3407642170804106
1980,uva,packing_B,T10,largo,20,G2,3.879688410657426,0.749292821524003,0.80661700096539,True,603,366.5426531779306,64.5101858602213,-0.4214281705326627,24.322309796361164,60,361.8,8.117358386388927,327,-2.33360789224798
1980,uva,packing_B,T10,largo,20,G2,3.879688410657426,0.749292821524003,0.80661700096539,True,603,366.5426531779306,64.5101858602213,-0.4214281705326627,24.322309796361164,60,361.8,8.117358386388927,328,-2.2254739810987347
1980,uva,packing_B,T10,largo,20,G2,3.879688410657426,0.749292821524003,0.80661700096539,True,603,366.5426531779306,64.5101858602213,-0.4214281705326627,24.322309796361164,60,361.8,8.117358386388927,329,-2.2349041253347255
1980,uva,packing_B,T10,largo,20,G2,3.879688410657426,0.749292821524003,0.80661700096539,True,603,366.5426531779306,64.5101858602213,-0.4214281705326627,24.322309796361164,60,361.8,8.117358386388927,330,-2.2240299461893365
1980,uva,packing_B,T10,largo,20,G2,3.879688410657426,0.749292821524003,0.80661700096539,True,603,366.5426531779306,64.5101858602213,-0.4214281705326627,24.322309796361164,60,361.8,8.117358386388927,331,-2.187644629092
1980,uva,packing_B,T10,largo,20,G2,3.879688410657426,0.749292821524003,0.80661700096539,True,603,366.5426531779306,64.5101858602213,-0.4214281705326627,24.322309796361164,60,361.8,8.117358386388927,332,-2.197247982738319
1980,uva,packing_B,T10,largo,20,G2,3.879688410657426,0.749292821524003,0.80661700096539,True,603,366.5426531779306,64.5101858602213,-0.4214281705326627,24.322309796361164,60,361.8,8.117358386388927,333,-2.1105421924219523
1980,uva,packing_B,T10,largo,20,G2,3.879688410657426,0.749292821524003,0.80661700096539,True,603,366.5426531779306,64.5101858602213,-0.4214281705326627,24.322309796361164,60,361.8,8.117358386388927,334,-1.9653338241302838
1980,uva,packing_B,T10,largo,20,G2,3.879688410657426,0.749292821524003,0.80661700096539,True,603,366.5426531779306,64.5101858602213,-0.4214281705326627,24.322309796361164,60,361.8,8.117358386388927,335,-1.7631402830359404
1980,uva,packing_B,T10,largo,20,G2,3.879688410657426,0.749292821524003,0.80661700096539,True,603,366.5426531779306,64.5101858602213,-0.4214281705326627,24.322309796361164,60,361.8,8.117358386388927,336,-1.9321806118568108
1980,uva,packing_B,T10,largo,20,G2,3.879688410657426,0.749292821524003,0.80661700096539,True,603,366.5426531779306,64.5101858602213,-0.4214281705326627,24.322309796361164,60,361.8,8.117358386388927,337,-1.7282197830643329
1980,uva,packing_B,T10,largo,20,G2,3.879688410657426,0.749292821524003,0.80661700096539,True,603,366.5426531779306,64.5101858602213,-0.4214281705326627,24.322309796361164,60,361.8,8.117358386388927,338,-1.7236480988300544
1980,uva,packing_B,T10,largo,20,G2,3.879688410657426,0.749292821524003,0.80661700096539,True,603,366.5426531779306,64.5101858602213,-0.4214281705326627,24.322309796361164,60,361.8,8.117358386388927,339,-1.5872680355496571
1980,uva,packing_B,T10,largo,20,G2,3.879688410657426,0.749292821524003,0.80661700096539,True,603,366.5426531779306,64.5101858602213,-0.4214281705326627,24.322309796361164,60,361.8,8.117358386388927,340,-1.6565278499774259
1980,uva,packing_B,T10,largo,20,G2,3.879688410657426,0.749292821524003,0.80661700096539,True,603,366.5426531779306,64.5101858602213,-0.4214281705326627,24.322309796361164,60,361.8,8.117358386388927,341,-1.464048034989101
1980,uva,packing_B,T10,largo,20,G2,3.879688410657426,0.749292821524003,0.80661700096539,True,603,366.5426531779306,64.5101858602213,-0.4214281705326627,24.322309796361164,60,361.8,8.117358386388927,342,-1.7315847417031984
1980,uva,packing_B,T10,largo,20,G2,3.879688410657426,0.749292821524003,0.80661700096539,True,603,366.5426531779306,64.5101858602213,-0.4214281705326627,24.322309796361164,60,361.8,8.117358386388927,343,-1.3950440384756684
1980,uva,packing_B,T10,largo,20,G2,3.879688410657426,0.749292821524003,0.80661700096539,True,603,366.5426531779306,64.5101858602213,-0.4214281705326627,24.322309796361164,60,361.8,8.117358386388927,344,-1.4170646454850737
1980,uva,packing_B,T10,largo,20,G2,3.879688410657426,0.749292821524003,0.80661700096539,True,603,366.5426531779306,64.5101858602213,-0.4214281705326627,24.322309796361164,60,361.8,8.117358386388927,345,-1.3335576924802623
1980,uva,packing_B,T10,largo,20,G2,3.879688410657426,0.749292821524003,0.80661700096539,True,603,366.5426531779306,64.5101858602213,-0.4214281705326627,24.322309796361164,60,361.8,8.117358386388927,346,-1.2468041229013571
1980,uva,packing_B,T10,largo,20,G2,3.879688410657426,0.749292821524003,0.80661700096539,True,603,366.5426531779306,64.5101858602213,-0.4214281705326627,24.322309796361164,60,361.8,8.117358386388927,347,-1.314856967772667
1980,uva,packing_B,T10,largo,20,G2,3.879688410657426,0.749292821524003,0.80661700096539,True,603,366.5426531779306,64.5101858602213,-0.4214281705326627,24.322309796361164,60,361.8,8.117358386388927,348,-1.1728352236921182
1980,uva,packing_B,T10,largo,20,G2,3.879688410657426,0.749292821524003,0.80661700096539,True,603,366.5426531779306,64.5101858602213,-0.4214281705326627,24.322309796361164,60,361.8,8.117358386388927,349,-1.255632780893744
1980,uva,packing_B,T10,largo,20,G2,3.879688410657426,0.749292821524003,0.80661700096539,True,603,366.5426531779306,64.5101858602213,-0.4214281705326627,24.322309796361164,60,361.8,8.117358386388927,350,-1.055532997144026
1980,uva,packing_B,T10,largo,20,G2,3.879688410657426,0.749292821524003,0.80661700096539,True,603,366.5426531779306,64.5101858602213,-0.4214281705326627,24.322309796361164,60,361.8,8.117358386388927,351,-1.026256463208535
1980,uva,packing_B,T10,largo,20,G2,3.879688410657426,0.749292821524003,0.80661700096539,True,603,366.5426531779306,64.5101858602213,-0.4214281705326627,24.322309796361164,60,361.8,8.117358386388927,352,-1.0395943788104707
1980,uva,packing_B,T10,largo,20,G2,3.879688410657426,0.749292821524003,0.80661700096539,True,603,366.5426531779306,64.5101858602213,-0.4214281705326627,24.322309796361164,60,361.8,8.117358386388927,353,-1.106056195882068
1980,uva,packing_B,T10,largo,20,G2,3.879688410657426,0.749292821524003,0.80661700096539,True,603,366.5426531779306,64.5101858602213,-0.4214281705326627,24.322309796361164,60,361.8,8.117358386388927,354,-0.8714729283597993
1980,uva,packing_B,T10,largo,20,G2,3.879688410657426,0.749292821524003,0.80661700096539,True,603,366.5426531779306,64.5101858602213,-0.4214281705326627,24.322309796361164,60,361.8,8.117358386388927,355,-0.8369860089164383
1980,uva,packing_B,T10,largo,20,G2,3.879688410657426,0.749292821524003,0.80661700096539,True,603,366.5426531779306,64.5101858602213,-0.4214281705326627,24.322309796361164,60,361.8,8.117358386388927,356,-0.8128438624352055
1980,uva,packing_B,T10,largo,20,G2,3.879688410657426,0.749292821524003,0.80661700096539,True,603,366.5426531779306,64.5101858602213,-0.4214281705326627,24.322309796361164,60,361.8,8.117358386388927,357,-0.8150165980152524
1980,uva,packing_B,T10,largo,20,G2,3.879688410657426,0.749292821524003,0.80661700096539,True,603,366.5426531779306,64.5101858602213,-0.4214281705326627,24.322309796361164,60,361.8,8.117358386388927,358,-0.7913823322558465
1980,uva,packing_B,T10,largo,20,G2,3.879688410657426,0.749292821524003,0.80661700096539,True,603,366.5426531779306,64.5101858602213,-0.4214281705326627,24.322309796361164,60,361.8,8.117358386388927,359,-0.7123322394400418
1980,uva,packing_B,T10,largo,20,G2,3.879688410657426,0.749292821524003,0.80661700096539,True,603,366.5426531779306,64.5101858602213,-0.4214281705326627,24.322309796361164,60,361.8,8.117358386388927,360,-0.5613096203128494
1980,uva,packing_B,T10,largo,20,G2,3.879688410657426,0.749292821524003,0.80661700096539,True,603,366.5426531779306,64.5101858602213,-0.4214281705326627,24.322309796361164,60,361.8,8.117358386388927,361,-0.7557288876431535
1980,uva,packing_B,T10,largo,20,G2,3.879688410657426,0.749292821524003,0.80661700096539,True,603,366.5426531779306,64.5101858602213,-0.4214281705326627,24.322309796361164,60,361.8,8.117358386388927,362,-0.15923439945682288
1980,uva,packing_B,T10,largo,20,G2,3.879688410657426,0.749292821524003,0.80661700096539,True,603,366.5426531779306,64.5101858602213,-0.4214281705326627,24.322309796361164,60,361.8,8.117358386388927,363,-0.10868022635261602
1980,uva,packing_B,T10,largo,20,G2,3.879688410657426,0.749292821524003,0.80661700096539,True,603,366.5426531779306,64.5101858602213,-0.4214281705326627,24.322309796361164,60,361.8,8.117358386388927,364,-0.043345421514215256
1980,uva,packing_B,T10,largo,20,G2,3.879688410657426,0.749292821524003,0.80661700096539,True,603,366.5426531779306,64.5101858602213,-0.4214281705326627,24.322309796361164,60,361.8,8.117358386388927,365,0.16596030790915917
1980,uva,packing_B,T10,largo,20,G2,3.879688410657426,0.749292821524003,0.80661700096539,True,603,366.5426531779306,64.5101858602213,-0.4214281705326627,24.322309796361164,60,361.8,8.117358386388927,366,0.08046413730457014
1980,uva,packing_B,T10,largo,20,G2,3.879688410657426,0.749292821524003,0.80661700096539,True,603,366.5426531779306,64.5101858602213,-0.4214281705326627,24.322309796361164,60,361.8,8.117358386388927,367,0.07910551831730299
1980,uva,packing_B,T10,largo,20,G2,3.879688410657426,0.749292821524003,0.80661700096539,True,603,366.5426531779306,64.5101858602213,-0.4214281705326627,24.322309796361164,60,361.8,8.117358386388927,368,0.1702770233056412
1980,uva,packing_B,T10,largo,20,G2,3.879688410657426,0.749292821524003,0.80661700096539,True,603,366.5426531779306,64.5101858602213,-0.4214281705326627,24.322309796361164,60,361.8,8.117358386388927,369,-0.12286179645914222
1980,uva,packing_B,T10,largo,20,G2,3.879688410657426,0.749292821524003,0.80661700096539,True,603,366.5426531779306,64.5101858602213,-0.4214281705326627,24.322309796361164,60,361.8,8.117358386388927,370,0.02742857099129256
1980,uva,packing_B,T10,largo,20,G2,3.879688410657426,0.749292821524003,0.80661700096539,True,603,366.5426531779306,64.5101858602213,-0.4214281705326627,24.322309796361164,60,361.8,8.117358386388927,371,-0.056518579850433105
1980,uva,packing_B,T10,largo,20,G2,3.879688410657426,0.749292821524003,0.80661700096539,True,603,366.5426531779306,64.5101858602213,-0.4214281705326627,24.322309796361164,60,361.8,8.117358386388927,372,-0.22963580934532477
1980,uva,packing_B,T10,largo,20,G2,3.879688410657426,0.749292821524003,0.80661700096539,True,603,366.5426531779306,64.5101858602213,-0.4214281705326627,24.322309796361164,60,361.8,8.117358386388927,373,-0.06783258625531352
1980,uva,packing_B,T10,largo,20,G2,3.879688410657426,0.749292821524003,0.80661700096539,True,603,366.5426531779306,64.5101858602213,-0.4214281705326627,24.322309796361164,60,361.8,8.117358386388927,374,-0.17862429776016206
1980,uva,packing_B,T10,largo,20,G2,3.879688410657426,0.749292821524003,0.80661700096539,True,603,366.5426531779306,64.5101858602213,-0.4214281705326627,24.322309796361164,60,361.8,8.117358386388927,375,-0.38147932944481816
1980,uva,packing_B,T10,largo,20,G2,3.879688410657426,0.749292821524003,0.80661700096539,True,603,366.5426531779306,64.5101858602213,-0.4214281705326627,24.322309796361164,60,361.8,8.117358386388927,376,-0.6135131760425394
1980,uva,packing_B,T10,largo,20,G2,3.879688410657426,0.749292821524003,0.80661700096539,True,603,366.5426531779306,64.5101858602213,-0.4214281705326627,24.322309796361164,60,361.8,8.117358386388927,377,-0.6480468535573265
1980,uva,packing_B,T10,largo,20,G2,3.879688410657426,0.749292821524003,0.80661700096539,True,603,366.5426531779306,64.5101858602213,-0.4214281705326627,24.322309796361164,60,361.8,8.117358386388927,378,-0.7606235921367218
1980,uva,packing_B,T10,largo,20,G2,3.879688410657426,0.749292821524003,0.80661700096539,True,603,366.5426531779306,64.5101858602213,-0.4214281705326627,24.322309796361164,60,361.8,8.117358386388927,379,-0.7488571114370355
1980,uva,packing_B,T10,largo,20,G2,3.879688410657426,0.749292821524003,0.80661700096539,True,603,366.5426531779306,64.5101858602213,-0.4214281705326627,24.322309796361164,60,361.8,8.117358386388927,380,-0.8499298098732083
1980,uva,packing_B,T10,largo,20,G2,3.879688410657426,0.749292821524003,0.80661700096539,True,603,366.5426531779306,64.5101858602213,-0.4214281705326627,24.322309796361164,60,361.8,8.117358386388927,381,-0.9109181303860368
1980,uva,packing_B,T10,largo,20,G2,3.879688410657426,0.749292821524003,0.80661700096539,True,603,366.5426531779306,64.5101858602213,-0.4214281705326627,24.322309796361164,60,361.8,8.117358386388927,382,-0.9005240054433254
1980,uva,packing_B,T10,largo,20,G2,3.879688410657426,0.749292821524003,0.80661700096539,True,603,366.5426531779306,64.5101858602213,-0.4214281705326627,24.322309796361164,60,361.8,8.117358386388927,383,-0.8531357634337935
1980,uva,packing_B,T10,largo,20,G2,3.879688410657426,0.749292821524003,0.80661700096539,True,603,366.5426531779306,64.5101858602213,-0.4214281705326627,24.322309796361164,60,361.8,8.117358386388927,384,-0.9144762562154194
1980,uva,packing_B,T10,largo,20,G2,3.879688410657426,0.749292821524003,0.80661700096539,True,603,366.5426531779306,64.5101858602213,-0.4214281705326627,24.322309796361164,60,361.8,8.117358386388927,385,-0.9558667467132532
1980,uva,packing_B,T10,largo,20,G2,3.879688410657426,0.749292821524003,0.80661700096539,True,603,366.5426531779306,64.5101858602213,-0.4214281705326627,24.322309796361164,60,361.8,8.117358386388927,386,-0.8834942093959707
1980,uva,packing_B,T10,largo,20,G2,3.879688410657426,0.749292821524003,0.80661700096539,True,603,366.5426531779306,64.5101858602213,-0.4214281705326627,24.322309796361164,60,361.8,8.117358386388927,387,-0.7111519916468887
1980,uva,packing_B,T10,largo,20,G2,3.879688410657426,0.749292821524003,0.80661700096539,True,603,366.5426531779306,64.5101858602213,-0.4214281705326627,24.322309796361164,60,361.8,8.117358386388927,388,-0.42666059933020284
1980,uva,packing_B,T10,largo,20,G2,3.879688410657426,0.749292821524003,0.80661700096539,True,603,366.5426531779306,64.5101858602213,-0.4214281705326627,24.322309796361164,60,361.8,8.117358386388927,389,-0.4509368658249251
1980,uva,packing_B,T10,largo,20,G2,3.879688410657426,0.749292821524003,0.80661700096539,True,603,366.5426531779306,64.5101858602213,-0.4214281705326627,24.322309796361164,60,361.8,8.117358386388927,390,-0.4309025111212589
1980,uva,packing_B,T10,largo,20,G2,3.879688410657426,0.749292821524003,0.80661700096539,True,603,366.5426531779306,64.5101858602213,-0.4214281705326627,24.322309796361164,60,361.8,8.117358386388927,391,-0.24014476731111023
1980,uva,packing_B,T10,largo,20,G2,3.879688410657426,0.749292821524003,0.80661700096539,True,603,366.5426531779306,64.5101858602213,-0.4214281705326627,24.322309796361164,60,361.8,8.117358386388927,392,-0.1533709078561136
1980,uva,packing_B,T10,largo,20,G2,3.879688410657426,0.749292821524003,0.80661700096539,True,603,366.5426531779306,64.5101858602213,-0.4214281705326627,24.322309796361164,60,361.8,8.117358386388927,393,-0.08242976566635565
1980,uva,packing_B,T10,largo,20,G2,3.879688410657426,0.749292821524003,0.80661700096539,True,603,366.5426531779306,64.5101858602213,-0.4214281705326627,24.322309796361164,60,361.8,8.117358386388927,394,-0.021805403073546538
1980,uva,packing_B,T10,largo,20,G2,3.879688410657426,0.749292821524003,0.80661700096539,True,603,366.5426531779306,64.5101858602213,-0.4214281705326627,24.322309796361164,60,361.8,8.117358386388927,395,0.16005892746079495
1980,uva,packing_B,T10,largo,20,G2,3.879688410657426,0.749292821524003,0.80661700096539,True,603,366.5426531779306,64.5101858602213,-0.4214281705326627,24.322309796361164,60,361.8,8.117358386388927,396,0.06626467300484246
1980,uva,packing_B,T10,largo,20,G2,3.879688410657426,0.749292821524003,0.80661700096539,True,603,366.5426531779306,64.5101858602213,-0.4214281705326627,24.322309796361164,60,361.8,8.117358386388927,397,0.0008471245749054196
1980,uva,packing_B,T10,largo,20,G2,3.879688410657426,0.749292821524003,0.80661700096539,True,603,366.5426531779306,64.5101858602213,-0.4214281705326627,24.322309796361164,60,361.8,8.117358386388927,398,0.211934210588783
1980,uva,packing_B,T10,largo,20,G2,3.879688410657426,0.749292821524003,0.80661700096539,True,603,366.5426531779306,64.5101858602213,-0.4214281705326627,24.322309796361164,60,361.8,8.117358386388927,399,0.1714395238163802
1980,uva,packing_B,T10,largo,20,G2,3.879688410657426,0.749292821524003,0.80661700096539,True,603,366.5426531779306,64.5101858602213,-0.4214281705326627,24.322309796361164,60,361.8,8.117358386388927,400,-0.0003670176054281875
1980,uva,packing_B,T10,largo,20,G2,3.879688410657426,0.749292821524003,0.80661700096539,True,603,366.5426531779306,64.5101858602213,-0.4214281705326627,24.322309796361164,60,361.8,8.117358386388927,401,-0.10879510055808558
1980,uva,packing_B,T10,largo,20,G2,3.879688410657426,0.749292821524003,0.80661700096539,True,603,366.5426531779306,64.5101858602213,-0.4214281705326627,24.322309796361164,60,361.8,8.117358386388927,402,0.015720592509191972
1980,uva,packing_B,T10,largo,20,G2,3.879688410657426,0.749292821524003,0.80661700096539,True,603,366.5426531779306,64.5101858602213,-0.4214281705326627,24.322309796361164,60,361.8,8.117358386388927,403,-0.2352946616165468
1980,uva,packing_B,T10,largo,20,G2,3.879688410657426,0.749292821524003,0.80661700096539,True,603,366.5426531779306,64.5101858602213,-0.4214281705326627,24.322309796361164,60,361.8,8.117358386388927,404,-0.49928879876158183
1980,uva,packing_B,T10,largo,20,G2,3.879688410657426,0.749292821524003,0.80661700096539,True,603,366.5426531779306,64.5101858602213,-0.4214281705326627,24.322309796361164,60,361.8,8.117358386388927,405,-0.39284520333961287
1980,uva,packing_B,T10,largo,20,G2,3.879688410657426,0.749292821524003,0.80661700096539,True,603,366.5426531779306,64.5101858602213,-0.4214281705326627,24.322309796361164,60,361.8,8.117358386388927,406,-0.45005861251858426
1980,uva,packing_B,T10,largo,20,G2,3.879688410657426,0.749292821524003,0.80661700096539,True,603,366.5426531779306,64.5101858602213,-0.4214281705326627,24.322309796361164,60,361.8,8.117358386388927,407,-0.6040719986376977
1980,uva,packing_B,T10,largo,20,G2,3.879688410657426,0.749292821524003,0.80661700096539,True,603,366.5426531779306,64.5101858602213,-0.4214281705326627,24.322309796361164,60,361.8,8.117358386388927,408,-0.6877641268337796
1980,uva,packing_B,T10,largo,20,G2,3.879688410657426,0.749292821524003,0.80661700096539,True,603,366.5426531779306,64.5101858602213,-0.4214281705326627,24.322309796361164,60,361.8,8.117358386388927,409,-0.6864225973159763
1980,uva,packing_B,T10,largo,20,G2,3.879688410657426,0.749292821524003,0.80661700096539,True,603,366.5426531779306,64.5101858602213,-0.4214281705326627,24.322309796361164,60,361.8,8.117358386388927,410,-0.8171584448886103
1980,uva,packing_B,T10,largo,20,G2,3.879688410657426,0.749292821524003,0.80661700096539,True,603,366.5426531779306,64.5101858602213,-0.4214281705326627,24.322309796361164,60,361.8,8.117358386388927,411,-0.9610972602101868
1980,uva,packing_B,T10,largo,20,G2,3.879688410657426,0.749292821524003,0.80661700096539,True,603,366.5426531779306,64.5101858602213,-0.4214281705326627,24.322309796361164,60,361.8,8.117358386388927,412,-1.1125183645669974
1980,uva,packing_B,T10,largo,20,G2,3.879688410657426,0.749292821524003,0.80661700096539,True,603,366.5426531779306,64.5101858602213,-0.4214281705326627,24.322309796361164,60,361.8,8.117358386388927,413,-0.8388495648863408
1980,uva,packing_B,T10,largo,20,G2,3.879688410657426,0.749292821524003,0.80661700096539,True,603,366.5426531779306,64.5101858602213,-0.4214281705326627,24.322309796361164,60,361.8,8.117358386388927,414,-0.8718232046454459
1980,uva,packing_B,T10,largo,20,G2,3.879688410657426,0.749292821524003,0.80661700096539,True,603,366.5426531779306,64.5101858602213,-0.4214281705326627,24.322309796361164,60,361.8,8.117358386388927,415,-0.8737346893913513
1980,uva,packing_B,T10,largo,20,G2,3.879688410657426,0.749292821524003,0.80661700096539,True,603,366.5426531779306,64.5101858602213,-0.4214281705326627,24.322309796361164,60,361.8,8.117358386388927,416,-0.7761444262427163
1980,uva,packing_B,T10,largo,20,G2,3.879688410657426,0.749292821524003,0.80661700096539,True,603,366.5426531779306,64.5101858602213,-0.4214281705326627,24.322309796361164,60,361.8,8.117358386388927,417,-0.6595851781965774
1980,uva,packing_B,T10,largo,20,G2,3.879688410657426,0.749292821524003,0.80661700096539,True,603,366.5426531779306,64.5101858602213,-0.4214281705326627,24.322309796361164,60,361.8,8.117358386388927,418,-0.4905611773083077
1980,uva,packing_B,T10,largo,20,G2,3.879688410657426,0.749292821524003,0.80661700096539,True,603,366.5426531779306,64.5101858602213,-0.4214281705326627,24.322309796361164,60,361.8,8.117358386388927,419,-0.5166772913765095
1980,uva,packing_B,T10,largo,20,G2,3.879688410657426,0.749292821524003,0.80661700096539,True,603,366.5426531779306,64.5101858602213,-0.4214281705326627,24.322309796361164,60,361.8,8.117358386388927,420,-0.3109908137622661
1980,uva,packing_B,T10,largo,20,G2,3.879688410657426,0.749292821524003,0.80661700096539,True,603,366.5426531779306,64.5101858602213,-0.4214281705326627,24.322309796361164,60,361.8,8.117358386388927,421,-0.3149224022785916
1980,uva,packing_B,T10,largo,20,G2,3.879688410657426,0.749292821524003,0.80661700096539,True,603,366.5426531779306,64.5101858602213,-0.4214281705326627,24.322309796361164,60,361.8,8.117358386388927,422,-0.18475504685481997
1980,uva,packing_B,T10,largo,20,G2,3.879688410657426,0.749292821524003,0.80661700096539,True,603,366.5426531779306,64.5101858602213,-0.4214281705326627,24.322309796361164,60,361.8,8.117358386388927,423,-0.26669958598683985
1980,uva,packing_B,T10,largo,20,G2,3.879688410657426,0.749292821524003,0.80661700096539,True,603,366.5426531779306,64.5101858602213,-0.4214281705326627,24.322309796361164,60,361.8,8.117358386388927,424,0.1628093380447806
1980,uva,packing_B,T10,largo,20,G2,3.879688410657426,0.749292821524003,0.80661700096539,True,603,366.5426531779306,64.5101858602213,-0.4214281705326627,24.322309796361164,60,361.8,8.117358386388927,425,0.17281290706903693
1980,uva,packing_B,T10,largo,20,G2,3.879688410657426,0.749292821524003,0.80661700096539,True,603,366.5426531779306,64.5101858602213,-0.4214281705326627,24.322309796361164,60,361.8,8.117358386388927,426,-0.08493773521871265
1980,uva,packing_B,T10,largo,20,G2,3.879688410657426,0.749292821524003,0.80661700096539,True,603,366.5426531779306,64.5101858602213,-0.4214281705326627,24.322309796361164,60,361.8,8.117358386388927,427,0.05089786792765367
1980,uva,packing_B,T10,largo,20,G2,3.879688410657426,0.749292821524003,0.80661700096539,True,603,366.5426531779306,64.5101858602213,-0.4214281705326627,24.322309796361164,60,361.8,8.117358386388927,428,-0.050139178772952486
1980,uva,packing_B,T10,largo,20,G2,3.879688410657426,0.749292821524003,0.80661700096539,True,603,366.5426531779306,64.5101858602213,-0.4214281705326627,24.322309796361164,60,361.8,8.117358386388927,429,0.14154637920930102
1980,uva,packing_B,T10,largo,20,G2,3.879688410657426,0.749292821524003,0.80661700096539,True,603,366.5426531779306,64.5101858602213,-0.4214281705326627,24.322309796361164,60,361.8,8.117358386388927,430,-0.057973582438700724
1980,uva,packing_B,T10,largo,20,G2,3.879688410657426,0.749292821524003,0.80661700096539,True,603,366.5426531779306,64.5101858602213,-0.4214281705326627,24.322309796361164,60,361.8,8.117358386388927,431,-0.17556373587440505
1980,uva,packing_B,T10,largo,20,G2,3.879688410657426,0.749292821524003,0.80661700096539,True,603,366.5426531779306,64.5101858602213,-0.4214281705326627,24.322309796361164,60,361.8,8.117358386388927,432,-0.027546040587755616
1980,uva,packing_B,T10,largo,20,G2,3.879688410657426,0.749292821524003,0.80661700096539,True,603,366.5426531779306,64.5101858602213,-0.4214281705326627,24.322309796361164,60,361.8,8.117358386388927,433,-0.2382112812209762
1980,uva,packing_B,T10,largo,20,G2,3.879688410657426,0.749292821524003,0.80661700096539,True,603,366.5426531779306,64.5101858602213,-0.4214281705326627,24.322309796361164,60,361.8,8.117358386388927,434,-0.39808397272553886
1980,uva,packing_B,T10,largo,20,G2,3.879688410657426,0.749292821524003,0.80661700096539,True,603,366.5426531779306,64.5101858602213,-0.4214281705326627,24.322309796361164,60,361.8,8.117358386388927,435,-0.5938748844747218
1980,uva,packing_B,T10,largo,20,G2,3.879688410657426,0.749292821524003,0.80661700096539,True,603,366.5426531779306,64.5101858602213,-0.4214281705326627,24.322309796361164,60,361.8,8.117358386388927,436,-0.537611640096014
1980,uva,packing_B,T10,largo,20,G2,3.879688410657426,0.749292821524003,0.80661700096539,True,603,366.5426531779306,64.5101858602213,-0.4214281705326627,24.322309796361164,60,361.8,8.117358386388927,437,-0.6721178324867618
1980,uva,packing_B,T10,largo,20,G2,3.879688410657426,0.749292821524003,0.80661700096539,True,603,366.5426531779306,64.5101858602213,-0.4214281705326627,24.322309796361164,60,361.8,8.117358386388927,438,-0.6530981420575384
1980,uva,packing_B,T10,largo,20,G2,3.879688410657426,0.749292821524003,0.80661700096539,True,603,366.5426531779306,64.5101858602213,-0.4214281705326627,24.322309796361164,60,361.8,8.117358386388927,439,-0.9165315375015076
1980,uva,packing_B,T10,largo,20,G2,3.879688410657426,0.749292821524003,0.80661700096539,True,603,366.5426531779306,64.5101858602213,-0.4214281705326627,24.322309796361164,60,361.8,8.117358386388927,440,-0.780268963721409
1980,uva,packing_B,T10,largo,20,G2,3.879688410657426,0.749292821524003,0.80661700096539,True,603,366.5426531779306,64.5101858602213,-0.4214281705326627,24.322309796361164,60,361.8,8.117358386388927,441,-0.6789585937726643
1980,uva,packing_B,T10,largo,20,G2,3.879688410657426,0.749292821524003,0.80661700096539,True,603,366.5426531779306,64.5101858602213,-0.4214281705326627,24.322309796361164,60,361.8,8.117358386388927,442,-0.9462992052732411
1980,uva,packing_B,T10,largo,20,G2,3.879688410657426,0.749292821524003,0.80661700096539,True,603,366.5426531779306,64.5101858602213,-0.4214281705326627,24.322309796361164,60,361.8,8.117358386388927,443,-0.8140053171165891
1980,uva,packing_B,T10,largo,20,G2,3.879688410657426,0.749292821524003,0.80661700096539,True,603,366.5426531779306,64.5101858602213,-0.4214281705326627,24.322309796361164,60,361.8,8.117358386388927,444,-0.8969046234893883
1980,uva,packing_B,T10,largo,20,G2,3.879688410657426,0.749292821524003,0.80661700096539,True,603,366.5426531779306,64.5101858602213,-0.4214281705326627,24.322309796361164,60,361.8,8.117358386388927,445,-0.8007886287250797
1980,uva,packing_B,T10,largo,20,G2,3.879688410657426,0.749292821524003,0.80661700096539,True,603,366.5426531779306,64.5101858602213,-0.4214281705326627,24.322309796361164,60,361.8,8.117358386388927,446,-0.6720601956267493
1980,uva,packing_B,T10,largo,20,G2,3.879688410657426,0.749292821524003,0.80661700096539,True,603,366.5426531779306,64.5101858602213,-0.4214281705326627,24.322309796361164,60,361.8,8.117358386388927,447,-0.6249834188915651
1980,uva,packing_B,T10,largo,20,G2,3.879688410657426,0.749292821524003,0.80661700096539,True,603,366.5426531779306,64.5101858602213,-0.4214281705326627,24.322309796361164,60,361.8,8.117358386388927,448,-0.6132620048483801
1980,uva,packing_B,T10,largo,20,G2,3.879688410657426,0.749292821524003,0.80661700096539,True,603,366.5426531779306,64.5101858602213,-0.4214281705326627,24.322309796361164,60,361.8,8.117358386388927,449,-0.5789139657619083
1980,uva,packing_B,T10,largo,20,G2,3.879688410657426,0.749292821524003,0.80661700096539,True,603,366.5426531779306,64.5101858602213,-0.4214281705326627,24.322309796361164,60,361.8,8.117358386388927,450,-0.367549888336117
1980,uva,packing_B,T10,largo,20,G2,3.879688410657426,0.749292821524003,0.80661700096539,True,603,366.5426531779306,64.5101858602213,-0.4214281705326627,24.322309796361164,60,361.8,8.117358386388927,451,-0.44666141504958345
1980,uva,packing_B,T10,largo,20,G2,3.879688410657426,0.749292821524003,0.80661700096539,True,603,366.5426531779306,64.5101858602213,-0.4214281705326627,24.322309796361164,60,361.8,8.117358386388927,452,-0.22321272831200337
1980,uva,packing_B,T10,largo,20,G2,3.879688410657426,0.749292821524003,0.80661700096539,True,603,366.5426531779306,64.5101858602213,-0.4214281705326627,24.322309796361164,60,361.8,8.117358386388927,453,-0.14493820027234625
1980,uva,packing_B,T10,largo,20,G2,3.879688410657426,0.749292821524003,0.80661700096539,True,603,366.5426531779306,64.5101858602213,-0.4214281705326627,24.322309796361164,60,361.8,8.117358386388927,454,-0.13303646687442067
1980,uva,packing_B,T10,largo,20,G2,3.879688410657426,0.749292821524003,0.80661700096539,True,603,366.5426531779306,64.5101858602213,-0.4214281705326627,24.322309796361164,60,361.8,8.117358386388927,455,0.0874816088416565
1980,uva,packing_B,T10,largo,20,G2,3.879688410657426,0.749292821524003,0.80661700096539,True,603,366.5426531779306,64.5101858602213,-0.4214281705326627,24.322309796361164,60,361.8,8.117358386388927,456,0.04999199054264937
1980,uva,packing_B,T10,largo,20,G2,3.879688410657426,0.749292821524003,0.80661700096539,True,603,366.5426531779306,64.5101858602213,-0.4214281705326627,24.322309796361164,60,361.8,8.117358386388927,457,0.015428144935796459
1980,uva,packing_B,T10,largo,20,G2,3.879688410657426,0.749292821524003,0.80661700096539,True,603,366.5426531779306,64.5101858602213,-0.4214281705326627,24.322309796361164,60,361.8,8.117358386388927,458,-0.10047888502126559
1980,uva,packing_B,T10,largo,20,G2,3.879688410657426,0.749292821524003,0.80661700096539,True,603,366.5426531779306,64.5101858602213,-0.4214281705326627,24.322309796361164,60,361.8,8.117358386388927,459,0.09299369929614937
1980,uva,packing_B,T10,largo,20,G2,3.879688410657426,0.749292821524003,0.80661700096539,True,603,366.5426531779306,64.5101858602213,-0.4214281705326627,24.322309796361164,60,361.8,8.117358386388927,460,0.12102285440874508
1980,uva,packing_B,T10,largo,20,G2,3.879688410657426,0.749292821524003,0.80661700096539,True,603,366.5426531779306,64.5101858602213,-0.4214281705326627,24.322309796361164,60,361.8,8.117358386388927,461,-0.02352096995994588
1980,uva,packing_B,T10,largo,20,G2,3.879688410657426,0.749292821524003,0.80661700096539,True,603,366.5426531779306,64.5101858602213,-0.4214281705326627,24.322309796361164,60,361.8,8.117358386388927,462,-0.013702115230640396
1980,uva,packing_B,T10,largo,20,G2,3.879688410657426,0.749292821524003,0.80661700096539,True,603,366.5426531779306,64.5101858602213,-0.4214281705326627,24.322309796361164,60,361.8,8.117358386388927,463,-0.12092839475361317
1980,uva,packing_B,T10,largo,20,G2,3.879688410657426,0.749292821524003,0.80661700096539,True,603,366.5426531779306,64.5101858602213,-0.4214281705326627,24.322309796361164,60,361.8,8.117358386388927,464,-0.2945236300434632
1980,uva,packing_B,T10,largo,20,G2,3.879688410657426,0.749292821524003,0.80661700096539,True,603,366.5426531779306,64.5101858602213,-0.4214281705326627,24.322309796361164,60,361.8,8.117358386388927,465,-0.3862371333168834
1980,uva,packing_B,T10,largo,20,G2,3.879688410657426,0.749292821524003,0.80661700096539,True,603,366.5426531779306,64.5101858602213,-0.4214281705326627,24.322309796361164,60,361.8,8.117358386388927,466,-0.5534131027898436
1980,uva,packing_B,T10,largo,20,G2,3.879688410657426,0.749292821524003,0.80661700096539,True,603,366.5426531779306,64.5101858602213,-0.4214281705326627,24.322309796361164,60,361.8,8.117358386388927,467,-0.6831200125295737
1980,uva,packing_B,T10,largo,20,G2,3.879688410657426,0.749292821524003,0.80661700096539,True,603,366.5426531779306,64.5101858602213,-0.4214281705326627,24.322309796361164,60,361.8,8.117358386388927,468,-0.7330476628416017
1980,uva,packing_B,T10,largo,20,G2,3.879688410657426,0.749292821524003,0.80661700096539,True,603,366.5426531779306,64.5101858602213,-0.4214281705326627,24.322309796361164,60,361.8,8.117358386388927,469,-0.8247907354890344
1980,uva,packing_B,T10,largo,20,G2,3.879688410657426,0.749292821524003,0.80661700096539,True,603,366.5426531779306,64.5101858602213,-0.4214281705326627,24.322309796361164,60,361.8,8.117358386388927,470,-0.7349879414616987
1980,uva,packing_B,T10,largo,20,G2,3.879688410657426,0.749292821524003,0.80661700096539,True,603,366.5426531779306,64.5101858602213,-0.4214281705326627,24.322309796361164,60,361.8,8.117358386388927,471,-0.9581475452578248
1980,uva,packing_B,T10,largo,20,G2,3.879688410657426,0.749292821524003,0.80661700096539,True,603,366.5426531779306,64.5101858602213,-0.4214281705326627,24.322309796361164,60,361.8,8.117358386388927,472,-0.9365365863340441
1980,uva,packing_B,T10,largo,20,G2,3.879688410657426,0.749292821524003,0.80661700096539,True,603,366.5426531779306,64.5101858602213,-0.4214281705326627,24.322309796361164,60,361.8,8.117358386388927,473,-1.1897790406134492
1980,uva,packing_B,T10,largo,20,G2,3.879688410657426,0.749292821524003,0.80661700096539,True,603,366.5426531779306,64.5101858602213,-0.4214281705326627,24.322309796361164,60,361.8,8.117358386388927,474,-0.805957570128673
1980,uva,packing_B,T10,largo,20,G2,3.879688410657426,0.749292821524003,0.80661700096539,True,603,366.5426531779306,64.5101858602213,-0.4214281705326627,24.322309796361164,60,361.8,8.117358386388927,475,-0.700479824687033
1980,uva,packing_B,T10,largo,20,G2,3.879688410657426,0.749292821524003,0.80661700096539,True,603,366.5426531779306,64.5101858602213,-0.4214281705326627,24.322309796361164,60,361.8,8.117358386388927,476,-0.8053206661847543
1980,uva,packing_B,T10,largo,20,G2,3.879688410657426,0.749292821524003,0.80661700096539,True,603,366.5426531779306,64.5101858602213,-0.4214281705326627,24.322309796361164,60,361.8,8.117358386388927,477,-0.5953680209879609
1980,uva,packing_B,T10,largo,20,G2,3.879688410657426,0.749292821524003,0.80661700096539,True,603,366.5426531779306,64.5101858602213,-0.4214281705326627,24.322309796361164,60,361.8,8.117358386388927,478,-0.6363129839615504
1980,uva,packing_B,T10,largo,20,G2,3.879688410657426,0.749292821524003,0.80661700096539,True,603,366.5426531779306,64.5101858602213,-0.4214281705326627,24.322309796361164,60,361.8,8.117358386388927,479,-0.6373427666480906
1980,uva,packing_B,T10,largo,20,G2,3.879688410657426,0.749292821524003,0.80661700096539,True,603,366.5426531779306,64.5101858602213,-0.4214281705326627,24.322309796361164,60,361.8,8.117358386388927,480,-0.504776558630719
1980,uva,packing_B,T10,largo,20,G2,3.879688410657426,0.749292821524003,0.80661700096539,True,603,366.5426531779306,64.5101858602213,-0.4214281705326627,24.322309796361164,60,361.8,8.117358386388927,481,-0.4103433461958161
1980,uva,packing_B,T10,largo,20,G2,3.879688410657426,0.749292821524003,0.80661700096539,True,603,366.5426531779306,64.5101858602213,-0.4214281705326627,24.322309796361164,60,361.8,8.117358386388927,482,-0.12669926378511578
1980,uva,packing_B,T10,largo,20,G2,3.879688410657426,0.749292821524003,0.80661700096539,True,603,366.5426531779306,64.5101858602213,-0.4214281705326627,24.322309796361164,60,361.8,8.117358386388927,483,-0.2750744766728662
1980,uva,packing_B,T10,largo,20,G2,3.879688410657426,0.749292821524003,0.80661700096539,True,603,366.5426531779306,64.5101858602213,-0.4214281705326627,24.322309796361164,60,361.8,8.117358386388927,484,-0.3027817371208604
1980,uva,packing_B,T10,largo,20,G2,3.879688410657426,0.749292821524003,0.80661700096539,True,603,366.5426531779306,64.5101858602213,-0.4214281705326627,24.322309796361164,60,361.8,8.117358386388927,485,-0.032554691560064235
1980,uva,packing_B,T10,largo,20,G2,3.879688410657426,0.749292821524003,0.80661700096539,True,603,366.5426531779306,64.5101858602213,-0.4214281705326627,24.322309796361164,60,361.8,8.117358386388927,486,-0.05726399534173657
1980,uva,packing_B,T10,largo,20,G2,3.879688410657426,0.749292821524003,0.80661700096539,True,603,366.5426531779306,64.5101858602213,-0.4214281705326627,24.322309796361164,60,361.8,8.117358386388927,487,0.14677816570806645
1980,uva,packing_B,T10,largo,20,G2,3.879688410657426,0.749292821524003,0.80661700096539,True,603,366.5426531779306,64.5101858602213,-0.4214281705326627,24.322309796361164,60,361.8,8.117358386388927,488,0.10822581989519622
1980,uva,packing_B,T10,largo,20,G2,3.879688410657426,0.749292821524003,0.80661700096539,True,603,366.5426531779306,64.5101858602213,-0.4214281705326627,24.322309796361164,60,361.8,8.117358386388927,489,0.1454861375167918
1980,uva,packing_B,T10,largo,20,G2,3.879688410657426,0.749292821524003,0.80661700096539,True,603,366.5426531779306,64.5101858602213,-0.4214281705326627,24.322309796361164,60,361.8,8.117358386388927,490,-0.03778009522650747
1980,uva,packing_B,T10,largo,20,G2,3.879688410657426,0.749292821524003,0.80661700096539,True,603,366.5426531779306,64.5101858602213,-0.4214281705326627,24.322309796361164,60,361.8,8.117358386388927,491,-0.14137370650054665
1980,uva,packing_B,T10,largo,20,G2,3.879688410657426,0.749292821524003,0.80661700096539,True,603,366.5426531779306,64.5101858602213,-0.4214281705326627,24.322309796361164,60,361.8,8.117358386388927,492,-0.11263785147985853
1980,uva,packing_B,T10,largo,20,G2,3.879688410657426,0.749292821524003,0.80661700096539,True,603,366.5426531779306,64.5101858602213,-0.4214281705326627,24.322309796361164,60,361.8,8.117358386388927,493,-0.302594116089724
1980,uva,packing_B,T10,largo,20,G2,3.879688410657426,0.749292821524003,0.80661700096539,True,603,366.5426531779306,64.5101858602213,-0.4214281705326627,24.322309796361164,60,361.8,8.117358386388927,494,-0.1882514276196097
1980,uva,packing_B,T10,largo,20,G2,3.879688410657426,0.749292821524003,0.80661700096539,True,603,366.5426531779306,64.5101858602213,-0.4214281705326627,24.322309796361164,60,361.8,8.117358386388927,495,-0.610050299118754
1980,uva,packing_B,T10,largo,20,G2,3.879688410657426,0.749292821524003,0.80661700096539,True,603,366.5426531779306,64.5101858602213,-0.4214281705326627,24.322309796361164,60,361.8,8.117358386388927,496,-0.5406868350982157
1980,uva,packing_B,T10,largo,20,G2,3.879688410657426,0.749292821524003,0.80661700096539,True,603,366.5426531779306,64.5101858602213,-0.4214281705326627,24.322309796361164,60,361.8,8.117358386388927,497,-0.5496058307667955
1980,uva,packing_B,T10,largo,20,G2,3.879688410657426,0.749292821524003,0.80661700096539,True,603,366.5426531779306,64.5101858602213,-0.4214281705326627,24.322309796361164,60,361.8,8.117358386388927,498,-0.694676047803755
1980,uva,packing_B,T10,largo,20,G2,3.879688410657426,0.749292821524003,0.80661700096539,True,603,366.5426531779306,64.5101858602213,-0.4214281705326627,24.322309796361164,60,361.8,8.117358386388927,499,-0.7266646559979879
1980,uva,packing_B,T10,largo,20,G2,3.879688410657426,0.749292821524003,0.80661700096539,True,603,366.5426531779306,64.5101858602213,-0.4214281705326627,24.322309796361164,60,361.8,8.117358386388927,500,-0.6853192751651412
1980,uva,packing_B,T10,largo,20,G2,3.879688410657426,0.749292821524003,0.80661700096539,True,603,366.5426531779306,64.5101858602213,-0.4214281705326627,24.322309796361164,60,361.8,8.117358386388927,501,-1.0237114722748961
1980,uva,packing_B,T10,largo,20,G2,3.879688410657426,0.749292821524003,0.80661700096539,True,603,366.5426531779306,64.5101858602213,-0.4214281705326627,24.322309796361164,60,361.8,8.117358386388927,502,-0.8533004535045542
1980,uva,packing_B,T10,largo,20,G2,3.879688410657426,0.749292821524003,0.80661700096539,True,603,366.5426531779306,64.5101858602213,-0.4214281705326627,24.322309796361164,60,361.8,8.117358386388927,503,-0.7730265720349545
1980,uva,packing_B,T10,largo,20,G2,3.879688410657426,0.749292821524003,0.80661700096539,True,603,366.5426531779306,64.5101858602213,-0.4214281705326627,24.322309796361164,60,361.8,8.117358386388927,504,-0.779579742878317
1980,uva,packing_B,T10,largo,20,G2,3.879688410657426,0.749292821524003,0.80661700096539,True,603,366.5426531779306,64.5101858602213,-0.4214281705326627,24.322309796361164,60,361.8,8.117358386388927,505,-0.68832041443729
1980,uva,packing_B,T10,largo,20,G2,3.879688410657426,0.749292821524003,0.80661700096539,True,603,366.5426531779306,64.5101858602213,-0.4214281705326627,24.322309796361164,60,361.8,8.117358386388927,506,-0.6641382382479115
1980,uva,packing_B,T10,largo,20,G2,3.879688410657426,0.749292821524003,0.80661700096539,True,603,366.5426531779306,64.5101858602213,-0.4214281705326627,24.322309796361164,60,361.8,8.117358386388927,507,-0.5845615621183308
1980,uva,packing_B,T10,largo,20,G2,3.879688410657426,0.749292821524003,0.80661700096539,True,603,366.5426531779306,64.5101858602213,-0.4214281705326627,24.322309796361164,60,361.8,8.117358386388927,508,-0.6930013989487374
1980,uva,packing_B,T10,largo,20,G2,3.879688410657426,0.749292821524003,0.80661700096539,True,603,366.5426531779306,64.5101858602213,-0.4214281705326627,24.322309796361164,60,361.8,8.117358386388927,509,-0.5252389001818357
1980,uva,packing_B,T10,largo,20,G2,3.879688410657426,0.749292821524003,0.80661700096539,True,603,366.5426531779306,64.5101858602213,-0.4214281705326627,24.322309796361164,60,361.8,8.117358386388927,510,-0.5747385356086065
1980,uva,packing_B,T10,largo,20,G2,3.879688410657426,0.749292821524003,0.80661700096539,True,603,366.5426531779306,64.5101858602213,-0.4214281705326627,24.322309796361164,60,361.8,8.117358386388927,511,-0.13965639482458803
1980,uva,packing_B,T10,largo,20,G2,3.879688410657426,0.749292821524003,0.80661700096539,True,603,366.5426531779306,64.5101858602213,-0.4214281705326627,24.322309796361164,60,361.8,8.117358386388927,512,-0.34206718119028123
1980,uva,packing_B,T10,largo,20,G2,3.879688410657426,0.749292821524003,0.80661700096539,True,603,366.5426531779306,64.5101858602213,-0.4214281705326627,24.322309796361164,60,361.8,8.117358386388927,513,-0.05358185776399926
1980,uva,packing_B,T10,largo,20,G2,3.879688410657426,0.749292821524003,0.80661700096539,True,603,366.5426531779306,64.5101858602213,-0.4214281705326627,24.322309796361164,60,361.8,8.117358386388927,514,-0.10221020146122971
1980,uva,packing_B,T10,largo,20,G2,3.879688410657426,0.749292821524003,0.80661700096539,True,603,366.5426531779306,64.5101858602213,-0.4214281705326627,24.322309796361164,60,361.8,8.117358386388927,515,-0.047361256781181915
1980,uva,packing_B,T10,largo,20,G2,3.879688410657426,0.749292821524003,0.80661700096539,True,603,366.5426531779306,64.5101858602213,-0.4214281705326627,24.322309796361164,60,361.8,8.117358386388927,516,-0.06752237510464829
1980,uva,packing_B,T10,largo,20,G2,3.879688410657426,0.749292821524003,0.80661700096539,True,603,366.5426531779306,64.5101858602213,-0.4214281705326627,24.322309796361164,60,361.8,8.117358386388927,517,-0.04652220815634116
1980,uva,packing_B,T10,largo,20,G2,3.879688410657426,0.749292821524003,0.80661700096539,True,603,366.5426531779306,64.5101858602213,-0.4214281705326627,24.322309796361164,60,361.8,8.117358386388927,518,0.14812255872896132
1980,uva,packing_B,T10,largo,20,G2,3.879688410657426,0.749292821524003,0.80661700096539,True,603,366.5426531779306,64.5101858602213,-0.4214281705326627,24.322309796361164,60,361.8,8.117358386388927,519,0.014651734938980206
1980,uva,packing_B,T10,largo,20,G2,3.879688410657426,0.749292821524003,0.80661700096539,True,603,366.5426531779306,64.5101858602213,-0.4214281705326627,24.322309796361164,60,361.8,8.117358386388927,520,0.25851339522734806
1980,uva,packing_B,T10,largo,20,G2,3.879688410657426,0.749292821524003,0.80661700096539,True,603,366.5426531779306,64.5101858602213,-0.4214281705326627,24.322309796361164,60,361.8,8.117358386388927,521,-0.16899174187839672
1980,uva,packing_B,T10,largo,20,G2,3.879688410657426,0.749292821524003,0.80661700096539,True,603,366.5426531779306,64.5101858602213,-0.4214281705326627,24.322309796361164,60,361.8,8.117358386388927,522,0.10730939150314234
1980,uva,packing_B,T10,largo,20,G2,3.879688410657426,0.749292821524003,0.80661700096539,True,603,366.5426531779306,64.5101858602213,-0.4214281705326627,24.322309796361164,60,361.8,8.117358386388927,523,-0.09370705675576574
1980,uva,packing_B,T10,largo,20,G2,3.879688410657426,0.749292821524003,0.80661700096539,True,603,366.5426531779306,64.5101858602213,-0.4214281705326627,24.322309796361164,60,361.8,8.117358386388927,524,-0.2840990995560054
1980,uva,packing_B,T10,largo,20,G2,3.879688410657426,0.749292821524003,0.80661700096539,True,603,366.5426531779306,64.5101858602213,-0.4214281705326627,24.322309796361164,60,361.8,8.117358386388927,525,-0.37982103360703684
1980,uva,packing_B,T10,largo,20,G2,3.879688410657426,0.749292821524003,0.80661700096539,True,603,366.5426531779306,64.5101858602213,-0.4214281705326627,24.322309796361164,60,361.8,8.117358386388927,526,-0.5747268335694065
1980,uva,packing_B,T10,largo,20,G2,3.879688410657426,0.749292821524003,0.80661700096539,True,603,366.5426531779306,64.5101858602213,-0.4214281705326627,24.322309796361164,60,361.8,8.117358386388927,527,-0.4523943333021393
1980,uva,packing_B,T10,largo,20,G2,3.879688410657426,0.749292821524003,0.80661700096539,True,603,366.5426531779306,64.5101858602213,-0.4214281705326627,24.322309796361164,60,361.8,8.117358386388927,528,-0.5625919282224694
1980,uva,packing_B,T10,largo,20,G2,3.879688410657426,0.749292821524003,0.80661700096539,True,603,366.5426531779306,64.5101858602213,-0.4214281705326627,24.322309796361164,60,361.8,8.117358386388927,529,-0.7333228598173476
1980,uva,packing_B,T10,largo,20,G2,3.879688410657426,0.749292821524003,0.80661700096539,True,603,366.5426531779306,64.5101858602213,-0.4214281705326627,24.322309796361164,60,361.8,8.117358386388927,530,-0.8196531701825582
1980,uva,packing_B,T10,largo,20,G2,3.879688410657426,0.749292821524003,0.80661700096539,True,603,366.5426531779306,64.5101858602213,-0.4214281705326627,24.322309796361164,60,361.8,8.117358386388927,531,-0.896608300469122
1980,uva,packing_B,T10,largo,20,G2,3.879688410657426,0.749292821524003,0.80661700096539,True,603,366.5426531779306,64.5101858602213,-0.4214281705326627,24.322309796361164,60,361.8,8.117358386388927,532,-1.0326725674715451
1980,uva,packing_B,T10,largo,20,G2,3.879688410657426,0.749292821524003,0.80661700096539,True,603,366.5426531779306,64.5101858602213,-0.4214281705326627,24.322309796361164,60,361.8,8.117358386388927,533,-0.8787647937573219
1980,uva,packing_B,T10,largo,20,G2,3.879688410657426,0.749292821524003,0.80661700096539,True,603,366.5426531779306,64.5101858602213,-0.4214281705326627,24.322309796361164,60,361.8,8.117358386388927,534,-0.8575135211671739
1980,uva,packing_B,T10,largo,20,G2,3.879688410657426,0.749292821524003,0.80661700096539,True,603,366.5426531779306,64.5101858602213,-0.4214281705326627,24.322309796361164,60,361.8,8.117358386388927,535,-0.8349125580074822
1980,uva,packing_B,T10,largo,20,G2,3.879688410657426,0.749292821524003,0.80661700096539,True,603,366.5426531779306,64.5101858602213,-0.4214281705326627,24.322309796361164,60,361.8,8.117358386388927,536,-0.7405439418353713
1980,uva,packing_B,T10,largo,20,G2,3.879688410657426,0.749292821524003,0.80661700096539,True,603,366.5426531779306,64.5101858602213,-0.4214281705326627,24.322309796361164,60,361.8,8.117358386388927,537,-0.6435204452154418
1980,uva,packing_B,T10,largo,20,G2,3.879688410657426,0.749292821524003,0.80661700096539,True,603,366.5426531779306,64.5101858602213,-0.4214281705326627,24.322309796361164,60,361.8,8.117358386388927,538,-0.7274546403446558
1980,uva,packing_B,T10,largo,20,G2,3.879688410657426,0.749292821524003,0.80661700096539,True,603,366.5426531779306,64.5101858602213,-0.4214281705326627,24.322309796361164,60,361.8,8.117358386388927,539,-0.48655207780616666
1980,uva,packing_B,T10,largo,20,G2,3.879688410657426,0.749292821524003,0.80661700096539,True,603,366.5426531779306,64.5101858602213,-0.4214281705326627,24.322309796361164,60,361.8,8.117358386388927,540,-0.3555473142041656
1980,uva,packing_B,T10,largo,20,G2,3.879688410657426,0.749292821524003,0.80661700096539,True,603,366.5426531779306,64.5101858602213,-0.4214281705326627,24.322309796361164,60,361.8,8.117358386388927,541,-0.2479526750960382
1980,uva,packing_B,T10,largo,20,G2,3.879688410657426,0.749292821524003,0.80661700096539,True,603,366.5426531779306,64.5101858602213,-0.4214281705326627,24.322309796361164,60,361.8,8.117358386388927,542,-0.3454388572214925
1980,uva,packing_B,T10,largo,20,G2,3.879688410657426,0.749292821524003,0.80661700096539,True,603,366.5426531779306,64.5101858602213,-0.4214281705326627,24.322309796361164,60,361.8,8.117358386388927,543,-0.19593827583164908
1980,uva,packing_B,T10,largo,20,G2,3.879688410657426,0.749292821524003,0.80661700096539,True,603,366.5426531779306,64.5101858602213,-0.4214281705326627,24.322309796361164,60,361.8,8.117358386388927,544,-0.11093962574949964
1980,uva,packing_B,T10,largo,20,G2,3.879688410657426,0.749292821524003,0.80661700096539,True,603,366.5426531779306,64.5101858602213,-0.4214281705326627,24.322309796361164,60,361.8,8.117358386388927,545,-0.11193405304500588
1980,uva,packing_B,T10,largo,20,G2,3.879688410657426,0.749292821524003,0.80661700096539,True,603,366.5426531779306,64.5101858602213,-0.4214281705326627,24.322309796361164,60,361.8,8.117358386388927,546,0.3582182070787474
1980,uva,packing_B,T10,largo,20,G2,3.879688410657426,0.749292821524003,0.80661700096539,True,603,366.5426531779306,64.5101858602213,-0.4214281705326627,24.322309796361164,60,361.8,8.117358386388927,547,0.08039681868482587
1980,uva,packing_B,T10,largo,20,G2,3.879688410657426,0.749292821524003,0.80661700096539,True,603,366.5426531779306,64.5101858602213,-0.4214281705326627,24.322309796361164,60,361.8,8.117358386388927,548,0.14402533525970504
1980,uva,packing_B,T10,largo,20,G2,3.879688410657426,0.749292821524003,0.80661700096539,True,603,366.5426531779306,64.5101858602213,-0.4214281705326627,24.322309796361164,60,361.8,8.117358386388927,549,0.06488829085749265
1980,uva,packing_B,T10,largo,20,G2,3.879688410657426,0.749292821524003,0.80661700096539,True,603,366.5426531779306,64.5101858602213,-0.4214281705326627,24.322309796361164,60,361.8,8.117358386388927,550,-0.06319851321117169
1980,uva,packing_B,T10,largo,20,G2,3.879688410657426,0.749292821524003,0.80661700096539,True,603,366.5426531779306,64.5101858602213,-0.4214281705326627,24.322309796361164,60,361.8,8.117358386388927,551,-0.27897289139128634
1980,uva,packing_B,T10,largo,20,G2,3.879688410657426,0.749292821524003,0.80661700096539,True,603,366.5426531779306,64.5101858602213,-0.4214281705326627,24.322309796361164,60,361.8,8.117358386388927,552,-0.1247771683469843
1980,uva,packing_B,T10,largo,20,G2,3.879688410657426,0.749292821524003,0.80661700096539,True,603,366.5426531779306,64.5101858602213,-0.4214281705326627,24.322309796361164,60,361.8,8.117358386388927,553,-0.3815506494396518
1980,uva,packing_B,T10,largo,20,G2,3.879688410657426,0.749292821524003,0.80661700096539,True,603,366.5426531779306,64.5101858602213,-0.4214281705326627,24.322309796361164,60,361.8,8.117358386388927,554,-0.3636621424403901
1980,uva,packing_B,T10,largo,20,G2,3.879688410657426,0.749292821524003,0.80661700096539,True,603,366.5426531779306,64.5101858602213,-0.4214281705326627,24.322309796361164,60,361.8,8.117358386388927,555,-0.5355641423455161
1980,uva,packing_B,T10,largo,20,G2,3.879688410657426,0.749292821524003,0.80661700096539,True,603,366.5426531779306,64.5101858602213,-0.4214281705326627,24.322309796361164,60,361.8,8.117358386388927,556,-0.4470709323327159
1980,uva,packing_B,T10,largo,20,G2,3.879688410657426,0.749292821524003,0.80661700096539,True,603,366.5426531779306,64.5101858602213,-0.4214281705326627,24.322309796361164,60,361.8,8.117358386388927,557,-0.6503870756941227
1980,uva,packing_B,T10,largo,20,G2,3.879688410657426,0.749292821524003,0.80661700096539,True,603,366.5426531779306,64.5101858602213,-0.4214281705326627,24.322309796361164,60,361.8,8.117358386388927,558,-0.6938515054332591
1980,uva,packing_B,T10,largo,20,G2,3.879688410657426,0.749292821524003,0.80661700096539,True,603,366.5426531779306,64.5101858602213,-0.4214281705326627,24.322309796361164,60,361.8,8.117358386388927,559,-0.8445909146153168
1980,uva,packing_B,T10,largo,20,G2,3.879688410657426,0.749292821524003,0.80661700096539,True,603,366.5426531779306,64.5101858602213,-0.4214281705326627,24.322309796361164,60,361.8,8.117358386388927,560,-0.7016431685224762
1980,uva,packing_B,T10,largo,20,G2,3.879688410657426,0.749292821524003,0.80661700096539,True,603,366.5426531779306,64.5101858602213,-0.4214281705326627,24.322309796361164,60,361.8,8.117358386388927,561,-0.83034888919044
1980,uva,packing_B,T10,largo,20,G2,3.879688410657426,0.749292821524003,0.80661700096539,True,603,366.5426531779306,64.5101858602213,-0.4214281705326627,24.322309796361164,60,361.8,8.117358386388927,562,-0.8490279022835887
1980,uva,packing_B,T10,largo,20,G2,3.879688410657426,0.749292821524003,0.80661700096539,True,603,366.5426531779306,64.5101858602213,-0.4214281705326627,24.322309796361164,60,361.8,8.117358386388927,563,-0.8523739846800238
1980,uva,packing_B,T10,largo,20,G2,3.879688410657426,0.749292821524003,0.80661700096539,True,603,366.5426531779306,64.5101858602213,-0.4214281705326627,24.322309796361164,60,361.8,8.117358386388927,564,-0.9427240896987225
1980,uva,packing_B,T10,largo,20,G2,3.879688410657426,0.749292821524003,0.80661700096539,True,603,366.5426531779306,64.5101858602213,-0.4214281705326627,24.322309796361164,60,361.8,8.117358386388927,565,-0.7328838266562251
1980,uva,packing_B,T10,largo,20,G2,3.879688410657426,0.749292821524003,0.80661700096539,True,603,366.5426531779306,64.5101858602213,-0.4214281705326627,24.322309796361164,60,361.8,8.117358386388927,566,-0.6844276898916418
1980,uva,packing_B,T10,largo,20,G2,3.879688410657426,0.749292821524003,0.80661700096539,True,603,366.5426531779306,64.5101858602213,-0.4214281705326627,24.322309796361164,60,361.8,8.117358386388927,567,-0.7201858686087754
1980,uva,packing_B,T10,largo,20,G2,3.879688410657426,0.749292821524003,0.80661700096539,True,603,366.5426531779306,64.5101858602213,-0.4214281705326627,24.322309796361164,60,361.8,8.117358386388927,568,-0.5355409869802904
1980,uva,packing_B,T10,largo,20,G2,3.879688410657426,0.749292821524003,0.80661700096539,True,603,366.5426531779306,64.5101858602213,-0.4214281705326627,24.322309796361164,60,361.8,8.117358386388927,569,-0.5854927191161757
1980,uva,packing_B,T10,largo,20,G2,3.879688410657426,0.749292821524003,0.80661700096539,True,603,366.5426531779306,64.5101858602213,-0.4214281705326627,24.322309796361164,60,361.8,8.117358386388927,570,-0.6763001031432876
1980,uva,packing_B,T10,largo,20,G2,3.879688410657426,0.749292821524003,0.80661700096539,True,603,366.5426531779306,64.5101858602213,-0.4214281705326627,24.322309796361164,60,361.8,8.117358386388927,571,-0.21750550547079972
1980,uva,packing_B,T10,largo,20,G2,3.879688410657426,0.749292821524003,0.80661700096539,True,603,366.5426531779306,64.5101858602213,-0.4214281705326627,24.322309796361164,60,361.8,8.117358386388927,572,-0.2950638269215096
1980,uva,packing_B,T10,largo,20,G2,3.879688410657426,0.749292821524003,0.80661700096539,True,603,366.5426531779306,64.5101858602213,-0.4214281705326627,24.322309796361164,60,361.8,8.117358386388927,573,-0.341136615314367
1980,uva,packing_B,T10,largo,20,G2,3.879688410657426,0.749292821524003,0.80661700096539,True,603,366.5426531779306,64.5101858602213,-0.4214281705326627,24.322309796361164,60,361.8,8.117358386388927,574,-0.1537515970035567
1980,uva,packing_B,T10,largo,20,G2,3.879688410657426,0.749292821524003,0.80661700096539,True,603,366.5426531779306,64.5101858602213,-0.4214281705326627,24.322309796361164,60,361.8,8.117358386388927,575,-0.07087525469195106
1980,uva,packing_B,T10,largo,20,G2,3.879688410657426,0.749292821524003,0.80661700096539,True,603,366.5426531779306,64.5101858602213,-0.4214281705326627,24.322309796361164,60,361.8,8.117358386388927,576,0.0018250161176353516
1980,uva,packing_B,T10,largo,20,G2,3.879688410657426,0.749292821524003,0.80661700096539,True,603,366.5426531779306,64.5101858602213,-0.4214281705326627,24.322309796361164,60,361.8,8.117358386388927,577,0.10562456011131233
1980,uva,packing_B,T10,largo,20,G2,3.879688410657426,0.749292821524003,0.80661700096539,True,603,366.5426531779306,64.5101858602213,-0.4214281705326627,24.322309796361164,60,361.8,8.117358386388927,578,0.2258306857844398
1980,uva,packing_B,T10,largo,20,G2,3.879688410657426,0.749292821524003,0.80661700096539,True,603,366.5426531779306,64.5101858602213,-0.4214281705326627,24.322309796361164,60,361.8,8.117358386388927,579,-0.12218056274277139
1980,uva,packing_B,T10,largo,20,G2,3.879688410657426,0.749292821524003,0.80661700096539,True,603,366.5426531779306,64.5101858602213,-0.4214281705326627,24.322309796361164,60,361.8,8.117358386388927,580,0.07479056026512634
1980,uva,packing_B,T10,largo,20,G2,3.879688410657426,0.749292821524003,0.80661700096539,True,603,366.5426531779306,64.5101858602213,-0.4214281705326627,24.322309796361164,60,361.8,8.117358386388927,581,0.07711169471308446
1980,uva,packing_B,T10,largo,20,G2,3.879688410657426,0.749292821524003,0.80661700096539,True,603,366.5426531779306,64.5101858602213,-0.4214281705326627,24.322309796361164,60,361.8,8.117358386388927,582,-0.1190392705382587
1980,uva,packing_B,T10,largo,20,G2,3.879688410657426,0.749292821524003,0.80661700096539,True,603,366.5426531779306,64.5101858602213,-0.4214281705326627,24.322309796361164,60,361.8,8.117358386388927,583,-0.08394688269167588
1980,uva,packing_B,T10,largo,20,G2,3.879688410657426,0.749292821524003,0.80661700096539,True,603,366.5426531779306,64.5101858602213,-0.4214281705326627,24.322309796361164,60,361.8,8.117358386388927,584,-0.2526419073179176
1980,uva,packing_B,T10,largo,20,G2,3.879688410657426,0.749292821524003,0.80661700096539,True,603,366.5426531779306,64.5101858602213,-0.4214281705326627,24.322309796361164,60,361.8,8.117358386388927,585,-0.2859239898222887
1980,uva,packing_B,T10,largo,20,G2,3.879688410657426,0.749292821524003,0.80661700096539,True,603,366.5426531779306,64.5101858602213,-0.4214281705326627,24.322309796361164,60,361.8,8.117358386388927,586,-0.5132067431185129
1980,uva,packing_B,T10,largo,20,G2,3.879688410657426,0.749292821524003,0.80661700096539,True,603,366.5426531779306,64.5101858602213,-0.4214281705326627,24.322309796361164,60,361.8,8.117358386388927,587,-0.7350504807826778
1980,uva,packing_B,T10,largo,20,G2,3.879688410657426,0.749292821524003,0.80661700096539,True,603,366.5426531779306,64.5101858602213,-0.4214281705326627,24.322309796361164,60,361.8,8.117358386388927,588,-0.6723084160503029
1980,uva,packing_B,T10,largo,20,G2,3.879688410657426,0.749292821524003,0.80661700096539,True,603,366.5426531779306,64.5101858602213,-0.4214281705326627,24.322309796361164,60,361.8,8.117358386388927,589,-0.9349206033849792
1980,uva,packing_B,T10,largo,20,G2,3.879688410657426,0.749292821524003,0.80661700096539,True,603,366.5426531779306,64.5101858602213,-0.4214281705326627,24.322309796361164,60,361.8,8.117358386388927,590,-0.9857827022656804
1980,uva,packing_B,T10,largo,20,G2,3.879688410657426,0.749292821524003,0.80661700096539,True,603,366.5426531779306,64.5101858602213,-0.4214281705326627,24.322309796361164,60,361.8,8.117358386388927,591,-0.8775494263079642
1980,uva,packing_B,T10,largo,20,G2,3.879688410657426,0.749292821524003,0.80661700096539,True,603,366.5426531779306,64.5101858602213,-0.4214281705326627,24.322309796361164,60,361.8,8.117358386388927,592,-0.9113924569061834
1980,uva,packing_B,T10,largo,20,G2,3.879688410657426,0.749292821524003,0.80661700096539,True,603,366.5426531779306,64.5101858602213,-0.4214281705326627,24.322309796361164,60,361.8,8.117358386388927,593,-0.792838266057319
1980,uva,packing_B,T10,largo,20,G2,3.879688410657426,0.749292821524003,0.80661700096539,True,603,366.5426531779306,64.5101858602213,-0.4214281705326627,24.322309796361164,60,361.8,8.117358386388927,594,-0.9346624788263556
1980,uva,packing_B,T10,largo,20,G2,3.879688410657426,0.749292821524003,0.80661700096539,True,603,366.5426531779306,64.5101858602213,-0.4214281705326627,24.322309796361164,60,361.8,8.117358386388927,595,-0.8766645468018688
1980,uva,packing_B,T10,largo,20,G2,3.879688410657426,0.749292821524003,0.80661700096539,True,603,366.5426531779306,64.5101858602213,-0.4214281705326627,24.322309796361164,60,361.8,8.117358386388927,596,-0.7665659131368796
1980,uva,packing_B,T10,largo,20,G2,3.879688410657426,0.749292821524003,0.80661700096539,True,603,366.5426531779306,64.5101858602213,-0.4214281705326627,24.322309796361164,60,361.8,8.117358386388927,597,-0.8266886880322545
1980,uva,packing_B,T10,largo,20,G2,3.879688410657426,0.749292821524003,0.80661700096539,True,603,366.5426531779306,64.5101858602213,-0.4214281705326627,24.322309796361164,60,361.8,8.117358386388927,598,-0.7643877031095097
1980,uva,packing_B,T10,largo,20,G2,3.879688410657426,0.749292821524003,0.80661700096539,True,603,366.5426531779306,64.5101858602213,-0.4214281705326627,24.322309796361164,60,361.8,8.117358386388927,599,-0.5212634456442714
1980,uva,packing_B,T10,largo,20,G2,3.879688410657426,0.749292821524003,0.80661700096539,True,603,366.5426531779306,64.5101858602213,-0.4214281705326627,24.322309796361164,60,361.8,8.117358386388927,600,-0.2995369865837265
1980,uva,packing_B,T10,largo,20,G2,3.879688410657426,0.749292821524003,0.80661700096539,True,603,366.5426531779306,64.5101858602213,-0.4214281705326627,24.322309796361164,60,361.8,8.117358386388927,601,-0.3221998834364872
1980,uva,packing_B,T10,largo,20,G2,3.879688410657426,0.749292821524003,0.80661700096539,True,603,366.5426531779306,64.5101858602213,-0.4214281705326627,24.322309796361164,60,361.8,8.117358386388927,602,-0.140893183206731
