proceso_id,epoca,packing,tunel,tipo_tunel,iteracion,mass_group,masa_ton,ocupabilidad,caudal_factor,anomalia_duracion,duracion_min,duracion_esperada_min,delta_duracion_pct,setpoint,T0,pct_transitorio,t_trans_min,overshoot_pct,tiempo_min,temperatura
1460,uva,packing_A,T07,largo,20,G2,4.2322594991249565,0.689683618438553,1.1875352141055875,True,441,269.8880605399796,63.401077883055464,-0.3573600066238057,24.531033384742233,60,264.6,10.307865044827672,0,24.590374388607213
1460,uva,packing_A,T07,largo,20,G2,4.2322594991249565,0.689683618438553,1.1875352141055875,True,441,269.8880605399796,63.401077883055464,-0.3573600066238057,24.531033384742233,60,264.6,10.307865044827672,1,24.18848901173956
1460,uva,packing_A,T07,largo,20,G2,4.2322594991249565,0.689683618438553,1.1875352141055875,True,441,269.8880605399796,63.401077883055464,-0.3573600066238057,24.531033384742233,60,264.6,10.307865044827672,2,24.18117686256081
1460,uva,packing_A,T07,largo,20,G2,4.2322594991249565,0.689683618438553,1.1875352141055875,True,441,269.8880605399796,63.401077883055464,-0.3573600066238057,24.531033384742233,60,264.6,10.307865044827672,3,23.894073246503392
1460,uva,packing_A,T07,largo,20,G2,4.2322594991249565,0.689683618438553,1.1875352141055875,True,441,269.8880605399796,63.401077883055464,-0.3573600066238057,24.531033384742233,60,264.6,10.307865044827672,4,23.495591011607747
1460,uva,packing_A,T07,largo,20,G2,4.2322594991249565,0.689683618438553,1.1875352141055875,True,441,269.8880605399796,63.401077883055464,-0.3573600066238057,24.531033384742233,60,264.6,10.307865044827672,5,23.316770900159188
1460,uva,packing_A,T07,largo,20,G2,4.2322594991249565,0.689683618438553,1.1875352141055875,True,441,269.8880605399796,63.401077883055464,-0.3573600066238057,24.531033384742233,60,264.6,10.307865044827672,6,22.925319994408994
1460,uva,packing_A,T07,largo,20,G2,4.2322594991249565,0.689683618438553,1.1875352141055875,True,441,269.8880605399796,63.401077883055464,-0.3573600066238057,24.531033384742233,60,264.6,10.307865044827672,7,22.814658291607596
1460,uva,packing_A,T07,largo,20,G2,4.2322594991249565,0.689683618438553,1.1875352141055875,True,441,269.8880605399796,63.401077883055464,-0.3573600066238057,24.531033384742233,60,264.6,10.307865044827672,8,22.60067487540259
1460,uva,packing_A,T07,largo,20,G2,4.2322594991249565,0.689683618438553,1.1875352141055875,True,441,269.8880605399796,63.401077883055464,-0.3573600066238057,24.531033384742233,60,264.6,10.307865044827672,9,22.444984406694815
1460,uva,packing_A,T07,largo,20,G2,4.2322594991249565,0.689683618438553,1.1875352141055875,True,441,269.8880605399796,63.401077883055464,-0.3573600066238057,24.531033384742233,60,264.6,10.307865044827672,10,21.911327690915808
1460,uva,packing_A,T07,largo,20,G2,4.2322594991249565,0.689683618438553,1.1875352141055875,True,441,269.8880605399796,63.401077883055464,-0.3573600066238057,24.531033384742233,60,264.6,10.307865044827672,11,21.745747389025023
1460,uva,packing_A,T07,largo,20,G2,4.2322594991249565,0.689683618438553,1.1875352141055875,True,441,269.8880605399796,63.401077883055464,-0.3573600066238057,24.531033384742233,60,264.6,10.307865044827672,12,21.475310176192085
1460,uva,packing_A,T07,largo,20,G2,4.2322594991249565,0.689683618438553,1.1875352141055875,True,441,269.8880605399796,63.401077883055464,-0.3573600066238057,24.531033384742233,60,264.6,10.307865044827672,13,21.159576428229414
1460,uva,packing_A,T07,largo,20,G2,4.2322594991249565,0.689683618438553,1.1875352141055875,True,441,269.8880605399796,63.401077883055464,-0.3573600066238057,24.531033384742233,60,264.6,10.307865044827672,14,20.758924827363597
1460,uva,packing_A,T07,largo,20,G2,4.2322594991249565,0.689683618438553,1.1875352141055875,True,441,269.8880605399796,63.401077883055464,-0.3573600066238057,24.531033384742233,60,264.6,10.307865044827672,15,20.70452615573656
1460,uva,packing_A,T07,largo,20,G2,4.2322594991249565,0.689683618438553,1.1875352141055875,True,441,269.8880605399796,63.401077883055464,-0.3573600066238057,24.531033384742233,60,264.6,10.307865044827672,16,20.276055913018414
1460,uva,packing_A,T07,largo,20,G2,4.2322594991249565,0.689683618438553,1.1875352141055875,True,441,269.8880605399796,63.401077883055464,-0.3573600066238057,24.531033384742233,60,264.6,10.307865044827672,17,20.160484508361563
1460,uva,packing_A,T07,largo,20,G2,4.2322594991249565,0.689683618438553,1.1875352141055875,True,441,269.8880605399796,63.401077883055464,-0.3573600066238057,24.531033384742233,60,264.6,10.307865044827672,18,19.472514334423337
1460,uva,packing_A,T07,largo,20,G2,4.2322594991249565,0.689683618438553,1.1875352141055875,True,441,269.8880605399796,63.401077883055464,-0.3573600066238057,24.531033384742233,60,264.6,10.307865044827672,19,19.4271104455533
1460,uva,packing_A,T07,largo,20,G2,4.2322594991249565,0.689683618438553,1.1875352141055875,True,441,269.8880605399796,63.401077883055464,-0.3573600066238057,24.531033384742233,60,264.6,10.307865044827672,20,19.140722003076398
1460,uva,packing_A,T07,largo,20,G2,4.2322594991249565,0.689683618438553,1.1875352141055875,True,441,269.8880605399796,63.401077883055464,-0.3573600066238057,24.531033384742233,60,264.6,10.307865044827672,21,18.75780274880661
1460,uva,packing_A,T07,largo,20,G2,4.2322594991249565,0.689683618438553,1.1875352141055875,True,441,269.8880605399796,63.401077883055464,-0.3573600066238057,24.531033384742233,60,264.6,10.307865044827672,22,18.562705718460325
1460,uva,packing_A,T07,largo,20,G2,4.2322594991249565,0.689683618438553,1.1875352141055875,True,441,269.8880605399796,63.401077883055464,-0.3573600066238057,24.531033384742233,60,264.6,10.307865044827672,23,17.982940115555802
1460,uva,packing_A,T07,largo,20,G2,4.2322594991249565,0.689683618438553,1.1875352141055875,True,441,269.8880605399796,63.401077883055464,-0.3573600066238057,24.531033384742233,60,264.6,10.307865044827672,24,17.809838267046604
1460,uva,packing_A,T07,largo,20,G2,4.2322594991249565,0.689683618438553,1.1875352141055875,True,441,269.8880605399796,63.401077883055464,-0.3573600066238057,24.531033384742233,60,264.6,10.307865044827672,25,17.465230255668345
1460,uva,packing_A,T07,largo,20,G2,4.2322594991249565,0.689683618438553,1.1875352141055875,True,441,269.8880605399796,63.401077883055464,-0.3573600066238057,24.531033384742233,60,264.6,10.307865044827672,26,17.296947569829925
1460,uva,packing_A,T07,largo,20,G2,4.2322594991249565,0.689683618438553,1.1875352141055875,True,441,269.8880605399796,63.401077883055464,-0.3573600066238057,24.531033384742233,60,264.6,10.307865044827672,27,17.018851233271185
1460,uva,packing_A,T07,largo,20,G2,4.2322594991249565,0.689683618438553,1.1875352141055875,True,441,269.8880605399796,63.401077883055464,-0.3573600066238057,24.531033384742233,60,264.6,10.307865044827672,28,16.23385755939628
1460,uva,packing_A,T07,largo,20,G2,4.2322594991249565,0.689683618438553,1.1875352141055875,True,441,269.8880605399796,63.401077883055464,-0.3573600066238057,24.531033384742233,60,264.6,10.307865044827672,29,16.02083604386665
1460,uva,packing_A,T07,largo,20,G2,4.2322594991249565,0.689683618438553,1.1875352141055875,True,441,269.8880605399796,63.401077883055464,-0.3573600066238057,24.531033384742233,60,264.6,10.307865044827672,30,15.799491389553307
1460,uva,packing_A,T07,largo,20,G2,4.2322594991249565,0.689683618438553,1.1875352141055875,True,441,269.8880605399796,63.401077883055464,-0.3573600066238057,24.531033384742233,60,264.6,10.307865044827672,31,15.5671374365799
1460,uva,packing_A,T07,largo,20,G2,4.2322594991249565,0.689683618438553,1.1875352141055875,True,441,269.8880605399796,63.401077883055464,-0.3573600066238057,24.531033384742233,60,264.6,10.307865044827672,32,15.19585835881075
1460,uva,packing_A,T07,largo,20,G2,4.2322594991249565,0.689683618438553,1.1875352141055875,True,441,269.8880605399796,63.401077883055464,-0.3573600066238057,24.531033384742233,60,264.6,10.307865044827672,33,14.846006221896745
1460,uva,packing_A,T07,largo,20,G2,4.2322594991249565,0.689683618438553,1.1875352141055875,True,441,269.8880605399796,63.401077883055464,-0.3573600066238057,24.531033384742233,60,264.6,10.307865044827672,34,14.593864725121174
1460,uva,packing_A,T07,largo,20,G2,4.2322594991249565,0.689683618438553,1.1875352141055875,True,441,269.8880605399796,63.401077883055464,-0.3573600066238057,24.531033384742233,60,264.6,10.307865044827672,35,14.257014916522694
1460,uva,packing_A,T07,largo,20,G2,4.2322594991249565,0.689683618438553,1.1875352141055875,True,441,269.8880605399796,63.401077883055464,-0.3573600066238057,24.531033384742233,60,264.6,10.307865044827672,36,13.912832630869028
1460,uva,packing_A,T07,largo,20,G2,4.2322594991249565,0.689683618438553,1.1875352141055875,True,441,269.8880605399796,63.401077883055464,-0.3573600066238057,24.531033384742233,60,264.6,10.307865044827672,37,13.748675442997648
1460,uva,packing_A,T07,largo,20,G2,4.2322594991249565,0.689683618438553,1.1875352141055875,True,441,269.8880605399796,63.401077883055464,-0.3573600066238057,24.531033384742233,60,264.6,10.307865044827672,38,13.305150928569669
1460,uva,packing_A,T07,largo,20,G2,4.2322594991249565,0.689683618438553,1.1875352141055875,True,441,269.8880605399796,63.401077883055464,-0.3573600066238057,24.531033384742233,60,264.6,10.307865044827672,39,12.863252536400585
1460,uva,packing_A,T07,largo,20,G2,4.2322594991249565,0.689683618438553,1.1875352141055875,True,441,269.8880605399796,63.401077883055464,-0.3573600066238057,24.531033384742233,60,264.6,10.307865044827672,40,12.360708918487846
1460,uva,packing_A,T07,largo,20,G2,4.2322594991249565,0.689683618438553,1.1875352141055875,True,441,269.8880605399796,63.401077883055464,-0.3573600066238057,24.531033384742233,60,264.6,10.307865044827672,41,12.343888335712867
1460,uva,packing_A,T07,largo,20,G2,4.2322594991249565,0.689683618438553,1.1875352141055875,True,441,269.8880605399796,63.401077883055464,-0.3573600066238057,24.531033384742233,60,264.6,10.307865044827672,42,11.912565962632275
1460,uva,packing_A,T07,largo,20,G2,4.2322594991249565,0.689683618438553,1.1875352141055875,True,441,269.8880605399796,63.401077883055464,-0.3573600066238057,24.531033384742233,60,264.6,10.307865044827672,43,11.624203604276284
1460,uva,packing_A,T07,largo,20,G2,4.2322594991249565,0.689683618438553,1.1875352141055875,True,441,269.8880605399796,63.401077883055464,-0.3573600066238057,24.531033384742233,60,264.6,10.307865044827672,44,11.18826100705249
1460,uva,packing_A,T07,largo,20,G2,4.2322594991249565,0.689683618438553,1.1875352141055875,True,441,269.8880605399796,63.401077883055464,-0.3573600066238057,24.531033384742233,60,264.6,10.307865044827672,45,11.083074436256718
1460,uva,packing_A,T07,largo,20,G2,4.2322594991249565,0.689683618438553,1.1875352141055875,True,441,269.8880605399796,63.401077883055464,-0.3573600066238057,24.531033384742233,60,264.6,10.307865044827672,46,10.613301714651339
1460,uva,packing_A,T07,largo,20,G2,4.2322594991249565,0.689683618438553,1.1875352141055875,True,441,269.8880605399796,63.401077883055464,-0.3573600066238057,24.531033384742233,60,264.6,10.307865044827672,47,10.297797171599695
1460,uva,packing_A,T07,largo,20,G2,4.2322594991249565,0.689683618438553,1.1875352141055875,True,441,269.8880605399796,63.401077883055464,-0.3573600066238057,24.531033384742233,60,264.6,10.307865044827672,48,9.899136908597995
1460,uva,packing_A,T07,largo,20,G2,4.2322594991249565,0.689683618438553,1.1875352141055875,True,441,269.8880605399796,63.401077883055464,-0.3573600066238057,24.531033384742233,60,264.6,10.307865044827672,49,9.658763602157636
1460,uva,packing_A,T07,largo,20,G2,4.2322594991249565,0.689683618438553,1.1875352141055875,True,441,269.8880605399796,63.401077883055464,-0.3573600066238057,24.531033384742233,60,264.6,10.307865044827672,50,9.404548896965997
1460,uva,packing_A,T07,largo,20,G2,4.2322594991249565,0.689683618438553,1.1875352141055875,True,441,269.8880605399796,63.401077883055464,-0.3573600066238057,24.531033384742233,60,264.6,10.307865044827672,51,8.979844985355655
1460,uva,packing_A,T07,largo,20,G2,4.2322594991249565,0.689683618438553,1.1875352141055875,True,441,269.8880605399796,63.401077883055464,-0.3573600066238057,24.531033384742233,60,264.6,10.307865044827672,52,8.711053897377738
1460,uva,packing_A,T07,largo,20,G2,4.2322594991249565,0.689683618438553,1.1875352141055875,True,441,269.8880605399796,63.401077883055464,-0.3573600066238057,24.531033384742233,60,264.6,10.307865044827672,53,8.40996523219207
1460,uva,packing_A,T07,largo,20,G2,4.2322594991249565,0.689683618438553,1.1875352141055875,True,441,269.8880605399796,63.401077883055464,-0.3573600066238057,24.531033384742233,60,264.6,10.307865044827672,54,8.066744246074157
1460,uva,packing_A,T07,largo,20,G2,4.2322594991249565,0.689683618438553,1.1875352141055875,True,441,269.8880605399796,63.401077883055464,-0.3573600066238057,24.531033384742233,60,264.6,10.307865044827672,55,7.807538861288979
1460,uva,packing_A,T07,largo,20,G2,4.2322594991249565,0.689683618438553,1.1875352141055875,True,441,269.8880605399796,63.401077883055464,-0.3573600066238057,24.531033384742233,60,264.6,10.307865044827672,56,7.34072359489983
1460,uva,packing_A,T07,largo,20,G2,4.2322594991249565,0.689683618438553,1.1875352141055875,True,441,269.8880605399796,63.401077883055464,-0.3573600066238057,24.531033384742233,60,264.6,10.307865044827672,57,7.047957020160037
1460,uva,packing_A,T07,largo,20,G2,4.2322594991249565,0.689683618438553,1.1875352141055875,True,441,269.8880605399796,63.401077883055464,-0.3573600066238057,24.531033384742233,60,264.6,10.307865044827672,58,6.9028076867339205
1460,uva,packing_A,T07,largo,20,G2,4.2322594991249565,0.689683618438553,1.1875352141055875,True,441,269.8880605399796,63.401077883055464,-0.3573600066238057,24.531033384742233,60,264.6,10.307865044827672,59,6.622564367046113
1460,uva,packing_A,T07,largo,20,G2,4.2322594991249565,0.689683618438553,1.1875352141055875,True,441,269.8880605399796,63.401077883055464,-0.3573600066238057,24.531033384742233,60,264.6,10.307865044827672,60,6.253562228334262
1460,uva,packing_A,T07,largo,20,G2,4.2322594991249565,0.689683618438553,1.1875352141055875,True,441,269.8880605399796,63.401077883055464,-0.3573600066238057,24.531033384742233,60,264.6,10.307865044827672,61,5.9829189865008
1460,uva,packing_A,T07,largo,20,G2,4.2322594991249565,0.689683618438553,1.1875352141055875,True,441,269.8880605399796,63.401077883055464,-0.3573600066238057,24.531033384742233,60,264.6,10.307865044827672,62,5.527481089134945
1460,uva,packing_A,T07,largo,20,G2,4.2322594991249565,0.689683618438553,1.1875352141055875,True,441,269.8880605399796,63.401077883055464,-0.3573600066238057,24.531033384742233,60,264.6,10.307865044827672,63,5.418429276007908
1460,uva,packing_A,T07,largo,20,G2,4.2322594991249565,0.689683618438553,1.1875352141055875,True,441,269.8880605399796,63.401077883055464,-0.3573600066238057,24.531033384742233,60,264.6,10.307865044827672,64,4.992871438941729
1460,uva,packing_A,T07,largo,20,G2,4.2322594991249565,0.689683618438553,1.1875352141055875,True,441,269.8880605399796,63.401077883055464,-0.3573600066238057,24.531033384742233,60,264.6,10.307865044827672,65,4.818178692938087
1460,uva,packing_A,T07,largo,20,G2,4.2322594991249565,0.689683618438553,1.1875352141055875,True,441,269.8880605399796,63.401077883055464,-0.3573600066238057,24.531033384742233,60,264.6,10.307865044827672,66,4.642807720204561
1460,uva,packing_A,T07,largo,20,G2,4.2322594991249565,0.689683618438553,1.1875352141055875,True,441,269.8880605399796,63.401077883055464,-0.3573600066238057,24.531033384742233,60,264.6,10.307865044827672,67,4.031038903631964
1460,uva,packing_A,T07,largo,20,G2,4.2322594991249565,0.689683618438553,1.1875352141055875,True,441,269.8880605399796,63.401077883055464,-0.3573600066238057,24.531033384742233,60,264.6,10.307865044827672,68,3.8139698245518754
1460,uva,packing_A,T07,largo,20,G2,4.2322594991249565,0.689683618438553,1.1875352141055875,True,441,269.8880605399796,63.401077883055464,-0.3573600066238057,24.531033384742233,60,264.6,10.307865044827672,69,3.7048536111673025
1460,uva,packing_A,T07,largo,20,G2,4.2322594991249565,0.689683618438553,1.1875352141055875,True,441,269.8880605399796,63.401077883055464,-0.3573600066238057,24.531033384742233,60,264.6,10.307865044827672,70,3.365238649194508
1460,uva,packing_A,T07,largo,20,G2,4.2322594991249565,0.689683618438553,1.1875352141055875,True,441,269.8880605399796,63.401077883055464,-0.3573600066238057,24.531033384742233,60,264.6,10.307865044827672,71,3.1364264731705096
1460,uva,packing_A,T07,largo,20,G2,4.2322594991249565,0.689683618438553,1.1875352141055875,True,441,269.8880605399796,63.401077883055464,-0.3573600066238057,24.531033384742233,60,264.6,10.307865044827672,72,2.8584428959257653
1460,uva,packing_A,T07,largo,20,G2,4.2322594991249565,0.689683618438553,1.1875352141055875,True,441,269.8880605399796,63.401077883055464,-0.3573600066238057,24.531033384742233,60,264.6,10.307865044827672,73,2.511873292889684
1460,uva,packing_A,T07,largo,20,G2,4.2322594991249565,0.689683618438553,1.1875352141055875,True,441,269.8880605399796,63.401077883055464,-0.3573600066238057,24.531033384742233,60,264.6,10.307865044827672,74,2.13372836911923
1460,uva,packing_A,T07,largo,20,G2,4.2322594991249565,0.689683618438553,1.1875352141055875,True,441,269.8880605399796,63.401077883055464,-0.3573600066238057,24.531033384742233,60,264.6,10.307865044827672,75,2.020368559653475
1460,uva,packing_A,T07,largo,20,G2,4.2322594991249565,0.689683618438553,1.1875352141055875,True,441,269.8880605399796,63.401077883055464,-0.3573600066238057,24.531033384742233,60,264.6,10.307865044827672,76,1.7854286055339221
1460,uva,packing_A,T07,largo,20,G2,4.2322594991249565,0.689683618438553,1.1875352141055875,True,441,269.8880605399796,63.401077883055464,-0.3573600066238057,24.531033384742233,60,264.6,10.307865044827672,77,1.3655675705575414
1460,uva,packing_A,T07,largo,20,G2,4.2322594991249565,0.689683618438553,1.1875352141055875,True,441,269.8880605399796,63.401077883055464,-0.3573600066238057,24.531033384742233,60,264.6,10.307865044827672,78,1.097620177111383
1460,uva,packing_A,T07,largo,20,G2,4.2322594991249565,0.689683618438553,1.1875352141055875,True,441,269.8880605399796,63.401077883055464,-0.3573600066238057,24.531033384742233,60,264.6,10.307865044827672,79,1.1654154345645324
1460,uva,packing_A,T07,largo,20,G2,4.2322594991249565,0.689683618438553,1.1875352141055875,True,441,269.8880605399796,63.401077883055464,-0.3573600066238057,24.531033384742233,60,264.6,10.307865044827672,80,0.8045332686318161
1460,uva,packing_A,T07,largo,20,G2,4.2322594991249565,0.689683618438553,1.1875352141055875,True,441,269.8880605399796,63.401077883055464,-0.3573600066238057,24.531033384742233,60,264.6,10.307865044827672,81,0.4252736655262678
1460,uva,packing_A,T07,largo,20,G2,4.2322594991249565,0.689683618438553,1.1875352141055875,True,441,269.8880605399796,63.401077883055464,-0.3573600066238057,24.531033384742233,60,264.6,10.307865044827672,82,0.0842960693556479
1460,uva,packing_A,T07,largo,20,G2,4.2322594991249565,0.689683618438553,1.1875352141055875,True,441,269.8880605399796,63.401077883055464,-0.3573600066238057,24.531033384742233,60,264.6,10.307865044827672,83,-0.037465420558966234
1460,uva,packing_A,T07,largo,20,G2,4.2322594991249565,0.689683618438553,1.1875352141055875,True,441,269.8880605399796,63.401077883055464,-0.3573600066238057,24.531033384742233,60,264.6,10.307865044827672,84,-0.17556586357632575
1460,uva,packing_A,T07,largo,20,G2,4.2322594991249565,0.689683618438553,1.1875352141055875,True,441,269.8880605399796,63.401077883055464,-0.3573600066238057,24.531033384742233,60,264.6,10.307865044827672,85,-0.22483265150017562
1460,uva,packing_A,T07,largo,20,G2,4.2322594991249565,0.689683618438553,1.1875352141055875,True,441,269.8880605399796,63.401077883055464,-0.3573600066238057,24.531033384742233,60,264.6,10.307865044827672,86,-0.7102859502188412
1460,uva,packing_A,T07,largo,20,G2,4.2322594991249565,0.689683618438553,1.1875352141055875,True,441,269.8880605399796,63.401077883055464,-0.3573600066238057,24.531033384742233,60,264.6,10.307865044827672,87,-0.8812515458182495
1460,uva,packing_A,T07,largo,20,G2,4.2322594991249565,0.689683618438553,1.1875352141055875,True,441,269.8880605399796,63.401077883055464,-0.3573600066238057,24.531033384742233,60,264.6,10.307865044827672,88,-1.0020163010877692
1460,uva,packing_A,T07,largo,20,G2,4.2322594991249565,0.689683618438553,1.1875352141055875,True,441,269.8880605399796,63.401077883055464,-0.3573600066238057,24.531033384742233,60,264.6,10.307865044827672,89,-1.2760203970647064
1460,uva,packing_A,T07,largo,20,G2,4.2322594991249565,0.689683618438553,1.1875352141055875,True,441,269.8880605399796,63.401077883055464,-0.3573600066238057,24.531033384742233,60,264.6,10.307865044827672,90,-1.4705951913668722
1460,uva,packing_A,T07,largo,20,G2,4.2322594991249565,0.689683618438553,1.1875352141055875,True,441,269.8880605399796,63.401077883055464,-0.3573600066238057,24.531033384742233,60,264.6,10.307865044827672,91,-1.811578148025626
1460,uva,packing_A,T07,largo,20,G2,4.2322594991249565,0.689683618438553,1.1875352141055875,True,441,269.8880605399796,63.401077883055464,-0.3573600066238057,24.531033384742233,60,264.6,10.307865044827672,92,-1.7675912689186708
1460,uva,packing_A,T07,largo,20,G2,4.2322594991249565,0.689683618438553,1.1875352141055875,True,441,269.8880605399796,63.401077883055464,-0.3573600066238057,24.531033384742233,60,264.6,10.307865044827672,93,-2.1007349147439824
1460,uva,packing_A,T07,largo,20,G2,4.2322594991249565,0.689683618438553,1.1875352141055875,True,441,269.8880605399796,63.401077883055464,-0.3573600066238057,24.531033384742233,60,264.6,10.307865044827672,94,-2.6042931362417514
1460,uva,packing_A,T07,largo,20,G2,4.2322594991249565,0.689683618438553,1.1875352141055875,True,441,269.8880605399796,63.401077883055464,-0.3573600066238057,24.531033384742233,60,264.6,10.307865044827672,95,-2.43305327515148
1460,uva,packing_A,T07,largo,20,G2,4.2322594991249565,0.689683618438553,1.1875352141055875,True,441,269.8880605399796,63.401077883055464,-0.3573600066238057,24.531033384742233,60,264.6,10.307865044827672,96,-2.8216904714831
1460,uva,packing_A,T07,largo,20,G2,4.2322594991249565,0.689683618438553,1.1875352141055875,True,441,269.8880605399796,63.401077883055464,-0.3573600066238057,24.531033384742233,60,264.6,10.307865044827672,97,-3.0694450617422593
1460,uva,packing_A,T07,largo,20,G2,4.2322594991249565,0.689683618438553,1.1875352141055875,True,441,269.8880605399796,63.401077883055464,-0.3573600066238057,24.531033384742233,60,264.6,10.307865044827672,98,-3.1230906685630853
1460,uva,packing_A,T07,largo,20,G2,4.2322594991249565,0.689683618438553,1.1875352141055875,True,441,269.8880605399796,63.401077883055464,-0.3573600066238057,24.531033384742233,60,264.6,10.307865044827672,99,-3.2915733818646826
1460,uva,packing_A,T07,largo,20,G2,4.2322594991249565,0.689683618438553,1.1875352141055875,True,441,269.8880605399796,63.401077883055464,-0.3573600066238057,24.531033384742233,60,264.6,10.307865044827672,100,-3.369816709989738
1460,uva,packing_A,T07,largo,20,G2,4.2322594991249565,0.689683618438553,1.1875352141055875,True,441,269.8880605399796,63.401077883055464,-0.3573600066238057,24.531033384742233,60,264.6,10.307865044827672,101,-3.6774399136191587
1460,uva,packing_A,T07,largo,20,G2,4.2322594991249565,0.689683618438553,1.1875352141055875,True,441,269.8880605399796,63.401077883055464,-0.3573600066238057,24.531033384742233,60,264.6,10.307865044827672,102,-3.7539506185243567
1460,uva,packing_A,T07,largo,20,G2,4.2322594991249565,0.689683618438553,1.1875352141055875,True,441,269.8880605399796,63.401077883055464,-0.3573600066238057,24.531033384742233,60,264.6,10.307865044827672,103,-3.8269760123416288
1460,uva,packing_A,T07,largo,20,G2,4.2322594991249565,0.689683618438553,1.1875352141055875,True,441,269.8880605399796,63.401077883055464,-0.3573600066238057,24.531033384742233,60,264.6,10.307865044827672,104,-4.1604610352498606
1460,uva,packing_A,T07,largo,20,G2,4.2322594991249565,0.689683618438553,1.1875352141055875,True,441,269.8880605399796,63.401077883055464,-0.3573600066238057,24.531033384742233,60,264.6,10.307865044827672,105,-4.168997602796786
1460,uva,packing_A,T07,largo,20,G2,4.2322594991249565,0.689683618438553,1.1875352141055875,True,441,269.8880605399796,63.401077883055464,-0.3573600066238057,24.531033384742233,60,264.6,10.307865044827672,106,-4.337875678243925
1460,uva,packing_A,T07,largo,20,G2,4.2322594991249565,0.689683618438553,1.1875352141055875,True,441,269.8880605399796,63.401077883055464,-0.3573600066238057,24.531033384742233,60,264.6,10.307865044827672,107,-4.375170877567703
1460,uva,packing_A,T07,largo,20,G2,4.2322594991249565,0.689683618438553,1.1875352141055875,True,441,269.8880605399796,63.401077883055464,-0.3573600066238057,24.531033384742233,60,264.6,10.307865044827672,108,-4.5615875940696
1460,uva,packing_A,T07,largo,20,G2,4.2322594991249565,0.689683618438553,1.1875352141055875,True,441,269.8880605399796,63.401077883055464,-0.3573600066238057,24.531033384742233,60,264.6,10.307865044827672,109,-4.808635753299503
1460,uva,packing_A,T07,largo,20,G2,4.2322594991249565,0.689683618438553,1.1875352141055875,True,441,269.8880605399796,63.401077883055464,-0.3573600066238057,24.531033384742233,60,264.6,10.307865044827672,110,-4.957618999266019
1460,uva,packing_A,T07,largo,20,G2,4.2322594991249565,0.689683618438553,1.1875352141055875,True,441,269.8880605399796,63.401077883055464,-0.3573600066238057,24.531033384742233,60,264.6,10.307865044827672,111,-5.192285520370372
1460,uva,packing_A,T07,largo,20,G2,4.2322594991249565,0.689683618438553,1.1875352141055875,True,441,269.8880605399796,63.401077883055464,-0.3573600066238057,24.531033384742233,60,264.6,10.307865044827672,112,-5.3253656409116585
1460,uva,packing_A,T07,largo,20,G2,4.2322594991249565,0.689683618438553,1.1875352141055875,True,441,269.8880605399796,63.401077883055464,-0.3573600066238057,24.531033384742233,60,264.6,10.307865044827672,113,-5.388193764398924
1460,uva,packing_A,T07,largo,20,G2,4.2322594991249565,0.689683618438553,1.1875352141055875,True,441,269.8880605399796,63.401077883055464,-0.3573600066238057,24.531033384742233,60,264.6,10.307865044827672,114,-5.4324256681545275
1460,uva,packing_A,T07,largo,20,G2,4.2322594991249565,0.689683618438553,1.1875352141055875,True,441,269.8880605399796,63.401077883055464,-0.3573600066238057,24.531033384742233,60,264.6,10.307865044827672,115,-5.647648125842082
1460,uva,packing_A,T07,largo,20,G2,4.2322594991249565,0.689683618438553,1.1875352141055875,True,441,269.8880605399796,63.401077883055464,-0.3573600066238057,24.531033384742233,60,264.6,10.307865044827672,116,-5.682505010442595
1460,uva,packing_A,T07,largo,20,G2,4.2322594991249565,0.689683618438553,1.1875352141055875,True,441,269.8880605399796,63.401077883055464,-0.3573600066238057,24.531033384742233,60,264.6,10.307865044827672,117,-5.666625016275288
1460,uva,packing_A,T07,largo,20,G2,4.2322594991249565,0.689683618438553,1.1875352141055875,True,441,269.8880605399796,63.401077883055464,-0.3573600066238057,24.531033384742233,60,264.6,10.307865044827672,118,-5.747457056048722
1460,uva,packing_A,T07,largo,20,G2,4.2322594991249565,0.689683618438553,1.1875352141055875,True,441,269.8880605399796,63.401077883055464,-0.3573600066238057,24.531033384742233,60,264.6,10.307865044827672,119,-6.233153930386454
1460,uva,packing_A,T07,largo,20,G2,4.2322594991249565,0.689683618438553,1.1875352141055875,True,441,269.8880605399796,63.401077883055464,-0.3573600066238057,24.531033384742233,60,264.6,10.307865044827672,120,-6.37615041324707
1460,uva,packing_A,T07,largo,20,G2,4.2322594991249565,0.689683618438553,1.1875352141055875,True,441,269.8880605399796,63.401077883055464,-0.3573600066238057,24.531033384742233,60,264.6,10.307865044827672,121,-6.341898145043764
1460,uva,packing_A,T07,largo,20,G2,4.2322594991249565,0.689683618438553,1.1875352141055875,True,441,269.8880605399796,63.401077883055464,-0.3573600066238057,24.531033384742233,60,264.6,10.307865044827672,122,-6.316966381397657
1460,uva,packing_A,T07,largo,20,G2,4.2322594991249565,0.689683618438553,1.1875352141055875,True,441,269.8880605399796,63.401077883055464,-0.3573600066238057,24.531033384742233,60,264.6,10.307865044827672,123,-6.503351093730305
1460,uva,packing_A,T07,largo,20,G2,4.2322594991249565,0.689683618438553,1.1875352141055875,True,441,269.8880605399796,63.401077883055464,-0.3573600066238057,24.531033384742233,60,264.6,10.307865044827672,124,-6.578824292086097
1460,uva,packing_A,T07,largo,20,G2,4.2322594991249565,0.689683618438553,1.1875352141055875,True,441,269.8880605399796,63.401077883055464,-0.3573600066238057,24.531033384742233,60,264.6,10.307865044827672,125,-6.60481721716818
1460,uva,packing_A,T07,largo,20,G2,4.2322594991249565,0.689683618438553,1.1875352141055875,True,441,269.8880605399796,63.401077883055464,-0.3573600066238057,24.531033384742233,60,264.6,10.307865044827672,126,-6.736813078433661
1460,uva,packing_A,T07,largo,20,G2,4.2322594991249565,0.689683618438553,1.1875352141055875,True,441,269.8880605399796,63.401077883055464,-0.3573600066238057,24.531033384742233,60,264.6,10.307865044827672,127,-6.945672905063008
1460,uva,packing_A,T07,largo,20,G2,4.2322594991249565,0.689683618438553,1.1875352141055875,True,441,269.8880605399796,63.401077883055464,-0.3573600066238057,24.531033384742233,60,264.6,10.307865044827672,128,-6.812569221262987
1460,uva,packing_A,T07,largo,20,G2,4.2322594991249565,0.689683618438553,1.1875352141055875,True,441,269.8880605399796,63.401077883055464,-0.3573600066238057,24.531033384742233,60,264.6,10.307865044827672,129,-6.827787574980166
1460,uva,packing_A,T07,largo,20,G2,4.2322594991249565,0.689683618438553,1.1875352141055875,True,441,269.8880605399796,63.401077883055464,-0.3573600066238057,24.531033384742233,60,264.6,10.307865044827672,130,-6.816210326478721
1460,uva,packing_A,T07,largo,20,G2,4.2322594991249565,0.689683618438553,1.1875352141055875,True,441,269.8880605399796,63.401077883055464,-0.3573600066238057,24.531033384742233,60,264.6,10.307865044827672,131,-7.226312751557526
1460,uva,packing_A,T07,largo,20,G2,4.2322594991249565,0.689683618438553,1.1875352141055875,True,441,269.8880605399796,63.401077883055464,-0.3573600066238057,24.531033384742233,60,264.6,10.307865044827672,132,-7.054558243279157
1460,uva,packing_A,T07,largo,20,G2,4.2322594991249565,0.689683618438553,1.1875352141055875,True,441,269.8880605399796,63.401077883055464,-0.3573600066238057,24.531033384742233,60,264.6,10.307865044827672,133,-7.374908895979084
1460,uva,packing_A,T07,largo,20,G2,4.2322594991249565,0.689683618438553,1.1875352141055875,True,441,269.8880605399796,63.401077883055464,-0.3573600066238057,24.531033384742233,60,264.6,10.307865044827672,134,-7.116126847192175
1460,uva,packing_A,T07,largo,20,G2,4.2322594991249565,0.689683618438553,1.1875352141055875,True,441,269.8880605399796,63.401077883055464,-0.3573600066238057,24.531033384742233,60,264.6,10.307865044827672,135,-7.309867081664962
1460,uva,packing_A,T07,largo,20,G2,4.2322594991249565,0.689683618438553,1.1875352141055875,True,441,269.8880605399796,63.401077883055464,-0.3573600066238057,24.531033384742233,60,264.6,10.307865044827672,136,-7.211247061504876
1460,uva,packing_A,T07,largo,20,G2,4.2322594991249565,0.689683618438553,1.1875352141055875,True,441,269.8880605399796,63.401077883055464,-0.3573600066238057,24.531033384742233,60,264.6,10.307865044827672,137,-7.248007372542551
1460,uva,packing_A,T07,largo,20,G2,4.2322594991249565,0.689683618438553,1.1875352141055875,True,441,269.8880605399796,63.401077883055464,-0.3573600066238057,24.531033384742233,60,264.6,10.307865044827672,138,-7.377046362591946
1460,uva,packing_A,T07,largo,20,G2,4.2322594991249565,0.689683618438553,1.1875352141055875,True,441,269.8880605399796,63.401077883055464,-0.3573600066238057,24.531033384742233,60,264.6,10.307865044827672,139,-7.3843644229510055
1460,uva,packing_A,T07,largo,20,G2,4.2322594991249565,0.689683618438553,1.1875352141055875,True,441,269.8880605399796,63.401077883055464,-0.3573600066238057,24.531033384742233,60,264.6,10.307865044827672,140,-7.527364355350736
1460,uva,packing_A,T07,largo,20,G2,4.2322594991249565,0.689683618438553,1.1875352141055875,True,441,269.8880605399796,63.401077883055464,-0.3573600066238057,24.531033384742233,60,264.6,10.307865044827672,141,-7.723510883416474
1460,uva,packing_A,T07,largo,20,G2,4.2322594991249565,0.689683618438553,1.1875352141055875,True,441,269.8880605399796,63.401077883055464,-0.3573600066238057,24.531033384742233,60,264.6,10.307865044827672,142,-7.485282074791584
1460,uva,packing_A,T07,largo,20,G2,4.2322594991249565,0.689683618438553,1.1875352141055875,True,441,269.8880605399796,63.401077883055464,-0.3573600066238057,24.531033384742233,60,264.6,10.307865044827672,143,-7.43749145124362
1460,uva,packing_A,T07,largo,20,G2,4.2322594991249565,0.689683618438553,1.1875352141055875,True,441,269.8880605399796,63.401077883055464,-0.3573600066238057,24.531033384742233,60,264.6,10.307865044827672,144,-7.5131803845568355
1460,uva,packing_A,T07,largo,20,G2,4.2322594991249565,0.689683618438553,1.1875352141055875,True,441,269.8880605399796,63.401077883055464,-0.3573600066238057,24.531033384742233,60,264.6,10.307865044827672,145,-7.369614770171702
1460,uva,packing_A,T07,largo,20,G2,4.2322594991249565,0.689683618438553,1.1875352141055875,True,441,269.8880605399796,63.401077883055464,-0.3573600066238057,24.531033384742233,60,264.6,10.307865044827672,146,-7.506753819686089
1460,uva,packing_A,T07,largo,20,G2,4.2322594991249565,0.689683618438553,1.1875352141055875,True,441,269.8880605399796,63.401077883055464,-0.3573600066238057,24.531033384742233,60,264.6,10.307865044827672,147,-7.435785458774975
1460,uva,packing_A,T07,largo,20,G2,4.2322594991249565,0.689683618438553,1.1875352141055875,True,441,269.8880605399796,63.401077883055464,-0.3573600066238057,24.531033384742233,60,264.6,10.307865044827672,148,-7.561426197917998
1460,uva,packing_A,T07,largo,20,G2,4.2322594991249565,0.689683618438553,1.1875352141055875,True,441,269.8880605399796,63.401077883055464,-0.3573600066238057,24.531033384742233,60,264.6,10.307865044827672,149,-7.496323867414725
1460,uva,packing_A,T07,largo,20,G2,4.2322594991249565,0.689683618438553,1.1875352141055875,True,441,269.8880605399796,63.401077883055464,-0.3573600066238057,24.531033384742233,60,264.6,10.307865044827672,150,-7.61868350750502
1460,uva,packing_A,T07,largo,20,G2,4.2322594991249565,0.689683618438553,1.1875352141055875,True,441,269.8880605399796,63.401077883055464,-0.3573600066238057,24.531033384742233,60,264.6,10.307865044827672,151,-7.556294322927746
1460,uva,packing_A,T07,largo,20,G2,4.2322594991249565,0.689683618438553,1.1875352141055875,True,441,269.8880605399796,63.401077883055464,-0.3573600066238057,24.531033384742233,60,264.6,10.307865044827672,152,-7.637889090306298
1460,uva,packing_A,T07,largo,20,G2,4.2322594991249565,0.689683618438553,1.1875352141055875,True,441,269.8880605399796,63.401077883055464,-0.3573600066238057,24.531033384742233,60,264.6,10.307865044827672,153,-7.632227065946554
1460,uva,packing_A,T07,largo,20,G2,4.2322594991249565,0.689683618438553,1.1875352141055875,True,441,269.8880605399796,63.401077883055464,-0.3573600066238057,24.531033384742233,60,264.6,10.307865044827672,154,-7.580022626757724
1460,uva,packing_A,T07,largo,20,G2,4.2322594991249565,0.689683618438553,1.1875352141055875,True,441,269.8880605399796,63.401077883055464,-0.3573600066238057,24.531033384742233,60,264.6,10.307865044827672,155,-7.698792477873925
1460,uva,packing_A,T07,largo,20,G2,4.2322594991249565,0.689683618438553,1.1875352141055875,True,441,269.8880605399796,63.401077883055464,-0.3573600066238057,24.531033384742233,60,264.6,10.307865044827672,156,-7.605747013982207
1460,uva,packing_A,T07,largo,20,G2,4.2322594991249565,0.689683618438553,1.1875352141055875,True,441,269.8880605399796,63.401077883055464,-0.3573600066238057,24.531033384742233,60,264.6,10.307865044827672,157,-7.733489055959709
1460,uva,packing_A,T07,largo,20,G2,4.2322594991249565,0.689683618438553,1.1875352141055875,True,441,269.8880605399796,63.401077883055464,-0.3573600066238057,24.531033384742233,60,264.6,10.307865044827672,158,-7.667775127421721
1460,uva,packing_A,T07,largo,20,G2,4.2322594991249565,0.689683618438553,1.1875352141055875,True,441,269.8880605399796,63.401077883055464,-0.3573600066238057,24.531033384742233,60,264.6,10.307865044827672,159,-7.692465080830963
1460,uva,packing_A,T07,largo,20,G2,4.2322594991249565,0.689683618438553,1.1875352141055875,True,441,269.8880605399796,63.401077883055464,-0.3573600066238057,24.531033384742233,60,264.6,10.307865044827672,160,-7.633447588539372
1460,uva,packing_A,T07,largo,20,G2,4.2322594991249565,0.689683618438553,1.1875352141055875,True,441,269.8880605399796,63.401077883055464,-0.3573600066238057,24.531033384742233,60,264.6,10.307865044827672,161,-7.584804602876142
1460,uva,packing_A,T07,largo,20,G2,4.2322594991249565,0.689683618438553,1.1875352141055875,True,441,269.8880605399796,63.401077883055464,-0.3573600066238057,24.531033384742233,60,264.6,10.307865044827672,162,-7.373094391468585
1460,uva,packing_A,T07,largo,20,G2,4.2322594991249565,0.689683618438553,1.1875352141055875,True,441,269.8880605399796,63.401077883055464,-0.3573600066238057,24.531033384742233,60,264.6,10.307865044827672,163,-7.454621593100702
1460,uva,packing_A,T07,largo,20,G2,4.2322594991249565,0.689683618438553,1.1875352141055875,True,441,269.8880605399796,63.401077883055464,-0.3573600066238057,24.531033384742233,60,264.6,10.307865044827672,164,-7.4780557794214255
1460,uva,packing_A,T07,largo,20,G2,4.2322594991249565,0.689683618438553,1.1875352141055875,True,441,269.8880605399796,63.401077883055464,-0.3573600066238057,24.531033384742233,60,264.6,10.307865044827672,165,-7.514167829248415
1460,uva,packing_A,T07,largo,20,G2,4.2322594991249565,0.689683618438553,1.1875352141055875,True,441,269.8880605399796,63.401077883055464,-0.3573600066238057,24.531033384742233,60,264.6,10.307865044827672,166,-7.455589793811017
1460,uva,packing_A,T07,largo,20,G2,4.2322594991249565,0.689683618438553,1.1875352141055875,True,441,269.8880605399796,63.401077883055464,-0.3573600066238057,24.531033384742233,60,264.6,10.307865044827672,167,-7.428391458846008
1460,uva,packing_A,T07,largo,20,G2,4.2322594991249565,0.689683618438553,1.1875352141055875,True,441,269.8880605399796,63.401077883055464,-0.3573600066238057,24.531033384742233,60,264.6,10.307865044827672,168,-7.5705200021929
1460,uva,packing_A,T07,largo,20,G2,4.2322594991249565,0.689683618438553,1.1875352141055875,True,441,269.8880605399796,63.401077883055464,-0.3573600066238057,24.531033384742233,60,264.6,10.307865044827672,169,-7.3284832673915385
1460,uva,packing_A,T07,largo,20,G2,4.2322594991249565,0.689683618438553,1.1875352141055875,True,441,269.8880605399796,63.401077883055464,-0.3573600066238057,24.531033384742233,60,264.6,10.307865044827672,170,-7.299906083617935
1460,uva,packing_A,T07,largo,20,G2,4.2322594991249565,0.689683618438553,1.1875352141055875,True,441,269.8880605399796,63.401077883055464,-0.3573600066238057,24.531033384742233,60,264.6,10.307865044827672,171,-7.267925465318921
1460,uva,packing_A,T07,largo,20,G2,4.2322594991249565,0.689683618438553,1.1875352141055875,True,441,269.8880605399796,63.401077883055464,-0.3573600066238057,24.531033384742233,60,264.6,10.307865044827672,172,-7.051658011444501
1460,uva,packing_A,T07,largo,20,G2,4.2322594991249565,0.689683618438553,1.1875352141055875,True,441,269.8880605399796,63.401077883055464,-0.3573600066238057,24.531033384742233,60,264.6,10.307865044827672,173,-7.154883254777009
1460,uva,packing_A,T07,largo,20,G2,4.2322594991249565,0.689683618438553,1.1875352141055875,True,441,269.8880605399796,63.401077883055464,-0.3573600066238057,24.531033384742233,60,264.6,10.307865044827672,174,-6.982225082065
1460,uva,packing_A,T07,largo,20,G2,4.2322594991249565,0.689683618438553,1.1875352141055875,True,441,269.8880605399796,63.401077883055464,-0.3573600066238057,24.531033384742233,60,264.6,10.307865044827672,175,-7.0047053493708065
1460,uva,packing_A,T07,largo,20,G2,4.2322594991249565,0.689683618438553,1.1875352141055875,True,441,269.8880605399796,63.401077883055464,-0.3573600066238057,24.531033384742233,60,264.6,10.307865044827672,176,-7.005764983033815
1460,uva,packing_A,T07,largo,20,G2,4.2322594991249565,0.689683618438553,1.1875352141055875,True,441,269.8880605399796,63.401077883055464,-0.3573600066238057,24.531033384742233,60,264.6,10.307865044827672,177,-6.940046768175726
1460,uva,packing_A,T07,largo,20,G2,4.2322594991249565,0.689683618438553,1.1875352141055875,True,441,269.8880605399796,63.401077883055464,-0.3573600066238057,24.531033384742233,60,264.6,10.307865044827672,178,-6.8904598705843245
1460,uva,packing_A,T07,largo,20,G2,4.2322594991249565,0.689683618438553,1.1875352141055875,True,441,269.8880605399796,63.401077883055464,-0.3573600066238057,24.531033384742233,60,264.6,10.307865044827672,179,-6.6893389276627495
1460,uva,packing_A,T07,largo,20,G2,4.2322594991249565,0.689683618438553,1.1875352141055875,True,441,269.8880605399796,63.401077883055464,-0.3573600066238057,24.531033384742233,60,264.6,10.307865044827672,180,-6.947928298765074
1460,uva,packing_A,T07,largo,20,G2,4.2322594991249565,0.689683618438553,1.1875352141055875,True,441,269.8880605399796,63.401077883055464,-0.3573600066238057,24.531033384742233,60,264.6,10.307865044827672,181,-6.7074050059660415
1460,uva,packing_A,T07,largo,20,G2,4.2322594991249565,0.689683618438553,1.1875352141055875,True,441,269.8880605399796,63.401077883055464,-0.3573600066238057,24.531033384742233,60,264.6,10.307865044827672,182,-6.725052467718052
1460,uva,packing_A,T07,largo,20,G2,4.2322594991249565,0.689683618438553,1.1875352141055875,True,441,269.8880605399796,63.401077883055464,-0.3573600066238057,24.531033384742233,60,264.6,10.307865044827672,183,-6.511642328219567
1460,uva,packing_A,T07,largo,20,G2,4.2322594991249565,0.689683618438553,1.1875352141055875,True,441,269.8880605399796,63.401077883055464,-0.3573600066238057,24.531033384742233,60,264.6,10.307865044827672,184,-6.490610110989956
1460,uva,packing_A,T07,largo,20,G2,4.2322594991249565,0.689683618438553,1.1875352141055875,True,441,269.8880605399796,63.401077883055464,-0.3573600066238057,24.531033384742233,60,264.6,10.307865044827672,185,-6.4599193588748705
1460,uva,packing_A,T07,largo,20,G2,4.2322594991249565,0.689683618438553,1.1875352141055875,True,441,269.8880605399796,63.401077883055464,-0.3573600066238057,24.531033384742233,60,264.6,10.307865044827672,186,-6.43140169664733
1460,uva,packing_A,T07,largo,20,G2,4.2322594991249565,0.689683618438553,1.1875352141055875,True,441,269.8880605399796,63.401077883055464,-0.3573600066238057,24.531033384742233,60,264.6,10.307865044827672,187,-6.276597613454601
1460,uva,packing_A,T07,largo,20,G2,4.2322594991249565,0.689683618438553,1.1875352141055875,True,441,269.8880605399796,63.401077883055464,-0.3573600066238057,24.531033384742233,60,264.6,10.307865044827672,188,-6.279738292383685
1460,uva,packing_A,T07,largo,20,G2,4.2322594991249565,0.689683618438553,1.1875352141055875,True,441,269.8880605399796,63.401077883055464,-0.3573600066238057,24.531033384742233,60,264.6,10.307865044827672,189,-6.228962630408123
1460,uva,packing_A,T07,largo,20,G2,4.2322594991249565,0.689683618438553,1.1875352141055875,True,441,269.8880605399796,63.401077883055464,-0.3573600066238057,24.531033384742233,60,264.6,10.307865044827672,190,-6.053616234664513
1460,uva,packing_A,T07,largo,20,G2,4.2322594991249565,0.689683618438553,1.1875352141055875,True,441,269.8880605399796,63.401077883055464,-0.3573600066238057,24.531033384742233,60,264.6,10.307865044827672,191,-6.128425799280277
1460,uva,packing_A,T07,largo,20,G2,4.2322594991249565,0.689683618438553,1.1875352141055875,True,441,269.8880605399796,63.401077883055464,-0.3573600066238057,24.531033384742233,60,264.6,10.307865044827672,192,-6.008783773820904
1460,uva,packing_A,T07,largo,20,G2,4.2322594991249565,0.689683618438553,1.1875352141055875,True,441,269.8880605399796,63.401077883055464,-0.3573600066238057,24.531033384742233,60,264.6,10.307865044827672,193,-5.942447981270754
1460,uva,packing_A,T07,largo,20,G2,4.2322594991249565,0.689683618438553,1.1875352141055875,True,441,269.8880605399796,63.401077883055464,-0.3573600066238057,24.531033384742233,60,264.6,10.307865044827672,194,-5.850355203454994
1460,uva,packing_A,T07,largo,20,G2,4.2322594991249565,0.689683618438553,1.1875352141055875,True,441,269.8880605399796,63.401077883055464,-0.3573600066238057,24.531033384742233,60,264.6,10.307865044827672,195,-5.769199648048714
1460,uva,packing_A,T07,largo,20,G2,4.2322594991249565,0.689683618438553,1.1875352141055875,True,441,269.8880605399796,63.401077883055464,-0.3573600066238057,24.531033384742233,60,264.6,10.307865044827672,196,-5.683158974879067
1460,uva,packing_A,T07,largo,20,G2,4.2322594991249565,0.689683618438553,1.1875352141055875,True,441,269.8880605399796,63.401077883055464,-0.3573600066238057,24.531033384742233,60,264.6,10.307865044827672,197,-5.605382474770706
1460,uva,packing_A,T07,largo,20,G2,4.2322594991249565,0.689683618438553,1.1875352141055875,True,441,269.8880605399796,63.401077883055464,-0.3573600066238057,24.531033384742233,60,264.6,10.307865044827672,198,-5.60142196799666
1460,uva,packing_A,T07,largo,20,G2,4.2322594991249565,0.689683618438553,1.1875352141055875,True,441,269.8880605399796,63.401077883055464,-0.3573600066238057,24.531033384742233,60,264.6,10.307865044827672,199,-5.37831197131567
1460,uva,packing_A,T07,largo,20,G2,4.2322594991249565,0.689683618438553,1.1875352141055875,True,441,269.8880605399796,63.401077883055464,-0.3573600066238057,24.531033384742233,60,264.6,10.307865044827672,200,-5.3632762476781926
1460,uva,packing_A,T07,largo,20,G2,4.2322594991249565,0.689683618438553,1.1875352141055875,True,441,269.8880605399796,63.401077883055464,-0.3573600066238057,24.531033384742233,60,264.6,10.307865044827672,201,-5.468748170094414
1460,uva,packing_A,T07,largo,20,G2,4.2322594991249565,0.689683618438553,1.1875352141055875,True,441,269.8880605399796,63.401077883055464,-0.3573600066238057,24.531033384742233,60,264.6,10.307865044827672,202,-5.438120077345006
1460,uva,packing_A,T07,largo,20,G2,4.2322594991249565,0.689683618438553,1.1875352141055875,True,441,269.8880605399796,63.401077883055464,-0.3573600066238057,24.531033384742233,60,264.6,10.307865044827672,203,-5.220804820306828
1460,uva,packing_A,T07,largo,20,G2,4.2322594991249565,0.689683618438553,1.1875352141055875,True,441,269.8880605399796,63.401077883055464,-0.3573600066238057,24.531033384742233,60,264.6,10.307865044827672,204,-5.09769585266918
1460,uva,packing_A,T07,largo,20,G2,4.2322594991249565,0.689683618438553,1.1875352141055875,True,441,269.8880605399796,63.401077883055464,-0.3573600066238057,24.531033384742233,60,264.6,10.307865044827672,205,-5.121451532451623
1460,uva,packing_A,T07,largo,20,G2,4.2322594991249565,0.689683618438553,1.1875352141055875,True,441,269.8880605399796,63.401077883055464,-0.3573600066238057,24.531033384742233,60,264.6,10.307865044827672,206,-4.778832678401154
1460,uva,packing_A,T07,largo,20,G2,4.2322594991249565,0.689683618438553,1.1875352141055875,True,441,269.8880605399796,63.401077883055464,-0.3573600066238057,24.531033384742233,60,264.6,10.307865044827672,207,-4.7388637853242335
1460,uva,packing_A,T07,largo,20,G2,4.2322594991249565,0.689683618438553,1.1875352141055875,True,441,269.8880605399796,63.401077883055464,-0.3573600066238057,24.531033384742233,60,264.6,10.307865044827672,208,-4.6627329483725575
1460,uva,packing_A,T07,largo,20,G2,4.2322594991249565,0.689683618438553,1.1875352141055875,True,441,269.8880605399796,63.401077883055464,-0.3573600066238057,24.531033384742233,60,264.6,10.307865044827672,209,-4.728942443008752
1460,uva,packing_A,T07,largo,20,G2,4.2322594991249565,0.689683618438553,1.1875352141055875,True,441,269.8880605399796,63.401077883055464,-0.3573600066238057,24.531033384742233,60,264.6,10.307865044827672,210,-4.506435768359618
1460,uva,packing_A,T07,largo,20,G2,4.2322594991249565,0.689683618438553,1.1875352141055875,True,441,269.8880605399796,63.401077883055464,-0.3573600066238057,24.531033384742233,60,264.6,10.307865044827672,211,-4.500638433153325
1460,uva,packing_A,T07,largo,20,G2,4.2322594991249565,0.689683618438553,1.1875352141055875,True,441,269.8880605399796,63.401077883055464,-0.3573600066238057,24.531033384742233,60,264.6,10.307865044827672,212,-4.370109415225516
1460,uva,packing_A,T07,largo,20,G2,4.2322594991249565,0.689683618438553,1.1875352141055875,True,441,269.8880605399796,63.401077883055464,-0.3573600066238057,24.531033384742233,60,264.6,10.307865044827672,213,-4.3155215748557865
1460,uva,packing_A,T07,largo,20,G2,4.2322594991249565,0.689683618438553,1.1875352141055875,True,441,269.8880605399796,63.401077883055464,-0.3573600066238057,24.531033384742233,60,264.6,10.307865044827672,214,-4.425458258351706
1460,uva,packing_A,T07,largo,20,G2,4.2322594991249565,0.689683618438553,1.1875352141055875,True,441,269.8880605399796,63.401077883055464,-0.3573600066238057,24.531033384742233,60,264.6,10.307865044827672,215,-3.9752071279258274
1460,uva,packing_A,T07,largo,20,G2,4.2322594991249565,0.689683618438553,1.1875352141055875,True,441,269.8880605399796,63.401077883055464,-0.3573600066238057,24.531033384742233,60,264.6,10.307865044827672,216,-4.079559471952854
1460,uva,packing_A,T07,largo,20,G2,4.2322594991249565,0.689683618438553,1.1875352141055875,True,441,269.8880605399796,63.401077883055464,-0.3573600066238057,24.531033384742233,60,264.6,10.307865044827672,217,-4.098342361712698
1460,uva,packing_A,T07,largo,20,G2,4.2322594991249565,0.689683618438553,1.1875352141055875,True,441,269.8880605399796,63.401077883055464,-0.3573600066238057,24.531033384742233,60,264.6,10.307865044827672,218,-3.9241739115947665
1460,uva,packing_A,T07,largo,20,G2,4.2322594991249565,0.689683618438553,1.1875352141055875,True,441,269.8880605399796,63.401077883055464,-0.3573600066238057,24.531033384742233,60,264.6,10.307865044827672,219,-3.9044446608042263
1460,uva,packing_A,T07,largo,20,G2,4.2322594991249565,0.689683618438553,1.1875352141055875,True,441,269.8880605399796,63.401077883055464,-0.3573600066238057,24.531033384742233,60,264.6,10.307865044827672,220,-3.7361566374627397
1460,uva,packing_A,T07,largo,20,G2,4.2322594991249565,0.689683618438553,1.1875352141055875,True,441,269.8880605399796,63.401077883055464,-0.3573600066238057,24.531033384742233,60,264.6,10.307865044827672,221,-3.6849639592671863
1460,uva,packing_A,T07,largo,20,G2,4.2322594991249565,0.689683618438553,1.1875352141055875,True,441,269.8880605399796,63.401077883055464,-0.3573600066238057,24.531033384742233,60,264.6,10.307865044827672,222,-3.4838669490152117
1460,uva,packing_A,T07,largo,20,G2,4.2322594991249565,0.689683618438553,1.1875352141055875,True,441,269.8880605399796,63.401077883055464,-0.3573600066238057,24.531033384742233,60,264.6,10.307865044827672,223,-3.426468758869818
1460,uva,packing_A,T07,largo,20,G2,4.2322594991249565,0.689683618438553,1.1875352141055875,True,441,269.8880605399796,63.401077883055464,-0.3573600066238057,24.531033384742233,60,264.6,10.307865044827672,224,-3.5361349734849536
1460,uva,packing_A,T07,largo,20,G2,4.2322594991249565,0.689683618438553,1.1875352141055875,True,441,269.8880605399796,63.401077883055464,-0.3573600066238057,24.531033384742233,60,264.6,10.307865044827672,225,-3.3323085771580456
1460,uva,packing_A,T07,largo,20,G2,4.2322594991249565,0.689683618438553,1.1875352141055875,True,441,269.8880605399796,63.401077883055464,-0.3573600066238057,24.531033384742233,60,264.6,10.307865044827672,226,-3.133974420094142
1460,uva,packing_A,T07,largo,20,G2,4.2322594991249565,0.689683618438553,1.1875352141055875,True,441,269.8880605399796,63.401077883055464,-0.3573600066238057,24.531033384742233,60,264.6,10.307865044827672,227,-3.219490901857402
1460,uva,packing_A,T07,largo,20,G2,4.2322594991249565,0.689683618438553,1.1875352141055875,True,441,269.8880605399796,63.401077883055464,-0.3573600066238057,24.531033384742233,60,264.6,10.307865044827672,228,-3.0963695280202876
1460,uva,packing_A,T07,largo,20,G2,4.2322594991249565,0.689683618438553,1.1875352141055875,True,441,269.8880605399796,63.401077883055464,-0.3573600066238057,24.531033384742233,60,264.6,10.307865044827672,229,-3.009120926610991
1460,uva,packing_A,T07,largo,20,G2,4.2322594991249565,0.689683618438553,1.1875352141055875,True,441,269.8880605399796,63.401077883055464,-0.3573600066238057,24.531033384742233,60,264.6,10.307865044827672,230,-3.060564203855495
1460,uva,packing_A,T07,largo,20,G2,4.2322594991249565,0.689683618438553,1.1875352141055875,True,441,269.8880605399796,63.401077883055464,-0.3573600066238057,24.531033384742233,60,264.6,10.307865044827672,231,-2.867380423275574
1460,uva,packing_A,T07,largo,20,G2,4.2322594991249565,0.689683618438553,1.1875352141055875,True,441,269.8880605399796,63.401077883055464,-0.3573600066238057,24.531033384742233,60,264.6,10.307865044827672,232,-2.5872057801514483
1460,uva,packing_A,T07,largo,20,G2,4.2322594991249565,0.689683618438553,1.1875352141055875,True,441,269.8880605399796,63.401077883055464,-0.3573600066238057,24.531033384742233,60,264.6,10.307865044827672,233,-2.566471279438287
1460,uva,packing_A,T07,largo,20,G2,4.2322594991249565,0.689683618438553,1.1875352141055875,True,441,269.8880605399796,63.401077883055464,-0.3573600066238057,24.531033384742233,60,264.6,10.307865044827672,234,-2.598836501326218
1460,uva,packing_A,T07,largo,20,G2,4.2322594991249565,0.689683618438553,1.1875352141055875,True,441,269.8880605399796,63.401077883055464,-0.3573600066238057,24.531033384742233,60,264.6,10.307865044827672,235,-2.662461511178128
1460,uva,packing_A,T07,largo,20,G2,4.2322594991249565,0.689683618438553,1.1875352141055875,True,441,269.8880605399796,63.401077883055464,-0.3573600066238057,24.531033384742233,60,264.6,10.307865044827672,236,-2.5021399424612842
1460,uva,packing_A,T07,largo,20,G2,4.2322594991249565,0.689683618438553,1.1875352141055875,True,441,269.8880605399796,63.401077883055464,-0.3573600066238057,24.531033384742233,60,264.6,10.307865044827672,237,-2.400276905681536
1460,uva,packing_A,T07,largo,20,G2,4.2322594991249565,0.689683618438553,1.1875352141055875,True,441,269.8880605399796,63.401077883055464,-0.3573600066238057,24.531033384742233,60,264.6,10.307865044827672,238,-2.356963059169471
1460,uva,packing_A,T07,largo,20,G2,4.2322594991249565,0.689683618438553,1.1875352141055875,True,441,269.8880605399796,63.401077883055464,-0.3573600066238057,24.531033384742233,60,264.6,10.307865044827672,239,-2.427536479025062
1460,uva,packing_A,T07,largo,20,G2,4.2322594991249565,0.689683618438553,1.1875352141055875,True,441,269.8880605399796,63.401077883055464,-0.3573600066238057,24.531033384742233,60,264.6,10.307865044827672,240,-2.1371660613312757
1460,uva,packing_A,T07,largo,20,G2,4.2322594991249565,0.689683618438553,1.1875352141055875,True,441,269.8880605399796,63.401077883055464,-0.3573600066238057,24.531033384742233,60,264.6,10.307865044827672,241,-1.8435670222662208
1460,uva,packing_A,T07,largo,20,G2,4.2322594991249565,0.689683618438553,1.1875352141055875,True,441,269.8880605399796,63.401077883055464,-0.3573600066238057,24.531033384742233,60,264.6,10.307865044827672,242,-2.0573732867149355
1460,uva,packing_A,T07,largo,20,G2,4.2322594991249565,0.689683618438553,1.1875352141055875,True,441,269.8880605399796,63.401077883055464,-0.3573600066238057,24.531033384742233,60,264.6,10.307865044827672,243,-1.833062225670216
1460,uva,packing_A,T07,largo,20,G2,4.2322594991249565,0.689683618438553,1.1875352141055875,True,441,269.8880605399796,63.401077883055464,-0.3573600066238057,24.531033384742233,60,264.6,10.307865044827672,244,-1.7332407451225487
1460,uva,packing_A,T07,largo,20,G2,4.2322594991249565,0.689683618438553,1.1875352141055875,True,441,269.8880605399796,63.401077883055464,-0.3573600066238057,24.531033384742233,60,264.6,10.307865044827672,245,-1.8447708044596776
1460,uva,packing_A,T07,largo,20,G2,4.2322594991249565,0.689683618438553,1.1875352141055875,True,441,269.8880605399796,63.401077883055464,-0.3573600066238057,24.531033384742233,60,264.6,10.307865044827672,246,-1.6500942803504213
1460,uva,packing_A,T07,largo,20,G2,4.2322594991249565,0.689683618438553,1.1875352141055875,True,441,269.8880605399796,63.401077883055464,-0.3573600066238057,24.531033384742233,60,264.6,10.307865044827672,247,-1.4840628348143459
1460,uva,packing_A,T07,largo,20,G2,4.2322594991249565,0.689683618438553,1.1875352141055875,True,441,269.8880605399796,63.401077883055464,-0.3573600066238057,24.531033384742233,60,264.6,10.307865044827672,248,-1.4407169011848835
1460,uva,packing_A,T07,largo,20,G2,4.2322594991249565,0.689683618438553,1.1875352141055875,True,441,269.8880605399796,63.401077883055464,-0.3573600066238057,24.531033384742233,60,264.6,10.307865044827672,249,-1.379864573895243
1460,uva,packing_A,T07,largo,20,G2,4.2322594991249565,0.689683618438553,1.1875352141055875,True,441,269.8880605399796,63.401077883055464,-0.3573600066238057,24.531033384742233,60,264.6,10.307865044827672,250,-1.3707609766883675
1460,uva,packing_A,T07,largo,20,G2,4.2322594991249565,0.689683618438553,1.1875352141055875,True,441,269.8880605399796,63.401077883055464,-0.3573600066238057,24.531033384742233,60,264.6,10.307865044827672,251,-1.265476594226565
1460,uva,packing_A,T07,largo,20,G2,4.2322594991249565,0.689683618438553,1.1875352141055875,True,441,269.8880605399796,63.401077883055464,-0.3573600066238057,24.531033384742233,60,264.6,10.307865044827672,252,-1.430570307355361
1460,uva,packing_A,T07,largo,20,G2,4.2322594991249565,0.689683618438553,1.1875352141055875,True,441,269.8880605399796,63.401077883055464,-0.3573600066238057,24.531033384742233,60,264.6,10.307865044827672,253,-1.164151326604643
1460,uva,packing_A,T07,largo,20,G2,4.2322594991249565,0.689683618438553,1.1875352141055875,True,441,269.8880605399796,63.401077883055464,-0.3573600066238057,24.531033384742233,60,264.6,10.307865044827672,254,-1.0167077521846806
1460,uva,packing_A,T07,largo,20,G2,4.2322594991249565,0.689683618438553,1.1875352141055875,True,441,269.8880605399796,63.401077883055464,-0.3573600066238057,24.531033384742233,60,264.6,10.307865044827672,255,-1.1498484092480081
1460,uva,packing_A,T07,largo,20,G2,4.2322594991249565,0.689683618438553,1.1875352141055875,True,441,269.8880605399796,63.401077883055464,-0.3573600066238057,24.531033384742233,60,264.6,10.307865044827672,256,-1.1014711964250559
1460,uva,packing_A,T07,largo,20,G2,4.2322594991249565,0.689683618438553,1.1875352141055875,True,441,269.8880605399796,63.401077883055464,-0.3573600066238057,24.531033384742233,60,264.6,10.307865044827672,257,-0.8149597605041091
1460,uva,packing_A,T07,largo,20,G2,4.2322594991249565,0.689683618438553,1.1875352141055875,True,441,269.8880605399796,63.401077883055464,-0.3573600066238057,24.531033384742233,60,264.6,10.307865044827672,258,-0.9630781540892306
1460,uva,packing_A,T07,largo,20,G2,4.2322594991249565,0.689683618438553,1.1875352141055875,True,441,269.8880605399796,63.401077883055464,-0.3573600066238057,24.531033384742233,60,264.6,10.307865044827672,259,-0.7343385127716627
1460,uva,packing_A,T07,largo,20,G2,4.2322594991249565,0.689683618438553,1.1875352141055875,True,441,269.8880605399796,63.401077883055464,-0.3573600066238057,24.531033384742233,60,264.6,10.307865044827672,260,-0.7624389796688835
1460,uva,packing_A,T07,largo,20,G2,4.2322594991249565,0.689683618438553,1.1875352141055875,True,441,269.8880605399796,63.401077883055464,-0.3573600066238057,24.531033384742233,60,264.6,10.307865044827672,261,-0.6622280484275066
1460,uva,packing_A,T07,largo,20,G2,4.2322594991249565,0.689683618438553,1.1875352141055875,True,441,269.8880605399796,63.401077883055464,-0.3573600066238057,24.531033384742233,60,264.6,10.307865044827672,262,-0.653644229282641
1460,uva,packing_A,T07,largo,20,G2,4.2322594991249565,0.689683618438553,1.1875352141055875,True,441,269.8880605399796,63.401077883055464,-0.3573600066238057,24.531033384742233,60,264.6,10.307865044827672,263,-0.6255289802709463
1460,uva,packing_A,T07,largo,20,G2,4.2322594991249565,0.689683618438553,1.1875352141055875,True,441,269.8880605399796,63.401077883055464,-0.3573600066238057,24.531033384742233,60,264.6,10.307865044827672,264,-0.5837331463248042
1460,uva,packing_A,T07,largo,20,G2,4.2322594991249565,0.689683618438553,1.1875352141055875,True,441,269.8880605399796,63.401077883055464,-0.3573600066238057,24.531033384742233,60,264.6,10.307865044827672,265,-0.7589421363192697
1460,uva,packing_A,T07,largo,20,G2,4.2322594991249565,0.689683618438553,1.1875352141055875,True,441,269.8880605399796,63.401077883055464,-0.3573600066238057,24.531033384742233,60,264.6,10.307865044827672,266,-0.8188075669155861
1460,uva,packing_A,T07,largo,20,G2,4.2322594991249565,0.689683618438553,1.1875352141055875,True,441,269.8880605399796,63.401077883055464,-0.3573600066238057,24.531033384742233,60,264.6,10.307865044827672,267,-0.605362263041642
1460,uva,packing_A,T07,largo,20,G2,4.2322594991249565,0.689683618438553,1.1875352141055875,True,441,269.8880605399796,63.401077883055464,-0.3573600066238057,24.531033384742233,60,264.6,10.307865044827672,268,-0.6019839873107509
1460,uva,packing_A,T07,largo,20,G2,4.2322594991249565,0.689683618438553,1.1875352141055875,True,441,269.8880605399796,63.401077883055464,-0.3573600066238057,24.531033384742233,60,264.6,10.307865044827672,269,-0.6539722863929653
1460,uva,packing_A,T07,largo,20,G2,4.2322594991249565,0.689683618438553,1.1875352141055875,True,441,269.8880605399796,63.401077883055464,-0.3573600066238057,24.531033384742233,60,264.6,10.307865044827672,270,-0.3063954785355924
1460,uva,packing_A,T07,largo,20,G2,4.2322594991249565,0.689683618438553,1.1875352141055875,True,441,269.8880605399796,63.401077883055464,-0.3573600066238057,24.531033384742233,60,264.6,10.307865044827672,271,-0.13887107300263532
1460,uva,packing_A,T07,largo,20,G2,4.2322594991249565,0.689683618438553,1.1875352141055875,True,441,269.8880605399796,63.401077883055464,-0.3573600066238057,24.531033384742233,60,264.6,10.307865044827672,272,-0.211889679483189
1460,uva,packing_A,T07,largo,20,G2,4.2322594991249565,0.689683618438553,1.1875352141055875,True,441,269.8880605399796,63.401077883055464,-0.3573600066238057,24.531033384742233,60,264.6,10.307865044827672,273,-0.03441052487787201
1460,uva,packing_A,T07,largo,20,G2,4.2322594991249565,0.689683618438553,1.1875352141055875,True,441,269.8880605399796,63.401077883055464,-0.3573600066238057,24.531033384742233,60,264.6,10.307865044827672,274,-0.047989888723225765
1460,uva,packing_A,T07,largo,20,G2,4.2322594991249565,0.689683618438553,1.1875352141055875,True,441,269.8880605399796,63.401077883055464,-0.3573600066238057,24.531033384742233,60,264.6,10.307865044827672,275,-0.049621334363095515
1460,uva,packing_A,T07,largo,20,G2,4.2322594991249565,0.689683618438553,1.1875352141055875,True,441,269.8880605399796,63.401077883055464,-0.3573600066238057,24.531033384742233,60,264.6,10.307865044827672,276,0.1004917524474116
1460,uva,packing_A,T07,largo,20,G2,4.2322594991249565,0.689683618438553,1.1875352141055875,True,441,269.8880605399796,63.401077883055464,-0.3573600066238057,24.531033384742233,60,264.6,10.307865044827672,277,0.15751506114889696
1460,uva,packing_A,T07,largo,20,G2,4.2322594991249565,0.689683618438553,1.1875352141055875,True,441,269.8880605399796,63.401077883055464,-0.3573600066238057,24.531033384742233,60,264.6,10.307865044827672,278,0.21179100014223548
1460,uva,packing_A,T07,largo,20,G2,4.2322594991249565,0.689683618438553,1.1875352141055875,True,441,269.8880605399796,63.401077883055464,-0.3573600066238057,24.531033384742233,60,264.6,10.307865044827672,279,0.11934319123017921
1460,uva,packing_A,T07,largo,20,G2,4.2322594991249565,0.689683618438553,1.1875352141055875,True,441,269.8880605399796,63.401077883055464,-0.3573600066238057,24.531033384742233,60,264.6,10.307865044827672,280,0.08438269030055368
1460,uva,packing_A,T07,largo,20,G2,4.2322594991249565,0.689683618438553,1.1875352141055875,True,441,269.8880605399796,63.401077883055464,-0.3573600066238057,24.531033384742233,60,264.6,10.307865044827672,281,0.04043881706548752
1460,uva,packing_A,T07,largo,20,G2,4.2322594991249565,0.689683618438553,1.1875352141055875,True,441,269.8880605399796,63.401077883055464,-0.3573600066238057,24.531033384742233,60,264.6,10.307865044827672,282,-0.05992707534924097
1460,uva,packing_A,T07,largo,20,G2,4.2322594991249565,0.689683618438553,1.1875352141055875,True,441,269.8880605399796,63.401077883055464,-0.3573600066238057,24.531033384742233,60,264.6,10.307865044827672,283,-0.034796610448812604
1460,uva,packing_A,T07,largo,20,G2,4.2322594991249565,0.689683618438553,1.1875352141055875,True,441,269.8880605399796,63.401077883055464,-0.3573600066238057,24.531033384742233,60,264.6,10.307865044827672,284,-0.2502273830709565
1460,uva,packing_A,T07,largo,20,G2,4.2322594991249565,0.689683618438553,1.1875352141055875,True,441,269.8880605399796,63.401077883055464,-0.3573600066238057,24.531033384742233,60,264.6,10.307865044827672,285,-0.3731438548558481
1460,uva,packing_A,T07,largo,20,G2,4.2322594991249565,0.689683618438553,1.1875352141055875,True,441,269.8880605399796,63.401077883055464,-0.3573600066238057,24.531033384742233,60,264.6,10.307865044827672,286,-0.3881305406680432
1460,uva,packing_A,T07,largo,20,G2,4.2322594991249565,0.689683618438553,1.1875352141055875,True,441,269.8880605399796,63.401077883055464,-0.3573600066238057,24.531033384742233,60,264.6,10.307865044827672,287,-0.6121119650462832
1460,uva,packing_A,T07,largo,20,G2,4.2322594991249565,0.689683618438553,1.1875352141055875,True,441,269.8880605399796,63.401077883055464,-0.3573600066238057,24.531033384742233,60,264.6,10.307865044827672,288,-0.4892138215808832
1460,uva,packing_A,T07,largo,20,G2,4.2322594991249565,0.689683618438553,1.1875352141055875,True,441,269.8880605399796,63.401077883055464,-0.3573600066238057,24.531033384742233,60,264.6,10.307865044827672,289,-0.6069784620148666
1460,uva,packing_A,T07,largo,20,G2,4.2322594991249565,0.689683618438553,1.1875352141055875,True,441,269.8880605399796,63.401077883055464,-0.3573600066238057,24.531033384742233,60,264.6,10.307865044827672,290,-0.7635571502712953
1460,uva,packing_A,T07,largo,20,G2,4.2322594991249565,0.689683618438553,1.1875352141055875,True,441,269.8880605399796,63.401077883055464,-0.3573600066238057,24.531033384742233,60,264.6,10.307865044827672,291,-0.8370557307901421
1460,uva,packing_A,T07,largo,20,G2,4.2322594991249565,0.689683618438553,1.1875352141055875,True,441,269.8880605399796,63.401077883055464,-0.3573600066238057,24.531033384742233,60,264.6,10.307865044827672,292,-0.8460177325773185
1460,uva,packing_A,T07,largo,20,G2,4.2322594991249565,0.689683618438553,1.1875352141055875,True,441,269.8880605399796,63.401077883055464,-0.3573600066238057,24.531033384742233,60,264.6,10.307865044827672,293,-0.904815846694741
1460,uva,packing_A,T07,largo,20,G2,4.2322594991249565,0.689683618438553,1.1875352141055875,True,441,269.8880605399796,63.401077883055464,-0.3573600066238057,24.531033384742233,60,264.6,10.307865044827672,294,-0.8781916123836683
1460,uva,packing_A,T07,largo,20,G2,4.2322594991249565,0.689683618438553,1.1875352141055875,True,441,269.8880605399796,63.401077883055464,-0.3573600066238057,24.531033384742233,60,264.6,10.307865044827672,295,-0.7439350748492839
1460,uva,packing_A,T07,largo,20,G2,4.2322594991249565,0.689683618438553,1.1875352141055875,True,441,269.8880605399796,63.401077883055464,-0.3573600066238057,24.531033384742233,60,264.6,10.307865044827672,296,-0.7872965004790762
1460,uva,packing_A,T07,largo,20,G2,4.2322594991249565,0.689683618438553,1.1875352141055875,True,441,269.8880605399796,63.401077883055464,-0.3573600066238057,24.531033384742233,60,264.6,10.307865044827672,297,-0.7350227736615725
1460,uva,packing_A,T07,largo,20,G2,4.2322594991249565,0.689683618438553,1.1875352141055875,True,441,269.8880605399796,63.401077883055464,-0.3573600066238057,24.531033384742233,60,264.6,10.307865044827672,298,-0.4158715912401985
1460,uva,packing_A,T07,largo,20,G2,4.2322594991249565,0.689683618438553,1.1875352141055875,True,441,269.8880605399796,63.401077883055464,-0.3573600066238057,24.531033384742233,60,264.6,10.307865044827672,299,-0.4911980612618946
1460,uva,packing_A,T07,largo,20,G2,4.2322594991249565,0.689683618438553,1.1875352141055875,True,441,269.8880605399796,63.401077883055464,-0.3573600066238057,24.531033384742233,60,264.6,10.307865044827672,300,-0.21492644494226062
1460,uva,packing_A,T07,largo,20,G2,4.2322594991249565,0.689683618438553,1.1875352141055875,True,441,269.8880605399796,63.401077883055464,-0.3573600066238057,24.531033384742233,60,264.6,10.307865044827672,301,-0.2858277260133203
1460,uva,packing_A,T07,largo,20,G2,4.2322594991249565,0.689683618438553,1.1875352141055875,True,441,269.8880605399796,63.401077883055464,-0.3573600066238057,24.531033384742233,60,264.6,10.307865044827672,302,-0.21800820518988362
1460,uva,packing_A,T07,largo,20,G2,4.2322594991249565,0.689683618438553,1.1875352141055875,True,441,269.8880605399796,63.401077883055464,-0.3573600066238057,24.531033384742233,60,264.6,10.307865044827672,303,0.019290808364158377
1460,uva,packing_A,T07,largo,20,G2,4.2322594991249565,0.689683618438553,1.1875352141055875,True,441,269.8880605399796,63.401077883055464,-0.3573600066238057,24.531033384742233,60,264.6,10.307865044827672,304,0.12733561375035843
1460,uva,packing_A,T07,largo,20,G2,4.2322594991249565,0.689683618438553,1.1875352141055875,True,441,269.8880605399796,63.401077883055464,-0.3573600066238057,24.531033384742233,60,264.6,10.307865044827672,305,0.2793703776292623
1460,uva,packing_A,T07,largo,20,G2,4.2322594991249565,0.689683618438553,1.1875352141055875,True,441,269.8880605399796,63.401077883055464,-0.3573600066238057,24.531033384742233,60,264.6,10.307865044827672,306,-0.03615929918823996
1460,uva,packing_A,T07,largo,20,G2,4.2322594991249565,0.689683618438553,1.1875352141055875,True,441,269.8880605399796,63.401077883055464,-0.3573600066238057,24.531033384742233,60,264.6,10.307865044827672,307,0.23207636502183013
1460,uva,packing_A,T07,largo,20,G2,4.2322594991249565,0.689683618438553,1.1875352141055875,True,441,269.8880605399796,63.401077883055464,-0.3573600066238057,24.531033384742233,60,264.6,10.307865044827672,308,-0.03332766330094389
1460,uva,packing_A,T07,largo,20,G2,4.2322594991249565,0.689683618438553,1.1875352141055875,True,441,269.8880605399796,63.401077883055464,-0.3573600066238057,24.531033384742233,60,264.6,10.307865044827672,309,0.11286539539070334
1460,uva,packing_A,T07,largo,20,G2,4.2322594991249565,0.689683618438553,1.1875352141055875,True,441,269.8880605399796,63.401077883055464,-0.3573600066238057,24.531033384742233,60,264.6,10.307865044827672,310,0.1354078152699904
1460,uva,packing_A,T07,largo,20,G2,4.2322594991249565,0.689683618438553,1.1875352141055875,True,441,269.8880605399796,63.401077883055464,-0.3573600066238057,24.531033384742233,60,264.6,10.307865044827672,311,-0.009224786266678952
1460,uva,packing_A,T07,largo,20,G2,4.2322594991249565,0.689683618438553,1.1875352141055875,True,441,269.8880605399796,63.401077883055464,-0.3573600066238057,24.531033384742233,60,264.6,10.307865044827672,312,-0.11382845941061934
1460,uva,packing_A,T07,largo,20,G2,4.2322594991249565,0.689683618438553,1.1875352141055875,True,441,269.8880605399796,63.401077883055464,-0.3573600066238057,24.531033384742233,60,264.6,10.307865044827672,313,-0.18286166014808286
1460,uva,packing_A,T07,largo,20,G2,4.2322594991249565,0.689683618438553,1.1875352141055875,True,441,269.8880605399796,63.401077883055464,-0.3573600066238057,24.531033384742233,60,264.6,10.307865044827672,314,-0.3638671954413357
1460,uva,packing_A,T07,largo,20,G2,4.2322594991249565,0.689683618438553,1.1875352141055875,True,441,269.8880605399796,63.401077883055464,-0.3573600066238057,24.531033384742233,60,264.6,10.307865044827672,315,-0.3689895716777711
1460,uva,packing_A,T07,largo,20,G2,4.2322594991249565,0.689683618438553,1.1875352141055875,True,441,269.8880605399796,63.401077883055464,-0.3573600066238057,24.531033384742233,60,264.6,10.307865044827672,316,-0.5523230427853325
1460,uva,packing_A,T07,largo,20,G2,4.2322594991249565,0.689683618438553,1.1875352141055875,True,441,269.8880605399796,63.401077883055464,-0.3573600066238057,24.531033384742233,60,264.6,10.307865044827672,317,-0.6235109060097791
1460,uva,packing_A,T07,largo,20,G2,4.2322594991249565,0.689683618438553,1.1875352141055875,True,441,269.8880605399796,63.401077883055464,-0.3573600066238057,24.531033384742233,60,264.6,10.307865044827672,318,-0.4897169102407637
1460,uva,packing_A,T07,largo,20,G2,4.2322594991249565,0.689683618438553,1.1875352141055875,True,441,269.8880605399796,63.401077883055464,-0.3573600066238057,24.531033384742233,60,264.6,10.307865044827672,319,-0.7065599197913168
1460,uva,packing_A,T07,largo,20,G2,4.2322594991249565,0.689683618438553,1.1875352141055875,True,441,269.8880605399796,63.401077883055464,-0.3573600066238057,24.531033384742233,60,264.6,10.307865044827672,320,-0.5981598610485942
1460,uva,packing_A,T07,largo,20,G2,4.2322594991249565,0.689683618438553,1.1875352141055875,True,441,269.8880605399796,63.401077883055464,-0.3573600066238057,24.531033384742233,60,264.6,10.307865044827672,321,-0.8320054182573868
1460,uva,packing_A,T07,largo,20,G2,4.2322594991249565,0.689683618438553,1.1875352141055875,True,441,269.8880605399796,63.401077883055464,-0.3573600066238057,24.531033384742233,60,264.6,10.307865044827672,322,-0.7578509134104581
1460,uva,packing_A,T07,largo,20,G2,4.2322594991249565,0.689683618438553,1.1875352141055875,True,441,269.8880605399796,63.401077883055464,-0.3573600066238057,24.531033384742233,60,264.6,10.307865044827672,323,-0.8907064936182765
1460,uva,packing_A,T07,largo,20,G2,4.2322594991249565,0.689683618438553,1.1875352141055875,True,441,269.8880605399796,63.401077883055464,-0.3573600066238057,24.531033384742233,60,264.6,10.307865044827672,324,-0.710163164511167
1460,uva,packing_A,T07,largo,20,G2,4.2322594991249565,0.689683618438553,1.1875352141055875,True,441,269.8880605399796,63.401077883055464,-0.3573600066238057,24.531033384742233,60,264.6,10.307865044827672,325,-0.6798201890616606
1460,uva,packing_A,T07,largo,20,G2,4.2322594991249565,0.689683618438553,1.1875352141055875,True,441,269.8880605399796,63.401077883055464,-0.3573600066238057,24.531033384742233,60,264.6,10.307865044827672,326,-0.6939189678637971
1460,uva,packing_A,T07,largo,20,G2,4.2322594991249565,0.689683618438553,1.1875352141055875,True,441,269.8880605399796,63.401077883055464,-0.3573600066238057,24.531033384742233,60,264.6,10.307865044827672,327,-0.521662755034505
1460,uva,packing_A,T07,largo,20,G2,4.2322594991249565,0.689683618438553,1.1875352141055875,True,441,269.8880605399796,63.401077883055464,-0.3573600066238057,24.531033384742233,60,264.6,10.307865044827672,328,-0.7318143992429214
1460,uva,packing_A,T07,largo,20,G2,4.2322594991249565,0.689683618438553,1.1875352141055875,True,441,269.8880605399796,63.401077883055464,-0.3573600066238057,24.531033384742233,60,264.6,10.307865044827672,329,-0.5015196130304144
1460,uva,packing_A,T07,largo,20,G2,4.2322594991249565,0.689683618438553,1.1875352141055875,True,441,269.8880605399796,63.401077883055464,-0.3573600066238057,24.531033384742233,60,264.6,10.307865044827672,330,-0.2599490545975294
1460,uva,packing_A,T07,largo,20,G2,4.2322594991249565,0.689683618438553,1.1875352141055875,True,441,269.8880605399796,63.401077883055464,-0.3573600066238057,24.531033384742233,60,264.6,10.307865044827672,331,-0.2668763600021492
1460,uva,packing_A,T07,largo,20,G2,4.2322594991249565,0.689683618438553,1.1875352141055875,True,441,269.8880605399796,63.401077883055464,-0.3573600066238057,24.531033384742233,60,264.6,10.307865044827672,332,-0.2411500764936093
1460,uva,packing_A,T07,largo,20,G2,4.2322594991249565,0.689683618438553,1.1875352141055875,True,441,269.8880605399796,63.401077883055464,-0.3573600066238057,24.531033384742233,60,264.6,10.307865044827672,333,0.13714643412514077
1460,uva,packing_A,T07,largo,20,G2,4.2322594991249565,0.689683618438553,1.1875352141055875,True,441,269.8880605399796,63.401077883055464,-0.3573600066238057,24.531033384742233,60,264.6,10.307865044827672,334,-0.06000075767088062
1460,uva,packing_A,T07,largo,20,G2,4.2322594991249565,0.689683618438553,1.1875352141055875,True,441,269.8880605399796,63.401077883055464,-0.3573600066238057,24.531033384742233,60,264.6,10.307865044827672,335,0.0003662931231322164
1460,uva,packing_A,T07,largo,20,G2,4.2322594991249565,0.689683618438553,1.1875352141055875,True,441,269.8880605399796,63.401077883055464,-0.3573600066238057,24.531033384742233,60,264.6,10.307865044827672,336,0.0799996467907521
1460,uva,packing_A,T07,largo,20,G2,4.2322594991249565,0.689683618438553,1.1875352141055875,True,441,269.8880605399796,63.401077883055464,-0.3573600066238057,24.531033384742233,60,264.6,10.307865044827672,337,0.2339316612955631
1460,uva,packing_A,T07,largo,20,G2,4.2322594991249565,0.689683618438553,1.1875352141055875,True,441,269.8880605399796,63.401077883055464,-0.3573600066238057,24.531033384742233,60,264.6,10.307865044827672,338,0.057167425062453245
1460,uva,packing_A,T07,largo,20,G2,4.2322594991249565,0.689683618438553,1.1875352141055875,True,441,269.8880605399796,63.401077883055464,-0.3573600066238057,24.531033384742233,60,264.6,10.307865044827672,339,0.016123080167666642
1460,uva,packing_A,T07,largo,20,G2,4.2322594991249565,0.689683618438553,1.1875352141055875,True,441,269.8880605399796,63.401077883055464,-0.3573600066238057,24.531033384742233,60,264.6,10.307865044827672,340,0.08006472486043725
1460,uva,packing_A,T07,largo,20,G2,4.2322594991249565,0.689683618438553,1.1875352141055875,True,441,269.8880605399796,63.401077883055464,-0.3573600066238057,24.531033384742233,60,264.6,10.307865044827672,341,0.005811284811430897
1460,uva,packing_A,T07,largo,20,G2,4.2322594991249565,0.689683618438553,1.1875352141055875,True,441,269.8880605399796,63.401077883055464,-0.3573600066238057,24.531033384742233,60,264.6,10.307865044827672,342,-0.019260022926433307
1460,uva,packing_A,T07,largo,20,G2,4.2322594991249565,0.689683618438553,1.1875352141055875,True,441,269.8880605399796,63.401077883055464,-0.3573600066238057,24.531033384742233,60,264.6,10.307865044827672,343,-0.16897767193996113
1460,uva,packing_A,T07,largo,20,G2,4.2322594991249565,0.689683618438553,1.1875352141055875,True,441,269.8880605399796,63.401077883055464,-0.3573600066238057,24.531033384742233,60,264.6,10.307865044827672,344,-0.3953038315464842
1460,uva,packing_A,T07,largo,20,G2,4.2322594991249565,0.689683618438553,1.1875352141055875,True,441,269.8880605399796,63.401077883055464,-0.3573600066238057,24.531033384742233,60,264.6,10.307865044827672,345,-0.28714755253120566
1460,uva,packing_A,T07,largo,20,G2,4.2322594991249565,0.689683618438553,1.1875352141055875,True,441,269.8880605399796,63.401077883055464,-0.3573600066238057,24.531033384742233,60,264.6,10.307865044827672,346,-0.4588854048350031
1460,uva,packing_A,T07,largo,20,G2,4.2322594991249565,0.689683618438553,1.1875352141055875,True,441,269.8880605399796,63.401077883055464,-0.3573600066238057,24.531033384742233,60,264.6,10.307865044827672,347,-0.5622843671343297
1460,uva,packing_A,T07,largo,20,G2,4.2322594991249565,0.689683618438553,1.1875352141055875,True,441,269.8880605399796,63.401077883055464,-0.3573600066238057,24.531033384742233,60,264.6,10.307865044827672,348,-0.7986799265043287
1460,uva,packing_A,T07,largo,20,G2,4.2322594991249565,0.689683618438553,1.1875352141055875,True,441,269.8880605399796,63.401077883055464,-0.3573600066238057,24.531033384742233,60,264.6,10.307865044827672,349,-0.6376867751622619
1460,uva,packing_A,T07,largo,20,G2,4.2322594991249565,0.689683618438553,1.1875352141055875,True,441,269.8880605399796,63.401077883055464,-0.3573600066238057,24.531033384742233,60,264.6,10.307865044827672,350,-0.9641323676809521
1460,uva,packing_A,T07,largo,20,G2,4.2322594991249565,0.689683618438553,1.1875352141055875,True,441,269.8880605399796,63.401077883055464,-0.3573600066238057,24.531033384742233,60,264.6,10.307865044827672,351,-0.9752383157944396
1460,uva,packing_A,T07,largo,20,G2,4.2322594991249565,0.689683618438553,1.1875352141055875,True,441,269.8880605399796,63.401077883055464,-0.3573600066238057,24.531033384742233,60,264.6,10.307865044827672,352,-0.8660069308385762
1460,uva,packing_A,T07,largo,20,G2,4.2322594991249565,0.689683618438553,1.1875352141055875,True,441,269.8880605399796,63.401077883055464,-0.3573600066238057,24.531033384742233,60,264.6,10.307865044827672,353,-0.7267414479247206
1460,uva,packing_A,T07,largo,20,G2,4.2322594991249565,0.689683618438553,1.1875352141055875,True,441,269.8880605399796,63.401077883055464,-0.3573600066238057,24.531033384742233,60,264.6,10.307865044827672,354,-0.9766289735436992
1460,uva,packing_A,T07,largo,20,G2,4.2322594991249565,0.689683618438553,1.1875352141055875,True,441,269.8880605399796,63.401077883055464,-0.3573600066238057,24.531033384742233,60,264.6,10.307865044827672,355,-0.7364736363621271
1460,uva,packing_A,T07,largo,20,G2,4.2322594991249565,0.689683618438553,1.1875352141055875,True,441,269.8880605399796,63.401077883055464,-0.3573600066238057,24.531033384742233,60,264.6,10.307865044827672,356,-0.7732126637794009
1460,uva,packing_A,T07,largo,20,G2,4.2322594991249565,0.689683618438553,1.1875352141055875,True,441,269.8880605399796,63.401077883055464,-0.3573600066238057,24.531033384742233,60,264.6,10.307865044827672,357,-0.744816331440663
1460,uva,packing_A,T07,largo,20,G2,4.2322594991249565,0.689683618438553,1.1875352141055875,True,441,269.8880605399796,63.401077883055464,-0.3573600066238057,24.531033384742233,60,264.6,10.307865044827672,358,-0.44785177309620056
1460,uva,packing_A,T07,largo,20,G2,4.2322594991249565,0.689683618438553,1.1875352141055875,True,441,269.8880605399796,63.401077883055464,-0.3573600066238057,24.531033384742233,60,264.6,10.307865044827672,359,-0.6254026235343462
1460,uva,packing_A,T07,largo,20,G2,4.2322594991249565,0.689683618438553,1.1875352141055875,True,441,269.8880605399796,63.401077883055464,-0.3573600066238057,24.531033384742233,60,264.6,10.307865044827672,360,-0.28234977570031683
1460,uva,packing_A,T07,largo,20,G2,4.2322594991249565,0.689683618438553,1.1875352141055875,True,441,269.8880605399796,63.401077883055464,-0.3573600066238057,24.531033384742233,60,264.6,10.307865044827672,361,-0.1593414212762958
1460,uva,packing_A,T07,largo,20,G2,4.2322594991249565,0.689683618438553,1.1875352141055875,True,441,269.8880605399796,63.401077883055464,-0.3573600066238057,24.531033384742233,60,264.6,10.307865044827672,362,-0.1145535338159005
1460,uva,packing_A,T07,largo,20,G2,4.2322594991249565,0.689683618438553,1.1875352141055875,True,441,269.8880605399796,63.401077883055464,-0.3573600066238057,24.531033384742233,60,264.6,10.307865044827672,363,0.017177685664239384
1460,uva,packing_A,T07,largo,20,G2,4.2322594991249565,0.689683618438553,1.1875352141055875,True,441,269.8880605399796,63.401077883055464,-0.3573600066238057,24.531033384742233,60,264.6,10.307865044827672,364,-0.08591530208109736
1460,uva,packing_A,T07,largo,20,G2,4.2322594991249565,0.689683618438553,1.1875352141055875,True,441,269.8880605399796,63.401077883055464,-0.3573600066238057,24.531033384742233,60,264.6,10.307865044827672,365,0.128871919288979
1460,uva,packing_A,T07,largo,20,G2,4.2322594991249565,0.689683618438553,1.1875352141055875,True,441,269.8880605399796,63.401077883055464,-0.3573600066238057,24.531033384742233,60,264.6,10.307865044827672,366,0.1791248500957316
1460,uva,packing_A,T07,largo,20,G2,4.2322594991249565,0.689683618438553,1.1875352141055875,True,441,269.8880605399796,63.401077883055464,-0.3573600066238057,24.531033384742233,60,264.6,10.307865044827672,367,0.08740152473044296
1460,uva,packing_A,T07,largo,20,G2,4.2322594991249565,0.689683618438553,1.1875352141055875,True,441,269.8880605399796,63.401077883055464,-0.3573600066238057,24.531033384742233,60,264.6,10.307865044827672,368,0.07781192217972435
1460,uva,packing_A,T07,largo,20,G2,4.2322594991249565,0.689683618438553,1.1875352141055875,True,441,269.8880605399796,63.401077883055464,-0.3573600066238057,24.531033384742233,60,264.6,10.307865044827672,369,-0.08735847937984464
1460,uva,packing_A,T07,largo,20,G2,4.2322594991249565,0.689683618438553,1.1875352141055875,True,441,269.8880605399796,63.401077883055464,-0.3573600066238057,24.531033384742233,60,264.6,10.307865044827672,370,0.09315486149475466
1460,uva,packing_A,T07,largo,20,G2,4.2322594991249565,0.689683618438553,1.1875352141055875,True,441,269.8880605399796,63.401077883055464,-0.3573600066238057,24.531033384742233,60,264.6,10.307865044827672,371,-0.13853175955225483
1460,uva,packing_A,T07,largo,20,G2,4.2322594991249565,0.689683618438553,1.1875352141055875,True,441,269.8880605399796,63.401077883055464,-0.3573600066238057,24.531033384742233,60,264.6,10.307865044827672,372,0.005659649028446775
1460,uva,packing_A,T07,largo,20,G2,4.2322594991249565,0.689683618438553,1.1875352141055875,True,441,269.8880605399796,63.401077883055464,-0.3573600066238057,24.531033384742233,60,264.6,10.307865044827672,373,-0.3760280936507857
1460,uva,packing_A,T07,largo,20,G2,4.2322594991249565,0.689683618438553,1.1875352141055875,True,441,269.8880605399796,63.401077883055464,-0.3573600066238057,24.531033384742233,60,264.6,10.307865044827672,374,-0.1369720765187214
1460,uva,packing_A,T07,largo,20,G2,4.2322594991249565,0.689683618438553,1.1875352141055875,True,441,269.8880605399796,63.401077883055464,-0.3573600066238057,24.531033384742233,60,264.6,10.307865044827672,375,-0.3794676587406692
1460,uva,packing_A,T07,largo,20,G2,4.2322594991249565,0.689683618438553,1.1875352141055875,True,441,269.8880605399796,63.401077883055464,-0.3573600066238057,24.531033384742233,60,264.6,10.307865044827672,376,-0.5730144681583444
1460,uva,packing_A,T07,largo,20,G2,4.2322594991249565,0.689683618438553,1.1875352141055875,True,441,269.8880605399796,63.401077883055464,-0.3573600066238057,24.531033384742233,60,264.6,10.307865044827672,377,-0.6222142259755981
1460,uva,packing_A,T07,largo,20,G2,4.2322594991249565,0.689683618438553,1.1875352141055875,True,441,269.8880605399796,63.401077883055464,-0.3573600066238057,24.531033384742233,60,264.6,10.307865044827672,378,-0.5696045358077482
1460,uva,packing_A,T07,largo,20,G2,4.2322594991249565,0.689683618438553,1.1875352141055875,True,441,269.8880605399796,63.401077883055464,-0.3573600066238057,24.531033384742233,60,264.6,10.307865044827672,379,-0.7109753607120902
1460,uva,packing_A,T07,largo,20,G2,4.2322594991249565,0.689683618438553,1.1875352141055875,True,441,269.8880605399796,63.401077883055464,-0.3573600066238057,24.531033384742233,60,264.6,10.307865044827672,380,-0.9042531316757986
1460,uva,packing_A,T07,largo,20,G2,4.2322594991249565,0.689683618438553,1.1875352141055875,True,441,269.8880605399796,63.401077883055464,-0.3573600066238057,24.531033384742233,60,264.6,10.307865044827672,381,-0.774917317157783
1460,uva,packing_A,T07,largo,20,G2,4.2322594991249565,0.689683618438553,1.1875352141055875,True,441,269.8880605399796,63.401077883055464,-0.3573600066238057,24.531033384742233,60,264.6,10.307865044827672,382,-0.8830537638161475
1460,uva,packing_A,T07,largo,20,G2,4.2322594991249565,0.689683618438553,1.1875352141055875,True,441,269.8880605399796,63.401077883055464,-0.3573600066238057,24.531033384742233,60,264.6,10.307865044827672,383,-0.920709155086844
1460,uva,packing_A,T07,largo,20,G2,4.2322594991249565,0.689683618438553,1.1875352141055875,True,441,269.8880605399796,63.401077883055464,-0.3573600066238057,24.531033384742233,60,264.6,10.307865044827672,384,-0.780626170449844
1460,uva,packing_A,T07,largo,20,G2,4.2322594991249565,0.689683618438553,1.1875352141055875,True,441,269.8880605399796,63.401077883055464,-0.3573600066238057,24.531033384742233,60,264.6,10.307865044827672,385,-0.8914792728926257
1460,uva,packing_A,T07,largo,20,G2,4.2322594991249565,0.689683618438553,1.1875352141055875,True,441,269.8880605399796,63.401077883055464,-0.3573600066238057,24.531033384742233,60,264.6,10.307865044827672,386,-0.7772526476601401
1460,uva,packing_A,T07,largo,20,G2,4.2322594991249565,0.689683618438553,1.1875352141055875,True,441,269.8880605399796,63.401077883055464,-0.3573600066238057,24.531033384742233,60,264.6,10.307865044827672,387,-0.6826038725644896
1460,uva,packing_A,T07,largo,20,G2,4.2322594991249565,0.689683618438553,1.1875352141055875,True,441,269.8880605399796,63.401077883055464,-0.3573600066238057,24.531033384742233,60,264.6,10.307865044827672,388,-0.5216113265951103
1460,uva,packing_A,T07,largo,20,G2,4.2322594991249565,0.689683618438553,1.1875352141055875,True,441,269.8880605399796,63.401077883055464,-0.3573600066238057,24.531033384742233,60,264.6,10.307865044827672,389,-0.4383338264897399
1460,uva,packing_A,T07,largo,20,G2,4.2322594991249565,0.689683618438553,1.1875352141055875,True,441,269.8880605399796,63.401077883055464,-0.3573600066238057,24.531033384742233,60,264.6,10.307865044827672,390,-0.0009234466548735942
1460,uva,packing_A,T07,largo,20,G2,4.2322594991249565,0.689683618438553,1.1875352141055875,True,441,269.8880605399796,63.401077883055464,-0.3573600066238057,24.531033384742233,60,264.6,10.307865044827672,391,-0.22558274967056746
1460,uva,packing_A,T07,largo,20,G2,4.2322594991249565,0.689683618438553,1.1875352141055875,True,441,269.8880605399796,63.401077883055464,-0.3573600066238057,24.531033384742233,60,264.6,10.307865044827672,392,-0.06576925604209126
1460,uva,packing_A,T07,largo,20,G2,4.2322594991249565,0.689683618438553,1.1875352141055875,True,441,269.8880605399796,63.401077883055464,-0.3573600066238057,24.531033384742233,60,264.6,10.307865044827672,393,-0.02120387340756205
1460,uva,packing_A,T07,largo,20,G2,4.2322594991249565,0.689683618438553,1.1875352141055875,True,441,269.8880605399796,63.401077883055464,-0.3573600066238057,24.531033384742233,60,264.6,10.307865044827672,394,0.06559459724598213
1460,uva,packing_A,T07,largo,20,G2,4.2322594991249565,0.689683618438553,1.1875352141055875,True,441,269.8880605399796,63.401077883055464,-0.3573600066238057,24.531033384742233,60,264.6,10.307865044827672,395,0.037019835508079
1460,uva,packing_A,T07,largo,20,G2,4.2322594991249565,0.689683618438553,1.1875352141055875,True,441,269.8880605399796,63.401077883055464,-0.3573600066238057,24.531033384742233,60,264.6,10.307865044827672,396,0.11675583525855725
1460,uva,packing_A,T07,largo,20,G2,4.2322594991249565,0.689683618438553,1.1875352141055875,True,441,269.8880605399796,63.401077883055464,-0.3573600066238057,24.531033384742233,60,264.6,10.307865044827672,397,0.13219318007605035
1460,uva,packing_A,T07,largo,20,G2,4.2322594991249565,0.689683618438553,1.1875352141055875,True,441,269.8880605399796,63.401077883055464,-0.3573600066238057,24.531033384742233,60,264.6,10.307865044827672,398,0.002119735422480201
1460,uva,packing_A,T07,largo,20,G2,4.2322594991249565,0.689683618438553,1.1875352141055875,True,441,269.8880605399796,63.401077883055464,-0.3573600066238057,24.531033384742233,60,264.6,10.307865044827672,399,0.02105054035807291
1460,uva,packing_A,T07,largo,20,G2,4.2322594991249565,0.689683618438553,1.1875352141055875,True,441,269.8880605399796,63.401077883055464,-0.3573600066238057,24.531033384742233,60,264.6,10.307865044827672,400,-0.21977620826147765
1460,uva,packing_A,T07,largo,20,G2,4.2322594991249565,0.689683618438553,1.1875352141055875,True,441,269.8880605399796,63.401077883055464,-0.3573600066238057,24.531033384742233,60,264.6,10.307865044827672,401,0.028294441680402717
1460,uva,packing_A,T07,largo,20,G2,4.2322594991249565,0.689683618438553,1.1875352141055875,True,441,269.8880605399796,63.401077883055464,-0.3573600066238057,24.531033384742233,60,264.6,10.307865044827672,402,-0.17157617340395215
1460,uva,packing_A,T07,largo,20,G2,4.2322594991249565,0.689683618438553,1.1875352141055875,True,441,269.8880605399796,63.401077883055464,-0.3573600066238057,24.531033384742233,60,264.6,10.307865044827672,403,0.023557697423933932
1460,uva,packing_A,T07,largo,20,G2,4.2322594991249565,0.689683618438553,1.1875352141055875,True,441,269.8880605399796,63.401077883055464,-0.3573600066238057,24.531033384742233,60,264.6,10.307865044827672,404,-0.24882281935223236
1460,uva,packing_A,T07,largo,20,G2,4.2322594991249565,0.689683618438553,1.1875352141055875,True,441,269.8880605399796,63.401077883055464,-0.3573600066238057,24.531033384742233,60,264.6,10.307865044827672,405,-0.3774102954743514
1460,uva,packing_A,T07,largo,20,G2,4.2322594991249565,0.689683618438553,1.1875352141055875,True,441,269.8880605399796,63.401077883055464,-0.3573600066238057,24.531033384742233,60,264.6,10.307865044827672,406,-0.43719759963926413
1460,uva,packing_A,T07,largo,20,G2,4.2322594991249565,0.689683618438553,1.1875352141055875,True,441,269.8880605399796,63.401077883055464,-0.3573600066238057,24.531033384742233,60,264.6,10.307865044827672,407,-0.5149959272276401
1460,uva,packing_A,T07,largo,20,G2,4.2322594991249565,0.689683618438553,1.1875352141055875,True,441,269.8880605399796,63.401077883055464,-0.3573600066238057,24.531033384742233,60,264.6,10.307865044827672,408,-0.4702015570628066
1460,uva,packing_A,T07,largo,20,G2,4.2322594991249565,0.689683618438553,1.1875352141055875,True,441,269.8880605399796,63.401077883055464,-0.3573600066238057,24.531033384742233,60,264.6,10.307865044827672,409,-0.7013018051944724
1460,uva,packing_A,T07,largo,20,G2,4.2322594991249565,0.689683618438553,1.1875352141055875,True,441,269.8880605399796,63.401077883055464,-0.3573600066238057,24.531033384742233,60,264.6,10.307865044827672,410,-0.8675730070779797
1460,uva,packing_A,T07,largo,20,G2,4.2322594991249565,0.689683618438553,1.1875352141055875,True,441,269.8880605399796,63.401077883055464,-0.3573600066238057,24.531033384742233,60,264.6,10.307865044827672,411,-0.7508753889779739
1460,uva,packing_A,T07,largo,20,G2,4.2322594991249565,0.689683618438553,1.1875352141055875,True,441,269.8880605399796,63.401077883055464,-0.3573600066238057,24.531033384742233,60,264.6,10.307865044827672,412,-0.8295182573236655
1460,uva,packing_A,T07,largo,20,G2,4.2322594991249565,0.689683618438553,1.1875352141055875,True,441,269.8880605399796,63.401077883055464,-0.3573600066238057,24.531033384742233,60,264.6,10.307865044827672,413,-0.9878308560136232
1460,uva,packing_A,T07,largo,20,G2,4.2322594991249565,0.689683618438553,1.1875352141055875,True,441,269.8880605399796,63.401077883055464,-0.3573600066238057,24.531033384742233,60,264.6,10.307865044827672,414,-0.8343634877662491
1460,uva,packing_A,T07,largo,20,G2,4.2322594991249565,0.689683618438553,1.1875352141055875,True,441,269.8880605399796,63.401077883055464,-0.3573600066238057,24.531033384742233,60,264.6,10.307865044827672,415,-0.7804845907143859
1460,uva,packing_A,T07,largo,20,G2,4.2322594991249565,0.689683618438553,1.1875352141055875,True,441,269.8880605399796,63.401077883055464,-0.3573600066238057,24.531033384742233,60,264.6,10.307865044827672,416,-0.783039341840684
1460,uva,packing_A,T07,largo,20,G2,4.2322594991249565,0.689683618438553,1.1875352141055875,True,441,269.8880605399796,63.401077883055464,-0.3573600066238057,24.531033384742233,60,264.6,10.307865044827672,417,-0.5903234807548777
1460,uva,packing_A,T07,largo,20,G2,4.2322594991249565,0.689683618438553,1.1875352141055875,True,441,269.8880605399796,63.401077883055464,-0.3573600066238057,24.531033384742233,60,264.6,10.307865044827672,418,-0.5267602580792957
1460,uva,packing_A,T07,largo,20,G2,4.2322594991249565,0.689683618438553,1.1875352141055875,True,441,269.8880605399796,63.401077883055464,-0.3573600066238057,24.531033384742233,60,264.6,10.307865044827672,419,-0.31791712539546135
1460,uva,packing_A,T07,largo,20,G2,4.2322594991249565,0.689683618438553,1.1875352141055875,True,441,269.8880605399796,63.401077883055464,-0.3573600066238057,24.531033384742233,60,264.6,10.307865044827672,420,-0.5926521155050609
1460,uva,packing_A,T07,largo,20,G2,4.2322594991249565,0.689683618438553,1.1875352141055875,True,441,269.8880605399796,63.401077883055464,-0.3573600066238057,24.531033384742233,60,264.6,10.307865044827672,421,-0.23703296701392185
1460,uva,packing_A,T07,largo,20,G2,4.2322594991249565,0.689683618438553,1.1875352141055875,True,441,269.8880605399796,63.401077883055464,-0.3573600066238057,24.531033384742233,60,264.6,10.307865044827672,422,-0.17283392477059029
1460,uva,packing_A,T07,largo,20,G2,4.2322594991249565,0.689683618438553,1.1875352141055875,True,441,269.8880605399796,63.401077883055464,-0.3573600066238057,24.531033384742233,60,264.6,10.307865044827672,423,-0.05226904412195236
1460,uva,packing_A,T07,largo,20,G2,4.2322594991249565,0.689683618438553,1.1875352141055875,True,441,269.8880605399796,63.401077883055464,-0.3573600066238057,24.531033384742233,60,264.6,10.307865044827672,424,-0.09457737904303182
1460,uva,packing_A,T07,largo,20,G2,4.2322594991249565,0.689683618438553,1.1875352141055875,True,441,269.8880605399796,63.401077883055464,-0.3573600066238057,24.531033384742233,60,264.6,10.307865044827672,425,0.14032890764184558
1460,uva,packing_A,T07,largo,20,G2,4.2322594991249565,0.689683618438553,1.1875352141055875,True,441,269.8880605399796,63.401077883055464,-0.3573600066238057,24.531033384742233,60,264.6,10.307865044827672,426,0.12670746766303628
1460,uva,packing_A,T07,largo,20,G2,4.2322594991249565,0.689683618438553,1.1875352141055875,True,441,269.8880605399796,63.401077883055464,-0.3573600066238057,24.531033384742233,60,264.6,10.307865044827672,427,0.23351642312955545
1460,uva,packing_A,T07,largo,20,G2,4.2322594991249565,0.689683618438553,1.1875352141055875,True,441,269.8880605399796,63.401077883055464,-0.3573600066238057,24.531033384742233,60,264.6,10.307865044827672,428,-0.011929736887384301
1460,uva,packing_A,T07,largo,20,G2,4.2322594991249565,0.689683618438553,1.1875352141055875,True,441,269.8880605399796,63.401077883055464,-0.3573600066238057,24.531033384742233,60,264.6,10.307865044827672,429,0.21695529589099113
1460,uva,packing_A,T07,largo,20,G2,4.2322594991249565,0.689683618438553,1.1875352141055875,True,441,269.8880605399796,63.401077883055464,-0.3573600066238057,24.531033384742233,60,264.6,10.307865044827672,430,0.10379919688583397
1460,uva,packing_A,T07,largo,20,G2,4.2322594991249565,0.689683618438553,1.1875352141055875,True,441,269.8880605399796,63.401077883055464,-0.3573600066238057,24.531033384742233,60,264.6,10.307865044827672,431,0.0716462142847429
1460,uva,packing_A,T07,largo,20,G2,4.2322594991249565,0.689683618438553,1.1875352141055875,True,441,269.8880605399796,63.401077883055464,-0.3573600066238057,24.531033384742233,60,264.6,10.307865044827672,432,-0.03319246409638021
1460,uva,packing_A,T07,largo,20,G2,4.2322594991249565,0.689683618438553,1.1875352141055875,True,441,269.8880605399796,63.401077883055464,-0.3573600066238057,24.531033384742233,60,264.6,10.307865044827672,433,-0.12710903804459223
1460,uva,packing_A,T07,largo,20,G2,4.2322594991249565,0.689683618438553,1.1875352141055875,True,441,269.8880605399796,63.401077883055464,-0.3573600066238057,24.531033384742233,60,264.6,10.307865044827672,434,-0.10161743129949874
1460,uva,packing_A,T07,largo,20,G2,4.2322594991249565,0.689683618438553,1.1875352141055875,True,441,269.8880605399796,63.401077883055464,-0.3573600066238057,24.531033384742233,60,264.6,10.307865044827672,435,-0.3604323825894252
1460,uva,packing_A,T07,largo,20,G2,4.2322594991249565,0.689683618438553,1.1875352141055875,True,441,269.8880605399796,63.401077883055464,-0.3573600066238057,24.531033384742233,60,264.6,10.307865044827672,436,-0.41160929823936676
1460,uva,packing_A,T07,largo,20,G2,4.2322594991249565,0.689683618438553,1.1875352141055875,True,441,269.8880605399796,63.401077883055464,-0.3573600066238057,24.531033384742233,60,264.6,10.307865044827672,437,-0.5187822144858837
1460,uva,packing_A,T07,largo,20,G2,4.2322594991249565,0.689683618438553,1.1875352141055875,True,441,269.8880605399796,63.401077883055464,-0.3573600066238057,24.531033384742233,60,264.6,10.307865044827672,438,-0.7233344752188385
1460,uva,packing_A,T07,largo,20,G2,4.2322594991249565,0.689683618438553,1.1875352141055875,True,441,269.8880605399796,63.401077883055464,-0.3573600066238057,24.531033384742233,60,264.6,10.307865044827672,439,-0.7538855795687326
1460,uva,packing_A,T07,largo,20,G2,4.2322594991249565,0.689683618438553,1.1875352141055875,True,441,269.8880605399796,63.401077883055464,-0.3573600066238057,24.531033384742233,60,264.6,10.307865044827672,440,-0.8130083109940446
