proceso_id,epoca,packing,tunel,tipo_tunel,iteracion,mass_group,masa_ton,ocupabilidad,caudal_factor,anomalia_duracion,duracion_min,duracion_esperada_min,delta_duracion_pct,setpoint,T0,pct_transitorio,t_trans_min,overshoot_pct,tiempo_min,temperatura
300,mora,packing_A,T08,largo,20,G2,4.178662607029911,0.7008863750122029,1.1856699165796902,True,471,270.371952506341,74.20446005358255,0.4219090317444804,23.734065764522462,60,282.6,11.720593063639747,0,23.60926798330354
300,mora,packing_A,T08,largo,20,G2,4.178662607029911,0.7008863750122029,1.1856699165796902,True,471,270.371952506341,74.20446005358255,0.4219090317444804,23.734065764522462,60,282.6,11.720593063639747,1,23.477828469947777
300,mora,packing_A,T08,largo,20,G2,4.178662607029911,0.7008863750122029,1.1856699165796902,True,471,270.371952506341,74.20446005358255,0.4219090317444804,23.734065764522462,60,282.6,11.720593063639747,2,23.273951488071727
300,mora,packing_A,T08,largo,20,G2,4.178662607029911,0.7008863750122029,1.1856699165796902,True,471,270.371952506341,74.20446005358255,0.4219090317444804,23.734065764522462,60,282.6,11.720593063639747,3,23.07486350935782
300,mora,packing_A,T08,largo,20,G2,4.178662607029911,0.7008863750122029,1.1856699165796902,True,471,270.371952506341,74.20446005358255,0.4219090317444804,23.734065764522462,60,282.6,11.720593063639747,4,22.941734428781167
300,mora,packing_A,T08,largo,20,G2,4.178662607029911,0.7008863750122029,1.1856699165796902,True,471,270.371952506341,74.20446005358255,0.4219090317444804,23.734065764522462,60,282.6,11.720593063639747,5,22.63795782151206
300,mora,packing_A,T08,largo,20,G2,4.178662607029911,0.7008863750122029,1.1856699165796902,True,471,270.371952506341,74.20446005358255,0.4219090317444804,23.734065764522462,60,282.6,11.720593063639747,6,22.26923764142395
300,mora,packing_A,T08,largo,20,G2,4.178662607029911,0.7008863750122029,1.1856699165796902,True,471,270.371952506341,74.20446005358255,0.4219090317444804,23.734065764522462,60,282.6,11.720593063639747,7,22.082079781187048
300,mora,packing_A,T08,largo,20,G2,4.178662607029911,0.7008863750122029,1.1856699165796902,True,471,270.371952506341,74.20446005358255,0.4219090317444804,23.734065764522462,60,282.6,11.720593063639747,8,21.758223384856784
300,mora,packing_A,T08,largo,20,G2,4.178662607029911,0.7008863750122029,1.1856699165796902,True,471,270.371952506341,74.20446005358255,0.4219090317444804,23.734065764522462,60,282.6,11.720593063639747,9,21.549589817263193
300,mora,packing_A,T08,largo,20,G2,4.178662607029911,0.7008863750122029,1.1856699165796902,True,471,270.371952506341,74.20446005358255,0.4219090317444804,23.734065764522462,60,282.6,11.720593063639747,10,21.582643775905492
300,mora,packing_A,T08,largo,20,G2,4.178662607029911,0.7008863750122029,1.1856699165796902,True,471,270.371952506341,74.20446005358255,0.4219090317444804,23.734065764522462,60,282.6,11.720593063639747,11,21.17339502964957
300,mora,packing_A,T08,largo,20,G2,4.178662607029911,0.7008863750122029,1.1856699165796902,True,471,270.371952506341,74.20446005358255,0.4219090317444804,23.734065764522462,60,282.6,11.720593063639747,12,20.995673263073794
300,mora,packing_A,T08,largo,20,G2,4.178662607029911,0.7008863750122029,1.1856699165796902,True,471,270.371952506341,74.20446005358255,0.4219090317444804,23.734065764522462,60,282.6,11.720593063639747,13,20.786854964214402
300,mora,packing_A,T08,largo,20,G2,4.178662607029911,0.7008863750122029,1.1856699165796902,True,471,270.371952506341,74.20446005358255,0.4219090317444804,23.734065764522462,60,282.6,11.720593063639747,14,20.256371817740327
300,mora,packing_A,T08,largo,20,G2,4.178662607029911,0.7008863750122029,1.1856699165796902,True,471,270.371952506341,74.20446005358255,0.4219090317444804,23.734065764522462,60,282.6,11.720593063639747,15,20.060924977328497
300,mora,packing_A,T08,largo,20,G2,4.178662607029911,0.7008863750122029,1.1856699165796902,True,471,270.371952506341,74.20446005358255,0.4219090317444804,23.734065764522462,60,282.6,11.720593063639747,16,19.6921670800498
300,mora,packing_A,T08,largo,20,G2,4.178662607029911,0.7008863750122029,1.1856699165796902,True,471,270.371952506341,74.20446005358255,0.4219090317444804,23.734065764522462,60,282.6,11.720593063639747,17,19.735500494621053
300,mora,packing_A,T08,largo,20,G2,4.178662607029911,0.7008863750122029,1.1856699165796902,True,471,270.371952506341,74.20446005358255,0.4219090317444804,23.734065764522462,60,282.6,11.720593063639747,18,19.331153201033185
300,mora,packing_A,T08,largo,20,G2,4.178662607029911,0.7008863750122029,1.1856699165796902,True,471,270.371952506341,74.20446005358255,0.4219090317444804,23.734065764522462,60,282.6,11.720593063639747,19,19.156323165099217
300,mora,packing_A,T08,largo,20,G2,4.178662607029911,0.7008863750122029,1.1856699165796902,True,471,270.371952506341,74.20446005358255,0.4219090317444804,23.734065764522462,60,282.6,11.720593063639747,20,18.892609655250304
300,mora,packing_A,T08,largo,20,G2,4.178662607029911,0.7008863750122029,1.1856699165796902,True,471,270.371952506341,74.20446005358255,0.4219090317444804,23.734065764522462,60,282.6,11.720593063639747,21,18.71145170293436
300,mora,packing_A,T08,largo,20,G2,4.178662607029911,0.7008863750122029,1.1856699165796902,True,471,270.371952506341,74.20446005358255,0.4219090317444804,23.734065764522462,60,282.6,11.720593063639747,22,18.52368194047322
300,mora,packing_A,T08,largo,20,G2,4.178662607029911,0.7008863750122029,1.1856699165796902,True,471,270.371952506341,74.20446005358255,0.4219090317444804,23.734065764522462,60,282.6,11.720593063639747,23,17.98812458436132
300,mora,packing_A,T08,largo,20,G2,4.178662607029911,0.7008863750122029,1.1856699165796902,True,471,270.371952506341,74.20446005358255,0.4219090317444804,23.734065764522462,60,282.6,11.720593063639747,24,17.619653320601948
300,mora,packing_A,T08,largo,20,G2,4.178662607029911,0.7008863750122029,1.1856699165796902,True,471,270.371952506341,74.20446005358255,0.4219090317444804,23.734065764522462,60,282.6,11.720593063639747,25,17.53952730706117
300,mora,packing_A,T08,largo,20,G2,4.178662607029911,0.7008863750122029,1.1856699165796902,True,471,270.371952506341,74.20446005358255,0.4219090317444804,23.734065764522462,60,282.6,11.720593063639747,26,17.17296993667366
300,mora,packing_A,T08,largo,20,G2,4.178662607029911,0.7008863750122029,1.1856699165796902,True,471,270.371952506341,74.20446005358255,0.4219090317444804,23.734065764522462,60,282.6,11.720593063639747,27,16.80713990183883
300,mora,packing_A,T08,largo,20,G2,4.178662607029911,0.7008863750122029,1.1856699165796902,True,471,270.371952506341,74.20446005358255,0.4219090317444804,23.734065764522462,60,282.6,11.720593063639747,28,16.628002763524975
300,mora,packing_A,T08,largo,20,G2,4.178662607029911,0.7008863750122029,1.1856699165796902,True,471,270.371952506341,74.20446005358255,0.4219090317444804,23.734065764522462,60,282.6,11.720593063639747,29,16.433658409528014
300,mora,packing_A,T08,largo,20,G2,4.178662607029911,0.7008863750122029,1.1856699165796902,True,471,270.371952506341,74.20446005358255,0.4219090317444804,23.734065764522462,60,282.6,11.720593063639747,30,16.06504826582251
300,mora,packing_A,T08,largo,20,G2,4.178662607029911,0.7008863750122029,1.1856699165796902,True,471,270.371952506341,74.20446005358255,0.4219090317444804,23.734065764522462,60,282.6,11.720593063639747,31,15.75241705507282
300,mora,packing_A,T08,largo,20,G2,4.178662607029911,0.7008863750122029,1.1856699165796902,True,471,270.371952506341,74.20446005358255,0.4219090317444804,23.734065764522462,60,282.6,11.720593063639747,32,15.288475463233604
300,mora,packing_A,T08,largo,20,G2,4.178662607029911,0.7008863750122029,1.1856699165796902,True,471,270.371952506341,74.20446005358255,0.4219090317444804,23.734065764522462,60,282.6,11.720593063639747,33,15.075419437013684
300,mora,packing_A,T08,largo,20,G2,4.178662607029911,0.7008863750122029,1.1856699165796902,True,471,270.371952506341,74.20446005358255,0.4219090317444804,23.734065764522462,60,282.6,11.720593063639747,34,14.924217057095639
300,mora,packing_A,T08,largo,20,G2,4.178662607029911,0.7008863750122029,1.1856699165796902,True,471,270.371952506341,74.20446005358255,0.4219090317444804,23.734065764522462,60,282.6,11.720593063639747,35,14.634768919473307
300,mora,packing_A,T08,largo,20,G2,4.178662607029911,0.7008863750122029,1.1856699165796902,True,471,270.371952506341,74.20446005358255,0.4219090317444804,23.734065764522462,60,282.6,11.720593063639747,36,14.434263805962154
300,mora,packing_A,T08,largo,20,G2,4.178662607029911,0.7008863750122029,1.1856699165796902,True,471,270.371952506341,74.20446005358255,0.4219090317444804,23.734065764522462,60,282.6,11.720593063639747,37,14.241246650646751
300,mora,packing_A,T08,largo,20,G2,4.178662607029911,0.7008863750122029,1.1856699165796902,True,471,270.371952506341,74.20446005358255,0.4219090317444804,23.734065764522462,60,282.6,11.720593063639747,38,13.752901126884234
300,mora,packing_A,T08,largo,20,G2,4.178662607029911,0.7008863750122029,1.1856699165796902,True,471,270.371952506341,74.20446005358255,0.4219090317444804,23.734065764522462,60,282.6,11.720593063639747,39,13.39464278757454
300,mora,packing_A,T08,largo,20,G2,4.178662607029911,0.7008863750122029,1.1856699165796902,True,471,270.371952506341,74.20446005358255,0.4219090317444804,23.734065764522462,60,282.6,11.720593063639747,40,13.151474985338917
300,mora,packing_A,T08,largo,20,G2,4.178662607029911,0.7008863750122029,1.1856699165796902,True,471,270.371952506341,74.20446005358255,0.4219090317444804,23.734065764522462,60,282.6,11.720593063639747,41,12.775614483532596
300,mora,packing_A,T08,largo,20,G2,4.178662607029911,0.7008863750122029,1.1856699165796902,True,471,270.371952506341,74.20446005358255,0.4219090317444804,23.734065764522462,60,282.6,11.720593063639747,42,12.685996482967392
300,mora,packing_A,T08,largo,20,G2,4.178662607029911,0.7008863750122029,1.1856699165796902,True,471,270.371952506341,74.20446005358255,0.4219090317444804,23.734065764522462,60,282.6,11.720593063639747,43,12.217435693206205
300,mora,packing_A,T08,largo,20,G2,4.178662607029911,0.7008863750122029,1.1856699165796902,True,471,270.371952506341,74.20446005358255,0.4219090317444804,23.734065764522462,60,282.6,11.720593063639747,44,12.170284419294275
300,mora,packing_A,T08,largo,20,G2,4.178662607029911,0.7008863750122029,1.1856699165796902,True,471,270.371952506341,74.20446005358255,0.4219090317444804,23.734065764522462,60,282.6,11.720593063639747,45,11.832718668844139
300,mora,packing_A,T08,largo,20,G2,4.178662607029911,0.7008863750122029,1.1856699165796902,True,471,270.371952506341,74.20446005358255,0.4219090317444804,23.734065764522462,60,282.6,11.720593063639747,46,11.596030539615775
300,mora,packing_A,T08,largo,20,G2,4.178662607029911,0.7008863750122029,1.1856699165796902,True,471,270.371952506341,74.20446005358255,0.4219090317444804,23.734065764522462,60,282.6,11.720593063639747,47,11.303705856564328
300,mora,packing_A,T08,largo,20,G2,4.178662607029911,0.7008863750122029,1.1856699165796902,True,471,270.371952506341,74.20446005358255,0.4219090317444804,23.734065764522462,60,282.6,11.720593063639747,48,10.905432780879808
300,mora,packing_A,T08,largo,20,G2,4.178662607029911,0.7008863750122029,1.1856699165796902,True,471,270.371952506341,74.20446005358255,0.4219090317444804,23.734065764522462,60,282.6,11.720593063639747,49,10.57312038587382
300,mora,packing_A,T08,largo,20,G2,4.178662607029911,0.7008863750122029,1.1856699165796902,True,471,270.371952506341,74.20446005358255,0.4219090317444804,23.734065764522462,60,282.6,11.720593063639747,50,10.52084271852626
300,mora,packing_A,T08,largo,20,G2,4.178662607029911,0.7008863750122029,1.1856699165796902,True,471,270.371952506341,74.20446005358255,0.4219090317444804,23.734065764522462,60,282.6,11.720593063639747,51,9.949927454914198
300,mora,packing_A,T08,largo,20,G2,4.178662607029911,0.7008863750122029,1.1856699165796902,True,471,270.371952506341,74.20446005358255,0.4219090317444804,23.734065764522462,60,282.6,11.720593063639747,52,9.69315797122181
300,mora,packing_A,T08,largo,20,G2,4.178662607029911,0.7008863750122029,1.1856699165796902,True,471,270.371952506341,74.20446005358255,0.4219090317444804,23.734065764522462,60,282.6,11.720593063639747,53,9.373774618940967
300,mora,packing_A,T08,largo,20,G2,4.178662607029911,0.7008863750122029,1.1856699165796902,True,471,270.371952506341,74.20446005358255,0.4219090317444804,23.734065764522462,60,282.6,11.720593063639747,54,9.137372226617728
300,mora,packing_A,T08,largo,20,G2,4.178662607029911,0.7008863750122029,1.1856699165796902,True,471,270.371952506341,74.20446005358255,0.4219090317444804,23.734065764522462,60,282.6,11.720593063639747,55,8.783007535836347
300,mora,packing_A,T08,largo,20,G2,4.178662607029911,0.7008863750122029,1.1856699165796902,True,471,270.371952506341,74.20446005358255,0.4219090317444804,23.734065764522462,60,282.6,11.720593063639747,56,8.62991832757834
300,mora,packing_A,T08,largo,20,G2,4.178662607029911,0.7008863750122029,1.1856699165796902,True,471,270.371952506341,74.20446005358255,0.4219090317444804,23.734065764522462,60,282.6,11.720593063639747,57,8.264786883055805
300,mora,packing_A,T08,largo,20,G2,4.178662607029911,0.7008863750122029,1.1856699165796902,True,471,270.371952506341,74.20446005358255,0.4219090317444804,23.734065764522462,60,282.6,11.720593063639747,58,8.216538209622382
300,mora,packing_A,T08,largo,20,G2,4.178662607029911,0.7008863750122029,1.1856699165796902,True,471,270.371952506341,74.20446005358255,0.4219090317444804,23.734065764522462,60,282.6,11.720593063639747,59,7.776380387293154
300,mora,packing_A,T08,largo,20,G2,4.178662607029911,0.7008863750122029,1.1856699165796902,True,471,270.371952506341,74.20446005358255,0.4219090317444804,23.734065764522462,60,282.6,11.720593063639747,60,7.244952375569414
300,mora,packing_A,T08,largo,20,G2,4.178662607029911,0.7008863750122029,1.1856699165796902,True,471,270.371952506341,74.20446005358255,0.4219090317444804,23.734065764522462,60,282.6,11.720593063639747,61,7.195052347630794
300,mora,packing_A,T08,largo,20,G2,4.178662607029911,0.7008863750122029,1.1856699165796902,True,471,270.371952506341,74.20446005358255,0.4219090317444804,23.734065764522462,60,282.6,11.720593063639747,62,7.102094463607426
300,mora,packing_A,T08,largo,20,G2,4.178662607029911,0.7008863750122029,1.1856699165796902,True,471,270.371952506341,74.20446005358255,0.4219090317444804,23.734065764522462,60,282.6,11.720593063639747,63,6.925026672955136
300,mora,packing_A,T08,largo,20,G2,4.178662607029911,0.7008863750122029,1.1856699165796902,True,471,270.371952506341,74.20446005358255,0.4219090317444804,23.734065764522462,60,282.6,11.720593063639747,64,6.3838620472315215
300,mora,packing_A,T08,largo,20,G2,4.178662607029911,0.7008863750122029,1.1856699165796902,True,471,270.371952506341,74.20446005358255,0.4219090317444804,23.734065764522462,60,282.6,11.720593063639747,65,6.156225307829198
300,mora,packing_A,T08,largo,20,G2,4.178662607029911,0.7008863750122029,1.1856699165796902,True,471,270.371952506341,74.20446005358255,0.4219090317444804,23.734065764522462,60,282.6,11.720593063639747,66,6.0603447478134385
300,mora,packing_A,T08,largo,20,G2,4.178662607029911,0.7008863750122029,1.1856699165796902,True,471,270.371952506341,74.20446005358255,0.4219090317444804,23.734065764522462,60,282.6,11.720593063639747,67,5.750975989058485
300,mora,packing_A,T08,largo,20,G2,4.178662607029911,0.7008863750122029,1.1856699165796902,True,471,270.371952506341,74.20446005358255,0.4219090317444804,23.734065764522462,60,282.6,11.720593063639747,68,5.360711218879271
300,mora,packing_A,T08,largo,20,G2,4.178662607029911,0.7008863750122029,1.1856699165796902,True,471,270.371952506341,74.20446005358255,0.4219090317444804,23.734065764522462,60,282.6,11.720593063639747,69,5.116997737013316
300,mora,packing_A,T08,largo,20,G2,4.178662607029911,0.7008863750122029,1.1856699165796902,True,471,270.371952506341,74.20446005358255,0.4219090317444804,23.734065764522462,60,282.6,11.720593063639747,70,4.790661877219676
300,mora,packing_A,T08,largo,20,G2,4.178662607029911,0.7008863750122029,1.1856699165796902,True,471,270.371952506341,74.20446005358255,0.4219090317444804,23.734065764522462,60,282.6,11.720593063639747,71,4.672518516857136
300,mora,packing_A,T08,largo,20,G2,4.178662607029911,0.7008863750122029,1.1856699165796902,True,471,270.371952506341,74.20446005358255,0.4219090317444804,23.734065764522462,60,282.6,11.720593063639747,72,4.605732245199478
300,mora,packing_A,T08,largo,20,G2,4.178662607029911,0.7008863750122029,1.1856699165796902,True,471,270.371952506341,74.20446005358255,0.4219090317444804,23.734065764522462,60,282.6,11.720593063639747,73,4.105580755660583
300,mora,packing_A,T08,largo,20,G2,4.178662607029911,0.7008863750122029,1.1856699165796902,True,471,270.371952506341,74.20446005358255,0.4219090317444804,23.734065764522462,60,282.6,11.720593063639747,74,4.025707523234866
300,mora,packing_A,T08,largo,20,G2,4.178662607029911,0.7008863750122029,1.1856699165796902,True,471,270.371952506341,74.20446005358255,0.4219090317444804,23.734065764522462,60,282.6,11.720593063639747,75,3.5847720788731836
300,mora,packing_A,T08,largo,20,G2,4.178662607029911,0.7008863750122029,1.1856699165796902,True,471,270.371952506341,74.20446005358255,0.4219090317444804,23.734065764522462,60,282.6,11.720593063639747,76,3.525097172812083
300,mora,packing_A,T08,largo,20,G2,4.178662607029911,0.7008863750122029,1.1856699165796902,True,471,270.371952506341,74.20446005358255,0.4219090317444804,23.734065764522462,60,282.6,11.720593063639747,77,3.4064459469648365
300,mora,packing_A,T08,largo,20,G2,4.178662607029911,0.7008863750122029,1.1856699165796902,True,471,270.371952506341,74.20446005358255,0.4219090317444804,23.734065764522462,60,282.6,11.720593063639747,78,2.846090208182175
300,mora,packing_A,T08,largo,20,G2,4.178662607029911,0.7008863750122029,1.1856699165796902,True,471,270.371952506341,74.20446005358255,0.4219090317444804,23.734065764522462,60,282.6,11.720593063639747,79,2.7987495530363615
300,mora,packing_A,T08,largo,20,G2,4.178662607029911,0.7008863750122029,1.1856699165796902,True,471,270.371952506341,74.20446005358255,0.4219090317444804,23.734065764522462,60,282.6,11.720593063639747,80,2.5547600513894224
300,mora,packing_A,T08,largo,20,G2,4.178662607029911,0.7008863750122029,1.1856699165796902,True,471,270.371952506341,74.20446005358255,0.4219090317444804,23.734065764522462,60,282.6,11.720593063639747,81,2.3323974034713713
300,mora,packing_A,T08,largo,20,G2,4.178662607029911,0.7008863750122029,1.1856699165796902,True,471,270.371952506341,74.20446005358255,0.4219090317444804,23.734065764522462,60,282.6,11.720593063639747,82,2.0743696746988785
300,mora,packing_A,T08,largo,20,G2,4.178662607029911,0.7008863750122029,1.1856699165796902,True,471,270.371952506341,74.20446005358255,0.4219090317444804,23.734065764522462,60,282.6,11.720593063639747,83,1.863563156383735
300,mora,packing_A,T08,largo,20,G2,4.178662607029911,0.7008863750122029,1.1856699165796902,True,471,270.371952506341,74.20446005358255,0.4219090317444804,23.734065764522462,60,282.6,11.720593063639747,84,1.6150253541979684
300,mora,packing_A,T08,largo,20,G2,4.178662607029911,0.7008863750122029,1.1856699165796902,True,471,270.371952506341,74.20446005358255,0.4219090317444804,23.734065764522462,60,282.6,11.720593063639747,85,1.3128359100947782
300,mora,packing_A,T08,largo,20,G2,4.178662607029911,0.7008863750122029,1.1856699165796902,True,471,270.371952506341,74.20446005358255,0.4219090317444804,23.734065764522462,60,282.6,11.720593063639747,86,1.1736804120935667
300,mora,packing_A,T08,largo,20,G2,4.178662607029911,0.7008863750122029,1.1856699165796902,True,471,270.371952506341,74.20446005358255,0.4219090317444804,23.734065764522462,60,282.6,11.720593063639747,87,0.8873165774553856
300,mora,packing_A,T08,largo,20,G2,4.178662607029911,0.7008863750122029,1.1856699165796902,True,471,270.371952506341,74.20446005358255,0.4219090317444804,23.734065764522462,60,282.6,11.720593063639747,88,0.6080775499070807
300,mora,packing_A,T08,largo,20,G2,4.178662607029911,0.7008863750122029,1.1856699165796902,True,471,270.371952506341,74.20446005358255,0.4219090317444804,23.734065764522462,60,282.6,11.720593063639747,89,0.7221434063062697
300,mora,packing_A,T08,largo,20,G2,4.178662607029911,0.7008863750122029,1.1856699165796902,True,471,270.371952506341,74.20446005358255,0.4219090317444804,23.734065764522462,60,282.6,11.720593063639747,90,0.34061284359238087
300,mora,packing_A,T08,largo,20,G2,4.178662607029911,0.7008863750122029,1.1856699165796902,True,471,270.371952506341,74.20446005358255,0.4219090317444804,23.734065764522462,60,282.6,11.720593063639747,91,0.12800475853572701
300,mora,packing_A,T08,largo,20,G2,4.178662607029911,0.7008863750122029,1.1856699165796902,True,471,270.371952506341,74.20446005358255,0.4219090317444804,23.734065764522462,60,282.6,11.720593063639747,92,-0.1571342930797462
300,mora,packing_A,T08,largo,20,G2,4.178662607029911,0.7008863750122029,1.1856699165796902,True,471,270.371952506341,74.20446005358255,0.4219090317444804,23.734065764522462,60,282.6,11.720593063639747,93,-0.07856388416892232
300,mora,packing_A,T08,largo,20,G2,4.178662607029911,0.7008863750122029,1.1856699165796902,True,471,270.371952506341,74.20446005358255,0.4219090317444804,23.734065764522462,60,282.6,11.720593063639747,94,-0.3869718609725143
300,mora,packing_A,T08,largo,20,G2,4.178662607029911,0.7008863750122029,1.1856699165796902,True,471,270.371952506341,74.20446005358255,0.4219090317444804,23.734065764522462,60,282.6,11.720593063639747,95,-0.5819759684030652
300,mora,packing_A,T08,largo,20,G2,4.178662607029911,0.7008863750122029,1.1856699165796902,True,471,270.371952506341,74.20446005358255,0.4219090317444804,23.734065764522462,60,282.6,11.720593063639747,96,-0.7108732352381346
300,mora,packing_A,T08,largo,20,G2,4.178662607029911,0.7008863750122029,1.1856699165796902,True,471,270.371952506341,74.20446005358255,0.4219090317444804,23.734065764522462,60,282.6,11.720593063639747,97,-0.9371564074773666
300,mora,packing_A,T08,largo,20,G2,4.178662607029911,0.7008863750122029,1.1856699165796902,True,471,270.371952506341,74.20446005358255,0.4219090317444804,23.734065764522462,60,282.6,11.720593063639747,98,-1.0832495034269922
300,mora,packing_A,T08,largo,20,G2,4.178662607029911,0.7008863750122029,1.1856699165796902,True,471,270.371952506341,74.20446005358255,0.4219090317444804,23.734065764522462,60,282.6,11.720593063639747,99,-1.1394574237337776
300,mora,packing_A,T08,largo,20,G2,4.178662607029911,0.7008863750122029,1.1856699165796902,True,471,270.371952506341,74.20446005358255,0.4219090317444804,23.734065764522462,60,282.6,11.720593063639747,100,-1.564354694987506
300,mora,packing_A,T08,largo,20,G2,4.178662607029911,0.7008863750122029,1.1856699165796902,True,471,270.371952506341,74.20446005358255,0.4219090317444804,23.734065764522462,60,282.6,11.720593063639747,101,-1.389476722417044
300,mora,packing_A,T08,largo,20,G2,4.178662607029911,0.7008863750122029,1.1856699165796902,True,471,270.371952506341,74.20446005358255,0.4219090317444804,23.734065764522462,60,282.6,11.720593063639747,102,-2.082575430793058
300,mora,packing_A,T08,largo,20,G2,4.178662607029911,0.7008863750122029,1.1856699165796902,True,471,270.371952506341,74.20446005358255,0.4219090317444804,23.734065764522462,60,282.6,11.720593063639747,103,-2.2025519427768696
300,mora,packing_A,T08,largo,20,G2,4.178662607029911,0.7008863750122029,1.1856699165796902,True,471,270.371952506341,74.20446005358255,0.4219090317444804,23.734065764522462,60,282.6,11.720593063639747,104,-2.243917606501419
300,mora,packing_A,T08,largo,20,G2,4.178662607029911,0.7008863750122029,1.1856699165796902,True,471,270.371952506341,74.20446005358255,0.4219090317444804,23.734065764522462,60,282.6,11.720593063639747,105,-2.545974207863089
300,mora,packing_A,T08,largo,20,G2,4.178662607029911,0.7008863750122029,1.1856699165796902,True,471,270.371952506341,74.20446005358255,0.4219090317444804,23.734065764522462,60,282.6,11.720593063639747,106,-2.2058130560485054
300,mora,packing_A,T08,largo,20,G2,4.178662607029911,0.7008863750122029,1.1856699165796902,True,471,270.371952506341,74.20446005358255,0.4219090317444804,23.734065764522462,60,282.6,11.720593063639747,107,-2.5449911167185557
300,mora,packing_A,T08,largo,20,G2,4.178662607029911,0.7008863750122029,1.1856699165796902,True,471,270.371952506341,74.20446005358255,0.4219090317444804,23.734065764522462,60,282.6,11.720593063639747,108,-2.6792625066338625
300,mora,packing_A,T08,largo,20,G2,4.178662607029911,0.7008863750122029,1.1856699165796902,True,471,270.371952506341,74.20446005358255,0.4219090317444804,23.734065764522462,60,282.6,11.720593063639747,109,-2.8599730096758464
300,mora,packing_A,T08,largo,20,G2,4.178662607029911,0.7008863750122029,1.1856699165796902,True,471,270.371952506341,74.20446005358255,0.4219090317444804,23.734065764522462,60,282.6,11.720593063639747,110,-3.0391765696789035
300,mora,packing_A,T08,largo,20,G2,4.178662607029911,0.7008863750122029,1.1856699165796902,True,471,270.371952506341,74.20446005358255,0.4219090317444804,23.734065764522462,60,282.6,11.720593063639747,111,-3.1893609378690453
300,mora,packing_A,T08,largo,20,G2,4.178662607029911,0.7008863750122029,1.1856699165796902,True,471,270.371952506341,74.20446005358255,0.4219090317444804,23.734065764522462,60,282.6,11.720593063639747,112,-3.4911517347285366
300,mora,packing_A,T08,largo,20,G2,4.178662607029911,0.7008863750122029,1.1856699165796902,True,471,270.371952506341,74.20446005358255,0.4219090317444804,23.734065764522462,60,282.6,11.720593063639747,113,-3.429882193848351
300,mora,packing_A,T08,largo,20,G2,4.178662607029911,0.7008863750122029,1.1856699165796902,True,471,270.371952506341,74.20446005358255,0.4219090317444804,23.734065764522462,60,282.6,11.720593063639747,114,-3.634736783151772
300,mora,packing_A,T08,largo,20,G2,4.178662607029911,0.7008863750122029,1.1856699165796902,True,471,270.371952506341,74.20446005358255,0.4219090317444804,23.734065764522462,60,282.6,11.720593063639747,115,-3.7764548922569707
300,mora,packing_A,T08,largo,20,G2,4.178662607029911,0.7008863750122029,1.1856699165796902,True,471,270.371952506341,74.20446005358255,0.4219090317444804,23.734065764522462,60,282.6,11.720593063639747,116,-3.822697134178068
300,mora,packing_A,T08,largo,20,G2,4.178662607029911,0.7008863750122029,1.1856699165796902,True,471,270.371952506341,74.20446005358255,0.4219090317444804,23.734065764522462,60,282.6,11.720593063639747,117,-3.925483135630003
300,mora,packing_A,T08,largo,20,G2,4.178662607029911,0.7008863750122029,1.1856699165796902,True,471,270.371952506341,74.20446005358255,0.4219090317444804,23.734065764522462,60,282.6,11.720593063639747,118,-3.9259623105033112
300,mora,packing_A,T08,largo,20,G2,4.178662607029911,0.7008863750122029,1.1856699165796902,True,471,270.371952506341,74.20446005358255,0.4219090317444804,23.734065764522462,60,282.6,11.720593063639747,119,-4.2465789874718665
300,mora,packing_A,T08,largo,20,G2,4.178662607029911,0.7008863750122029,1.1856699165796902,True,471,270.371952506341,74.20446005358255,0.4219090317444804,23.734065764522462,60,282.6,11.720593063639747,120,-4.530641021517508
300,mora,packing_A,T08,largo,20,G2,4.178662607029911,0.7008863750122029,1.1856699165796902,True,471,270.371952506341,74.20446005358255,0.4219090317444804,23.734065764522462,60,282.6,11.720593063639747,121,-4.616490642309164
300,mora,packing_A,T08,largo,20,G2,4.178662607029911,0.7008863750122029,1.1856699165796902,True,471,270.371952506341,74.20446005358255,0.4219090317444804,23.734065764522462,60,282.6,11.720593063639747,122,-4.428257656920962
300,mora,packing_A,T08,largo,20,G2,4.178662607029911,0.7008863750122029,1.1856699165796902,True,471,270.371952506341,74.20446005358255,0.4219090317444804,23.734065764522462,60,282.6,11.720593063639747,123,-4.534356521866708
300,mora,packing_A,T08,largo,20,G2,4.178662607029911,0.7008863750122029,1.1856699165796902,True,471,270.371952506341,74.20446005358255,0.4219090317444804,23.734065764522462,60,282.6,11.720593063639747,124,-4.690318410434741
300,mora,packing_A,T08,largo,20,G2,4.178662607029911,0.7008863750122029,1.1856699165796902,True,471,270.371952506341,74.20446005358255,0.4219090317444804,23.734065764522462,60,282.6,11.720593063639747,125,-4.831101307845599
300,mora,packing_A,T08,largo,20,G2,4.178662607029911,0.7008863750122029,1.1856699165796902,True,471,270.371952506341,74.20446005358255,0.4219090317444804,23.734065764522462,60,282.6,11.720593063639747,126,-5.006986695331987
300,mora,packing_A,T08,largo,20,G2,4.178662607029911,0.7008863750122029,1.1856699165796902,True,471,270.371952506341,74.20446005358255,0.4219090317444804,23.734065764522462,60,282.6,11.720593063639747,127,-4.962134776629644
300,mora,packing_A,T08,largo,20,G2,4.178662607029911,0.7008863750122029,1.1856699165796902,True,471,270.371952506341,74.20446005358255,0.4219090317444804,23.734065764522462,60,282.6,11.720593063639747,128,-5.113030738806003
300,mora,packing_A,T08,largo,20,G2,4.178662607029911,0.7008863750122029,1.1856699165796902,True,471,270.371952506341,74.20446005358255,0.4219090317444804,23.734065764522462,60,282.6,11.720593063639747,129,-5.259945592390775
300,mora,packing_A,T08,largo,20,G2,4.178662607029911,0.7008863750122029,1.1856699165796902,True,471,270.371952506341,74.20446005358255,0.4219090317444804,23.734065764522462,60,282.6,11.720593063639747,130,-5.168838544935426
300,mora,packing_A,T08,largo,20,G2,4.178662607029911,0.7008863750122029,1.1856699165796902,True,471,270.371952506341,74.20446005358255,0.4219090317444804,23.734065764522462,60,282.6,11.720593063639747,131,-5.340613630282931
300,mora,packing_A,T08,largo,20,G2,4.178662607029911,0.7008863750122029,1.1856699165796902,True,471,270.371952506341,74.20446005358255,0.4219090317444804,23.734065764522462,60,282.6,11.720593063639747,132,-5.5608013704937385
300,mora,packing_A,T08,largo,20,G2,4.178662607029911,0.7008863750122029,1.1856699165796902,True,471,270.371952506341,74.20446005358255,0.4219090317444804,23.734065764522462,60,282.6,11.720593063639747,133,-5.34562785570162
300,mora,packing_A,T08,largo,20,G2,4.178662607029911,0.7008863750122029,1.1856699165796902,True,471,270.371952506341,74.20446005358255,0.4219090317444804,23.734065764522462,60,282.6,11.720593063639747,134,-5.670862922993893
300,mora,packing_A,T08,largo,20,G2,4.178662607029911,0.7008863750122029,1.1856699165796902,True,471,270.371952506341,74.20446005358255,0.4219090317444804,23.734065764522462,60,282.6,11.720593063639747,135,-5.769220783560684
300,mora,packing_A,T08,largo,20,G2,4.178662607029911,0.7008863750122029,1.1856699165796902,True,471,270.371952506341,74.20446005358255,0.4219090317444804,23.734065764522462,60,282.6,11.720593063639747,136,-5.747788507263755
300,mora,packing_A,T08,largo,20,G2,4.178662607029911,0.7008863750122029,1.1856699165796902,True,471,270.371952506341,74.20446005358255,0.4219090317444804,23.734065764522462,60,282.6,11.720593063639747,137,-5.813165011501163
300,mora,packing_A,T08,largo,20,G2,4.178662607029911,0.7008863750122029,1.1856699165796902,True,471,270.371952506341,74.20446005358255,0.4219090317444804,23.734065764522462,60,282.6,11.720593063639747,138,-5.776695130576911
300,mora,packing_A,T08,largo,20,G2,4.178662607029911,0.7008863750122029,1.1856699165796902,True,471,270.371952506341,74.20446005358255,0.4219090317444804,23.734065764522462,60,282.6,11.720593063639747,139,-5.918030005291744
300,mora,packing_A,T08,largo,20,G2,4.178662607029911,0.7008863750122029,1.1856699165796902,True,471,270.371952506341,74.20446005358255,0.4219090317444804,23.734065764522462,60,282.6,11.720593063639747,140,-5.972970854007302
300,mora,packing_A,T08,largo,20,G2,4.178662607029911,0.7008863750122029,1.1856699165796902,True,471,270.371952506341,74.20446005358255,0.4219090317444804,23.734065764522462,60,282.6,11.720593063639747,141,-5.947919434058977
300,mora,packing_A,T08,largo,20,G2,4.178662607029911,0.7008863750122029,1.1856699165796902,True,471,270.371952506341,74.20446005358255,0.4219090317444804,23.734065764522462,60,282.6,11.720593063639747,142,-5.966611612052288
300,mora,packing_A,T08,largo,20,G2,4.178662607029911,0.7008863750122029,1.1856699165796902,True,471,270.371952506341,74.20446005358255,0.4219090317444804,23.734065764522462,60,282.6,11.720593063639747,143,-6.172701753323649
300,mora,packing_A,T08,largo,20,G2,4.178662607029911,0.7008863750122029,1.1856699165796902,True,471,270.371952506341,74.20446005358255,0.4219090317444804,23.734065764522462,60,282.6,11.720593063639747,144,-6.194853714710462
300,mora,packing_A,T08,largo,20,G2,4.178662607029911,0.7008863750122029,1.1856699165796902,True,471,270.371952506341,74.20446005358255,0.4219090317444804,23.734065764522462,60,282.6,11.720593063639747,145,-6.095244689041988
300,mora,packing_A,T08,largo,20,G2,4.178662607029911,0.7008863750122029,1.1856699165796902,True,471,270.371952506341,74.20446005358255,0.4219090317444804,23.734065764522462,60,282.6,11.720593063639747,146,-6.136450061824265
300,mora,packing_A,T08,largo,20,G2,4.178662607029911,0.7008863750122029,1.1856699165796902,True,471,270.371952506341,74.20446005358255,0.4219090317444804,23.734065764522462,60,282.6,11.720593063639747,147,-5.8923437559434175
300,mora,packing_A,T08,largo,20,G2,4.178662607029911,0.7008863750122029,1.1856699165796902,True,471,270.371952506341,74.20446005358255,0.4219090317444804,23.734065764522462,60,282.6,11.720593063639747,148,-6.316911429346296
300,mora,packing_A,T08,largo,20,G2,4.178662607029911,0.7008863750122029,1.1856699165796902,True,471,270.371952506341,74.20446005358255,0.4219090317444804,23.734065764522462,60,282.6,11.720593063639747,149,-6.399900302184725
300,mora,packing_A,T08,largo,20,G2,4.178662607029911,0.7008863750122029,1.1856699165796902,True,471,270.371952506341,74.20446005358255,0.4219090317444804,23.734065764522462,60,282.6,11.720593063639747,150,-6.245819170036894
300,mora,packing_A,T08,largo,20,G2,4.178662607029911,0.7008863750122029,1.1856699165796902,True,471,270.371952506341,74.20446005358255,0.4219090317444804,23.734065764522462,60,282.6,11.720593063639747,151,-6.224417387366259
300,mora,packing_A,T08,largo,20,G2,4.178662607029911,0.7008863750122029,1.1856699165796902,True,471,270.371952506341,74.20446005358255,0.4219090317444804,23.734065764522462,60,282.6,11.720593063639747,152,-6.265699465558459
300,mora,packing_A,T08,largo,20,G2,4.178662607029911,0.7008863750122029,1.1856699165796902,True,471,270.371952506341,74.20446005358255,0.4219090317444804,23.734065764522462,60,282.6,11.720593063639747,153,-6.531702243459714
300,mora,packing_A,T08,largo,20,G2,4.178662607029911,0.7008863750122029,1.1856699165796902,True,471,270.371952506341,74.20446005358255,0.4219090317444804,23.734065764522462,60,282.6,11.720593063639747,154,-6.512004279458811
300,mora,packing_A,T08,largo,20,G2,4.178662607029911,0.7008863750122029,1.1856699165796902,True,471,270.371952506341,74.20446005358255,0.4219090317444804,23.734065764522462,60,282.6,11.720593063639747,155,-6.6220522910179795
300,mora,packing_A,T08,largo,20,G2,4.178662607029911,0.7008863750122029,1.1856699165796902,True,471,270.371952506341,74.20446005358255,0.4219090317444804,23.734065764522462,60,282.6,11.720593063639747,156,-6.432430719707724
300,mora,packing_A,T08,largo,20,G2,4.178662607029911,0.7008863750122029,1.1856699165796902,True,471,270.371952506341,74.20446005358255,0.4219090317444804,23.734065764522462,60,282.6,11.720593063639747,157,-6.247202157345595
300,mora,packing_A,T08,largo,20,G2,4.178662607029911,0.7008863750122029,1.1856699165796902,True,471,270.371952506341,74.20446005358255,0.4219090317444804,23.734065764522462,60,282.6,11.720593063639747,158,-6.576639415620912
300,mora,packing_A,T08,largo,20,G2,4.178662607029911,0.7008863750122029,1.1856699165796902,True,471,270.371952506341,74.20446005358255,0.4219090317444804,23.734065764522462,60,282.6,11.720593063639747,159,-6.557379082921899
300,mora,packing_A,T08,largo,20,G2,4.178662607029911,0.7008863750122029,1.1856699165796902,True,471,270.371952506341,74.20446005358255,0.4219090317444804,23.734065764522462,60,282.6,11.720593063639747,160,-6.61281935550638
300,mora,packing_A,T08,largo,20,G2,4.178662607029911,0.7008863750122029,1.1856699165796902,True,471,270.371952506341,74.20446005358255,0.4219090317444804,23.734065764522462,60,282.6,11.720593063639747,161,-6.305607957742438
300,mora,packing_A,T08,largo,20,G2,4.178662607029911,0.7008863750122029,1.1856699165796902,True,471,270.371952506341,74.20446005358255,0.4219090317444804,23.734065764522462,60,282.6,11.720593063639747,162,-6.436629655323205
300,mora,packing_A,T08,largo,20,G2,4.178662607029911,0.7008863750122029,1.1856699165796902,True,471,270.371952506341,74.20446005358255,0.4219090317444804,23.734065764522462,60,282.6,11.720593063639747,163,-6.399180538583421
300,mora,packing_A,T08,largo,20,G2,4.178662607029911,0.7008863750122029,1.1856699165796902,True,471,270.371952506341,74.20446005358255,0.4219090317444804,23.734065764522462,60,282.6,11.720593063639747,164,-6.4561287348555885
300,mora,packing_A,T08,largo,20,G2,4.178662607029911,0.7008863750122029,1.1856699165796902,True,471,270.371952506341,74.20446005358255,0.4219090317444804,23.734065764522462,60,282.6,11.720593063639747,165,-6.510836446145362
300,mora,packing_A,T08,largo,20,G2,4.178662607029911,0.7008863750122029,1.1856699165796902,True,471,270.371952506341,74.20446005358255,0.4219090317444804,23.734065764522462,60,282.6,11.720593063639747,166,-6.285121193542859
300,mora,packing_A,T08,largo,20,G2,4.178662607029911,0.7008863750122029,1.1856699165796902,True,471,270.371952506341,74.20446005358255,0.4219090317444804,23.734065764522462,60,282.6,11.720593063639747,167,-6.4668464939696975
300,mora,packing_A,T08,largo,20,G2,4.178662607029911,0.7008863750122029,1.1856699165796902,True,471,270.371952506341,74.20446005358255,0.4219090317444804,23.734065764522462,60,282.6,11.720593063639747,168,-6.546992460208751
300,mora,packing_A,T08,largo,20,G2,4.178662607029911,0.7008863750122029,1.1856699165796902,True,471,270.371952506341,74.20446005358255,0.4219090317444804,23.734065764522462,60,282.6,11.720593063639747,169,-6.250465536036547
300,mora,packing_A,T08,largo,20,G2,4.178662607029911,0.7008863750122029,1.1856699165796902,True,471,270.371952506341,74.20446005358255,0.4219090317444804,23.734065764522462,60,282.6,11.720593063639747,170,-6.536340008635131
300,mora,packing_A,T08,largo,20,G2,4.178662607029911,0.7008863750122029,1.1856699165796902,True,471,270.371952506341,74.20446005358255,0.4219090317444804,23.734065764522462,60,282.6,11.720593063639747,171,-6.306943834429921
300,mora,packing_A,T08,largo,20,G2,4.178662607029911,0.7008863750122029,1.1856699165796902,True,471,270.371952506341,74.20446005358255,0.4219090317444804,23.734065764522462,60,282.6,11.720593063639747,172,-6.374674651323525
300,mora,packing_A,T08,largo,20,G2,4.178662607029911,0.7008863750122029,1.1856699165796902,True,471,270.371952506341,74.20446005358255,0.4219090317444804,23.734065764522462,60,282.6,11.720593063639747,173,-6.377234826985733
300,mora,packing_A,T08,largo,20,G2,4.178662607029911,0.7008863750122029,1.1856699165796902,True,471,270.371952506341,74.20446005358255,0.4219090317444804,23.734065764522462,60,282.6,11.720593063639747,174,-6.430794706984071
300,mora,packing_A,T08,largo,20,G2,4.178662607029911,0.7008863750122029,1.1856699165796902,True,471,270.371952506341,74.20446005358255,0.4219090317444804,23.734065764522462,60,282.6,11.720593063639747,175,-6.214200709925632
300,mora,packing_A,T08,largo,20,G2,4.178662607029911,0.7008863750122029,1.1856699165796902,True,471,270.371952506341,74.20446005358255,0.4219090317444804,23.734065764522462,60,282.6,11.720593063639747,176,-6.296995102912156
300,mora,packing_A,T08,largo,20,G2,4.178662607029911,0.7008863750122029,1.1856699165796902,True,471,270.371952506341,74.20446005358255,0.4219090317444804,23.734065764522462,60,282.6,11.720593063639747,177,-6.305512939843169
300,mora,packing_A,T08,largo,20,G2,4.178662607029911,0.7008863750122029,1.1856699165796902,True,471,270.371952506341,74.20446005358255,0.4219090317444804,23.734065764522462,60,282.6,11.720593063639747,178,-6.2218936157227
300,mora,packing_A,T08,largo,20,G2,4.178662607029911,0.7008863750122029,1.1856699165796902,True,471,270.371952506341,74.20446005358255,0.4219090317444804,23.734065764522462,60,282.6,11.720593063639747,179,-6.123589228292403
300,mora,packing_A,T08,largo,20,G2,4.178662607029911,0.7008863750122029,1.1856699165796902,True,471,270.371952506341,74.20446005358255,0.4219090317444804,23.734065764522462,60,282.6,11.720593063639747,180,-6.243573293867157
300,mora,packing_A,T08,largo,20,G2,4.178662607029911,0.7008863750122029,1.1856699165796902,True,471,270.371952506341,74.20446005358255,0.4219090317444804,23.734065764522462,60,282.6,11.720593063639747,181,-6.037767681683692
300,mora,packing_A,T08,largo,20,G2,4.178662607029911,0.7008863750122029,1.1856699165796902,True,471,270.371952506341,74.20446005358255,0.4219090317444804,23.734065764522462,60,282.6,11.720593063639747,182,-6.1183994573182705
300,mora,packing_A,T08,largo,20,G2,4.178662607029911,0.7008863750122029,1.1856699165796902,True,471,270.371952506341,74.20446005358255,0.4219090317444804,23.734065764522462,60,282.6,11.720593063639747,183,-6.012176659749771
300,mora,packing_A,T08,largo,20,G2,4.178662607029911,0.7008863750122029,1.1856699165796902,True,471,270.371952506341,74.20446005358255,0.4219090317444804,23.734065764522462,60,282.6,11.720593063639747,184,-6.043018282586823
300,mora,packing_A,T08,largo,20,G2,4.178662607029911,0.7008863750122029,1.1856699165796902,True,471,270.371952506341,74.20446005358255,0.4219090317444804,23.734065764522462,60,282.6,11.720593063639747,185,-5.863755894287691
300,mora,packing_A,T08,largo,20,G2,4.178662607029911,0.7008863750122029,1.1856699165796902,True,471,270.371952506341,74.20446005358255,0.4219090317444804,23.734065764522462,60,282.6,11.720593063639747,186,-5.6163602758439275
300,mora,packing_A,T08,largo,20,G2,4.178662607029911,0.7008863750122029,1.1856699165796902,True,471,270.371952506341,74.20446005358255,0.4219090317444804,23.734065764522462,60,282.6,11.720593063639747,187,-5.882059226434233
300,mora,packing_A,T08,largo,20,G2,4.178662607029911,0.7008863750122029,1.1856699165796902,True,471,270.371952506341,74.20446005358255,0.4219090317444804,23.734065764522462,60,282.6,11.720593063639747,188,-5.841922478797862
300,mora,packing_A,T08,largo,20,G2,4.178662607029911,0.7008863750122029,1.1856699165796902,True,471,270.371952506341,74.20446005358255,0.4219090317444804,23.734065764522462,60,282.6,11.720593063639747,189,-5.781161137235093
300,mora,packing_A,T08,largo,20,G2,4.178662607029911,0.7008863750122029,1.1856699165796902,True,471,270.371952506341,74.20446005358255,0.4219090317444804,23.734065764522462,60,282.6,11.720593063639747,190,-5.577321025596321
300,mora,packing_A,T08,largo,20,G2,4.178662607029911,0.7008863750122029,1.1856699165796902,True,471,270.371952506341,74.20446005358255,0.4219090317444804,23.734065764522462,60,282.6,11.720593063639747,191,-5.704557883813209
300,mora,packing_A,T08,largo,20,G2,4.178662607029911,0.7008863750122029,1.1856699165796902,True,471,270.371952506341,74.20446005358255,0.4219090317444804,23.734065764522462,60,282.6,11.720593063639747,192,-5.52504497632027
300,mora,packing_A,T08,largo,20,G2,4.178662607029911,0.7008863750122029,1.1856699165796902,True,471,270.371952506341,74.20446005358255,0.4219090317444804,23.734065764522462,60,282.6,11.720593063639747,193,-5.57389614320086
300,mora,packing_A,T08,largo,20,G2,4.178662607029911,0.7008863750122029,1.1856699165796902,True,471,270.371952506341,74.20446005358255,0.4219090317444804,23.734065764522462,60,282.6,11.720593063639747,194,-5.457482757982598
300,mora,packing_A,T08,largo,20,G2,4.178662607029911,0.7008863750122029,1.1856699165796902,True,471,270.371952506341,74.20446005358255,0.4219090317444804,23.734065764522462,60,282.6,11.720593063639747,195,-5.2773695080527405
300,mora,packing_A,T08,largo,20,G2,4.178662607029911,0.7008863750122029,1.1856699165796902,True,471,270.371952506341,74.20446005358255,0.4219090317444804,23.734065764522462,60,282.6,11.720593063639747,196,-5.472446525262413
300,mora,packing_A,T08,largo,20,G2,4.178662607029911,0.7008863750122029,1.1856699165796902,True,471,270.371952506341,74.20446005358255,0.4219090317444804,23.734065764522462,60,282.6,11.720593063639747,197,-5.279424183046586
300,mora,packing_A,T08,largo,20,G2,4.178662607029911,0.7008863750122029,1.1856699165796902,True,471,270.371952506341,74.20446005358255,0.4219090317444804,23.734065764522462,60,282.6,11.720593063639747,198,-5.122034756607281
300,mora,packing_A,T08,largo,20,G2,4.178662607029911,0.7008863750122029,1.1856699165796902,True,471,270.371952506341,74.20446005358255,0.4219090317444804,23.734065764522462,60,282.6,11.720593063639747,199,-5.303937238718351
300,mora,packing_A,T08,largo,20,G2,4.178662607029911,0.7008863750122029,1.1856699165796902,True,471,270.371952506341,74.20446005358255,0.4219090317444804,23.734065764522462,60,282.6,11.720593063639747,200,-5.411951180215533
300,mora,packing_A,T08,largo,20,G2,4.178662607029911,0.7008863750122029,1.1856699165796902,True,471,270.371952506341,74.20446005358255,0.4219090317444804,23.734065764522462,60,282.6,11.720593063639747,201,-5.004827382368465
300,mora,packing_A,T08,largo,20,G2,4.178662607029911,0.7008863750122029,1.1856699165796902,True,471,270.371952506341,74.20446005358255,0.4219090317444804,23.734065764522462,60,282.6,11.720593063639747,202,-5.146090202093989
300,mora,packing_A,T08,largo,20,G2,4.178662607029911,0.7008863750122029,1.1856699165796902,True,471,270.371952506341,74.20446005358255,0.4219090317444804,23.734065764522462,60,282.6,11.720593063639747,203,-4.900160768441106
300,mora,packing_A,T08,largo,20,G2,4.178662607029911,0.7008863750122029,1.1856699165796902,True,471,270.371952506341,74.20446005358255,0.4219090317444804,23.734065764522462,60,282.6,11.720593063639747,204,-4.900238330320011
300,mora,packing_A,T08,largo,20,G2,4.178662607029911,0.7008863750122029,1.1856699165796902,True,471,270.371952506341,74.20446005358255,0.4219090317444804,23.734065764522462,60,282.6,11.720593063639747,205,-4.83385721921659
300,mora,packing_A,T08,largo,20,G2,4.178662607029911,0.7008863750122029,1.1856699165796902,True,471,270.371952506341,74.20446005358255,0.4219090317444804,23.734065764522462,60,282.6,11.720593063639747,206,-4.8852435582865175
300,mora,packing_A,T08,largo,20,G2,4.178662607029911,0.7008863750122029,1.1856699165796902,True,471,270.371952506341,74.20446005358255,0.4219090317444804,23.734065764522462,60,282.6,11.720593063639747,207,-4.834321768741114
300,mora,packing_A,T08,largo,20,G2,4.178662607029911,0.7008863750122029,1.1856699165796902,True,471,270.371952506341,74.20446005358255,0.4219090317444804,23.734065764522462,60,282.6,11.720593063639747,208,-4.793843144449498
300,mora,packing_A,T08,largo,20,G2,4.178662607029911,0.7008863750122029,1.1856699165796902,True,471,270.371952506341,74.20446005358255,0.4219090317444804,23.734065764522462,60,282.6,11.720593063639747,209,-4.684042115562855
300,mora,packing_A,T08,largo,20,G2,4.178662607029911,0.7008863750122029,1.1856699165796902,True,471,270.371952506341,74.20446005358255,0.4219090317444804,23.734065764522462,60,282.6,11.720593063639747,210,-4.530342797981054
300,mora,packing_A,T08,largo,20,G2,4.178662607029911,0.7008863750122029,1.1856699165796902,True,471,270.371952506341,74.20446005358255,0.4219090317444804,23.734065764522462,60,282.6,11.720593063639747,211,-4.403349675786415
300,mora,packing_A,T08,largo,20,G2,4.178662607029911,0.7008863750122029,1.1856699165796902,True,471,270.371952506341,74.20446005358255,0.4219090317444804,23.734065764522462,60,282.6,11.720593063639747,212,-4.3429973822423955
300,mora,packing_A,T08,largo,20,G2,4.178662607029911,0.7008863750122029,1.1856699165796902,True,471,270.371952506341,74.20446005358255,0.4219090317444804,23.734065764522462,60,282.6,11.720593063639747,213,-4.389874911851729
300,mora,packing_A,T08,largo,20,G2,4.178662607029911,0.7008863750122029,1.1856699165796902,True,471,270.371952506341,74.20446005358255,0.4219090317444804,23.734065764522462,60,282.6,11.720593063639747,214,-4.256029160952926
300,mora,packing_A,T08,largo,20,G2,4.178662607029911,0.7008863750122029,1.1856699165796902,True,471,270.371952506341,74.20446005358255,0.4219090317444804,23.734065764522462,60,282.6,11.720593063639747,215,-4.192883805622622
300,mora,packing_A,T08,largo,20,G2,4.178662607029911,0.7008863750122029,1.1856699165796902,True,471,270.371952506341,74.20446005358255,0.4219090317444804,23.734065764522462,60,282.6,11.720593063639747,216,-4.178437605760794
300,mora,packing_A,T08,largo,20,G2,4.178662607029911,0.7008863750122029,1.1856699165796902,True,471,270.371952506341,74.20446005358255,0.4219090317444804,23.734065764522462,60,282.6,11.720593063639747,217,-4.1094856198733005
300,mora,packing_A,T08,largo,20,G2,4.178662607029911,0.7008863750122029,1.1856699165796902,True,471,270.371952506341,74.20446005358255,0.4219090317444804,23.734065764522462,60,282.6,11.720593063639747,218,-3.8933429374661577
300,mora,packing_A,T08,largo,20,G2,4.178662607029911,0.7008863750122029,1.1856699165796902,True,471,270.371952506341,74.20446005358255,0.4219090317444804,23.734065764522462,60,282.6,11.720593063639747,219,-4.009902882305476
300,mora,packing_A,T08,largo,20,G2,4.178662607029911,0.7008863750122029,1.1856699165796902,True,471,270.371952506341,74.20446005358255,0.4219090317444804,23.734065764522462,60,282.6,11.720593063639747,220,-3.9393519987563734
300,mora,packing_A,T08,largo,20,G2,4.178662607029911,0.7008863750122029,1.1856699165796902,True,471,270.371952506341,74.20446005358255,0.4219090317444804,23.734065764522462,60,282.6,11.720593063639747,221,-3.846741644750786
300,mora,packing_A,T08,largo,20,G2,4.178662607029911,0.7008863750122029,1.1856699165796902,True,471,270.371952506341,74.20446005358255,0.4219090317444804,23.734065764522462,60,282.6,11.720593063639747,222,-3.710484227230535
300,mora,packing_A,T08,largo,20,G2,4.178662607029911,0.7008863750122029,1.1856699165796902,True,471,270.371952506341,74.20446005358255,0.4219090317444804,23.734065764522462,60,282.6,11.720593063639747,223,-3.746298374773402
300,mora,packing_A,T08,largo,20,G2,4.178662607029911,0.7008863750122029,1.1856699165796902,True,471,270.371952506341,74.20446005358255,0.4219090317444804,23.734065764522462,60,282.6,11.720593063639747,224,-3.605889168147529
300,mora,packing_A,T08,largo,20,G2,4.178662607029911,0.7008863750122029,1.1856699165796902,True,471,270.371952506341,74.20446005358255,0.4219090317444804,23.734065764522462,60,282.6,11.720593063639747,225,-3.555884034719975
300,mora,packing_A,T08,largo,20,G2,4.178662607029911,0.7008863750122029,1.1856699165796902,True,471,270.371952506341,74.20446005358255,0.4219090317444804,23.734065764522462,60,282.6,11.720593063639747,226,-3.2897418698495513
300,mora,packing_A,T08,largo,20,G2,4.178662607029911,0.7008863750122029,1.1856699165796902,True,471,270.371952506341,74.20446005358255,0.4219090317444804,23.734065764522462,60,282.6,11.720593063639747,227,-3.3117286041482052
300,mora,packing_A,T08,largo,20,G2,4.178662607029911,0.7008863750122029,1.1856699165796902,True,471,270.371952506341,74.20446005358255,0.4219090317444804,23.734065764522462,60,282.6,11.720593063639747,228,-3.2065119684478445
300,mora,packing_A,T08,largo,20,G2,4.178662607029911,0.7008863750122029,1.1856699165796902,True,471,270.371952506341,74.20446005358255,0.4219090317444804,23.734065764522462,60,282.6,11.720593063639747,229,-3.2160626701510115
300,mora,packing_A,T08,largo,20,G2,4.178662607029911,0.7008863750122029,1.1856699165796902,True,471,270.371952506341,74.20446005358255,0.4219090317444804,23.734065764522462,60,282.6,11.720593063639747,230,-2.919228599897802
300,mora,packing_A,T08,largo,20,G2,4.178662607029911,0.7008863750122029,1.1856699165796902,True,471,270.371952506341,74.20446005358255,0.4219090317444804,23.734065764522462,60,282.6,11.720593063639747,231,-3.18073770088459
300,mora,packing_A,T08,largo,20,G2,4.178662607029911,0.7008863750122029,1.1856699165796902,True,471,270.371952506341,74.20446005358255,0.4219090317444804,23.734065764522462,60,282.6,11.720593063639747,232,-2.90394512799697
300,mora,packing_A,T08,largo,20,G2,4.178662607029911,0.7008863750122029,1.1856699165796902,True,471,270.371952506341,74.20446005358255,0.4219090317444804,23.734065764522462,60,282.6,11.720593063639747,233,-2.9140622199639945
300,mora,packing_A,T08,largo,20,G2,4.178662607029911,0.7008863750122029,1.1856699165796902,True,471,270.371952506341,74.20446005358255,0.4219090317444804,23.734065764522462,60,282.6,11.720593063639747,234,-2.9319756603318865
300,mora,packing_A,T08,largo,20,G2,4.178662607029911,0.7008863750122029,1.1856699165796902,True,471,270.371952506341,74.20446005358255,0.4219090317444804,23.734065764522462,60,282.6,11.720593063639747,235,-2.894189773125724
300,mora,packing_A,T08,largo,20,G2,4.178662607029911,0.7008863750122029,1.1856699165796902,True,471,270.371952506341,74.20446005358255,0.4219090317444804,23.734065764522462,60,282.6,11.720593063639747,236,-2.536567756597491
300,mora,packing_A,T08,largo,20,G2,4.178662607029911,0.7008863750122029,1.1856699165796902,True,471,270.371952506341,74.20446005358255,0.4219090317444804,23.734065764522462,60,282.6,11.720593063639747,237,-2.6508234669112056
300,mora,packing_A,T08,largo,20,G2,4.178662607029911,0.7008863750122029,1.1856699165796902,True,471,270.371952506341,74.20446005358255,0.4219090317444804,23.734065764522462,60,282.6,11.720593063639747,238,-2.386354248108102
300,mora,packing_A,T08,largo,20,G2,4.178662607029911,0.7008863750122029,1.1856699165796902,True,471,270.371952506341,74.20446005358255,0.4219090317444804,23.734065764522462,60,282.6,11.720593063639747,239,-2.3884224463754613
300,mora,packing_A,T08,largo,20,G2,4.178662607029911,0.7008863750122029,1.1856699165796902,True,471,270.371952506341,74.20446005358255,0.4219090317444804,23.734065764522462,60,282.6,11.720593063639747,240,-2.2177628845149666
300,mora,packing_A,T08,largo,20,G2,4.178662607029911,0.7008863750122029,1.1856699165796902,True,471,270.371952506341,74.20446005358255,0.4219090317444804,23.734065764522462,60,282.6,11.720593063639747,241,-2.2787254836761197
300,mora,packing_A,T08,largo,20,G2,4.178662607029911,0.7008863750122029,1.1856699165796902,True,471,270.371952506341,74.20446005358255,0.4219090317444804,23.734065764522462,60,282.6,11.720593063639747,242,-2.3015016391251035
300,mora,packing_A,T08,largo,20,G2,4.178662607029911,0.7008863750122029,1.1856699165796902,True,471,270.371952506341,74.20446005358255,0.4219090317444804,23.734065764522462,60,282.6,11.720593063639747,243,-2.074529595033833
300,mora,packing_A,T08,largo,20,G2,4.178662607029911,0.7008863750122029,1.1856699165796902,True,471,270.371952506341,74.20446005358255,0.4219090317444804,23.734065764522462,60,282.6,11.720593063639747,244,-1.8006921358545949
300,mora,packing_A,T08,largo,20,G2,4.178662607029911,0.7008863750122029,1.1856699165796902,True,471,270.371952506341,74.20446005358255,0.4219090317444804,23.734065764522462,60,282.6,11.720593063639747,245,-1.953741318231224
300,mora,packing_A,T08,largo,20,G2,4.178662607029911,0.7008863750122029,1.1856699165796902,True,471,270.371952506341,74.20446005358255,0.4219090317444804,23.734065764522462,60,282.6,11.720593063639747,246,-1.9287436982926391
300,mora,packing_A,T08,largo,20,G2,4.178662607029911,0.7008863750122029,1.1856699165796902,True,471,270.371952506341,74.20446005358255,0.4219090317444804,23.734065764522462,60,282.6,11.720593063639747,247,-1.8191480672442015
300,mora,packing_A,T08,largo,20,G2,4.178662607029911,0.7008863750122029,1.1856699165796902,True,471,270.371952506341,74.20446005358255,0.4219090317444804,23.734065764522462,60,282.6,11.720593063639747,248,-1.79893936828365
300,mora,packing_A,T08,largo,20,G2,4.178662607029911,0.7008863750122029,1.1856699165796902,True,471,270.371952506341,74.20446005358255,0.4219090317444804,23.734065764522462,60,282.6,11.720593063639747,249,-1.5582351491007593
300,mora,packing_A,T08,largo,20,G2,4.178662607029911,0.7008863750122029,1.1856699165796902,True,471,270.371952506341,74.20446005358255,0.4219090317444804,23.734065764522462,60,282.6,11.720593063639747,250,-1.6017960163950973
300,mora,packing_A,T08,largo,20,G2,4.178662607029911,0.7008863750122029,1.1856699165796902,True,471,270.371952506341,74.20446005358255,0.4219090317444804,23.734065764522462,60,282.6,11.720593063639747,251,-1.5837636823655274
300,mora,packing_A,T08,largo,20,G2,4.178662607029911,0.7008863750122029,1.1856699165796902,True,471,270.371952506341,74.20446005358255,0.4219090317444804,23.734065764522462,60,282.6,11.720593063639747,252,-1.4982067211772623
300,mora,packing_A,T08,largo,20,G2,4.178662607029911,0.7008863750122029,1.1856699165796902,True,471,270.371952506341,74.20446005358255,0.4219090317444804,23.734065764522462,60,282.6,11.720593063639747,253,-1.37531146858878
300,mora,packing_A,T08,largo,20,G2,4.178662607029911,0.7008863750122029,1.1856699165796902,True,471,270.371952506341,74.20446005358255,0.4219090317444804,23.734065764522462,60,282.6,11.720593063639747,254,-1.350586864391391
300,mora,packing_A,T08,largo,20,G2,4.178662607029911,0.7008863750122029,1.1856699165796902,True,471,270.371952506341,74.20446005358255,0.4219090317444804,23.734065764522462,60,282.6,11.720593063639747,255,-1.1250560626331405
300,mora,packing_A,T08,largo,20,G2,4.178662607029911,0.7008863750122029,1.1856699165796902,True,471,270.371952506341,74.20446005358255,0.4219090317444804,23.734065764522462,60,282.6,11.720593063639747,256,-1.1716727438710255
300,mora,packing_A,T08,largo,20,G2,4.178662607029911,0.7008863750122029,1.1856699165796902,True,471,270.371952506341,74.20446005358255,0.4219090317444804,23.734065764522462,60,282.6,11.720593063639747,257,-1.0280180098880913
300,mora,packing_A,T08,largo,20,G2,4.178662607029911,0.7008863750122029,1.1856699165796902,True,471,270.371952506341,74.20446005358255,0.4219090317444804,23.734065764522462,60,282.6,11.720593063639747,258,-1.069106812405991
300,mora,packing_A,T08,largo,20,G2,4.178662607029911,0.7008863750122029,1.1856699165796902,True,471,270.371952506341,74.20446005358255,0.4219090317444804,23.734065764522462,60,282.6,11.720593063639747,259,-1.0323788550190496
300,mora,packing_A,T08,largo,20,G2,4.178662607029911,0.7008863750122029,1.1856699165796902,True,471,270.371952506341,74.20446005358255,0.4219090317444804,23.734065764522462,60,282.6,11.720593063639747,260,-0.9618776311690215
300,mora,packing_A,T08,largo,20,G2,4.178662607029911,0.7008863750122029,1.1856699165796902,True,471,270.371952506341,74.20446005358255,0.4219090317444804,23.734065764522462,60,282.6,11.720593063639747,261,-0.9875309164290107
300,mora,packing_A,T08,largo,20,G2,4.178662607029911,0.7008863750122029,1.1856699165796902,True,471,270.371952506341,74.20446005358255,0.4219090317444804,23.734065764522462,60,282.6,11.720593063639747,262,-0.7538985569600865
300,mora,packing_A,T08,largo,20,G2,4.178662607029911,0.7008863750122029,1.1856699165796902,True,471,270.371952506341,74.20446005358255,0.4219090317444804,23.734065764522462,60,282.6,11.720593063639747,263,-0.8414962095353274
300,mora,packing_A,T08,largo,20,G2,4.178662607029911,0.7008863750122029,1.1856699165796902,True,471,270.371952506341,74.20446005358255,0.4219090317444804,23.734065764522462,60,282.6,11.720593063639747,264,-0.6603625486887583
300,mora,packing_A,T08,largo,20,G2,4.178662607029911,0.7008863750122029,1.1856699165796902,True,471,270.371952506341,74.20446005358255,0.4219090317444804,23.734065764522462,60,282.6,11.720593063639747,265,-0.6964508259833392
300,mora,packing_A,T08,largo,20,G2,4.178662607029911,0.7008863750122029,1.1856699165796902,True,471,270.371952506341,74.20446005358255,0.4219090317444804,23.734065764522462,60,282.6,11.720593063639747,266,-0.5334621029402788
300,mora,packing_A,T08,largo,20,G2,4.178662607029911,0.7008863750122029,1.1856699165796902,True,471,270.371952506341,74.20446005358255,0.4219090317444804,23.734065764522462,60,282.6,11.720593063639747,267,-0.6785744089762921
300,mora,packing_A,T08,largo,20,G2,4.178662607029911,0.7008863750122029,1.1856699165796902,True,471,270.371952506341,74.20446005358255,0.4219090317444804,23.734065764522462,60,282.6,11.720593063639747,268,-0.4690721041426899
300,mora,packing_A,T08,largo,20,G2,4.178662607029911,0.7008863750122029,1.1856699165796902,True,471,270.371952506341,74.20446005358255,0.4219090317444804,23.734065764522462,60,282.6,11.720593063639747,269,-0.2350405391611112
300,mora,packing_A,T08,largo,20,G2,4.178662607029911,0.7008863750122029,1.1856699165796902,True,471,270.371952506341,74.20446005358255,0.4219090317444804,23.734065764522462,60,282.6,11.720593063639747,270,-0.2606448993753
300,mora,packing_A,T08,largo,20,G2,4.178662607029911,0.7008863750122029,1.1856699165796902,True,471,270.371952506341,74.20446005358255,0.4219090317444804,23.734065764522462,60,282.6,11.720593063639747,271,-0.33569829549387514
300,mora,packing_A,T08,largo,20,G2,4.178662607029911,0.7008863750122029,1.1856699165796902,True,471,270.371952506341,74.20446005358255,0.4219090317444804,23.734065764522462,60,282.6,11.720593063639747,272,-0.2834950261054244
300,mora,packing_A,T08,largo,20,G2,4.178662607029911,0.7008863750122029,1.1856699165796902,True,471,270.371952506341,74.20446005358255,0.4219090317444804,23.734065764522462,60,282.6,11.720593063639747,273,-0.04145194196452173
300,mora,packing_A,T08,largo,20,G2,4.178662607029911,0.7008863750122029,1.1856699165796902,True,471,270.371952506341,74.20446005358255,0.4219090317444804,23.734065764522462,60,282.6,11.720593063639747,274,-0.05798151467611607
300,mora,packing_A,T08,largo,20,G2,4.178662607029911,0.7008863750122029,1.1856699165796902,True,471,270.371952506341,74.20446005358255,0.4219090317444804,23.734065764522462,60,282.6,11.720593063639747,275,-0.11347173708516366
300,mora,packing_A,T08,largo,20,G2,4.178662607029911,0.7008863750122029,1.1856699165796902,True,471,270.371952506341,74.20446005358255,0.4219090317444804,23.734065764522462,60,282.6,11.720593063639747,276,0.04367674482259801
300,mora,packing_A,T08,largo,20,G2,4.178662607029911,0.7008863750122029,1.1856699165796902,True,471,270.371952506341,74.20446005358255,0.4219090317444804,23.734065764522462,60,282.6,11.720593063639747,277,0.08902460178177851
300,mora,packing_A,T08,largo,20,G2,4.178662607029911,0.7008863750122029,1.1856699165796902,True,471,270.371952506341,74.20446005358255,0.4219090317444804,23.734065764522462,60,282.6,11.720593063639747,278,0.02027113237223563
300,mora,packing_A,T08,largo,20,G2,4.178662607029911,0.7008863750122029,1.1856699165796902,True,471,270.371952506341,74.20446005358255,0.4219090317444804,23.734065764522462,60,282.6,11.720593063639747,279,0.22347363607172044
300,mora,packing_A,T08,largo,20,G2,4.178662607029911,0.7008863750122029,1.1856699165796902,True,471,270.371952506341,74.20446005358255,0.4219090317444804,23.734065764522462,60,282.6,11.720593063639747,280,0.07152268156405156
300,mora,packing_A,T08,largo,20,G2,4.178662607029911,0.7008863750122029,1.1856699165796902,True,471,270.371952506341,74.20446005358255,0.4219090317444804,23.734065764522462,60,282.6,11.720593063639747,281,0.3144820577147915
300,mora,packing_A,T08,largo,20,G2,4.178662607029911,0.7008863750122029,1.1856699165796902,True,471,270.371952506341,74.20446005358255,0.4219090317444804,23.734065764522462,60,282.6,11.720593063639747,282,0.42627209447453385
300,mora,packing_A,T08,largo,20,G2,4.178662607029911,0.7008863750122029,1.1856699165796902,True,471,270.371952506341,74.20446005358255,0.4219090317444804,23.734065764522462,60,282.6,11.720593063639747,283,0.5995438167557088
300,mora,packing_A,T08,largo,20,G2,4.178662607029911,0.7008863750122029,1.1856699165796902,True,471,270.371952506341,74.20446005358255,0.4219090317444804,23.734065764522462,60,282.6,11.720593063639747,284,0.5747779960245015
300,mora,packing_A,T08,largo,20,G2,4.178662607029911,0.7008863750122029,1.1856699165796902,True,471,270.371952506341,74.20446005358255,0.4219090317444804,23.734065764522462,60,282.6,11.720593063639747,285,0.561517518283199
300,mora,packing_A,T08,largo,20,G2,4.178662607029911,0.7008863750122029,1.1856699165796902,True,471,270.371952506341,74.20446005358255,0.4219090317444804,23.734065764522462,60,282.6,11.720593063639747,286,0.38339407847972234
300,mora,packing_A,T08,largo,20,G2,4.178662607029911,0.7008863750122029,1.1856699165796902,True,471,270.371952506341,74.20446005358255,0.4219090317444804,23.734065764522462,60,282.6,11.720593063639747,287,0.17164075974018383
300,mora,packing_A,T08,largo,20,G2,4.178662607029911,0.7008863750122029,1.1856699165796902,True,471,270.371952506341,74.20446005358255,0.4219090317444804,23.734065764522462,60,282.6,11.720593063639747,288,0.19061132604034653
300,mora,packing_A,T08,largo,20,G2,4.178662607029911,0.7008863750122029,1.1856699165796902,True,471,270.371952506341,74.20446005358255,0.4219090317444804,23.734065764522462,60,282.6,11.720593063639747,289,0.2094344814964919
300,mora,packing_A,T08,largo,20,G2,4.178662607029911,0.7008863750122029,1.1856699165796902,True,471,270.371952506341,74.20446005358255,0.4219090317444804,23.734065764522462,60,282.6,11.720593063639747,290,-0.025746159023610243
300,mora,packing_A,T08,largo,20,G2,4.178662607029911,0.7008863750122029,1.1856699165796902,True,471,270.371952506341,74.20446005358255,0.4219090317444804,23.734065764522462,60,282.6,11.720593063639747,291,0.03541451992577234
300,mora,packing_A,T08,largo,20,G2,4.178662607029911,0.7008863750122029,1.1856699165796902,True,471,270.371952506341,74.20446005358255,0.4219090317444804,23.734065764522462,60,282.6,11.720593063639747,292,-0.031660615553432615
300,mora,packing_A,T08,largo,20,G2,4.178662607029911,0.7008863750122029,1.1856699165796902,True,471,270.371952506341,74.20446005358255,0.4219090317444804,23.734065764522462,60,282.6,11.720593063639747,293,0.05446277865455135
300,mora,packing_A,T08,largo,20,G2,4.178662607029911,0.7008863750122029,1.1856699165796902,True,471,270.371952506341,74.20446005358255,0.4219090317444804,23.734065764522462,60,282.6,11.720593063639747,294,-0.15022064415799458
300,mora,packing_A,T08,largo,20,G2,4.178662607029911,0.7008863750122029,1.1856699165796902,True,471,270.371952506341,74.20446005358255,0.4219090317444804,23.734065764522462,60,282.6,11.720593063639747,295,-0.11387787124230214
300,mora,packing_A,T08,largo,20,G2,4.178662607029911,0.7008863750122029,1.1856699165796902,True,471,270.371952506341,74.20446005358255,0.4219090317444804,23.734065764522462,60,282.6,11.720593063639747,296,0.04254545075381432
300,mora,packing_A,T08,largo,20,G2,4.178662607029911,0.7008863750122029,1.1856699165796902,True,471,270.371952506341,74.20446005358255,0.4219090317444804,23.734065764522462,60,282.6,11.720593063639747,297,0.2390590775221088
300,mora,packing_A,T08,largo,20,G2,4.178662607029911,0.7008863750122029,1.1856699165796902,True,471,270.371952506341,74.20446005358255,0.4219090317444804,23.734065764522462,60,282.6,11.720593063639747,298,0.33556194043918924
300,mora,packing_A,T08,largo,20,G2,4.178662607029911,0.7008863750122029,1.1856699165796902,True,471,270.371952506341,74.20446005358255,0.4219090317444804,23.734065764522462,60,282.6,11.720593063639747,299,0.31063417410633715
300,mora,packing_A,T08,largo,20,G2,4.178662607029911,0.7008863750122029,1.1856699165796902,True,471,270.371952506341,74.20446005358255,0.4219090317444804,23.734065764522462,60,282.6,11.720593063639747,300,0.2803608072363113
300,mora,packing_A,T08,largo,20,G2,4.178662607029911,0.7008863750122029,1.1856699165796902,True,471,270.371952506341,74.20446005358255,0.4219090317444804,23.734065764522462,60,282.6,11.720593063639747,301,0.461446065856869
300,mora,packing_A,T08,largo,20,G2,4.178662607029911,0.7008863750122029,1.1856699165796902,True,471,270.371952506341,74.20446005358255,0.4219090317444804,23.734065764522462,60,282.6,11.720593063639747,302,0.5973367842641297
300,mora,packing_A,T08,largo,20,G2,4.178662607029911,0.7008863750122029,1.1856699165796902,True,471,270.371952506341,74.20446005358255,0.4219090317444804,23.734065764522462,60,282.6,11.720593063639747,303,0.7211843471432144
300,mora,packing_A,T08,largo,20,G2,4.178662607029911,0.7008863750122029,1.1856699165796902,True,471,270.371952506341,74.20446005358255,0.4219090317444804,23.734065764522462,60,282.6,11.720593063639747,304,0.8861233212690796
300,mora,packing_A,T08,largo,20,G2,4.178662607029911,0.7008863750122029,1.1856699165796902,True,471,270.371952506341,74.20446005358255,0.4219090317444804,23.734065764522462,60,282.6,11.720593063639747,305,0.8288880822322052
300,mora,packing_A,T08,largo,20,G2,4.178662607029911,0.7008863750122029,1.1856699165796902,True,471,270.371952506341,74.20446005358255,0.4219090317444804,23.734065764522462,60,282.6,11.720593063639747,306,0.835564706411773
300,mora,packing_A,T08,largo,20,G2,4.178662607029911,0.7008863750122029,1.1856699165796902,True,471,270.371952506341,74.20446005358255,0.4219090317444804,23.734065764522462,60,282.6,11.720593063639747,307,0.8924951345757467
300,mora,packing_A,T08,largo,20,G2,4.178662607029911,0.7008863750122029,1.1856699165796902,True,471,270.371952506341,74.20446005358255,0.4219090317444804,23.734065764522462,60,282.6,11.720593063639747,308,0.9157544179452605
300,mora,packing_A,T08,largo,20,G2,4.178662607029911,0.7008863750122029,1.1856699165796902,True,471,270.371952506341,74.20446005358255,0.4219090317444804,23.734065764522462,60,282.6,11.720593063639747,309,0.8941837631199903
300,mora,packing_A,T08,largo,20,G2,4.178662607029911,0.7008863750122029,1.1856699165796902,True,471,270.371952506341,74.20446005358255,0.4219090317444804,23.734065764522462,60,282.6,11.720593063639747,310,0.7722502167301653
300,mora,packing_A,T08,largo,20,G2,4.178662607029911,0.7008863750122029,1.1856699165796902,True,471,270.371952506341,74.20446005358255,0.4219090317444804,23.734065764522462,60,282.6,11.720593063639747,311,0.7861596207905834
300,mora,packing_A,T08,largo,20,G2,4.178662607029911,0.7008863750122029,1.1856699165796902,True,471,270.371952506341,74.20446005358255,0.4219090317444804,23.734065764522462,60,282.6,11.720593063639747,312,0.7115121209334049
300,mora,packing_A,T08,largo,20,G2,4.178662607029911,0.7008863750122029,1.1856699165796902,True,471,270.371952506341,74.20446005358255,0.4219090317444804,23.734065764522462,60,282.6,11.720593063639747,313,0.5513075772628712
300,mora,packing_A,T08,largo,20,G2,4.178662607029911,0.7008863750122029,1.1856699165796902,True,471,270.371952506341,74.20446005358255,0.4219090317444804,23.734065764522462,60,282.6,11.720593063639747,314,0.4878004001208684
300,mora,packing_A,T08,largo,20,G2,4.178662607029911,0.7008863750122029,1.1856699165796902,True,471,270.371952506341,74.20446005358255,0.4219090317444804,23.734065764522462,60,282.6,11.720593063639747,315,0.24891512652181308
300,mora,packing_A,T08,largo,20,G2,4.178662607029911,0.7008863750122029,1.1856699165796902,True,471,270.371952506341,74.20446005358255,0.4219090317444804,23.734065764522462,60,282.6,11.720593063639747,316,0.3033712859770724
300,mora,packing_A,T08,largo,20,G2,4.178662607029911,0.7008863750122029,1.1856699165796902,True,471,270.371952506341,74.20446005358255,0.4219090317444804,23.734065764522462,60,282.6,11.720593063639747,317,0.2246193781847088
300,mora,packing_A,T08,largo,20,G2,4.178662607029911,0.7008863750122029,1.1856699165796902,True,471,270.371952506341,74.20446005358255,0.4219090317444804,23.734065764522462,60,282.6,11.720593063639747,318,0.15937184029157753
300,mora,packing_A,T08,largo,20,G2,4.178662607029911,0.7008863750122029,1.1856699165796902,True,471,270.371952506341,74.20446005358255,0.4219090317444804,23.734065764522462,60,282.6,11.720593063639747,319,-0.009619543958163917
300,mora,packing_A,T08,largo,20,G2,4.178662607029911,0.7008863750122029,1.1856699165796902,True,471,270.371952506341,74.20446005358255,0.4219090317444804,23.734065764522462,60,282.6,11.720593063639747,320,0.06642003317502351
300,mora,packing_A,T08,largo,20,G2,4.178662607029911,0.7008863750122029,1.1856699165796902,True,471,270.371952506341,74.20446005358255,0.4219090317444804,23.734065764522462,60,282.6,11.720593063639747,321,-0.09760597740687038
300,mora,packing_A,T08,largo,20,G2,4.178662607029911,0.7008863750122029,1.1856699165796902,True,471,270.371952506341,74.20446005358255,0.4219090317444804,23.734065764522462,60,282.6,11.720593063639747,322,-0.12822297836510843
300,mora,packing_A,T08,largo,20,G2,4.178662607029911,0.7008863750122029,1.1856699165796902,True,471,270.371952506341,74.20446005358255,0.4219090317444804,23.734065764522462,60,282.6,11.720593063639747,323,0.09025433506778441
300,mora,packing_A,T08,largo,20,G2,4.178662607029911,0.7008863750122029,1.1856699165796902,True,471,270.371952506341,74.20446005358255,0.4219090317444804,23.734065764522462,60,282.6,11.720593063639747,324,-0.016766362704939707
300,mora,packing_A,T08,largo,20,G2,4.178662607029911,0.7008863750122029,1.1856699165796902,True,471,270.371952506341,74.20446005358255,0.4219090317444804,23.734065764522462,60,282.6,11.720593063639747,325,0.14369562746116335
300,mora,packing_A,T08,largo,20,G2,4.178662607029911,0.7008863750122029,1.1856699165796902,True,471,270.371952506341,74.20446005358255,0.4219090317444804,23.734065764522462,60,282.6,11.720593063639747,326,-0.008776192314889783
300,mora,packing_A,T08,largo,20,G2,4.178662607029911,0.7008863750122029,1.1856699165796902,True,471,270.371952506341,74.20446005358255,0.4219090317444804,23.734065764522462,60,282.6,11.720593063639747,327,0.17242653455777937
300,mora,packing_A,T08,largo,20,G2,4.178662607029911,0.7008863750122029,1.1856699165796902,True,471,270.371952506341,74.20446005358255,0.4219090317444804,23.734065764522462,60,282.6,11.720593063639747,328,0.2501806375949947
300,mora,packing_A,T08,largo,20,G2,4.178662607029911,0.7008863750122029,1.1856699165796902,True,471,270.371952506341,74.20446005358255,0.4219090317444804,23.734065764522462,60,282.6,11.720593063639747,329,0.2561025947399152
300,mora,packing_A,T08,largo,20,G2,4.178662607029911,0.7008863750122029,1.1856699165796902,True,471,270.371952506341,74.20446005358255,0.4219090317444804,23.734065764522462,60,282.6,11.720593063639747,330,0.5093037820434367
300,mora,packing_A,T08,largo,20,G2,4.178662607029911,0.7008863750122029,1.1856699165796902,True,471,270.371952506341,74.20446005358255,0.4219090317444804,23.734065764522462,60,282.6,11.720593063639747,331,0.449046492624615
300,mora,packing_A,T08,largo,20,G2,4.178662607029911,0.7008863750122029,1.1856699165796902,True,471,270.371952506341,74.20446005358255,0.4219090317444804,23.734065764522462,60,282.6,11.720593063639747,332,0.5160826546042295
300,mora,packing_A,T08,largo,20,G2,4.178662607029911,0.7008863750122029,1.1856699165796902,True,471,270.371952506341,74.20446005358255,0.4219090317444804,23.734065764522462,60,282.6,11.720593063639747,333,0.7683417219043526
300,mora,packing_A,T08,largo,20,G2,4.178662607029911,0.7008863750122029,1.1856699165796902,True,471,270.371952506341,74.20446005358255,0.4219090317444804,23.734065764522462,60,282.6,11.720593063639747,334,0.7726523805406043
300,mora,packing_A,T08,largo,20,G2,4.178662607029911,0.7008863750122029,1.1856699165796902,True,471,270.371952506341,74.20446005358255,0.4219090317444804,23.734065764522462,60,282.6,11.720593063639747,335,0.7636574601881019
300,mora,packing_A,T08,largo,20,G2,4.178662607029911,0.7008863750122029,1.1856699165796902,True,471,270.371952506341,74.20446005358255,0.4219090317444804,23.734065764522462,60,282.6,11.720593063639747,336,0.9016173294100835
300,mora,packing_A,T08,largo,20,G2,4.178662607029911,0.7008863750122029,1.1856699165796902,True,471,270.371952506341,74.20446005358255,0.4219090317444804,23.734065764522462,60,282.6,11.720593063639747,337,0.9212422712045508
300,mora,packing_A,T08,largo,20,G2,4.178662607029911,0.7008863750122029,1.1856699165796902,True,471,270.371952506341,74.20446005358255,0.4219090317444804,23.734065764522462,60,282.6,11.720593063639747,338,0.881810770652679
300,mora,packing_A,T08,largo,20,G2,4.178662607029911,0.7008863750122029,1.1856699165796902,True,471,270.371952506341,74.20446005358255,0.4219090317444804,23.734065764522462,60,282.6,11.720593063639747,339,0.9203647909399272
300,mora,packing_A,T08,largo,20,G2,4.178662607029911,0.7008863750122029,1.1856699165796902,True,471,270.371952506341,74.20446005358255,0.4219090317444804,23.734065764522462,60,282.6,11.720593063639747,340,0.7970712327653285
300,mora,packing_A,T08,largo,20,G2,4.178662607029911,0.7008863750122029,1.1856699165796902,True,471,270.371952506341,74.20446005358255,0.4219090317444804,23.734065764522462,60,282.6,11.720593063639747,341,0.7044119752078827
300,mora,packing_A,T08,largo,20,G2,4.178662607029911,0.7008863750122029,1.1856699165796902,True,471,270.371952506341,74.20446005358255,0.4219090317444804,23.734065764522462,60,282.6,11.720593063639747,342,0.888623737522006
300,mora,packing_A,T08,largo,20,G2,4.178662607029911,0.7008863750122029,1.1856699165796902,True,471,270.371952506341,74.20446005358255,0.4219090317444804,23.734065764522462,60,282.6,11.720593063639747,343,0.8256261929559068
300,mora,packing_A,T08,largo,20,G2,4.178662607029911,0.7008863750122029,1.1856699165796902,True,471,270.371952506341,74.20446005358255,0.4219090317444804,23.734065764522462,60,282.6,11.720593063639747,344,0.4431559942647593
300,mora,packing_A,T08,largo,20,G2,4.178662607029911,0.7008863750122029,1.1856699165796902,True,471,270.371952506341,74.20446005358255,0.4219090317444804,23.734065764522462,60,282.6,11.720593063639747,345,0.4632744887549354
300,mora,packing_A,T08,largo,20,G2,4.178662607029911,0.7008863750122029,1.1856699165796902,True,471,270.371952506341,74.20446005358255,0.4219090317444804,23.734065764522462,60,282.6,11.720593063639747,346,0.3500373157676501
300,mora,packing_A,T08,largo,20,G2,4.178662607029911,0.7008863750122029,1.1856699165796902,True,471,270.371952506341,74.20446005358255,0.4219090317444804,23.734065764522462,60,282.6,11.720593063639747,347,0.09678157691079142
300,mora,packing_A,T08,largo,20,G2,4.178662607029911,0.7008863750122029,1.1856699165796902,True,471,270.371952506341,74.20446005358255,0.4219090317444804,23.734065764522462,60,282.6,11.720593063639747,348,0.06147436055431926
300,mora,packing_A,T08,largo,20,G2,4.178662607029911,0.7008863750122029,1.1856699165796902,True,471,270.371952506341,74.20446005358255,0.4219090317444804,23.734065764522462,60,282.6,11.720593063639747,349,0.11396108062146537
300,mora,packing_A,T08,largo,20,G2,4.178662607029911,0.7008863750122029,1.1856699165796902,True,471,270.371952506341,74.20446005358255,0.4219090317444804,23.734065764522462,60,282.6,11.720593063639747,350,0.06156812062011572
300,mora,packing_A,T08,largo,20,G2,4.178662607029911,0.7008863750122029,1.1856699165796902,True,471,270.371952506341,74.20446005358255,0.4219090317444804,23.734065764522462,60,282.6,11.720593063639747,351,0.1009864304854254
300,mora,packing_A,T08,largo,20,G2,4.178662607029911,0.7008863750122029,1.1856699165796902,True,471,270.371952506341,74.20446005358255,0.4219090317444804,23.734065764522462,60,282.6,11.720593063639747,352,-0.02575709435837808
300,mora,packing_A,T08,largo,20,G2,4.178662607029911,0.7008863750122029,1.1856699165796902,True,471,270.371952506341,74.20446005358255,0.4219090317444804,23.734065764522462,60,282.6,11.720593063639747,353,-0.022773004063610713
300,mora,packing_A,T08,largo,20,G2,4.178662607029911,0.7008863750122029,1.1856699165796902,True,471,270.371952506341,74.20446005358255,0.4219090317444804,23.734065764522462,60,282.6,11.720593063639747,354,-0.026658824337993388
300,mora,packing_A,T08,largo,20,G2,4.178662607029911,0.7008863750122029,1.1856699165796902,True,471,270.371952506341,74.20446005358255,0.4219090317444804,23.734065764522462,60,282.6,11.720593063639747,355,-0.22644223225829319
300,mora,packing_A,T08,largo,20,G2,4.178662607029911,0.7008863750122029,1.1856699165796902,True,471,270.371952506341,74.20446005358255,0.4219090317444804,23.734065764522462,60,282.6,11.720593063639747,356,-0.05075182308505746
300,mora,packing_A,T08,largo,20,G2,4.178662607029911,0.7008863750122029,1.1856699165796902,True,471,270.371952506341,74.20446005358255,0.4219090317444804,23.734065764522462,60,282.6,11.720593063639747,357,0.2283511406662237
300,mora,packing_A,T08,largo,20,G2,4.178662607029911,0.7008863750122029,1.1856699165796902,True,471,270.371952506341,74.20446005358255,0.4219090317444804,23.734065764522462,60,282.6,11.720593063639747,358,0.21673698333707211
300,mora,packing_A,T08,largo,20,G2,4.178662607029911,0.7008863750122029,1.1856699165796902,True,471,270.371952506341,74.20446005358255,0.4219090317444804,23.734065764522462,60,282.6,11.720593063639747,359,0.5309003326561941
300,mora,packing_A,T08,largo,20,G2,4.178662607029911,0.7008863750122029,1.1856699165796902,True,471,270.371952506341,74.20446005358255,0.4219090317444804,23.734065764522462,60,282.6,11.720593063639747,360,0.3195099265501423
300,mora,packing_A,T08,largo,20,G2,4.178662607029911,0.7008863750122029,1.1856699165796902,True,471,270.371952506341,74.20446005358255,0.4219090317444804,23.734065764522462,60,282.6,11.720593063639747,361,0.4257737381102024
300,mora,packing_A,T08,largo,20,G2,4.178662607029911,0.7008863750122029,1.1856699165796902,True,471,270.371952506341,74.20446005358255,0.4219090317444804,23.734065764522462,60,282.6,11.720593063639747,362,0.7142407701453146
300,mora,packing_A,T08,largo,20,G2,4.178662607029911,0.7008863750122029,1.1856699165796902,True,471,270.371952506341,74.20446005358255,0.4219090317444804,23.734065764522462,60,282.6,11.720593063639747,363,0.8389009693739305
300,mora,packing_A,T08,largo,20,G2,4.178662607029911,0.7008863750122029,1.1856699165796902,True,471,270.371952506341,74.20446005358255,0.4219090317444804,23.734065764522462,60,282.6,11.720593063639747,364,0.7387151251658624
300,mora,packing_A,T08,largo,20,G2,4.178662607029911,0.7008863750122029,1.1856699165796902,True,471,270.371952506341,74.20446005358255,0.4219090317444804,23.734065764522462,60,282.6,11.720593063639747,365,0.768775592681799
300,mora,packing_A,T08,largo,20,G2,4.178662607029911,0.7008863750122029,1.1856699165796902,True,471,270.371952506341,74.20446005358255,0.4219090317444804,23.734065764522462,60,282.6,11.720593063639747,366,0.7795268003021553
300,mora,packing_A,T08,largo,20,G2,4.178662607029911,0.7008863750122029,1.1856699165796902,True,471,270.371952506341,74.20446005358255,0.4219090317444804,23.734065764522462,60,282.6,11.720593063639747,367,0.8845016147592417
300,mora,packing_A,T08,largo,20,G2,4.178662607029911,0.7008863750122029,1.1856699165796902,True,471,270.371952506341,74.20446005358255,0.4219090317444804,23.734065764522462,60,282.6,11.720593063639747,368,0.8640038383505679
300,mora,packing_A,T08,largo,20,G2,4.178662607029911,0.7008863750122029,1.1856699165796902,True,471,270.371952506341,74.20446005358255,0.4219090317444804,23.734065764522462,60,282.6,11.720593063639747,369,0.7456025054851281
300,mora,packing_A,T08,largo,20,G2,4.178662607029911,0.7008863750122029,1.1856699165796902,True,471,270.371952506341,74.20446005358255,0.4219090317444804,23.734065764522462,60,282.6,11.720593063639747,370,0.9670954817701573
300,mora,packing_A,T08,largo,20,G2,4.178662607029911,0.7008863750122029,1.1856699165796902,True,471,270.371952506341,74.20446005358255,0.4219090317444804,23.734065764522462,60,282.6,11.720593063639747,371,0.6474800917166667
300,mora,packing_A,T08,largo,20,G2,4.178662607029911,0.7008863750122029,1.1856699165796902,True,471,270.371952506341,74.20446005358255,0.4219090317444804,23.734065764522462,60,282.6,11.720593063639747,372,0.8830150364679148
300,mora,packing_A,T08,largo,20,G2,4.178662607029911,0.7008863750122029,1.1856699165796902,True,471,270.371952506341,74.20446005358255,0.4219090317444804,23.734065764522462,60,282.6,11.720593063639747,373,0.7564871306651092
300,mora,packing_A,T08,largo,20,G2,4.178662607029911,0.7008863750122029,1.1856699165796902,True,471,270.371952506341,74.20446005358255,0.4219090317444804,23.734065764522462,60,282.6,11.720593063639747,374,0.6208583101362157
300,mora,packing_A,T08,largo,20,G2,4.178662607029911,0.7008863750122029,1.1856699165796902,True,471,270.371952506341,74.20446005358255,0.4219090317444804,23.734065764522462,60,282.6,11.720593063639747,375,0.2805802171898296
300,mora,packing_A,T08,largo,20,G2,4.178662607029911,0.7008863750122029,1.1856699165796902,True,471,270.371952506341,74.20446005358255,0.4219090317444804,23.734065764522462,60,282.6,11.720593063639747,376,0.4358217391251136
300,mora,packing_A,T08,largo,20,G2,4.178662607029911,0.7008863750122029,1.1856699165796902,True,471,270.371952506341,74.20446005358255,0.4219090317444804,23.734065764522462,60,282.6,11.720593063639747,377,0.3199078551978414
300,mora,packing_A,T08,largo,20,G2,4.178662607029911,0.7008863750122029,1.1856699165796902,True,471,270.371952506341,74.20446005358255,0.4219090317444804,23.734065764522462,60,282.6,11.720593063639747,378,0.21752627500206145
300,mora,packing_A,T08,largo,20,G2,4.178662607029911,0.7008863750122029,1.1856699165796902,True,471,270.371952506341,74.20446005358255,0.4219090317444804,23.734065764522462,60,282.6,11.720593063639747,379,0.22519424860413087
300,mora,packing_A,T08,largo,20,G2,4.178662607029911,0.7008863750122029,1.1856699165796902,True,471,270.371952506341,74.20446005358255,0.4219090317444804,23.734065764522462,60,282.6,11.720593063639747,380,-0.16365047681543335
300,mora,packing_A,T08,largo,20,G2,4.178662607029911,0.7008863750122029,1.1856699165796902,True,471,270.371952506341,74.20446005358255,0.4219090317444804,23.734065764522462,60,282.6,11.720593063639747,381,-0.028789363001311772
300,mora,packing_A,T08,largo,20,G2,4.178662607029911,0.7008863750122029,1.1856699165796902,True,471,270.371952506341,74.20446005358255,0.4219090317444804,23.734065764522462,60,282.6,11.720593063639747,382,-0.009935069620472768
300,mora,packing_A,T08,largo,20,G2,4.178662607029911,0.7008863750122029,1.1856699165796902,True,471,270.371952506341,74.20446005358255,0.4219090317444804,23.734065764522462,60,282.6,11.720593063639747,383,0.04219436016923599
300,mora,packing_A,T08,largo,20,G2,4.178662607029911,0.7008863750122029,1.1856699165796902,True,471,270.371952506341,74.20446005358255,0.4219090317444804,23.734065764522462,60,282.6,11.720593063639747,384,-0.017904086246820727
300,mora,packing_A,T08,largo,20,G2,4.178662607029911,0.7008863750122029,1.1856699165796902,True,471,270.371952506341,74.20446005358255,0.4219090317444804,23.734065764522462,60,282.6,11.720593063639747,385,0.01467634311387973
300,mora,packing_A,T08,largo,20,G2,4.178662607029911,0.7008863750122029,1.1856699165796902,True,471,270.371952506341,74.20446005358255,0.4219090317444804,23.734065764522462,60,282.6,11.720593063639747,386,0.11406380239255659
300,mora,packing_A,T08,largo,20,G2,4.178662607029911,0.7008863750122029,1.1856699165796902,True,471,270.371952506341,74.20446005358255,0.4219090317444804,23.734065764522462,60,282.6,11.720593063639747,387,0.29327476155940624
300,mora,packing_A,T08,largo,20,G2,4.178662607029911,0.7008863750122029,1.1856699165796902,True,471,270.371952506341,74.20446005358255,0.4219090317444804,23.734065764522462,60,282.6,11.720593063639747,388,0.10964807239538245
300,mora,packing_A,T08,largo,20,G2,4.178662607029911,0.7008863750122029,1.1856699165796902,True,471,270.371952506341,74.20446005358255,0.4219090317444804,23.734065764522462,60,282.6,11.720593063639747,389,0.3564467109355623
300,mora,packing_A,T08,largo,20,G2,4.178662607029911,0.7008863750122029,1.1856699165796902,True,471,270.371952506341,74.20446005358255,0.4219090317444804,23.734065764522462,60,282.6,11.720593063639747,390,0.4799980574564298
300,mora,packing_A,T08,largo,20,G2,4.178662607029911,0.7008863750122029,1.1856699165796902,True,471,270.371952506341,74.20446005358255,0.4219090317444804,23.734065764522462,60,282.6,11.720593063639747,391,0.6840456790801549
300,mora,packing_A,T08,largo,20,G2,4.178662607029911,0.7008863750122029,1.1856699165796902,True,471,270.371952506341,74.20446005358255,0.4219090317444804,23.734065764522462,60,282.6,11.720593063639747,392,0.6784279504996653
300,mora,packing_A,T08,largo,20,G2,4.178662607029911,0.7008863750122029,1.1856699165796902,True,471,270.371952506341,74.20446005358255,0.4219090317444804,23.734065764522462,60,282.6,11.720593063639747,393,0.6829174318789001
300,mora,packing_A,T08,largo,20,G2,4.178662607029911,0.7008863750122029,1.1856699165796902,True,471,270.371952506341,74.20446005358255,0.4219090317444804,23.734065764522462,60,282.6,11.720593063639747,394,0.7951186158325533
300,mora,packing_A,T08,largo,20,G2,4.178662607029911,0.7008863750122029,1.1856699165796902,True,471,270.371952506341,74.20446005358255,0.4219090317444804,23.734065764522462,60,282.6,11.720593063639747,395,0.8883201497004811
300,mora,packing_A,T08,largo,20,G2,4.178662607029911,0.7008863750122029,1.1856699165796902,True,471,270.371952506341,74.20446005358255,0.4219090317444804,23.734065764522462,60,282.6,11.720593063639747,396,1.0381442866766624
300,mora,packing_A,T08,largo,20,G2,4.178662607029911,0.7008863750122029,1.1856699165796902,True,471,270.371952506341,74.20446005358255,0.4219090317444804,23.734065764522462,60,282.6,11.720593063639747,397,0.8263640078402383
300,mora,packing_A,T08,largo,20,G2,4.178662607029911,0.7008863750122029,1.1856699165796902,True,471,270.371952506341,74.20446005358255,0.4219090317444804,23.734065764522462,60,282.6,11.720593063639747,398,0.9428085424491288
300,mora,packing_A,T08,largo,20,G2,4.178662607029911,0.7008863750122029,1.1856699165796902,True,471,270.371952506341,74.20446005358255,0.4219090317444804,23.734065764522462,60,282.6,11.720593063639747,399,0.9987160096253258
300,mora,packing_A,T08,largo,20,G2,4.178662607029911,0.7008863750122029,1.1856699165796902,True,471,270.371952506341,74.20446005358255,0.4219090317444804,23.734065764522462,60,282.6,11.720593063639747,400,0.7325381008064643
300,mora,packing_A,T08,largo,20,G2,4.178662607029911,0.7008863750122029,1.1856699165796902,True,471,270.371952506341,74.20446005358255,0.4219090317444804,23.734065764522462,60,282.6,11.720593063639747,401,0.56748233281707
300,mora,packing_A,T08,largo,20,G2,4.178662607029911,0.7008863750122029,1.1856699165796902,True,471,270.371952506341,74.20446005358255,0.4219090317444804,23.734065764522462,60,282.6,11.720593063639747,402,0.7663720938449354
300,mora,packing_A,T08,largo,20,G2,4.178662607029911,0.7008863750122029,1.1856699165796902,True,471,270.371952506341,74.20446005358255,0.4219090317444804,23.734065764522462,60,282.6,11.720593063639747,403,0.5124957420344285
300,mora,packing_A,T08,largo,20,G2,4.178662607029911,0.7008863750122029,1.1856699165796902,True,471,270.371952506341,74.20446005358255,0.4219090317444804,23.734065764522462,60,282.6,11.720593063639747,404,0.32063616953498686
300,mora,packing_A,T08,largo,20,G2,4.178662607029911,0.7008863750122029,1.1856699165796902,True,471,270.371952506341,74.20446005358255,0.4219090317444804,23.734065764522462,60,282.6,11.720593063639747,405,0.3725139449005138
300,mora,packing_A,T08,largo,20,G2,4.178662607029911,0.7008863750122029,1.1856699165796902,True,471,270.371952506341,74.20446005358255,0.4219090317444804,23.734065764522462,60,282.6,11.720593063639747,406,0.3581743261944539
300,mora,packing_A,T08,largo,20,G2,4.178662607029911,0.7008863750122029,1.1856699165796902,True,471,270.371952506341,74.20446005358255,0.4219090317444804,23.734065764522462,60,282.6,11.720593063639747,407,0.16001774069955116
300,mora,packing_A,T08,largo,20,G2,4.178662607029911,0.7008863750122029,1.1856699165796902,True,471,270.371952506341,74.20446005358255,0.4219090317444804,23.734065764522462,60,282.6,11.720593063639747,408,0.3062266852017521
300,mora,packing_A,T08,largo,20,G2,4.178662607029911,0.7008863750122029,1.1856699165796902,True,471,270.371952506341,74.20446005358255,0.4219090317444804,23.734065764522462,60,282.6,11.720593063639747,409,0.15253366959642184
300,mora,packing_A,T08,largo,20,G2,4.178662607029911,0.7008863750122029,1.1856699165796902,True,471,270.371952506341,74.20446005358255,0.4219090317444804,23.734065764522462,60,282.6,11.720593063639747,410,-0.07520931342647999
300,mora,packing_A,T08,largo,20,G2,4.178662607029911,0.7008863750122029,1.1856699165796902,True,471,270.371952506341,74.20446005358255,0.4219090317444804,23.734065764522462,60,282.6,11.720593063639747,411,-0.12432473799417852
300,mora,packing_A,T08,largo,20,G2,4.178662607029911,0.7008863750122029,1.1856699165796902,True,471,270.371952506341,74.20446005358255,0.4219090317444804,23.734065764522462,60,282.6,11.720593063639747,412,-0.13827337219862437
300,mora,packing_A,T08,largo,20,G2,4.178662607029911,0.7008863750122029,1.1856699165796902,True,471,270.371952506341,74.20446005358255,0.4219090317444804,23.734065764522462,60,282.6,11.720593063639747,413,-0.025090776648089983
300,mora,packing_A,T08,largo,20,G2,4.178662607029911,0.7008863750122029,1.1856699165796902,True,471,270.371952506341,74.20446005358255,0.4219090317444804,23.734065764522462,60,282.6,11.720593063639747,414,-0.13667553103060037
300,mora,packing_A,T08,largo,20,G2,4.178662607029911,0.7008863750122029,1.1856699165796902,True,471,270.371952506341,74.20446005358255,0.4219090317444804,23.734065764522462,60,282.6,11.720593063639747,415,-0.07398838295093473
300,mora,packing_A,T08,largo,20,G2,4.178662607029911,0.7008863750122029,1.1856699165796902,True,471,270.371952506341,74.20446005358255,0.4219090317444804,23.734065764522462,60,282.6,11.720593063639747,416,0.16046260399717796
300,mora,packing_A,T08,largo,20,G2,4.178662607029911,0.7008863750122029,1.1856699165796902,True,471,270.371952506341,74.20446005358255,0.4219090317444804,23.734065764522462,60,282.6,11.720593063639747,417,-0.018223326347161395
300,mora,packing_A,T08,largo,20,G2,4.178662607029911,0.7008863750122029,1.1856699165796902,True,471,270.371952506341,74.20446005358255,0.4219090317444804,23.734065764522462,60,282.6,11.720593063639747,418,0.21727854573165514
300,mora,packing_A,T08,largo,20,G2,4.178662607029911,0.7008863750122029,1.1856699165796902,True,471,270.371952506341,74.20446005358255,0.4219090317444804,23.734065764522462,60,282.6,11.720593063639747,419,0.4309605065178096
300,mora,packing_A,T08,largo,20,G2,4.178662607029911,0.7008863750122029,1.1856699165796902,True,471,270.371952506341,74.20446005358255,0.4219090317444804,23.734065764522462,60,282.6,11.720593063639747,420,0.5574226255013376
300,mora,packing_A,T08,largo,20,G2,4.178662607029911,0.7008863750122029,1.1856699165796902,True,471,270.371952506341,74.20446005358255,0.4219090317444804,23.734065764522462,60,282.6,11.720593063639747,421,0.6589713705426778
300,mora,packing_A,T08,largo,20,G2,4.178662607029911,0.7008863750122029,1.1856699165796902,True,471,270.371952506341,74.20446005358255,0.4219090317444804,23.734065764522462,60,282.6,11.720593063639747,422,0.7596984342692261
300,mora,packing_A,T08,largo,20,G2,4.178662607029911,0.7008863750122029,1.1856699165796902,True,471,270.371952506341,74.20446005358255,0.4219090317444804,23.734065764522462,60,282.6,11.720593063639747,423,0.6716984512897642
300,mora,packing_A,T08,largo,20,G2,4.178662607029911,0.7008863750122029,1.1856699165796902,True,471,270.371952506341,74.20446005358255,0.4219090317444804,23.734065764522462,60,282.6,11.720593063639747,424,0.8097800265853466
300,mora,packing_A,T08,largo,20,G2,4.178662607029911,0.7008863750122029,1.1856699165796902,True,471,270.371952506341,74.20446005358255,0.4219090317444804,23.734065764522462,60,282.6,11.720593063639747,425,0.8355753245841923
300,mora,packing_A,T08,largo,20,G2,4.178662607029911,0.7008863750122029,1.1856699165796902,True,471,270.371952506341,74.20446005358255,0.4219090317444804,23.734065764522462,60,282.6,11.720593063639747,426,0.9935674601992313
300,mora,packing_A,T08,largo,20,G2,4.178662607029911,0.7008863750122029,1.1856699165796902,True,471,270.371952506341,74.20446005358255,0.4219090317444804,23.734065764522462,60,282.6,11.720593063639747,427,0.9989874582918863
300,mora,packing_A,T08,largo,20,G2,4.178662607029911,0.7008863750122029,1.1856699165796902,True,471,270.371952506341,74.20446005358255,0.4219090317444804,23.734065764522462,60,282.6,11.720593063639747,428,1.0272138166299376
300,mora,packing_A,T08,largo,20,G2,4.178662607029911,0.7008863750122029,1.1856699165796902,True,471,270.371952506341,74.20446005358255,0.4219090317444804,23.734065764522462,60,282.6,11.720593063639747,429,0.9847482266925038
300,mora,packing_A,T08,largo,20,G2,4.178662607029911,0.7008863750122029,1.1856699165796902,True,471,270.371952506341,74.20446005358255,0.4219090317444804,23.734065764522462,60,282.6,11.720593063639747,430,0.8432839408262093
300,mora,packing_A,T08,largo,20,G2,4.178662607029911,0.7008863750122029,1.1856699165796902,True,471,270.371952506341,74.20446005358255,0.4219090317444804,23.734065764522462,60,282.6,11.720593063639747,431,0.6548815292931897
300,mora,packing_A,T08,largo,20,G2,4.178662607029911,0.7008863750122029,1.1856699165796902,True,471,270.371952506341,74.20446005358255,0.4219090317444804,23.734065764522462,60,282.6,11.720593063639747,432,0.6816765007674584
300,mora,packing_A,T08,largo,20,G2,4.178662607029911,0.7008863750122029,1.1856699165796902,True,471,270.371952506341,74.20446005358255,0.4219090317444804,23.734065764522462,60,282.6,11.720593063639747,433,0.7533471930998186
300,mora,packing_A,T08,largo,20,G2,4.178662607029911,0.7008863750122029,1.1856699165796902,True,471,270.371952506341,74.20446005358255,0.4219090317444804,23.734065764522462,60,282.6,11.720593063639747,434,0.6353452079083828
300,mora,packing_A,T08,largo,20,G2,4.178662607029911,0.7008863750122029,1.1856699165796902,True,471,270.371952506341,74.20446005358255,0.4219090317444804,23.734065764522462,60,282.6,11.720593063639747,435,0.5081065875998101
300,mora,packing_A,T08,largo,20,G2,4.178662607029911,0.7008863750122029,1.1856699165796902,True,471,270.371952506341,74.20446005358255,0.4219090317444804,23.734065764522462,60,282.6,11.720593063639747,436,0.41208427481724913
300,mora,packing_A,T08,largo,20,G2,4.178662607029911,0.7008863750122029,1.1856699165796902,True,471,270.371952506341,74.20446005358255,0.4219090317444804,23.734065764522462,60,282.6,11.720593063639747,437,0.21114662241393523
300,mora,packing_A,T08,largo,20,G2,4.178662607029911,0.7008863750122029,1.1856699165796902,True,471,270.371952506341,74.20446005358255,0.4219090317444804,23.734065764522462,60,282.6,11.720593063639747,438,0.009845350616744825
300,mora,packing_A,T08,largo,20,G2,4.178662607029911,0.7008863750122029,1.1856699165796902,True,471,270.371952506341,74.20446005358255,0.4219090317444804,23.734065764522462,60,282.6,11.720593063639747,439,-0.025482362368484765
300,mora,packing_A,T08,largo,20,G2,4.178662607029911,0.7008863750122029,1.1856699165796902,True,471,270.371952506341,74.20446005358255,0.4219090317444804,23.734065764522462,60,282.6,11.720593063639747,440,0.08699507198661306
300,mora,packing_A,T08,largo,20,G2,4.178662607029911,0.7008863750122029,1.1856699165796902,True,471,270.371952506341,74.20446005358255,0.4219090317444804,23.734065764522462,60,282.6,11.720593063639747,441,0.27924069808446866
300,mora,packing_A,T08,largo,20,G2,4.178662607029911,0.7008863750122029,1.1856699165796902,True,471,270.371952506341,74.20446005358255,0.4219090317444804,23.734065764522462,60,282.6,11.720593063639747,442,-0.009173666266576341
300,mora,packing_A,T08,largo,20,G2,4.178662607029911,0.7008863750122029,1.1856699165796902,True,471,270.371952506341,74.20446005358255,0.4219090317444804,23.734065764522462,60,282.6,11.720593063639747,443,-0.0926504763616337
300,mora,packing_A,T08,largo,20,G2,4.178662607029911,0.7008863750122029,1.1856699165796902,True,471,270.371952506341,74.20446005358255,0.4219090317444804,23.734065764522462,60,282.6,11.720593063639747,444,-0.06699656390230632
300,mora,packing_A,T08,largo,20,G2,4.178662607029911,0.7008863750122029,1.1856699165796902,True,471,270.371952506341,74.20446005358255,0.4219090317444804,23.734065764522462,60,282.6,11.720593063639747,445,-0.11632028391437024
300,mora,packing_A,T08,largo,20,G2,4.178662607029911,0.7008863750122029,1.1856699165796902,True,471,270.371952506341,74.20446005358255,0.4219090317444804,23.734065764522462,60,282.6,11.720593063639747,446,0.15929338957719452
300,mora,packing_A,T08,largo,20,G2,4.178662607029911,0.7008863750122029,1.1856699165796902,True,471,270.371952506341,74.20446005358255,0.4219090317444804,23.734065764522462,60,282.6,11.720593063639747,447,0.04594839599389036
300,mora,packing_A,T08,largo,20,G2,4.178662607029911,0.7008863750122029,1.1856699165796902,True,471,270.371952506341,74.20446005358255,0.4219090317444804,23.734065764522462,60,282.6,11.720593063639747,448,0.17768842149220043
300,mora,packing_A,T08,largo,20,G2,4.178662607029911,0.7008863750122029,1.1856699165796902,True,471,270.371952506341,74.20446005358255,0.4219090317444804,23.734065764522462,60,282.6,11.720593063639747,449,0.3318071769216188
300,mora,packing_A,T08,largo,20,G2,4.178662607029911,0.7008863750122029,1.1856699165796902,True,471,270.371952506341,74.20446005358255,0.4219090317444804,23.734065764522462,60,282.6,11.720593063639747,450,0.555524279556155
300,mora,packing_A,T08,largo,20,G2,4.178662607029911,0.7008863750122029,1.1856699165796902,True,471,270.371952506341,74.20446005358255,0.4219090317444804,23.734065764522462,60,282.6,11.720593063639747,451,0.48713288765273915
300,mora,packing_A,T08,largo,20,G2,4.178662607029911,0.7008863750122029,1.1856699165796902,True,471,270.371952506341,74.20446005358255,0.4219090317444804,23.734065764522462,60,282.6,11.720593063639747,452,0.6029096568962611
300,mora,packing_A,T08,largo,20,G2,4.178662607029911,0.7008863750122029,1.1856699165796902,True,471,270.371952506341,74.20446005358255,0.4219090317444804,23.734065764522462,60,282.6,11.720593063639747,453,0.7532087896681086
300,mora,packing_A,T08,largo,20,G2,4.178662607029911,0.7008863750122029,1.1856699165796902,True,471,270.371952506341,74.20446005358255,0.4219090317444804,23.734065764522462,60,282.6,11.720593063639747,454,0.7511377133563721
300,mora,packing_A,T08,largo,20,G2,4.178662607029911,0.7008863750122029,1.1856699165796902,True,471,270.371952506341,74.20446005358255,0.4219090317444804,23.734065764522462,60,282.6,11.720593063639747,455,0.7652185713759586
300,mora,packing_A,T08,largo,20,G2,4.178662607029911,0.7008863750122029,1.1856699165796902,True,471,270.371952506341,74.20446005358255,0.4219090317444804,23.734065764522462,60,282.6,11.720593063639747,456,0.8128671645662396
300,mora,packing_A,T08,largo,20,G2,4.178662607029911,0.7008863750122029,1.1856699165796902,True,471,270.371952506341,74.20446005358255,0.4219090317444804,23.734065764522462,60,282.6,11.720593063639747,457,0.9604874158088864
300,mora,packing_A,T08,largo,20,G2,4.178662607029911,0.7008863750122029,1.1856699165796902,True,471,270.371952506341,74.20446005358255,0.4219090317444804,23.734065764522462,60,282.6,11.720593063639747,458,0.8581662253150559
300,mora,packing_A,T08,largo,20,G2,4.178662607029911,0.7008863750122029,1.1856699165796902,True,471,270.371952506341,74.20446005358255,0.4219090317444804,23.734065764522462,60,282.6,11.720593063639747,459,0.965274297338234
300,mora,packing_A,T08,largo,20,G2,4.178662607029911,0.7008863750122029,1.1856699165796902,True,471,270.371952506341,74.20446005358255,0.4219090317444804,23.734065764522462,60,282.6,11.720593063639747,460,0.8623485813583539
300,mora,packing_A,T08,largo,20,G2,4.178662607029911,0.7008863750122029,1.1856699165796902,True,471,270.371952506341,74.20446005358255,0.4219090317444804,23.734065764522462,60,282.6,11.720593063639747,461,0.7677555854023262
300,mora,packing_A,T08,largo,20,G2,4.178662607029911,0.7008863750122029,1.1856699165796902,True,471,270.371952506341,74.20446005358255,0.4219090317444804,23.734065764522462,60,282.6,11.720593063639747,462,0.6869467227812157
300,mora,packing_A,T08,largo,20,G2,4.178662607029911,0.7008863750122029,1.1856699165796902,True,471,270.371952506341,74.20446005358255,0.4219090317444804,23.734065764522462,60,282.6,11.720593063639747,463,0.6018797953077664
300,mora,packing_A,T08,largo,20,G2,4.178662607029911,0.7008863750122029,1.1856699165796902,True,471,270.371952506341,74.20446005358255,0.4219090317444804,23.734065764522462,60,282.6,11.720593063639747,464,0.5978308005160861
300,mora,packing_A,T08,largo,20,G2,4.178662607029911,0.7008863750122029,1.1856699165796902,True,471,270.371952506341,74.20446005358255,0.4219090317444804,23.734065764522462,60,282.6,11.720593063639747,465,0.28885917457155463
300,mora,packing_A,T08,largo,20,G2,4.178662607029911,0.7008863750122029,1.1856699165796902,True,471,270.371952506341,74.20446005358255,0.4219090317444804,23.734065764522462,60,282.6,11.720593063639747,466,0.37193570001550874
300,mora,packing_A,T08,largo,20,G2,4.178662607029911,0.7008863750122029,1.1856699165796902,True,471,270.371952506341,74.20446005358255,0.4219090317444804,23.734065764522462,60,282.6,11.720593063639747,467,0.09608091441982433
300,mora,packing_A,T08,largo,20,G2,4.178662607029911,0.7008863750122029,1.1856699165796902,True,471,270.371952506341,74.20446005358255,0.4219090317444804,23.734065764522462,60,282.6,11.720593063639747,468,0.29569532423490813
300,mora,packing_A,T08,largo,20,G2,4.178662607029911,0.7008863750122029,1.1856699165796902,True,471,270.371952506341,74.20446005358255,0.4219090317444804,23.734065764522462,60,282.6,11.720593063639747,469,0.2245733733732408
300,mora,packing_A,T08,largo,20,G2,4.178662607029911,0.7008863750122029,1.1856699165796902,True,471,270.371952506341,74.20446005358255,0.4219090317444804,23.734065764522462,60,282.6,11.720593063639747,470,-0.15069283110738457
