proceso_id,epoca,packing,tunel,tipo_tunel,iteracion,mass_group,masa_ton,ocupabilidad,caudal_factor,anomalia_duracion,duracion_min,duracion_esperada_min,delta_duracion_pct,setpoint,T0,pct_transitorio,t_trans_min,overshoot_pct,tiempo_min,temperatura
758,mora,packing_B,T09,largo,38,G4,8.6094516797992,0.8171065078853832,1.024653908579875,False,464,423.21663732033346,9.636521602244464,0.43300703406101104,24.874698921120586,60,278.4,8.562904429248992,0,24.887304724167617
758,mora,packing_B,T09,largo,38,G4,8.6094516797992,0.8171065078853832,1.024653908579875,False,464,423.21663732033346,9.636521602244464,0.43300703406101104,24.874698921120586,60,278.4,8.562904429248992,1,24.562503694119687
758,mora,packing_B,T09,largo,38,G4,8.6094516797992,0.8171065078853832,1.024653908579875,False,464,423.21663732033346,9.636521602244464,0.43300703406101104,24.874698921120586,60,278.4,8.562904429248992,2,24.51703589104644
758,mora,packing_B,T09,largo,38,G4,8.6094516797992,0.8171065078853832,1.024653908579875,False,464,423.21663732033346,9.636521602244464,0.43300703406101104,24.874698921120586,60,278.4,8.562904429248992,3,24.201939146869044
758,mora,packing_B,T09,largo,38,G4,8.6094516797992,0.8171065078853832,1.024653908579875,False,464,423.21663732033346,9.636521602244464,0.43300703406101104,24.874698921120586,60,278.4,8.562904429248992,4,24.071360390424346
758,mora,packing_B,T09,largo,38,G4,8.6094516797992,0.8171065078853832,1.024653908579875,False,464,423.21663732033346,9.636521602244464,0.43300703406101104,24.874698921120586,60,278.4,8.562904429248992,5,23.54334067882354
758,mora,packing_B,T09,largo,38,G4,8.6094516797992,0.8171065078853832,1.024653908579875,False,464,423.21663732033346,9.636521602244464,0.43300703406101104,24.874698921120586,60,278.4,8.562904429248992,6,23.35829418223089
758,mora,packing_B,T09,largo,38,G4,8.6094516797992,0.8171065078853832,1.024653908579875,False,464,423.21663732033346,9.636521602244464,0.43300703406101104,24.874698921120586,60,278.4,8.562904429248992,7,23.200317231095063
758,mora,packing_B,T09,largo,38,G4,8.6094516797992,0.8171065078853832,1.024653908579875,False,464,423.21663732033346,9.636521602244464,0.43300703406101104,24.874698921120586,60,278.4,8.562904429248992,8,23.00964289371722
758,mora,packing_B,T09,largo,38,G4,8.6094516797992,0.8171065078853832,1.024653908579875,False,464,423.21663732033346,9.636521602244464,0.43300703406101104,24.874698921120586,60,278.4,8.562904429248992,9,22.883194871982244
758,mora,packing_B,T09,largo,38,G4,8.6094516797992,0.8171065078853832,1.024653908579875,False,464,423.21663732033346,9.636521602244464,0.43300703406101104,24.874698921120586,60,278.4,8.562904429248992,10,22.57949052100259
758,mora,packing_B,T09,largo,38,G4,8.6094516797992,0.8171065078853832,1.024653908579875,False,464,423.21663732033346,9.636521602244464,0.43300703406101104,24.874698921120586,60,278.4,8.562904429248992,11,22.385103165178965
758,mora,packing_B,T09,largo,38,G4,8.6094516797992,0.8171065078853832,1.024653908579875,False,464,423.21663732033346,9.636521602244464,0.43300703406101104,24.874698921120586,60,278.4,8.562904429248992,12,21.980074373370126
758,mora,packing_B,T09,largo,38,G4,8.6094516797992,0.8171065078853832,1.024653908579875,False,464,423.21663732033346,9.636521602244464,0.43300703406101104,24.874698921120586,60,278.4,8.562904429248992,13,21.78795576845877
758,mora,packing_B,T09,largo,38,G4,8.6094516797992,0.8171065078853832,1.024653908579875,False,464,423.21663732033346,9.636521602244464,0.43300703406101104,24.874698921120586,60,278.4,8.562904429248992,14,21.476190070307084
758,mora,packing_B,T09,largo,38,G4,8.6094516797992,0.8171065078853832,1.024653908579875,False,464,423.21663732033346,9.636521602244464,0.43300703406101104,24.874698921120586,60,278.4,8.562904429248992,15,21.33357439102776
758,mora,packing_B,T09,largo,38,G4,8.6094516797992,0.8171065078853832,1.024653908579875,False,464,423.21663732033346,9.636521602244464,0.43300703406101104,24.874698921120586,60,278.4,8.562904429248992,16,20.989026402694634
758,mora,packing_B,T09,largo,38,G4,8.6094516797992,0.8171065078853832,1.024653908579875,False,464,423.21663732033346,9.636521602244464,0.43300703406101104,24.874698921120586,60,278.4,8.562904429248992,17,20.533008682135165
758,mora,packing_B,T09,largo,38,G4,8.6094516797992,0.8171065078853832,1.024653908579875,False,464,423.21663732033346,9.636521602244464,0.43300703406101104,24.874698921120586,60,278.4,8.562904429248992,18,20.338878034737583
758,mora,packing_B,T09,largo,38,G4,8.6094516797992,0.8171065078853832,1.024653908579875,False,464,423.21663732033346,9.636521602244464,0.43300703406101104,24.874698921120586,60,278.4,8.562904429248992,19,20.305649815424385
758,mora,packing_B,T09,largo,38,G4,8.6094516797992,0.8171065078853832,1.024653908579875,False,464,423.21663732033346,9.636521602244464,0.43300703406101104,24.874698921120586,60,278.4,8.562904429248992,20,19.985529672058
758,mora,packing_B,T09,largo,38,G4,8.6094516797992,0.8171065078853832,1.024653908579875,False,464,423.21663732033346,9.636521602244464,0.43300703406101104,24.874698921120586,60,278.4,8.562904429248992,21,19.608799500513506
758,mora,packing_B,T09,largo,38,G4,8.6094516797992,0.8171065078853832,1.024653908579875,False,464,423.21663732033346,9.636521602244464,0.43300703406101104,24.874698921120586,60,278.4,8.562904429248992,22,19.232955318598368
758,mora,packing_B,T09,largo,38,G4,8.6094516797992,0.8171065078853832,1.024653908579875,False,464,423.21663732033346,9.636521602244464,0.43300703406101104,24.874698921120586,60,278.4,8.562904429248992,23,18.85103678545357
758,mora,packing_B,T09,largo,38,G4,8.6094516797992,0.8171065078853832,1.024653908579875,False,464,423.21663732033346,9.636521602244464,0.43300703406101104,24.874698921120586,60,278.4,8.562904429248992,24,18.508050745984765
758,mora,packing_B,T09,largo,38,G4,8.6094516797992,0.8171065078853832,1.024653908579875,False,464,423.21663732033346,9.636521602244464,0.43300703406101104,24.874698921120586,60,278.4,8.562904429248992,25,18.392111360999653
758,mora,packing_B,T09,largo,38,G4,8.6094516797992,0.8171065078853832,1.024653908579875,False,464,423.21663732033346,9.636521602244464,0.43300703406101104,24.874698921120586,60,278.4,8.562904429248992,26,18.13229462484363
758,mora,packing_B,T09,largo,38,G4,8.6094516797992,0.8171065078853832,1.024653908579875,False,464,423.21663732033346,9.636521602244464,0.43300703406101104,24.874698921120586,60,278.4,8.562904429248992,27,17.948469912176854
758,mora,packing_B,T09,largo,38,G4,8.6094516797992,0.8171065078853832,1.024653908579875,False,464,423.21663732033346,9.636521602244464,0.43300703406101104,24.874698921120586,60,278.4,8.562904429248992,28,17.795648409511934
758,mora,packing_B,T09,largo,38,G4,8.6094516797992,0.8171065078853832,1.024653908579875,False,464,423.21663732033346,9.636521602244464,0.43300703406101104,24.874698921120586,60,278.4,8.562904429248992,29,17.320717613375887
758,mora,packing_B,T09,largo,38,G4,8.6094516797992,0.8171065078853832,1.024653908579875,False,464,423.21663732033346,9.636521602244464,0.43300703406101104,24.874698921120586,60,278.4,8.562904429248992,30,16.996520079182954
758,mora,packing_B,T09,largo,38,G4,8.6094516797992,0.8171065078853832,1.024653908579875,False,464,423.21663732033346,9.636521602244464,0.43300703406101104,24.874698921120586,60,278.4,8.562904429248992,31,16.909810106126905
758,mora,packing_B,T09,largo,38,G4,8.6094516797992,0.8171065078853832,1.024653908579875,False,464,423.21663732033346,9.636521602244464,0.43300703406101104,24.874698921120586,60,278.4,8.562904429248992,32,16.40246326707294
758,mora,packing_B,T09,largo,38,G4,8.6094516797992,0.8171065078853832,1.024653908579875,False,464,423.21663732033346,9.636521602244464,0.43300703406101104,24.874698921120586,60,278.4,8.562904429248992,33,16.09780157195698
758,mora,packing_B,T09,largo,38,G4,8.6094516797992,0.8171065078853832,1.024653908579875,False,464,423.21663732033346,9.636521602244464,0.43300703406101104,24.874698921120586,60,278.4,8.562904429248992,34,15.799875068989904
758,mora,packing_B,T09,largo,38,G4,8.6094516797992,0.8171065078853832,1.024653908579875,False,464,423.21663732033346,9.636521602244464,0.43300703406101104,24.874698921120586,60,278.4,8.562904429248992,35,15.555559693953532
758,mora,packing_B,T09,largo,38,G4,8.6094516797992,0.8171065078853832,1.024653908579875,False,464,423.21663732033346,9.636521602244464,0.43300703406101104,24.874698921120586,60,278.4,8.562904429248992,36,15.14163224050072
758,mora,packing_B,T09,largo,38,G4,8.6094516797992,0.8171065078853832,1.024653908579875,False,464,423.21663732033346,9.636521602244464,0.43300703406101104,24.874698921120586,60,278.4,8.562904429248992,37,14.982458994896954
758,mora,packing_B,T09,largo,38,G4,8.6094516797992,0.8171065078853832,1.024653908579875,False,464,423.21663732033346,9.636521602244464,0.43300703406101104,24.874698921120586,60,278.4,8.562904429248992,38,14.690082108385038
758,mora,packing_B,T09,largo,38,G4,8.6094516797992,0.8171065078853832,1.024653908579875,False,464,423.21663732033346,9.636521602244464,0.43300703406101104,24.874698921120586,60,278.4,8.562904429248992,39,14.239624512179901
758,mora,packing_B,T09,largo,38,G4,8.6094516797992,0.8171065078853832,1.024653908579875,False,464,423.21663732033346,9.636521602244464,0.43300703406101104,24.874698921120586,60,278.4,8.562904429248992,40,14.007691232867408
758,mora,packing_B,T09,largo,38,G4,8.6094516797992,0.8171065078853832,1.024653908579875,False,464,423.21663732033346,9.636521602244464,0.43300703406101104,24.874698921120586,60,278.4,8.562904429248992,41,13.509641624370454
758,mora,packing_B,T09,largo,38,G4,8.6094516797992,0.8171065078853832,1.024653908579875,False,464,423.21663732033346,9.636521602244464,0.43300703406101104,24.874698921120586,60,278.4,8.562904429248992,42,13.383396112993847
758,mora,packing_B,T09,largo,38,G4,8.6094516797992,0.8171065078853832,1.024653908579875,False,464,423.21663732033346,9.636521602244464,0.43300703406101104,24.874698921120586,60,278.4,8.562904429248992,43,12.96120788409045
758,mora,packing_B,T09,largo,38,G4,8.6094516797992,0.8171065078853832,1.024653908579875,False,464,423.21663732033346,9.636521602244464,0.43300703406101104,24.874698921120586,60,278.4,8.562904429248992,44,12.719367101944412
758,mora,packing_B,T09,largo,38,G4,8.6094516797992,0.8171065078853832,1.024653908579875,False,464,423.21663732033346,9.636521602244464,0.43300703406101104,24.874698921120586,60,278.4,8.562904429248992,45,12.394526961667774
758,mora,packing_B,T09,largo,38,G4,8.6094516797992,0.8171065078853832,1.024653908579875,False,464,423.21663732033346,9.636521602244464,0.43300703406101104,24.874698921120586,60,278.4,8.562904429248992,46,12.218366571080429
758,mora,packing_B,T09,largo,38,G4,8.6094516797992,0.8171065078853832,1.024653908579875,False,464,423.21663732033346,9.636521602244464,0.43300703406101104,24.874698921120586,60,278.4,8.562904429248992,47,11.78125674136645
758,mora,packing_B,T09,largo,38,G4,8.6094516797992,0.8171065078853832,1.024653908579875,False,464,423.21663732033346,9.636521602244464,0.43300703406101104,24.874698921120586,60,278.4,8.562904429248992,48,11.521794714411294
758,mora,packing_B,T09,largo,38,G4,8.6094516797992,0.8171065078853832,1.024653908579875,False,464,423.21663732033346,9.636521602244464,0.43300703406101104,24.874698921120586,60,278.4,8.562904429248992,49,11.190494554491893
758,mora,packing_B,T09,largo,38,G4,8.6094516797992,0.8171065078853832,1.024653908579875,False,464,423.21663732033346,9.636521602244464,0.43300703406101104,24.874698921120586,60,278.4,8.562904429248992,50,11.03061296619365
758,mora,packing_B,T09,largo,38,G4,8.6094516797992,0.8171065078853832,1.024653908579875,False,464,423.21663732033346,9.636521602244464,0.43300703406101104,24.874698921120586,60,278.4,8.562904429248992,51,10.63712142280352
758,mora,packing_B,T09,largo,38,G4,8.6094516797992,0.8171065078853832,1.024653908579875,False,464,423.21663732033346,9.636521602244464,0.43300703406101104,24.874698921120586,60,278.4,8.562904429248992,52,10.30534800290398
758,mora,packing_B,T09,largo,38,G4,8.6094516797992,0.8171065078853832,1.024653908579875,False,464,423.21663732033346,9.636521602244464,0.43300703406101104,24.874698921120586,60,278.4,8.562904429248992,53,10.070744926540513
758,mora,packing_B,T09,largo,38,G4,8.6094516797992,0.8171065078853832,1.024653908579875,False,464,423.21663732033346,9.636521602244464,0.43300703406101104,24.874698921120586,60,278.4,8.562904429248992,54,9.642970958470343
758,mora,packing_B,T09,largo,38,G4,8.6094516797992,0.8171065078853832,1.024653908579875,False,464,423.21663732033346,9.636521602244464,0.43300703406101104,24.874698921120586,60,278.4,8.562904429248992,55,9.822264961069093
758,mora,packing_B,T09,largo,38,G4,8.6094516797992,0.8171065078853832,1.024653908579875,False,464,423.21663732033346,9.636521602244464,0.43300703406101104,24.874698921120586,60,278.4,8.562904429248992,56,9.188730433774717
758,mora,packing_B,T09,largo,38,G4,8.6094516797992,0.8171065078853832,1.024653908579875,False,464,423.21663732033346,9.636521602244464,0.43300703406101104,24.874698921120586,60,278.4,8.562904429248992,57,8.937791143410546
758,mora,packing_B,T09,largo,38,G4,8.6094516797992,0.8171065078853832,1.024653908579875,False,464,423.21663732033346,9.636521602244464,0.43300703406101104,24.874698921120586,60,278.4,8.562904429248992,58,8.610609608465776
758,mora,packing_B,T09,largo,38,G4,8.6094516797992,0.8171065078853832,1.024653908579875,False,464,423.21663732033346,9.636521602244464,0.43300703406101104,24.874698921120586,60,278.4,8.562904429248992,59,8.197350835013207
758,mora,packing_B,T09,largo,38,G4,8.6094516797992,0.8171065078853832,1.024653908579875,False,464,423.21663732033346,9.636521602244464,0.43300703406101104,24.874698921120586,60,278.4,8.562904429248992,60,8.104179349767957
758,mora,packing_B,T09,largo,38,G4,8.6094516797992,0.8171065078853832,1.024653908579875,False,464,423.21663732033346,9.636521602244464,0.43300703406101104,24.874698921120586,60,278.4,8.562904429248992,61,7.714010456474897
758,mora,packing_B,T09,largo,38,G4,8.6094516797992,0.8171065078853832,1.024653908579875,False,464,423.21663732033346,9.636521602244464,0.43300703406101104,24.874698921120586,60,278.4,8.562904429248992,62,7.515246718835184
758,mora,packing_B,T09,largo,38,G4,8.6094516797992,0.8171065078853832,1.024653908579875,False,464,423.21663732033346,9.636521602244464,0.43300703406101104,24.874698921120586,60,278.4,8.562904429248992,63,7.293637547541062
758,mora,packing_B,T09,largo,38,G4,8.6094516797992,0.8171065078853832,1.024653908579875,False,464,423.21663732033346,9.636521602244464,0.43300703406101104,24.874698921120586,60,278.4,8.562904429248992,64,6.976997769308628
758,mora,packing_B,T09,largo,38,G4,8.6094516797992,0.8171065078853832,1.024653908579875,False,464,423.21663732033346,9.636521602244464,0.43300703406101104,24.874698921120586,60,278.4,8.562904429248992,65,6.672449429552262
758,mora,packing_B,T09,largo,38,G4,8.6094516797992,0.8171065078853832,1.024653908579875,False,464,423.21663732033346,9.636521602244464,0.43300703406101104,24.874698921120586,60,278.4,8.562904429248992,66,6.445362000220176
758,mora,packing_B,T09,largo,38,G4,8.6094516797992,0.8171065078853832,1.024653908579875,False,464,423.21663732033346,9.636521602244464,0.43300703406101104,24.874698921120586,60,278.4,8.562904429248992,67,6.113497596027472
758,mora,packing_B,T09,largo,38,G4,8.6094516797992,0.8171065078853832,1.024653908579875,False,464,423.21663732033346,9.636521602244464,0.43300703406101104,24.874698921120586,60,278.4,8.562904429248992,68,5.852580143509312
758,mora,packing_B,T09,largo,38,G4,8.6094516797992,0.8171065078853832,1.024653908579875,False,464,423.21663732033346,9.636521602244464,0.43300703406101104,24.874698921120586,60,278.4,8.562904429248992,69,5.45965122489429
758,mora,packing_B,T09,largo,38,G4,8.6094516797992,0.8171065078853832,1.024653908579875,False,464,423.21663732033346,9.636521602244464,0.43300703406101104,24.874698921120586,60,278.4,8.562904429248992,70,5.227961491534656
758,mora,packing_B,T09,largo,38,G4,8.6094516797992,0.8171065078853832,1.024653908579875,False,464,423.21663732033346,9.636521602244464,0.43300703406101104,24.874698921120586,60,278.4,8.562904429248992,71,5.021713889819171
758,mora,packing_B,T09,largo,38,G4,8.6094516797992,0.8171065078853832,1.024653908579875,False,464,423.21663732033346,9.636521602244464,0.43300703406101104,24.874698921120586,60,278.4,8.562904429248992,72,4.717495369779207
758,mora,packing_B,T09,largo,38,G4,8.6094516797992,0.8171065078853832,1.024653908579875,False,464,423.21663732033346,9.636521602244464,0.43300703406101104,24.874698921120586,60,278.4,8.562904429248992,73,4.530506104634087
758,mora,packing_B,T09,largo,38,G4,8.6094516797992,0.8171065078853832,1.024653908579875,False,464,423.21663732033346,9.636521602244464,0.43300703406101104,24.874698921120586,60,278.4,8.562904429248992,74,4.21700188209293
758,mora,packing_B,T09,largo,38,G4,8.6094516797992,0.8171065078853832,1.024653908579875,False,464,423.21663732033346,9.636521602244464,0.43300703406101104,24.874698921120586,60,278.4,8.562904429248992,75,3.901662117578325
758,mora,packing_B,T09,largo,38,G4,8.6094516797992,0.8171065078853832,1.024653908579875,False,464,423.21663732033346,9.636521602244464,0.43300703406101104,24.874698921120586,60,278.4,8.562904429248992,76,3.6765174897305912
758,mora,packing_B,T09,largo,38,G4,8.6094516797992,0.8171065078853832,1.024653908579875,False,464,423.21663732033346,9.636521602244464,0.43300703406101104,24.874698921120586,60,278.4,8.562904429248992,77,3.3805858672837594
758,mora,packing_B,T09,largo,38,G4,8.6094516797992,0.8171065078853832,1.024653908579875,False,464,423.21663732033346,9.636521602244464,0.43300703406101104,24.874698921120586,60,278.4,8.562904429248992,78,3.21636452435116
758,mora,packing_B,T09,largo,38,G4,8.6094516797992,0.8171065078853832,1.024653908579875,False,464,423.21663732033346,9.636521602244464,0.43300703406101104,24.874698921120586,60,278.4,8.562904429248992,79,3.11031730137031
758,mora,packing_B,T09,largo,38,G4,8.6094516797992,0.8171065078853832,1.024653908579875,False,464,423.21663732033346,9.636521602244464,0.43300703406101104,24.874698921120586,60,278.4,8.562904429248992,80,2.752287160606531
758,mora,packing_B,T09,largo,38,G4,8.6094516797992,0.8171065078853832,1.024653908579875,False,464,423.21663732033346,9.636521602244464,0.43300703406101104,24.874698921120586,60,278.4,8.562904429248992,81,2.5221016622342938
758,mora,packing_B,T09,largo,38,G4,8.6094516797992,0.8171065078853832,1.024653908579875,False,464,423.21663732033346,9.636521602244464,0.43300703406101104,24.874698921120586,60,278.4,8.562904429248992,82,2.2520071519590443
758,mora,packing_B,T09,largo,38,G4,8.6094516797992,0.8171065078853832,1.024653908579875,False,464,423.21663732033346,9.636521602244464,0.43300703406101104,24.874698921120586,60,278.4,8.562904429248992,83,1.9621586096822587
758,mora,packing_B,T09,largo,38,G4,8.6094516797992,0.8171065078853832,1.024653908579875,False,464,423.21663732033346,9.636521602244464,0.43300703406101104,24.874698921120586,60,278.4,8.562904429248992,84,1.8397969065596211
758,mora,packing_B,T09,largo,38,G4,8.6094516797992,0.8171065078853832,1.024653908579875,False,464,423.21663732033346,9.636521602244464,0.43300703406101104,24.874698921120586,60,278.4,8.562904429248992,85,1.4360830873829507
758,mora,packing_B,T09,largo,38,G4,8.6094516797992,0.8171065078853832,1.024653908579875,False,464,423.21663732033346,9.636521602244464,0.43300703406101104,24.874698921120586,60,278.4,8.562904429248992,86,1.3615840889346569
758,mora,packing_B,T09,largo,38,G4,8.6094516797992,0.8171065078853832,1.024653908579875,False,464,423.21663732033346,9.636521602244464,0.43300703406101104,24.874698921120586,60,278.4,8.562904429248992,87,1.207077443592387
758,mora,packing_B,T09,largo,38,G4,8.6094516797992,0.8171065078853832,1.024653908579875,False,464,423.21663732033346,9.636521602244464,0.43300703406101104,24.874698921120586,60,278.4,8.562904429248992,88,0.9439062929094517
758,mora,packing_B,T09,largo,38,G4,8.6094516797992,0.8171065078853832,1.024653908579875,False,464,423.21663732033346,9.636521602244464,0.43300703406101104,24.874698921120586,60,278.4,8.562904429248992,89,0.6628387320586071
758,mora,packing_B,T09,largo,38,G4,8.6094516797992,0.8171065078853832,1.024653908579875,False,464,423.21663732033346,9.636521602244464,0.43300703406101104,24.874698921120586,60,278.4,8.562904429248992,90,0.6407534179165578
758,mora,packing_B,T09,largo,38,G4,8.6094516797992,0.8171065078853832,1.024653908579875,False,464,423.21663732033346,9.636521602244464,0.43300703406101104,24.874698921120586,60,278.4,8.562904429248992,91,0.4293397229233381
758,mora,packing_B,T09,largo,38,G4,8.6094516797992,0.8171065078853832,1.024653908579875,False,464,423.21663732033346,9.636521602244464,0.43300703406101104,24.874698921120586,60,278.4,8.562904429248992,92,-0.10048149712171026
758,mora,packing_B,T09,largo,38,G4,8.6094516797992,0.8171065078853832,1.024653908579875,False,464,423.21663732033346,9.636521602244464,0.43300703406101104,24.874698921120586,60,278.4,8.562904429248992,93,-0.17364956140406249
758,mora,packing_B,T09,largo,38,G4,8.6094516797992,0.8171065078853832,1.024653908579875,False,464,423.21663732033346,9.636521602244464,0.43300703406101104,24.874698921120586,60,278.4,8.562904429248992,94,-0.3039898592627819
758,mora,packing_B,T09,largo,38,G4,8.6094516797992,0.8171065078853832,1.024653908579875,False,464,423.21663732033346,9.636521602244464,0.43300703406101104,24.874698921120586,60,278.4,8.562904429248992,95,-0.37855674274336737
758,mora,packing_B,T09,largo,38,G4,8.6094516797992,0.8171065078853832,1.024653908579875,False,464,423.21663732033346,9.636521602244464,0.43300703406101104,24.874698921120586,60,278.4,8.562904429248992,96,-0.5725883839315099
758,mora,packing_B,T09,largo,38,G4,8.6094516797992,0.8171065078853832,1.024653908579875,False,464,423.21663732033346,9.636521602244464,0.43300703406101104,24.874698921120586,60,278.4,8.562904429248992,97,-0.8039242601089381
758,mora,packing_B,T09,largo,38,G4,8.6094516797992,0.8171065078853832,1.024653908579875,False,464,423.21663732033346,9.636521602244464,0.43300703406101104,24.874698921120586,60,278.4,8.562904429248992,98,-1.1826997422723102
758,mora,packing_B,T09,largo,38,G4,8.6094516797992,0.8171065078853832,1.024653908579875,False,464,423.21663732033346,9.636521602244464,0.43300703406101104,24.874698921120586,60,278.4,8.562904429248992,99,-1.3640516466404475
758,mora,packing_B,T09,largo,38,G4,8.6094516797992,0.8171065078853832,1.024653908579875,False,464,423.21663732033346,9.636521602244464,0.43300703406101104,24.874698921120586,60,278.4,8.562904429248992,100,-1.4552221907297838
758,mora,packing_B,T09,largo,38,G4,8.6094516797992,0.8171065078853832,1.024653908579875,False,464,423.21663732033346,9.636521602244464,0.43300703406101104,24.874698921120586,60,278.4,8.562904429248992,101,-1.648590549317489
758,mora,packing_B,T09,largo,38,G4,8.6094516797992,0.8171065078853832,1.024653908579875,False,464,423.21663732033346,9.636521602244464,0.43300703406101104,24.874698921120586,60,278.4,8.562904429248992,102,-1.9068531391578298
758,mora,packing_B,T09,largo,38,G4,8.6094516797992,0.8171065078853832,1.024653908579875,False,464,423.21663732033346,9.636521602244464,0.43300703406101104,24.874698921120586,60,278.4,8.562904429248992,103,-2.157116374870783
758,mora,packing_B,T09,largo,38,G4,8.6094516797992,0.8171065078853832,1.024653908579875,False,464,423.21663732033346,9.636521602244464,0.43300703406101104,24.874698921120586,60,278.4,8.562904429248992,104,-2.2107473703061107
758,mora,packing_B,T09,largo,38,G4,8.6094516797992,0.8171065078853832,1.024653908579875,False,464,423.21663732033346,9.636521602244464,0.43300703406101104,24.874698921120586,60,278.4,8.562904429248992,105,-2.299951775787436
758,mora,packing_B,T09,largo,38,G4,8.6094516797992,0.8171065078853832,1.024653908579875,False,464,423.21663732033346,9.636521602244464,0.43300703406101104,24.874698921120586,60,278.4,8.562904429248992,106,-2.586942105934697
758,mora,packing_B,T09,largo,38,G4,8.6094516797992,0.8171065078853832,1.024653908579875,False,464,423.21663732033346,9.636521602244464,0.43300703406101104,24.874698921120586,60,278.4,8.562904429248992,107,-2.496913973423054
758,mora,packing_B,T09,largo,38,G4,8.6094516797992,0.8171065078853832,1.024653908579875,False,464,423.21663732033346,9.636521602244464,0.43300703406101104,24.874698921120586,60,278.4,8.562904429248992,108,-2.7426117361287563
758,mora,packing_B,T09,largo,38,G4,8.6094516797992,0.8171065078853832,1.024653908579875,False,464,423.21663732033346,9.636521602244464,0.43300703406101104,24.874698921120586,60,278.4,8.562904429248992,109,-2.843296577677438
758,mora,packing_B,T09,largo,38,G4,8.6094516797992,0.8171065078853832,1.024653908579875,False,464,423.21663732033346,9.636521602244464,0.43300703406101104,24.874698921120586,60,278.4,8.562904429248992,110,-3.074102410495206
758,mora,packing_B,T09,largo,38,G4,8.6094516797992,0.8171065078853832,1.024653908579875,False,464,423.21663732033346,9.636521602244464,0.43300703406101104,24.874698921120586,60,278.4,8.562904429248992,111,-3.368747990497938
758,mora,packing_B,T09,largo,38,G4,8.6094516797992,0.8171065078853832,1.024653908579875,False,464,423.21663732033346,9.636521602244464,0.43300703406101104,24.874698921120586,60,278.4,8.562904429248992,112,-3.487682501357817
758,mora,packing_B,T09,largo,38,G4,8.6094516797992,0.8171065078853832,1.024653908579875,False,464,423.21663732033346,9.636521602244464,0.43300703406101104,24.874698921120586,60,278.4,8.562904429248992,113,-3.401610255700237
758,mora,packing_B,T09,largo,38,G4,8.6094516797992,0.8171065078853832,1.024653908579875,False,464,423.21663732033346,9.636521602244464,0.43300703406101104,24.874698921120586,60,278.4,8.562904429248992,114,-3.606624276555306
758,mora,packing_B,T09,largo,38,G4,8.6094516797992,0.8171065078853832,1.024653908579875,False,464,423.21663732033346,9.636521602244464,0.43300703406101104,24.874698921120586,60,278.4,8.562904429248992,115,-3.9247932778190444
758,mora,packing_B,T09,largo,38,G4,8.6094516797992,0.8171065078853832,1.024653908579875,False,464,423.21663732033346,9.636521602244464,0.43300703406101104,24.874698921120586,60,278.4,8.562904429248992,116,-3.90509022618256
758,mora,packing_B,T09,largo,38,G4,8.6094516797992,0.8171065078853832,1.024653908579875,False,464,423.21663732033346,9.636521602244464,0.43300703406101104,24.874698921120586,60,278.4,8.562904429248992,117,-4.254440538237668
758,mora,packing_B,T09,largo,38,G4,8.6094516797992,0.8171065078853832,1.024653908579875,False,464,423.21663732033346,9.636521602244464,0.43300703406101104,24.874698921120586,60,278.4,8.562904429248992,118,-4.3082214335491695
758,mora,packing_B,T09,largo,38,G4,8.6094516797992,0.8171065078853832,1.024653908579875,False,464,423.21663732033346,9.636521602244464,0.43300703406101104,24.874698921120586,60,278.4,8.562904429248992,119,-4.2674121574324255
758,mora,packing_B,T09,largo,38,G4,8.6094516797992,0.8171065078853832,1.024653908579875,False,464,423.21663732033346,9.636521602244464,0.43300703406101104,24.874698921120586,60,278.4,8.562904429248992,120,-4.425444904080397
758,mora,packing_B,T09,largo,38,G4,8.6094516797992,0.8171065078853832,1.024653908579875,False,464,423.21663732033346,9.636521602244464,0.43300703406101104,24.874698921120586,60,278.4,8.562904429248992,121,-4.2788126727776525
758,mora,packing_B,T09,largo,38,G4,8.6094516797992,0.8171065078853832,1.024653908579875,False,464,423.21663732033346,9.636521602244464,0.43300703406101104,24.874698921120586,60,278.4,8.562904429248992,122,-4.69369440547358
758,mora,packing_B,T09,largo,38,G4,8.6094516797992,0.8171065078853832,1.024653908579875,False,464,423.21663732033346,9.636521602244464,0.43300703406101104,24.874698921120586,60,278.4,8.562904429248992,123,-4.707065419487028
758,mora,packing_B,T09,largo,38,G4,8.6094516797992,0.8171065078853832,1.024653908579875,False,464,423.21663732033346,9.636521602244464,0.43300703406101104,24.874698921120586,60,278.4,8.562904429248992,124,-4.757057451784353
758,mora,packing_B,T09,largo,38,G4,8.6094516797992,0.8171065078853832,1.024653908579875,False,464,423.21663732033346,9.636521602244464,0.43300703406101104,24.874698921120586,60,278.4,8.562904429248992,125,-5.087297285036164
758,mora,packing_B,T09,largo,38,G4,8.6094516797992,0.8171065078853832,1.024653908579875,False,464,423.21663732033346,9.636521602244464,0.43300703406101104,24.874698921120586,60,278.4,8.562904429248992,126,-5.228200383959997
758,mora,packing_B,T09,largo,38,G4,8.6094516797992,0.8171065078853832,1.024653908579875,False,464,423.21663732033346,9.636521602244464,0.43300703406101104,24.874698921120586,60,278.4,8.562904429248992,127,-5.031724636185245
758,mora,packing_B,T09,largo,38,G4,8.6094516797992,0.8171065078853832,1.024653908579875,False,464,423.21663732033346,9.636521602244464,0.43300703406101104,24.874698921120586,60,278.4,8.562904429248992,128,-5.227795641919541
758,mora,packing_B,T09,largo,38,G4,8.6094516797992,0.8171065078853832,1.024653908579875,False,464,423.21663732033346,9.636521602244464,0.43300703406101104,24.874698921120586,60,278.4,8.562904429248992,129,-5.382944020332677
758,mora,packing_B,T09,largo,38,G4,8.6094516797992,0.8171065078853832,1.024653908579875,False,464,423.21663732033346,9.636521602244464,0.43300703406101104,24.874698921120586,60,278.4,8.562904429248992,130,-5.5818176364107295
758,mora,packing_B,T09,largo,38,G4,8.6094516797992,0.8171065078853832,1.024653908579875,False,464,423.21663732033346,9.636521602244464,0.43300703406101104,24.874698921120586,60,278.4,8.562904429248992,131,-5.475435251839567
758,mora,packing_B,T09,largo,38,G4,8.6094516797992,0.8171065078853832,1.024653908579875,False,464,423.21663732033346,9.636521602244464,0.43300703406101104,24.874698921120586,60,278.4,8.562904429248992,132,-5.764729664524422
758,mora,packing_B,T09,largo,38,G4,8.6094516797992,0.8171065078853832,1.024653908579875,False,464,423.21663732033346,9.636521602244464,0.43300703406101104,24.874698921120586,60,278.4,8.562904429248992,133,-5.536140089056261
758,mora,packing_B,T09,largo,38,G4,8.6094516797992,0.8171065078853832,1.024653908579875,False,464,423.21663732033346,9.636521602244464,0.43300703406101104,24.874698921120586,60,278.4,8.562904429248992,134,-5.632139076705824
758,mora,packing_B,T09,largo,38,G4,8.6094516797992,0.8171065078853832,1.024653908579875,False,464,423.21663732033346,9.636521602244464,0.43300703406101104,24.874698921120586,60,278.4,8.562904429248992,135,-5.954490062808046
758,mora,packing_B,T09,largo,38,G4,8.6094516797992,0.8171065078853832,1.024653908579875,False,464,423.21663732033346,9.636521602244464,0.43300703406101104,24.874698921120586,60,278.4,8.562904429248992,136,-5.945517273500168
758,mora,packing_B,T09,largo,38,G4,8.6094516797992,0.8171065078853832,1.024653908579875,False,464,423.21663732033346,9.636521602244464,0.43300703406101104,24.874698921120586,60,278.4,8.562904429248992,137,-5.982864047435227
758,mora,packing_B,T09,largo,38,G4,8.6094516797992,0.8171065078853832,1.024653908579875,False,464,423.21663732033346,9.636521602244464,0.43300703406101104,24.874698921120586,60,278.4,8.562904429248992,138,-6.025557303188407
758,mora,packing_B,T09,largo,38,G4,8.6094516797992,0.8171065078853832,1.024653908579875,False,464,423.21663732033346,9.636521602244464,0.43300703406101104,24.874698921120586,60,278.4,8.562904429248992,139,-6.0987985870804176
758,mora,packing_B,T09,largo,38,G4,8.6094516797992,0.8171065078853832,1.024653908579875,False,464,423.21663732033346,9.636521602244464,0.43300703406101104,24.874698921120586,60,278.4,8.562904429248992,140,-6.130208902873976
758,mora,packing_B,T09,largo,38,G4,8.6094516797992,0.8171065078853832,1.024653908579875,False,464,423.21663732033346,9.636521602244464,0.43300703406101104,24.874698921120586,60,278.4,8.562904429248992,141,-6.201444800350373
758,mora,packing_B,T09,largo,38,G4,8.6094516797992,0.8171065078853832,1.024653908579875,False,464,423.21663732033346,9.636521602244464,0.43300703406101104,24.874698921120586,60,278.4,8.562904429248992,142,-6.165989833217568
758,mora,packing_B,T09,largo,38,G4,8.6094516797992,0.8171065078853832,1.024653908579875,False,464,423.21663732033346,9.636521602244464,0.43300703406101104,24.874698921120586,60,278.4,8.562904429248992,143,-6.3287807326833585
758,mora,packing_B,T09,largo,38,G4,8.6094516797992,0.8171065078853832,1.024653908579875,False,464,423.21663732033346,9.636521602244464,0.43300703406101104,24.874698921120586,60,278.4,8.562904429248992,144,-6.356384681370948
758,mora,packing_B,T09,largo,38,G4,8.6094516797992,0.8171065078853832,1.024653908579875,False,464,423.21663732033346,9.636521602244464,0.43300703406101104,24.874698921120586,60,278.4,8.562904429248992,145,-6.514742588520259
758,mora,packing_B,T09,largo,38,G4,8.6094516797992,0.8171065078853832,1.024653908579875,False,464,423.21663732033346,9.636521602244464,0.43300703406101104,24.874698921120586,60,278.4,8.562904429248992,146,-6.420421245185018
758,mora,packing_B,T09,largo,38,G4,8.6094516797992,0.8171065078853832,1.024653908579875,False,464,423.21663732033346,9.636521602244464,0.43300703406101104,24.874698921120586,60,278.4,8.562904429248992,147,-6.587673572190051
758,mora,packing_B,T09,largo,38,G4,8.6094516797992,0.8171065078853832,1.024653908579875,False,464,423.21663732033346,9.636521602244464,0.43300703406101104,24.874698921120586,60,278.4,8.562904429248992,148,-6.3712572078024285
758,mora,packing_B,T09,largo,38,G4,8.6094516797992,0.8171065078853832,1.024653908579875,False,464,423.21663732033346,9.636521602244464,0.43300703406101104,24.874698921120586,60,278.4,8.562904429248992,149,-6.344379080233351
758,mora,packing_B,T09,largo,38,G4,8.6094516797992,0.8171065078853832,1.024653908579875,False,464,423.21663732033346,9.636521602244464,0.43300703406101104,24.874698921120586,60,278.4,8.562904429248992,150,-6.535624568297832
758,mora,packing_B,T09,largo,38,G4,8.6094516797992,0.8171065078853832,1.024653908579875,False,464,423.21663732033346,9.636521602244464,0.43300703406101104,24.874698921120586,60,278.4,8.562904429248992,151,-6.7452957302102465
758,mora,packing_B,T09,largo,38,G4,8.6094516797992,0.8171065078853832,1.024653908579875,False,464,423.21663732033346,9.636521602244464,0.43300703406101104,24.874698921120586,60,278.4,8.562904429248992,152,-6.633822526418286
758,mora,packing_B,T09,largo,38,G4,8.6094516797992,0.8171065078853832,1.024653908579875,False,464,423.21663732033346,9.636521602244464,0.43300703406101104,24.874698921120586,60,278.4,8.562904429248992,153,-6.628135790816333
758,mora,packing_B,T09,largo,38,G4,8.6094516797992,0.8171065078853832,1.024653908579875,False,464,423.21663732033346,9.636521602244464,0.43300703406101104,24.874698921120586,60,278.4,8.562904429248992,154,-6.624466430251476
758,mora,packing_B,T09,largo,38,G4,8.6094516797992,0.8171065078853832,1.024653908579875,False,464,423.21663732033346,9.636521602244464,0.43300703406101104,24.874698921120586,60,278.4,8.562904429248992,155,-6.52677037720935
758,mora,packing_B,T09,largo,38,G4,8.6094516797992,0.8171065078853832,1.024653908579875,False,464,423.21663732033346,9.636521602244464,0.43300703406101104,24.874698921120586,60,278.4,8.562904429248992,156,-6.675972064201334
758,mora,packing_B,T09,largo,38,G4,8.6094516797992,0.8171065078853832,1.024653908579875,False,464,423.21663732033346,9.636521602244464,0.43300703406101104,24.874698921120586,60,278.4,8.562904429248992,157,-6.605187662658014
758,mora,packing_B,T09,largo,38,G4,8.6094516797992,0.8171065078853832,1.024653908579875,False,464,423.21663732033346,9.636521602244464,0.43300703406101104,24.874698921120586,60,278.4,8.562904429248992,158,-6.706968662220619
758,mora,packing_B,T09,largo,38,G4,8.6094516797992,0.8171065078853832,1.024653908579875,False,464,423.21663732033346,9.636521602244464,0.43300703406101104,24.874698921120586,60,278.4,8.562904429248992,159,-6.561431959542684
758,mora,packing_B,T09,largo,38,G4,8.6094516797992,0.8171065078853832,1.024653908579875,False,464,423.21663732033346,9.636521602244464,0.43300703406101104,24.874698921120586,60,278.4,8.562904429248992,160,-6.508437364290268
758,mora,packing_B,T09,largo,38,G4,8.6094516797992,0.8171065078853832,1.024653908579875,False,464,423.21663732033346,9.636521602244464,0.43300703406101104,24.874698921120586,60,278.4,8.562904429248992,161,-6.658554505867088
758,mora,packing_B,T09,largo,38,G4,8.6094516797992,0.8171065078853832,1.024653908579875,False,464,423.21663732033346,9.636521602244464,0.43300703406101104,24.874698921120586,60,278.4,8.562904429248992,162,-6.676795505105431
758,mora,packing_B,T09,largo,38,G4,8.6094516797992,0.8171065078853832,1.024653908579875,False,464,423.21663732033346,9.636521602244464,0.43300703406101104,24.874698921120586,60,278.4,8.562904429248992,163,-6.74841282069616
758,mora,packing_B,T09,largo,38,G4,8.6094516797992,0.8171065078853832,1.024653908579875,False,464,423.21663732033346,9.636521602244464,0.43300703406101104,24.874698921120586,60,278.4,8.562904429248992,164,-6.615059630519863
758,mora,packing_B,T09,largo,38,G4,8.6094516797992,0.8171065078853832,1.024653908579875,False,464,423.21663732033346,9.636521602244464,0.43300703406101104,24.874698921120586,60,278.4,8.562904429248992,165,-6.482815415952873
758,mora,packing_B,T09,largo,38,G4,8.6094516797992,0.8171065078853832,1.024653908579875,False,464,423.21663732033346,9.636521602244464,0.43300703406101104,24.874698921120586,60,278.4,8.562904429248992,166,-6.584955814092611
758,mora,packing_B,T09,largo,38,G4,8.6094516797992,0.8171065078853832,1.024653908579875,False,464,423.21663732033346,9.636521602244464,0.43300703406101104,24.874698921120586,60,278.4,8.562904429248992,167,-6.693103502815598
758,mora,packing_B,T09,largo,38,G4,8.6094516797992,0.8171065078853832,1.024653908579875,False,464,423.21663732033346,9.636521602244464,0.43300703406101104,24.874698921120586,60,278.4,8.562904429248992,168,-6.634261850697345
758,mora,packing_B,T09,largo,38,G4,8.6094516797992,0.8171065078853832,1.024653908579875,False,464,423.21663732033346,9.636521602244464,0.43300703406101104,24.874698921120586,60,278.4,8.562904429248992,169,-6.615269495096217
758,mora,packing_B,T09,largo,38,G4,8.6094516797992,0.8171065078853832,1.024653908579875,False,464,423.21663732033346,9.636521602244464,0.43300703406101104,24.874698921120586,60,278.4,8.562904429248992,170,-6.645492028445827
758,mora,packing_B,T09,largo,38,G4,8.6094516797992,0.8171065078853832,1.024653908579875,False,464,423.21663732033346,9.636521602244464,0.43300703406101104,24.874698921120586,60,278.4,8.562904429248992,171,-6.55626996507097
758,mora,packing_B,T09,largo,38,G4,8.6094516797992,0.8171065078853832,1.024653908579875,False,464,423.21663732033346,9.636521602244464,0.43300703406101104,24.874698921120586,60,278.4,8.562904429248992,172,-6.465076655797027
758,mora,packing_B,T09,largo,38,G4,8.6094516797992,0.8171065078853832,1.024653908579875,False,464,423.21663732033346,9.636521602244464,0.43300703406101104,24.874698921120586,60,278.4,8.562904429248992,173,-6.261691533816732
758,mora,packing_B,T09,largo,38,G4,8.6094516797992,0.8171065078853832,1.024653908579875,False,464,423.21663732033346,9.636521602244464,0.43300703406101104,24.874698921120586,60,278.4,8.562904429248992,174,-6.461857469499059
758,mora,packing_B,T09,largo,38,G4,8.6094516797992,0.8171065078853832,1.024653908579875,False,464,423.21663732033346,9.636521602244464,0.43300703406101104,24.874698921120586,60,278.4,8.562904429248992,175,-6.461437148452185
758,mora,packing_B,T09,largo,38,G4,8.6094516797992,0.8171065078853832,1.024653908579875,False,464,423.21663732033346,9.636521602244464,0.43300703406101104,24.874698921120586,60,278.4,8.562904429248992,176,-6.396134870864944
758,mora,packing_B,T09,largo,38,G4,8.6094516797992,0.8171065078853832,1.024653908579875,False,464,423.21663732033346,9.636521602244464,0.43300703406101104,24.874698921120586,60,278.4,8.562904429248992,177,-6.254761204290988
758,mora,packing_B,T09,largo,38,G4,8.6094516797992,0.8171065078853832,1.024653908579875,False,464,423.21663732033346,9.636521602244464,0.43300703406101104,24.874698921120586,60,278.4,8.562904429248992,178,-6.387410623581589
758,mora,packing_B,T09,largo,38,G4,8.6094516797992,0.8171065078853832,1.024653908579875,False,464,423.21663732033346,9.636521602244464,0.43300703406101104,24.874698921120586,60,278.4,8.562904429248992,179,-6.446465041276045
758,mora,packing_B,T09,largo,38,G4,8.6094516797992,0.8171065078853832,1.024653908579875,False,464,423.21663732033346,9.636521602244464,0.43300703406101104,24.874698921120586,60,278.4,8.562904429248992,180,-6.245294540463509
758,mora,packing_B,T09,largo,38,G4,8.6094516797992,0.8171065078853832,1.024653908579875,False,464,423.21663732033346,9.636521602244464,0.43300703406101104,24.874698921120586,60,278.4,8.562904429248992,181,-6.231550657786367
758,mora,packing_B,T09,largo,38,G4,8.6094516797992,0.8171065078853832,1.024653908579875,False,464,423.21663732033346,9.636521602244464,0.43300703406101104,24.874698921120586,60,278.4,8.562904429248992,182,-6.082456652888445
758,mora,packing_B,T09,largo,38,G4,8.6094516797992,0.8171065078853832,1.024653908579875,False,464,423.21663732033346,9.636521602244464,0.43300703406101104,24.874698921120586,60,278.4,8.562904429248992,183,-6.052464336489778
758,mora,packing_B,T09,largo,38,G4,8.6094516797992,0.8171065078853832,1.024653908579875,False,464,423.21663732033346,9.636521602244464,0.43300703406101104,24.874698921120586,60,278.4,8.562904429248992,184,-6.055961107306179
758,mora,packing_B,T09,largo,38,G4,8.6094516797992,0.8171065078853832,1.024653908579875,False,464,423.21663732033346,9.636521602244464,0.43300703406101104,24.874698921120586,60,278.4,8.562904429248992,185,-6.074923777662856
758,mora,packing_B,T09,largo,38,G4,8.6094516797992,0.8171065078853832,1.024653908579875,False,464,423.21663732033346,9.636521602244464,0.43300703406101104,24.874698921120586,60,278.4,8.562904429248992,186,-6.022405614836297
758,mora,packing_B,T09,largo,38,G4,8.6094516797992,0.8171065078853832,1.024653908579875,False,464,423.21663732033346,9.636521602244464,0.43300703406101104,24.874698921120586,60,278.4,8.562904429248992,187,-6.035759516989445
758,mora,packing_B,T09,largo,38,G4,8.6094516797992,0.8171065078853832,1.024653908579875,False,464,423.21663732033346,9.636521602244464,0.43300703406101104,24.874698921120586,60,278.4,8.562904429248992,188,-5.8498797006357295
758,mora,packing_B,T09,largo,38,G4,8.6094516797992,0.8171065078853832,1.024653908579875,False,464,423.21663732033346,9.636521602244464,0.43300703406101104,24.874698921120586,60,278.4,8.562904429248992,189,-5.87233471058536
758,mora,packing_B,T09,largo,38,G4,8.6094516797992,0.8171065078853832,1.024653908579875,False,464,423.21663732033346,9.636521602244464,0.43300703406101104,24.874698921120586,60,278.4,8.562904429248992,190,-5.706482643647881
758,mora,packing_B,T09,largo,38,G4,8.6094516797992,0.8171065078853832,1.024653908579875,False,464,423.21663732033346,9.636521602244464,0.43300703406101104,24.874698921120586,60,278.4,8.562904429248992,191,-5.781006819887428
758,mora,packing_B,T09,largo,38,G4,8.6094516797992,0.8171065078853832,1.024653908579875,False,464,423.21663732033346,9.636521602244464,0.43300703406101104,24.874698921120586,60,278.4,8.562904429248992,192,-5.626822615797185
758,mora,packing_B,T09,largo,38,G4,8.6094516797992,0.8171065078853832,1.024653908579875,False,464,423.21663732033346,9.636521602244464,0.43300703406101104,24.874698921120586,60,278.4,8.562904429248992,193,-5.874397753490769
758,mora,packing_B,T09,largo,38,G4,8.6094516797992,0.8171065078853832,1.024653908579875,False,464,423.21663732033346,9.636521602244464,0.43300703406101104,24.874698921120586,60,278.4,8.562904429248992,194,-5.793628774481292
758,mora,packing_B,T09,largo,38,G4,8.6094516797992,0.8171065078853832,1.024653908579875,False,464,423.21663732033346,9.636521602244464,0.43300703406101104,24.874698921120586,60,278.4,8.562904429248992,195,-5.513701521896752
758,mora,packing_B,T09,largo,38,G4,8.6094516797992,0.8171065078853832,1.024653908579875,False,464,423.21663732033346,9.636521602244464,0.43300703406101104,24.874698921120586,60,278.4,8.562904429248992,196,-5.579346127261685
758,mora,packing_B,T09,largo,38,G4,8.6094516797992,0.8171065078853832,1.024653908579875,False,464,423.21663732033346,9.636521602244464,0.43300703406101104,24.874698921120586,60,278.4,8.562904429248992,197,-5.488299719651109
758,mora,packing_B,T09,largo,38,G4,8.6094516797992,0.8171065078853832,1.024653908579875,False,464,423.21663732033346,9.636521602244464,0.43300703406101104,24.874698921120586,60,278.4,8.562904429248992,198,-5.259049610008012
758,mora,packing_B,T09,largo,38,G4,8.6094516797992,0.8171065078853832,1.024653908579875,False,464,423.21663732033346,9.636521602244464,0.43300703406101104,24.874698921120586,60,278.4,8.562904429248992,199,-5.134156458507578
758,mora,packing_B,T09,largo,38,G4,8.6094516797992,0.8171065078853832,1.024653908579875,False,464,423.21663732033346,9.636521602244464,0.43300703406101104,24.874698921120586,60,278.4,8.562904429248992,200,-5.159937829825604
758,mora,packing_B,T09,largo,38,G4,8.6094516797992,0.8171065078853832,1.024653908579875,False,464,423.21663732033346,9.636521602244464,0.43300703406101104,24.874698921120586,60,278.4,8.562904429248992,201,-5.092051073066088
758,mora,packing_B,T09,largo,38,G4,8.6094516797992,0.8171065078853832,1.024653908579875,False,464,423.21663732033346,9.636521602244464,0.43300703406101104,24.874698921120586,60,278.4,8.562904429248992,202,-5.108146341206277
758,mora,packing_B,T09,largo,38,G4,8.6094516797992,0.8171065078853832,1.024653908579875,False,464,423.21663732033346,9.636521602244464,0.43300703406101104,24.874698921120586,60,278.4,8.562904429248992,203,-5.012959667212037
758,mora,packing_B,T09,largo,38,G4,8.6094516797992,0.8171065078853832,1.024653908579875,False,464,423.21663732033346,9.636521602244464,0.43300703406101104,24.874698921120586,60,278.4,8.562904429248992,204,-4.89968300302457
758,mora,packing_B,T09,largo,38,G4,8.6094516797992,0.8171065078853832,1.024653908579875,False,464,423.21663732033346,9.636521602244464,0.43300703406101104,24.874698921120586,60,278.4,8.562904429248992,205,-4.989345216484156
758,mora,packing_B,T09,largo,38,G4,8.6094516797992,0.8171065078853832,1.024653908579875,False,464,423.21663732033346,9.636521602244464,0.43300703406101104,24.874698921120586,60,278.4,8.562904429248992,206,-4.858127034032554
758,mora,packing_B,T09,largo,38,G4,8.6094516797992,0.8171065078853832,1.024653908579875,False,464,423.21663732033346,9.636521602244464,0.43300703406101104,24.874698921120586,60,278.4,8.562904429248992,207,-4.801099435798174
758,mora,packing_B,T09,largo,38,G4,8.6094516797992,0.8171065078853832,1.024653908579875,False,464,423.21663732033346,9.636521602244464,0.43300703406101104,24.874698921120586,60,278.4,8.562904429248992,208,-4.850107589637747
758,mora,packing_B,T09,largo,38,G4,8.6094516797992,0.8171065078853832,1.024653908579875,False,464,423.21663732033346,9.636521602244464,0.43300703406101104,24.874698921120586,60,278.4,8.562904429248992,209,-4.7302513726724635
758,mora,packing_B,T09,largo,38,G4,8.6094516797992,0.8171065078853832,1.024653908579875,False,464,423.21663732033346,9.636521602244464,0.43300703406101104,24.874698921120586,60,278.4,8.562904429248992,210,-4.616501563145333
758,mora,packing_B,T09,largo,38,G4,8.6094516797992,0.8171065078853832,1.024653908579875,False,464,423.21663732033346,9.636521602244464,0.43300703406101104,24.874698921120586,60,278.4,8.562904429248992,211,-4.615342291607645
758,mora,packing_B,T09,largo,38,G4,8.6094516797992,0.8171065078853832,1.024653908579875,False,464,423.21663732033346,9.636521602244464,0.43300703406101104,24.874698921120586,60,278.4,8.562904429248992,212,-4.55940931032803
758,mora,packing_B,T09,largo,38,G4,8.6094516797992,0.8171065078853832,1.024653908579875,False,464,423.21663732033346,9.636521602244464,0.43300703406101104,24.874698921120586,60,278.4,8.562904429248992,213,-4.406369921747817
758,mora,packing_B,T09,largo,38,G4,8.6094516797992,0.8171065078853832,1.024653908579875,False,464,423.21663732033346,9.636521602244464,0.43300703406101104,24.874698921120586,60,278.4,8.562904429248992,214,-4.229046374784684
758,mora,packing_B,T09,largo,38,G4,8.6094516797992,0.8171065078853832,1.024653908579875,False,464,423.21663732033346,9.636521602244464,0.43300703406101104,24.874698921120586,60,278.4,8.562904429248992,215,-4.331138867043968
758,mora,packing_B,T09,largo,38,G4,8.6094516797992,0.8171065078853832,1.024653908579875,False,464,423.21663732033346,9.636521602244464,0.43300703406101104,24.874698921120586,60,278.4,8.562904429248992,216,-4.081811773157932
758,mora,packing_B,T09,largo,38,G4,8.6094516797992,0.8171065078853832,1.024653908579875,False,464,423.21663732033346,9.636521602244464,0.43300703406101104,24.874698921120586,60,278.4,8.562904429248992,217,-4.1149794321696636
758,mora,packing_B,T09,largo,38,G4,8.6094516797992,0.8171065078853832,1.024653908579875,False,464,423.21663732033346,9.636521602244464,0.43300703406101104,24.874698921120586,60,278.4,8.562904429248992,218,-4.030195450192231
758,mora,packing_B,T09,largo,38,G4,8.6094516797992,0.8171065078853832,1.024653908579875,False,464,423.21663732033346,9.636521602244464,0.43300703406101104,24.874698921120586,60,278.4,8.562904429248992,219,-3.7623934942091526
758,mora,packing_B,T09,largo,38,G4,8.6094516797992,0.8171065078853832,1.024653908579875,False,464,423.21663732033346,9.636521602244464,0.43300703406101104,24.874698921120586,60,278.4,8.562904429248992,220,-3.735357260258185
758,mora,packing_B,T09,largo,38,G4,8.6094516797992,0.8171065078853832,1.024653908579875,False,464,423.21663732033346,9.636521602244464,0.43300703406101104,24.874698921120586,60,278.4,8.562904429248992,221,-3.7229503994164292
758,mora,packing_B,T09,largo,38,G4,8.6094516797992,0.8171065078853832,1.024653908579875,False,464,423.21663732033346,9.636521602244464,0.43300703406101104,24.874698921120586,60,278.4,8.562904429248992,222,-3.7451894697526886
758,mora,packing_B,T09,largo,38,G4,8.6094516797992,0.8171065078853832,1.024653908579875,False,464,423.21663732033346,9.636521602244464,0.43300703406101104,24.874698921120586,60,278.4,8.562904429248992,223,-3.577414728793124
758,mora,packing_B,T09,largo,38,G4,8.6094516797992,0.8171065078853832,1.024653908579875,False,464,423.21663732033346,9.636521602244464,0.43300703406101104,24.874698921120586,60,278.4,8.562904429248992,224,-3.567745088251786
758,mora,packing_B,T09,largo,38,G4,8.6094516797992,0.8171065078853832,1.024653908579875,False,464,423.21663732033346,9.636521602244464,0.43300703406101104,24.874698921120586,60,278.4,8.562904429248992,225,-3.5874085934153754
758,mora,packing_B,T09,largo,38,G4,8.6094516797992,0.8171065078853832,1.024653908579875,False,464,423.21663732033346,9.636521602244464,0.43300703406101104,24.874698921120586,60,278.4,8.562904429248992,226,-3.3701046681170777
758,mora,packing_B,T09,largo,38,G4,8.6094516797992,0.8171065078853832,1.024653908579875,False,464,423.21663732033346,9.636521602244464,0.43300703406101104,24.874698921120586,60,278.4,8.562904429248992,227,-3.321508314837495
758,mora,packing_B,T09,largo,38,G4,8.6094516797992,0.8171065078853832,1.024653908579875,False,464,423.21663732033346,9.636521602244464,0.43300703406101104,24.874698921120586,60,278.4,8.562904429248992,228,-3.2164937017528246
758,mora,packing_B,T09,largo,38,G4,8.6094516797992,0.8171065078853832,1.024653908579875,False,464,423.21663732033346,9.636521602244464,0.43300703406101104,24.874698921120586,60,278.4,8.562904429248992,229,-3.191779338117695
758,mora,packing_B,T09,largo,38,G4,8.6094516797992,0.8171065078853832,1.024653908579875,False,464,423.21663732033346,9.636521602244464,0.43300703406101104,24.874698921120586,60,278.4,8.562904429248992,230,-3.228264147145449
758,mora,packing_B,T09,largo,38,G4,8.6094516797992,0.8171065078853832,1.024653908579875,False,464,423.21663732033346,9.636521602244464,0.43300703406101104,24.874698921120586,60,278.4,8.562904429248992,231,-3.175478497468157
758,mora,packing_B,T09,largo,38,G4,8.6094516797992,0.8171065078853832,1.024653908579875,False,464,423.21663732033346,9.636521602244464,0.43300703406101104,24.874698921120586,60,278.4,8.562904429248992,232,-2.961754275419285
758,mora,packing_B,T09,largo,38,G4,8.6094516797992,0.8171065078853832,1.024653908579875,False,464,423.21663732033346,9.636521602244464,0.43300703406101104,24.874698921120586,60,278.4,8.562904429248992,233,-2.8174058653565495
758,mora,packing_B,T09,largo,38,G4,8.6094516797992,0.8171065078853832,1.024653908579875,False,464,423.21663732033346,9.636521602244464,0.43300703406101104,24.874698921120586,60,278.4,8.562904429248992,234,-2.786369002953577
758,mora,packing_B,T09,largo,38,G4,8.6094516797992,0.8171065078853832,1.024653908579875,False,464,423.21663732033346,9.636521602244464,0.43300703406101104,24.874698921120586,60,278.4,8.562904429248992,235,-2.6707873517211596
758,mora,packing_B,T09,largo,38,G4,8.6094516797992,0.8171065078853832,1.024653908579875,False,464,423.21663732033346,9.636521602244464,0.43300703406101104,24.874698921120586,60,278.4,8.562904429248992,236,-2.5512664379847987
758,mora,packing_B,T09,largo,38,G4,8.6094516797992,0.8171065078853832,1.024653908579875,False,464,423.21663732033346,9.636521602244464,0.43300703406101104,24.874698921120586,60,278.4,8.562904429248992,237,-2.484944015969826
758,mora,packing_B,T09,largo,38,G4,8.6094516797992,0.8171065078853832,1.024653908579875,False,464,423.21663732033346,9.636521602244464,0.43300703406101104,24.874698921120586,60,278.4,8.562904429248992,238,-2.4461188632780106
758,mora,packing_B,T09,largo,38,G4,8.6094516797992,0.8171065078853832,1.024653908579875,False,464,423.21663732033346,9.636521602244464,0.43300703406101104,24.874698921120586,60,278.4,8.562904429248992,239,-2.450672859724474
758,mora,packing_B,T09,largo,38,G4,8.6094516797992,0.8171065078853832,1.024653908579875,False,464,423.21663732033346,9.636521602244464,0.43300703406101104,24.874698921120586,60,278.4,8.562904429248992,240,-2.287822208833947
758,mora,packing_B,T09,largo,38,G4,8.6094516797992,0.8171065078853832,1.024653908579875,False,464,423.21663732033346,9.636521602244464,0.43300703406101104,24.874698921120586,60,278.4,8.562904429248992,241,-2.277201153494936
758,mora,packing_B,T09,largo,38,G4,8.6094516797992,0.8171065078853832,1.024653908579875,False,464,423.21663732033346,9.636521602244464,0.43300703406101104,24.874698921120586,60,278.4,8.562904429248992,242,-2.3046636050249907
758,mora,packing_B,T09,largo,38,G4,8.6094516797992,0.8171065078853832,1.024653908579875,False,464,423.21663732033346,9.636521602244464,0.43300703406101104,24.874698921120586,60,278.4,8.562904429248992,243,-2.1254347314077884
758,mora,packing_B,T09,largo,38,G4,8.6094516797992,0.8171065078853832,1.024653908579875,False,464,423.21663732033346,9.636521602244464,0.43300703406101104,24.874698921120586,60,278.4,8.562904429248992,244,-1.9681260181210047
758,mora,packing_B,T09,largo,38,G4,8.6094516797992,0.8171065078853832,1.024653908579875,False,464,423.21663732033346,9.636521602244464,0.43300703406101104,24.874698921120586,60,278.4,8.562904429248992,245,-1.8347400370778266
758,mora,packing_B,T09,largo,38,G4,8.6094516797992,0.8171065078853832,1.024653908579875,False,464,423.21663732033346,9.636521602244464,0.43300703406101104,24.874698921120586,60,278.4,8.562904429248992,246,-1.8510566409288056
758,mora,packing_B,T09,largo,38,G4,8.6094516797992,0.8171065078853832,1.024653908579875,False,464,423.21663732033346,9.636521602244464,0.43300703406101104,24.874698921120586,60,278.4,8.562904429248992,247,-1.7190339558701446
758,mora,packing_B,T09,largo,38,G4,8.6094516797992,0.8171065078853832,1.024653908579875,False,464,423.21663732033346,9.636521602244464,0.43300703406101104,24.874698921120586,60,278.4,8.562904429248992,248,-1.6267183392400997
758,mora,packing_B,T09,largo,38,G4,8.6094516797992,0.8171065078853832,1.024653908579875,False,464,423.21663732033346,9.636521602244464,0.43300703406101104,24.874698921120586,60,278.4,8.562904429248992,249,-1.503743141201174
758,mora,packing_B,T09,largo,38,G4,8.6094516797992,0.8171065078853832,1.024653908579875,False,464,423.21663732033346,9.636521602244464,0.43300703406101104,24.874698921120586,60,278.4,8.562904429248992,250,-1.5277402189118985
758,mora,packing_B,T09,largo,38,G4,8.6094516797992,0.8171065078853832,1.024653908579875,False,464,423.21663732033346,9.636521602244464,0.43300703406101104,24.874698921120586,60,278.4,8.562904429248992,251,-1.5513015371986723
758,mora,packing_B,T09,largo,38,G4,8.6094516797992,0.8171065078853832,1.024653908579875,False,464,423.21663732033346,9.636521602244464,0.43300703406101104,24.874698921120586,60,278.4,8.562904429248992,252,-1.3180428437558251
758,mora,packing_B,T09,largo,38,G4,8.6094516797992,0.8171065078853832,1.024653908579875,False,464,423.21663732033346,9.636521602244464,0.43300703406101104,24.874698921120586,60,278.4,8.562904429248992,253,-1.3257818127666237
758,mora,packing_B,T09,largo,38,G4,8.6094516797992,0.8171065078853832,1.024653908579875,False,464,423.21663732033346,9.636521602244464,0.43300703406101104,24.874698921120586,60,278.4,8.562904429248992,254,-1.276394596089795
758,mora,packing_B,T09,largo,38,G4,8.6094516797992,0.8171065078853832,1.024653908579875,False,464,423.21663732033346,9.636521602244464,0.43300703406101104,24.874698921120586,60,278.4,8.562904429248992,255,-1.3382354045365905
758,mora,packing_B,T09,largo,38,G4,8.6094516797992,0.8171065078853832,1.024653908579875,False,464,423.21663732033346,9.636521602244464,0.43300703406101104,24.874698921120586,60,278.4,8.562904429248992,256,-1.0997463556135985
758,mora,packing_B,T09,largo,38,G4,8.6094516797992,0.8171065078853832,1.024653908579875,False,464,423.21663732033346,9.636521602244464,0.43300703406101104,24.874698921120586,60,278.4,8.562904429248992,257,-1.0100659196317714
758,mora,packing_B,T09,largo,38,G4,8.6094516797992,0.8171065078853832,1.024653908579875,False,464,423.21663732033346,9.636521602244464,0.43300703406101104,24.874698921120586,60,278.4,8.562904429248992,258,-0.9522924127403019
758,mora,packing_B,T09,largo,38,G4,8.6094516797992,0.8171065078853832,1.024653908579875,False,464,423.21663732033346,9.636521602244464,0.43300703406101104,24.874698921120586,60,278.4,8.562904429248992,259,-0.9088160928383381
758,mora,packing_B,T09,largo,38,G4,8.6094516797992,0.8171065078853832,1.024653908579875,False,464,423.21663732033346,9.636521602244464,0.43300703406101104,24.874698921120586,60,278.4,8.562904429248992,260,-0.837566024760711
758,mora,packing_B,T09,largo,38,G4,8.6094516797992,0.8171065078853832,1.024653908579875,False,464,423.21663732033346,9.636521602244464,0.43300703406101104,24.874698921120586,60,278.4,8.562904429248992,261,-0.7672114779597217
758,mora,packing_B,T09,largo,38,G4,8.6094516797992,0.8171065078853832,1.024653908579875,False,464,423.21663732033346,9.636521602244464,0.43300703406101104,24.874698921120586,60,278.4,8.562904429248992,262,-0.7953917809066058
758,mora,packing_B,T09,largo,38,G4,8.6094516797992,0.8171065078853832,1.024653908579875,False,464,423.21663732033346,9.636521602244464,0.43300703406101104,24.874698921120586,60,278.4,8.562904429248992,263,-0.7290634971594198
758,mora,packing_B,T09,largo,38,G4,8.6094516797992,0.8171065078853832,1.024653908579875,False,464,423.21663732033346,9.636521602244464,0.43300703406101104,24.874698921120586,60,278.4,8.562904429248992,264,-0.3557357943983781
758,mora,packing_B,T09,largo,38,G4,8.6094516797992,0.8171065078853832,1.024653908579875,False,464,423.21663732033346,9.636521602244464,0.43300703406101104,24.874698921120586,60,278.4,8.562904429248992,265,-0.43770513693556623
758,mora,packing_B,T09,largo,38,G4,8.6094516797992,0.8171065078853832,1.024653908579875,False,464,423.21663732033346,9.636521602244464,0.43300703406101104,24.874698921120586,60,278.4,8.562904429248992,266,-0.4624697421878216
758,mora,packing_B,T09,largo,38,G4,8.6094516797992,0.8171065078853832,1.024653908579875,False,464,423.21663732033346,9.636521602244464,0.43300703406101104,24.874698921120586,60,278.4,8.562904429248992,267,-0.25443270085181213
758,mora,packing_B,T09,largo,38,G4,8.6094516797992,0.8171065078853832,1.024653908579875,False,464,423.21663732033346,9.636521602244464,0.43300703406101104,24.874698921120586,60,278.4,8.562904429248992,268,-0.4179095630465248
758,mora,packing_B,T09,largo,38,G4,8.6094516797992,0.8171065078853832,1.024653908579875,False,464,423.21663732033346,9.636521602244464,0.43300703406101104,24.874698921120586,60,278.4,8.562904429248992,269,-0.5010252741268361
758,mora,packing_B,T09,largo,38,G4,8.6094516797992,0.8171065078853832,1.024653908579875,False,464,423.21663732033346,9.636521602244464,0.43300703406101104,24.874698921120586,60,278.4,8.562904429248992,270,-0.09991505966460429
758,mora,packing_B,T09,largo,38,G4,8.6094516797992,0.8171065078853832,1.024653908579875,False,464,423.21663732033346,9.636521602244464,0.43300703406101104,24.874698921120586,60,278.4,8.562904429248992,271,-0.2795492304967995
758,mora,packing_B,T09,largo,38,G4,8.6094516797992,0.8171065078853832,1.024653908579875,False,464,423.21663732033346,9.636521602244464,0.43300703406101104,24.874698921120586,60,278.4,8.562904429248992,272,-0.08407438143619389
758,mora,packing_B,T09,largo,38,G4,8.6094516797992,0.8171065078853832,1.024653908579875,False,464,423.21663732033346,9.636521602244464,0.43300703406101104,24.874698921120586,60,278.4,8.562904429248992,273,0.09609162005566274
758,mora,packing_B,T09,largo,38,G4,8.6094516797992,0.8171065078853832,1.024653908579875,False,464,423.21663732033346,9.636521602244464,0.43300703406101104,24.874698921120586,60,278.4,8.562904429248992,274,0.0008358037147389863
758,mora,packing_B,T09,largo,38,G4,8.6094516797992,0.8171065078853832,1.024653908579875,False,464,423.21663732033346,9.636521602244464,0.43300703406101104,24.874698921120586,60,278.4,8.562904429248992,275,0.022174576405416355
758,mora,packing_B,T09,largo,38,G4,8.6094516797992,0.8171065078853832,1.024653908579875,False,464,423.21663732033346,9.636521602244464,0.43300703406101104,24.874698921120586,60,278.4,8.562904429248992,276,0.17466769023207618
758,mora,packing_B,T09,largo,38,G4,8.6094516797992,0.8171065078853832,1.024653908579875,False,464,423.21663732033346,9.636521602244464,0.43300703406101104,24.874698921120586,60,278.4,8.562904429248992,277,0.09804936838316025
758,mora,packing_B,T09,largo,38,G4,8.6094516797992,0.8171065078853832,1.024653908579875,False,464,423.21663732033346,9.636521602244464,0.43300703406101104,24.874698921120586,60,278.4,8.562904429248992,278,0.36975810802025005
758,mora,packing_B,T09,largo,38,G4,8.6094516797992,0.8171065078853832,1.024653908579875,False,464,423.21663732033346,9.636521602244464,0.43300703406101104,24.874698921120586,60,278.4,8.562904429248992,279,0.7601994945079568
758,mora,packing_B,T09,largo,38,G4,8.6094516797992,0.8171065078853832,1.024653908579875,False,464,423.21663732033346,9.636521602244464,0.43300703406101104,24.874698921120586,60,278.4,8.562904429248992,280,0.8345583417129955
758,mora,packing_B,T09,largo,38,G4,8.6094516797992,0.8171065078853832,1.024653908579875,False,464,423.21663732033346,9.636521602244464,0.43300703406101104,24.874698921120586,60,278.4,8.562904429248992,281,0.6982636411082399
758,mora,packing_B,T09,largo,38,G4,8.6094516797992,0.8171065078853832,1.024653908579875,False,464,423.21663732033346,9.636521602244464,0.43300703406101104,24.874698921120586,60,278.4,8.562904429248992,282,0.6468294306859527
758,mora,packing_B,T09,largo,38,G4,8.6094516797992,0.8171065078853832,1.024653908579875,False,464,423.21663732033346,9.636521602244464,0.43300703406101104,24.874698921120586,60,278.4,8.562904429248992,283,0.5756520582625989
758,mora,packing_B,T09,largo,38,G4,8.6094516797992,0.8171065078853832,1.024653908579875,False,464,423.21663732033346,9.636521602244464,0.43300703406101104,24.874698921120586,60,278.4,8.562904429248992,284,0.783446838049506
758,mora,packing_B,T09,largo,38,G4,8.6094516797992,0.8171065078853832,1.024653908579875,False,464,423.21663732033346,9.636521602244464,0.43300703406101104,24.874698921120586,60,278.4,8.562904429248992,285,0.4139460460098568
758,mora,packing_B,T09,largo,38,G4,8.6094516797992,0.8171065078853832,1.024653908579875,False,464,423.21663732033346,9.636521602244464,0.43300703406101104,24.874698921120586,60,278.4,8.562904429248992,286,0.35315502829080625
758,mora,packing_B,T09,largo,38,G4,8.6094516797992,0.8171065078853832,1.024653908579875,False,464,423.21663732033346,9.636521602244464,0.43300703406101104,24.874698921120586,60,278.4,8.562904429248992,287,0.24097300536733665
758,mora,packing_B,T09,largo,38,G4,8.6094516797992,0.8171065078853832,1.024653908579875,False,464,423.21663732033346,9.636521602244464,0.43300703406101104,24.874698921120586,60,278.4,8.562904429248992,288,0.0782740202552929
758,mora,packing_B,T09,largo,38,G4,8.6094516797992,0.8171065078853832,1.024653908579875,False,464,423.21663732033346,9.636521602244464,0.43300703406101104,24.874698921120586,60,278.4,8.562904429248992,289,-0.05607930381397919
758,mora,packing_B,T09,largo,38,G4,8.6094516797992,0.8171065078853832,1.024653908579875,False,464,423.21663732033346,9.636521602244464,0.43300703406101104,24.874698921120586,60,278.4,8.562904429248992,290,-0.039882857845335434
758,mora,packing_B,T09,largo,38,G4,8.6094516797992,0.8171065078853832,1.024653908579875,False,464,423.21663732033346,9.636521602244464,0.43300703406101104,24.874698921120586,60,278.4,8.562904429248992,291,-0.06930773469950174
758,mora,packing_B,T09,largo,38,G4,8.6094516797992,0.8171065078853832,1.024653908579875,False,464,423.21663732033346,9.636521602244464,0.43300703406101104,24.874698921120586,60,278.4,8.562904429248992,292,-0.07261845971212742
758,mora,packing_B,T09,largo,38,G4,8.6094516797992,0.8171065078853832,1.024653908579875,False,464,423.21663732033346,9.636521602244464,0.43300703406101104,24.874698921120586,60,278.4,8.562904429248992,293,-0.22123210207870714
758,mora,packing_B,T09,largo,38,G4,8.6094516797992,0.8171065078853832,1.024653908579875,False,464,423.21663732033346,9.636521602244464,0.43300703406101104,24.874698921120586,60,278.4,8.562904429248992,294,-0.2086211637163376
758,mora,packing_B,T09,largo,38,G4,8.6094516797992,0.8171065078853832,1.024653908579875,False,464,423.21663732033346,9.636521602244464,0.43300703406101104,24.874698921120586,60,278.4,8.562904429248992,295,0.027756226545265685
758,mora,packing_B,T09,largo,38,G4,8.6094516797992,0.8171065078853832,1.024653908579875,False,464,423.21663732033346,9.636521602244464,0.43300703406101104,24.874698921120586,60,278.4,8.562904429248992,296,0.08499258346270921
758,mora,packing_B,T09,largo,38,G4,8.6094516797992,0.8171065078853832,1.024653908579875,False,464,423.21663732033346,9.636521602244464,0.43300703406101104,24.874698921120586,60,278.4,8.562904429248992,297,0.4464901010436408
758,mora,packing_B,T09,largo,38,G4,8.6094516797992,0.8171065078853832,1.024653908579875,False,464,423.21663732033346,9.636521602244464,0.43300703406101104,24.874698921120586,60,278.4,8.562904429248992,298,0.24134819213347064
758,mora,packing_B,T09,largo,38,G4,8.6094516797992,0.8171065078853832,1.024653908579875,False,464,423.21663732033346,9.636521602244464,0.43300703406101104,24.874698921120586,60,278.4,8.562904429248992,299,0.3975270350605873
758,mora,packing_B,T09,largo,38,G4,8.6094516797992,0.8171065078853832,1.024653908579875,False,464,423.21663732033346,9.636521602244464,0.43300703406101104,24.874698921120586,60,278.4,8.562904429248992,300,0.5138985763810839
758,mora,packing_B,T09,largo,38,G4,8.6094516797992,0.8171065078853832,1.024653908579875,False,464,423.21663732033346,9.636521602244464,0.43300703406101104,24.874698921120586,60,278.4,8.562904429248992,301,0.655867312715887
758,mora,packing_B,T09,largo,38,G4,8.6094516797992,0.8171065078853832,1.024653908579875,False,464,423.21663732033346,9.636521602244464,0.43300703406101104,24.874698921120586,60,278.4,8.562904429248992,302,0.7990156727233603
758,mora,packing_B,T09,largo,38,G4,8.6094516797992,0.8171065078853832,1.024653908579875,False,464,423.21663732033346,9.636521602244464,0.43300703406101104,24.874698921120586,60,278.4,8.562904429248992,303,0.7732733885033324
758,mora,packing_B,T09,largo,38,G4,8.6094516797992,0.8171065078853832,1.024653908579875,False,464,423.21663732033346,9.636521602244464,0.43300703406101104,24.874698921120586,60,278.4,8.562904429248992,304,0.8407753385928817
758,mora,packing_B,T09,largo,38,G4,8.6094516797992,0.8171065078853832,1.024653908579875,False,464,423.21663732033346,9.636521602244464,0.43300703406101104,24.874698921120586,60,278.4,8.562904429248992,305,1.0745385885750156
758,mora,packing_B,T09,largo,38,G4,8.6094516797992,0.8171065078853832,1.024653908579875,False,464,423.21663732033346,9.636521602244464,0.43300703406101104,24.874698921120586,60,278.4,8.562904429248992,306,0.8146734710195459
758,mora,packing_B,T09,largo,38,G4,8.6094516797992,0.8171065078853832,1.024653908579875,False,464,423.21663732033346,9.636521602244464,0.43300703406101104,24.874698921120586,60,278.4,8.562904429248992,307,0.9073615221681012
758,mora,packing_B,T09,largo,38,G4,8.6094516797992,0.8171065078853832,1.024653908579875,False,464,423.21663732033346,9.636521602244464,0.43300703406101104,24.874698921120586,60,278.4,8.562904429248992,308,0.8470708118327305
758,mora,packing_B,T09,largo,38,G4,8.6094516797992,0.8171065078853832,1.024653908579875,False,464,423.21663732033346,9.636521602244464,0.43300703406101104,24.874698921120586,60,278.4,8.562904429248992,309,0.9980775621356692
758,mora,packing_B,T09,largo,38,G4,8.6094516797992,0.8171065078853832,1.024653908579875,False,464,423.21663732033346,9.636521602244464,0.43300703406101104,24.874698921120586,60,278.4,8.562904429248992,310,0.9218805368374925
758,mora,packing_B,T09,largo,38,G4,8.6094516797992,0.8171065078853832,1.024653908579875,False,464,423.21663732033346,9.636521602244464,0.43300703406101104,24.874698921120586,60,278.4,8.562904429248992,311,0.8183334256813866
758,mora,packing_B,T09,largo,38,G4,8.6094516797992,0.8171065078853832,1.024653908579875,False,464,423.21663732033346,9.636521602244464,0.43300703406101104,24.874698921120586,60,278.4,8.562904429248992,312,0.6637066959869714
758,mora,packing_B,T09,largo,38,G4,8.6094516797992,0.8171065078853832,1.024653908579875,False,464,423.21663732033346,9.636521602244464,0.43300703406101104,24.874698921120586,60,278.4,8.562904429248992,313,0.7575734001764183
758,mora,packing_B,T09,largo,38,G4,8.6094516797992,0.8171065078853832,1.024653908579875,False,464,423.21663732033346,9.636521602244464,0.43300703406101104,24.874698921120586,60,278.4,8.562904429248992,314,0.4519649369715568
758,mora,packing_B,T09,largo,38,G4,8.6094516797992,0.8171065078853832,1.024653908579875,False,464,423.21663732033346,9.636521602244464,0.43300703406101104,24.874698921120586,60,278.4,8.562904429248992,315,0.3128080016868952
758,mora,packing_B,T09,largo,38,G4,8.6094516797992,0.8171065078853832,1.024653908579875,False,464,423.21663732033346,9.636521602244464,0.43300703406101104,24.874698921120586,60,278.4,8.562904429248992,316,0.35982050257618237
758,mora,packing_B,T09,largo,38,G4,8.6094516797992,0.8171065078853832,1.024653908579875,False,464,423.21663732033346,9.636521602244464,0.43300703406101104,24.874698921120586,60,278.4,8.562904429248992,317,0.2292711060306793
758,mora,packing_B,T09,largo,38,G4,8.6094516797992,0.8171065078853832,1.024653908579875,False,464,423.21663732033346,9.636521602244464,0.43300703406101104,24.874698921120586,60,278.4,8.562904429248992,318,0.22593457926597374
758,mora,packing_B,T09,largo,38,G4,8.6094516797992,0.8171065078853832,1.024653908579875,False,464,423.21663732033346,9.636521602244464,0.43300703406101104,24.874698921120586,60,278.4,8.562904429248992,319,0.10264061776600561
758,mora,packing_B,T09,largo,38,G4,8.6094516797992,0.8171065078853832,1.024653908579875,False,464,423.21663732033346,9.636521602244464,0.43300703406101104,24.874698921120586,60,278.4,8.562904429248992,320,0.06203426465338962
758,mora,packing_B,T09,largo,38,G4,8.6094516797992,0.8171065078853832,1.024653908579875,False,464,423.21663732033346,9.636521602244464,0.43300703406101104,24.874698921120586,60,278.4,8.562904429248992,321,0.09294134893844198
758,mora,packing_B,T09,largo,38,G4,8.6094516797992,0.8171065078853832,1.024653908579875,False,464,423.21663732033346,9.636521602244464,0.43300703406101104,24.874698921120586,60,278.4,8.562904429248992,322,-0.05116923916197701
758,mora,packing_B,T09,largo,38,G4,8.6094516797992,0.8171065078853832,1.024653908579875,False,464,423.21663732033346,9.636521602244464,0.43300703406101104,24.874698921120586,60,278.4,8.562904429248992,323,-0.017527889299707562
758,mora,packing_B,T09,largo,38,G4,8.6094516797992,0.8171065078853832,1.024653908579875,False,464,423.21663732033346,9.636521602244464,0.43300703406101104,24.874698921120586,60,278.4,8.562904429248992,324,0.02310782017189577
758,mora,packing_B,T09,largo,38,G4,8.6094516797992,0.8171065078853832,1.024653908579875,False,464,423.21663732033346,9.636521602244464,0.43300703406101104,24.874698921120586,60,278.4,8.562904429248992,325,0.08728415155618699
758,mora,packing_B,T09,largo,38,G4,8.6094516797992,0.8171065078853832,1.024653908579875,False,464,423.21663732033346,9.636521602244464,0.43300703406101104,24.874698921120586,60,278.4,8.562904429248992,326,0.0029543603325357243
758,mora,packing_B,T09,largo,38,G4,8.6094516797992,0.8171065078853832,1.024653908579875,False,464,423.21663732033346,9.636521602244464,0.43300703406101104,24.874698921120586,60,278.4,8.562904429248992,327,0.3063835298844335
758,mora,packing_B,T09,largo,38,G4,8.6094516797992,0.8171065078853832,1.024653908579875,False,464,423.21663732033346,9.636521602244464,0.43300703406101104,24.874698921120586,60,278.4,8.562904429248992,328,0.1912477356836434
758,mora,packing_B,T09,largo,38,G4,8.6094516797992,0.8171065078853832,1.024653908579875,False,464,423.21663732033346,9.636521602244464,0.43300703406101104,24.874698921120586,60,278.4,8.562904429248992,329,0.3462237882203304
758,mora,packing_B,T09,largo,38,G4,8.6094516797992,0.8171065078853832,1.024653908579875,False,464,423.21663732033346,9.636521602244464,0.43300703406101104,24.874698921120586,60,278.4,8.562904429248992,330,0.39988189471336866
758,mora,packing_B,T09,largo,38,G4,8.6094516797992,0.8171065078853832,1.024653908579875,False,464,423.21663732033346,9.636521602244464,0.43300703406101104,24.874698921120586,60,278.4,8.562904429248992,331,0.4134037998118731
758,mora,packing_B,T09,largo,38,G4,8.6094516797992,0.8171065078853832,1.024653908579875,False,464,423.21663732033346,9.636521602244464,0.43300703406101104,24.874698921120586,60,278.4,8.562904429248992,332,0.6737213165303388
758,mora,packing_B,T09,largo,38,G4,8.6094516797992,0.8171065078853832,1.024653908579875,False,464,423.21663732033346,9.636521602244464,0.43300703406101104,24.874698921120586,60,278.4,8.562904429248992,333,0.7477625673373601
758,mora,packing_B,T09,largo,38,G4,8.6094516797992,0.8171065078853832,1.024653908579875,False,464,423.21663732033346,9.636521602244464,0.43300703406101104,24.874698921120586,60,278.4,8.562904429248992,334,0.823650393275458
758,mora,packing_B,T09,largo,38,G4,8.6094516797992,0.8171065078853832,1.024653908579875,False,464,423.21663732033346,9.636521602244464,0.43300703406101104,24.874698921120586,60,278.4,8.562904429248992,335,0.9206547095209158
758,mora,packing_B,T09,largo,38,G4,8.6094516797992,0.8171065078853832,1.024653908579875,False,464,423.21663732033346,9.636521602244464,0.43300703406101104,24.874698921120586,60,278.4,8.562904429248992,336,1.0863000626942056
758,mora,packing_B,T09,largo,38,G4,8.6094516797992,0.8171065078853832,1.024653908579875,False,464,423.21663732033346,9.636521602244464,0.43300703406101104,24.874698921120586,60,278.4,8.562904429248992,337,0.9556881764397199
758,mora,packing_B,T09,largo,38,G4,8.6094516797992,0.8171065078853832,1.024653908579875,False,464,423.21663732033346,9.636521602244464,0.43300703406101104,24.874698921120586,60,278.4,8.562904429248992,338,1.0207725618915142
758,mora,packing_B,T09,largo,38,G4,8.6094516797992,0.8171065078853832,1.024653908579875,False,464,423.21663732033346,9.636521602244464,0.43300703406101104,24.874698921120586,60,278.4,8.562904429248992,339,1.0108866927182132
758,mora,packing_B,T09,largo,38,G4,8.6094516797992,0.8171065078853832,1.024653908579875,False,464,423.21663732033346,9.636521602244464,0.43300703406101104,24.874698921120586,60,278.4,8.562904429248992,340,0.7143529827003701
758,mora,packing_B,T09,largo,38,G4,8.6094516797992,0.8171065078853832,1.024653908579875,False,464,423.21663732033346,9.636521602244464,0.43300703406101104,24.874698921120586,60,278.4,8.562904429248992,341,0.8849056527599017
758,mora,packing_B,T09,largo,38,G4,8.6094516797992,0.8171065078853832,1.024653908579875,False,464,423.21663732033346,9.636521602244464,0.43300703406101104,24.874698921120586,60,278.4,8.562904429248992,342,0.6813887661069766
758,mora,packing_B,T09,largo,38,G4,8.6094516797992,0.8171065078853832,1.024653908579875,False,464,423.21663732033346,9.636521602244464,0.43300703406101104,24.874698921120586,60,278.4,8.562904429248992,343,0.704885256109247
758,mora,packing_B,T09,largo,38,G4,8.6094516797992,0.8171065078853832,1.024653908579875,False,464,423.21663732033346,9.636521602244464,0.43300703406101104,24.874698921120586,60,278.4,8.562904429248992,344,0.6895448102663396
758,mora,packing_B,T09,largo,38,G4,8.6094516797992,0.8171065078853832,1.024653908579875,False,464,423.21663732033346,9.636521602244464,0.43300703406101104,24.874698921120586,60,278.4,8.562904429248992,345,0.3598173600568113
758,mora,packing_B,T09,largo,38,G4,8.6094516797992,0.8171065078853832,1.024653908579875,False,464,423.21663732033346,9.636521602244464,0.43300703406101104,24.874698921120586,60,278.4,8.562904429248992,346,0.344107469933597
758,mora,packing_B,T09,largo,38,G4,8.6094516797992,0.8171065078853832,1.024653908579875,False,464,423.21663732033346,9.636521602244464,0.43300703406101104,24.874698921120586,60,278.4,8.562904429248992,347,0.15428849635791198
758,mora,packing_B,T09,largo,38,G4,8.6094516797992,0.8171065078853832,1.024653908579875,False,464,423.21663732033346,9.636521602244464,0.43300703406101104,24.874698921120586,60,278.4,8.562904429248992,348,0.06302712998228349
758,mora,packing_B,T09,largo,38,G4,8.6094516797992,0.8171065078853832,1.024653908579875,False,464,423.21663732033346,9.636521602244464,0.43300703406101104,24.874698921120586,60,278.4,8.562904429248992,349,-0.04100320346072718
758,mora,packing_B,T09,largo,38,G4,8.6094516797992,0.8171065078853832,1.024653908579875,False,464,423.21663732033346,9.636521602244464,0.43300703406101104,24.874698921120586,60,278.4,8.562904429248992,350,0.027624366845521883
758,mora,packing_B,T09,largo,38,G4,8.6094516797992,0.8171065078853832,1.024653908579875,False,464,423.21663732033346,9.636521602244464,0.43300703406101104,24.874698921120586,60,278.4,8.562904429248992,351,-0.06496375524186412
758,mora,packing_B,T09,largo,38,G4,8.6094516797992,0.8171065078853832,1.024653908579875,False,464,423.21663732033346,9.636521602244464,0.43300703406101104,24.874698921120586,60,278.4,8.562904429248992,352,0.07256219132629618
758,mora,packing_B,T09,largo,38,G4,8.6094516797992,0.8171065078853832,1.024653908579875,False,464,423.21663732033346,9.636521602244464,0.43300703406101104,24.874698921120586,60,278.4,8.562904429248992,353,-0.14179484769450834
758,mora,packing_B,T09,largo,38,G4,8.6094516797992,0.8171065078853832,1.024653908579875,False,464,423.21663732033346,9.636521602244464,0.43300703406101104,24.874698921120586,60,278.4,8.562904429248992,354,0.03101917811573468
758,mora,packing_B,T09,largo,38,G4,8.6094516797992,0.8171065078853832,1.024653908579875,False,464,423.21663732033346,9.636521602244464,0.43300703406101104,24.874698921120586,60,278.4,8.562904429248992,355,-0.0711878565021489
758,mora,packing_B,T09,largo,38,G4,8.6094516797992,0.8171065078853832,1.024653908579875,False,464,423.21663732033346,9.636521602244464,0.43300703406101104,24.874698921120586,60,278.4,8.562904429248992,356,0.11581334697068538
758,mora,packing_B,T09,largo,38,G4,8.6094516797992,0.8171065078853832,1.024653908579875,False,464,423.21663732033346,9.636521602244464,0.43300703406101104,24.874698921120586,60,278.4,8.562904429248992,357,0.11354800872405654
758,mora,packing_B,T09,largo,38,G4,8.6094516797992,0.8171065078853832,1.024653908579875,False,464,423.21663732033346,9.636521602244464,0.43300703406101104,24.874698921120586,60,278.4,8.562904429248992,358,0.06824361537424953
758,mora,packing_B,T09,largo,38,G4,8.6094516797992,0.8171065078853832,1.024653908579875,False,464,423.21663732033346,9.636521602244464,0.43300703406101104,24.874698921120586,60,278.4,8.562904429248992,359,0.19754416347325748
758,mora,packing_B,T09,largo,38,G4,8.6094516797992,0.8171065078853832,1.024653908579875,False,464,423.21663732033346,9.636521602244464,0.43300703406101104,24.874698921120586,60,278.4,8.562904429248992,360,0.5187824566640363
758,mora,packing_B,T09,largo,38,G4,8.6094516797992,0.8171065078853832,1.024653908579875,False,464,423.21663732033346,9.636521602244464,0.43300703406101104,24.874698921120586,60,278.4,8.562904429248992,361,0.6100878843493017
758,mora,packing_B,T09,largo,38,G4,8.6094516797992,0.8171065078853832,1.024653908579875,False,464,423.21663732033346,9.636521602244464,0.43300703406101104,24.874698921120586,60,278.4,8.562904429248992,362,0.5280596421292595
758,mora,packing_B,T09,largo,38,G4,8.6094516797992,0.8171065078853832,1.024653908579875,False,464,423.21663732033346,9.636521602244464,0.43300703406101104,24.874698921120586,60,278.4,8.562904429248992,363,0.754337687573355
758,mora,packing_B,T09,largo,38,G4,8.6094516797992,0.8171065078853832,1.024653908579875,False,464,423.21663732033346,9.636521602244464,0.43300703406101104,24.874698921120586,60,278.4,8.562904429248992,364,0.7993953105661383
758,mora,packing_B,T09,largo,38,G4,8.6094516797992,0.8171065078853832,1.024653908579875,False,464,423.21663732033346,9.636521602244464,0.43300703406101104,24.874698921120586,60,278.4,8.562904429248992,365,1.025758889017347
758,mora,packing_B,T09,largo,38,G4,8.6094516797992,0.8171065078853832,1.024653908579875,False,464,423.21663732033346,9.636521602244464,0.43300703406101104,24.874698921120586,60,278.4,8.562904429248992,366,0.8186761002517053
758,mora,packing_B,T09,largo,38,G4,8.6094516797992,0.8171065078853832,1.024653908579875,False,464,423.21663732033346,9.636521602244464,0.43300703406101104,24.874698921120586,60,278.4,8.562904429248992,367,0.8553138201765043
758,mora,packing_B,T09,largo,38,G4,8.6094516797992,0.8171065078853832,1.024653908579875,False,464,423.21663732033346,9.636521602244464,0.43300703406101104,24.874698921120586,60,278.4,8.562904429248992,368,1.2052728874260619
758,mora,packing_B,T09,largo,38,G4,8.6094516797992,0.8171065078853832,1.024653908579875,False,464,423.21663732033346,9.636521602244464,0.43300703406101104,24.874698921120586,60,278.4,8.562904429248992,369,0.969876942600823
758,mora,packing_B,T09,largo,38,G4,8.6094516797992,0.8171065078853832,1.024653908579875,False,464,423.21663732033346,9.636521602244464,0.43300703406101104,24.874698921120586,60,278.4,8.562904429248992,370,0.8244002608754927
758,mora,packing_B,T09,largo,38,G4,8.6094516797992,0.8171065078853832,1.024653908579875,False,464,423.21663732033346,9.636521602244464,0.43300703406101104,24.874698921120586,60,278.4,8.562904429248992,371,0.9247854823261176
758,mora,packing_B,T09,largo,38,G4,8.6094516797992,0.8171065078853832,1.024653908579875,False,464,423.21663732033346,9.636521602244464,0.43300703406101104,24.874698921120586,60,278.4,8.562904429248992,372,0.6618653669314001
758,mora,packing_B,T09,largo,38,G4,8.6094516797992,0.8171065078853832,1.024653908579875,False,464,423.21663732033346,9.636521602244464,0.43300703406101104,24.874698921120586,60,278.4,8.562904429248992,373,0.7690551078801164
758,mora,packing_B,T09,largo,38,G4,8.6094516797992,0.8171065078853832,1.024653908579875,False,464,423.21663732033346,9.636521602244464,0.43300703406101104,24.874698921120586,60,278.4,8.562904429248992,374,0.48330203040934205
758,mora,packing_B,T09,largo,38,G4,8.6094516797992,0.8171065078853832,1.024653908579875,False,464,423.21663732033346,9.636521602244464,0.43300703406101104,24.874698921120586,60,278.4,8.562904429248992,375,0.39239952003656164
758,mora,packing_B,T09,largo,38,G4,8.6094516797992,0.8171065078853832,1.024653908579875,False,464,423.21663732033346,9.636521602244464,0.43300703406101104,24.874698921120586,60,278.4,8.562904429248992,376,0.3545207647215115
758,mora,packing_B,T09,largo,38,G4,8.6094516797992,0.8171065078853832,1.024653908579875,False,464,423.21663732033346,9.636521602244464,0.43300703406101104,24.874698921120586,60,278.4,8.562904429248992,377,0.19017078526174455
758,mora,packing_B,T09,largo,38,G4,8.6094516797992,0.8171065078853832,1.024653908579875,False,464,423.21663732033346,9.636521602244464,0.43300703406101104,24.874698921120586,60,278.4,8.562904429248992,378,0.13181722585959071
758,mora,packing_B,T09,largo,38,G4,8.6094516797992,0.8171065078853832,1.024653908579875,False,464,423.21663732033346,9.636521602244464,0.43300703406101104,24.874698921120586,60,278.4,8.562904429248992,379,0.15331539650181097
758,mora,packing_B,T09,largo,38,G4,8.6094516797992,0.8171065078853832,1.024653908579875,False,464,423.21663732033346,9.636521602244464,0.43300703406101104,24.874698921120586,60,278.4,8.562904429248992,380,-0.029522486871071403
758,mora,packing_B,T09,largo,38,G4,8.6094516797992,0.8171065078853832,1.024653908579875,False,464,423.21663732033346,9.636521602244464,0.43300703406101104,24.874698921120586,60,278.4,8.562904429248992,381,-0.1776416951511989
758,mora,packing_B,T09,largo,38,G4,8.6094516797992,0.8171065078853832,1.024653908579875,False,464,423.21663732033346,9.636521602244464,0.43300703406101104,24.874698921120586,60,278.4,8.562904429248992,382,-0.006020900873274886
758,mora,packing_B,T09,largo,38,G4,8.6094516797992,0.8171065078853832,1.024653908579875,False,464,423.21663732033346,9.636521602244464,0.43300703406101104,24.874698921120586,60,278.4,8.562904429248992,383,-0.014604507815603768
758,mora,packing_B,T09,largo,38,G4,8.6094516797992,0.8171065078853832,1.024653908579875,False,464,423.21663732033346,9.636521602244464,0.43300703406101104,24.874698921120586,60,278.4,8.562904429248992,384,-0.11074190398979974
758,mora,packing_B,T09,largo,38,G4,8.6094516797992,0.8171065078853832,1.024653908579875,False,464,423.21663732033346,9.636521602244464,0.43300703406101104,24.874698921120586,60,278.4,8.562904429248992,385,-0.0715301743017927
758,mora,packing_B,T09,largo,38,G4,8.6094516797992,0.8171065078853832,1.024653908579875,False,464,423.21663732033346,9.636521602244464,0.43300703406101104,24.874698921120586,60,278.4,8.562904429248992,386,0.10508548157292738
758,mora,packing_B,T09,largo,38,G4,8.6094516797992,0.8171065078853832,1.024653908579875,False,464,423.21663732033346,9.636521602244464,0.43300703406101104,24.874698921120586,60,278.4,8.562904429248992,387,0.15711924872638117
758,mora,packing_B,T09,largo,38,G4,8.6094516797992,0.8171065078853832,1.024653908579875,False,464,423.21663732033346,9.636521602244464,0.43300703406101104,24.874698921120586,60,278.4,8.562904429248992,388,0.3928875890903994
758,mora,packing_B,T09,largo,38,G4,8.6094516797992,0.8171065078853832,1.024653908579875,False,464,423.21663732033346,9.636521602244464,0.43300703406101104,24.874698921120586,60,278.4,8.562904429248992,389,0.39002779057424153
758,mora,packing_B,T09,largo,38,G4,8.6094516797992,0.8171065078853832,1.024653908579875,False,464,423.21663732033346,9.636521602244464,0.43300703406101104,24.874698921120586,60,278.4,8.562904429248992,390,0.45180023540591524
758,mora,packing_B,T09,largo,38,G4,8.6094516797992,0.8171065078853832,1.024653908579875,False,464,423.21663732033346,9.636521602244464,0.43300703406101104,24.874698921120586,60,278.4,8.562904429248992,391,0.7019317344426577
758,mora,packing_B,T09,largo,38,G4,8.6094516797992,0.8171065078853832,1.024653908579875,False,464,423.21663732033346,9.636521602244464,0.43300703406101104,24.874698921120586,60,278.4,8.562904429248992,392,0.6070773206999034
758,mora,packing_B,T09,largo,38,G4,8.6094516797992,0.8171065078853832,1.024653908579875,False,464,423.21663732033346,9.636521602244464,0.43300703406101104,24.874698921120586,60,278.4,8.562904429248992,393,0.7809217255828915
758,mora,packing_B,T09,largo,38,G4,8.6094516797992,0.8171065078853832,1.024653908579875,False,464,423.21663732033346,9.636521602244464,0.43300703406101104,24.874698921120586,60,278.4,8.562904429248992,394,0.8123820157967924
758,mora,packing_B,T09,largo,38,G4,8.6094516797992,0.8171065078853832,1.024653908579875,False,464,423.21663732033346,9.636521602244464,0.43300703406101104,24.874698921120586,60,278.4,8.562904429248992,395,0.8471880223465691
758,mora,packing_B,T09,largo,38,G4,8.6094516797992,0.8171065078853832,1.024653908579875,False,464,423.21663732033346,9.636521602244464,0.43300703406101104,24.874698921120586,60,278.4,8.562904429248992,396,1.074437038784845
758,mora,packing_B,T09,largo,38,G4,8.6094516797992,0.8171065078853832,1.024653908579875,False,464,423.21663732033346,9.636521602244464,0.43300703406101104,24.874698921120586,60,278.4,8.562904429248992,397,1.1265481597046196
758,mora,packing_B,T09,largo,38,G4,8.6094516797992,0.8171065078853832,1.024653908579875,False,464,423.21663732033346,9.636521602244464,0.43300703406101104,24.874698921120586,60,278.4,8.562904429248992,398,0.8844423361087471
758,mora,packing_B,T09,largo,38,G4,8.6094516797992,0.8171065078853832,1.024653908579875,False,464,423.21663732033346,9.636521602244464,0.43300703406101104,24.874698921120586,60,278.4,8.562904429248992,399,0.7523516420512057
758,mora,packing_B,T09,largo,38,G4,8.6094516797992,0.8171065078853832,1.024653908579875,False,464,423.21663732033346,9.636521602244464,0.43300703406101104,24.874698921120586,60,278.4,8.562904429248992,400,1.0351254848918827
758,mora,packing_B,T09,largo,38,G4,8.6094516797992,0.8171065078853832,1.024653908579875,False,464,423.21663732033346,9.636521602244464,0.43300703406101104,24.874698921120586,60,278.4,8.562904429248992,401,0.8009282425347682
758,mora,packing_B,T09,largo,38,G4,8.6094516797992,0.8171065078853832,1.024653908579875,False,464,423.21663732033346,9.636521602244464,0.43300703406101104,24.874698921120586,60,278.4,8.562904429248992,402,0.6805861387423544
758,mora,packing_B,T09,largo,38,G4,8.6094516797992,0.8171065078853832,1.024653908579875,False,464,423.21663732033346,9.636521602244464,0.43300703406101104,24.874698921120586,60,278.4,8.562904429248992,403,0.5686690537145239
758,mora,packing_B,T09,largo,38,G4,8.6094516797992,0.8171065078853832,1.024653908579875,False,464,423.21663732033346,9.636521602244464,0.43300703406101104,24.874698921120586,60,278.4,8.562904429248992,404,0.6880376766636909
758,mora,packing_B,T09,largo,38,G4,8.6094516797992,0.8171065078853832,1.024653908579875,False,464,423.21663732033346,9.636521602244464,0.43300703406101104,24.874698921120586,60,278.4,8.562904429248992,405,0.5512591466734972
758,mora,packing_B,T09,largo,38,G4,8.6094516797992,0.8171065078853832,1.024653908579875,False,464,423.21663732033346,9.636521602244464,0.43300703406101104,24.874698921120586,60,278.4,8.562904429248992,406,0.287499872786191
758,mora,packing_B,T09,largo,38,G4,8.6094516797992,0.8171065078853832,1.024653908579875,False,464,423.21663732033346,9.636521602244464,0.43300703406101104,24.874698921120586,60,278.4,8.562904429248992,407,0.12320539214496547
758,mora,packing_B,T09,largo,38,G4,8.6094516797992,0.8171065078853832,1.024653908579875,False,464,423.21663732033346,9.636521602244464,0.43300703406101104,24.874698921120586,60,278.4,8.562904429248992,408,0.2440582435610245
758,mora,packing_B,T09,largo,38,G4,8.6094516797992,0.8171065078853832,1.024653908579875,False,464,423.21663732033346,9.636521602244464,0.43300703406101104,24.874698921120586,60,278.4,8.562904429248992,409,-0.011210131255132774
758,mora,packing_B,T09,largo,38,G4,8.6094516797992,0.8171065078853832,1.024653908579875,False,464,423.21663732033346,9.636521602244464,0.43300703406101104,24.874698921120586,60,278.4,8.562904429248992,410,0.027562662788004635
758,mora,packing_B,T09,largo,38,G4,8.6094516797992,0.8171065078853832,1.024653908579875,False,464,423.21663732033346,9.636521602244464,0.43300703406101104,24.874698921120586,60,278.4,8.562904429248992,411,-0.2282241650523934
758,mora,packing_B,T09,largo,38,G4,8.6094516797992,0.8171065078853832,1.024653908579875,False,464,423.21663732033346,9.636521602244464,0.43300703406101104,24.874698921120586,60,278.4,8.562904429248992,412,0.1343716055890915
758,mora,packing_B,T09,largo,38,G4,8.6094516797992,0.8171065078853832,1.024653908579875,False,464,423.21663732033346,9.636521602244464,0.43300703406101104,24.874698921120586,60,278.4,8.562904429248992,413,-0.05427405040640357
758,mora,packing_B,T09,largo,38,G4,8.6094516797992,0.8171065078853832,1.024653908579875,False,464,423.21663732033346,9.636521602244464,0.43300703406101104,24.874698921120586,60,278.4,8.562904429248992,414,-0.032522369307604965
758,mora,packing_B,T09,largo,38,G4,8.6094516797992,0.8171065078853832,1.024653908579875,False,464,423.21663732033346,9.636521602244464,0.43300703406101104,24.874698921120586,60,278.4,8.562904429248992,415,-0.026637563109771355
758,mora,packing_B,T09,largo,38,G4,8.6094516797992,0.8171065078853832,1.024653908579875,False,464,423.21663732033346,9.636521602244464,0.43300703406101104,24.874698921120586,60,278.4,8.562904429248992,416,0.10056128124472047
758,mora,packing_B,T09,largo,38,G4,8.6094516797992,0.8171065078853832,1.024653908579875,False,464,423.21663732033346,9.636521602244464,0.43300703406101104,24.874698921120586,60,278.4,8.562904429248992,417,0.09422397427592843
758,mora,packing_B,T09,largo,38,G4,8.6094516797992,0.8171065078853832,1.024653908579875,False,464,423.21663732033346,9.636521602244464,0.43300703406101104,24.874698921120586,60,278.4,8.562904429248992,418,0.23516637212448638
758,mora,packing_B,T09,largo,38,G4,8.6094516797992,0.8171065078853832,1.024653908579875,False,464,423.21663732033346,9.636521602244464,0.43300703406101104,24.874698921120586,60,278.4,8.562904429248992,419,0.2698547461445035
758,mora,packing_B,T09,largo,38,G4,8.6094516797992,0.8171065078853832,1.024653908579875,False,464,423.21663732033346,9.636521602244464,0.43300703406101104,24.874698921120586,60,278.4,8.562904429248992,420,0.3360174216539221
758,mora,packing_B,T09,largo,38,G4,8.6094516797992,0.8171065078853832,1.024653908579875,False,464,423.21663732033346,9.636521602244464,0.43300703406101104,24.874698921120586,60,278.4,8.562904429248992,421,0.4608725405677484
758,mora,packing_B,T09,largo,38,G4,8.6094516797992,0.8171065078853832,1.024653908579875,False,464,423.21663732033346,9.636521602244464,0.43300703406101104,24.874698921120586,60,278.4,8.562904429248992,422,0.6733878979988451
758,mora,packing_B,T09,largo,38,G4,8.6094516797992,0.8171065078853832,1.024653908579875,False,464,423.21663732033346,9.636521602244464,0.43300703406101104,24.874698921120586,60,278.4,8.562904429248992,423,0.7605656533548819
758,mora,packing_B,T09,largo,38,G4,8.6094516797992,0.8171065078853832,1.024653908579875,False,464,423.21663732033346,9.636521602244464,0.43300703406101104,24.874698921120586,60,278.4,8.562904429248992,424,0.8635328992490245
758,mora,packing_B,T09,largo,38,G4,8.6094516797992,0.8171065078853832,1.024653908579875,False,464,423.21663732033346,9.636521602244464,0.43300703406101104,24.874698921120586,60,278.4,8.562904429248992,425,0.8202829584288672
758,mora,packing_B,T09,largo,38,G4,8.6094516797992,0.8171065078853832,1.024653908579875,False,464,423.21663732033346,9.636521602244464,0.43300703406101104,24.874698921120586,60,278.4,8.562904429248992,426,0.9357929934392298
758,mora,packing_B,T09,largo,38,G4,8.6094516797992,0.8171065078853832,1.024653908579875,False,464,423.21663732033346,9.636521602244464,0.43300703406101104,24.874698921120586,60,278.4,8.562904429248992,427,0.9008170045614465
758,mora,packing_B,T09,largo,38,G4,8.6094516797992,0.8171065078853832,1.024653908579875,False,464,423.21663732033346,9.636521602244464,0.43300703406101104,24.874698921120586,60,278.4,8.562904429248992,428,0.7907602010290719
758,mora,packing_B,T09,largo,38,G4,8.6094516797992,0.8171065078853832,1.024653908579875,False,464,423.21663732033346,9.636521602244464,0.43300703406101104,24.874698921120586,60,278.4,8.562904429248992,429,0.9989537440263917
758,mora,packing_B,T09,largo,38,G4,8.6094516797992,0.8171065078853832,1.024653908579875,False,464,423.21663732033346,9.636521602244464,0.43300703406101104,24.874698921120586,60,278.4,8.562904429248992,430,0.8734316448733177
758,mora,packing_B,T09,largo,38,G4,8.6094516797992,0.8171065078853832,1.024653908579875,False,464,423.21663732033346,9.636521602244464,0.43300703406101104,24.874698921120586,60,278.4,8.562904429248992,431,0.9341173289431818
758,mora,packing_B,T09,largo,38,G4,8.6094516797992,0.8171065078853832,1.024653908579875,False,464,423.21663732033346,9.636521602244464,0.43300703406101104,24.874698921120586,60,278.4,8.562904429248992,432,0.8539812181367654
758,mora,packing_B,T09,largo,38,G4,8.6094516797992,0.8171065078853832,1.024653908579875,False,464,423.21663732033346,9.636521602244464,0.43300703406101104,24.874698921120586,60,278.4,8.562904429248992,433,0.6602684298815826
758,mora,packing_B,T09,largo,38,G4,8.6094516797992,0.8171065078853832,1.024653908579875,False,464,423.21663732033346,9.636521602244464,0.43300703406101104,24.874698921120586,60,278.4,8.562904429248992,434,0.6752648275928597
758,mora,packing_B,T09,largo,38,G4,8.6094516797992,0.8171065078853832,1.024653908579875,False,464,423.21663732033346,9.636521602244464,0.43300703406101104,24.874698921120586,60,278.4,8.562904429248992,435,0.42635396309492085
758,mora,packing_B,T09,largo,38,G4,8.6094516797992,0.8171065078853832,1.024653908579875,False,464,423.21663732033346,9.636521602244464,0.43300703406101104,24.874698921120586,60,278.4,8.562904429248992,436,0.1807113052393051
758,mora,packing_B,T09,largo,38,G4,8.6094516797992,0.8171065078853832,1.024653908579875,False,464,423.21663732033346,9.636521602244464,0.43300703406101104,24.874698921120586,60,278.4,8.562904429248992,437,0.2374992865890026
758,mora,packing_B,T09,largo,38,G4,8.6094516797992,0.8171065078853832,1.024653908579875,False,464,423.21663732033346,9.636521602244464,0.43300703406101104,24.874698921120586,60,278.4,8.562904429248992,438,0.18369049661515655
758,mora,packing_B,T09,largo,38,G4,8.6094516797992,0.8171065078853832,1.024653908579875,False,464,423.21663732033346,9.636521602244464,0.43300703406101104,24.874698921120586,60,278.4,8.562904429248992,439,0.02568098482654088
758,mora,packing_B,T09,largo,38,G4,8.6094516797992,0.8171065078853832,1.024653908579875,False,464,423.21663732033346,9.636521602244464,0.43300703406101104,24.874698921120586,60,278.4,8.562904429248992,440,-0.004265347411805245
758,mora,packing_B,T09,largo,38,G4,8.6094516797992,0.8171065078853832,1.024653908579875,False,464,423.21663732033346,9.636521602244464,0.43300703406101104,24.874698921120586,60,278.4,8.562904429248992,441,-0.039881176402327745
758,mora,packing_B,T09,largo,38,G4,8.6094516797992,0.8171065078853832,1.024653908579875,False,464,423.21663732033346,9.636521602244464,0.43300703406101104,24.874698921120586,60,278.4,8.562904429248992,442,-0.13443405509996798
758,mora,packing_B,T09,largo,38,G4,8.6094516797992,0.8171065078853832,1.024653908579875,False,464,423.21663732033346,9.636521602244464,0.43300703406101104,24.874698921120586,60,278.4,8.562904429248992,443,-0.04071525681170834
758,mora,packing_B,T09,largo,38,G4,8.6094516797992,0.8171065078853832,1.024653908579875,False,464,423.21663732033346,9.636521602244464,0.43300703406101104,24.874698921120586,60,278.4,8.562904429248992,444,-0.06977922052666596
758,mora,packing_B,T09,largo,38,G4,8.6094516797992,0.8171065078853832,1.024653908579875,False,464,423.21663732033346,9.636521602244464,0.43300703406101104,24.874698921120586,60,278.4,8.562904429248992,445,-0.03381579674746159
758,mora,packing_B,T09,largo,38,G4,8.6094516797992,0.8171065078853832,1.024653908579875,False,464,423.21663732033346,9.636521602244464,0.43300703406101104,24.874698921120586,60,278.4,8.562904429248992,446,0.15355290841412167
758,mora,packing_B,T09,largo,38,G4,8.6094516797992,0.8171065078853832,1.024653908579875,False,464,423.21663732033346,9.636521602244464,0.43300703406101104,24.874698921120586,60,278.4,8.562904429248992,447,0.18562543095023507
758,mora,packing_B,T09,largo,38,G4,8.6094516797992,0.8171065078853832,1.024653908579875,False,464,423.21663732033346,9.636521602244464,0.43300703406101104,24.874698921120586,60,278.4,8.562904429248992,448,0.15538845992192174
758,mora,packing_B,T09,largo,38,G4,8.6094516797992,0.8171065078853832,1.024653908579875,False,464,423.21663732033346,9.636521602244464,0.43300703406101104,24.874698921120586,60,278.4,8.562904429248992,449,0.325842665974149
758,mora,packing_B,T09,largo,38,G4,8.6094516797992,0.8171065078853832,1.024653908579875,False,464,423.21663732033346,9.636521602244464,0.43300703406101104,24.874698921120586,60,278.4,8.562904429248992,450,0.33597188412962314
758,mora,packing_B,T09,largo,38,G4,8.6094516797992,0.8171065078853832,1.024653908579875,False,464,423.21663732033346,9.636521602244464,0.43300703406101104,24.874698921120586,60,278.4,8.562904429248992,451,0.5531491185582481
758,mora,packing_B,T09,largo,38,G4,8.6094516797992,0.8171065078853832,1.024653908579875,False,464,423.21663732033346,9.636521602244464,0.43300703406101104,24.874698921120586,60,278.4,8.562904429248992,452,0.5648722376619474
758,mora,packing_B,T09,largo,38,G4,8.6094516797992,0.8171065078853832,1.024653908579875,False,464,423.21663732033346,9.636521602244464,0.43300703406101104,24.874698921120586,60,278.4,8.562904429248992,453,0.6598123354960082
758,mora,packing_B,T09,largo,38,G4,8.6094516797992,0.8171065078853832,1.024653908579875,False,464,423.21663732033346,9.636521602244464,0.43300703406101104,24.874698921120586,60,278.4,8.562904429248992,454,0.8687022419072212
758,mora,packing_B,T09,largo,38,G4,8.6094516797992,0.8171065078853832,1.024653908579875,False,464,423.21663732033346,9.636521602244464,0.43300703406101104,24.874698921120586,60,278.4,8.562904429248992,455,0.8432224001783918
758,mora,packing_B,T09,largo,38,G4,8.6094516797992,0.8171065078853832,1.024653908579875,False,464,423.21663732033346,9.636521602244464,0.43300703406101104,24.874698921120586,60,278.4,8.562904429248992,456,0.9794163257376026
758,mora,packing_B,T09,largo,38,G4,8.6094516797992,0.8171065078853832,1.024653908579875,False,464,423.21663732033346,9.636521602244464,0.43300703406101104,24.874698921120586,60,278.4,8.562904429248992,457,0.904612598833092
758,mora,packing_B,T09,largo,38,G4,8.6094516797992,0.8171065078853832,1.024653908579875,False,464,423.21663732033346,9.636521602244464,0.43300703406101104,24.874698921120586,60,278.4,8.562904429248992,458,0.9163392444519015
758,mora,packing_B,T09,largo,38,G4,8.6094516797992,0.8171065078853832,1.024653908579875,False,464,423.21663732033346,9.636521602244464,0.43300703406101104,24.874698921120586,60,278.4,8.562904429248992,459,0.7533084739574882
758,mora,packing_B,T09,largo,38,G4,8.6094516797992,0.8171065078853832,1.024653908579875,False,464,423.21663732033346,9.636521602244464,0.43300703406101104,24.874698921120586,60,278.4,8.562904429248992,460,0.8836185698790519
758,mora,packing_B,T09,largo,38,G4,8.6094516797992,0.8171065078853832,1.024653908579875,False,464,423.21663732033346,9.636521602244464,0.43300703406101104,24.874698921120586,60,278.4,8.562904429248992,461,0.8908404564572002
758,mora,packing_B,T09,largo,38,G4,8.6094516797992,0.8171065078853832,1.024653908579875,False,464,423.21663732033346,9.636521602244464,0.43300703406101104,24.874698921120586,60,278.4,8.562904429248992,462,0.5102281305882859
758,mora,packing_B,T09,largo,38,G4,8.6094516797992,0.8171065078853832,1.024653908579875,False,464,423.21663732033346,9.636521602244464,0.43300703406101104,24.874698921120586,60,278.4,8.562904429248992,463,0.4869217050905905
