proceso_id,epoca,packing,tunel,tipo_tunel,iteracion,mass_group,masa_ton,ocupabilidad,caudal_factor,anomalia_duracion,duracion_min,duracion_esperada_min,delta_duracion_pct,setpoint,T0,pct_transitorio,t_trans_min,overshoot_pct,tiempo_min,temperatura
3016,mixtura,packing_B,T06,largo,16,G3,6.458423450334968,0.8642074114653857,0.8587254693722532,False,448,434.21190815130285,3.1754292293367126,0.004943339105007216,24.2819567646548,60,268.8,11.225705266962406,0,23.948182580431755
3016,mixtura,packing_B,T06,largo,16,G3,6.458423450334968,0.8642074114653857,0.8587254693722532,False,448,434.21190815130285,3.1754292293367126,0.004943339105007216,24.2819567646548,60,268.8,11.225705266962406,1,24.012517041586182
3016,mixtura,packing_B,T06,largo,16,G3,6.458423450334968,0.8642074114653857,0.8587254693722532,False,448,434.21190815130285,3.1754292293367126,0.004943339105007216,24.2819567646548,60,268.8,11.225705266962406,2,23.701115588360043
3016,mixtura,packing_B,T06,largo,16,G3,6.458423450334968,0.8642074114653857,0.8587254693722532,False,448,434.21190815130285,3.1754292293367126,0.004943339105007216,24.2819567646548,60,268.8,11.225705266962406,3,23.75574607406318
3016,mixtura,packing_B,T06,largo,16,G3,6.458423450334968,0.8642074114653857,0.8587254693722532,False,448,434.21190815130285,3.1754292293367126,0.004943339105007216,24.2819567646548,60,268.8,11.225705266962406,4,23.310593326301472
3016,mixtura,packing_B,T06,largo,16,G3,6.458423450334968,0.8642074114653857,0.8587254693722532,False,448,434.21190815130285,3.1754292293367126,0.004943339105007216,24.2819567646548,60,268.8,11.225705266962406,5,23.240713951768665
3016,mixtura,packing_B,T06,largo,16,G3,6.458423450334968,0.8642074114653857,0.8587254693722532,False,448,434.21190815130285,3.1754292293367126,0.004943339105007216,24.2819567646548,60,268.8,11.225705266962406,6,22.997703967240362
3016,mixtura,packing_B,T06,largo,16,G3,6.458423450334968,0.8642074114653857,0.8587254693722532,False,448,434.21190815130285,3.1754292293367126,0.004943339105007216,24.2819567646548,60,268.8,11.225705266962406,7,22.71663646932401
3016,mixtura,packing_B,T06,largo,16,G3,6.458423450334968,0.8642074114653857,0.8587254693722532,False,448,434.21190815130285,3.1754292293367126,0.004943339105007216,24.2819567646548,60,268.8,11.225705266962406,8,22.305223715527326
3016,mixtura,packing_B,T06,largo,16,G3,6.458423450334968,0.8642074114653857,0.8587254693722532,False,448,434.21190815130285,3.1754292293367126,0.004943339105007216,24.2819567646548,60,268.8,11.225705266962406,9,22.23881755631174
3016,mixtura,packing_B,T06,largo,16,G3,6.458423450334968,0.8642074114653857,0.8587254693722532,False,448,434.21190815130285,3.1754292293367126,0.004943339105007216,24.2819567646548,60,268.8,11.225705266962406,10,21.854199861815086
3016,mixtura,packing_B,T06,largo,16,G3,6.458423450334968,0.8642074114653857,0.8587254693722532,False,448,434.21190815130285,3.1754292293367126,0.004943339105007216,24.2819567646548,60,268.8,11.225705266962406,11,21.355157984184004
3016,mixtura,packing_B,T06,largo,16,G3,6.458423450334968,0.8642074114653857,0.8587254693722532,False,448,434.21190815130285,3.1754292293367126,0.004943339105007216,24.2819567646548,60,268.8,11.225705266962406,12,21.202009238440912
3016,mixtura,packing_B,T06,largo,16,G3,6.458423450334968,0.8642074114653857,0.8587254693722532,False,448,434.21190815130285,3.1754292293367126,0.004943339105007216,24.2819567646548,60,268.8,11.225705266962406,13,21.020949053264935
3016,mixtura,packing_B,T06,largo,16,G3,6.458423450334968,0.8642074114653857,0.8587254693722532,False,448,434.21190815130285,3.1754292293367126,0.004943339105007216,24.2819567646548,60,268.8,11.225705266962406,14,20.573226594853388
3016,mixtura,packing_B,T06,largo,16,G3,6.458423450334968,0.8642074114653857,0.8587254693722532,False,448,434.21190815130285,3.1754292293367126,0.004943339105007216,24.2819567646548,60,268.8,11.225705266962406,15,20.536096524734436
3016,mixtura,packing_B,T06,largo,16,G3,6.458423450334968,0.8642074114653857,0.8587254693722532,False,448,434.21190815130285,3.1754292293367126,0.004943339105007216,24.2819567646548,60,268.8,11.225705266962406,16,20.000783239454112
3016,mixtura,packing_B,T06,largo,16,G3,6.458423450334968,0.8642074114653857,0.8587254693722532,False,448,434.21190815130285,3.1754292293367126,0.004943339105007216,24.2819567646548,60,268.8,11.225705266962406,17,19.73599681653875
3016,mixtura,packing_B,T06,largo,16,G3,6.458423450334968,0.8642074114653857,0.8587254693722532,False,448,434.21190815130285,3.1754292293367126,0.004943339105007216,24.2819567646548,60,268.8,11.225705266962406,18,19.40352779565748
3016,mixtura,packing_B,T06,largo,16,G3,6.458423450334968,0.8642074114653857,0.8587254693722532,False,448,434.21190815130285,3.1754292293367126,0.004943339105007216,24.2819567646548,60,268.8,11.225705266962406,19,19.30215490564335
3016,mixtura,packing_B,T06,largo,16,G3,6.458423450334968,0.8642074114653857,0.8587254693722532,False,448,434.21190815130285,3.1754292293367126,0.004943339105007216,24.2819567646548,60,268.8,11.225705266962406,20,18.837791064496813
3016,mixtura,packing_B,T06,largo,16,G3,6.458423450334968,0.8642074114653857,0.8587254693722532,False,448,434.21190815130285,3.1754292293367126,0.004943339105007216,24.2819567646548,60,268.8,11.225705266962406,21,18.701590951486107
3016,mixtura,packing_B,T06,largo,16,G3,6.458423450334968,0.8642074114653857,0.8587254693722532,False,448,434.21190815130285,3.1754292293367126,0.004943339105007216,24.2819567646548,60,268.8,11.225705266962406,22,18.458660319974367
3016,mixtura,packing_B,T06,largo,16,G3,6.458423450334968,0.8642074114653857,0.8587254693722532,False,448,434.21190815130285,3.1754292293367126,0.004943339105007216,24.2819567646548,60,268.8,11.225705266962406,23,17.953212650932002
3016,mixtura,packing_B,T06,largo,16,G3,6.458423450334968,0.8642074114653857,0.8587254693722532,False,448,434.21190815130285,3.1754292293367126,0.004943339105007216,24.2819567646548,60,268.8,11.225705266962406,24,17.70064336668819
3016,mixtura,packing_B,T06,largo,16,G3,6.458423450334968,0.8642074114653857,0.8587254693722532,False,448,434.21190815130285,3.1754292293367126,0.004943339105007216,24.2819567646548,60,268.8,11.225705266962406,25,17.38651926633793
3016,mixtura,packing_B,T06,largo,16,G3,6.458423450334968,0.8642074114653857,0.8587254693722532,False,448,434.21190815130285,3.1754292293367126,0.004943339105007216,24.2819567646548,60,268.8,11.225705266962406,26,17.15312934969562
3016,mixtura,packing_B,T06,largo,16,G3,6.458423450334968,0.8642074114653857,0.8587254693722532,False,448,434.21190815130285,3.1754292293367126,0.004943339105007216,24.2819567646548,60,268.8,11.225705266962406,27,16.666233256068644
3016,mixtura,packing_B,T06,largo,16,G3,6.458423450334968,0.8642074114653857,0.8587254693722532,False,448,434.21190815130285,3.1754292293367126,0.004943339105007216,24.2819567646548,60,268.8,11.225705266962406,28,16.471293752111606
3016,mixtura,packing_B,T06,largo,16,G3,6.458423450334968,0.8642074114653857,0.8587254693722532,False,448,434.21190815130285,3.1754292293367126,0.004943339105007216,24.2819567646548,60,268.8,11.225705266962406,29,16.388819518642965
3016,mixtura,packing_B,T06,largo,16,G3,6.458423450334968,0.8642074114653857,0.8587254693722532,False,448,434.21190815130285,3.1754292293367126,0.004943339105007216,24.2819567646548,60,268.8,11.225705266962406,30,15.78664470824636
3016,mixtura,packing_B,T06,largo,16,G3,6.458423450334968,0.8642074114653857,0.8587254693722532,False,448,434.21190815130285,3.1754292293367126,0.004943339105007216,24.2819567646548,60,268.8,11.225705266962406,31,15.697971795114238
3016,mixtura,packing_B,T06,largo,16,G3,6.458423450334968,0.8642074114653857,0.8587254693722532,False,448,434.21190815130285,3.1754292293367126,0.004943339105007216,24.2819567646548,60,268.8,11.225705266962406,32,15.280613709309913
3016,mixtura,packing_B,T06,largo,16,G3,6.458423450334968,0.8642074114653857,0.8587254693722532,False,448,434.21190815130285,3.1754292293367126,0.004943339105007216,24.2819567646548,60,268.8,11.225705266962406,33,15.044580315784497
3016,mixtura,packing_B,T06,largo,16,G3,6.458423450334968,0.8642074114653857,0.8587254693722532,False,448,434.21190815130285,3.1754292293367126,0.004943339105007216,24.2819567646548,60,268.8,11.225705266962406,34,14.660035247845274
3016,mixtura,packing_B,T06,largo,16,G3,6.458423450334968,0.8642074114653857,0.8587254693722532,False,448,434.21190815130285,3.1754292293367126,0.004943339105007216,24.2819567646548,60,268.8,11.225705266962406,35,14.22183596831378
3016,mixtura,packing_B,T06,largo,16,G3,6.458423450334968,0.8642074114653857,0.8587254693722532,False,448,434.21190815130285,3.1754292293367126,0.004943339105007216,24.2819567646548,60,268.8,11.225705266962406,36,13.951912039650823
3016,mixtura,packing_B,T06,largo,16,G3,6.458423450334968,0.8642074114653857,0.8587254693722532,False,448,434.21190815130285,3.1754292293367126,0.004943339105007216,24.2819567646548,60,268.8,11.225705266962406,37,13.592516000634012
3016,mixtura,packing_B,T06,largo,16,G3,6.458423450334968,0.8642074114653857,0.8587254693722532,False,448,434.21190815130285,3.1754292293367126,0.004943339105007216,24.2819567646548,60,268.8,11.225705266962406,38,13.442215369080238
3016,mixtura,packing_B,T06,largo,16,G3,6.458423450334968,0.8642074114653857,0.8587254693722532,False,448,434.21190815130285,3.1754292293367126,0.004943339105007216,24.2819567646548,60,268.8,11.225705266962406,39,13.157637891413415
3016,mixtura,packing_B,T06,largo,16,G3,6.458423450334968,0.8642074114653857,0.8587254693722532,False,448,434.21190815130285,3.1754292293367126,0.004943339105007216,24.2819567646548,60,268.8,11.225705266962406,40,12.664595803885687
3016,mixtura,packing_B,T06,largo,16,G3,6.458423450334968,0.8642074114653857,0.8587254693722532,False,448,434.21190815130285,3.1754292293367126,0.004943339105007216,24.2819567646548,60,268.8,11.225705266962406,41,12.255051413654634
3016,mixtura,packing_B,T06,largo,16,G3,6.458423450334968,0.8642074114653857,0.8587254693722532,False,448,434.21190815130285,3.1754292293367126,0.004943339105007216,24.2819567646548,60,268.8,11.225705266962406,42,12.153284205751715
3016,mixtura,packing_B,T06,largo,16,G3,6.458423450334968,0.8642074114653857,0.8587254693722532,False,448,434.21190815130285,3.1754292293367126,0.004943339105007216,24.2819567646548,60,268.8,11.225705266962406,43,11.83602666770478
3016,mixtura,packing_B,T06,largo,16,G3,6.458423450334968,0.8642074114653857,0.8587254693722532,False,448,434.21190815130285,3.1754292293367126,0.004943339105007216,24.2819567646548,60,268.8,11.225705266962406,44,11.5993612074212
3016,mixtura,packing_B,T06,largo,16,G3,6.458423450334968,0.8642074114653857,0.8587254693722532,False,448,434.21190815130285,3.1754292293367126,0.004943339105007216,24.2819567646548,60,268.8,11.225705266962406,45,11.202341072862088
3016,mixtura,packing_B,T06,largo,16,G3,6.458423450334968,0.8642074114653857,0.8587254693722532,False,448,434.21190815130285,3.1754292293367126,0.004943339105007216,24.2819567646548,60,268.8,11.225705266962406,46,10.743655803049455
3016,mixtura,packing_B,T06,largo,16,G3,6.458423450334968,0.8642074114653857,0.8587254693722532,False,448,434.21190815130285,3.1754292293367126,0.004943339105007216,24.2819567646548,60,268.8,11.225705266962406,47,10.53331084413171
3016,mixtura,packing_B,T06,largo,16,G3,6.458423450334968,0.8642074114653857,0.8587254693722532,False,448,434.21190815130285,3.1754292293367126,0.004943339105007216,24.2819567646548,60,268.8,11.225705266962406,48,10.082380853563743
3016,mixtura,packing_B,T06,largo,16,G3,6.458423450334968,0.8642074114653857,0.8587254693722532,False,448,434.21190815130285,3.1754292293367126,0.004943339105007216,24.2819567646548,60,268.8,11.225705266962406,49,9.890326104071601
3016,mixtura,packing_B,T06,largo,16,G3,6.458423450334968,0.8642074114653857,0.8587254693722532,False,448,434.21190815130285,3.1754292293367126,0.004943339105007216,24.2819567646548,60,268.8,11.225705266962406,50,9.644350275451337
3016,mixtura,packing_B,T06,largo,16,G3,6.458423450334968,0.8642074114653857,0.8587254693722532,False,448,434.21190815130285,3.1754292293367126,0.004943339105007216,24.2819567646548,60,268.8,11.225705266962406,51,9.267403009620372
3016,mixtura,packing_B,T06,largo,16,G3,6.458423450334968,0.8642074114653857,0.8587254693722532,False,448,434.21190815130285,3.1754292293367126,0.004943339105007216,24.2819567646548,60,268.8,11.225705266962406,52,8.903562554330545
3016,mixtura,packing_B,T06,largo,16,G3,6.458423450334968,0.8642074114653857,0.8587254693722532,False,448,434.21190815130285,3.1754292293367126,0.004943339105007216,24.2819567646548,60,268.8,11.225705266962406,53,8.496488038270547
3016,mixtura,packing_B,T06,largo,16,G3,6.458423450334968,0.8642074114653857,0.8587254693722532,False,448,434.21190815130285,3.1754292293367126,0.004943339105007216,24.2819567646548,60,268.8,11.225705266962406,54,8.306304731841509
3016,mixtura,packing_B,T06,largo,16,G3,6.458423450334968,0.8642074114653857,0.8587254693722532,False,448,434.21190815130285,3.1754292293367126,0.004943339105007216,24.2819567646548,60,268.8,11.225705266962406,55,8.246600296637888
3016,mixtura,packing_B,T06,largo,16,G3,6.458423450334968,0.8642074114653857,0.8587254693722532,False,448,434.21190815130285,3.1754292293367126,0.004943339105007216,24.2819567646548,60,268.8,11.225705266962406,56,7.638396345691206
3016,mixtura,packing_B,T06,largo,16,G3,6.458423450334968,0.8642074114653857,0.8587254693722532,False,448,434.21190815130285,3.1754292293367126,0.004943339105007216,24.2819567646548,60,268.8,11.225705266962406,57,7.465396226900467
3016,mixtura,packing_B,T06,largo,16,G3,6.458423450334968,0.8642074114653857,0.8587254693722532,False,448,434.21190815130285,3.1754292293367126,0.004943339105007216,24.2819567646548,60,268.8,11.225705266962406,58,7.291986690975859
3016,mixtura,packing_B,T06,largo,16,G3,6.458423450334968,0.8642074114653857,0.8587254693722532,False,448,434.21190815130285,3.1754292293367126,0.004943339105007216,24.2819567646548,60,268.8,11.225705266962406,59,6.839872350002027
3016,mixtura,packing_B,T06,largo,16,G3,6.458423450334968,0.8642074114653857,0.8587254693722532,False,448,434.21190815130285,3.1754292293367126,0.004943339105007216,24.2819567646548,60,268.8,11.225705266962406,60,6.688676044236479
3016,mixtura,packing_B,T06,largo,16,G3,6.458423450334968,0.8642074114653857,0.8587254693722532,False,448,434.21190815130285,3.1754292293367126,0.004943339105007216,24.2819567646548,60,268.8,11.225705266962406,61,6.503084981229908
3016,mixtura,packing_B,T06,largo,16,G3,6.458423450334968,0.8642074114653857,0.8587254693722532,False,448,434.21190815130285,3.1754292293367126,0.004943339105007216,24.2819567646548,60,268.8,11.225705266962406,62,6.122470568380956
3016,mixtura,packing_B,T06,largo,16,G3,6.458423450334968,0.8642074114653857,0.8587254693722532,False,448,434.21190815130285,3.1754292293367126,0.004943339105007216,24.2819567646548,60,268.8,11.225705266962406,63,5.748219911219325
3016,mixtura,packing_B,T06,largo,16,G3,6.458423450334968,0.8642074114653857,0.8587254693722532,False,448,434.21190815130285,3.1754292293367126,0.004943339105007216,24.2819567646548,60,268.8,11.225705266962406,64,5.376570238373587
3016,mixtura,packing_B,T06,largo,16,G3,6.458423450334968,0.8642074114653857,0.8587254693722532,False,448,434.21190815130285,3.1754292293367126,0.004943339105007216,24.2819567646548,60,268.8,11.225705266962406,65,5.300482374820303
3016,mixtura,packing_B,T06,largo,16,G3,6.458423450334968,0.8642074114653857,0.8587254693722532,False,448,434.21190815130285,3.1754292293367126,0.004943339105007216,24.2819567646548,60,268.8,11.225705266962406,66,4.9573548128999025
3016,mixtura,packing_B,T06,largo,16,G3,6.458423450334968,0.8642074114653857,0.8587254693722532,False,448,434.21190815130285,3.1754292293367126,0.004943339105007216,24.2819567646548,60,268.8,11.225705266962406,67,4.740579299508233
3016,mixtura,packing_B,T06,largo,16,G3,6.458423450334968,0.8642074114653857,0.8587254693722532,False,448,434.21190815130285,3.1754292293367126,0.004943339105007216,24.2819567646548,60,268.8,11.225705266962406,68,4.471735240698221
3016,mixtura,packing_B,T06,largo,16,G3,6.458423450334968,0.8642074114653857,0.8587254693722532,False,448,434.21190815130285,3.1754292293367126,0.004943339105007216,24.2819567646548,60,268.8,11.225705266962406,69,3.9763028496173316
3016,mixtura,packing_B,T06,largo,16,G3,6.458423450334968,0.8642074114653857,0.8587254693722532,False,448,434.21190815130285,3.1754292293367126,0.004943339105007216,24.2819567646548,60,268.8,11.225705266962406,70,3.723993274156151
3016,mixtura,packing_B,T06,largo,16,G3,6.458423450334968,0.8642074114653857,0.8587254693722532,False,448,434.21190815130285,3.1754292293367126,0.004943339105007216,24.2819567646548,60,268.8,11.225705266962406,71,3.552021988380243
3016,mixtura,packing_B,T06,largo,16,G3,6.458423450334968,0.8642074114653857,0.8587254693722532,False,448,434.21190815130285,3.1754292293367126,0.004943339105007216,24.2819567646548,60,268.8,11.225705266962406,72,3.1287356448025463
3016,mixtura,packing_B,T06,largo,16,G3,6.458423450334968,0.8642074114653857,0.8587254693722532,False,448,434.21190815130285,3.1754292293367126,0.004943339105007216,24.2819567646548,60,268.8,11.225705266962406,73,2.922485602722349
3016,mixtura,packing_B,T06,largo,16,G3,6.458423450334968,0.8642074114653857,0.8587254693722532,False,448,434.21190815130285,3.1754292293367126,0.004943339105007216,24.2819567646548,60,268.8,11.225705266962406,74,2.889698117558267
3016,mixtura,packing_B,T06,largo,16,G3,6.458423450334968,0.8642074114653857,0.8587254693722532,False,448,434.21190815130285,3.1754292293367126,0.004943339105007216,24.2819567646548,60,268.8,11.225705266962406,75,2.4690978884230743
3016,mixtura,packing_B,T06,largo,16,G3,6.458423450334968,0.8642074114653857,0.8587254693722532,False,448,434.21190815130285,3.1754292293367126,0.004943339105007216,24.2819567646548,60,268.8,11.225705266962406,76,2.2025966226780826
3016,mixtura,packing_B,T06,largo,16,G3,6.458423450334968,0.8642074114653857,0.8587254693722532,False,448,434.21190815130285,3.1754292293367126,0.004943339105007216,24.2819567646548,60,268.8,11.225705266962406,77,1.980978230907277
3016,mixtura,packing_B,T06,largo,16,G3,6.458423450334968,0.8642074114653857,0.8587254693722532,False,448,434.21190815130285,3.1754292293367126,0.004943339105007216,24.2819567646548,60,268.8,11.225705266962406,78,1.8550171543522949
3016,mixtura,packing_B,T06,largo,16,G3,6.458423450334968,0.8642074114653857,0.8587254693722532,False,448,434.21190815130285,3.1754292293367126,0.004943339105007216,24.2819567646548,60,268.8,11.225705266962406,79,1.5692940793441683
3016,mixtura,packing_B,T06,largo,16,G3,6.458423450334968,0.8642074114653857,0.8587254693722532,False,448,434.21190815130285,3.1754292293367126,0.004943339105007216,24.2819567646548,60,268.8,11.225705266962406,80,1.3314810212832424
3016,mixtura,packing_B,T06,largo,16,G3,6.458423450334968,0.8642074114653857,0.8587254693722532,False,448,434.21190815130285,3.1754292293367126,0.004943339105007216,24.2819567646548,60,268.8,11.225705266962406,81,0.9885780899785391
3016,mixtura,packing_B,T06,largo,16,G3,6.458423450334968,0.8642074114653857,0.8587254693722532,False,448,434.21190815130285,3.1754292293367126,0.004943339105007216,24.2819567646548,60,268.8,11.225705266962406,82,0.7516709983692602
3016,mixtura,packing_B,T06,largo,16,G3,6.458423450334968,0.8642074114653857,0.8587254693722532,False,448,434.21190815130285,3.1754292293367126,0.004943339105007216,24.2819567646548,60,268.8,11.225705266962406,83,0.47458303878402164
3016,mixtura,packing_B,T06,largo,16,G3,6.458423450334968,0.8642074114653857,0.8587254693722532,False,448,434.21190815130285,3.1754292293367126,0.004943339105007216,24.2819567646548,60,268.8,11.225705266962406,84,0.24607093813628308
3016,mixtura,packing_B,T06,largo,16,G3,6.458423450334968,0.8642074114653857,0.8587254693722532,False,448,434.21190815130285,3.1754292293367126,0.004943339105007216,24.2819567646548,60,268.8,11.225705266962406,85,-0.010826216994582916
3016,mixtura,packing_B,T06,largo,16,G3,6.458423450334968,0.8642074114653857,0.8587254693722532,False,448,434.21190815130285,3.1754292293367126,0.004943339105007216,24.2819567646548,60,268.8,11.225705266962406,86,-0.3005195527508746
3016,mixtura,packing_B,T06,largo,16,G3,6.458423450334968,0.8642074114653857,0.8587254693722532,False,448,434.21190815130285,3.1754292293367126,0.004943339105007216,24.2819567646548,60,268.8,11.225705266962406,87,-0.22323938694820994
3016,mixtura,packing_B,T06,largo,16,G3,6.458423450334968,0.8642074114653857,0.8587254693722532,False,448,434.21190815130285,3.1754292293367126,0.004943339105007216,24.2819567646548,60,268.8,11.225705266962406,88,-0.4342975843365212
3016,mixtura,packing_B,T06,largo,16,G3,6.458423450334968,0.8642074114653857,0.8587254693722532,False,448,434.21190815130285,3.1754292293367126,0.004943339105007216,24.2819567646548,60,268.8,11.225705266962406,89,-0.8234322860780747
3016,mixtura,packing_B,T06,largo,16,G3,6.458423450334968,0.8642074114653857,0.8587254693722532,False,448,434.21190815130285,3.1754292293367126,0.004943339105007216,24.2819567646548,60,268.8,11.225705266962406,90,-0.912573057832245
3016,mixtura,packing_B,T06,largo,16,G3,6.458423450334968,0.8642074114653857,0.8587254693722532,False,448,434.21190815130285,3.1754292293367126,0.004943339105007216,24.2819567646548,60,268.8,11.225705266962406,91,-1.2089459021007447
3016,mixtura,packing_B,T06,largo,16,G3,6.458423450334968,0.8642074114653857,0.8587254693722532,False,448,434.21190815130285,3.1754292293367126,0.004943339105007216,24.2819567646548,60,268.8,11.225705266962406,92,-1.3194907671442695
3016,mixtura,packing_B,T06,largo,16,G3,6.458423450334968,0.8642074114653857,0.8587254693722532,False,448,434.21190815130285,3.1754292293367126,0.004943339105007216,24.2819567646548,60,268.8,11.225705266962406,93,-1.5455171557126617
3016,mixtura,packing_B,T06,largo,16,G3,6.458423450334968,0.8642074114653857,0.8587254693722532,False,448,434.21190815130285,3.1754292293367126,0.004943339105007216,24.2819567646548,60,268.8,11.225705266962406,94,-1.781384987662052
3016,mixtura,packing_B,T06,largo,16,G3,6.458423450334968,0.8642074114653857,0.8587254693722532,False,448,434.21190815130285,3.1754292293367126,0.004943339105007216,24.2819567646548,60,268.8,11.225705266962406,95,-2.0363251534377467
3016,mixtura,packing_B,T06,largo,16,G3,6.458423450334968,0.8642074114653857,0.8587254693722532,False,448,434.21190815130285,3.1754292293367126,0.004943339105007216,24.2819567646548,60,268.8,11.225705266962406,96,-2.019600929256966
3016,mixtura,packing_B,T06,largo,16,G3,6.458423450334968,0.8642074114653857,0.8587254693722532,False,448,434.21190815130285,3.1754292293367126,0.004943339105007216,24.2819567646548,60,268.8,11.225705266962406,97,-2.360231337786364
3016,mixtura,packing_B,T06,largo,16,G3,6.458423450334968,0.8642074114653857,0.8587254693722532,False,448,434.21190815130285,3.1754292293367126,0.004943339105007216,24.2819567646548,60,268.8,11.225705266962406,98,-2.465135770189023
3016,mixtura,packing_B,T06,largo,16,G3,6.458423450334968,0.8642074114653857,0.8587254693722532,False,448,434.21190815130285,3.1754292293367126,0.004943339105007216,24.2819567646548,60,268.8,11.225705266962406,99,-2.52741118680426
3016,mixtura,packing_B,T06,largo,16,G3,6.458423450334968,0.8642074114653857,0.8587254693722532,False,448,434.21190815130285,3.1754292293367126,0.004943339105007216,24.2819567646548,60,268.8,11.225705266962406,100,-3.0719501713518227
3016,mixtura,packing_B,T06,largo,16,G3,6.458423450334968,0.8642074114653857,0.8587254693722532,False,448,434.21190815130285,3.1754292293367126,0.004943339105007216,24.2819567646548,60,268.8,11.225705266962406,101,-3.020030181906867
3016,mixtura,packing_B,T06,largo,16,G3,6.458423450334968,0.8642074114653857,0.8587254693722532,False,448,434.21190815130285,3.1754292293367126,0.004943339105007216,24.2819567646548,60,268.8,11.225705266962406,102,-3.0341519998038997
3016,mixtura,packing_B,T06,largo,16,G3,6.458423450334968,0.8642074114653857,0.8587254693722532,False,448,434.21190815130285,3.1754292293367126,0.004943339105007216,24.2819567646548,60,268.8,11.225705266962406,103,-3.2519098195884193
3016,mixtura,packing_B,T06,largo,16,G3,6.458423450334968,0.8642074114653857,0.8587254693722532,False,448,434.21190815130285,3.1754292293367126,0.004943339105007216,24.2819567646548,60,268.8,11.225705266962406,104,-3.508627383013344
3016,mixtura,packing_B,T06,largo,16,G3,6.458423450334968,0.8642074114653857,0.8587254693722532,False,448,434.21190815130285,3.1754292293367126,0.004943339105007216,24.2819567646548,60,268.8,11.225705266962406,105,-3.58070115879488
3016,mixtura,packing_B,T06,largo,16,G3,6.458423450334968,0.8642074114653857,0.8587254693722532,False,448,434.21190815130285,3.1754292293367126,0.004943339105007216,24.2819567646548,60,268.8,11.225705266962406,106,-3.694060435801186
3016,mixtura,packing_B,T06,largo,16,G3,6.458423450334968,0.8642074114653857,0.8587254693722532,False,448,434.21190815130285,3.1754292293367126,0.004943339105007216,24.2819567646548,60,268.8,11.225705266962406,107,-4.039888130161592
3016,mixtura,packing_B,T06,largo,16,G3,6.458423450334968,0.8642074114653857,0.8587254693722532,False,448,434.21190815130285,3.1754292293367126,0.004943339105007216,24.2819567646548,60,268.8,11.225705266962406,108,-4.074740989366789
3016,mixtura,packing_B,T06,largo,16,G3,6.458423450334968,0.8642074114653857,0.8587254693722532,False,448,434.21190815130285,3.1754292293367126,0.004943339105007216,24.2819567646548,60,268.8,11.225705266962406,109,-4.216582267042584
3016,mixtura,packing_B,T06,largo,16,G3,6.458423450334968,0.8642074114653857,0.8587254693722532,False,448,434.21190815130285,3.1754292293367126,0.004943339105007216,24.2819567646548,60,268.8,11.225705266962406,110,-4.497713605021098
3016,mixtura,packing_B,T06,largo,16,G3,6.458423450334968,0.8642074114653857,0.8587254693722532,False,448,434.21190815130285,3.1754292293367126,0.004943339105007216,24.2819567646548,60,268.8,11.225705266962406,111,-4.4881939396928585
3016,mixtura,packing_B,T06,largo,16,G3,6.458423450334968,0.8642074114653857,0.8587254693722532,False,448,434.21190815130285,3.1754292293367126,0.004943339105007216,24.2819567646548,60,268.8,11.225705266962406,112,-4.605839953977549
3016,mixtura,packing_B,T06,largo,16,G3,6.458423450334968,0.8642074114653857,0.8587254693722532,False,448,434.21190815130285,3.1754292293367126,0.004943339105007216,24.2819567646548,60,268.8,11.225705266962406,113,-4.865369128973213
3016,mixtura,packing_B,T06,largo,16,G3,6.458423450334968,0.8642074114653857,0.8587254693722532,False,448,434.21190815130285,3.1754292293367126,0.004943339105007216,24.2819567646548,60,268.8,11.225705266962406,114,-4.963913006255916
3016,mixtura,packing_B,T06,largo,16,G3,6.458423450334968,0.8642074114653857,0.8587254693722532,False,448,434.21190815130285,3.1754292293367126,0.004943339105007216,24.2819567646548,60,268.8,11.225705266962406,115,-5.011502886392666
3016,mixtura,packing_B,T06,largo,16,G3,6.458423450334968,0.8642074114653857,0.8587254693722532,False,448,434.21190815130285,3.1754292293367126,0.004943339105007216,24.2819567646548,60,268.8,11.225705266962406,116,-5.191923347018619
3016,mixtura,packing_B,T06,largo,16,G3,6.458423450334968,0.8642074114653857,0.8587254693722532,False,448,434.21190815130285,3.1754292293367126,0.004943339105007216,24.2819567646548,60,268.8,11.225705266962406,117,-5.082221821953615
3016,mixtura,packing_B,T06,largo,16,G3,6.458423450334968,0.8642074114653857,0.8587254693722532,False,448,434.21190815130285,3.1754292293367126,0.004943339105007216,24.2819567646548,60,268.8,11.225705266962406,118,-5.310602567299988
3016,mixtura,packing_B,T06,largo,16,G3,6.458423450334968,0.8642074114653857,0.8587254693722532,False,448,434.21190815130285,3.1754292293367126,0.004943339105007216,24.2819567646548,60,268.8,11.225705266962406,119,-5.412962302311026
3016,mixtura,packing_B,T06,largo,16,G3,6.458423450334968,0.8642074114653857,0.8587254693722532,False,448,434.21190815130285,3.1754292293367126,0.004943339105007216,24.2819567646548,60,268.8,11.225705266962406,120,-5.59462276448114
3016,mixtura,packing_B,T06,largo,16,G3,6.458423450334968,0.8642074114653857,0.8587254693722532,False,448,434.21190815130285,3.1754292293367126,0.004943339105007216,24.2819567646548,60,268.8,11.225705266962406,121,-5.662462078310566
3016,mixtura,packing_B,T06,largo,16,G3,6.458423450334968,0.8642074114653857,0.8587254693722532,False,448,434.21190815130285,3.1754292293367126,0.004943339105007216,24.2819567646548,60,268.8,11.225705266962406,122,-5.853916627431529
3016,mixtura,packing_B,T06,largo,16,G3,6.458423450334968,0.8642074114653857,0.8587254693722532,False,448,434.21190815130285,3.1754292293367126,0.004943339105007216,24.2819567646548,60,268.8,11.225705266962406,123,-5.933109685481293
3016,mixtura,packing_B,T06,largo,16,G3,6.458423450334968,0.8642074114653857,0.8587254693722532,False,448,434.21190815130285,3.1754292293367126,0.004943339105007216,24.2819567646548,60,268.8,11.225705266962406,124,-6.016890947056142
3016,mixtura,packing_B,T06,largo,16,G3,6.458423450334968,0.8642074114653857,0.8587254693722532,False,448,434.21190815130285,3.1754292293367126,0.004943339105007216,24.2819567646548,60,268.8,11.225705266962406,125,-6.060621014235146
3016,mixtura,packing_B,T06,largo,16,G3,6.458423450334968,0.8642074114653857,0.8587254693722532,False,448,434.21190815130285,3.1754292293367126,0.004943339105007216,24.2819567646548,60,268.8,11.225705266962406,126,-6.098144615897928
3016,mixtura,packing_B,T06,largo,16,G3,6.458423450334968,0.8642074114653857,0.8587254693722532,False,448,434.21190815130285,3.1754292293367126,0.004943339105007216,24.2819567646548,60,268.8,11.225705266962406,127,-6.0717002364222346
3016,mixtura,packing_B,T06,largo,16,G3,6.458423450334968,0.8642074114653857,0.8587254693722532,False,448,434.21190815130285,3.1754292293367126,0.004943339105007216,24.2819567646548,60,268.8,11.225705266962406,128,-6.212552652692727
3016,mixtura,packing_B,T06,largo,16,G3,6.458423450334968,0.8642074114653857,0.8587254693722532,False,448,434.21190815130285,3.1754292293367126,0.004943339105007216,24.2819567646548,60,268.8,11.225705266962406,129,-6.31409446127185
3016,mixtura,packing_B,T06,largo,16,G3,6.458423450334968,0.8642074114653857,0.8587254693722532,False,448,434.21190815130285,3.1754292293367126,0.004943339105007216,24.2819567646548,60,268.8,11.225705266962406,130,-6.514860405351593
3016,mixtura,packing_B,T06,largo,16,G3,6.458423450334968,0.8642074114653857,0.8587254693722532,False,448,434.21190815130285,3.1754292293367126,0.004943339105007216,24.2819567646548,60,268.8,11.225705266962406,131,-6.297099030275062
3016,mixtura,packing_B,T06,largo,16,G3,6.458423450334968,0.8642074114653857,0.8587254693722532,False,448,434.21190815130285,3.1754292293367126,0.004943339105007216,24.2819567646548,60,268.8,11.225705266962406,132,-6.660617407114382
3016,mixtura,packing_B,T06,largo,16,G3,6.458423450334968,0.8642074114653857,0.8587254693722532,False,448,434.21190815130285,3.1754292293367126,0.004943339105007216,24.2819567646548,60,268.8,11.225705266962406,133,-6.557214945908121
3016,mixtura,packing_B,T06,largo,16,G3,6.458423450334968,0.8642074114653857,0.8587254693722532,False,448,434.21190815130285,3.1754292293367126,0.004943339105007216,24.2819567646548,60,268.8,11.225705266962406,134,-6.766583113236701
3016,mixtura,packing_B,T06,largo,16,G3,6.458423450334968,0.8642074114653857,0.8587254693722532,False,448,434.21190815130285,3.1754292293367126,0.004943339105007216,24.2819567646548,60,268.8,11.225705266962406,135,-6.692556532254007
3016,mixtura,packing_B,T06,largo,16,G3,6.458423450334968,0.8642074114653857,0.8587254693722532,False,448,434.21190815130285,3.1754292293367126,0.004943339105007216,24.2819567646548,60,268.8,11.225705266962406,136,-6.721171700594794
3016,mixtura,packing_B,T06,largo,16,G3,6.458423450334968,0.8642074114653857,0.8587254693722532,False,448,434.21190815130285,3.1754292293367126,0.004943339105007216,24.2819567646548,60,268.8,11.225705266962406,137,-6.835539845665261
3016,mixtura,packing_B,T06,largo,16,G3,6.458423450334968,0.8642074114653857,0.8587254693722532,False,448,434.21190815130285,3.1754292293367126,0.004943339105007216,24.2819567646548,60,268.8,11.225705266962406,138,-7.0095918859719
3016,mixtura,packing_B,T06,largo,16,G3,6.458423450334968,0.8642074114653857,0.8587254693722532,False,448,434.21190815130285,3.1754292293367126,0.004943339105007216,24.2819567646548,60,268.8,11.225705266962406,139,-7.068035544664157
3016,mixtura,packing_B,T06,largo,16,G3,6.458423450334968,0.8642074114653857,0.8587254693722532,False,448,434.21190815130285,3.1754292293367126,0.004943339105007216,24.2819567646548,60,268.8,11.225705266962406,140,-6.851673843024352
3016,mixtura,packing_B,T06,largo,16,G3,6.458423450334968,0.8642074114653857,0.8587254693722532,False,448,434.21190815130285,3.1754292293367126,0.004943339105007216,24.2819567646548,60,268.8,11.225705266962406,141,-6.904532767631215
3016,mixtura,packing_B,T06,largo,16,G3,6.458423450334968,0.8642074114653857,0.8587254693722532,False,448,434.21190815130285,3.1754292293367126,0.004943339105007216,24.2819567646548,60,268.8,11.225705266962406,142,-7.116185039455775
3016,mixtura,packing_B,T06,largo,16,G3,6.458423450334968,0.8642074114653857,0.8587254693722532,False,448,434.21190815130285,3.1754292293367126,0.004943339105007216,24.2819567646548,60,268.8,11.225705266962406,143,-6.880998576905471
3016,mixtura,packing_B,T06,largo,16,G3,6.458423450334968,0.8642074114653857,0.8587254693722532,False,448,434.21190815130285,3.1754292293367126,0.004943339105007216,24.2819567646548,60,268.8,11.225705266962406,144,-6.985325772020487
3016,mixtura,packing_B,T06,largo,16,G3,6.458423450334968,0.8642074114653857,0.8587254693722532,False,448,434.21190815130285,3.1754292293367126,0.004943339105007216,24.2819567646548,60,268.8,11.225705266962406,145,-7.07479475353072
3016,mixtura,packing_B,T06,largo,16,G3,6.458423450334968,0.8642074114653857,0.8587254693722532,False,448,434.21190815130285,3.1754292293367126,0.004943339105007216,24.2819567646548,60,268.8,11.225705266962406,146,-6.881727997171466
3016,mixtura,packing_B,T06,largo,16,G3,6.458423450334968,0.8642074114653857,0.8587254693722532,False,448,434.21190815130285,3.1754292293367126,0.004943339105007216,24.2819567646548,60,268.8,11.225705266962406,147,-7.126140865021758
3016,mixtura,packing_B,T06,largo,16,G3,6.458423450334968,0.8642074114653857,0.8587254693722532,False,448,434.21190815130285,3.1754292293367126,0.004943339105007216,24.2819567646548,60,268.8,11.225705266962406,148,-7.161655006999617
3016,mixtura,packing_B,T06,largo,16,G3,6.458423450334968,0.8642074114653857,0.8587254693722532,False,448,434.21190815130285,3.1754292293367126,0.004943339105007216,24.2819567646548,60,268.8,11.225705266962406,149,-6.943953414621721
3016,mixtura,packing_B,T06,largo,16,G3,6.458423450334968,0.8642074114653857,0.8587254693722532,False,448,434.21190815130285,3.1754292293367126,0.004943339105007216,24.2819567646548,60,268.8,11.225705266962406,150,-7.03419444857072
3016,mixtura,packing_B,T06,largo,16,G3,6.458423450334968,0.8642074114653857,0.8587254693722532,False,448,434.21190815130285,3.1754292293367126,0.004943339105007216,24.2819567646548,60,268.8,11.225705266962406,151,-7.127866585333227
3016,mixtura,packing_B,T06,largo,16,G3,6.458423450334968,0.8642074114653857,0.8587254693722532,False,448,434.21190815130285,3.1754292293367126,0.004943339105007216,24.2819567646548,60,268.8,11.225705266962406,152,-7.048734470766608
3016,mixtura,packing_B,T06,largo,16,G3,6.458423450334968,0.8642074114653857,0.8587254693722532,False,448,434.21190815130285,3.1754292293367126,0.004943339105007216,24.2819567646548,60,268.8,11.225705266962406,153,-7.286814905504675
3016,mixtura,packing_B,T06,largo,16,G3,6.458423450334968,0.8642074114653857,0.8587254693722532,False,448,434.21190815130285,3.1754292293367126,0.004943339105007216,24.2819567646548,60,268.8,11.225705266962406,154,-7.2238839008867455
3016,mixtura,packing_B,T06,largo,16,G3,6.458423450334968,0.8642074114653857,0.8587254693722532,False,448,434.21190815130285,3.1754292293367126,0.004943339105007216,24.2819567646548,60,268.8,11.225705266962406,155,-7.132763044014347
3016,mixtura,packing_B,T06,largo,16,G3,6.458423450334968,0.8642074114653857,0.8587254693722532,False,448,434.21190815130285,3.1754292293367126,0.004943339105007216,24.2819567646548,60,268.8,11.225705266962406,156,-7.082005129360092
3016,mixtura,packing_B,T06,largo,16,G3,6.458423450334968,0.8642074114653857,0.8587254693722532,False,448,434.21190815130285,3.1754292293367126,0.004943339105007216,24.2819567646548,60,268.8,11.225705266962406,157,-7.335626426189137
3016,mixtura,packing_B,T06,largo,16,G3,6.458423450334968,0.8642074114653857,0.8587254693722532,False,448,434.21190815130285,3.1754292293367126,0.004943339105007216,24.2819567646548,60,268.8,11.225705266962406,158,-7.189327290312639
3016,mixtura,packing_B,T06,largo,16,G3,6.458423450334968,0.8642074114653857,0.8587254693722532,False,448,434.21190815130285,3.1754292293367126,0.004943339105007216,24.2819567646548,60,268.8,11.225705266962406,159,-7.26770959524624
3016,mixtura,packing_B,T06,largo,16,G3,6.458423450334968,0.8642074114653857,0.8587254693722532,False,448,434.21190815130285,3.1754292293367126,0.004943339105007216,24.2819567646548,60,268.8,11.225705266962406,160,-6.790685665470664
3016,mixtura,packing_B,T06,largo,16,G3,6.458423450334968,0.8642074114653857,0.8587254693722532,False,448,434.21190815130285,3.1754292293367126,0.004943339105007216,24.2819567646548,60,268.8,11.225705266962406,161,-7.011792830332477
3016,mixtura,packing_B,T06,largo,16,G3,6.458423450334968,0.8642074114653857,0.8587254693722532,False,448,434.21190815130285,3.1754292293367126,0.004943339105007216,24.2819567646548,60,268.8,11.225705266962406,162,-7.05780056044332
3016,mixtura,packing_B,T06,largo,16,G3,6.458423450334968,0.8642074114653857,0.8587254693722532,False,448,434.21190815130285,3.1754292293367126,0.004943339105007216,24.2819567646548,60,268.8,11.225705266962406,163,-7.100364211882422
3016,mixtura,packing_B,T06,largo,16,G3,6.458423450334968,0.8642074114653857,0.8587254693722532,False,448,434.21190815130285,3.1754292293367126,0.004943339105007216,24.2819567646548,60,268.8,11.225705266962406,164,-6.976847599954719
3016,mixtura,packing_B,T06,largo,16,G3,6.458423450334968,0.8642074114653857,0.8587254693722532,False,448,434.21190815130285,3.1754292293367126,0.004943339105007216,24.2819567646548,60,268.8,11.225705266962406,165,-6.887949100383651
3016,mixtura,packing_B,T06,largo,16,G3,6.458423450334968,0.8642074114653857,0.8587254693722532,False,448,434.21190815130285,3.1754292293367126,0.004943339105007216,24.2819567646548,60,268.8,11.225705266962406,166,-6.737381377538997
3016,mixtura,packing_B,T06,largo,16,G3,6.458423450334968,0.8642074114653857,0.8587254693722532,False,448,434.21190815130285,3.1754292293367126,0.004943339105007216,24.2819567646548,60,268.8,11.225705266962406,167,-6.998038297274598
3016,mixtura,packing_B,T06,largo,16,G3,6.458423450334968,0.8642074114653857,0.8587254693722532,False,448,434.21190815130285,3.1754292293367126,0.004943339105007216,24.2819567646548,60,268.8,11.225705266962406,168,-7.071723167962831
3016,mixtura,packing_B,T06,largo,16,G3,6.458423450334968,0.8642074114653857,0.8587254693722532,False,448,434.21190815130285,3.1754292293367126,0.004943339105007216,24.2819567646548,60,268.8,11.225705266962406,169,-6.691572701697804
3016,mixtura,packing_B,T06,largo,16,G3,6.458423450334968,0.8642074114653857,0.8587254693722532,False,448,434.21190815130285,3.1754292293367126,0.004943339105007216,24.2819567646548,60,268.8,11.225705266962406,170,-6.83432358640997
3016,mixtura,packing_B,T06,largo,16,G3,6.458423450334968,0.8642074114653857,0.8587254693722532,False,448,434.21190815130285,3.1754292293367126,0.004943339105007216,24.2819567646548,60,268.8,11.225705266962406,171,-6.661582618153602
3016,mixtura,packing_B,T06,largo,16,G3,6.458423450334968,0.8642074114653857,0.8587254693722532,False,448,434.21190815130285,3.1754292293367126,0.004943339105007216,24.2819567646548,60,268.8,11.225705266962406,172,-6.7102509470271094
3016,mixtura,packing_B,T06,largo,16,G3,6.458423450334968,0.8642074114653857,0.8587254693722532,False,448,434.21190815130285,3.1754292293367126,0.004943339105007216,24.2819567646548,60,268.8,11.225705266962406,173,-6.720686778218361
3016,mixtura,packing_B,T06,largo,16,G3,6.458423450334968,0.8642074114653857,0.8587254693722532,False,448,434.21190815130285,3.1754292293367126,0.004943339105007216,24.2819567646548,60,268.8,11.225705266962406,174,-6.67046628030769
3016,mixtura,packing_B,T06,largo,16,G3,6.458423450334968,0.8642074114653857,0.8587254693722532,False,448,434.21190815130285,3.1754292293367126,0.004943339105007216,24.2819567646548,60,268.8,11.225705266962406,175,-6.722322703505542
3016,mixtura,packing_B,T06,largo,16,G3,6.458423450334968,0.8642074114653857,0.8587254693722532,False,448,434.21190815130285,3.1754292293367126,0.004943339105007216,24.2819567646548,60,268.8,11.225705266962406,176,-6.593061493178595
3016,mixtura,packing_B,T06,largo,16,G3,6.458423450334968,0.8642074114653857,0.8587254693722532,False,448,434.21190815130285,3.1754292293367126,0.004943339105007216,24.2819567646548,60,268.8,11.225705266962406,177,-6.626131290665844
3016,mixtura,packing_B,T06,largo,16,G3,6.458423450334968,0.8642074114653857,0.8587254693722532,False,448,434.21190815130285,3.1754292293367126,0.004943339105007216,24.2819567646548,60,268.8,11.225705266962406,178,-6.704645268825317
3016,mixtura,packing_B,T06,largo,16,G3,6.458423450334968,0.8642074114653857,0.8587254693722532,False,448,434.21190815130285,3.1754292293367126,0.004943339105007216,24.2819567646548,60,268.8,11.225705266962406,179,-6.42286094777237
3016,mixtura,packing_B,T06,largo,16,G3,6.458423450334968,0.8642074114653857,0.8587254693722532,False,448,434.21190815130285,3.1754292293367126,0.004943339105007216,24.2819567646548,60,268.8,11.225705266962406,180,-6.578186530700037
3016,mixtura,packing_B,T06,largo,16,G3,6.458423450334968,0.8642074114653857,0.8587254693722532,False,448,434.21190815130285,3.1754292293367126,0.004943339105007216,24.2819567646548,60,268.8,11.225705266962406,181,-6.3567311554521915
3016,mixtura,packing_B,T06,largo,16,G3,6.458423450334968,0.8642074114653857,0.8587254693722532,False,448,434.21190815130285,3.1754292293367126,0.004943339105007216,24.2819567646548,60,268.8,11.225705266962406,182,-6.016422150976016
3016,mixtura,packing_B,T06,largo,16,G3,6.458423450334968,0.8642074114653857,0.8587254693722532,False,448,434.21190815130285,3.1754292293367126,0.004943339105007216,24.2819567646548,60,268.8,11.225705266962406,183,-6.351288725141056
3016,mixtura,packing_B,T06,largo,16,G3,6.458423450334968,0.8642074114653857,0.8587254693722532,False,448,434.21190815130285,3.1754292293367126,0.004943339105007216,24.2819567646548,60,268.8,11.225705266962406,184,-6.222561290302007
3016,mixtura,packing_B,T06,largo,16,G3,6.458423450334968,0.8642074114653857,0.8587254693722532,False,448,434.21190815130285,3.1754292293367126,0.004943339105007216,24.2819567646548,60,268.8,11.225705266962406,185,-6.242270607771471
3016,mixtura,packing_B,T06,largo,16,G3,6.458423450334968,0.8642074114653857,0.8587254693722532,False,448,434.21190815130285,3.1754292293367126,0.004943339105007216,24.2819567646548,60,268.8,11.225705266962406,186,-5.95281872601599
3016,mixtura,packing_B,T06,largo,16,G3,6.458423450334968,0.8642074114653857,0.8587254693722532,False,448,434.21190815130285,3.1754292293367126,0.004943339105007216,24.2819567646548,60,268.8,11.225705266962406,187,-6.039914526041991
3016,mixtura,packing_B,T06,largo,16,G3,6.458423450334968,0.8642074114653857,0.8587254693722532,False,448,434.21190815130285,3.1754292293367126,0.004943339105007216,24.2819567646548,60,268.8,11.225705266962406,188,-6.056069839253451
3016,mixtura,packing_B,T06,largo,16,G3,6.458423450334968,0.8642074114653857,0.8587254693722532,False,448,434.21190815130285,3.1754292293367126,0.004943339105007216,24.2819567646548,60,268.8,11.225705266962406,189,-5.8726993938619
3016,mixtura,packing_B,T06,largo,16,G3,6.458423450334968,0.8642074114653857,0.8587254693722532,False,448,434.21190815130285,3.1754292293367126,0.004943339105007216,24.2819567646548,60,268.8,11.225705266962406,190,-5.97881784924092
3016,mixtura,packing_B,T06,largo,16,G3,6.458423450334968,0.8642074114653857,0.8587254693722532,False,448,434.21190815130285,3.1754292293367126,0.004943339105007216,24.2819567646548,60,268.8,11.225705266962406,191,-5.873151299961569
3016,mixtura,packing_B,T06,largo,16,G3,6.458423450334968,0.8642074114653857,0.8587254693722532,False,448,434.21190815130285,3.1754292293367126,0.004943339105007216,24.2819567646548,60,268.8,11.225705266962406,192,-5.689767205258287
3016,mixtura,packing_B,T06,largo,16,G3,6.458423450334968,0.8642074114653857,0.8587254693722532,False,448,434.21190815130285,3.1754292293367126,0.004943339105007216,24.2819567646548,60,268.8,11.225705266962406,193,-5.662253797859601
3016,mixtura,packing_B,T06,largo,16,G3,6.458423450334968,0.8642074114653857,0.8587254693722532,False,448,434.21190815130285,3.1754292293367126,0.004943339105007216,24.2819567646548,60,268.8,11.225705266962406,194,-5.707865814863862
3016,mixtura,packing_B,T06,largo,16,G3,6.458423450334968,0.8642074114653857,0.8587254693722532,False,448,434.21190815130285,3.1754292293367126,0.004943339105007216,24.2819567646548,60,268.8,11.225705266962406,195,-5.344812823709423
3016,mixtura,packing_B,T06,largo,16,G3,6.458423450334968,0.8642074114653857,0.8587254693722532,False,448,434.21190815130285,3.1754292293367126,0.004943339105007216,24.2819567646548,60,268.8,11.225705266962406,196,-5.197847710603822
3016,mixtura,packing_B,T06,largo,16,G3,6.458423450334968,0.8642074114653857,0.8587254693722532,False,448,434.21190815130285,3.1754292293367126,0.004943339105007216,24.2819567646548,60,268.8,11.225705266962406,197,-5.4418957764748805
3016,mixtura,packing_B,T06,largo,16,G3,6.458423450334968,0.8642074114653857,0.8587254693722532,False,448,434.21190815130285,3.1754292293367126,0.004943339105007216,24.2819567646548,60,268.8,11.225705266962406,198,-5.371327556471247
3016,mixtura,packing_B,T06,largo,16,G3,6.458423450334968,0.8642074114653857,0.8587254693722532,False,448,434.21190815130285,3.1754292293367126,0.004943339105007216,24.2819567646548,60,268.8,11.225705266962406,199,-5.097602012396594
3016,mixtura,packing_B,T06,largo,16,G3,6.458423450334968,0.8642074114653857,0.8587254693722532,False,448,434.21190815130285,3.1754292293367126,0.004943339105007216,24.2819567646548,60,268.8,11.225705266962406,200,-5.20285867118337
3016,mixtura,packing_B,T06,largo,16,G3,6.458423450334968,0.8642074114653857,0.8587254693722532,False,448,434.21190815130285,3.1754292293367126,0.004943339105007216,24.2819567646548,60,268.8,11.225705266962406,201,-5.111970198297229
3016,mixtura,packing_B,T06,largo,16,G3,6.458423450334968,0.8642074114653857,0.8587254693722532,False,448,434.21190815130285,3.1754292293367126,0.004943339105007216,24.2819567646548,60,268.8,11.225705266962406,202,-5.1105066995304345
3016,mixtura,packing_B,T06,largo,16,G3,6.458423450334968,0.8642074114653857,0.8587254693722532,False,448,434.21190815130285,3.1754292293367126,0.004943339105007216,24.2819567646548,60,268.8,11.225705266962406,203,-4.959345890702031
3016,mixtura,packing_B,T06,largo,16,G3,6.458423450334968,0.8642074114653857,0.8587254693722532,False,448,434.21190815130285,3.1754292293367126,0.004943339105007216,24.2819567646548,60,268.8,11.225705266962406,204,-4.820632461698397
3016,mixtura,packing_B,T06,largo,16,G3,6.458423450334968,0.8642074114653857,0.8587254693722532,False,448,434.21190815130285,3.1754292293367126,0.004943339105007216,24.2819567646548,60,268.8,11.225705266962406,205,-4.76391386792033
3016,mixtura,packing_B,T06,largo,16,G3,6.458423450334968,0.8642074114653857,0.8587254693722532,False,448,434.21190815130285,3.1754292293367126,0.004943339105007216,24.2819567646548,60,268.8,11.225705266962406,206,-4.793516497394813
3016,mixtura,packing_B,T06,largo,16,G3,6.458423450334968,0.8642074114653857,0.8587254693722532,False,448,434.21190815130285,3.1754292293367126,0.004943339105007216,24.2819567646548,60,268.8,11.225705266962406,207,-4.587693185516548
3016,mixtura,packing_B,T06,largo,16,G3,6.458423450334968,0.8642074114653857,0.8587254693722532,False,448,434.21190815130285,3.1754292293367126,0.004943339105007216,24.2819567646548,60,268.8,11.225705266962406,208,-4.613044949876135
3016,mixtura,packing_B,T06,largo,16,G3,6.458423450334968,0.8642074114653857,0.8587254693722532,False,448,434.21190815130285,3.1754292293367126,0.004943339105007216,24.2819567646548,60,268.8,11.225705266962406,209,-4.293043554353742
3016,mixtura,packing_B,T06,largo,16,G3,6.458423450334968,0.8642074114653857,0.8587254693722532,False,448,434.21190815130285,3.1754292293367126,0.004943339105007216,24.2819567646548,60,268.8,11.225705266962406,210,-4.331030695850642
3016,mixtura,packing_B,T06,largo,16,G3,6.458423450334968,0.8642074114653857,0.8587254693722532,False,448,434.21190815130285,3.1754292293367126,0.004943339105007216,24.2819567646548,60,268.8,11.225705266962406,211,-4.303857209386807
3016,mixtura,packing_B,T06,largo,16,G3,6.458423450334968,0.8642074114653857,0.8587254693722532,False,448,434.21190815130285,3.1754292293367126,0.004943339105007216,24.2819567646548,60,268.8,11.225705266962406,212,-4.260484694452116
3016,mixtura,packing_B,T06,largo,16,G3,6.458423450334968,0.8642074114653857,0.8587254693722532,False,448,434.21190815130285,3.1754292293367126,0.004943339105007216,24.2819567646548,60,268.8,11.225705266962406,213,-4.064795857641694
3016,mixtura,packing_B,T06,largo,16,G3,6.458423450334968,0.8642074114653857,0.8587254693722532,False,448,434.21190815130285,3.1754292293367126,0.004943339105007216,24.2819567646548,60,268.8,11.225705266962406,214,-4.097527382677497
3016,mixtura,packing_B,T06,largo,16,G3,6.458423450334968,0.8642074114653857,0.8587254693722532,False,448,434.21190815130285,3.1754292293367126,0.004943339105007216,24.2819567646548,60,268.8,11.225705266962406,215,-4.05149084167657
3016,mixtura,packing_B,T06,largo,16,G3,6.458423450334968,0.8642074114653857,0.8587254693722532,False,448,434.21190815130285,3.1754292293367126,0.004943339105007216,24.2819567646548,60,268.8,11.225705266962406,216,-3.9763322632361624
3016,mixtura,packing_B,T06,largo,16,G3,6.458423450334968,0.8642074114653857,0.8587254693722532,False,448,434.21190815130285,3.1754292293367126,0.004943339105007216,24.2819567646548,60,268.8,11.225705266962406,217,-3.691258550787924
3016,mixtura,packing_B,T06,largo,16,G3,6.458423450334968,0.8642074114653857,0.8587254693722532,False,448,434.21190815130285,3.1754292293367126,0.004943339105007216,24.2819567646548,60,268.8,11.225705266962406,218,-3.8862146681518053
3016,mixtura,packing_B,T06,largo,16,G3,6.458423450334968,0.8642074114653857,0.8587254693722532,False,448,434.21190815130285,3.1754292293367126,0.004943339105007216,24.2819567646548,60,268.8,11.225705266962406,219,-3.5680218625588886
3016,mixtura,packing_B,T06,largo,16,G3,6.458423450334968,0.8642074114653857,0.8587254693722532,False,448,434.21190815130285,3.1754292293367126,0.004943339105007216,24.2819567646548,60,268.8,11.225705266962406,220,-3.554058925293693
3016,mixtura,packing_B,T06,largo,16,G3,6.458423450334968,0.8642074114653857,0.8587254693722532,False,448,434.21190815130285,3.1754292293367126,0.004943339105007216,24.2819567646548,60,268.8,11.225705266962406,221,-3.516960572539429
3016,mixtura,packing_B,T06,largo,16,G3,6.458423450334968,0.8642074114653857,0.8587254693722532,False,448,434.21190815130285,3.1754292293367126,0.004943339105007216,24.2819567646548,60,268.8,11.225705266962406,222,-3.4974207592022304
3016,mixtura,packing_B,T06,largo,16,G3,6.458423450334968,0.8642074114653857,0.8587254693722532,False,448,434.21190815130285,3.1754292293367126,0.004943339105007216,24.2819567646548,60,268.8,11.225705266962406,223,-3.3899434816923057
3016,mixtura,packing_B,T06,largo,16,G3,6.458423450334968,0.8642074114653857,0.8587254693722532,False,448,434.21190815130285,3.1754292293367126,0.004943339105007216,24.2819567646548,60,268.8,11.225705266962406,224,-3.1975736735368727
3016,mixtura,packing_B,T06,largo,16,G3,6.458423450334968,0.8642074114653857,0.8587254693722532,False,448,434.21190815130285,3.1754292293367126,0.004943339105007216,24.2819567646548,60,268.8,11.225705266962406,225,-3.2524652663844327
3016,mixtura,packing_B,T06,largo,16,G3,6.458423450334968,0.8642074114653857,0.8587254693722532,False,448,434.21190815130285,3.1754292293367126,0.004943339105007216,24.2819567646548,60,268.8,11.225705266962406,226,-3.105024322363911
3016,mixtura,packing_B,T06,largo,16,G3,6.458423450334968,0.8642074114653857,0.8587254693722532,False,448,434.21190815130285,3.1754292293367126,0.004943339105007216,24.2819567646548,60,268.8,11.225705266962406,227,-3.006287873734843
3016,mixtura,packing_B,T06,largo,16,G3,6.458423450334968,0.8642074114653857,0.8587254693722532,False,448,434.21190815130285,3.1754292293367126,0.004943339105007216,24.2819567646548,60,268.8,11.225705266962406,228,-2.8921018254706974
3016,mixtura,packing_B,T06,largo,16,G3,6.458423450334968,0.8642074114653857,0.8587254693722532,False,448,434.21190815130285,3.1754292293367126,0.004943339105007216,24.2819567646548,60,268.8,11.225705266962406,229,-2.8508956912972825
3016,mixtura,packing_B,T06,largo,16,G3,6.458423450334968,0.8642074114653857,0.8587254693722532,False,448,434.21190815130285,3.1754292293367126,0.004943339105007216,24.2819567646548,60,268.8,11.225705266962406,230,-2.78081296716201
3016,mixtura,packing_B,T06,largo,16,G3,6.458423450334968,0.8642074114653857,0.8587254693722532,False,448,434.21190815130285,3.1754292293367126,0.004943339105007216,24.2819567646548,60,268.8,11.225705266962406,231,-2.7411863493052038
3016,mixtura,packing_B,T06,largo,16,G3,6.458423450334968,0.8642074114653857,0.8587254693722532,False,448,434.21190815130285,3.1754292293367126,0.004943339105007216,24.2819567646548,60,268.8,11.225705266962406,232,-2.5794738177855057
3016,mixtura,packing_B,T06,largo,16,G3,6.458423450334968,0.8642074114653857,0.8587254693722532,False,448,434.21190815130285,3.1754292293367126,0.004943339105007216,24.2819567646548,60,268.8,11.225705266962406,233,-2.624837222284935
3016,mixtura,packing_B,T06,largo,16,G3,6.458423450334968,0.8642074114653857,0.8587254693722532,False,448,434.21190815130285,3.1754292293367126,0.004943339105007216,24.2819567646548,60,268.8,11.225705266962406,234,-2.3874106198307374
3016,mixtura,packing_B,T06,largo,16,G3,6.458423450334968,0.8642074114653857,0.8587254693722532,False,448,434.21190815130285,3.1754292293367126,0.004943339105007216,24.2819567646548,60,268.8,11.225705266962406,235,-2.45766902753823
3016,mixtura,packing_B,T06,largo,16,G3,6.458423450334968,0.8642074114653857,0.8587254693722532,False,448,434.21190815130285,3.1754292293367126,0.004943339105007216,24.2819567646548,60,268.8,11.225705266962406,236,-2.435236368954312
3016,mixtura,packing_B,T06,largo,16,G3,6.458423450334968,0.8642074114653857,0.8587254693722532,False,448,434.21190815130285,3.1754292293367126,0.004943339105007216,24.2819567646548,60,268.8,11.225705266962406,237,-2.1342934449023803
3016,mixtura,packing_B,T06,largo,16,G3,6.458423450334968,0.8642074114653857,0.8587254693722532,False,448,434.21190815130285,3.1754292293367126,0.004943339105007216,24.2819567646548,60,268.8,11.225705266962406,238,-1.9691175223313986
3016,mixtura,packing_B,T06,largo,16,G3,6.458423450334968,0.8642074114653857,0.8587254693722532,False,448,434.21190815130285,3.1754292293367126,0.004943339105007216,24.2819567646548,60,268.8,11.225705266962406,239,-2.028980480286297
3016,mixtura,packing_B,T06,largo,16,G3,6.458423450334968,0.8642074114653857,0.8587254693722532,False,448,434.21190815130285,3.1754292293367126,0.004943339105007216,24.2819567646548,60,268.8,11.225705266962406,240,-1.8722539806703857
3016,mixtura,packing_B,T06,largo,16,G3,6.458423450334968,0.8642074114653857,0.8587254693722532,False,448,434.21190815130285,3.1754292293367126,0.004943339105007216,24.2819567646548,60,268.8,11.225705266962406,241,-1.9257779217842785
3016,mixtura,packing_B,T06,largo,16,G3,6.458423450334968,0.8642074114653857,0.8587254693722532,False,448,434.21190815130285,3.1754292293367126,0.004943339105007216,24.2819567646548,60,268.8,11.225705266962406,242,-1.7547470232008908
3016,mixtura,packing_B,T06,largo,16,G3,6.458423450334968,0.8642074114653857,0.8587254693722532,False,448,434.21190815130285,3.1754292293367126,0.004943339105007216,24.2819567646548,60,268.8,11.225705266962406,243,-1.6906511213302182
3016,mixtura,packing_B,T06,largo,16,G3,6.458423450334968,0.8642074114653857,0.8587254693722532,False,448,434.21190815130285,3.1754292293367126,0.004943339105007216,24.2819567646548,60,268.8,11.225705266962406,244,-1.5565812581167835
3016,mixtura,packing_B,T06,largo,16,G3,6.458423450334968,0.8642074114653857,0.8587254693722532,False,448,434.21190815130285,3.1754292293367126,0.004943339105007216,24.2819567646548,60,268.8,11.225705266962406,245,-1.584927527340941
3016,mixtura,packing_B,T06,largo,16,G3,6.458423450334968,0.8642074114653857,0.8587254693722532,False,448,434.21190815130285,3.1754292293367126,0.004943339105007216,24.2819567646548,60,268.8,11.225705266962406,246,-1.579477326107795
3016,mixtura,packing_B,T06,largo,16,G3,6.458423450334968,0.8642074114653857,0.8587254693722532,False,448,434.21190815130285,3.1754292293367126,0.004943339105007216,24.2819567646548,60,268.8,11.225705266962406,247,-1.3306560593593262
3016,mixtura,packing_B,T06,largo,16,G3,6.458423450334968,0.8642074114653857,0.8587254693722532,False,448,434.21190815130285,3.1754292293367126,0.004943339105007216,24.2819567646548,60,268.8,11.225705266962406,248,-1.4227037772656712
3016,mixtura,packing_B,T06,largo,16,G3,6.458423450334968,0.8642074114653857,0.8587254693722532,False,448,434.21190815130285,3.1754292293367126,0.004943339105007216,24.2819567646548,60,268.8,11.225705266962406,249,-1.0939126864230768
3016,mixtura,packing_B,T06,largo,16,G3,6.458423450334968,0.8642074114653857,0.8587254693722532,False,448,434.21190815130285,3.1754292293367126,0.004943339105007216,24.2819567646548,60,268.8,11.225705266962406,250,-1.296566900898255
3016,mixtura,packing_B,T06,largo,16,G3,6.458423450334968,0.8642074114653857,0.8587254693722532,False,448,434.21190815130285,3.1754292293367126,0.004943339105007216,24.2819567646548,60,268.8,11.225705266962406,251,-1.2165160654403762
3016,mixtura,packing_B,T06,largo,16,G3,6.458423450334968,0.8642074114653857,0.8587254693722532,False,448,434.21190815130285,3.1754292293367126,0.004943339105007216,24.2819567646548,60,268.8,11.225705266962406,252,-1.0363101556756045
3016,mixtura,packing_B,T06,largo,16,G3,6.458423450334968,0.8642074114653857,0.8587254693722532,False,448,434.21190815130285,3.1754292293367126,0.004943339105007216,24.2819567646548,60,268.8,11.225705266962406,253,-1.0787384051847118
3016,mixtura,packing_B,T06,largo,16,G3,6.458423450334968,0.8642074114653857,0.8587254693722532,False,448,434.21190815130285,3.1754292293367126,0.004943339105007216,24.2819567646548,60,268.8,11.225705266962406,254,-1.0852252347061557
3016,mixtura,packing_B,T06,largo,16,G3,6.458423450334968,0.8642074114653857,0.8587254693722532,False,448,434.21190815130285,3.1754292293367126,0.004943339105007216,24.2819567646548,60,268.8,11.225705266962406,255,-1.037102337200963
3016,mixtura,packing_B,T06,largo,16,G3,6.458423450334968,0.8642074114653857,0.8587254693722532,False,448,434.21190815130285,3.1754292293367126,0.004943339105007216,24.2819567646548,60,268.8,11.225705266962406,256,-0.905321662060378
3016,mixtura,packing_B,T06,largo,16,G3,6.458423450334968,0.8642074114653857,0.8587254693722532,False,448,434.21190815130285,3.1754292293367126,0.004943339105007216,24.2819567646548,60,268.8,11.225705266962406,257,-1.0011359237549664
3016,mixtura,packing_B,T06,largo,16,G3,6.458423450334968,0.8642074114653857,0.8587254693722532,False,448,434.21190815130285,3.1754292293367126,0.004943339105007216,24.2819567646548,60,268.8,11.225705266962406,258,-0.5239943867033237
3016,mixtura,packing_B,T06,largo,16,G3,6.458423450334968,0.8642074114653857,0.8587254693722532,False,448,434.21190815130285,3.1754292293367126,0.004943339105007216,24.2819567646548,60,268.8,11.225705266962406,259,-0.6439519064441398
3016,mixtura,packing_B,T06,largo,16,G3,6.458423450334968,0.8642074114653857,0.8587254693722532,False,448,434.21190815130285,3.1754292293367126,0.004943339105007216,24.2819567646548,60,268.8,11.225705266962406,260,-0.6693412303187574
3016,mixtura,packing_B,T06,largo,16,G3,6.458423450334968,0.8642074114653857,0.8587254693722532,False,448,434.21190815130285,3.1754292293367126,0.004943339105007216,24.2819567646548,60,268.8,11.225705266962406,261,-0.6872861196347049
3016,mixtura,packing_B,T06,largo,16,G3,6.458423450334968,0.8642074114653857,0.8587254693722532,False,448,434.21190815130285,3.1754292293367126,0.004943339105007216,24.2819567646548,60,268.8,11.225705266962406,262,-0.4181769218113747
3016,mixtura,packing_B,T06,largo,16,G3,6.458423450334968,0.8642074114653857,0.8587254693722532,False,448,434.21190815130285,3.1754292293367126,0.004943339105007216,24.2819567646548,60,268.8,11.225705266962406,263,-0.5640188452022271
3016,mixtura,packing_B,T06,largo,16,G3,6.458423450334968,0.8642074114653857,0.8587254693722532,False,448,434.21190815130285,3.1754292293367126,0.004943339105007216,24.2819567646548,60,268.8,11.225705266962406,264,-0.3299543180226317
3016,mixtura,packing_B,T06,largo,16,G3,6.458423450334968,0.8642074114653857,0.8587254693722532,False,448,434.21190815130285,3.1754292293367126,0.004943339105007216,24.2819567646548,60,268.8,11.225705266962406,265,-0.22220848575520233
3016,mixtura,packing_B,T06,largo,16,G3,6.458423450334968,0.8642074114653857,0.8587254693722532,False,448,434.21190815130285,3.1754292293367126,0.004943339105007216,24.2819567646548,60,268.8,11.225705266962406,266,-0.13136210620304037
3016,mixtura,packing_B,T06,largo,16,G3,6.458423450334968,0.8642074114653857,0.8587254693722532,False,448,434.21190815130285,3.1754292293367126,0.004943339105007216,24.2819567646548,60,268.8,11.225705266962406,267,-0.13057322091975793
3016,mixtura,packing_B,T06,largo,16,G3,6.458423450334968,0.8642074114653857,0.8587254693722532,False,448,434.21190815130285,3.1754292293367126,0.004943339105007216,24.2819567646548,60,268.8,11.225705266962406,268,-0.16145597126340216
3016,mixtura,packing_B,T06,largo,16,G3,6.458423450334968,0.8642074114653857,0.8587254693722532,False,448,434.21190815130285,3.1754292293367126,0.004943339105007216,24.2819567646548,60,268.8,11.225705266962406,269,-0.250663404405639
3016,mixtura,packing_B,T06,largo,16,G3,6.458423450334968,0.8642074114653857,0.8587254693722532,False,448,434.21190815130285,3.1754292293367126,0.004943339105007216,24.2819567646548,60,268.8,11.225705266962406,270,-0.03285641356846675
3016,mixtura,packing_B,T06,largo,16,G3,6.458423450334968,0.8642074114653857,0.8587254693722532,False,448,434.21190815130285,3.1754292293367126,0.004943339105007216,24.2819567646548,60,268.8,11.225705266962406,271,0.18089737171745152
3016,mixtura,packing_B,T06,largo,16,G3,6.458423450334968,0.8642074114653857,0.8587254693722532,False,448,434.21190815130285,3.1754292293367126,0.004943339105007216,24.2819567646548,60,268.8,11.225705266962406,272,0.029926689110042787
3016,mixtura,packing_B,T06,largo,16,G3,6.458423450334968,0.8642074114653857,0.8587254693722532,False,448,434.21190815130285,3.1754292293367126,0.004943339105007216,24.2819567646548,60,268.8,11.225705266962406,273,0.31613777354485917
3016,mixtura,packing_B,T06,largo,16,G3,6.458423450334968,0.8642074114653857,0.8587254693722532,False,448,434.21190815130285,3.1754292293367126,0.004943339105007216,24.2819567646548,60,268.8,11.225705266962406,274,0.32574046897316417
3016,mixtura,packing_B,T06,largo,16,G3,6.458423450334968,0.8642074114653857,0.8587254693722532,False,448,434.21190815130285,3.1754292293367126,0.004943339105007216,24.2819567646548,60,268.8,11.225705266962406,275,0.19500634298094277
3016,mixtura,packing_B,T06,largo,16,G3,6.458423450334968,0.8642074114653857,0.8587254693722532,False,448,434.21190815130285,3.1754292293367126,0.004943339105007216,24.2819567646548,60,268.8,11.225705266962406,276,0.6144919371241558
3016,mixtura,packing_B,T06,largo,16,G3,6.458423450334968,0.8642074114653857,0.8587254693722532,False,448,434.21190815130285,3.1754292293367126,0.004943339105007216,24.2819567646548,60,268.8,11.225705266962406,277,0.2570800194483305
3016,mixtura,packing_B,T06,largo,16,G3,6.458423450334968,0.8642074114653857,0.8587254693722532,False,448,434.21190815130285,3.1754292293367126,0.004943339105007216,24.2819567646548,60,268.8,11.225705266962406,278,0.3434577506254841
3016,mixtura,packing_B,T06,largo,16,G3,6.458423450334968,0.8642074114653857,0.8587254693722532,False,448,434.21190815130285,3.1754292293367126,0.004943339105007216,24.2819567646548,60,268.8,11.225705266962406,279,0.4148868770579001
3016,mixtura,packing_B,T06,largo,16,G3,6.458423450334968,0.8642074114653857,0.8587254693722532,False,448,434.21190815130285,3.1754292293367126,0.004943339105007216,24.2819567646548,60,268.8,11.225705266962406,280,0.2895495927194429
3016,mixtura,packing_B,T06,largo,16,G3,6.458423450334968,0.8642074114653857,0.8587254693722532,False,448,434.21190815130285,3.1754292293367126,0.004943339105007216,24.2819567646548,60,268.8,11.225705266962406,281,0.41255632273617565
3016,mixtura,packing_B,T06,largo,16,G3,6.458423450334968,0.8642074114653857,0.8587254693722532,False,448,434.21190815130285,3.1754292293367126,0.004943339105007216,24.2819567646548,60,268.8,11.225705266962406,282,0.3752305093598548
3016,mixtura,packing_B,T06,largo,16,G3,6.458423450334968,0.8642074114653857,0.8587254693722532,False,448,434.21190815130285,3.1754292293367126,0.004943339105007216,24.2819567646548,60,268.8,11.225705266962406,283,0.23530019812276837
3016,mixtura,packing_B,T06,largo,16,G3,6.458423450334968,0.8642074114653857,0.8587254693722532,False,448,434.21190815130285,3.1754292293367126,0.004943339105007216,24.2819567646548,60,268.8,11.225705266962406,284,0.07669044233365935
3016,mixtura,packing_B,T06,largo,16,G3,6.458423450334968,0.8642074114653857,0.8587254693722532,False,448,434.21190815130285,3.1754292293367126,0.004943339105007216,24.2819567646548,60,268.8,11.225705266962406,285,0.02369965837847246
3016,mixtura,packing_B,T06,largo,16,G3,6.458423450334968,0.8642074114653857,0.8587254693722532,False,448,434.21190815130285,3.1754292293367126,0.004943339105007216,24.2819567646548,60,268.8,11.225705266962406,286,-0.07275681937091667
3016,mixtura,packing_B,T06,largo,16,G3,6.458423450334968,0.8642074114653857,0.8587254693722532,False,448,434.21190815130285,3.1754292293367126,0.004943339105007216,24.2819567646548,60,268.8,11.225705266962406,287,-0.23996003056708629
3016,mixtura,packing_B,T06,largo,16,G3,6.458423450334968,0.8642074114653857,0.8587254693722532,False,448,434.21190815130285,3.1754292293367126,0.004943339105007216,24.2819567646548,60,268.8,11.225705266962406,288,-0.1834929768845855
3016,mixtura,packing_B,T06,largo,16,G3,6.458423450334968,0.8642074114653857,0.8587254693722532,False,448,434.21190815130285,3.1754292293367126,0.004943339105007216,24.2819567646548,60,268.8,11.225705266962406,289,-0.36222358037242786
3016,mixtura,packing_B,T06,largo,16,G3,6.458423450334968,0.8642074114653857,0.8587254693722532,False,448,434.21190815130285,3.1754292293367126,0.004943339105007216,24.2819567646548,60,268.8,11.225705266962406,290,-0.3988264542421419
3016,mixtura,packing_B,T06,largo,16,G3,6.458423450334968,0.8642074114653857,0.8587254693722532,False,448,434.21190815130285,3.1754292293367126,0.004943339105007216,24.2819567646548,60,268.8,11.225705266962406,291,-0.36050459583673466
3016,mixtura,packing_B,T06,largo,16,G3,6.458423450334968,0.8642074114653857,0.8587254693722532,False,448,434.21190815130285,3.1754292293367126,0.004943339105007216,24.2819567646548,60,268.8,11.225705266962406,292,-0.5164915204152889
3016,mixtura,packing_B,T06,largo,16,G3,6.458423450334968,0.8642074114653857,0.8587254693722532,False,448,434.21190815130285,3.1754292293367126,0.004943339105007216,24.2819567646548,60,268.8,11.225705266962406,293,-0.3791604361910116
3016,mixtura,packing_B,T06,largo,16,G3,6.458423450334968,0.8642074114653857,0.8587254693722532,False,448,434.21190815130285,3.1754292293367126,0.004943339105007216,24.2819567646548,60,268.8,11.225705266962406,294,-0.4617160402633566
3016,mixtura,packing_B,T06,largo,16,G3,6.458423450334968,0.8642074114653857,0.8587254693722532,False,448,434.21190815130285,3.1754292293367126,0.004943339105007216,24.2819567646548,60,268.8,11.225705266962406,295,-0.3790484862986642
3016,mixtura,packing_B,T06,largo,16,G3,6.458423450334968,0.8642074114653857,0.8587254693722532,False,448,434.21190815130285,3.1754292293367126,0.004943339105007216,24.2819567646548,60,268.8,11.225705266962406,296,-0.4324826862447238
3016,mixtura,packing_B,T06,largo,16,G3,6.458423450334968,0.8642074114653857,0.8587254693722532,False,448,434.21190815130285,3.1754292293367126,0.004943339105007216,24.2819567646548,60,268.8,11.225705266962406,297,-0.27849393863230837
3016,mixtura,packing_B,T06,largo,16,G3,6.458423450334968,0.8642074114653857,0.8587254693722532,False,448,434.21190815130285,3.1754292293367126,0.004943339105007216,24.2819567646548,60,268.8,11.225705266962406,298,-0.15988047233584943
3016,mixtura,packing_B,T06,largo,16,G3,6.458423450334968,0.8642074114653857,0.8587254693722532,False,448,434.21190815130285,3.1754292293367126,0.004943339105007216,24.2819567646548,60,268.8,11.225705266962406,299,0.011872470652242673
3016,mixtura,packing_B,T06,largo,16,G3,6.458423450334968,0.8642074114653857,0.8587254693722532,False,448,434.21190815130285,3.1754292293367126,0.004943339105007216,24.2819567646548,60,268.8,11.225705266962406,300,-0.004688546371006272
3016,mixtura,packing_B,T06,largo,16,G3,6.458423450334968,0.8642074114653857,0.8587254693722532,False,448,434.21190815130285,3.1754292293367126,0.004943339105007216,24.2819567646548,60,268.8,11.225705266962406,301,-0.13444220930267603
3016,mixtura,packing_B,T06,largo,16,G3,6.458423450334968,0.8642074114653857,0.8587254693722532,False,448,434.21190815130285,3.1754292293367126,0.004943339105007216,24.2819567646548,60,268.8,11.225705266962406,302,0.07315833585675269
3016,mixtura,packing_B,T06,largo,16,G3,6.458423450334968,0.8642074114653857,0.8587254693722532,False,448,434.21190815130285,3.1754292293367126,0.004943339105007216,24.2819567646548,60,268.8,11.225705266962406,303,0.3957767547977906
3016,mixtura,packing_B,T06,largo,16,G3,6.458423450334968,0.8642074114653857,0.8587254693722532,False,448,434.21190815130285,3.1754292293367126,0.004943339105007216,24.2819567646548,60,268.8,11.225705266962406,304,0.2780833310281577
3016,mixtura,packing_B,T06,largo,16,G3,6.458423450334968,0.8642074114653857,0.8587254693722532,False,448,434.21190815130285,3.1754292293367126,0.004943339105007216,24.2819567646548,60,268.8,11.225705266962406,305,0.557773762376762
3016,mixtura,packing_B,T06,largo,16,G3,6.458423450334968,0.8642074114653857,0.8587254693722532,False,448,434.21190815130285,3.1754292293367126,0.004943339105007216,24.2819567646548,60,268.8,11.225705266962406,306,0.49995640004713654
3016,mixtura,packing_B,T06,largo,16,G3,6.458423450334968,0.8642074114653857,0.8587254693722532,False,448,434.21190815130285,3.1754292293367126,0.004943339105007216,24.2819567646548,60,268.8,11.225705266962406,307,0.6662453830457865
3016,mixtura,packing_B,T06,largo,16,G3,6.458423450334968,0.8642074114653857,0.8587254693722532,False,448,434.21190815130285,3.1754292293367126,0.004943339105007216,24.2819567646548,60,268.8,11.225705266962406,308,0.5580074574375152
3016,mixtura,packing_B,T06,largo,16,G3,6.458423450334968,0.8642074114653857,0.8587254693722532,False,448,434.21190815130285,3.1754292293367126,0.004943339105007216,24.2819567646548,60,268.8,11.225705266962406,309,0.3966122982667304
3016,mixtura,packing_B,T06,largo,16,G3,6.458423450334968,0.8642074114653857,0.8587254693722532,False,448,434.21190815130285,3.1754292293367126,0.004943339105007216,24.2819567646548,60,268.8,11.225705266962406,310,0.2566500209490505
3016,mixtura,packing_B,T06,largo,16,G3,6.458423450334968,0.8642074114653857,0.8587254693722532,False,448,434.21190815130285,3.1754292293367126,0.004943339105007216,24.2819567646548,60,268.8,11.225705266962406,311,0.35540166789968075
3016,mixtura,packing_B,T06,largo,16,G3,6.458423450334968,0.8642074114653857,0.8587254693722532,False,448,434.21190815130285,3.1754292293367126,0.004943339105007216,24.2819567646548,60,268.8,11.225705266962406,312,0.3891865313646648
3016,mixtura,packing_B,T06,largo,16,G3,6.458423450334968,0.8642074114653857,0.8587254693722532,False,448,434.21190815130285,3.1754292293367126,0.004943339105007216,24.2819567646548,60,268.8,11.225705266962406,313,0.17479005079783724
3016,mixtura,packing_B,T06,largo,16,G3,6.458423450334968,0.8642074114653857,0.8587254693722532,False,448,434.21190815130285,3.1754292293367126,0.004943339105007216,24.2819567646548,60,268.8,11.225705266962406,314,0.2216256575075635
3016,mixtura,packing_B,T06,largo,16,G3,6.458423450334968,0.8642074114653857,0.8587254693722532,False,448,434.21190815130285,3.1754292293367126,0.004943339105007216,24.2819567646548,60,268.8,11.225705266962406,315,0.14562027806915162
3016,mixtura,packing_B,T06,largo,16,G3,6.458423450334968,0.8642074114653857,0.8587254693722532,False,448,434.21190815130285,3.1754292293367126,0.004943339105007216,24.2819567646548,60,268.8,11.225705266962406,316,-0.0604166390616367
3016,mixtura,packing_B,T06,largo,16,G3,6.458423450334968,0.8642074114653857,0.8587254693722532,False,448,434.21190815130285,3.1754292293367126,0.004943339105007216,24.2819567646548,60,268.8,11.225705266962406,317,-0.16324092839131532
3016,mixtura,packing_B,T06,largo,16,G3,6.458423450334968,0.8642074114653857,0.8587254693722532,False,448,434.21190815130285,3.1754292293367126,0.004943339105007216,24.2819567646548,60,268.8,11.225705266962406,318,-0.18358519217472563
3016,mixtura,packing_B,T06,largo,16,G3,6.458423450334968,0.8642074114653857,0.8587254693722532,False,448,434.21190815130285,3.1754292293367126,0.004943339105007216,24.2819567646548,60,268.8,11.225705266962406,319,-0.20813766230553662
3016,mixtura,packing_B,T06,largo,16,G3,6.458423450334968,0.8642074114653857,0.8587254693722532,False,448,434.21190815130285,3.1754292293367126,0.004943339105007216,24.2819567646548,60,268.8,11.225705266962406,320,-0.3525219355155516
3016,mixtura,packing_B,T06,largo,16,G3,6.458423450334968,0.8642074114653857,0.8587254693722532,False,448,434.21190815130285,3.1754292293367126,0.004943339105007216,24.2819567646548,60,268.8,11.225705266962406,321,-0.4557569337455012
3016,mixtura,packing_B,T06,largo,16,G3,6.458423450334968,0.8642074114653857,0.8587254693722532,False,448,434.21190815130285,3.1754292293367126,0.004943339105007216,24.2819567646548,60,268.8,11.225705266962406,322,-0.4866292117502454
3016,mixtura,packing_B,T06,largo,16,G3,6.458423450334968,0.8642074114653857,0.8587254693722532,False,448,434.21190815130285,3.1754292293367126,0.004943339105007216,24.2819567646548,60,268.8,11.225705266962406,323,-0.46192613340295213
3016,mixtura,packing_B,T06,largo,16,G3,6.458423450334968,0.8642074114653857,0.8587254693722532,False,448,434.21190815130285,3.1754292293367126,0.004943339105007216,24.2819567646548,60,268.8,11.225705266962406,324,-0.41894129804951924
3016,mixtura,packing_B,T06,largo,16,G3,6.458423450334968,0.8642074114653857,0.8587254693722532,False,448,434.21190815130285,3.1754292293367126,0.004943339105007216,24.2819567646548,60,268.8,11.225705266962406,325,-0.4336932059643416
3016,mixtura,packing_B,T06,largo,16,G3,6.458423450334968,0.8642074114653857,0.8587254693722532,False,448,434.21190815130285,3.1754292293367126,0.004943339105007216,24.2819567646548,60,268.8,11.225705266962406,326,-0.436323110146477
3016,mixtura,packing_B,T06,largo,16,G3,6.458423450334968,0.8642074114653857,0.8587254693722532,False,448,434.21190815130285,3.1754292293367126,0.004943339105007216,24.2819567646548,60,268.8,11.225705266962406,327,-0.3289078637281452
3016,mixtura,packing_B,T06,largo,16,G3,6.458423450334968,0.8642074114653857,0.8587254693722532,False,448,434.21190815130285,3.1754292293367126,0.004943339105007216,24.2819567646548,60,268.8,11.225705266962406,328,-0.25854352785868434
3016,mixtura,packing_B,T06,largo,16,G3,6.458423450334968,0.8642074114653857,0.8587254693722532,False,448,434.21190815130285,3.1754292293367126,0.004943339105007216,24.2819567646548,60,268.8,11.225705266962406,329,-0.11889500918587231
3016,mixtura,packing_B,T06,largo,16,G3,6.458423450334968,0.8642074114653857,0.8587254693722532,False,448,434.21190815130285,3.1754292293367126,0.004943339105007216,24.2819567646548,60,268.8,11.225705266962406,330,0.04370335437738278
3016,mixtura,packing_B,T06,largo,16,G3,6.458423450334968,0.8642074114653857,0.8587254693722532,False,448,434.21190815130285,3.1754292293367126,0.004943339105007216,24.2819567646548,60,268.8,11.225705266962406,331,0.2555654698801767
3016,mixtura,packing_B,T06,largo,16,G3,6.458423450334968,0.8642074114653857,0.8587254693722532,False,448,434.21190815130285,3.1754292293367126,0.004943339105007216,24.2819567646548,60,268.8,11.225705266962406,332,0.1777640983800948
3016,mixtura,packing_B,T06,largo,16,G3,6.458423450334968,0.8642074114653857,0.8587254693722532,False,448,434.21190815130285,3.1754292293367126,0.004943339105007216,24.2819567646548,60,268.8,11.225705266962406,333,0.30279432170231546
3016,mixtura,packing_B,T06,largo,16,G3,6.458423450334968,0.8642074114653857,0.8587254693722532,False,448,434.21190815130285,3.1754292293367126,0.004943339105007216,24.2819567646548,60,268.8,11.225705266962406,334,0.40835164412121233
3016,mixtura,packing_B,T06,largo,16,G3,6.458423450334968,0.8642074114653857,0.8587254693722532,False,448,434.21190815130285,3.1754292293367126,0.004943339105007216,24.2819567646548,60,268.8,11.225705266962406,335,0.4144975301334793
3016,mixtura,packing_B,T06,largo,16,G3,6.458423450334968,0.8642074114653857,0.8587254693722532,False,448,434.21190815130285,3.1754292293367126,0.004943339105007216,24.2819567646548,60,268.8,11.225705266962406,336,0.4867685018518218
3016,mixtura,packing_B,T06,largo,16,G3,6.458423450334968,0.8642074114653857,0.8587254693722532,False,448,434.21190815130285,3.1754292293367126,0.004943339105007216,24.2819567646548,60,268.8,11.225705266962406,337,0.5739709623280747
3016,mixtura,packing_B,T06,largo,16,G3,6.458423450334968,0.8642074114653857,0.8587254693722532,False,448,434.21190815130285,3.1754292293367126,0.004943339105007216,24.2819567646548,60,268.8,11.225705266962406,338,0.36562930264802834
3016,mixtura,packing_B,T06,largo,16,G3,6.458423450334968,0.8642074114653857,0.8587254693722532,False,448,434.21190815130285,3.1754292293367126,0.004943339105007216,24.2819567646548,60,268.8,11.225705266962406,339,0.5416839597608079
3016,mixtura,packing_B,T06,largo,16,G3,6.458423450334968,0.8642074114653857,0.8587254693722532,False,448,434.21190815130285,3.1754292293367126,0.004943339105007216,24.2819567646548,60,268.8,11.225705266962406,340,0.48944994406802633
3016,mixtura,packing_B,T06,largo,16,G3,6.458423450334968,0.8642074114653857,0.8587254693722532,False,448,434.21190815130285,3.1754292293367126,0.004943339105007216,24.2819567646548,60,268.8,11.225705266962406,341,0.5370575446054745
3016,mixtura,packing_B,T06,largo,16,G3,6.458423450334968,0.8642074114653857,0.8587254693722532,False,448,434.21190815130285,3.1754292293367126,0.004943339105007216,24.2819567646548,60,268.8,11.225705266962406,342,0.16439590952519922
3016,mixtura,packing_B,T06,largo,16,G3,6.458423450334968,0.8642074114653857,0.8587254693722532,False,448,434.21190815130285,3.1754292293367126,0.004943339105007216,24.2819567646548,60,268.8,11.225705266962406,343,0.12272975715589297
3016,mixtura,packing_B,T06,largo,16,G3,6.458423450334968,0.8642074114653857,0.8587254693722532,False,448,434.21190815130285,3.1754292293367126,0.004943339105007216,24.2819567646548,60,268.8,11.225705266962406,344,-0.012405826440951756
3016,mixtura,packing_B,T06,largo,16,G3,6.458423450334968,0.8642074114653857,0.8587254693722532,False,448,434.21190815130285,3.1754292293367126,0.004943339105007216,24.2819567646548,60,268.8,11.225705266962406,345,-0.031748615770367895
3016,mixtura,packing_B,T06,largo,16,G3,6.458423450334968,0.8642074114653857,0.8587254693722532,False,448,434.21190815130285,3.1754292293367126,0.004943339105007216,24.2819567646548,60,268.8,11.225705266962406,346,-0.06617881503880733
3016,mixtura,packing_B,T06,largo,16,G3,6.458423450334968,0.8642074114653857,0.8587254693722532,False,448,434.21190815130285,3.1754292293367126,0.004943339105007216,24.2819567646548,60,268.8,11.225705266962406,347,-0.14311582777324583
3016,mixtura,packing_B,T06,largo,16,G3,6.458423450334968,0.8642074114653857,0.8587254693722532,False,448,434.21190815130285,3.1754292293367126,0.004943339105007216,24.2819567646548,60,268.8,11.225705266962406,348,-0.34044049562929524
3016,mixtura,packing_B,T06,largo,16,G3,6.458423450334968,0.8642074114653857,0.8587254693722532,False,448,434.21190815130285,3.1754292293367126,0.004943339105007216,24.2819567646548,60,268.8,11.225705266962406,349,-0.41064242738947704
3016,mixtura,packing_B,T06,largo,16,G3,6.458423450334968,0.8642074114653857,0.8587254693722532,False,448,434.21190815130285,3.1754292293367126,0.004943339105007216,24.2819567646548,60,268.8,11.225705266962406,350,-0.5979412811446027
3016,mixtura,packing_B,T06,largo,16,G3,6.458423450334968,0.8642074114653857,0.8587254693722532,False,448,434.21190815130285,3.1754292293367126,0.004943339105007216,24.2819567646548,60,268.8,11.225705266962406,351,-0.5738740109772587
3016,mixtura,packing_B,T06,largo,16,G3,6.458423450334968,0.8642074114653857,0.8587254693722532,False,448,434.21190815130285,3.1754292293367126,0.004943339105007216,24.2819567646548,60,268.8,11.225705266962406,352,-0.46972672448373737
3016,mixtura,packing_B,T06,largo,16,G3,6.458423450334968,0.8642074114653857,0.8587254693722532,False,448,434.21190815130285,3.1754292293367126,0.004943339105007216,24.2819567646548,60,268.8,11.225705266962406,353,-0.5861258135385166
3016,mixtura,packing_B,T06,largo,16,G3,6.458423450334968,0.8642074114653857,0.8587254693722532,False,448,434.21190815130285,3.1754292293367126,0.004943339105007216,24.2819567646548,60,268.8,11.225705266962406,354,-0.41233725207629557
3016,mixtura,packing_B,T06,largo,16,G3,6.458423450334968,0.8642074114653857,0.8587254693722532,False,448,434.21190815130285,3.1754292293367126,0.004943339105007216,24.2819567646548,60,268.8,11.225705266962406,355,-0.3895761931829795
3016,mixtura,packing_B,T06,largo,16,G3,6.458423450334968,0.8642074114653857,0.8587254693722532,False,448,434.21190815130285,3.1754292293367126,0.004943339105007216,24.2819567646548,60,268.8,11.225705266962406,356,-0.2551562087987852
3016,mixtura,packing_B,T06,largo,16,G3,6.458423450334968,0.8642074114653857,0.8587254693722532,False,448,434.21190815130285,3.1754292293367126,0.004943339105007216,24.2819567646548,60,268.8,11.225705266962406,357,-0.4677633666630731
3016,mixtura,packing_B,T06,largo,16,G3,6.458423450334968,0.8642074114653857,0.8587254693722532,False,448,434.21190815130285,3.1754292293367126,0.004943339105007216,24.2819567646548,60,268.8,11.225705266962406,358,-0.28597343427419697
3016,mixtura,packing_B,T06,largo,16,G3,6.458423450334968,0.8642074114653857,0.8587254693722532,False,448,434.21190815130285,3.1754292293367126,0.004943339105007216,24.2819567646548,60,268.8,11.225705266962406,359,-0.0371579433847564
3016,mixtura,packing_B,T06,largo,16,G3,6.458423450334968,0.8642074114653857,0.8587254693722532,False,448,434.21190815130285,3.1754292293367126,0.004943339105007216,24.2819567646548,60,268.8,11.225705266962406,360,0.09991295298937615
3016,mixtura,packing_B,T06,largo,16,G3,6.458423450334968,0.8642074114653857,0.8587254693722532,False,448,434.21190815130285,3.1754292293367126,0.004943339105007216,24.2819567646548,60,268.8,11.225705266962406,361,0.11757343031780536
3016,mixtura,packing_B,T06,largo,16,G3,6.458423450334968,0.8642074114653857,0.8587254693722532,False,448,434.21190815130285,3.1754292293367126,0.004943339105007216,24.2819567646548,60,268.8,11.225705266962406,362,-0.0643261575046187
3016,mixtura,packing_B,T06,largo,16,G3,6.458423450334968,0.8642074114653857,0.8587254693722532,False,448,434.21190815130285,3.1754292293367126,0.004943339105007216,24.2819567646548,60,268.8,11.225705266962406,363,0.2107630347727328
3016,mixtura,packing_B,T06,largo,16,G3,6.458423450334968,0.8642074114653857,0.8587254693722532,False,448,434.21190815130285,3.1754292293367126,0.004943339105007216,24.2819567646548,60,268.8,11.225705266962406,364,0.23286516335483934
3016,mixtura,packing_B,T06,largo,16,G3,6.458423450334968,0.8642074114653857,0.8587254693722532,False,448,434.21190815130285,3.1754292293367126,0.004943339105007216,24.2819567646548,60,268.8,11.225705266962406,365,0.2644419176559233
3016,mixtura,packing_B,T06,largo,16,G3,6.458423450334968,0.8642074114653857,0.8587254693722532,False,448,434.21190815130285,3.1754292293367126,0.004943339105007216,24.2819567646548,60,268.8,11.225705266962406,366,0.49753832435324996
3016,mixtura,packing_B,T06,largo,16,G3,6.458423450334968,0.8642074114653857,0.8587254693722532,False,448,434.21190815130285,3.1754292293367126,0.004943339105007216,24.2819567646548,60,268.8,11.225705266962406,367,0.4190118740406767
3016,mixtura,packing_B,T06,largo,16,G3,6.458423450334968,0.8642074114653857,0.8587254693722532,False,448,434.21190815130285,3.1754292293367126,0.004943339105007216,24.2819567646548,60,268.8,11.225705266962406,368,0.35858784318816783
3016,mixtura,packing_B,T06,largo,16,G3,6.458423450334968,0.8642074114653857,0.8587254693722532,False,448,434.21190815130285,3.1754292293367126,0.004943339105007216,24.2819567646548,60,268.8,11.225705266962406,369,0.49137599728704967
3016,mixtura,packing_B,T06,largo,16,G3,6.458423450334968,0.8642074114653857,0.8587254693722532,False,448,434.21190815130285,3.1754292293367126,0.004943339105007216,24.2819567646548,60,268.8,11.225705266962406,370,0.2610560223379159
3016,mixtura,packing_B,T06,largo,16,G3,6.458423450334968,0.8642074114653857,0.8587254693722532,False,448,434.21190815130285,3.1754292293367126,0.004943339105007216,24.2819567646548,60,268.8,11.225705266962406,371,0.20868056952709374
3016,mixtura,packing_B,T06,largo,16,G3,6.458423450334968,0.8642074114653857,0.8587254693722532,False,448,434.21190815130285,3.1754292293367126,0.004943339105007216,24.2819567646548,60,268.8,11.225705266962406,372,0.251386134550309
3016,mixtura,packing_B,T06,largo,16,G3,6.458423450334968,0.8642074114653857,0.8587254693722532,False,448,434.21190815130285,3.1754292293367126,0.004943339105007216,24.2819567646548,60,268.8,11.225705266962406,373,0.03368027431224929
3016,mixtura,packing_B,T06,largo,16,G3,6.458423450334968,0.8642074114653857,0.8587254693722532,False,448,434.21190815130285,3.1754292293367126,0.004943339105007216,24.2819567646548,60,268.8,11.225705266962406,374,0.20649615694148843
3016,mixtura,packing_B,T06,largo,16,G3,6.458423450334968,0.8642074114653857,0.8587254693722532,False,448,434.21190815130285,3.1754292293367126,0.004943339105007216,24.2819567646548,60,268.8,11.225705266962406,375,0.14378769595714022
3016,mixtura,packing_B,T06,largo,16,G3,6.458423450334968,0.8642074114653857,0.8587254693722532,False,448,434.21190815130285,3.1754292293367126,0.004943339105007216,24.2819567646548,60,268.8,11.225705266962406,376,-0.0880591435277701
3016,mixtura,packing_B,T06,largo,16,G3,6.458423450334968,0.8642074114653857,0.8587254693722532,False,448,434.21190815130285,3.1754292293367126,0.004943339105007216,24.2819567646548,60,268.8,11.225705266962406,377,-0.39179100582884757
3016,mixtura,packing_B,T06,largo,16,G3,6.458423450334968,0.8642074114653857,0.8587254693722532,False,448,434.21190815130285,3.1754292293367126,0.004943339105007216,24.2819567646548,60,268.8,11.225705266962406,378,-0.2513690760925862
3016,mixtura,packing_B,T06,largo,16,G3,6.458423450334968,0.8642074114653857,0.8587254693722532,False,448,434.21190815130285,3.1754292293367126,0.004943339105007216,24.2819567646548,60,268.8,11.225705266962406,379,-0.47558429713163736
3016,mixtura,packing_B,T06,largo,16,G3,6.458423450334968,0.8642074114653857,0.8587254693722532,False,448,434.21190815130285,3.1754292293367126,0.004943339105007216,24.2819567646548,60,268.8,11.225705266962406,380,-0.3128086444952075
3016,mixtura,packing_B,T06,largo,16,G3,6.458423450334968,0.8642074114653857,0.8587254693722532,False,448,434.21190815130285,3.1754292293367126,0.004943339105007216,24.2819567646548,60,268.8,11.225705266962406,381,-0.5410139477973126
3016,mixtura,packing_B,T06,largo,16,G3,6.458423450334968,0.8642074114653857,0.8587254693722532,False,448,434.21190815130285,3.1754292293367126,0.004943339105007216,24.2819567646548,60,268.8,11.225705266962406,382,-0.5989034818027591
3016,mixtura,packing_B,T06,largo,16,G3,6.458423450334968,0.8642074114653857,0.8587254693722532,False,448,434.21190815130285,3.1754292293367126,0.004943339105007216,24.2819567646548,60,268.8,11.225705266962406,383,-0.5203730106216077
3016,mixtura,packing_B,T06,largo,16,G3,6.458423450334968,0.8642074114653857,0.8587254693722532,False,448,434.21190815130285,3.1754292293367126,0.004943339105007216,24.2819567646548,60,268.8,11.225705266962406,384,-0.386870621353458
3016,mixtura,packing_B,T06,largo,16,G3,6.458423450334968,0.8642074114653857,0.8587254693722532,False,448,434.21190815130285,3.1754292293367126,0.004943339105007216,24.2819567646548,60,268.8,11.225705266962406,385,-0.29993934026233493
3016,mixtura,packing_B,T06,largo,16,G3,6.458423450334968,0.8642074114653857,0.8587254693722532,False,448,434.21190815130285,3.1754292293367126,0.004943339105007216,24.2819567646548,60,268.8,11.225705266962406,386,-0.38385182046471866
3016,mixtura,packing_B,T06,largo,16,G3,6.458423450334968,0.8642074114653857,0.8587254693722532,False,448,434.21190815130285,3.1754292293367126,0.004943339105007216,24.2819567646548,60,268.8,11.225705266962406,387,-0.36100806047007183
3016,mixtura,packing_B,T06,largo,16,G3,6.458423450334968,0.8642074114653857,0.8587254693722532,False,448,434.21190815130285,3.1754292293367126,0.004943339105007216,24.2819567646548,60,268.8,11.225705266962406,388,-0.17879501857871385
3016,mixtura,packing_B,T06,largo,16,G3,6.458423450334968,0.8642074114653857,0.8587254693722532,False,448,434.21190815130285,3.1754292293367126,0.004943339105007216,24.2819567646548,60,268.8,11.225705266962406,389,-0.24168414760886597
3016,mixtura,packing_B,T06,largo,16,G3,6.458423450334968,0.8642074114653857,0.8587254693722532,False,448,434.21190815130285,3.1754292293367126,0.004943339105007216,24.2819567646548,60,268.8,11.225705266962406,390,0.03157542309473794
3016,mixtura,packing_B,T06,largo,16,G3,6.458423450334968,0.8642074114653857,0.8587254693722532,False,448,434.21190815130285,3.1754292293367126,0.004943339105007216,24.2819567646548,60,268.8,11.225705266962406,391,-0.07189165856601334
3016,mixtura,packing_B,T06,largo,16,G3,6.458423450334968,0.8642074114653857,0.8587254693722532,False,448,434.21190815130285,3.1754292293367126,0.004943339105007216,24.2819567646548,60,268.8,11.225705266962406,392,0.1389836325263085
3016,mixtura,packing_B,T06,largo,16,G3,6.458423450334968,0.8642074114653857,0.8587254693722532,False,448,434.21190815130285,3.1754292293367126,0.004943339105007216,24.2819567646548,60,268.8,11.225705266962406,393,0.31983034706501595
3016,mixtura,packing_B,T06,largo,16,G3,6.458423450334968,0.8642074114653857,0.8587254693722532,False,448,434.21190815130285,3.1754292293367126,0.004943339105007216,24.2819567646548,60,268.8,11.225705266962406,394,0.36607684374180505
3016,mixtura,packing_B,T06,largo,16,G3,6.458423450334968,0.8642074114653857,0.8587254693722532,False,448,434.21190815130285,3.1754292293367126,0.004943339105007216,24.2819567646548,60,268.8,11.225705266962406,395,0.5162663642603682
3016,mixtura,packing_B,T06,largo,16,G3,6.458423450334968,0.8642074114653857,0.8587254693722532,False,448,434.21190815130285,3.1754292293367126,0.004943339105007216,24.2819567646548,60,268.8,11.225705266962406,396,0.4327468067951943
3016,mixtura,packing_B,T06,largo,16,G3,6.458423450334968,0.8642074114653857,0.8587254693722532,False,448,434.21190815130285,3.1754292293367126,0.004943339105007216,24.2819567646548,60,268.8,11.225705266962406,397,0.5435387945089912
3016,mixtura,packing_B,T06,largo,16,G3,6.458423450334968,0.8642074114653857,0.8587254693722532,False,448,434.21190815130285,3.1754292293367126,0.004943339105007216,24.2819567646548,60,268.8,11.225705266962406,398,0.49353703492434836
3016,mixtura,packing_B,T06,largo,16,G3,6.458423450334968,0.8642074114653857,0.8587254693722532,False,448,434.21190815130285,3.1754292293367126,0.004943339105007216,24.2819567646548,60,268.8,11.225705266962406,399,0.5884143502102186
3016,mixtura,packing_B,T06,largo,16,G3,6.458423450334968,0.8642074114653857,0.8587254693722532,False,448,434.21190815130285,3.1754292293367126,0.004943339105007216,24.2819567646548,60,268.8,11.225705266962406,400,0.3294148848424092
3016,mixtura,packing_B,T06,largo,16,G3,6.458423450334968,0.8642074114653857,0.8587254693722532,False,448,434.21190815130285,3.1754292293367126,0.004943339105007216,24.2819567646548,60,268.8,11.225705266962406,401,0.40142071475123564
3016,mixtura,packing_B,T06,largo,16,G3,6.458423450334968,0.8642074114653857,0.8587254693722532,False,448,434.21190815130285,3.1754292293367126,0.004943339105007216,24.2819567646548,60,268.8,11.225705266962406,402,0.15892705430264217
3016,mixtura,packing_B,T06,largo,16,G3,6.458423450334968,0.8642074114653857,0.8587254693722532,False,448,434.21190815130285,3.1754292293367126,0.004943339105007216,24.2819567646548,60,268.8,11.225705266962406,403,0.2522246319298855
3016,mixtura,packing_B,T06,largo,16,G3,6.458423450334968,0.8642074114653857,0.8587254693722532,False,448,434.21190815130285,3.1754292293367126,0.004943339105007216,24.2819567646548,60,268.8,11.225705266962406,404,0.09668568365121129
3016,mixtura,packing_B,T06,largo,16,G3,6.458423450334968,0.8642074114653857,0.8587254693722532,False,448,434.21190815130285,3.1754292293367126,0.004943339105007216,24.2819567646548,60,268.8,11.225705266962406,405,-0.03382341802658517
3016,mixtura,packing_B,T06,largo,16,G3,6.458423450334968,0.8642074114653857,0.8587254693722532,False,448,434.21190815130285,3.1754292293367126,0.004943339105007216,24.2819567646548,60,268.8,11.225705266962406,406,-0.15288270850753632
3016,mixtura,packing_B,T06,largo,16,G3,6.458423450334968,0.8642074114653857,0.8587254693722532,False,448,434.21190815130285,3.1754292293367126,0.004943339105007216,24.2819567646548,60,268.8,11.225705266962406,407,-0.2529030022269624
3016,mixtura,packing_B,T06,largo,16,G3,6.458423450334968,0.8642074114653857,0.8587254693722532,False,448,434.21190815130285,3.1754292293367126,0.004943339105007216,24.2819567646548,60,268.8,11.225705266962406,408,-0.4419722001289939
3016,mixtura,packing_B,T06,largo,16,G3,6.458423450334968,0.8642074114653857,0.8587254693722532,False,448,434.21190815130285,3.1754292293367126,0.004943339105007216,24.2819567646548,60,268.8,11.225705266962406,409,-0.4120067715287652
3016,mixtura,packing_B,T06,largo,16,G3,6.458423450334968,0.8642074114653857,0.8587254693722532,False,448,434.21190815130285,3.1754292293367126,0.004943339105007216,24.2819567646548,60,268.8,11.225705266962406,410,-0.40942350093226776
3016,mixtura,packing_B,T06,largo,16,G3,6.458423450334968,0.8642074114653857,0.8587254693722532,False,448,434.21190815130285,3.1754292293367126,0.004943339105007216,24.2819567646548,60,268.8,11.225705266962406,411,-0.3928001941516952
3016,mixtura,packing_B,T06,largo,16,G3,6.458423450334968,0.8642074114653857,0.8587254693722532,False,448,434.21190815130285,3.1754292293367126,0.004943339105007216,24.2819567646548,60,268.8,11.225705266962406,412,-0.48647700657815984
3016,mixtura,packing_B,T06,largo,16,G3,6.458423450334968,0.8642074114653857,0.8587254693722532,False,448,434.21190815130285,3.1754292293367126,0.004943339105007216,24.2819567646548,60,268.8,11.225705266962406,413,-0.3501161103847893
3016,mixtura,packing_B,T06,largo,16,G3,6.458423450334968,0.8642074114653857,0.8587254693722532,False,448,434.21190815130285,3.1754292293367126,0.004943339105007216,24.2819567646548,60,268.8,11.225705266962406,414,-0.5075904205972602
3016,mixtura,packing_B,T06,largo,16,G3,6.458423450334968,0.8642074114653857,0.8587254693722532,False,448,434.21190815130285,3.1754292293367126,0.004943339105007216,24.2819567646548,60,268.8,11.225705266962406,415,-0.4216126710464035
3016,mixtura,packing_B,T06,largo,16,G3,6.458423450334968,0.8642074114653857,0.8587254693722532,False,448,434.21190815130285,3.1754292293367126,0.004943339105007216,24.2819567646548,60,268.8,11.225705266962406,416,-0.32292953505458877
3016,mixtura,packing_B,T06,largo,16,G3,6.458423450334968,0.8642074114653857,0.8587254693722532,False,448,434.21190815130285,3.1754292293367126,0.004943339105007216,24.2819567646548,60,268.8,11.225705266962406,417,-0.3867287084894786
3016,mixtura,packing_B,T06,largo,16,G3,6.458423450334968,0.8642074114653857,0.8587254693722532,False,448,434.21190815130285,3.1754292293367126,0.004943339105007216,24.2819567646548,60,268.8,11.225705266962406,418,-0.16868081016724806
3016,mixtura,packing_B,T06,largo,16,G3,6.458423450334968,0.8642074114653857,0.8587254693722532,False,448,434.21190815130285,3.1754292293367126,0.004943339105007216,24.2819567646548,60,268.8,11.225705266962406,419,-0.1313320385918491
3016,mixtura,packing_B,T06,largo,16,G3,6.458423450334968,0.8642074114653857,0.8587254693722532,False,448,434.21190815130285,3.1754292293367126,0.004943339105007216,24.2819567646548,60,268.8,11.225705266962406,420,-0.037985889354878434
3016,mixtura,packing_B,T06,largo,16,G3,6.458423450334968,0.8642074114653857,0.8587254693722532,False,448,434.21190815130285,3.1754292293367126,0.004943339105007216,24.2819567646548,60,268.8,11.225705266962406,421,0.11977001542736226
3016,mixtura,packing_B,T06,largo,16,G3,6.458423450334968,0.8642074114653857,0.8587254693722532,False,448,434.21190815130285,3.1754292293367126,0.004943339105007216,24.2819567646548,60,268.8,11.225705266962406,422,0.19351069327589213
3016,mixtura,packing_B,T06,largo,16,G3,6.458423450334968,0.8642074114653857,0.8587254693722532,False,448,434.21190815130285,3.1754292293367126,0.004943339105007216,24.2819567646548,60,268.8,11.225705266962406,423,0.28523035826715964
3016,mixtura,packing_B,T06,largo,16,G3,6.458423450334968,0.8642074114653857,0.8587254693722532,False,448,434.21190815130285,3.1754292293367126,0.004943339105007216,24.2819567646548,60,268.8,11.225705266962406,424,0.35679543593550433
3016,mixtura,packing_B,T06,largo,16,G3,6.458423450334968,0.8642074114653857,0.8587254693722532,False,448,434.21190815130285,3.1754292293367126,0.004943339105007216,24.2819567646548,60,268.8,11.225705266962406,425,0.4546428939633862
3016,mixtura,packing_B,T06,largo,16,G3,6.458423450334968,0.8642074114653857,0.8587254693722532,False,448,434.21190815130285,3.1754292293367126,0.004943339105007216,24.2819567646548,60,268.8,11.225705266962406,426,0.4346308275745077
3016,mixtura,packing_B,T06,largo,16,G3,6.458423450334968,0.8642074114653857,0.8587254693722532,False,448,434.21190815130285,3.1754292293367126,0.004943339105007216,24.2819567646548,60,268.8,11.225705266962406,427,0.5572287219043627
3016,mixtura,packing_B,T06,largo,16,G3,6.458423450334968,0.8642074114653857,0.8587254693722532,False,448,434.21190815130285,3.1754292293367126,0.004943339105007216,24.2819567646548,60,268.8,11.225705266962406,428,0.44652276693325604
3016,mixtura,packing_B,T06,largo,16,G3,6.458423450334968,0.8642074114653857,0.8587254693722532,False,448,434.21190815130285,3.1754292293367126,0.004943339105007216,24.2819567646548,60,268.8,11.225705266962406,429,0.4135715903339352
3016,mixtura,packing_B,T06,largo,16,G3,6.458423450334968,0.8642074114653857,0.8587254693722532,False,448,434.21190815130285,3.1754292293367126,0.004943339105007216,24.2819567646548,60,268.8,11.225705266962406,430,0.5125458634206254
3016,mixtura,packing_B,T06,largo,16,G3,6.458423450334968,0.8642074114653857,0.8587254693722532,False,448,434.21190815130285,3.1754292293367126,0.004943339105007216,24.2819567646548,60,268.8,11.225705266962406,431,0.41497976085809096
3016,mixtura,packing_B,T06,largo,16,G3,6.458423450334968,0.8642074114653857,0.8587254693722532,False,448,434.21190815130285,3.1754292293367126,0.004943339105007216,24.2819567646548,60,268.8,11.225705266962406,432,0.32632970042530457
3016,mixtura,packing_B,T06,largo,16,G3,6.458423450334968,0.8642074114653857,0.8587254693722532,False,448,434.21190815130285,3.1754292293367126,0.004943339105007216,24.2819567646548,60,268.8,11.225705266962406,433,0.23826053748820178
3016,mixtura,packing_B,T06,largo,16,G3,6.458423450334968,0.8642074114653857,0.8587254693722532,False,448,434.21190815130285,3.1754292293367126,0.004943339105007216,24.2819567646548,60,268.8,11.225705266962406,434,0.12925248609252166
3016,mixtura,packing_B,T06,largo,16,G3,6.458423450334968,0.8642074114653857,0.8587254693722532,False,448,434.21190815130285,3.1754292293367126,0.004943339105007216,24.2819567646548,60,268.8,11.225705266962406,435,0.06869105029900296
3016,mixtura,packing_B,T06,largo,16,G3,6.458423450334968,0.8642074114653857,0.8587254693722532,False,448,434.21190815130285,3.1754292293367126,0.004943339105007216,24.2819567646548,60,268.8,11.225705266962406,436,-0.29018722694651605
3016,mixtura,packing_B,T06,largo,16,G3,6.458423450334968,0.8642074114653857,0.8587254693722532,False,448,434.21190815130285,3.1754292293367126,0.004943339105007216,24.2819567646548,60,268.8,11.225705266962406,437,-0.06368295278423036
3016,mixtura,packing_B,T06,largo,16,G3,6.458423450334968,0.8642074114653857,0.8587254693722532,False,448,434.21190815130285,3.1754292293367126,0.004943339105007216,24.2819567646548,60,268.8,11.225705266962406,438,-0.3452621991425774
3016,mixtura,packing_B,T06,largo,16,G3,6.458423450334968,0.8642074114653857,0.8587254693722532,False,448,434.21190815130285,3.1754292293367126,0.004943339105007216,24.2819567646548,60,268.8,11.225705266962406,439,-0.478393373246531
3016,mixtura,packing_B,T06,largo,16,G3,6.458423450334968,0.8642074114653857,0.8587254693722532,False,448,434.21190815130285,3.1754292293367126,0.004943339105007216,24.2819567646548,60,268.8,11.225705266962406,440,-0.23940741896362472
3016,mixtura,packing_B,T06,largo,16,G3,6.458423450334968,0.8642074114653857,0.8587254693722532,False,448,434.21190815130285,3.1754292293367126,0.004943339105007216,24.2819567646548,60,268.8,11.225705266962406,441,-0.45342027454719497
3016,mixtura,packing_B,T06,largo,16,G3,6.458423450334968,0.8642074114653857,0.8587254693722532,False,448,434.21190815130285,3.1754292293367126,0.004943339105007216,24.2819567646548,60,268.8,11.225705266962406,442,-0.5015299517721352
3016,mixtura,packing_B,T06,largo,16,G3,6.458423450334968,0.8642074114653857,0.8587254693722532,False,448,434.21190815130285,3.1754292293367126,0.004943339105007216,24.2819567646548,60,268.8,11.225705266962406,443,-0.4696534654375081
3016,mixtura,packing_B,T06,largo,16,G3,6.458423450334968,0.8642074114653857,0.8587254693722532,False,448,434.21190815130285,3.1754292293367126,0.004943339105007216,24.2819567646548,60,268.8,11.225705266962406,444,-0.5349326203895105
3016,mixtura,packing_B,T06,largo,16,G3,6.458423450334968,0.8642074114653857,0.8587254693722532,False,448,434.21190815130285,3.1754292293367126,0.004943339105007216,24.2819567646548,60,268.8,11.225705266962406,445,-0.5530239779686601
3016,mixtura,packing_B,T06,largo,16,G3,6.458423450334968,0.8642074114653857,0.8587254693722532,False,448,434.21190815130285,3.1754292293367126,0.004943339105007216,24.2819567646548,60,268.8,11.225705266962406,446,-0.18877737362933522
3016,mixtura,packing_B,T06,largo,16,G3,6.458423450334968,0.8642074114653857,0.8587254693722532,False,448,434.21190815130285,3.1754292293367126,0.004943339105007216,24.2819567646548,60,268.8,11.225705266962406,447,-0.3083614463811185
