proceso_id,epoca,packing,tunel,tipo_tunel,iteracion,mass_group,masa_ton,ocupabilidad,caudal_factor,anomalia_duracion,duracion_min,duracion_esperada_min,delta_duracion_pct,setpoint,T0,pct_transitorio,t_trans_min,overshoot_pct,tiempo_min,temperatura
1428,uva,packing_A,T06,largo,28,G4,8.696229081355995,0.5149779982296985,0.8472344911561346,False,494,439.6228882307342,12.369035649646662,-0.35654203878485446,23.000473299324177,60,296.4,8.183310596667019,0,23.102211130329863
1428,uva,packing_A,T06,largo,28,G4,8.696229081355995,0.5149779982296985,0.8472344911561346,False,494,439.6228882307342,12.369035649646662,-0.35654203878485446,23.000473299324177,60,296.4,8.183310596667019,1,22.92728542786318
1428,uva,packing_A,T06,largo,28,G4,8.696229081355995,0.5149779982296985,0.8472344911561346,False,494,439.6228882307342,12.369035649646662,-0.35654203878485446,23.000473299324177,60,296.4,8.183310596667019,2,22.446327423368018
1428,uva,packing_A,T06,largo,28,G4,8.696229081355995,0.5149779982296985,0.8472344911561346,False,494,439.6228882307342,12.369035649646662,-0.35654203878485446,23.000473299324177,60,296.4,8.183310596667019,3,22.317874996953126
1428,uva,packing_A,T06,largo,28,G4,8.696229081355995,0.5149779982296985,0.8472344911561346,False,494,439.6228882307342,12.369035649646662,-0.35654203878485446,23.000473299324177,60,296.4,8.183310596667019,4,22.344454342731865
1428,uva,packing_A,T06,largo,28,G4,8.696229081355995,0.5149779982296985,0.8472344911561346,False,494,439.6228882307342,12.369035649646662,-0.35654203878485446,23.000473299324177,60,296.4,8.183310596667019,5,21.890937700023755
1428,uva,packing_A,T06,largo,28,G4,8.696229081355995,0.5149779982296985,0.8472344911561346,False,494,439.6228882307342,12.369035649646662,-0.35654203878485446,23.000473299324177,60,296.4,8.183310596667019,6,21.90374490682779
1428,uva,packing_A,T06,largo,28,G4,8.696229081355995,0.5149779982296985,0.8472344911561346,False,494,439.6228882307342,12.369035649646662,-0.35654203878485446,23.000473299324177,60,296.4,8.183310596667019,7,21.632269858264213
1428,uva,packing_A,T06,largo,28,G4,8.696229081355995,0.5149779982296985,0.8472344911561346,False,494,439.6228882307342,12.369035649646662,-0.35654203878485446,23.000473299324177,60,296.4,8.183310596667019,8,21.41918058972991
1428,uva,packing_A,T06,largo,28,G4,8.696229081355995,0.5149779982296985,0.8472344911561346,False,494,439.6228882307342,12.369035649646662,-0.35654203878485446,23.000473299324177,60,296.4,8.183310596667019,9,21.173989853407694
1428,uva,packing_A,T06,largo,28,G4,8.696229081355995,0.5149779982296985,0.8472344911561346,False,494,439.6228882307342,12.369035649646662,-0.35654203878485446,23.000473299324177,60,296.4,8.183310596667019,10,20.690718309511844
1428,uva,packing_A,T06,largo,28,G4,8.696229081355995,0.5149779982296985,0.8472344911561346,False,494,439.6228882307342,12.369035649646662,-0.35654203878485446,23.000473299324177,60,296.4,8.183310596667019,11,20.90058103287951
1428,uva,packing_A,T06,largo,28,G4,8.696229081355995,0.5149779982296985,0.8472344911561346,False,494,439.6228882307342,12.369035649646662,-0.35654203878485446,23.000473299324177,60,296.4,8.183310596667019,12,20.518023459710427
1428,uva,packing_A,T06,largo,28,G4,8.696229081355995,0.5149779982296985,0.8472344911561346,False,494,439.6228882307342,12.369035649646662,-0.35654203878485446,23.000473299324177,60,296.4,8.183310596667019,13,20.09077499296766
1428,uva,packing_A,T06,largo,28,G4,8.696229081355995,0.5149779982296985,0.8472344911561346,False,494,439.6228882307342,12.369035649646662,-0.35654203878485446,23.000473299324177,60,296.4,8.183310596667019,14,19.939703693609594
1428,uva,packing_A,T06,largo,28,G4,8.696229081355995,0.5149779982296985,0.8472344911561346,False,494,439.6228882307342,12.369035649646662,-0.35654203878485446,23.000473299324177,60,296.4,8.183310596667019,15,19.769754825547526
1428,uva,packing_A,T06,largo,28,G4,8.696229081355995,0.5149779982296985,0.8472344911561346,False,494,439.6228882307342,12.369035649646662,-0.35654203878485446,23.000473299324177,60,296.4,8.183310596667019,16,19.659185509153463
1428,uva,packing_A,T06,largo,28,G4,8.696229081355995,0.5149779982296985,0.8472344911561346,False,494,439.6228882307342,12.369035649646662,-0.35654203878485446,23.000473299324177,60,296.4,8.183310596667019,17,19.259444813899602
1428,uva,packing_A,T06,largo,28,G4,8.696229081355995,0.5149779982296985,0.8472344911561346,False,494,439.6228882307342,12.369035649646662,-0.35654203878485446,23.000473299324177,60,296.4,8.183310596667019,18,19.173456682586732
1428,uva,packing_A,T06,largo,28,G4,8.696229081355995,0.5149779982296985,0.8472344911561346,False,494,439.6228882307342,12.369035649646662,-0.35654203878485446,23.000473299324177,60,296.4,8.183310596667019,19,18.727834184906257
1428,uva,packing_A,T06,largo,28,G4,8.696229081355995,0.5149779982296985,0.8472344911561346,False,494,439.6228882307342,12.369035649646662,-0.35654203878485446,23.000473299324177,60,296.4,8.183310596667019,20,18.557740843291587
1428,uva,packing_A,T06,largo,28,G4,8.696229081355995,0.5149779982296985,0.8472344911561346,False,494,439.6228882307342,12.369035649646662,-0.35654203878485446,23.000473299324177,60,296.4,8.183310596667019,21,18.089793122420414
1428,uva,packing_A,T06,largo,28,G4,8.696229081355995,0.5149779982296985,0.8472344911561346,False,494,439.6228882307342,12.369035649646662,-0.35654203878485446,23.000473299324177,60,296.4,8.183310596667019,22,18.163887546609672
1428,uva,packing_A,T06,largo,28,G4,8.696229081355995,0.5149779982296985,0.8472344911561346,False,494,439.6228882307342,12.369035649646662,-0.35654203878485446,23.000473299324177,60,296.4,8.183310596667019,23,17.73989869152884
1428,uva,packing_A,T06,largo,28,G4,8.696229081355995,0.5149779982296985,0.8472344911561346,False,494,439.6228882307342,12.369035649646662,-0.35654203878485446,23.000473299324177,60,296.4,8.183310596667019,24,17.655852428882525
1428,uva,packing_A,T06,largo,28,G4,8.696229081355995,0.5149779982296985,0.8472344911561346,False,494,439.6228882307342,12.369035649646662,-0.35654203878485446,23.000473299324177,60,296.4,8.183310596667019,25,17.390769326804566
1428,uva,packing_A,T06,largo,28,G4,8.696229081355995,0.5149779982296985,0.8472344911561346,False,494,439.6228882307342,12.369035649646662,-0.35654203878485446,23.000473299324177,60,296.4,8.183310596667019,26,17.15733186454032
1428,uva,packing_A,T06,largo,28,G4,8.696229081355995,0.5149779982296985,0.8472344911561346,False,494,439.6228882307342,12.369035649646662,-0.35654203878485446,23.000473299324177,60,296.4,8.183310596667019,27,16.810288390539803
1428,uva,packing_A,T06,largo,28,G4,8.696229081355995,0.5149779982296985,0.8472344911561346,False,494,439.6228882307342,12.369035649646662,-0.35654203878485446,23.000473299324177,60,296.4,8.183310596667019,28,16.51528987255802
1428,uva,packing_A,T06,largo,28,G4,8.696229081355995,0.5149779982296985,0.8472344911561346,False,494,439.6228882307342,12.369035649646662,-0.35654203878485446,23.000473299324177,60,296.4,8.183310596667019,29,16.42405782169541
1428,uva,packing_A,T06,largo,28,G4,8.696229081355995,0.5149779982296985,0.8472344911561346,False,494,439.6228882307342,12.369035649646662,-0.35654203878485446,23.000473299324177,60,296.4,8.183310596667019,30,15.700341189676692
1428,uva,packing_A,T06,largo,28,G4,8.696229081355995,0.5149779982296985,0.8472344911561346,False,494,439.6228882307342,12.369035649646662,-0.35654203878485446,23.000473299324177,60,296.4,8.183310596667019,31,15.735879271876028
1428,uva,packing_A,T06,largo,28,G4,8.696229081355995,0.5149779982296985,0.8472344911561346,False,494,439.6228882307342,12.369035649646662,-0.35654203878485446,23.000473299324177,60,296.4,8.183310596667019,32,15.573828089141326
1428,uva,packing_A,T06,largo,28,G4,8.696229081355995,0.5149779982296985,0.8472344911561346,False,494,439.6228882307342,12.369035649646662,-0.35654203878485446,23.000473299324177,60,296.4,8.183310596667019,33,15.16956193741396
1428,uva,packing_A,T06,largo,28,G4,8.696229081355995,0.5149779982296985,0.8472344911561346,False,494,439.6228882307342,12.369035649646662,-0.35654203878485446,23.000473299324177,60,296.4,8.183310596667019,34,14.946651683797715
1428,uva,packing_A,T06,largo,28,G4,8.696229081355995,0.5149779982296985,0.8472344911561346,False,494,439.6228882307342,12.369035649646662,-0.35654203878485446,23.000473299324177,60,296.4,8.183310596667019,35,14.712025358233761
1428,uva,packing_A,T06,largo,28,G4,8.696229081355995,0.5149779982296985,0.8472344911561346,False,494,439.6228882307342,12.369035649646662,-0.35654203878485446,23.000473299324177,60,296.4,8.183310596667019,36,14.260812787850458
1428,uva,packing_A,T06,largo,28,G4,8.696229081355995,0.5149779982296985,0.8472344911561346,False,494,439.6228882307342,12.369035649646662,-0.35654203878485446,23.000473299324177,60,296.4,8.183310596667019,37,13.971838250985078
1428,uva,packing_A,T06,largo,28,G4,8.696229081355995,0.5149779982296985,0.8472344911561346,False,494,439.6228882307342,12.369035649646662,-0.35654203878485446,23.000473299324177,60,296.4,8.183310596667019,38,13.97059995790659
1428,uva,packing_A,T06,largo,28,G4,8.696229081355995,0.5149779982296985,0.8472344911561346,False,494,439.6228882307342,12.369035649646662,-0.35654203878485446,23.000473299324177,60,296.4,8.183310596667019,39,13.671209194532697
1428,uva,packing_A,T06,largo,28,G4,8.696229081355995,0.5149779982296985,0.8472344911561346,False,494,439.6228882307342,12.369035649646662,-0.35654203878485446,23.000473299324177,60,296.4,8.183310596667019,40,13.318116224646865
1428,uva,packing_A,T06,largo,28,G4,8.696229081355995,0.5149779982296985,0.8472344911561346,False,494,439.6228882307342,12.369035649646662,-0.35654203878485446,23.000473299324177,60,296.4,8.183310596667019,41,13.121172866342977
1428,uva,packing_A,T06,largo,28,G4,8.696229081355995,0.5149779982296985,0.8472344911561346,False,494,439.6228882307342,12.369035649646662,-0.35654203878485446,23.000473299324177,60,296.4,8.183310596667019,42,12.876499703222333
1428,uva,packing_A,T06,largo,28,G4,8.696229081355995,0.5149779982296985,0.8472344911561346,False,494,439.6228882307342,12.369035649646662,-0.35654203878485446,23.000473299324177,60,296.4,8.183310596667019,43,12.409224726852047
1428,uva,packing_A,T06,largo,28,G4,8.696229081355995,0.5149779982296985,0.8472344911561346,False,494,439.6228882307342,12.369035649646662,-0.35654203878485446,23.000473299324177,60,296.4,8.183310596667019,44,12.099718280835665
1428,uva,packing_A,T06,largo,28,G4,8.696229081355995,0.5149779982296985,0.8472344911561346,False,494,439.6228882307342,12.369035649646662,-0.35654203878485446,23.000473299324177,60,296.4,8.183310596667019,45,11.903921709829318
1428,uva,packing_A,T06,largo,28,G4,8.696229081355995,0.5149779982296985,0.8472344911561346,False,494,439.6228882307342,12.369035649646662,-0.35654203878485446,23.000473299324177,60,296.4,8.183310596667019,46,11.659364716744626
1428,uva,packing_A,T06,largo,28,G4,8.696229081355995,0.5149779982296985,0.8472344911561346,False,494,439.6228882307342,12.369035649646662,-0.35654203878485446,23.000473299324177,60,296.4,8.183310596667019,47,11.593170120753975
1428,uva,packing_A,T06,largo,28,G4,8.696229081355995,0.5149779982296985,0.8472344911561346,False,494,439.6228882307342,12.369035649646662,-0.35654203878485446,23.000473299324177,60,296.4,8.183310596667019,48,11.23416216008255
1428,uva,packing_A,T06,largo,28,G4,8.696229081355995,0.5149779982296985,0.8472344911561346,False,494,439.6228882307342,12.369035649646662,-0.35654203878485446,23.000473299324177,60,296.4,8.183310596667019,49,10.88316755882127
1428,uva,packing_A,T06,largo,28,G4,8.696229081355995,0.5149779982296985,0.8472344911561346,False,494,439.6228882307342,12.369035649646662,-0.35654203878485446,23.000473299324177,60,296.4,8.183310596667019,50,10.496985792108566
1428,uva,packing_A,T06,largo,28,G4,8.696229081355995,0.5149779982296985,0.8472344911561346,False,494,439.6228882307342,12.369035649646662,-0.35654203878485446,23.000473299324177,60,296.4,8.183310596667019,51,10.377074094731961
1428,uva,packing_A,T06,largo,28,G4,8.696229081355995,0.5149779982296985,0.8472344911561346,False,494,439.6228882307342,12.369035649646662,-0.35654203878485446,23.000473299324177,60,296.4,8.183310596667019,52,9.980233397374498
1428,uva,packing_A,T06,largo,28,G4,8.696229081355995,0.5149779982296985,0.8472344911561346,False,494,439.6228882307342,12.369035649646662,-0.35654203878485446,23.000473299324177,60,296.4,8.183310596667019,53,9.855895193666642
1428,uva,packing_A,T06,largo,28,G4,8.696229081355995,0.5149779982296985,0.8472344911561346,False,494,439.6228882307342,12.369035649646662,-0.35654203878485446,23.000473299324177,60,296.4,8.183310596667019,54,9.650782709559234
1428,uva,packing_A,T06,largo,28,G4,8.696229081355995,0.5149779982296985,0.8472344911561346,False,494,439.6228882307342,12.369035649646662,-0.35654203878485446,23.000473299324177,60,296.4,8.183310596667019,55,9.373543993041674
1428,uva,packing_A,T06,largo,28,G4,8.696229081355995,0.5149779982296985,0.8472344911561346,False,494,439.6228882307342,12.369035649646662,-0.35654203878485446,23.000473299324177,60,296.4,8.183310596667019,56,9.076157480311268
1428,uva,packing_A,T06,largo,28,G4,8.696229081355995,0.5149779982296985,0.8472344911561346,False,494,439.6228882307342,12.369035649646662,-0.35654203878485446,23.000473299324177,60,296.4,8.183310596667019,57,8.70891852730507
1428,uva,packing_A,T06,largo,28,G4,8.696229081355995,0.5149779982296985,0.8472344911561346,False,494,439.6228882307342,12.369035649646662,-0.35654203878485446,23.000473299324177,60,296.4,8.183310596667019,58,8.55684143070807
1428,uva,packing_A,T06,largo,28,G4,8.696229081355995,0.5149779982296985,0.8472344911561346,False,494,439.6228882307342,12.369035649646662,-0.35654203878485446,23.000473299324177,60,296.4,8.183310596667019,59,8.337296470199497
1428,uva,packing_A,T06,largo,28,G4,8.696229081355995,0.5149779982296985,0.8472344911561346,False,494,439.6228882307342,12.369035649646662,-0.35654203878485446,23.000473299324177,60,296.4,8.183310596667019,60,7.95405421695313
1428,uva,packing_A,T06,largo,28,G4,8.696229081355995,0.5149779982296985,0.8472344911561346,False,494,439.6228882307342,12.369035649646662,-0.35654203878485446,23.000473299324177,60,296.4,8.183310596667019,61,7.7337105592280215
1428,uva,packing_A,T06,largo,28,G4,8.696229081355995,0.5149779982296985,0.8472344911561346,False,494,439.6228882307342,12.369035649646662,-0.35654203878485446,23.000473299324177,60,296.4,8.183310596667019,62,7.524200335987175
1428,uva,packing_A,T06,largo,28,G4,8.696229081355995,0.5149779982296985,0.8472344911561346,False,494,439.6228882307342,12.369035649646662,-0.35654203878485446,23.000473299324177,60,296.4,8.183310596667019,63,7.173063715337803
1428,uva,packing_A,T06,largo,28,G4,8.696229081355995,0.5149779982296985,0.8472344911561346,False,494,439.6228882307342,12.369035649646662,-0.35654203878485446,23.000473299324177,60,296.4,8.183310596667019,64,6.988265342874386
1428,uva,packing_A,T06,largo,28,G4,8.696229081355995,0.5149779982296985,0.8472344911561346,False,494,439.6228882307342,12.369035649646662,-0.35654203878485446,23.000473299324177,60,296.4,8.183310596667019,65,6.747729918003795
1428,uva,packing_A,T06,largo,28,G4,8.696229081355995,0.5149779982296985,0.8472344911561346,False,494,439.6228882307342,12.369035649646662,-0.35654203878485446,23.000473299324177,60,296.4,8.183310596667019,66,6.5305003325553095
1428,uva,packing_A,T06,largo,28,G4,8.696229081355995,0.5149779982296985,0.8472344911561346,False,494,439.6228882307342,12.369035649646662,-0.35654203878485446,23.000473299324177,60,296.4,8.183310596667019,67,6.172589189455847
1428,uva,packing_A,T06,largo,28,G4,8.696229081355995,0.5149779982296985,0.8472344911561346,False,494,439.6228882307342,12.369035649646662,-0.35654203878485446,23.000473299324177,60,296.4,8.183310596667019,68,5.961895126126472
1428,uva,packing_A,T06,largo,28,G4,8.696229081355995,0.5149779982296985,0.8472344911561346,False,494,439.6228882307342,12.369035649646662,-0.35654203878485446,23.000473299324177,60,296.4,8.183310596667019,69,5.640999224889323
1428,uva,packing_A,T06,largo,28,G4,8.696229081355995,0.5149779982296985,0.8472344911561346,False,494,439.6228882307342,12.369035649646662,-0.35654203878485446,23.000473299324177,60,296.4,8.183310596667019,70,5.50490896893074
1428,uva,packing_A,T06,largo,28,G4,8.696229081355995,0.5149779982296985,0.8472344911561346,False,494,439.6228882307342,12.369035649646662,-0.35654203878485446,23.000473299324177,60,296.4,8.183310596667019,71,5.197134551972027
1428,uva,packing_A,T06,largo,28,G4,8.696229081355995,0.5149779982296985,0.8472344911561346,False,494,439.6228882307342,12.369035649646662,-0.35654203878485446,23.000473299324177,60,296.4,8.183310596667019,72,5.114969095407971
1428,uva,packing_A,T06,largo,28,G4,8.696229081355995,0.5149779982296985,0.8472344911561346,False,494,439.6228882307342,12.369035649646662,-0.35654203878485446,23.000473299324177,60,296.4,8.183310596667019,73,4.745915133603029
1428,uva,packing_A,T06,largo,28,G4,8.696229081355995,0.5149779982296985,0.8472344911561346,False,494,439.6228882307342,12.369035649646662,-0.35654203878485446,23.000473299324177,60,296.4,8.183310596667019,74,4.400221250263365
1428,uva,packing_A,T06,largo,28,G4,8.696229081355995,0.5149779982296985,0.8472344911561346,False,494,439.6228882307342,12.369035649646662,-0.35654203878485446,23.000473299324177,60,296.4,8.183310596667019,75,4.236015372423568
1428,uva,packing_A,T06,largo,28,G4,8.696229081355995,0.5149779982296985,0.8472344911561346,False,494,439.6228882307342,12.369035649646662,-0.35654203878485446,23.000473299324177,60,296.4,8.183310596667019,76,3.9218603233684775
1428,uva,packing_A,T06,largo,28,G4,8.696229081355995,0.5149779982296985,0.8472344911561346,False,494,439.6228882307342,12.369035649646662,-0.35654203878485446,23.000473299324177,60,296.4,8.183310596667019,77,3.960431815672724
1428,uva,packing_A,T06,largo,28,G4,8.696229081355995,0.5149779982296985,0.8472344911561346,False,494,439.6228882307342,12.369035649646662,-0.35654203878485446,23.000473299324177,60,296.4,8.183310596667019,78,3.493961450085132
1428,uva,packing_A,T06,largo,28,G4,8.696229081355995,0.5149779982296985,0.8472344911561346,False,494,439.6228882307342,12.369035649646662,-0.35654203878485446,23.000473299324177,60,296.4,8.183310596667019,79,3.3377075434777876
1428,uva,packing_A,T06,largo,28,G4,8.696229081355995,0.5149779982296985,0.8472344911561346,False,494,439.6228882307342,12.369035649646662,-0.35654203878485446,23.000473299324177,60,296.4,8.183310596667019,80,3.0296181259168926
1428,uva,packing_A,T06,largo,28,G4,8.696229081355995,0.5149779982296985,0.8472344911561346,False,494,439.6228882307342,12.369035649646662,-0.35654203878485446,23.000473299324177,60,296.4,8.183310596667019,81,2.8042058706882877
1428,uva,packing_A,T06,largo,28,G4,8.696229081355995,0.5149779982296985,0.8472344911561346,False,494,439.6228882307342,12.369035649646662,-0.35654203878485446,23.000473299324177,60,296.4,8.183310596667019,82,2.499133416775442
1428,uva,packing_A,T06,largo,28,G4,8.696229081355995,0.5149779982296985,0.8472344911561346,False,494,439.6228882307342,12.369035649646662,-0.35654203878485446,23.000473299324177,60,296.4,8.183310596667019,83,2.239799800176349
1428,uva,packing_A,T06,largo,28,G4,8.696229081355995,0.5149779982296985,0.8472344911561346,False,494,439.6228882307342,12.369035649646662,-0.35654203878485446,23.000473299324177,60,296.4,8.183310596667019,84,2.1116139303992396
1428,uva,packing_A,T06,largo,28,G4,8.696229081355995,0.5149779982296985,0.8472344911561346,False,494,439.6228882307342,12.369035649646662,-0.35654203878485446,23.000473299324177,60,296.4,8.183310596667019,85,1.9262468800777899
1428,uva,packing_A,T06,largo,28,G4,8.696229081355995,0.5149779982296985,0.8472344911561346,False,494,439.6228882307342,12.369035649646662,-0.35654203878485446,23.000473299324177,60,296.4,8.183310596667019,86,1.5956507168798542
1428,uva,packing_A,T06,largo,28,G4,8.696229081355995,0.5149779982296985,0.8472344911561346,False,494,439.6228882307342,12.369035649646662,-0.35654203878485446,23.000473299324177,60,296.4,8.183310596667019,87,1.6008370987111975
1428,uva,packing_A,T06,largo,28,G4,8.696229081355995,0.5149779982296985,0.8472344911561346,False,494,439.6228882307342,12.369035649646662,-0.35654203878485446,23.000473299324177,60,296.4,8.183310596667019,88,1.2874984975068304
1428,uva,packing_A,T06,largo,28,G4,8.696229081355995,0.5149779982296985,0.8472344911561346,False,494,439.6228882307342,12.369035649646662,-0.35654203878485446,23.000473299324177,60,296.4,8.183310596667019,89,1.1537089707603558
1428,uva,packing_A,T06,largo,28,G4,8.696229081355995,0.5149779982296985,0.8472344911561346,False,494,439.6228882307342,12.369035649646662,-0.35654203878485446,23.000473299324177,60,296.4,8.183310596667019,90,0.954987249549576
1428,uva,packing_A,T06,largo,28,G4,8.696229081355995,0.5149779982296985,0.8472344911561346,False,494,439.6228882307342,12.369035649646662,-0.35654203878485446,23.000473299324177,60,296.4,8.183310596667019,91,0.8039176048121028
1428,uva,packing_A,T06,largo,28,G4,8.696229081355995,0.5149779982296985,0.8472344911561346,False,494,439.6228882307342,12.369035649646662,-0.35654203878485446,23.000473299324177,60,296.4,8.183310596667019,92,0.2567744898098665
1428,uva,packing_A,T06,largo,28,G4,8.696229081355995,0.5149779982296985,0.8472344911561346,False,494,439.6228882307342,12.369035649646662,-0.35654203878485446,23.000473299324177,60,296.4,8.183310596667019,93,0.1790884420442313
1428,uva,packing_A,T06,largo,28,G4,8.696229081355995,0.5149779982296985,0.8472344911561346,False,494,439.6228882307342,12.369035649646662,-0.35654203878485446,23.000473299324177,60,296.4,8.183310596667019,94,0.12808772815253752
1428,uva,packing_A,T06,largo,28,G4,8.696229081355995,0.5149779982296985,0.8472344911561346,False,494,439.6228882307342,12.369035649646662,-0.35654203878485446,23.000473299324177,60,296.4,8.183310596667019,95,-0.22858009317937591
1428,uva,packing_A,T06,largo,28,G4,8.696229081355995,0.5149779982296985,0.8472344911561346,False,494,439.6228882307342,12.369035649646662,-0.35654203878485446,23.000473299324177,60,296.4,8.183310596667019,96,-0.24441473689078888
1428,uva,packing_A,T06,largo,28,G4,8.696229081355995,0.5149779982296985,0.8472344911561346,False,494,439.6228882307342,12.369035649646662,-0.35654203878485446,23.000473299324177,60,296.4,8.183310596667019,97,-0.25316788491733666
1428,uva,packing_A,T06,largo,28,G4,8.696229081355995,0.5149779982296985,0.8472344911561346,False,494,439.6228882307342,12.369035649646662,-0.35654203878485446,23.000473299324177,60,296.4,8.183310596667019,98,-0.7437610559446716
1428,uva,packing_A,T06,largo,28,G4,8.696229081355995,0.5149779982296985,0.8472344911561346,False,494,439.6228882307342,12.369035649646662,-0.35654203878485446,23.000473299324177,60,296.4,8.183310596667019,99,-0.919937181844281
1428,uva,packing_A,T06,largo,28,G4,8.696229081355995,0.5149779982296985,0.8472344911561346,False,494,439.6228882307342,12.369035649646662,-0.35654203878485446,23.000473299324177,60,296.4,8.183310596667019,100,-1.1562064106740078
1428,uva,packing_A,T06,largo,28,G4,8.696229081355995,0.5149779982296985,0.8472344911561346,False,494,439.6228882307342,12.369035649646662,-0.35654203878485446,23.000473299324177,60,296.4,8.183310596667019,101,-1.1474295964485686
1428,uva,packing_A,T06,largo,28,G4,8.696229081355995,0.5149779982296985,0.8472344911561346,False,494,439.6228882307342,12.369035649646662,-0.35654203878485446,23.000473299324177,60,296.4,8.183310596667019,102,-1.6054824349257835
1428,uva,packing_A,T06,largo,28,G4,8.696229081355995,0.5149779982296985,0.8472344911561346,False,494,439.6228882307342,12.369035649646662,-0.35654203878485446,23.000473299324177,60,296.4,8.183310596667019,103,-1.4965548414060141
1428,uva,packing_A,T06,largo,28,G4,8.696229081355995,0.5149779982296985,0.8472344911561346,False,494,439.6228882307342,12.369035649646662,-0.35654203878485446,23.000473299324177,60,296.4,8.183310596667019,104,-1.680686476593425
1428,uva,packing_A,T06,largo,28,G4,8.696229081355995,0.5149779982296985,0.8472344911561346,False,494,439.6228882307342,12.369035649646662,-0.35654203878485446,23.000473299324177,60,296.4,8.183310596667019,105,-1.8964423162722313
1428,uva,packing_A,T06,largo,28,G4,8.696229081355995,0.5149779982296985,0.8472344911561346,False,494,439.6228882307342,12.369035649646662,-0.35654203878485446,23.000473299324177,60,296.4,8.183310596667019,106,-2.187663133683844
1428,uva,packing_A,T06,largo,28,G4,8.696229081355995,0.5149779982296985,0.8472344911561346,False,494,439.6228882307342,12.369035649646662,-0.35654203878485446,23.000473299324177,60,296.4,8.183310596667019,107,-2.241108065458041
1428,uva,packing_A,T06,largo,28,G4,8.696229081355995,0.5149779982296985,0.8472344911561346,False,494,439.6228882307342,12.369035649646662,-0.35654203878485446,23.000473299324177,60,296.4,8.183310596667019,108,-2.352050168801411
1428,uva,packing_A,T06,largo,28,G4,8.696229081355995,0.5149779982296985,0.8472344911561346,False,494,439.6228882307342,12.369035649646662,-0.35654203878485446,23.000473299324177,60,296.4,8.183310596667019,109,-2.62283331271525
1428,uva,packing_A,T06,largo,28,G4,8.696229081355995,0.5149779982296985,0.8472344911561346,False,494,439.6228882307342,12.369035649646662,-0.35654203878485446,23.000473299324177,60,296.4,8.183310596667019,110,-2.690334986651294
1428,uva,packing_A,T06,largo,28,G4,8.696229081355995,0.5149779982296985,0.8472344911561346,False,494,439.6228882307342,12.369035649646662,-0.35654203878485446,23.000473299324177,60,296.4,8.183310596667019,111,-3.0215246569656498
1428,uva,packing_A,T06,largo,28,G4,8.696229081355995,0.5149779982296985,0.8472344911561346,False,494,439.6228882307342,12.369035649646662,-0.35654203878485446,23.000473299324177,60,296.4,8.183310596667019,112,-2.869419923865557
1428,uva,packing_A,T06,largo,28,G4,8.696229081355995,0.5149779982296985,0.8472344911561346,False,494,439.6228882307342,12.369035649646662,-0.35654203878485446,23.000473299324177,60,296.4,8.183310596667019,113,-3.19180140321544
1428,uva,packing_A,T06,largo,28,G4,8.696229081355995,0.5149779982296985,0.8472344911561346,False,494,439.6228882307342,12.369035649646662,-0.35654203878485446,23.000473299324177,60,296.4,8.183310596667019,114,-3.323351333804365
1428,uva,packing_A,T06,largo,28,G4,8.696229081355995,0.5149779982296985,0.8472344911561346,False,494,439.6228882307342,12.369035649646662,-0.35654203878485446,23.000473299324177,60,296.4,8.183310596667019,115,-3.3646557315820464
1428,uva,packing_A,T06,largo,28,G4,8.696229081355995,0.5149779982296985,0.8472344911561346,False,494,439.6228882307342,12.369035649646662,-0.35654203878485446,23.000473299324177,60,296.4,8.183310596667019,116,-3.5831039514873613
1428,uva,packing_A,T06,largo,28,G4,8.696229081355995,0.5149779982296985,0.8472344911561346,False,494,439.6228882307342,12.369035649646662,-0.35654203878485446,23.000473299324177,60,296.4,8.183310596667019,117,-3.8014273819856514
1428,uva,packing_A,T06,largo,28,G4,8.696229081355995,0.5149779982296985,0.8472344911561346,False,494,439.6228882307342,12.369035649646662,-0.35654203878485446,23.000473299324177,60,296.4,8.183310596667019,118,-3.8174260804783224
1428,uva,packing_A,T06,largo,28,G4,8.696229081355995,0.5149779982296985,0.8472344911561346,False,494,439.6228882307342,12.369035649646662,-0.35654203878485446,23.000473299324177,60,296.4,8.183310596667019,119,-4.19449963291058
1428,uva,packing_A,T06,largo,28,G4,8.696229081355995,0.5149779982296985,0.8472344911561346,False,494,439.6228882307342,12.369035649646662,-0.35654203878485446,23.000473299324177,60,296.4,8.183310596667019,120,-3.9881036046510103
1428,uva,packing_A,T06,largo,28,G4,8.696229081355995,0.5149779982296985,0.8472344911561346,False,494,439.6228882307342,12.369035649646662,-0.35654203878485446,23.000473299324177,60,296.4,8.183310596667019,121,-4.291684787192222
1428,uva,packing_A,T06,largo,28,G4,8.696229081355995,0.5149779982296985,0.8472344911561346,False,494,439.6228882307342,12.369035649646662,-0.35654203878485446,23.000473299324177,60,296.4,8.183310596667019,122,-4.330969576238691
1428,uva,packing_A,T06,largo,28,G4,8.696229081355995,0.5149779982296985,0.8472344911561346,False,494,439.6228882307342,12.369035649646662,-0.35654203878485446,23.000473299324177,60,296.4,8.183310596667019,123,-4.512787763438636
1428,uva,packing_A,T06,largo,28,G4,8.696229081355995,0.5149779982296985,0.8472344911561346,False,494,439.6228882307342,12.369035649646662,-0.35654203878485446,23.000473299324177,60,296.4,8.183310596667019,124,-4.4087238218776665
1428,uva,packing_A,T06,largo,28,G4,8.696229081355995,0.5149779982296985,0.8472344911561346,False,494,439.6228882307342,12.369035649646662,-0.35654203878485446,23.000473299324177,60,296.4,8.183310596667019,125,-4.5309966218171445
1428,uva,packing_A,T06,largo,28,G4,8.696229081355995,0.5149779982296985,0.8472344911561346,False,494,439.6228882307342,12.369035649646662,-0.35654203878485446,23.000473299324177,60,296.4,8.183310596667019,126,-4.743221586449286
1428,uva,packing_A,T06,largo,28,G4,8.696229081355995,0.5149779982296985,0.8472344911561346,False,494,439.6228882307342,12.369035649646662,-0.35654203878485446,23.000473299324177,60,296.4,8.183310596667019,127,-4.677129909842382
1428,uva,packing_A,T06,largo,28,G4,8.696229081355995,0.5149779982296985,0.8472344911561346,False,494,439.6228882307342,12.369035649646662,-0.35654203878485446,23.000473299324177,60,296.4,8.183310596667019,128,-4.94974175703228
1428,uva,packing_A,T06,largo,28,G4,8.696229081355995,0.5149779982296985,0.8472344911561346,False,494,439.6228882307342,12.369035649646662,-0.35654203878485446,23.000473299324177,60,296.4,8.183310596667019,129,-5.2683394659316996
1428,uva,packing_A,T06,largo,28,G4,8.696229081355995,0.5149779982296985,0.8472344911561346,False,494,439.6228882307342,12.369035649646662,-0.35654203878485446,23.000473299324177,60,296.4,8.183310596667019,130,-5.221593508160763
1428,uva,packing_A,T06,largo,28,G4,8.696229081355995,0.5149779982296985,0.8472344911561346,False,494,439.6228882307342,12.369035649646662,-0.35654203878485446,23.000473299324177,60,296.4,8.183310596667019,131,-5.022721905475774
1428,uva,packing_A,T06,largo,28,G4,8.696229081355995,0.5149779982296985,0.8472344911561346,False,494,439.6228882307342,12.369035649646662,-0.35654203878485446,23.000473299324177,60,296.4,8.183310596667019,132,-5.489021618673665
1428,uva,packing_A,T06,largo,28,G4,8.696229081355995,0.5149779982296985,0.8472344911561346,False,494,439.6228882307342,12.369035649646662,-0.35654203878485446,23.000473299324177,60,296.4,8.183310596667019,133,-5.467085583673329
1428,uva,packing_A,T06,largo,28,G4,8.696229081355995,0.5149779982296985,0.8472344911561346,False,494,439.6228882307342,12.369035649646662,-0.35654203878485446,23.000473299324177,60,296.4,8.183310596667019,134,-5.46775628017233
1428,uva,packing_A,T06,largo,28,G4,8.696229081355995,0.5149779982296985,0.8472344911561346,False,494,439.6228882307342,12.369035649646662,-0.35654203878485446,23.000473299324177,60,296.4,8.183310596667019,135,-5.528712221483389
1428,uva,packing_A,T06,largo,28,G4,8.696229081355995,0.5149779982296985,0.8472344911561346,False,494,439.6228882307342,12.369035649646662,-0.35654203878485446,23.000473299324177,60,296.4,8.183310596667019,136,-5.7513245371412465
1428,uva,packing_A,T06,largo,28,G4,8.696229081355995,0.5149779982296985,0.8472344911561346,False,494,439.6228882307342,12.369035649646662,-0.35654203878485446,23.000473299324177,60,296.4,8.183310596667019,137,-5.85377702455281
1428,uva,packing_A,T06,largo,28,G4,8.696229081355995,0.5149779982296985,0.8472344911561346,False,494,439.6228882307342,12.369035649646662,-0.35654203878485446,23.000473299324177,60,296.4,8.183310596667019,138,-5.877779355840438
1428,uva,packing_A,T06,largo,28,G4,8.696229081355995,0.5149779982296985,0.8472344911561346,False,494,439.6228882307342,12.369035649646662,-0.35654203878485446,23.000473299324177,60,296.4,8.183310596667019,139,-5.988554994287813
1428,uva,packing_A,T06,largo,28,G4,8.696229081355995,0.5149779982296985,0.8472344911561346,False,494,439.6228882307342,12.369035649646662,-0.35654203878485446,23.000473299324177,60,296.4,8.183310596667019,140,-6.115089195424822
1428,uva,packing_A,T06,largo,28,G4,8.696229081355995,0.5149779982296985,0.8472344911561346,False,494,439.6228882307342,12.369035649646662,-0.35654203878485446,23.000473299324177,60,296.4,8.183310596667019,141,-6.059410042448804
1428,uva,packing_A,T06,largo,28,G4,8.696229081355995,0.5149779982296985,0.8472344911561346,False,494,439.6228882307342,12.369035649646662,-0.35654203878485446,23.000473299324177,60,296.4,8.183310596667019,142,-6.178381151182124
1428,uva,packing_A,T06,largo,28,G4,8.696229081355995,0.5149779982296985,0.8472344911561346,False,494,439.6228882307342,12.369035649646662,-0.35654203878485446,23.000473299324177,60,296.4,8.183310596667019,143,-6.504015110699596
1428,uva,packing_A,T06,largo,28,G4,8.696229081355995,0.5149779982296985,0.8472344911561346,False,494,439.6228882307342,12.369035649646662,-0.35654203878485446,23.000473299324177,60,296.4,8.183310596667019,144,-6.342056775064301
1428,uva,packing_A,T06,largo,28,G4,8.696229081355995,0.5149779982296985,0.8472344911561346,False,494,439.6228882307342,12.369035649646662,-0.35654203878485446,23.000473299324177,60,296.4,8.183310596667019,145,-6.383542960645655
1428,uva,packing_A,T06,largo,28,G4,8.696229081355995,0.5149779982296985,0.8472344911561346,False,494,439.6228882307342,12.369035649646662,-0.35654203878485446,23.000473299324177,60,296.4,8.183310596667019,146,-6.613827169778642
1428,uva,packing_A,T06,largo,28,G4,8.696229081355995,0.5149779982296985,0.8472344911561346,False,494,439.6228882307342,12.369035649646662,-0.35654203878485446,23.000473299324177,60,296.4,8.183310596667019,147,-6.563782657576605
1428,uva,packing_A,T06,largo,28,G4,8.696229081355995,0.5149779982296985,0.8472344911561346,False,494,439.6228882307342,12.369035649646662,-0.35654203878485446,23.000473299324177,60,296.4,8.183310596667019,148,-6.539606102054369
1428,uva,packing_A,T06,largo,28,G4,8.696229081355995,0.5149779982296985,0.8472344911561346,False,494,439.6228882307342,12.369035649646662,-0.35654203878485446,23.000473299324177,60,296.4,8.183310596667019,149,-6.641348407143975
1428,uva,packing_A,T06,largo,28,G4,8.696229081355995,0.5149779982296985,0.8472344911561346,False,494,439.6228882307342,12.369035649646662,-0.35654203878485446,23.000473299324177,60,296.4,8.183310596667019,150,-6.695235375780398
1428,uva,packing_A,T06,largo,28,G4,8.696229081355995,0.5149779982296985,0.8472344911561346,False,494,439.6228882307342,12.369035649646662,-0.35654203878485446,23.000473299324177,60,296.4,8.183310596667019,151,-6.613080765038618
1428,uva,packing_A,T06,largo,28,G4,8.696229081355995,0.5149779982296985,0.8472344911561346,False,494,439.6228882307342,12.369035649646662,-0.35654203878485446,23.000473299324177,60,296.4,8.183310596667019,152,-6.784293359853121
1428,uva,packing_A,T06,largo,28,G4,8.696229081355995,0.5149779982296985,0.8472344911561346,False,494,439.6228882307342,12.369035649646662,-0.35654203878485446,23.000473299324177,60,296.4,8.183310596667019,153,-6.781216985737673
1428,uva,packing_A,T06,largo,28,G4,8.696229081355995,0.5149779982296985,0.8472344911561346,False,494,439.6228882307342,12.369035649646662,-0.35654203878485446,23.000473299324177,60,296.4,8.183310596667019,154,-6.874359272194493
1428,uva,packing_A,T06,largo,28,G4,8.696229081355995,0.5149779982296985,0.8472344911561346,False,494,439.6228882307342,12.369035649646662,-0.35654203878485446,23.000473299324177,60,296.4,8.183310596667019,155,-6.7968190644085675
1428,uva,packing_A,T06,largo,28,G4,8.696229081355995,0.5149779982296985,0.8472344911561346,False,494,439.6228882307342,12.369035649646662,-0.35654203878485446,23.000473299324177,60,296.4,8.183310596667019,156,-6.83349917907129
1428,uva,packing_A,T06,largo,28,G4,8.696229081355995,0.5149779982296985,0.8472344911561346,False,494,439.6228882307342,12.369035649646662,-0.35654203878485446,23.000473299324177,60,296.4,8.183310596667019,157,-6.732187134137771
1428,uva,packing_A,T06,largo,28,G4,8.696229081355995,0.5149779982296985,0.8472344911561346,False,494,439.6228882307342,12.369035649646662,-0.35654203878485446,23.000473299324177,60,296.4,8.183310596667019,158,-6.9198110951289085
1428,uva,packing_A,T06,largo,28,G4,8.696229081355995,0.5149779982296985,0.8472344911561346,False,494,439.6228882307342,12.369035649646662,-0.35654203878485446,23.000473299324177,60,296.4,8.183310596667019,159,-6.917933093210318
1428,uva,packing_A,T06,largo,28,G4,8.696229081355995,0.5149779982296985,0.8472344911561346,False,494,439.6228882307342,12.369035649646662,-0.35654203878485446,23.000473299324177,60,296.4,8.183310596667019,160,-6.972129371822725
1428,uva,packing_A,T06,largo,28,G4,8.696229081355995,0.5149779982296985,0.8472344911561346,False,494,439.6228882307342,12.369035649646662,-0.35654203878485446,23.000473299324177,60,296.4,8.183310596667019,161,-6.883213891177153
1428,uva,packing_A,T06,largo,28,G4,8.696229081355995,0.5149779982296985,0.8472344911561346,False,494,439.6228882307342,12.369035649646662,-0.35654203878485446,23.000473299324177,60,296.4,8.183310596667019,162,-6.881630837803042
1428,uva,packing_A,T06,largo,28,G4,8.696229081355995,0.5149779982296985,0.8472344911561346,False,494,439.6228882307342,12.369035649646662,-0.35654203878485446,23.000473299324177,60,296.4,8.183310596667019,163,-7.046328785386798
1428,uva,packing_A,T06,largo,28,G4,8.696229081355995,0.5149779982296985,0.8472344911561346,False,494,439.6228882307342,12.369035649646662,-0.35654203878485446,23.000473299324177,60,296.4,8.183310596667019,164,-7.006595596000952
1428,uva,packing_A,T06,largo,28,G4,8.696229081355995,0.5149779982296985,0.8472344911561346,False,494,439.6228882307342,12.369035649646662,-0.35654203878485446,23.000473299324177,60,296.4,8.183310596667019,165,-7.1576412504927776
1428,uva,packing_A,T06,largo,28,G4,8.696229081355995,0.5149779982296985,0.8472344911561346,False,494,439.6228882307342,12.369035649646662,-0.35654203878485446,23.000473299324177,60,296.4,8.183310596667019,166,-7.067589116785404
1428,uva,packing_A,T06,largo,28,G4,8.696229081355995,0.5149779982296985,0.8472344911561346,False,494,439.6228882307342,12.369035649646662,-0.35654203878485446,23.000473299324177,60,296.4,8.183310596667019,167,-7.287140679120845
1428,uva,packing_A,T06,largo,28,G4,8.696229081355995,0.5149779982296985,0.8472344911561346,False,494,439.6228882307342,12.369035649646662,-0.35654203878485446,23.000473299324177,60,296.4,8.183310596667019,168,-7.320110903552112
1428,uva,packing_A,T06,largo,28,G4,8.696229081355995,0.5149779982296985,0.8472344911561346,False,494,439.6228882307342,12.369035649646662,-0.35654203878485446,23.000473299324177,60,296.4,8.183310596667019,169,-7.25572905827978
1428,uva,packing_A,T06,largo,28,G4,8.696229081355995,0.5149779982296985,0.8472344911561346,False,494,439.6228882307342,12.369035649646662,-0.35654203878485446,23.000473299324177,60,296.4,8.183310596667019,170,-7.016273400970732
1428,uva,packing_A,T06,largo,28,G4,8.696229081355995,0.5149779982296985,0.8472344911561346,False,494,439.6228882307342,12.369035649646662,-0.35654203878485446,23.000473299324177,60,296.4,8.183310596667019,171,-7.043209094672648
1428,uva,packing_A,T06,largo,28,G4,8.696229081355995,0.5149779982296985,0.8472344911561346,False,494,439.6228882307342,12.369035649646662,-0.35654203878485446,23.000473299324177,60,296.4,8.183310596667019,172,-7.255217737630536
1428,uva,packing_A,T06,largo,28,G4,8.696229081355995,0.5149779982296985,0.8472344911561346,False,494,439.6228882307342,12.369035649646662,-0.35654203878485446,23.000473299324177,60,296.4,8.183310596667019,173,-7.071191818692305
1428,uva,packing_A,T06,largo,28,G4,8.696229081355995,0.5149779982296985,0.8472344911561346,False,494,439.6228882307342,12.369035649646662,-0.35654203878485446,23.000473299324177,60,296.4,8.183310596667019,174,-7.1335327524557215
1428,uva,packing_A,T06,largo,28,G4,8.696229081355995,0.5149779982296985,0.8472344911561346,False,494,439.6228882307342,12.369035649646662,-0.35654203878485446,23.000473299324177,60,296.4,8.183310596667019,175,-7.012723901971574
1428,uva,packing_A,T06,largo,28,G4,8.696229081355995,0.5149779982296985,0.8472344911561346,False,494,439.6228882307342,12.369035649646662,-0.35654203878485446,23.000473299324177,60,296.4,8.183310596667019,176,-7.097634180616302
1428,uva,packing_A,T06,largo,28,G4,8.696229081355995,0.5149779982296985,0.8472344911561346,False,494,439.6228882307342,12.369035649646662,-0.35654203878485446,23.000473299324177,60,296.4,8.183310596667019,177,-7.127985088371671
1428,uva,packing_A,T06,largo,28,G4,8.696229081355995,0.5149779982296985,0.8472344911561346,False,494,439.6228882307342,12.369035649646662,-0.35654203878485446,23.000473299324177,60,296.4,8.183310596667019,178,-7.10981000961332
1428,uva,packing_A,T06,largo,28,G4,8.696229081355995,0.5149779982296985,0.8472344911561346,False,494,439.6228882307342,12.369035649646662,-0.35654203878485446,23.000473299324177,60,296.4,8.183310596667019,179,-7.196452543363436
1428,uva,packing_A,T06,largo,28,G4,8.696229081355995,0.5149779982296985,0.8472344911561346,False,494,439.6228882307342,12.369035649646662,-0.35654203878485446,23.000473299324177,60,296.4,8.183310596667019,180,-7.135955510636557
1428,uva,packing_A,T06,largo,28,G4,8.696229081355995,0.5149779982296985,0.8472344911561346,False,494,439.6228882307342,12.369035649646662,-0.35654203878485446,23.000473299324177,60,296.4,8.183310596667019,181,-6.940987449755802
1428,uva,packing_A,T06,largo,28,G4,8.696229081355995,0.5149779982296985,0.8472344911561346,False,494,439.6228882307342,12.369035649646662,-0.35654203878485446,23.000473299324177,60,296.4,8.183310596667019,182,-6.886656706334808
1428,uva,packing_A,T06,largo,28,G4,8.696229081355995,0.5149779982296985,0.8472344911561346,False,494,439.6228882307342,12.369035649646662,-0.35654203878485446,23.000473299324177,60,296.4,8.183310596667019,183,-7.192677464052219
1428,uva,packing_A,T06,largo,28,G4,8.696229081355995,0.5149779982296985,0.8472344911561346,False,494,439.6228882307342,12.369035649646662,-0.35654203878485446,23.000473299324177,60,296.4,8.183310596667019,184,-6.806829895258615
1428,uva,packing_A,T06,largo,28,G4,8.696229081355995,0.5149779982296985,0.8472344911561346,False,494,439.6228882307342,12.369035649646662,-0.35654203878485446,23.000473299324177,60,296.4,8.183310596667019,185,-7.06786909732014
1428,uva,packing_A,T06,largo,28,G4,8.696229081355995,0.5149779982296985,0.8472344911561346,False,494,439.6228882307342,12.369035649646662,-0.35654203878485446,23.000473299324177,60,296.4,8.183310596667019,186,-6.985987174383971
1428,uva,packing_A,T06,largo,28,G4,8.696229081355995,0.5149779982296985,0.8472344911561346,False,494,439.6228882307342,12.369035649646662,-0.35654203878485446,23.000473299324177,60,296.4,8.183310596667019,187,-6.895598079263412
1428,uva,packing_A,T06,largo,28,G4,8.696229081355995,0.5149779982296985,0.8472344911561346,False,494,439.6228882307342,12.369035649646662,-0.35654203878485446,23.000473299324177,60,296.4,8.183310596667019,188,-6.965078495656702
1428,uva,packing_A,T06,largo,28,G4,8.696229081355995,0.5149779982296985,0.8472344911561346,False,494,439.6228882307342,12.369035649646662,-0.35654203878485446,23.000473299324177,60,296.4,8.183310596667019,189,-6.926570851777044
1428,uva,packing_A,T06,largo,28,G4,8.696229081355995,0.5149779982296985,0.8472344911561346,False,494,439.6228882307342,12.369035649646662,-0.35654203878485446,23.000473299324177,60,296.4,8.183310596667019,190,-6.637376260876825
1428,uva,packing_A,T06,largo,28,G4,8.696229081355995,0.5149779982296985,0.8472344911561346,False,494,439.6228882307342,12.369035649646662,-0.35654203878485446,23.000473299324177,60,296.4,8.183310596667019,191,-6.774004923177718
1428,uva,packing_A,T06,largo,28,G4,8.696229081355995,0.5149779982296985,0.8472344911561346,False,494,439.6228882307342,12.369035649646662,-0.35654203878485446,23.000473299324177,60,296.4,8.183310596667019,192,-6.627600135663776
1428,uva,packing_A,T06,largo,28,G4,8.696229081355995,0.5149779982296985,0.8472344911561346,False,494,439.6228882307342,12.369035649646662,-0.35654203878485446,23.000473299324177,60,296.4,8.183310596667019,193,-6.693145518599652
1428,uva,packing_A,T06,largo,28,G4,8.696229081355995,0.5149779982296985,0.8472344911561346,False,494,439.6228882307342,12.369035649646662,-0.35654203878485446,23.000473299324177,60,296.4,8.183310596667019,194,-6.6804756657936615
1428,uva,packing_A,T06,largo,28,G4,8.696229081355995,0.5149779982296985,0.8472344911561346,False,494,439.6228882307342,12.369035649646662,-0.35654203878485446,23.000473299324177,60,296.4,8.183310596667019,195,-6.746056232481938
1428,uva,packing_A,T06,largo,28,G4,8.696229081355995,0.5149779982296985,0.8472344911561346,False,494,439.6228882307342,12.369035649646662,-0.35654203878485446,23.000473299324177,60,296.4,8.183310596667019,196,-6.501501393189023
1428,uva,packing_A,T06,largo,28,G4,8.696229081355995,0.5149779982296985,0.8472344911561346,False,494,439.6228882307342,12.369035649646662,-0.35654203878485446,23.000473299324177,60,296.4,8.183310596667019,197,-6.47912560670421
1428,uva,packing_A,T06,largo,28,G4,8.696229081355995,0.5149779982296985,0.8472344911561346,False,494,439.6228882307342,12.369035649646662,-0.35654203878485446,23.000473299324177,60,296.4,8.183310596667019,198,-6.546740621271592
1428,uva,packing_A,T06,largo,28,G4,8.696229081355995,0.5149779982296985,0.8472344911561346,False,494,439.6228882307342,12.369035649646662,-0.35654203878485446,23.000473299324177,60,296.4,8.183310596667019,199,-6.371325857028296
1428,uva,packing_A,T06,largo,28,G4,8.696229081355995,0.5149779982296985,0.8472344911561346,False,494,439.6228882307342,12.369035649646662,-0.35654203878485446,23.000473299324177,60,296.4,8.183310596667019,200,-6.567911195317537
1428,uva,packing_A,T06,largo,28,G4,8.696229081355995,0.5149779982296985,0.8472344911561346,False,494,439.6228882307342,12.369035649646662,-0.35654203878485446,23.000473299324177,60,296.4,8.183310596667019,201,-6.250151204715816
1428,uva,packing_A,T06,largo,28,G4,8.696229081355995,0.5149779982296985,0.8472344911561346,False,494,439.6228882307342,12.369035649646662,-0.35654203878485446,23.000473299324177,60,296.4,8.183310596667019,202,-6.439877525017322
1428,uva,packing_A,T06,largo,28,G4,8.696229081355995,0.5149779982296985,0.8472344911561346,False,494,439.6228882307342,12.369035649646662,-0.35654203878485446,23.000473299324177,60,296.4,8.183310596667019,203,-6.3871260232211835
1428,uva,packing_A,T06,largo,28,G4,8.696229081355995,0.5149779982296985,0.8472344911561346,False,494,439.6228882307342,12.369035649646662,-0.35654203878485446,23.000473299324177,60,296.4,8.183310596667019,204,-6.382625904484697
1428,uva,packing_A,T06,largo,28,G4,8.696229081355995,0.5149779982296985,0.8472344911561346,False,494,439.6228882307342,12.369035649646662,-0.35654203878485446,23.000473299324177,60,296.4,8.183310596667019,205,-6.223107949260985
1428,uva,packing_A,T06,largo,28,G4,8.696229081355995,0.5149779982296985,0.8472344911561346,False,494,439.6228882307342,12.369035649646662,-0.35654203878485446,23.000473299324177,60,296.4,8.183310596667019,206,-6.138168189776272
1428,uva,packing_A,T06,largo,28,G4,8.696229081355995,0.5149779982296985,0.8472344911561346,False,494,439.6228882307342,12.369035649646662,-0.35654203878485446,23.000473299324177,60,296.4,8.183310596667019,207,-5.9518803900231525
1428,uva,packing_A,T06,largo,28,G4,8.696229081355995,0.5149779982296985,0.8472344911561346,False,494,439.6228882307342,12.369035649646662,-0.35654203878485446,23.000473299324177,60,296.4,8.183310596667019,208,-6.037070241404016
1428,uva,packing_A,T06,largo,28,G4,8.696229081355995,0.5149779982296985,0.8472344911561346,False,494,439.6228882307342,12.369035649646662,-0.35654203878485446,23.000473299324177,60,296.4,8.183310596667019,209,-5.959318574940189
1428,uva,packing_A,T06,largo,28,G4,8.696229081355995,0.5149779982296985,0.8472344911561346,False,494,439.6228882307342,12.369035649646662,-0.35654203878485446,23.000473299324177,60,296.4,8.183310596667019,210,-6.088783717498883
1428,uva,packing_A,T06,largo,28,G4,8.696229081355995,0.5149779982296985,0.8472344911561346,False,494,439.6228882307342,12.369035649646662,-0.35654203878485446,23.000473299324177,60,296.4,8.183310596667019,211,-5.821840924056261
1428,uva,packing_A,T06,largo,28,G4,8.696229081355995,0.5149779982296985,0.8472344911561346,False,494,439.6228882307342,12.369035649646662,-0.35654203878485446,23.000473299324177,60,296.4,8.183310596667019,212,-5.737529823108243
1428,uva,packing_A,T06,largo,28,G4,8.696229081355995,0.5149779982296985,0.8472344911561346,False,494,439.6228882307342,12.369035649646662,-0.35654203878485446,23.000473299324177,60,296.4,8.183310596667019,213,-5.59442332030191
1428,uva,packing_A,T06,largo,28,G4,8.696229081355995,0.5149779982296985,0.8472344911561346,False,494,439.6228882307342,12.369035649646662,-0.35654203878485446,23.000473299324177,60,296.4,8.183310596667019,214,-5.638241377309855
1428,uva,packing_A,T06,largo,28,G4,8.696229081355995,0.5149779982296985,0.8472344911561346,False,494,439.6228882307342,12.369035649646662,-0.35654203878485446,23.000473299324177,60,296.4,8.183310596667019,215,-5.797263214178396
1428,uva,packing_A,T06,largo,28,G4,8.696229081355995,0.5149779982296985,0.8472344911561346,False,494,439.6228882307342,12.369035649646662,-0.35654203878485446,23.000473299324177,60,296.4,8.183310596667019,216,-5.6356658651122515
1428,uva,packing_A,T06,largo,28,G4,8.696229081355995,0.5149779982296985,0.8472344911561346,False,494,439.6228882307342,12.369035649646662,-0.35654203878485446,23.000473299324177,60,296.4,8.183310596667019,217,-5.590690951783912
1428,uva,packing_A,T06,largo,28,G4,8.696229081355995,0.5149779982296985,0.8472344911561346,False,494,439.6228882307342,12.369035649646662,-0.35654203878485446,23.000473299324177,60,296.4,8.183310596667019,218,-5.6048900534716575
1428,uva,packing_A,T06,largo,28,G4,8.696229081355995,0.5149779982296985,0.8472344911561346,False,494,439.6228882307342,12.369035649646662,-0.35654203878485446,23.000473299324177,60,296.4,8.183310596667019,219,-5.311942477474425
1428,uva,packing_A,T06,largo,28,G4,8.696229081355995,0.5149779982296985,0.8472344911561346,False,494,439.6228882307342,12.369035649646662,-0.35654203878485446,23.000473299324177,60,296.4,8.183310596667019,220,-5.372721896694501
1428,uva,packing_A,T06,largo,28,G4,8.696229081355995,0.5149779982296985,0.8472344911561346,False,494,439.6228882307342,12.369035649646662,-0.35654203878485446,23.000473299324177,60,296.4,8.183310596667019,221,-5.187944083638505
1428,uva,packing_A,T06,largo,28,G4,8.696229081355995,0.5149779982296985,0.8472344911561346,False,494,439.6228882307342,12.369035649646662,-0.35654203878485446,23.000473299324177,60,296.4,8.183310596667019,222,-5.259117603748095
1428,uva,packing_A,T06,largo,28,G4,8.696229081355995,0.5149779982296985,0.8472344911561346,False,494,439.6228882307342,12.369035649646662,-0.35654203878485446,23.000473299324177,60,296.4,8.183310596667019,223,-5.012751126090202
1428,uva,packing_A,T06,largo,28,G4,8.696229081355995,0.5149779982296985,0.8472344911561346,False,494,439.6228882307342,12.369035649646662,-0.35654203878485446,23.000473299324177,60,296.4,8.183310596667019,224,-5.119041629604129
1428,uva,packing_A,T06,largo,28,G4,8.696229081355995,0.5149779982296985,0.8472344911561346,False,494,439.6228882307342,12.369035649646662,-0.35654203878485446,23.000473299324177,60,296.4,8.183310596667019,225,-4.805228352722049
1428,uva,packing_A,T06,largo,28,G4,8.696229081355995,0.5149779982296985,0.8472344911561346,False,494,439.6228882307342,12.369035649646662,-0.35654203878485446,23.000473299324177,60,296.4,8.183310596667019,226,-5.003443823449777
1428,uva,packing_A,T06,largo,28,G4,8.696229081355995,0.5149779982296985,0.8472344911561346,False,494,439.6228882307342,12.369035649646662,-0.35654203878485446,23.000473299324177,60,296.4,8.183310596667019,227,-4.793944055996925
1428,uva,packing_A,T06,largo,28,G4,8.696229081355995,0.5149779982296985,0.8472344911561346,False,494,439.6228882307342,12.369035649646662,-0.35654203878485446,23.000473299324177,60,296.4,8.183310596667019,228,-4.8513224102615045
1428,uva,packing_A,T06,largo,28,G4,8.696229081355995,0.5149779982296985,0.8472344911561346,False,494,439.6228882307342,12.369035649646662,-0.35654203878485446,23.000473299324177,60,296.4,8.183310596667019,229,-4.820460120649639
1428,uva,packing_A,T06,largo,28,G4,8.696229081355995,0.5149779982296985,0.8472344911561346,False,494,439.6228882307342,12.369035649646662,-0.35654203878485446,23.000473299324177,60,296.4,8.183310596667019,230,-4.607456442311204
1428,uva,packing_A,T06,largo,28,G4,8.696229081355995,0.5149779982296985,0.8472344911561346,False,494,439.6228882307342,12.369035649646662,-0.35654203878485446,23.000473299324177,60,296.4,8.183310596667019,231,-4.690136253040921
1428,uva,packing_A,T06,largo,28,G4,8.696229081355995,0.5149779982296985,0.8472344911561346,False,494,439.6228882307342,12.369035649646662,-0.35654203878485446,23.000473299324177,60,296.4,8.183310596667019,232,-4.410674440186761
1428,uva,packing_A,T06,largo,28,G4,8.696229081355995,0.5149779982296985,0.8472344911561346,False,494,439.6228882307342,12.369035649646662,-0.35654203878485446,23.000473299324177,60,296.4,8.183310596667019,233,-4.552718346661748
1428,uva,packing_A,T06,largo,28,G4,8.696229081355995,0.5149779982296985,0.8472344911561346,False,494,439.6228882307342,12.369035649646662,-0.35654203878485446,23.000473299324177,60,296.4,8.183310596667019,234,-4.416918267098035
1428,uva,packing_A,T06,largo,28,G4,8.696229081355995,0.5149779982296985,0.8472344911561346,False,494,439.6228882307342,12.369035649646662,-0.35654203878485446,23.000473299324177,60,296.4,8.183310596667019,235,-4.394568238136585
1428,uva,packing_A,T06,largo,28,G4,8.696229081355995,0.5149779982296985,0.8472344911561346,False,494,439.6228882307342,12.369035649646662,-0.35654203878485446,23.000473299324177,60,296.4,8.183310596667019,236,-4.389548369711595
1428,uva,packing_A,T06,largo,28,G4,8.696229081355995,0.5149779982296985,0.8472344911561346,False,494,439.6228882307342,12.369035649646662,-0.35654203878485446,23.000473299324177,60,296.4,8.183310596667019,237,-4.271575785565847
1428,uva,packing_A,T06,largo,28,G4,8.696229081355995,0.5149779982296985,0.8472344911561346,False,494,439.6228882307342,12.369035649646662,-0.35654203878485446,23.000473299324177,60,296.4,8.183310596667019,238,-4.246387561976605
1428,uva,packing_A,T06,largo,28,G4,8.696229081355995,0.5149779982296985,0.8472344911561346,False,494,439.6228882307342,12.369035649646662,-0.35654203878485446,23.000473299324177,60,296.4,8.183310596667019,239,-4.201415819343159
1428,uva,packing_A,T06,largo,28,G4,8.696229081355995,0.5149779982296985,0.8472344911561346,False,494,439.6228882307342,12.369035649646662,-0.35654203878485446,23.000473299324177,60,296.4,8.183310596667019,240,-4.131204838198447
1428,uva,packing_A,T06,largo,28,G4,8.696229081355995,0.5149779982296985,0.8472344911561346,False,494,439.6228882307342,12.369035649646662,-0.35654203878485446,23.000473299324177,60,296.4,8.183310596667019,241,-3.9487869388680146
1428,uva,packing_A,T06,largo,28,G4,8.696229081355995,0.5149779982296985,0.8472344911561346,False,494,439.6228882307342,12.369035649646662,-0.35654203878485446,23.000473299324177,60,296.4,8.183310596667019,242,-3.893312964729773
1428,uva,packing_A,T06,largo,28,G4,8.696229081355995,0.5149779982296985,0.8472344911561346,False,494,439.6228882307342,12.369035649646662,-0.35654203878485446,23.000473299324177,60,296.4,8.183310596667019,243,-3.9240278990571587
1428,uva,packing_A,T06,largo,28,G4,8.696229081355995,0.5149779982296985,0.8472344911561346,False,494,439.6228882307342,12.369035649646662,-0.35654203878485446,23.000473299324177,60,296.4,8.183310596667019,244,-3.7111592231133868
1428,uva,packing_A,T06,largo,28,G4,8.696229081355995,0.5149779982296985,0.8472344911561346,False,494,439.6228882307342,12.369035649646662,-0.35654203878485446,23.000473299324177,60,296.4,8.183310596667019,245,-3.5914336175255444
1428,uva,packing_A,T06,largo,28,G4,8.696229081355995,0.5149779982296985,0.8472344911561346,False,494,439.6228882307342,12.369035649646662,-0.35654203878485446,23.000473299324177,60,296.4,8.183310596667019,246,-3.6366276367075727
1428,uva,packing_A,T06,largo,28,G4,8.696229081355995,0.5149779982296985,0.8472344911561346,False,494,439.6228882307342,12.369035649646662,-0.35654203878485446,23.000473299324177,60,296.4,8.183310596667019,247,-3.527585041379038
1428,uva,packing_A,T06,largo,28,G4,8.696229081355995,0.5149779982296985,0.8472344911561346,False,494,439.6228882307342,12.369035649646662,-0.35654203878485446,23.000473299324177,60,296.4,8.183310596667019,248,-3.62117167459921
1428,uva,packing_A,T06,largo,28,G4,8.696229081355995,0.5149779982296985,0.8472344911561346,False,494,439.6228882307342,12.369035649646662,-0.35654203878485446,23.000473299324177,60,296.4,8.183310596667019,249,-3.5235700702215924
1428,uva,packing_A,T06,largo,28,G4,8.696229081355995,0.5149779982296985,0.8472344911561346,False,494,439.6228882307342,12.369035649646662,-0.35654203878485446,23.000473299324177,60,296.4,8.183310596667019,250,-3.3745931343832116
1428,uva,packing_A,T06,largo,28,G4,8.696229081355995,0.5149779982296985,0.8472344911561346,False,494,439.6228882307342,12.369035649646662,-0.35654203878485446,23.000473299324177,60,296.4,8.183310596667019,251,-3.2109286478553516
1428,uva,packing_A,T06,largo,28,G4,8.696229081355995,0.5149779982296985,0.8472344911561346,False,494,439.6228882307342,12.369035649646662,-0.35654203878485446,23.000473299324177,60,296.4,8.183310596667019,252,-3.0868339687349255
1428,uva,packing_A,T06,largo,28,G4,8.696229081355995,0.5149779982296985,0.8472344911561346,False,494,439.6228882307342,12.369035649646662,-0.35654203878485446,23.000473299324177,60,296.4,8.183310596667019,253,-3.0830039005979106
1428,uva,packing_A,T06,largo,28,G4,8.696229081355995,0.5149779982296985,0.8472344911561346,False,494,439.6228882307342,12.369035649646662,-0.35654203878485446,23.000473299324177,60,296.4,8.183310596667019,254,-3.0671352594074426
1428,uva,packing_A,T06,largo,28,G4,8.696229081355995,0.5149779982296985,0.8472344911561346,False,494,439.6228882307342,12.369035649646662,-0.35654203878485446,23.000473299324177,60,296.4,8.183310596667019,255,-3.0853177238052574
1428,uva,packing_A,T06,largo,28,G4,8.696229081355995,0.5149779982296985,0.8472344911561346,False,494,439.6228882307342,12.369035649646662,-0.35654203878485446,23.000473299324177,60,296.4,8.183310596667019,256,-2.799251304436355
1428,uva,packing_A,T06,largo,28,G4,8.696229081355995,0.5149779982296985,0.8472344911561346,False,494,439.6228882307342,12.369035649646662,-0.35654203878485446,23.000473299324177,60,296.4,8.183310596667019,257,-2.7949887341252704
1428,uva,packing_A,T06,largo,28,G4,8.696229081355995,0.5149779982296985,0.8472344911561346,False,494,439.6228882307342,12.369035649646662,-0.35654203878485446,23.000473299324177,60,296.4,8.183310596667019,258,-2.7445898248828224
1428,uva,packing_A,T06,largo,28,G4,8.696229081355995,0.5149779982296985,0.8472344911561346,False,494,439.6228882307342,12.369035649646662,-0.35654203878485446,23.000473299324177,60,296.4,8.183310596667019,259,-2.8238674286466097
1428,uva,packing_A,T06,largo,28,G4,8.696229081355995,0.5149779982296985,0.8472344911561346,False,494,439.6228882307342,12.369035649646662,-0.35654203878485446,23.000473299324177,60,296.4,8.183310596667019,260,-2.6379304482483676
1428,uva,packing_A,T06,largo,28,G4,8.696229081355995,0.5149779982296985,0.8472344911561346,False,494,439.6228882307342,12.369035649646662,-0.35654203878485446,23.000473299324177,60,296.4,8.183310596667019,261,-2.761564380576384
1428,uva,packing_A,T06,largo,28,G4,8.696229081355995,0.5149779982296985,0.8472344911561346,False,494,439.6228882307342,12.369035649646662,-0.35654203878485446,23.000473299324177,60,296.4,8.183310596667019,262,-2.524451812407799
1428,uva,packing_A,T06,largo,28,G4,8.696229081355995,0.5149779982296985,0.8472344911561346,False,494,439.6228882307342,12.369035649646662,-0.35654203878485446,23.000473299324177,60,296.4,8.183310596667019,263,-2.4795703602159844
1428,uva,packing_A,T06,largo,28,G4,8.696229081355995,0.5149779982296985,0.8472344911561346,False,494,439.6228882307342,12.369035649646662,-0.35654203878485446,23.000473299324177,60,296.4,8.183310596667019,264,-2.2359631372635134
1428,uva,packing_A,T06,largo,28,G4,8.696229081355995,0.5149779982296985,0.8472344911561346,False,494,439.6228882307342,12.369035649646662,-0.35654203878485446,23.000473299324177,60,296.4,8.183310596667019,265,-2.372061237580626
1428,uva,packing_A,T06,largo,28,G4,8.696229081355995,0.5149779982296985,0.8472344911561346,False,494,439.6228882307342,12.369035649646662,-0.35654203878485446,23.000473299324177,60,296.4,8.183310596667019,266,-2.3583100519016758
1428,uva,packing_A,T06,largo,28,G4,8.696229081355995,0.5149779982296985,0.8472344911561346,False,494,439.6228882307342,12.369035649646662,-0.35654203878485446,23.000473299324177,60,296.4,8.183310596667019,267,-2.3287759395852707
1428,uva,packing_A,T06,largo,28,G4,8.696229081355995,0.5149779982296985,0.8472344911561346,False,494,439.6228882307342,12.369035649646662,-0.35654203878485446,23.000473299324177,60,296.4,8.183310596667019,268,-2.2897625235213055
1428,uva,packing_A,T06,largo,28,G4,8.696229081355995,0.5149779982296985,0.8472344911561346,False,494,439.6228882307342,12.369035649646662,-0.35654203878485446,23.000473299324177,60,296.4,8.183310596667019,269,-2.235666791401279
1428,uva,packing_A,T06,largo,28,G4,8.696229081355995,0.5149779982296985,0.8472344911561346,False,494,439.6228882307342,12.369035649646662,-0.35654203878485446,23.000473299324177,60,296.4,8.183310596667019,270,-2.1203645141465337
1428,uva,packing_A,T06,largo,28,G4,8.696229081355995,0.5149779982296985,0.8472344911561346,False,494,439.6228882307342,12.369035649646662,-0.35654203878485446,23.000473299324177,60,296.4,8.183310596667019,271,-2.223409577277877
1428,uva,packing_A,T06,largo,28,G4,8.696229081355995,0.5149779982296985,0.8472344911561346,False,494,439.6228882307342,12.369035649646662,-0.35654203878485446,23.000473299324177,60,296.4,8.183310596667019,272,-1.6943239424986616
1428,uva,packing_A,T06,largo,28,G4,8.696229081355995,0.5149779982296985,0.8472344911561346,False,494,439.6228882307342,12.369035649646662,-0.35654203878485446,23.000473299324177,60,296.4,8.183310596667019,273,-1.9051065192417567
1428,uva,packing_A,T06,largo,28,G4,8.696229081355995,0.5149779982296985,0.8472344911561346,False,494,439.6228882307342,12.369035649646662,-0.35654203878485446,23.000473299324177,60,296.4,8.183310596667019,274,-1.605312469215179
1428,uva,packing_A,T06,largo,28,G4,8.696229081355995,0.5149779982296985,0.8472344911561346,False,494,439.6228882307342,12.369035649646662,-0.35654203878485446,23.000473299324177,60,296.4,8.183310596667019,275,-1.8268487093527774
1428,uva,packing_A,T06,largo,28,G4,8.696229081355995,0.5149779982296985,0.8472344911561346,False,494,439.6228882307342,12.369035649646662,-0.35654203878485446,23.000473299324177,60,296.4,8.183310596667019,276,-1.523259310957863
1428,uva,packing_A,T06,largo,28,G4,8.696229081355995,0.5149779982296985,0.8472344911561346,False,494,439.6228882307342,12.369035649646662,-0.35654203878485446,23.000473299324177,60,296.4,8.183310596667019,277,-1.692731808995995
1428,uva,packing_A,T06,largo,28,G4,8.696229081355995,0.5149779982296985,0.8472344911561346,False,494,439.6228882307342,12.369035649646662,-0.35654203878485446,23.000473299324177,60,296.4,8.183310596667019,278,-1.437887489102005
1428,uva,packing_A,T06,largo,28,G4,8.696229081355995,0.5149779982296985,0.8472344911561346,False,494,439.6228882307342,12.369035649646662,-0.35654203878485446,23.000473299324177,60,296.4,8.183310596667019,279,-1.4787147694190828
1428,uva,packing_A,T06,largo,28,G4,8.696229081355995,0.5149779982296985,0.8472344911561346,False,494,439.6228882307342,12.369035649646662,-0.35654203878485446,23.000473299324177,60,296.4,8.183310596667019,280,-1.3457719138794881
1428,uva,packing_A,T06,largo,28,G4,8.696229081355995,0.5149779982296985,0.8472344911561346,False,494,439.6228882307342,12.369035649646662,-0.35654203878485446,23.000473299324177,60,296.4,8.183310596667019,281,-1.3620236540721915
1428,uva,packing_A,T06,largo,28,G4,8.696229081355995,0.5149779982296985,0.8472344911561346,False,494,439.6228882307342,12.369035649646662,-0.35654203878485446,23.000473299324177,60,296.4,8.183310596667019,282,-1.3640718948708053
1428,uva,packing_A,T06,largo,28,G4,8.696229081355995,0.5149779982296985,0.8472344911561346,False,494,439.6228882307342,12.369035649646662,-0.35654203878485446,23.000473299324177,60,296.4,8.183310596667019,283,-1.102659275478338
1428,uva,packing_A,T06,largo,28,G4,8.696229081355995,0.5149779982296985,0.8472344911561346,False,494,439.6228882307342,12.369035649646662,-0.35654203878485446,23.000473299324177,60,296.4,8.183310596667019,284,-1.2565900351662185
1428,uva,packing_A,T06,largo,28,G4,8.696229081355995,0.5149779982296985,0.8472344911561346,False,494,439.6228882307342,12.369035649646662,-0.35654203878485446,23.000473299324177,60,296.4,8.183310596667019,285,-1.2463998580400373
1428,uva,packing_A,T06,largo,28,G4,8.696229081355995,0.5149779982296985,0.8472344911561346,False,494,439.6228882307342,12.369035649646662,-0.35654203878485446,23.000473299324177,60,296.4,8.183310596667019,286,-0.9618299377156363
1428,uva,packing_A,T06,largo,28,G4,8.696229081355995,0.5149779982296985,0.8472344911561346,False,494,439.6228882307342,12.369035649646662,-0.35654203878485446,23.000473299324177,60,296.4,8.183310596667019,287,-1.064806755879336
1428,uva,packing_A,T06,largo,28,G4,8.696229081355995,0.5149779982296985,0.8472344911561346,False,494,439.6228882307342,12.369035649646662,-0.35654203878485446,23.000473299324177,60,296.4,8.183310596667019,288,-0.9634979315235165
1428,uva,packing_A,T06,largo,28,G4,8.696229081355995,0.5149779982296985,0.8472344911561346,False,494,439.6228882307342,12.369035649646662,-0.35654203878485446,23.000473299324177,60,296.4,8.183310596667019,289,-0.8737041403769887
1428,uva,packing_A,T06,largo,28,G4,8.696229081355995,0.5149779982296985,0.8472344911561346,False,494,439.6228882307342,12.369035649646662,-0.35654203878485446,23.000473299324177,60,296.4,8.183310596667019,290,-0.8925443756334362
1428,uva,packing_A,T06,largo,28,G4,8.696229081355995,0.5149779982296985,0.8472344911561346,False,494,439.6228882307342,12.369035649646662,-0.35654203878485446,23.000473299324177,60,296.4,8.183310596667019,291,-0.6194966712579087
1428,uva,packing_A,T06,largo,28,G4,8.696229081355995,0.5149779982296985,0.8472344911561346,False,494,439.6228882307342,12.369035649646662,-0.35654203878485446,23.000473299324177,60,296.4,8.183310596667019,292,-0.692761869691353
1428,uva,packing_A,T06,largo,28,G4,8.696229081355995,0.5149779982296985,0.8472344911561346,False,494,439.6228882307342,12.369035649646662,-0.35654203878485446,23.000473299324177,60,296.4,8.183310596667019,293,-0.6210472722456778
1428,uva,packing_A,T06,largo,28,G4,8.696229081355995,0.5149779982296985,0.8472344911561346,False,494,439.6228882307342,12.369035649646662,-0.35654203878485446,23.000473299324177,60,296.4,8.183310596667019,294,-0.6821265360072178
1428,uva,packing_A,T06,largo,28,G4,8.696229081355995,0.5149779982296985,0.8472344911561346,False,494,439.6228882307342,12.369035649646662,-0.35654203878485446,23.000473299324177,60,296.4,8.183310596667019,295,-0.5934120871507151
1428,uva,packing_A,T06,largo,28,G4,8.696229081355995,0.5149779982296985,0.8472344911561346,False,494,439.6228882307342,12.369035649646662,-0.35654203878485446,23.000473299324177,60,296.4,8.183310596667019,296,-0.5236894240403662
1428,uva,packing_A,T06,largo,28,G4,8.696229081355995,0.5149779982296985,0.8472344911561346,False,494,439.6228882307342,12.369035649646662,-0.35654203878485446,23.000473299324177,60,296.4,8.183310596667019,297,-0.8133878851905141
1428,uva,packing_A,T06,largo,28,G4,8.696229081355995,0.5149779982296985,0.8472344911561346,False,494,439.6228882307342,12.369035649646662,-0.35654203878485446,23.000473299324177,60,296.4,8.183310596667019,298,-0.560500195315568
1428,uva,packing_A,T06,largo,28,G4,8.696229081355995,0.5149779982296985,0.8472344911561346,False,494,439.6228882307342,12.369035649646662,-0.35654203878485446,23.000473299324177,60,296.4,8.183310596667019,299,-0.49710669141751035
1428,uva,packing_A,T06,largo,28,G4,8.696229081355995,0.5149779982296985,0.8472344911561346,False,494,439.6228882307342,12.369035649646662,-0.35654203878485446,23.000473299324177,60,296.4,8.183310596667019,300,-0.38527187011042535
1428,uva,packing_A,T06,largo,28,G4,8.696229081355995,0.5149779982296985,0.8472344911561346,False,494,439.6228882307342,12.369035649646662,-0.35654203878485446,23.000473299324177,60,296.4,8.183310596667019,301,-0.34874484807014294
1428,uva,packing_A,T06,largo,28,G4,8.696229081355995,0.5149779982296985,0.8472344911561346,False,494,439.6228882307342,12.369035649646662,-0.35654203878485446,23.000473299324177,60,296.4,8.183310596667019,302,-0.17512335905786422
1428,uva,packing_A,T06,largo,28,G4,8.696229081355995,0.5149779982296985,0.8472344911561346,False,494,439.6228882307342,12.369035649646662,-0.35654203878485446,23.000473299324177,60,296.4,8.183310596667019,303,-0.08532512899988307
1428,uva,packing_A,T06,largo,28,G4,8.696229081355995,0.5149779982296985,0.8472344911561346,False,494,439.6228882307342,12.369035649646662,-0.35654203878485446,23.000473299324177,60,296.4,8.183310596667019,304,-0.022424274315816117
1428,uva,packing_A,T06,largo,28,G4,8.696229081355995,0.5149779982296985,0.8472344911561346,False,494,439.6228882307342,12.369035649646662,-0.35654203878485446,23.000473299324177,60,296.4,8.183310596667019,305,0.05032012717180542
1428,uva,packing_A,T06,largo,28,G4,8.696229081355995,0.5149779982296985,0.8472344911561346,False,494,439.6228882307342,12.369035649646662,-0.35654203878485446,23.000473299324177,60,296.4,8.183310596667019,306,0.15276025973801827
1428,uva,packing_A,T06,largo,28,G4,8.696229081355995,0.5149779982296985,0.8472344911561346,False,494,439.6228882307342,12.369035649646662,-0.35654203878485446,23.000473299324177,60,296.4,8.183310596667019,307,-0.19112678882937617
1428,uva,packing_A,T06,largo,28,G4,8.696229081355995,0.5149779982296985,0.8472344911561346,False,494,439.6228882307342,12.369035649646662,-0.35654203878485446,23.000473299324177,60,296.4,8.183310596667019,308,-0.14285186453692955
1428,uva,packing_A,T06,largo,28,G4,8.696229081355995,0.5149779982296985,0.8472344911561346,False,494,439.6228882307342,12.369035649646662,-0.35654203878485446,23.000473299324177,60,296.4,8.183310596667019,309,0.12842707663907615
1428,uva,packing_A,T06,largo,28,G4,8.696229081355995,0.5149779982296985,0.8472344911561346,False,494,439.6228882307342,12.369035649646662,-0.35654203878485446,23.000473299324177,60,296.4,8.183310596667019,310,0.11506162881922566
1428,uva,packing_A,T06,largo,28,G4,8.696229081355995,0.5149779982296985,0.8472344911561346,False,494,439.6228882307342,12.369035649646662,-0.35654203878485446,23.000473299324177,60,296.4,8.183310596667019,311,-0.05862920487767843
1428,uva,packing_A,T06,largo,28,G4,8.696229081355995,0.5149779982296985,0.8472344911561346,False,494,439.6228882307342,12.369035649646662,-0.35654203878485446,23.000473299324177,60,296.4,8.183310596667019,312,0.03188518538542262
1428,uva,packing_A,T06,largo,28,G4,8.696229081355995,0.5149779982296985,0.8472344911561346,False,494,439.6228882307342,12.369035649646662,-0.35654203878485446,23.000473299324177,60,296.4,8.183310596667019,313,-0.2647694920989832
1428,uva,packing_A,T06,largo,28,G4,8.696229081355995,0.5149779982296985,0.8472344911561346,False,494,439.6228882307342,12.369035649646662,-0.35654203878485446,23.000473299324177,60,296.4,8.183310596667019,314,-0.25302910555672176
1428,uva,packing_A,T06,largo,28,G4,8.696229081355995,0.5149779982296985,0.8472344911561346,False,494,439.6228882307342,12.369035649646662,-0.35654203878485446,23.000473299324177,60,296.4,8.183310596667019,315,-0.28351004544485386
1428,uva,packing_A,T06,largo,28,G4,8.696229081355995,0.5149779982296985,0.8472344911561346,False,494,439.6228882307342,12.369035649646662,-0.35654203878485446,23.000473299324177,60,296.4,8.183310596667019,316,-0.5033258723499607
1428,uva,packing_A,T06,largo,28,G4,8.696229081355995,0.5149779982296985,0.8472344911561346,False,494,439.6228882307342,12.369035649646662,-0.35654203878485446,23.000473299324177,60,296.4,8.183310596667019,317,-0.562758911033195
1428,uva,packing_A,T06,largo,28,G4,8.696229081355995,0.5149779982296985,0.8472344911561346,False,494,439.6228882307342,12.369035649646662,-0.35654203878485446,23.000473299324177,60,296.4,8.183310596667019,318,-0.6363267657228574
1428,uva,packing_A,T06,largo,28,G4,8.696229081355995,0.5149779982296985,0.8472344911561346,False,494,439.6228882307342,12.369035649646662,-0.35654203878485446,23.000473299324177,60,296.4,8.183310596667019,319,-0.9017717810649803
1428,uva,packing_A,T06,largo,28,G4,8.696229081355995,0.5149779982296985,0.8472344911561346,False,494,439.6228882307342,12.369035649646662,-0.35654203878485446,23.000473299324177,60,296.4,8.183310596667019,320,-0.7177004403162658
1428,uva,packing_A,T06,largo,28,G4,8.696229081355995,0.5149779982296985,0.8472344911561346,False,494,439.6228882307342,12.369035649646662,-0.35654203878485446,23.000473299324177,60,296.4,8.183310596667019,321,-0.7109646580210106
1428,uva,packing_A,T06,largo,28,G4,8.696229081355995,0.5149779982296985,0.8472344911561346,False,494,439.6228882307342,12.369035649646662,-0.35654203878485446,23.000473299324177,60,296.4,8.183310596667019,322,-0.8581323161448821
1428,uva,packing_A,T06,largo,28,G4,8.696229081355995,0.5149779982296985,0.8472344911561346,False,494,439.6228882307342,12.369035649646662,-0.35654203878485446,23.000473299324177,60,296.4,8.183310596667019,323,-0.8621944788086796
1428,uva,packing_A,T06,largo,28,G4,8.696229081355995,0.5149779982296985,0.8472344911561346,False,494,439.6228882307342,12.369035649646662,-0.35654203878485446,23.000473299324177,60,296.4,8.183310596667019,324,-0.8327617805154387
1428,uva,packing_A,T06,largo,28,G4,8.696229081355995,0.5149779982296985,0.8472344911561346,False,494,439.6228882307342,12.369035649646662,-0.35654203878485446,23.000473299324177,60,296.4,8.183310596667019,325,-0.8234036937719175
1428,uva,packing_A,T06,largo,28,G4,8.696229081355995,0.5149779982296985,0.8472344911561346,False,494,439.6228882307342,12.369035649646662,-0.35654203878485446,23.000473299324177,60,296.4,8.183310596667019,326,-0.7443965803850623
1428,uva,packing_A,T06,largo,28,G4,8.696229081355995,0.5149779982296985,0.8472344911561346,False,494,439.6228882307342,12.369035649646662,-0.35654203878485446,23.000473299324177,60,296.4,8.183310596667019,327,-0.7132796906293836
1428,uva,packing_A,T06,largo,28,G4,8.696229081355995,0.5149779982296985,0.8472344911561346,False,494,439.6228882307342,12.369035649646662,-0.35654203878485446,23.000473299324177,60,296.4,8.183310596667019,328,-0.5729671691600478
1428,uva,packing_A,T06,largo,28,G4,8.696229081355995,0.5149779982296985,0.8472344911561346,False,494,439.6228882307342,12.369035649646662,-0.35654203878485446,23.000473299324177,60,296.4,8.183310596667019,329,-0.44229951499633463
1428,uva,packing_A,T06,largo,28,G4,8.696229081355995,0.5149779982296985,0.8472344911561346,False,494,439.6228882307342,12.369035649646662,-0.35654203878485446,23.000473299324177,60,296.4,8.183310596667019,330,-0.4488670485731877
1428,uva,packing_A,T06,largo,28,G4,8.696229081355995,0.5149779982296985,0.8472344911561346,False,494,439.6228882307342,12.369035649646662,-0.35654203878485446,23.000473299324177,60,296.4,8.183310596667019,331,-0.18470089300592313
1428,uva,packing_A,T06,largo,28,G4,8.696229081355995,0.5149779982296985,0.8472344911561346,False,494,439.6228882307342,12.369035649646662,-0.35654203878485446,23.000473299324177,60,296.4,8.183310596667019,332,-0.07670878879708538
1428,uva,packing_A,T06,largo,28,G4,8.696229081355995,0.5149779982296985,0.8472344911561346,False,494,439.6228882307342,12.369035649646662,-0.35654203878485446,23.000473299324177,60,296.4,8.183310596667019,333,-0.07922479572419618
1428,uva,packing_A,T06,largo,28,G4,8.696229081355995,0.5149779982296985,0.8472344911561346,False,494,439.6228882307342,12.369035649646662,-0.35654203878485446,23.000473299324177,60,296.4,8.183310596667019,334,0.1614887209325761
1428,uva,packing_A,T06,largo,28,G4,8.696229081355995,0.5149779982296985,0.8472344911561346,False,494,439.6228882307342,12.369035649646662,-0.35654203878485446,23.000473299324177,60,296.4,8.183310596667019,335,0.15138416348851974
1428,uva,packing_A,T06,largo,28,G4,8.696229081355995,0.5149779982296985,0.8472344911561346,False,494,439.6228882307342,12.369035649646662,-0.35654203878485446,23.000473299324177,60,296.4,8.183310596667019,336,0.12829678398540728
1428,uva,packing_A,T06,largo,28,G4,8.696229081355995,0.5149779982296985,0.8472344911561346,False,494,439.6228882307342,12.369035649646662,-0.35654203878485446,23.000473299324177,60,296.4,8.183310596667019,337,0.1325137074873684
1428,uva,packing_A,T06,largo,28,G4,8.696229081355995,0.5149779982296985,0.8472344911561346,False,494,439.6228882307342,12.369035649646662,-0.35654203878485446,23.000473299324177,60,296.4,8.183310596667019,338,0.2665811777855893
1428,uva,packing_A,T06,largo,28,G4,8.696229081355995,0.5149779982296985,0.8472344911561346,False,494,439.6228882307342,12.369035649646662,-0.35654203878485446,23.000473299324177,60,296.4,8.183310596667019,339,0.009388955831427404
1428,uva,packing_A,T06,largo,28,G4,8.696229081355995,0.5149779982296985,0.8472344911561346,False,494,439.6228882307342,12.369035649646662,-0.35654203878485446,23.000473299324177,60,296.4,8.183310596667019,340,0.010298393496930854
1428,uva,packing_A,T06,largo,28,G4,8.696229081355995,0.5149779982296985,0.8472344911561346,False,494,439.6228882307342,12.369035649646662,-0.35654203878485446,23.000473299324177,60,296.4,8.183310596667019,341,-0.11640553629142651
1428,uva,packing_A,T06,largo,28,G4,8.696229081355995,0.5149779982296985,0.8472344911561346,False,494,439.6228882307342,12.369035649646662,-0.35654203878485446,23.000473299324177,60,296.4,8.183310596667019,342,-0.1960558517034069
1428,uva,packing_A,T06,largo,28,G4,8.696229081355995,0.5149779982296985,0.8472344911561346,False,494,439.6228882307342,12.369035649646662,-0.35654203878485446,23.000473299324177,60,296.4,8.183310596667019,343,-0.21492936954157016
1428,uva,packing_A,T06,largo,28,G4,8.696229081355995,0.5149779982296985,0.8472344911561346,False,494,439.6228882307342,12.369035649646662,-0.35654203878485446,23.000473299324177,60,296.4,8.183310596667019,344,-0.10803347050472356
1428,uva,packing_A,T06,largo,28,G4,8.696229081355995,0.5149779982296985,0.8472344911561346,False,494,439.6228882307342,12.369035649646662,-0.35654203878485446,23.000473299324177,60,296.4,8.183310596667019,345,-0.2301471769846592
1428,uva,packing_A,T06,largo,28,G4,8.696229081355995,0.5149779982296985,0.8472344911561346,False,494,439.6228882307342,12.369035649646662,-0.35654203878485446,23.000473299324177,60,296.4,8.183310596667019,346,-0.480657166689961
1428,uva,packing_A,T06,largo,28,G4,8.696229081355995,0.5149779982296985,0.8472344911561346,False,494,439.6228882307342,12.369035649646662,-0.35654203878485446,23.000473299324177,60,296.4,8.183310596667019,347,-0.575580893548319
1428,uva,packing_A,T06,largo,28,G4,8.696229081355995,0.5149779982296985,0.8472344911561346,False,494,439.6228882307342,12.369035649646662,-0.35654203878485446,23.000473299324177,60,296.4,8.183310596667019,348,-0.5739777521172216
1428,uva,packing_A,T06,largo,28,G4,8.696229081355995,0.5149779982296985,0.8472344911561346,False,494,439.6228882307342,12.369035649646662,-0.35654203878485446,23.000473299324177,60,296.4,8.183310596667019,349,-0.6878165636238821
1428,uva,packing_A,T06,largo,28,G4,8.696229081355995,0.5149779982296985,0.8472344911561346,False,494,439.6228882307342,12.369035649646662,-0.35654203878485446,23.000473299324177,60,296.4,8.183310596667019,350,-0.7708339177337039
1428,uva,packing_A,T06,largo,28,G4,8.696229081355995,0.5149779982296985,0.8472344911561346,False,494,439.6228882307342,12.369035649646662,-0.35654203878485446,23.000473299324177,60,296.4,8.183310596667019,351,-0.7663113900848794
1428,uva,packing_A,T06,largo,28,G4,8.696229081355995,0.5149779982296985,0.8472344911561346,False,494,439.6228882307342,12.369035649646662,-0.35654203878485446,23.000473299324177,60,296.4,8.183310596667019,352,-0.7598851047049792
1428,uva,packing_A,T06,largo,28,G4,8.696229081355995,0.5149779982296985,0.8472344911561346,False,494,439.6228882307342,12.369035649646662,-0.35654203878485446,23.000473299324177,60,296.4,8.183310596667019,353,-0.5918624147196292
1428,uva,packing_A,T06,largo,28,G4,8.696229081355995,0.5149779982296985,0.8472344911561346,False,494,439.6228882307342,12.369035649646662,-0.35654203878485446,23.000473299324177,60,296.4,8.183310596667019,354,-0.7152639605908094
1428,uva,packing_A,T06,largo,28,G4,8.696229081355995,0.5149779982296985,0.8472344911561346,False,494,439.6228882307342,12.369035649646662,-0.35654203878485446,23.000473299324177,60,296.4,8.183310596667019,355,-0.7586061829496753
1428,uva,packing_A,T06,largo,28,G4,8.696229081355995,0.5149779982296985,0.8472344911561346,False,494,439.6228882307342,12.369035649646662,-0.35654203878485446,23.000473299324177,60,296.4,8.183310596667019,356,-0.7530977209928109
1428,uva,packing_A,T06,largo,28,G4,8.696229081355995,0.5149779982296985,0.8472344911561346,False,494,439.6228882307342,12.369035649646662,-0.35654203878485446,23.000473299324177,60,296.4,8.183310596667019,357,-0.6710856925421307
1428,uva,packing_A,T06,largo,28,G4,8.696229081355995,0.5149779982296985,0.8472344911561346,False,494,439.6228882307342,12.369035649646662,-0.35654203878485446,23.000473299324177,60,296.4,8.183310596667019,358,-0.528994006177717
1428,uva,packing_A,T06,largo,28,G4,8.696229081355995,0.5149779982296985,0.8472344911561346,False,494,439.6228882307342,12.369035649646662,-0.35654203878485446,23.000473299324177,60,296.4,8.183310596667019,359,-0.5122817824602468
1428,uva,packing_A,T06,largo,28,G4,8.696229081355995,0.5149779982296985,0.8472344911561346,False,494,439.6228882307342,12.369035649646662,-0.35654203878485446,23.000473299324177,60,296.4,8.183310596667019,360,-0.38804263814142137
1428,uva,packing_A,T06,largo,28,G4,8.696229081355995,0.5149779982296985,0.8472344911561346,False,494,439.6228882307342,12.369035649646662,-0.35654203878485446,23.000473299324177,60,296.4,8.183310596667019,361,-0.18688776327307716
1428,uva,packing_A,T06,largo,28,G4,8.696229081355995,0.5149779982296985,0.8472344911561346,False,494,439.6228882307342,12.369035649646662,-0.35654203878485446,23.000473299324177,60,296.4,8.183310596667019,362,-0.11297117829976941
1428,uva,packing_A,T06,largo,28,G4,8.696229081355995,0.5149779982296985,0.8472344911561346,False,494,439.6228882307342,12.369035649646662,-0.35654203878485446,23.000473299324177,60,296.4,8.183310596667019,363,-0.16373932152996673
1428,uva,packing_A,T06,largo,28,G4,8.696229081355995,0.5149779982296985,0.8472344911561346,False,494,439.6228882307342,12.369035649646662,-0.35654203878485446,23.000473299324177,60,296.4,8.183310596667019,364,0.13542549260865192
1428,uva,packing_A,T06,largo,28,G4,8.696229081355995,0.5149779982296985,0.8472344911561346,False,494,439.6228882307342,12.369035649646662,-0.35654203878485446,23.000473299324177,60,296.4,8.183310596667019,365,0.06820038245209634
1428,uva,packing_A,T06,largo,28,G4,8.696229081355995,0.5149779982296985,0.8472344911561346,False,494,439.6228882307342,12.369035649646662,-0.35654203878485446,23.000473299324177,60,296.4,8.183310596667019,366,0.1799588455295339
1428,uva,packing_A,T06,largo,28,G4,8.696229081355995,0.5149779982296985,0.8472344911561346,False,494,439.6228882307342,12.369035649646662,-0.35654203878485446,23.000473299324177,60,296.4,8.183310596667019,367,0.15527143962200793
1428,uva,packing_A,T06,largo,28,G4,8.696229081355995,0.5149779982296985,0.8472344911561346,False,494,439.6228882307342,12.369035649646662,-0.35654203878485446,23.000473299324177,60,296.4,8.183310596667019,368,0.3246906655923264
1428,uva,packing_A,T06,largo,28,G4,8.696229081355995,0.5149779982296985,0.8472344911561346,False,494,439.6228882307342,12.369035649646662,-0.35654203878485446,23.000473299324177,60,296.4,8.183310596667019,369,-0.08599542789973064
1428,uva,packing_A,T06,largo,28,G4,8.696229081355995,0.5149779982296985,0.8472344911561346,False,494,439.6228882307342,12.369035649646662,-0.35654203878485446,23.000473299324177,60,296.4,8.183310596667019,370,-0.03094202107006823
1428,uva,packing_A,T06,largo,28,G4,8.696229081355995,0.5149779982296985,0.8472344911561346,False,494,439.6228882307342,12.369035649646662,-0.35654203878485446,23.000473299324177,60,296.4,8.183310596667019,371,0.0464990122334923
1428,uva,packing_A,T06,largo,28,G4,8.696229081355995,0.5149779982296985,0.8472344911561346,False,494,439.6228882307342,12.369035649646662,-0.35654203878485446,23.000473299324177,60,296.4,8.183310596667019,372,-0.14827977115959823
1428,uva,packing_A,T06,largo,28,G4,8.696229081355995,0.5149779982296985,0.8472344911561346,False,494,439.6228882307342,12.369035649646662,-0.35654203878485446,23.000473299324177,60,296.4,8.183310596667019,373,-0.2442034644656364
1428,uva,packing_A,T06,largo,28,G4,8.696229081355995,0.5149779982296985,0.8472344911561346,False,494,439.6228882307342,12.369035649646662,-0.35654203878485446,23.000473299324177,60,296.4,8.183310596667019,374,-0.1608696466056017
1428,uva,packing_A,T06,largo,28,G4,8.696229081355995,0.5149779982296985,0.8472344911561346,False,494,439.6228882307342,12.369035649646662,-0.35654203878485446,23.000473299324177,60,296.4,8.183310596667019,375,-0.38787092172901144
1428,uva,packing_A,T06,largo,28,G4,8.696229081355995,0.5149779982296985,0.8472344911561346,False,494,439.6228882307342,12.369035649646662,-0.35654203878485446,23.000473299324177,60,296.4,8.183310596667019,376,-0.41403600583222416
1428,uva,packing_A,T06,largo,28,G4,8.696229081355995,0.5149779982296985,0.8472344911561346,False,494,439.6228882307342,12.369035649646662,-0.35654203878485446,23.000473299324177,60,296.4,8.183310596667019,377,-0.5258998160822876
1428,uva,packing_A,T06,largo,28,G4,8.696229081355995,0.5149779982296985,0.8472344911561346,False,494,439.6228882307342,12.369035649646662,-0.35654203878485446,23.000473299324177,60,296.4,8.183310596667019,378,-0.6248680652085935
1428,uva,packing_A,T06,largo,28,G4,8.696229081355995,0.5149779982296985,0.8472344911561346,False,494,439.6228882307342,12.369035649646662,-0.35654203878485446,23.000473299324177,60,296.4,8.183310596667019,379,-0.6159592691988592
1428,uva,packing_A,T06,largo,28,G4,8.696229081355995,0.5149779982296985,0.8472344911561346,False,494,439.6228882307342,12.369035649646662,-0.35654203878485446,23.000473299324177,60,296.4,8.183310596667019,380,-0.959408680477414
1428,uva,packing_A,T06,largo,28,G4,8.696229081355995,0.5149779982296985,0.8472344911561346,False,494,439.6228882307342,12.369035649646662,-0.35654203878485446,23.000473299324177,60,296.4,8.183310596667019,381,-0.9012236832261368
1428,uva,packing_A,T06,largo,28,G4,8.696229081355995,0.5149779982296985,0.8472344911561346,False,494,439.6228882307342,12.369035649646662,-0.35654203878485446,23.000473299324177,60,296.4,8.183310596667019,382,-0.707620923403018
1428,uva,packing_A,T06,largo,28,G4,8.696229081355995,0.5149779982296985,0.8472344911561346,False,494,439.6228882307342,12.369035649646662,-0.35654203878485446,23.000473299324177,60,296.4,8.183310596667019,383,-0.7733812288384079
1428,uva,packing_A,T06,largo,28,G4,8.696229081355995,0.5149779982296985,0.8472344911561346,False,494,439.6228882307342,12.369035649646662,-0.35654203878485446,23.000473299324177,60,296.4,8.183310596667019,384,-0.8169861694425651
1428,uva,packing_A,T06,largo,28,G4,8.696229081355995,0.5149779982296985,0.8472344911561346,False,494,439.6228882307342,12.369035649646662,-0.35654203878485446,23.000473299324177,60,296.4,8.183310596667019,385,-0.7382669256528094
1428,uva,packing_A,T06,largo,28,G4,8.696229081355995,0.5149779982296985,0.8472344911561346,False,494,439.6228882307342,12.369035649646662,-0.35654203878485446,23.000473299324177,60,296.4,8.183310596667019,386,-0.7128366465236429
1428,uva,packing_A,T06,largo,28,G4,8.696229081355995,0.5149779982296985,0.8472344911561346,False,494,439.6228882307342,12.369035649646662,-0.35654203878485446,23.000473299324177,60,296.4,8.183310596667019,387,-0.7316191162216518
1428,uva,packing_A,T06,largo,28,G4,8.696229081355995,0.5149779982296985,0.8472344911561346,False,494,439.6228882307342,12.369035649646662,-0.35654203878485446,23.000473299324177,60,296.4,8.183310596667019,388,-0.5675096526592902
1428,uva,packing_A,T06,largo,28,G4,8.696229081355995,0.5149779982296985,0.8472344911561346,False,494,439.6228882307342,12.369035649646662,-0.35654203878485446,23.000473299324177,60,296.4,8.183310596667019,389,-0.6475303072734993
1428,uva,packing_A,T06,largo,28,G4,8.696229081355995,0.5149779982296985,0.8472344911561346,False,494,439.6228882307342,12.369035649646662,-0.35654203878485446,23.000473299324177,60,296.4,8.183310596667019,390,-0.357457980162714
1428,uva,packing_A,T06,largo,28,G4,8.696229081355995,0.5149779982296985,0.8472344911561346,False,494,439.6228882307342,12.369035649646662,-0.35654203878485446,23.000473299324177,60,296.4,8.183310596667019,391,-0.2853664699440462
1428,uva,packing_A,T06,largo,28,G4,8.696229081355995,0.5149779982296985,0.8472344911561346,False,494,439.6228882307342,12.369035649646662,-0.35654203878485446,23.000473299324177,60,296.4,8.183310596667019,392,-0.233006273574682
1428,uva,packing_A,T06,largo,28,G4,8.696229081355995,0.5149779982296985,0.8472344911561346,False,494,439.6228882307342,12.369035649646662,-0.35654203878485446,23.000473299324177,60,296.4,8.183310596667019,393,-0.0796865804000423
1428,uva,packing_A,T06,largo,28,G4,8.696229081355995,0.5149779982296985,0.8472344911561346,False,494,439.6228882307342,12.369035649646662,-0.35654203878485446,23.000473299324177,60,296.4,8.183310596667019,394,0.11149948884178944
1428,uva,packing_A,T06,largo,28,G4,8.696229081355995,0.5149779982296985,0.8472344911561346,False,494,439.6228882307342,12.369035649646662,-0.35654203878485446,23.000473299324177,60,296.4,8.183310596667019,395,0.06909866789646807
1428,uva,packing_A,T06,largo,28,G4,8.696229081355995,0.5149779982296985,0.8472344911561346,False,494,439.6228882307342,12.369035649646662,-0.35654203878485446,23.000473299324177,60,296.4,8.183310596667019,396,-0.011803375956232917
1428,uva,packing_A,T06,largo,28,G4,8.696229081355995,0.5149779982296985,0.8472344911561346,False,494,439.6228882307342,12.369035649646662,-0.35654203878485446,23.000473299324177,60,296.4,8.183310596667019,397,0.030032146021349293
1428,uva,packing_A,T06,largo,28,G4,8.696229081355995,0.5149779982296985,0.8472344911561346,False,494,439.6228882307342,12.369035649646662,-0.35654203878485446,23.000473299324177,60,296.4,8.183310596667019,398,-0.08489836276562437
1428,uva,packing_A,T06,largo,28,G4,8.696229081355995,0.5149779982296985,0.8472344911561346,False,494,439.6228882307342,12.369035649646662,-0.35654203878485446,23.000473299324177,60,296.4,8.183310596667019,399,0.016796227052394933
1428,uva,packing_A,T06,largo,28,G4,8.696229081355995,0.5149779982296985,0.8472344911561346,False,494,439.6228882307342,12.369035649646662,-0.35654203878485446,23.000473299324177,60,296.4,8.183310596667019,400,0.03693963731334905
1428,uva,packing_A,T06,largo,28,G4,8.696229081355995,0.5149779982296985,0.8472344911561346,False,494,439.6228882307342,12.369035649646662,-0.35654203878485446,23.000473299324177,60,296.4,8.183310596667019,401,0.04917941982160611
1428,uva,packing_A,T06,largo,28,G4,8.696229081355995,0.5149779982296985,0.8472344911561346,False,494,439.6228882307342,12.369035649646662,-0.35654203878485446,23.000473299324177,60,296.4,8.183310596667019,402,-0.14707154886680698
1428,uva,packing_A,T06,largo,28,G4,8.696229081355995,0.5149779982296985,0.8472344911561346,False,494,439.6228882307342,12.369035649646662,-0.35654203878485446,23.000473299324177,60,296.4,8.183310596667019,403,-0.1281615507740423
1428,uva,packing_A,T06,largo,28,G4,8.696229081355995,0.5149779982296985,0.8472344911561346,False,494,439.6228882307342,12.369035649646662,-0.35654203878485446,23.000473299324177,60,296.4,8.183310596667019,404,-0.3200943482203204
1428,uva,packing_A,T06,largo,28,G4,8.696229081355995,0.5149779982296985,0.8472344911561346,False,494,439.6228882307342,12.369035649646662,-0.35654203878485446,23.000473299324177,60,296.4,8.183310596667019,405,-0.5143269425078459
1428,uva,packing_A,T06,largo,28,G4,8.696229081355995,0.5149779982296985,0.8472344911561346,False,494,439.6228882307342,12.369035649646662,-0.35654203878485446,23.000473299324177,60,296.4,8.183310596667019,406,-0.37270553732659034
1428,uva,packing_A,T06,largo,28,G4,8.696229081355995,0.5149779982296985,0.8472344911561346,False,494,439.6228882307342,12.369035649646662,-0.35654203878485446,23.000473299324177,60,296.4,8.183310596667019,407,-0.44766549668737726
1428,uva,packing_A,T06,largo,28,G4,8.696229081355995,0.5149779982296985,0.8472344911561346,False,494,439.6228882307342,12.369035649646662,-0.35654203878485446,23.000473299324177,60,296.4,8.183310596667019,408,-0.6097942576165739
1428,uva,packing_A,T06,largo,28,G4,8.696229081355995,0.5149779982296985,0.8472344911561346,False,494,439.6228882307342,12.369035649646662,-0.35654203878485446,23.000473299324177,60,296.4,8.183310596667019,409,-0.7115010806003204
1428,uva,packing_A,T06,largo,28,G4,8.696229081355995,0.5149779982296985,0.8472344911561346,False,494,439.6228882307342,12.369035649646662,-0.35654203878485446,23.000473299324177,60,296.4,8.183310596667019,410,-0.7576170585533983
1428,uva,packing_A,T06,largo,28,G4,8.696229081355995,0.5149779982296985,0.8472344911561346,False,494,439.6228882307342,12.369035649646662,-0.35654203878485446,23.000473299324177,60,296.4,8.183310596667019,411,-0.6762980764137563
1428,uva,packing_A,T06,largo,28,G4,8.696229081355995,0.5149779982296985,0.8472344911561346,False,494,439.6228882307342,12.369035649646662,-0.35654203878485446,23.000473299324177,60,296.4,8.183310596667019,412,-0.7697516181633522
1428,uva,packing_A,T06,largo,28,G4,8.696229081355995,0.5149779982296985,0.8472344911561346,False,494,439.6228882307342,12.369035649646662,-0.35654203878485446,23.000473299324177,60,296.4,8.183310596667019,413,-0.9407120823726614
1428,uva,packing_A,T06,largo,28,G4,8.696229081355995,0.5149779982296985,0.8472344911561346,False,494,439.6228882307342,12.369035649646662,-0.35654203878485446,23.000473299324177,60,296.4,8.183310596667019,414,-0.8195537054561841
1428,uva,packing_A,T06,largo,28,G4,8.696229081355995,0.5149779982296985,0.8472344911561346,False,494,439.6228882307342,12.369035649646662,-0.35654203878485446,23.000473299324177,60,296.4,8.183310596667019,415,-0.8220334051955258
1428,uva,packing_A,T06,largo,28,G4,8.696229081355995,0.5149779982296985,0.8472344911561346,False,494,439.6228882307342,12.369035649646662,-0.35654203878485446,23.000473299324177,60,296.4,8.183310596667019,416,-0.8774892179393621
1428,uva,packing_A,T06,largo,28,G4,8.696229081355995,0.5149779982296985,0.8472344911561346,False,494,439.6228882307342,12.369035649646662,-0.35654203878485446,23.000473299324177,60,296.4,8.183310596667019,417,-0.5307543235018816
1428,uva,packing_A,T06,largo,28,G4,8.696229081355995,0.5149779982296985,0.8472344911561346,False,494,439.6228882307342,12.369035649646662,-0.35654203878485446,23.000473299324177,60,296.4,8.183310596667019,418,-0.5398933193933376
1428,uva,packing_A,T06,largo,28,G4,8.696229081355995,0.5149779982296985,0.8472344911561346,False,494,439.6228882307342,12.369035649646662,-0.35654203878485446,23.000473299324177,60,296.4,8.183310596667019,419,-0.32581123734459155
1428,uva,packing_A,T06,largo,28,G4,8.696229081355995,0.5149779982296985,0.8472344911561346,False,494,439.6228882307342,12.369035649646662,-0.35654203878485446,23.000473299324177,60,296.4,8.183310596667019,420,-0.4182514737322984
1428,uva,packing_A,T06,largo,28,G4,8.696229081355995,0.5149779982296985,0.8472344911561346,False,494,439.6228882307342,12.369035649646662,-0.35654203878485446,23.000473299324177,60,296.4,8.183310596667019,421,-0.15487386822479163
1428,uva,packing_A,T06,largo,28,G4,8.696229081355995,0.5149779982296985,0.8472344911561346,False,494,439.6228882307342,12.369035649646662,-0.35654203878485446,23.000473299324177,60,296.4,8.183310596667019,422,-0.13727011583098628
1428,uva,packing_A,T06,largo,28,G4,8.696229081355995,0.5149779982296985,0.8472344911561346,False,494,439.6228882307342,12.369035649646662,-0.35654203878485446,23.000473299324177,60,296.4,8.183310596667019,423,-0.02311959939680982
1428,uva,packing_A,T06,largo,28,G4,8.696229081355995,0.5149779982296985,0.8472344911561346,False,494,439.6228882307342,12.369035649646662,-0.35654203878485446,23.000473299324177,60,296.4,8.183310596667019,424,0.040090991455588934
1428,uva,packing_A,T06,largo,28,G4,8.696229081355995,0.5149779982296985,0.8472344911561346,False,494,439.6228882307342,12.369035649646662,-0.35654203878485446,23.000473299324177,60,296.4,8.183310596667019,425,0.15401981525500208
1428,uva,packing_A,T06,largo,28,G4,8.696229081355995,0.5149779982296985,0.8472344911561346,False,494,439.6228882307342,12.369035649646662,-0.35654203878485446,23.000473299324177,60,296.4,8.183310596667019,426,0.15260613533470002
1428,uva,packing_A,T06,largo,28,G4,8.696229081355995,0.5149779982296985,0.8472344911561346,False,494,439.6228882307342,12.369035649646662,-0.35654203878485446,23.000473299324177,60,296.4,8.183310596667019,427,0.0291260094110041
1428,uva,packing_A,T06,largo,28,G4,8.696229081355995,0.5149779982296985,0.8472344911561346,False,494,439.6228882307342,12.369035649646662,-0.35654203878485446,23.000473299324177,60,296.4,8.183310596667019,428,0.05388632457245026
1428,uva,packing_A,T06,largo,28,G4,8.696229081355995,0.5149779982296985,0.8472344911561346,False,494,439.6228882307342,12.369035649646662,-0.35654203878485446,23.000473299324177,60,296.4,8.183310596667019,429,0.19167374797974523
1428,uva,packing_A,T06,largo,28,G4,8.696229081355995,0.5149779982296985,0.8472344911561346,False,494,439.6228882307342,12.369035649646662,-0.35654203878485446,23.000473299324177,60,296.4,8.183310596667019,430,0.1749775291069102
1428,uva,packing_A,T06,largo,28,G4,8.696229081355995,0.5149779982296985,0.8472344911561346,False,494,439.6228882307342,12.369035649646662,-0.35654203878485446,23.000473299324177,60,296.4,8.183310596667019,431,0.10575214286425214
1428,uva,packing_A,T06,largo,28,G4,8.696229081355995,0.5149779982296985,0.8472344911561346,False,494,439.6228882307342,12.369035649646662,-0.35654203878485446,23.000473299324177,60,296.4,8.183310596667019,432,0.0016166518750684172
1428,uva,packing_A,T06,largo,28,G4,8.696229081355995,0.5149779982296985,0.8472344911561346,False,494,439.6228882307342,12.369035649646662,-0.35654203878485446,23.000473299324177,60,296.4,8.183310596667019,433,-0.15413080959941397
1428,uva,packing_A,T06,largo,28,G4,8.696229081355995,0.5149779982296985,0.8472344911561346,False,494,439.6228882307342,12.369035649646662,-0.35654203878485446,23.000473299324177,60,296.4,8.183310596667019,434,-0.25811223873339845
1428,uva,packing_A,T06,largo,28,G4,8.696229081355995,0.5149779982296985,0.8472344911561346,False,494,439.6228882307342,12.369035649646662,-0.35654203878485446,23.000473299324177,60,296.4,8.183310596667019,435,-0.288861343645349
1428,uva,packing_A,T06,largo,28,G4,8.696229081355995,0.5149779982296985,0.8472344911561346,False,494,439.6228882307342,12.369035649646662,-0.35654203878485446,23.000473299324177,60,296.4,8.183310596667019,436,-0.5210554049550782
1428,uva,packing_A,T06,largo,28,G4,8.696229081355995,0.5149779982296985,0.8472344911561346,False,494,439.6228882307342,12.369035649646662,-0.35654203878485446,23.000473299324177,60,296.4,8.183310596667019,437,-0.41060772293428216
1428,uva,packing_A,T06,largo,28,G4,8.696229081355995,0.5149779982296985,0.8472344911561346,False,494,439.6228882307342,12.369035649646662,-0.35654203878485446,23.000473299324177,60,296.4,8.183310596667019,438,-0.6212335048789165
1428,uva,packing_A,T06,largo,28,G4,8.696229081355995,0.5149779982296985,0.8472344911561346,False,494,439.6228882307342,12.369035649646662,-0.35654203878485446,23.000473299324177,60,296.4,8.183310596667019,439,-0.6852922670450166
1428,uva,packing_A,T06,largo,28,G4,8.696229081355995,0.5149779982296985,0.8472344911561346,False,494,439.6228882307342,12.369035649646662,-0.35654203878485446,23.000473299324177,60,296.4,8.183310596667019,440,-0.6239486252111142
1428,uva,packing_A,T06,largo,28,G4,8.696229081355995,0.5149779982296985,0.8472344911561346,False,494,439.6228882307342,12.369035649646662,-0.35654203878485446,23.000473299324177,60,296.4,8.183310596667019,441,-0.8299819420736847
1428,uva,packing_A,T06,largo,28,G4,8.696229081355995,0.5149779982296985,0.8472344911561346,False,494,439.6228882307342,12.369035649646662,-0.35654203878485446,23.000473299324177,60,296.4,8.183310596667019,442,-0.7538074112771215
1428,uva,packing_A,T06,largo,28,G4,8.696229081355995,0.5149779982296985,0.8472344911561346,False,494,439.6228882307342,12.369035649646662,-0.35654203878485446,23.000473299324177,60,296.4,8.183310596667019,443,-0.5299385189984522
1428,uva,packing_A,T06,largo,28,G4,8.696229081355995,0.5149779982296985,0.8472344911561346,False,494,439.6228882307342,12.369035649646662,-0.35654203878485446,23.000473299324177,60,296.4,8.183310596667019,444,-0.8509268610525733
1428,uva,packing_A,T06,largo,28,G4,8.696229081355995,0.5149779982296985,0.8472344911561346,False,494,439.6228882307342,12.369035649646662,-0.35654203878485446,23.000473299324177,60,296.4,8.183310596667019,445,-0.6984843356582453
1428,uva,packing_A,T06,largo,28,G4,8.696229081355995,0.5149779982296985,0.8472344911561346,False,494,439.6228882307342,12.369035649646662,-0.35654203878485446,23.000473299324177,60,296.4,8.183310596667019,446,-0.5867509041558896
1428,uva,packing_A,T06,largo,28,G4,8.696229081355995,0.5149779982296985,0.8472344911561346,False,494,439.6228882307342,12.369035649646662,-0.35654203878485446,23.000473299324177,60,296.4,8.183310596667019,447,-0.61483660770699
1428,uva,packing_A,T06,largo,28,G4,8.696229081355995,0.5149779982296985,0.8472344911561346,False,494,439.6228882307342,12.369035649646662,-0.35654203878485446,23.000473299324177,60,296.4,8.183310596667019,448,-0.7724201471681135
1428,uva,packing_A,T06,largo,28,G4,8.696229081355995,0.5149779982296985,0.8472344911561346,False,494,439.6228882307342,12.369035649646662,-0.35654203878485446,23.000473299324177,60,296.4,8.183310596667019,449,-0.3300298046734725
1428,uva,packing_A,T06,largo,28,G4,8.696229081355995,0.5149779982296985,0.8472344911561346,False,494,439.6228882307342,12.369035649646662,-0.35654203878485446,23.000473299324177,60,296.4,8.183310596667019,450,-0.3264524396419695
1428,uva,packing_A,T06,largo,28,G4,8.696229081355995,0.5149779982296985,0.8472344911561346,False,494,439.6228882307342,12.369035649646662,-0.35654203878485446,23.000473299324177,60,296.4,8.183310596667019,451,-0.3583959277726761
1428,uva,packing_A,T06,largo,28,G4,8.696229081355995,0.5149779982296985,0.8472344911561346,False,494,439.6228882307342,12.369035649646662,-0.35654203878485446,23.000473299324177,60,296.4,8.183310596667019,452,-0.04939575446869883
1428,uva,packing_A,T06,largo,28,G4,8.696229081355995,0.5149779982296985,0.8472344911561346,False,494,439.6228882307342,12.369035649646662,-0.35654203878485446,23.000473299324177,60,296.4,8.183310596667019,453,-0.05178159388453024
1428,uva,packing_A,T06,largo,28,G4,8.696229081355995,0.5149779982296985,0.8472344911561346,False,494,439.6228882307342,12.369035649646662,-0.35654203878485446,23.000473299324177,60,296.4,8.183310596667019,454,0.04081768750472822
1428,uva,packing_A,T06,largo,28,G4,8.696229081355995,0.5149779982296985,0.8472344911561346,False,494,439.6228882307342,12.369035649646662,-0.35654203878485446,23.000473299324177,60,296.4,8.183310596667019,455,0.15263811671892735
1428,uva,packing_A,T06,largo,28,G4,8.696229081355995,0.5149779982296985,0.8472344911561346,False,494,439.6228882307342,12.369035649646662,-0.35654203878485446,23.000473299324177,60,296.4,8.183310596667019,456,0.0650319954737198
1428,uva,packing_A,T06,largo,28,G4,8.696229081355995,0.5149779982296985,0.8472344911561346,False,494,439.6228882307342,12.369035649646662,-0.35654203878485446,23.000473299324177,60,296.4,8.183310596667019,457,0.2144786935337269
1428,uva,packing_A,T06,largo,28,G4,8.696229081355995,0.5149779982296985,0.8472344911561346,False,494,439.6228882307342,12.369035649646662,-0.35654203878485446,23.000473299324177,60,296.4,8.183310596667019,458,0.11922969058994673
1428,uva,packing_A,T06,largo,28,G4,8.696229081355995,0.5149779982296985,0.8472344911561346,False,494,439.6228882307342,12.369035649646662,-0.35654203878485446,23.000473299324177,60,296.4,8.183310596667019,459,0.11222257686045951
1428,uva,packing_A,T06,largo,28,G4,8.696229081355995,0.5149779982296985,0.8472344911561346,False,494,439.6228882307342,12.369035649646662,-0.35654203878485446,23.000473299324177,60,296.4,8.183310596667019,460,0.07678140799092191
1428,uva,packing_A,T06,largo,28,G4,8.696229081355995,0.5149779982296985,0.8472344911561346,False,494,439.6228882307342,12.369035649646662,-0.35654203878485446,23.000473299324177,60,296.4,8.183310596667019,461,-0.006123150191575919
1428,uva,packing_A,T06,largo,28,G4,8.696229081355995,0.5149779982296985,0.8472344911561346,False,494,439.6228882307342,12.369035649646662,-0.35654203878485446,23.000473299324177,60,296.4,8.183310596667019,462,-0.0482099743692783
1428,uva,packing_A,T06,largo,28,G4,8.696229081355995,0.5149779982296985,0.8472344911561346,False,494,439.6228882307342,12.369035649646662,-0.35654203878485446,23.000473299324177,60,296.4,8.183310596667019,463,-0.0027253334262491713
1428,uva,packing_A,T06,largo,28,G4,8.696229081355995,0.5149779982296985,0.8472344911561346,False,494,439.6228882307342,12.369035649646662,-0.35654203878485446,23.000473299324177,60,296.4,8.183310596667019,464,-0.2034608280319415
1428,uva,packing_A,T06,largo,28,G4,8.696229081355995,0.5149779982296985,0.8472344911561346,False,494,439.6228882307342,12.369035649646662,-0.35654203878485446,23.000473299324177,60,296.4,8.183310596667019,465,-0.29197585116329466
1428,uva,packing_A,T06,largo,28,G4,8.696229081355995,0.5149779982296985,0.8472344911561346,False,494,439.6228882307342,12.369035649646662,-0.35654203878485446,23.000473299324177,60,296.4,8.183310596667019,466,-0.4100481986465957
1428,uva,packing_A,T06,largo,28,G4,8.696229081355995,0.5149779982296985,0.8472344911561346,False,494,439.6228882307342,12.369035649646662,-0.35654203878485446,23.000473299324177,60,296.4,8.183310596667019,467,-0.5412714747591244
1428,uva,packing_A,T06,largo,28,G4,8.696229081355995,0.5149779982296985,0.8472344911561346,False,494,439.6228882307342,12.369035649646662,-0.35654203878485446,23.000473299324177,60,296.4,8.183310596667019,468,-0.6021324763874912
1428,uva,packing_A,T06,largo,28,G4,8.696229081355995,0.5149779982296985,0.8472344911561346,False,494,439.6228882307342,12.369035649646662,-0.35654203878485446,23.000473299324177,60,296.4,8.183310596667019,469,-0.7462373159693877
1428,uva,packing_A,T06,largo,28,G4,8.696229081355995,0.5149779982296985,0.8472344911561346,False,494,439.6228882307342,12.369035649646662,-0.35654203878485446,23.000473299324177,60,296.4,8.183310596667019,470,-0.7091582026921033
1428,uva,packing_A,T06,largo,28,G4,8.696229081355995,0.5149779982296985,0.8472344911561346,False,494,439.6228882307342,12.369035649646662,-0.35654203878485446,23.000473299324177,60,296.4,8.183310596667019,471,-0.8577118422982315
1428,uva,packing_A,T06,largo,28,G4,8.696229081355995,0.5149779982296985,0.8472344911561346,False,494,439.6228882307342,12.369035649646662,-0.35654203878485446,23.000473299324177,60,296.4,8.183310596667019,472,-0.7799532663169606
1428,uva,packing_A,T06,largo,28,G4,8.696229081355995,0.5149779982296985,0.8472344911561346,False,494,439.6228882307342,12.369035649646662,-0.35654203878485446,23.000473299324177,60,296.4,8.183310596667019,473,-0.8208863538724132
1428,uva,packing_A,T06,largo,28,G4,8.696229081355995,0.5149779982296985,0.8472344911561346,False,494,439.6228882307342,12.369035649646662,-0.35654203878485446,23.000473299324177,60,296.4,8.183310596667019,474,-0.8835603822446307
1428,uva,packing_A,T06,largo,28,G4,8.696229081355995,0.5149779982296985,0.8472344911561346,False,494,439.6228882307342,12.369035649646662,-0.35654203878485446,23.000473299324177,60,296.4,8.183310596667019,475,-0.8575904974140939
1428,uva,packing_A,T06,largo,28,G4,8.696229081355995,0.5149779982296985,0.8472344911561346,False,494,439.6228882307342,12.369035649646662,-0.35654203878485446,23.000473299324177,60,296.4,8.183310596667019,476,-0.6286696759635112
1428,uva,packing_A,T06,largo,28,G4,8.696229081355995,0.5149779982296985,0.8472344911561346,False,494,439.6228882307342,12.369035649646662,-0.35654203878485446,23.000473299324177,60,296.4,8.183310596667019,477,-0.7684446394213891
1428,uva,packing_A,T06,largo,28,G4,8.696229081355995,0.5149779982296985,0.8472344911561346,False,494,439.6228882307342,12.369035649646662,-0.35654203878485446,23.000473299324177,60,296.4,8.183310596667019,478,-0.5543598176850046
1428,uva,packing_A,T06,largo,28,G4,8.696229081355995,0.5149779982296985,0.8472344911561346,False,494,439.6228882307342,12.369035649646662,-0.35654203878485446,23.000473299324177,60,296.4,8.183310596667019,479,-0.5641869391885359
1428,uva,packing_A,T06,largo,28,G4,8.696229081355995,0.5149779982296985,0.8472344911561346,False,494,439.6228882307342,12.369035649646662,-0.35654203878485446,23.000473299324177,60,296.4,8.183310596667019,480,-0.353586356567068
1428,uva,packing_A,T06,largo,28,G4,8.696229081355995,0.5149779982296985,0.8472344911561346,False,494,439.6228882307342,12.369035649646662,-0.35654203878485446,23.000473299324177,60,296.4,8.183310596667019,481,-0.29150537391618525
1428,uva,packing_A,T06,largo,28,G4,8.696229081355995,0.5149779982296985,0.8472344911561346,False,494,439.6228882307342,12.369035649646662,-0.35654203878485446,23.000473299324177,60,296.4,8.183310596667019,482,-0.22557112827025738
1428,uva,packing_A,T06,largo,28,G4,8.696229081355995,0.5149779982296985,0.8472344911561346,False,494,439.6228882307342,12.369035649646662,-0.35654203878485446,23.000473299324177,60,296.4,8.183310596667019,483,-0.028986000919729235
1428,uva,packing_A,T06,largo,28,G4,8.696229081355995,0.5149779982296985,0.8472344911561346,False,494,439.6228882307342,12.369035649646662,-0.35654203878485446,23.000473299324177,60,296.4,8.183310596667019,484,0.031845813873626845
1428,uva,packing_A,T06,largo,28,G4,8.696229081355995,0.5149779982296985,0.8472344911561346,False,494,439.6228882307342,12.369035649646662,-0.35654203878485446,23.000473299324177,60,296.4,8.183310596667019,485,0.22053640997706409
1428,uva,packing_A,T06,largo,28,G4,8.696229081355995,0.5149779982296985,0.8472344911561346,False,494,439.6228882307342,12.369035649646662,-0.35654203878485446,23.000473299324177,60,296.4,8.183310596667019,486,0.08613437407205321
1428,uva,packing_A,T06,largo,28,G4,8.696229081355995,0.5149779982296985,0.8472344911561346,False,494,439.6228882307342,12.369035649646662,-0.35654203878485446,23.000473299324177,60,296.4,8.183310596667019,487,0.17480522053627864
1428,uva,packing_A,T06,largo,28,G4,8.696229081355995,0.5149779982296985,0.8472344911561346,False,494,439.6228882307342,12.369035649646662,-0.35654203878485446,23.000473299324177,60,296.4,8.183310596667019,488,0.48889221226867413
1428,uva,packing_A,T06,largo,28,G4,8.696229081355995,0.5149779982296985,0.8472344911561346,False,494,439.6228882307342,12.369035649646662,-0.35654203878485446,23.000473299324177,60,296.4,8.183310596667019,489,-0.0040098550307758885
1428,uva,packing_A,T06,largo,28,G4,8.696229081355995,0.5149779982296985,0.8472344911561346,False,494,439.6228882307342,12.369035649646662,-0.35654203878485446,23.000473299324177,60,296.4,8.183310596667019,490,0.1006830456629175
1428,uva,packing_A,T06,largo,28,G4,8.696229081355995,0.5149779982296985,0.8472344911561346,False,494,439.6228882307342,12.369035649646662,-0.35654203878485446,23.000473299324177,60,296.4,8.183310596667019,491,0.010282782011485726
1428,uva,packing_A,T06,largo,28,G4,8.696229081355995,0.5149779982296985,0.8472344911561346,False,494,439.6228882307342,12.369035649646662,-0.35654203878485446,23.000473299324177,60,296.4,8.183310596667019,492,-0.1501464780464224
1428,uva,packing_A,T06,largo,28,G4,8.696229081355995,0.5149779982296985,0.8472344911561346,False,494,439.6228882307342,12.369035649646662,-0.35654203878485446,23.000473299324177,60,296.4,8.183310596667019,493,-0.1571614591872304
