proceso_id,epoca,packing,tunel,tipo_tunel,iteracion,mass_group,masa_ton,ocupabilidad,caudal_factor,anomalia_duracion,duracion_min,duracion_esperada_min,delta_duracion_pct,setpoint,T0,pct_transitorio,t_trans_min,overshoot_pct,tiempo_min,temperatura
3410,mixtura,packing_C,T06,largo,10,G2,3.87782243991143,0.8984208263754854,0.8539945038329292,True,753,371.9125284490149,102.4669626323782,-0.04294143083534993,23.997846352310887,60,451.8,11.702402299174988,0,24.14850735852434
3410,mixtura,packing_C,T06,largo,10,G2,3.87782243991143,0.8984208263754854,0.8539945038329292,True,753,371.9125284490149,102.4669626323782,-0.04294143083534993,23.997846352310887,60,451.8,11.702402299174988,1,23.913561194598206
3410,mixtura,packing_C,T06,largo,10,G2,3.87782243991143,0.8984208263754854,0.8539945038329292,True,753,371.9125284490149,102.4669626323782,-0.04294143083534993,23.997846352310887,60,451.8,11.702402299174988,2,23.76848789214016
3410,mixtura,packing_C,T06,largo,10,G2,3.87782243991143,0.8984208263754854,0.8539945038329292,True,753,371.9125284490149,102.4669626323782,-0.04294143083534993,23.997846352310887,60,451.8,11.702402299174988,3,23.445167875925108
3410,mixtura,packing_C,T06,largo,10,G2,3.87782243991143,0.8984208263754854,0.8539945038329292,True,753,371.9125284490149,102.4669626323782,-0.04294143083534993,23.997846352310887,60,451.8,11.702402299174988,4,23.452519850278538
3410,mixtura,packing_C,T06,largo,10,G2,3.87782243991143,0.8984208263754854,0.8539945038329292,True,753,371.9125284490149,102.4669626323782,-0.04294143083534993,23.997846352310887,60,451.8,11.702402299174988,5,23.2060970989159
3410,mixtura,packing_C,T06,largo,10,G2,3.87782243991143,0.8984208263754854,0.8539945038329292,True,753,371.9125284490149,102.4669626323782,-0.04294143083534993,23.997846352310887,60,451.8,11.702402299174988,6,23.21374016264898
3410,mixtura,packing_C,T06,largo,10,G2,3.87782243991143,0.8984208263754854,0.8539945038329292,True,753,371.9125284490149,102.4669626323782,-0.04294143083534993,23.997846352310887,60,451.8,11.702402299174988,7,22.918066359347268
3410,mixtura,packing_C,T06,largo,10,G2,3.87782243991143,0.8984208263754854,0.8539945038329292,True,753,371.9125284490149,102.4669626323782,-0.04294143083534993,23.997846352310887,60,451.8,11.702402299174988,8,22.848669667569876
3410,mixtura,packing_C,T06,largo,10,G2,3.87782243991143,0.8984208263754854,0.8539945038329292,True,753,371.9125284490149,102.4669626323782,-0.04294143083534993,23.997846352310887,60,451.8,11.702402299174988,9,22.78670246806518
3410,mixtura,packing_C,T06,largo,10,G2,3.87782243991143,0.8984208263754854,0.8539945038329292,True,753,371.9125284490149,102.4669626323782,-0.04294143083534993,23.997846352310887,60,451.8,11.702402299174988,10,22.315542777272103
3410,mixtura,packing_C,T06,largo,10,G2,3.87782243991143,0.8984208263754854,0.8539945038329292,True,753,371.9125284490149,102.4669626323782,-0.04294143083534993,23.997846352310887,60,451.8,11.702402299174988,11,22.311676418376365
3410,mixtura,packing_C,T06,largo,10,G2,3.87782243991143,0.8984208263754854,0.8539945038329292,True,753,371.9125284490149,102.4669626323782,-0.04294143083534993,23.997846352310887,60,451.8,11.702402299174988,12,22.45769181785461
3410,mixtura,packing_C,T06,largo,10,G2,3.87782243991143,0.8984208263754854,0.8539945038329292,True,753,371.9125284490149,102.4669626323782,-0.04294143083534993,23.997846352310887,60,451.8,11.702402299174988,13,22.159799999905466
3410,mixtura,packing_C,T06,largo,10,G2,3.87782243991143,0.8984208263754854,0.8539945038329292,True,753,371.9125284490149,102.4669626323782,-0.04294143083534993,23.997846352310887,60,451.8,11.702402299174988,14,21.925674481365576
3410,mixtura,packing_C,T06,largo,10,G2,3.87782243991143,0.8984208263754854,0.8539945038329292,True,753,371.9125284490149,102.4669626323782,-0.04294143083534993,23.997846352310887,60,451.8,11.702402299174988,15,21.72135817164675
3410,mixtura,packing_C,T06,largo,10,G2,3.87782243991143,0.8984208263754854,0.8539945038329292,True,753,371.9125284490149,102.4669626323782,-0.04294143083534993,23.997846352310887,60,451.8,11.702402299174988,16,21.651565837094108
3410,mixtura,packing_C,T06,largo,10,G2,3.87782243991143,0.8984208263754854,0.8539945038329292,True,753,371.9125284490149,102.4669626323782,-0.04294143083534993,23.997846352310887,60,451.8,11.702402299174988,17,21.48237655657276
3410,mixtura,packing_C,T06,largo,10,G2,3.87782243991143,0.8984208263754854,0.8539945038329292,True,753,371.9125284490149,102.4669626323782,-0.04294143083534993,23.997846352310887,60,451.8,11.702402299174988,18,21.232150794255997
3410,mixtura,packing_C,T06,largo,10,G2,3.87782243991143,0.8984208263754854,0.8539945038329292,True,753,371.9125284490149,102.4669626323782,-0.04294143083534993,23.997846352310887,60,451.8,11.702402299174988,19,21.180415996204395
3410,mixtura,packing_C,T06,largo,10,G2,3.87782243991143,0.8984208263754854,0.8539945038329292,True,753,371.9125284490149,102.4669626323782,-0.04294143083534993,23.997846352310887,60,451.8,11.702402299174988,20,20.947440448310708
3410,mixtura,packing_C,T06,largo,10,G2,3.87782243991143,0.8984208263754854,0.8539945038329292,True,753,371.9125284490149,102.4669626323782,-0.04294143083534993,23.997846352310887,60,451.8,11.702402299174988,21,20.862692230466212
3410,mixtura,packing_C,T06,largo,10,G2,3.87782243991143,0.8984208263754854,0.8539945038329292,True,753,371.9125284490149,102.4669626323782,-0.04294143083534993,23.997846352310887,60,451.8,11.702402299174988,22,20.599613955540157
3410,mixtura,packing_C,T06,largo,10,G2,3.87782243991143,0.8984208263754854,0.8539945038329292,True,753,371.9125284490149,102.4669626323782,-0.04294143083534993,23.997846352310887,60,451.8,11.702402299174988,23,20.475312040712534
3410,mixtura,packing_C,T06,largo,10,G2,3.87782243991143,0.8984208263754854,0.8539945038329292,True,753,371.9125284490149,102.4669626323782,-0.04294143083534993,23.997846352310887,60,451.8,11.702402299174988,24,20.428411392129846
3410,mixtura,packing_C,T06,largo,10,G2,3.87782243991143,0.8984208263754854,0.8539945038329292,True,753,371.9125284490149,102.4669626323782,-0.04294143083534993,23.997846352310887,60,451.8,11.702402299174988,25,20.051385172104993
3410,mixtura,packing_C,T06,largo,10,G2,3.87782243991143,0.8984208263754854,0.8539945038329292,True,753,371.9125284490149,102.4669626323782,-0.04294143083534993,23.997846352310887,60,451.8,11.702402299174988,26,19.90060668044493
3410,mixtura,packing_C,T06,largo,10,G2,3.87782243991143,0.8984208263754854,0.8539945038329292,True,753,371.9125284490149,102.4669626323782,-0.04294143083534993,23.997846352310887,60,451.8,11.702402299174988,27,19.622040750145164
3410,mixtura,packing_C,T06,largo,10,G2,3.87782243991143,0.8984208263754854,0.8539945038329292,True,753,371.9125284490149,102.4669626323782,-0.04294143083534993,23.997846352310887,60,451.8,11.702402299174988,28,19.76577704247334
3410,mixtura,packing_C,T06,largo,10,G2,3.87782243991143,0.8984208263754854,0.8539945038329292,True,753,371.9125284490149,102.4669626323782,-0.04294143083534993,23.997846352310887,60,451.8,11.702402299174988,29,19.355987956090466
3410,mixtura,packing_C,T06,largo,10,G2,3.87782243991143,0.8984208263754854,0.8539945038329292,True,753,371.9125284490149,102.4669626323782,-0.04294143083534993,23.997846352310887,60,451.8,11.702402299174988,30,19.423815675180414
3410,mixtura,packing_C,T06,largo,10,G2,3.87782243991143,0.8984208263754854,0.8539945038329292,True,753,371.9125284490149,102.4669626323782,-0.04294143083534993,23.997846352310887,60,451.8,11.702402299174988,31,19.168917073068084
3410,mixtura,packing_C,T06,largo,10,G2,3.87782243991143,0.8984208263754854,0.8539945038329292,True,753,371.9125284490149,102.4669626323782,-0.04294143083534993,23.997846352310887,60,451.8,11.702402299174988,32,18.87952824549204
3410,mixtura,packing_C,T06,largo,10,G2,3.87782243991143,0.8984208263754854,0.8539945038329292,True,753,371.9125284490149,102.4669626323782,-0.04294143083534993,23.997846352310887,60,451.8,11.702402299174988,33,18.586861031442485
3410,mixtura,packing_C,T06,largo,10,G2,3.87782243991143,0.8984208263754854,0.8539945038329292,True,753,371.9125284490149,102.4669626323782,-0.04294143083534993,23.997846352310887,60,451.8,11.702402299174988,34,18.652647072105644
3410,mixtura,packing_C,T06,largo,10,G2,3.87782243991143,0.8984208263754854,0.8539945038329292,True,753,371.9125284490149,102.4669626323782,-0.04294143083534993,23.997846352310887,60,451.8,11.702402299174988,35,18.3980068717188
3410,mixtura,packing_C,T06,largo,10,G2,3.87782243991143,0.8984208263754854,0.8539945038329292,True,753,371.9125284490149,102.4669626323782,-0.04294143083534993,23.997846352310887,60,451.8,11.702402299174988,36,18.140326773813637
3410,mixtura,packing_C,T06,largo,10,G2,3.87782243991143,0.8984208263754854,0.8539945038329292,True,753,371.9125284490149,102.4669626323782,-0.04294143083534993,23.997846352310887,60,451.8,11.702402299174988,37,18.241060549694453
3410,mixtura,packing_C,T06,largo,10,G2,3.87782243991143,0.8984208263754854,0.8539945038329292,True,753,371.9125284490149,102.4669626323782,-0.04294143083534993,23.997846352310887,60,451.8,11.702402299174988,38,17.882822911312925
3410,mixtura,packing_C,T06,largo,10,G2,3.87782243991143,0.8984208263754854,0.8539945038329292,True,753,371.9125284490149,102.4669626323782,-0.04294143083534993,23.997846352310887,60,451.8,11.702402299174988,39,17.90831255242024
3410,mixtura,packing_C,T06,largo,10,G2,3.87782243991143,0.8984208263754854,0.8539945038329292,True,753,371.9125284490149,102.4669626323782,-0.04294143083534993,23.997846352310887,60,451.8,11.702402299174988,40,17.523748506087706
3410,mixtura,packing_C,T06,largo,10,G2,3.87782243991143,0.8984208263754854,0.8539945038329292,True,753,371.9125284490149,102.4669626323782,-0.04294143083534993,23.997846352310887,60,451.8,11.702402299174988,41,17.63313440402845
3410,mixtura,packing_C,T06,largo,10,G2,3.87782243991143,0.8984208263754854,0.8539945038329292,True,753,371.9125284490149,102.4669626323782,-0.04294143083534993,23.997846352310887,60,451.8,11.702402299174988,42,17.130950327753773
3410,mixtura,packing_C,T06,largo,10,G2,3.87782243991143,0.8984208263754854,0.8539945038329292,True,753,371.9125284490149,102.4669626323782,-0.04294143083534993,23.997846352310887,60,451.8,11.702402299174988,43,17.12065131273494
3410,mixtura,packing_C,T06,largo,10,G2,3.87782243991143,0.8984208263754854,0.8539945038329292,True,753,371.9125284490149,102.4669626323782,-0.04294143083534993,23.997846352310887,60,451.8,11.702402299174988,44,17.011980562415932
3410,mixtura,packing_C,T06,largo,10,G2,3.87782243991143,0.8984208263754854,0.8539945038329292,True,753,371.9125284490149,102.4669626323782,-0.04294143083534993,23.997846352310887,60,451.8,11.702402299174988,45,16.633042138911264
3410,mixtura,packing_C,T06,largo,10,G2,3.87782243991143,0.8984208263754854,0.8539945038329292,True,753,371.9125284490149,102.4669626323782,-0.04294143083534993,23.997846352310887,60,451.8,11.702402299174988,46,16.62565226402751
3410,mixtura,packing_C,T06,largo,10,G2,3.87782243991143,0.8984208263754854,0.8539945038329292,True,753,371.9125284490149,102.4669626323782,-0.04294143083534993,23.997846352310887,60,451.8,11.702402299174988,47,16.25104980764985
3410,mixtura,packing_C,T06,largo,10,G2,3.87782243991143,0.8984208263754854,0.8539945038329292,True,753,371.9125284490149,102.4669626323782,-0.04294143083534993,23.997846352310887,60,451.8,11.702402299174988,48,16.01872847800243
3410,mixtura,packing_C,T06,largo,10,G2,3.87782243991143,0.8984208263754854,0.8539945038329292,True,753,371.9125284490149,102.4669626323782,-0.04294143083534993,23.997846352310887,60,451.8,11.702402299174988,49,15.849013891594105
3410,mixtura,packing_C,T06,largo,10,G2,3.87782243991143,0.8984208263754854,0.8539945038329292,True,753,371.9125284490149,102.4669626323782,-0.04294143083534993,23.997846352310887,60,451.8,11.702402299174988,50,15.64976237073663
3410,mixtura,packing_C,T06,largo,10,G2,3.87782243991143,0.8984208263754854,0.8539945038329292,True,753,371.9125284490149,102.4669626323782,-0.04294143083534993,23.997846352310887,60,451.8,11.702402299174988,51,15.561970230343046
3410,mixtura,packing_C,T06,largo,10,G2,3.87782243991143,0.8984208263754854,0.8539945038329292,True,753,371.9125284490149,102.4669626323782,-0.04294143083534993,23.997846352310887,60,451.8,11.702402299174988,52,15.18129613728969
3410,mixtura,packing_C,T06,largo,10,G2,3.87782243991143,0.8984208263754854,0.8539945038329292,True,753,371.9125284490149,102.4669626323782,-0.04294143083534993,23.997846352310887,60,451.8,11.702402299174988,53,14.952976282116063
3410,mixtura,packing_C,T06,largo,10,G2,3.87782243991143,0.8984208263754854,0.8539945038329292,True,753,371.9125284490149,102.4669626323782,-0.04294143083534993,23.997846352310887,60,451.8,11.702402299174988,54,15.081625689539392
3410,mixtura,packing_C,T06,largo,10,G2,3.87782243991143,0.8984208263754854,0.8539945038329292,True,753,371.9125284490149,102.4669626323782,-0.04294143083534993,23.997846352310887,60,451.8,11.702402299174988,55,14.792915878619105
3410,mixtura,packing_C,T06,largo,10,G2,3.87782243991143,0.8984208263754854,0.8539945038329292,True,753,371.9125284490149,102.4669626323782,-0.04294143083534993,23.997846352310887,60,451.8,11.702402299174988,56,14.604823568161686
3410,mixtura,packing_C,T06,largo,10,G2,3.87782243991143,0.8984208263754854,0.8539945038329292,True,753,371.9125284490149,102.4669626323782,-0.04294143083534993,23.997846352310887,60,451.8,11.702402299174988,57,14.182896919729917
3410,mixtura,packing_C,T06,largo,10,G2,3.87782243991143,0.8984208263754854,0.8539945038329292,True,753,371.9125284490149,102.4669626323782,-0.04294143083534993,23.997846352310887,60,451.8,11.702402299174988,58,14.314591212175984
3410,mixtura,packing_C,T06,largo,10,G2,3.87782243991143,0.8984208263754854,0.8539945038329292,True,753,371.9125284490149,102.4669626323782,-0.04294143083534993,23.997846352310887,60,451.8,11.702402299174988,59,14.06051293942432
3410,mixtura,packing_C,T06,largo,10,G2,3.87782243991143,0.8984208263754854,0.8539945038329292,True,753,371.9125284490149,102.4669626323782,-0.04294143083534993,23.997846352310887,60,451.8,11.702402299174988,60,13.863903298712701
3410,mixtura,packing_C,T06,largo,10,G2,3.87782243991143,0.8984208263754854,0.8539945038329292,True,753,371.9125284490149,102.4669626323782,-0.04294143083534993,23.997846352310887,60,451.8,11.702402299174988,61,13.667355178565664
3410,mixtura,packing_C,T06,largo,10,G2,3.87782243991143,0.8984208263754854,0.8539945038329292,True,753,371.9125284490149,102.4669626323782,-0.04294143083534993,23.997846352310887,60,451.8,11.702402299174988,62,13.454212557435936
3410,mixtura,packing_C,T06,largo,10,G2,3.87782243991143,0.8984208263754854,0.8539945038329292,True,753,371.9125284490149,102.4669626323782,-0.04294143083534993,23.997846352310887,60,451.8,11.702402299174988,63,13.40819050411245
3410,mixtura,packing_C,T06,largo,10,G2,3.87782243991143,0.8984208263754854,0.8539945038329292,True,753,371.9125284490149,102.4669626323782,-0.04294143083534993,23.997846352310887,60,451.8,11.702402299174988,64,13.171874312749805
3410,mixtura,packing_C,T06,largo,10,G2,3.87782243991143,0.8984208263754854,0.8539945038329292,True,753,371.9125284490149,102.4669626323782,-0.04294143083534993,23.997846352310887,60,451.8,11.702402299174988,65,12.99869034938158
3410,mixtura,packing_C,T06,largo,10,G2,3.87782243991143,0.8984208263754854,0.8539945038329292,True,753,371.9125284490149,102.4669626323782,-0.04294143083534993,23.997846352310887,60,451.8,11.702402299174988,66,12.751461288886084
3410,mixtura,packing_C,T06,largo,10,G2,3.87782243991143,0.8984208263754854,0.8539945038329292,True,753,371.9125284490149,102.4669626323782,-0.04294143083534993,23.997846352310887,60,451.8,11.702402299174988,67,12.627959722864345
3410,mixtura,packing_C,T06,largo,10,G2,3.87782243991143,0.8984208263754854,0.8539945038329292,True,753,371.9125284490149,102.4669626323782,-0.04294143083534993,23.997846352310887,60,451.8,11.702402299174988,68,12.482172419689803
3410,mixtura,packing_C,T06,largo,10,G2,3.87782243991143,0.8984208263754854,0.8539945038329292,True,753,371.9125284490149,102.4669626323782,-0.04294143083534993,23.997846352310887,60,451.8,11.702402299174988,69,12.170906747238769
3410,mixtura,packing_C,T06,largo,10,G2,3.87782243991143,0.8984208263754854,0.8539945038329292,True,753,371.9125284490149,102.4669626323782,-0.04294143083534993,23.997846352310887,60,451.8,11.702402299174988,70,11.94085753714141
3410,mixtura,packing_C,T06,largo,10,G2,3.87782243991143,0.8984208263754854,0.8539945038329292,True,753,371.9125284490149,102.4669626323782,-0.04294143083534993,23.997846352310887,60,451.8,11.702402299174988,71,11.786270939751258
3410,mixtura,packing_C,T06,largo,10,G2,3.87782243991143,0.8984208263754854,0.8539945038329292,True,753,371.9125284490149,102.4669626323782,-0.04294143083534993,23.997846352310887,60,451.8,11.702402299174988,72,11.649416751174702
3410,mixtura,packing_C,T06,largo,10,G2,3.87782243991143,0.8984208263754854,0.8539945038329292,True,753,371.9125284490149,102.4669626323782,-0.04294143083534993,23.997846352310887,60,451.8,11.702402299174988,73,11.22349211153088
3410,mixtura,packing_C,T06,largo,10,G2,3.87782243991143,0.8984208263754854,0.8539945038329292,True,753,371.9125284490149,102.4669626323782,-0.04294143083534993,23.997846352310887,60,451.8,11.702402299174988,74,11.216593214561591
3410,mixtura,packing_C,T06,largo,10,G2,3.87782243991143,0.8984208263754854,0.8539945038329292,True,753,371.9125284490149,102.4669626323782,-0.04294143083534993,23.997846352310887,60,451.8,11.702402299174988,75,10.952115641474228
3410,mixtura,packing_C,T06,largo,10,G2,3.87782243991143,0.8984208263754854,0.8539945038329292,True,753,371.9125284490149,102.4669626323782,-0.04294143083534993,23.997846352310887,60,451.8,11.702402299174988,76,10.804386711391471
3410,mixtura,packing_C,T06,largo,10,G2,3.87782243991143,0.8984208263754854,0.8539945038329292,True,753,371.9125284490149,102.4669626323782,-0.04294143083534993,23.997846352310887,60,451.8,11.702402299174988,77,10.696395872074678
3410,mixtura,packing_C,T06,largo,10,G2,3.87782243991143,0.8984208263754854,0.8539945038329292,True,753,371.9125284490149,102.4669626323782,-0.04294143083534993,23.997846352310887,60,451.8,11.702402299174988,78,10.621880658627713
3410,mixtura,packing_C,T06,largo,10,G2,3.87782243991143,0.8984208263754854,0.8539945038329292,True,753,371.9125284490149,102.4669626323782,-0.04294143083534993,23.997846352310887,60,451.8,11.702402299174988,79,10.336159779653741
3410,mixtura,packing_C,T06,largo,10,G2,3.87782243991143,0.8984208263754854,0.8539945038329292,True,753,371.9125284490149,102.4669626323782,-0.04294143083534993,23.997846352310887,60,451.8,11.702402299174988,80,10.041847476208867
3410,mixtura,packing_C,T06,largo,10,G2,3.87782243991143,0.8984208263754854,0.8539945038329292,True,753,371.9125284490149,102.4669626323782,-0.04294143083534993,23.997846352310887,60,451.8,11.702402299174988,81,9.975408424169913
3410,mixtura,packing_C,T06,largo,10,G2,3.87782243991143,0.8984208263754854,0.8539945038329292,True,753,371.9125284490149,102.4669626323782,-0.04294143083534993,23.997846352310887,60,451.8,11.702402299174988,82,9.762716065075013
3410,mixtura,packing_C,T06,largo,10,G2,3.87782243991143,0.8984208263754854,0.8539945038329292,True,753,371.9125284490149,102.4669626323782,-0.04294143083534993,23.997846352310887,60,451.8,11.702402299174988,83,9.624048359578818
3410,mixtura,packing_C,T06,largo,10,G2,3.87782243991143,0.8984208263754854,0.8539945038329292,True,753,371.9125284490149,102.4669626323782,-0.04294143083534993,23.997846352310887,60,451.8,11.702402299174988,84,9.256728657029264
3410,mixtura,packing_C,T06,largo,10,G2,3.87782243991143,0.8984208263754854,0.8539945038329292,True,753,371.9125284490149,102.4669626323782,-0.04294143083534993,23.997846352310887,60,451.8,11.702402299174988,85,9.17800697666571
3410,mixtura,packing_C,T06,largo,10,G2,3.87782243991143,0.8984208263754854,0.8539945038329292,True,753,371.9125284490149,102.4669626323782,-0.04294143083534993,23.997846352310887,60,451.8,11.702402299174988,86,9.225901301327191
3410,mixtura,packing_C,T06,largo,10,G2,3.87782243991143,0.8984208263754854,0.8539945038329292,True,753,371.9125284490149,102.4669626323782,-0.04294143083534993,23.997846352310887,60,451.8,11.702402299174988,87,8.720315995071239
3410,mixtura,packing_C,T06,largo,10,G2,3.87782243991143,0.8984208263754854,0.8539945038329292,True,753,371.9125284490149,102.4669626323782,-0.04294143083534993,23.997846352310887,60,451.8,11.702402299174988,88,8.701673373571312
3410,mixtura,packing_C,T06,largo,10,G2,3.87782243991143,0.8984208263754854,0.8539945038329292,True,753,371.9125284490149,102.4669626323782,-0.04294143083534993,23.997846352310887,60,451.8,11.702402299174988,89,8.583740707515876
3410,mixtura,packing_C,T06,largo,10,G2,3.87782243991143,0.8984208263754854,0.8539945038329292,True,753,371.9125284490149,102.4669626323782,-0.04294143083534993,23.997846352310887,60,451.8,11.702402299174988,90,8.22025570289816
3410,mixtura,packing_C,T06,largo,10,G2,3.87782243991143,0.8984208263754854,0.8539945038329292,True,753,371.9125284490149,102.4669626323782,-0.04294143083534993,23.997846352310887,60,451.8,11.702402299174988,91,8.249963955359602
3410,mixtura,packing_C,T06,largo,10,G2,3.87782243991143,0.8984208263754854,0.8539945038329292,True,753,371.9125284490149,102.4669626323782,-0.04294143083534993,23.997846352310887,60,451.8,11.702402299174988,92,7.803286623389588
3410,mixtura,packing_C,T06,largo,10,G2,3.87782243991143,0.8984208263754854,0.8539945038329292,True,753,371.9125284490149,102.4669626323782,-0.04294143083534993,23.997846352310887,60,451.8,11.702402299174988,93,7.8057115692622725
3410,mixtura,packing_C,T06,largo,10,G2,3.87782243991143,0.8984208263754854,0.8539945038329292,True,753,371.9125284490149,102.4669626323782,-0.04294143083534993,23.997846352310887,60,451.8,11.702402299174988,94,7.550664425225891
3410,mixtura,packing_C,T06,largo,10,G2,3.87782243991143,0.8984208263754854,0.8539945038329292,True,753,371.9125284490149,102.4669626323782,-0.04294143083534993,23.997846352310887,60,451.8,11.702402299174988,95,7.258173595332189
3410,mixtura,packing_C,T06,largo,10,G2,3.87782243991143,0.8984208263754854,0.8539945038329292,True,753,371.9125284490149,102.4669626323782,-0.04294143083534993,23.997846352310887,60,451.8,11.702402299174988,96,7.287487527579459
3410,mixtura,packing_C,T06,largo,10,G2,3.87782243991143,0.8984208263754854,0.8539945038329292,True,753,371.9125284490149,102.4669626323782,-0.04294143083534993,23.997846352310887,60,451.8,11.702402299174988,97,7.180930194095783
3410,mixtura,packing_C,T06,largo,10,G2,3.87782243991143,0.8984208263754854,0.8539945038329292,True,753,371.9125284490149,102.4669626323782,-0.04294143083534993,23.997846352310887,60,451.8,11.702402299174988,98,7.042049034821671
3410,mixtura,packing_C,T06,largo,10,G2,3.87782243991143,0.8984208263754854,0.8539945038329292,True,753,371.9125284490149,102.4669626323782,-0.04294143083534993,23.997846352310887,60,451.8,11.702402299174988,99,6.971223122146942
3410,mixtura,packing_C,T06,largo,10,G2,3.87782243991143,0.8984208263754854,0.8539945038329292,True,753,371.9125284490149,102.4669626323782,-0.04294143083534993,23.997846352310887,60,451.8,11.702402299174988,100,6.613921231581813
3410,mixtura,packing_C,T06,largo,10,G2,3.87782243991143,0.8984208263754854,0.8539945038329292,True,753,371.9125284490149,102.4669626323782,-0.04294143083534993,23.997846352310887,60,451.8,11.702402299174988,101,6.4073694912026165
3410,mixtura,packing_C,T06,largo,10,G2,3.87782243991143,0.8984208263754854,0.8539945038329292,True,753,371.9125284490149,102.4669626323782,-0.04294143083534993,23.997846352310887,60,451.8,11.702402299174988,102,6.237226345973345
3410,mixtura,packing_C,T06,largo,10,G2,3.87782243991143,0.8984208263754854,0.8539945038329292,True,753,371.9125284490149,102.4669626323782,-0.04294143083534993,23.997846352310887,60,451.8,11.702402299174988,103,6.04433859710946
3410,mixtura,packing_C,T06,largo,10,G2,3.87782243991143,0.8984208263754854,0.8539945038329292,True,753,371.9125284490149,102.4669626323782,-0.04294143083534993,23.997846352310887,60,451.8,11.702402299174988,104,5.841390820143886
3410,mixtura,packing_C,T06,largo,10,G2,3.87782243991143,0.8984208263754854,0.8539945038329292,True,753,371.9125284490149,102.4669626323782,-0.04294143083534993,23.997846352310887,60,451.8,11.702402299174988,105,5.649193382829372
3410,mixtura,packing_C,T06,largo,10,G2,3.87782243991143,0.8984208263754854,0.8539945038329292,True,753,371.9125284490149,102.4669626323782,-0.04294143083534993,23.997846352310887,60,451.8,11.702402299174988,106,5.50955226777139
3410,mixtura,packing_C,T06,largo,10,G2,3.87782243991143,0.8984208263754854,0.8539945038329292,True,753,371.9125284490149,102.4669626323782,-0.04294143083534993,23.997846352310887,60,451.8,11.702402299174988,107,5.351487771380665
3410,mixtura,packing_C,T06,largo,10,G2,3.87782243991143,0.8984208263754854,0.8539945038329292,True,753,371.9125284490149,102.4669626323782,-0.04294143083534993,23.997846352310887,60,451.8,11.702402299174988,108,5.217642833873514
3410,mixtura,packing_C,T06,largo,10,G2,3.87782243991143,0.8984208263754854,0.8539945038329292,True,753,371.9125284490149,102.4669626323782,-0.04294143083534993,23.997846352310887,60,451.8,11.702402299174988,109,5.1610636421807214
3410,mixtura,packing_C,T06,largo,10,G2,3.87782243991143,0.8984208263754854,0.8539945038329292,True,753,371.9125284490149,102.4669626323782,-0.04294143083534993,23.997846352310887,60,451.8,11.702402299174988,110,4.88847387854789
3410,mixtura,packing_C,T06,largo,10,G2,3.87782243991143,0.8984208263754854,0.8539945038329292,True,753,371.9125284490149,102.4669626323782,-0.04294143083534993,23.997846352310887,60,451.8,11.702402299174988,111,4.893815056185116
3410,mixtura,packing_C,T06,largo,10,G2,3.87782243991143,0.8984208263754854,0.8539945038329292,True,753,371.9125284490149,102.4669626323782,-0.04294143083534993,23.997846352310887,60,451.8,11.702402299174988,112,4.542933375581655
3410,mixtura,packing_C,T06,largo,10,G2,3.87782243991143,0.8984208263754854,0.8539945038329292,True,753,371.9125284490149,102.4669626323782,-0.04294143083534993,23.997846352310887,60,451.8,11.702402299174988,113,4.394847048811142
3410,mixtura,packing_C,T06,largo,10,G2,3.87782243991143,0.8984208263754854,0.8539945038329292,True,753,371.9125284490149,102.4669626323782,-0.04294143083534993,23.997846352310887,60,451.8,11.702402299174988,114,4.342321320746572
3410,mixtura,packing_C,T06,largo,10,G2,3.87782243991143,0.8984208263754854,0.8539945038329292,True,753,371.9125284490149,102.4669626323782,-0.04294143083534993,23.997846352310887,60,451.8,11.702402299174988,115,3.961370487084307
3410,mixtura,packing_C,T06,largo,10,G2,3.87782243991143,0.8984208263754854,0.8539945038329292,True,753,371.9125284490149,102.4669626323782,-0.04294143083534993,23.997846352310887,60,451.8,11.702402299174988,116,3.9419347988660625
3410,mixtura,packing_C,T06,largo,10,G2,3.87782243991143,0.8984208263754854,0.8539945038329292,True,753,371.9125284490149,102.4669626323782,-0.04294143083534993,23.997846352310887,60,451.8,11.702402299174988,117,3.8209329187054877
3410,mixtura,packing_C,T06,largo,10,G2,3.87782243991143,0.8984208263754854,0.8539945038329292,True,753,371.9125284490149,102.4669626323782,-0.04294143083534993,23.997846352310887,60,451.8,11.702402299174988,118,3.8735745270992443
3410,mixtura,packing_C,T06,largo,10,G2,3.87782243991143,0.8984208263754854,0.8539945038329292,True,753,371.9125284490149,102.4669626323782,-0.04294143083534993,23.997846352310887,60,451.8,11.702402299174988,119,3.4088620776741565
3410,mixtura,packing_C,T06,largo,10,G2,3.87782243991143,0.8984208263754854,0.8539945038329292,True,753,371.9125284490149,102.4669626323782,-0.04294143083534993,23.997846352310887,60,451.8,11.702402299174988,120,3.4751233664386336
3410,mixtura,packing_C,T06,largo,10,G2,3.87782243991143,0.8984208263754854,0.8539945038329292,True,753,371.9125284490149,102.4669626323782,-0.04294143083534993,23.997846352310887,60,451.8,11.702402299174988,121,3.124539447640823
3410,mixtura,packing_C,T06,largo,10,G2,3.87782243991143,0.8984208263754854,0.8539945038329292,True,753,371.9125284490149,102.4669626323782,-0.04294143083534993,23.997846352310887,60,451.8,11.702402299174988,122,2.9957693722455954
3410,mixtura,packing_C,T06,largo,10,G2,3.87782243991143,0.8984208263754854,0.8539945038329292,True,753,371.9125284490149,102.4669626323782,-0.04294143083534993,23.997846352310887,60,451.8,11.702402299174988,123,2.680652974381567
3410,mixtura,packing_C,T06,largo,10,G2,3.87782243991143,0.8984208263754854,0.8539945038329292,True,753,371.9125284490149,102.4669626323782,-0.04294143083534993,23.997846352310887,60,451.8,11.702402299174988,124,2.831597933340292
3410,mixtura,packing_C,T06,largo,10,G2,3.87782243991143,0.8984208263754854,0.8539945038329292,True,753,371.9125284490149,102.4669626323782,-0.04294143083534993,23.997846352310887,60,451.8,11.702402299174988,125,2.56728477004624
3410,mixtura,packing_C,T06,largo,10,G2,3.87782243991143,0.8984208263754854,0.8539945038329292,True,753,371.9125284490149,102.4669626323782,-0.04294143083534993,23.997846352310887,60,451.8,11.702402299174988,126,2.2058899405783152
3410,mixtura,packing_C,T06,largo,10,G2,3.87782243991143,0.8984208263754854,0.8539945038329292,True,753,371.9125284490149,102.4669626323782,-0.04294143083534993,23.997846352310887,60,451.8,11.702402299174988,127,2.3546288417648022
3410,mixtura,packing_C,T06,largo,10,G2,3.87782243991143,0.8984208263754854,0.8539945038329292,True,753,371.9125284490149,102.4669626323782,-0.04294143083534993,23.997846352310887,60,451.8,11.702402299174988,128,1.9504683993622087
3410,mixtura,packing_C,T06,largo,10,G2,3.87782243991143,0.8984208263754854,0.8539945038329292,True,753,371.9125284490149,102.4669626323782,-0.04294143083534993,23.997846352310887,60,451.8,11.702402299174988,129,1.8884210893157032
3410,mixtura,packing_C,T06,largo,10,G2,3.87782243991143,0.8984208263754854,0.8539945038329292,True,753,371.9125284490149,102.4669626323782,-0.04294143083534993,23.997846352310887,60,451.8,11.702402299174988,130,1.8144783506467623
3410,mixtura,packing_C,T06,largo,10,G2,3.87782243991143,0.8984208263754854,0.8539945038329292,True,753,371.9125284490149,102.4669626323782,-0.04294143083534993,23.997846352310887,60,451.8,11.702402299174988,131,1.7206098583032448
3410,mixtura,packing_C,T06,largo,10,G2,3.87782243991143,0.8984208263754854,0.8539945038329292,True,753,371.9125284490149,102.4669626323782,-0.04294143083534993,23.997846352310887,60,451.8,11.702402299174988,132,1.4666115911870545
3410,mixtura,packing_C,T06,largo,10,G2,3.87782243991143,0.8984208263754854,0.8539945038329292,True,753,371.9125284490149,102.4669626323782,-0.04294143083534993,23.997846352310887,60,451.8,11.702402299174988,133,1.4435389835194183
3410,mixtura,packing_C,T06,largo,10,G2,3.87782243991143,0.8984208263754854,0.8539945038329292,True,753,371.9125284490149,102.4669626323782,-0.04294143083534993,23.997846352310887,60,451.8,11.702402299174988,134,1.2053508370768238
3410,mixtura,packing_C,T06,largo,10,G2,3.87782243991143,0.8984208263754854,0.8539945038329292,True,753,371.9125284490149,102.4669626323782,-0.04294143083534993,23.997846352310887,60,451.8,11.702402299174988,135,1.1432869876475584
3410,mixtura,packing_C,T06,largo,10,G2,3.87782243991143,0.8984208263754854,0.8539945038329292,True,753,371.9125284490149,102.4669626323782,-0.04294143083534993,23.997846352310887,60,451.8,11.702402299174988,136,0.933378706898206
3410,mixtura,packing_C,T06,largo,10,G2,3.87782243991143,0.8984208263754854,0.8539945038329292,True,753,371.9125284490149,102.4669626323782,-0.04294143083534993,23.997846352310887,60,451.8,11.702402299174988,137,0.7692988011335574
3410,mixtura,packing_C,T06,largo,10,G2,3.87782243991143,0.8984208263754854,0.8539945038329292,True,753,371.9125284490149,102.4669626323782,-0.04294143083534993,23.997846352310887,60,451.8,11.702402299174988,138,0.6879948960509855
3410,mixtura,packing_C,T06,largo,10,G2,3.87782243991143,0.8984208263754854,0.8539945038329292,True,753,371.9125284490149,102.4669626323782,-0.04294143083534993,23.997846352310887,60,451.8,11.702402299174988,139,0.5118164449022118
3410,mixtura,packing_C,T06,largo,10,G2,3.87782243991143,0.8984208263754854,0.8539945038329292,True,753,371.9125284490149,102.4669626323782,-0.04294143083534993,23.997846352310887,60,451.8,11.702402299174988,140,0.42101748602310496
3410,mixtura,packing_C,T06,largo,10,G2,3.87782243991143,0.8984208263754854,0.8539945038329292,True,753,371.9125284490149,102.4669626323782,-0.04294143083534993,23.997846352310887,60,451.8,11.702402299174988,141,0.3265859482952918
3410,mixtura,packing_C,T06,largo,10,G2,3.87782243991143,0.8984208263754854,0.8539945038329292,True,753,371.9125284490149,102.4669626323782,-0.04294143083534993,23.997846352310887,60,451.8,11.702402299174988,142,0.20241069394408867
3410,mixtura,packing_C,T06,largo,10,G2,3.87782243991143,0.8984208263754854,0.8539945038329292,True,753,371.9125284490149,102.4669626323782,-0.04294143083534993,23.997846352310887,60,451.8,11.702402299174988,143,-0.1303097817279087
3410,mixtura,packing_C,T06,largo,10,G2,3.87782243991143,0.8984208263754854,0.8539945038329292,True,753,371.9125284490149,102.4669626323782,-0.04294143083534993,23.997846352310887,60,451.8,11.702402299174988,144,-0.029957741821838524
3410,mixtura,packing_C,T06,largo,10,G2,3.87782243991143,0.8984208263754854,0.8539945038329292,True,753,371.9125284490149,102.4669626323782,-0.04294143083534993,23.997846352310887,60,451.8,11.702402299174988,145,-0.3117643186331652
3410,mixtura,packing_C,T06,largo,10,G2,3.87782243991143,0.8984208263754854,0.8539945038329292,True,753,371.9125284490149,102.4669626323782,-0.04294143083534993,23.997846352310887,60,451.8,11.702402299174988,146,-0.4387881775543946
3410,mixtura,packing_C,T06,largo,10,G2,3.87782243991143,0.8984208263754854,0.8539945038329292,True,753,371.9125284490149,102.4669626323782,-0.04294143083534993,23.997846352310887,60,451.8,11.702402299174988,147,-0.7201616758549683
3410,mixtura,packing_C,T06,largo,10,G2,3.87782243991143,0.8984208263754854,0.8539945038329292,True,753,371.9125284490149,102.4669626323782,-0.04294143083534993,23.997846352310887,60,451.8,11.702402299174988,148,-0.36930435411001633
3410,mixtura,packing_C,T06,largo,10,G2,3.87782243991143,0.8984208263754854,0.8539945038329292,True,753,371.9125284490149,102.4669626323782,-0.04294143083534993,23.997846352310887,60,451.8,11.702402299174988,149,-0.7045509231965579
3410,mixtura,packing_C,T06,largo,10,G2,3.87782243991143,0.8984208263754854,0.8539945038329292,True,753,371.9125284490149,102.4669626323782,-0.04294143083534993,23.997846352310887,60,451.8,11.702402299174988,150,-0.8558124776295897
3410,mixtura,packing_C,T06,largo,10,G2,3.87782243991143,0.8984208263754854,0.8539945038329292,True,753,371.9125284490149,102.4669626323782,-0.04294143083534993,23.997846352310887,60,451.8,11.702402299174988,151,-1.0458641039627894
3410,mixtura,packing_C,T06,largo,10,G2,3.87782243991143,0.8984208263754854,0.8539945038329292,True,753,371.9125284490149,102.4669626323782,-0.04294143083534993,23.997846352310887,60,451.8,11.702402299174988,152,-1.2678409702207978
3410,mixtura,packing_C,T06,largo,10,G2,3.87782243991143,0.8984208263754854,0.8539945038329292,True,753,371.9125284490149,102.4669626323782,-0.04294143083534993,23.997846352310887,60,451.8,11.702402299174988,153,-1.175495968292487
3410,mixtura,packing_C,T06,largo,10,G2,3.87782243991143,0.8984208263754854,0.8539945038329292,True,753,371.9125284490149,102.4669626323782,-0.04294143083534993,23.997846352310887,60,451.8,11.702402299174988,154,-1.3687520794210049
3410,mixtura,packing_C,T06,largo,10,G2,3.87782243991143,0.8984208263754854,0.8539945038329292,True,753,371.9125284490149,102.4669626323782,-0.04294143083534993,23.997846352310887,60,451.8,11.702402299174988,155,-1.438746400391765
3410,mixtura,packing_C,T06,largo,10,G2,3.87782243991143,0.8984208263754854,0.8539945038329292,True,753,371.9125284490149,102.4669626323782,-0.04294143083534993,23.997846352310887,60,451.8,11.702402299174988,156,-1.6801427150542505
3410,mixtura,packing_C,T06,largo,10,G2,3.87782243991143,0.8984208263754854,0.8539945038329292,True,753,371.9125284490149,102.4669626323782,-0.04294143083534993,23.997846352310887,60,451.8,11.702402299174988,157,-1.8673296976842022
3410,mixtura,packing_C,T06,largo,10,G2,3.87782243991143,0.8984208263754854,0.8539945038329292,True,753,371.9125284490149,102.4669626323782,-0.04294143083534993,23.997846352310887,60,451.8,11.702402299174988,158,-1.79335412109257
3410,mixtura,packing_C,T06,largo,10,G2,3.87782243991143,0.8984208263754854,0.8539945038329292,True,753,371.9125284490149,102.4669626323782,-0.04294143083534993,23.997846352310887,60,451.8,11.702402299174988,159,-1.8676817769043244
3410,mixtura,packing_C,T06,largo,10,G2,3.87782243991143,0.8984208263754854,0.8539945038329292,True,753,371.9125284490149,102.4669626323782,-0.04294143083534993,23.997846352310887,60,451.8,11.702402299174988,160,-2.034858102275306
3410,mixtura,packing_C,T06,largo,10,G2,3.87782243991143,0.8984208263754854,0.8539945038329292,True,753,371.9125284490149,102.4669626323782,-0.04294143083534993,23.997846352310887,60,451.8,11.702402299174988,161,-2.3081779702161525
3410,mixtura,packing_C,T06,largo,10,G2,3.87782243991143,0.8984208263754854,0.8539945038329292,True,753,371.9125284490149,102.4669626323782,-0.04294143083534993,23.997846352310887,60,451.8,11.702402299174988,162,-2.2751757300844626
3410,mixtura,packing_C,T06,largo,10,G2,3.87782243991143,0.8984208263754854,0.8539945038329292,True,753,371.9125284490149,102.4669626323782,-0.04294143083534993,23.997846352310887,60,451.8,11.702402299174988,163,-2.3951479746287987
3410,mixtura,packing_C,T06,largo,10,G2,3.87782243991143,0.8984208263754854,0.8539945038329292,True,753,371.9125284490149,102.4669626323782,-0.04294143083534993,23.997846352310887,60,451.8,11.702402299174988,164,-2.5619258195055936
3410,mixtura,packing_C,T06,largo,10,G2,3.87782243991143,0.8984208263754854,0.8539945038329292,True,753,371.9125284490149,102.4669626323782,-0.04294143083534993,23.997846352310887,60,451.8,11.702402299174988,165,-2.707454443854798
3410,mixtura,packing_C,T06,largo,10,G2,3.87782243991143,0.8984208263754854,0.8539945038329292,True,753,371.9125284490149,102.4669626323782,-0.04294143083534993,23.997846352310887,60,451.8,11.702402299174988,166,-2.558733958917105
3410,mixtura,packing_C,T06,largo,10,G2,3.87782243991143,0.8984208263754854,0.8539945038329292,True,753,371.9125284490149,102.4669626323782,-0.04294143083534993,23.997846352310887,60,451.8,11.702402299174988,167,-2.617562446182253
3410,mixtura,packing_C,T06,largo,10,G2,3.87782243991143,0.8984208263754854,0.8539945038329292,True,753,371.9125284490149,102.4669626323782,-0.04294143083534993,23.997846352310887,60,451.8,11.702402299174988,168,-2.8264160301994488
3410,mixtura,packing_C,T06,largo,10,G2,3.87782243991143,0.8984208263754854,0.8539945038329292,True,753,371.9125284490149,102.4669626323782,-0.04294143083534993,23.997846352310887,60,451.8,11.702402299174988,169,-2.8718362297284603
3410,mixtura,packing_C,T06,largo,10,G2,3.87782243991143,0.8984208263754854,0.8539945038329292,True,753,371.9125284490149,102.4669626323782,-0.04294143083534993,23.997846352310887,60,451.8,11.702402299174988,170,-3.1877150411633974
3410,mixtura,packing_C,T06,largo,10,G2,3.87782243991143,0.8984208263754854,0.8539945038329292,True,753,371.9125284490149,102.4669626323782,-0.04294143083534993,23.997846352310887,60,451.8,11.702402299174988,171,-3.1604698434330976
3410,mixtura,packing_C,T06,largo,10,G2,3.87782243991143,0.8984208263754854,0.8539945038329292,True,753,371.9125284490149,102.4669626323782,-0.04294143083534993,23.997846352310887,60,451.8,11.702402299174988,172,-3.430727552225602
3410,mixtura,packing_C,T06,largo,10,G2,3.87782243991143,0.8984208263754854,0.8539945038329292,True,753,371.9125284490149,102.4669626323782,-0.04294143083534993,23.997846352310887,60,451.8,11.702402299174988,173,-3.112615284047357
3410,mixtura,packing_C,T06,largo,10,G2,3.87782243991143,0.8984208263754854,0.8539945038329292,True,753,371.9125284490149,102.4669626323782,-0.04294143083534993,23.997846352310887,60,451.8,11.702402299174988,174,-3.6561223233882294
3410,mixtura,packing_C,T06,largo,10,G2,3.87782243991143,0.8984208263754854,0.8539945038329292,True,753,371.9125284490149,102.4669626323782,-0.04294143083534993,23.997846352310887,60,451.8,11.702402299174988,175,-3.3601155335742043
3410,mixtura,packing_C,T06,largo,10,G2,3.87782243991143,0.8984208263754854,0.8539945038329292,True,753,371.9125284490149,102.4669626323782,-0.04294143083534993,23.997846352310887,60,451.8,11.702402299174988,176,-3.5505566204811787
3410,mixtura,packing_C,T06,largo,10,G2,3.87782243991143,0.8984208263754854,0.8539945038329292,True,753,371.9125284490149,102.4669626323782,-0.04294143083534993,23.997846352310887,60,451.8,11.702402299174988,177,-3.6611089587137826
3410,mixtura,packing_C,T06,largo,10,G2,3.87782243991143,0.8984208263754854,0.8539945038329292,True,753,371.9125284490149,102.4669626323782,-0.04294143083534993,23.997846352310887,60,451.8,11.702402299174988,178,-3.829536219127756
3410,mixtura,packing_C,T06,largo,10,G2,3.87782243991143,0.8984208263754854,0.8539945038329292,True,753,371.9125284490149,102.4669626323782,-0.04294143083534993,23.997846352310887,60,451.8,11.702402299174988,179,-4.016017596271651
3410,mixtura,packing_C,T06,largo,10,G2,3.87782243991143,0.8984208263754854,0.8539945038329292,True,753,371.9125284490149,102.4669626323782,-0.04294143083534993,23.997846352310887,60,451.8,11.702402299174988,180,-4.025411574831393
3410,mixtura,packing_C,T06,largo,10,G2,3.87782243991143,0.8984208263754854,0.8539945038329292,True,753,371.9125284490149,102.4669626323782,-0.04294143083534993,23.997846352310887,60,451.8,11.702402299174988,181,-4.036738616443226
3410,mixtura,packing_C,T06,largo,10,G2,3.87782243991143,0.8984208263754854,0.8539945038329292,True,753,371.9125284490149,102.4669626323782,-0.04294143083534993,23.997846352310887,60,451.8,11.702402299174988,182,-4.281597415287633
3410,mixtura,packing_C,T06,largo,10,G2,3.87782243991143,0.8984208263754854,0.8539945038329292,True,753,371.9125284490149,102.4669626323782,-0.04294143083534993,23.997846352310887,60,451.8,11.702402299174988,183,-4.119297431961749
3410,mixtura,packing_C,T06,largo,10,G2,3.87782243991143,0.8984208263754854,0.8539945038329292,True,753,371.9125284490149,102.4669626323782,-0.04294143083534993,23.997846352310887,60,451.8,11.702402299174988,184,-4.444535050803143
3410,mixtura,packing_C,T06,largo,10,G2,3.87782243991143,0.8984208263754854,0.8539945038329292,True,753,371.9125284490149,102.4669626323782,-0.04294143083534993,23.997846352310887,60,451.8,11.702402299174988,185,-4.281208819352256
3410,mixtura,packing_C,T06,largo,10,G2,3.87782243991143,0.8984208263754854,0.8539945038329292,True,753,371.9125284490149,102.4669626323782,-0.04294143083534993,23.997846352310887,60,451.8,11.702402299174988,186,-4.261629833749533
3410,mixtura,packing_C,T06,largo,10,G2,3.87782243991143,0.8984208263754854,0.8539945038329292,True,753,371.9125284490149,102.4669626323782,-0.04294143083534993,23.997846352310887,60,451.8,11.702402299174988,187,-4.446920298005613
3410,mixtura,packing_C,T06,largo,10,G2,3.87782243991143,0.8984208263754854,0.8539945038329292,True,753,371.9125284490149,102.4669626323782,-0.04294143083534993,23.997846352310887,60,451.8,11.702402299174988,188,-4.500078111938177
3410,mixtura,packing_C,T06,largo,10,G2,3.87782243991143,0.8984208263754854,0.8539945038329292,True,753,371.9125284490149,102.4669626323782,-0.04294143083534993,23.997846352310887,60,451.8,11.702402299174988,189,-4.581963494354002
3410,mixtura,packing_C,T06,largo,10,G2,3.87782243991143,0.8984208263754854,0.8539945038329292,True,753,371.9125284490149,102.4669626323782,-0.04294143083534993,23.997846352310887,60,451.8,11.702402299174988,190,-4.780758504928122
3410,mixtura,packing_C,T06,largo,10,G2,3.87782243991143,0.8984208263754854,0.8539945038329292,True,753,371.9125284490149,102.4669626323782,-0.04294143083534993,23.997846352310887,60,451.8,11.702402299174988,191,-4.875483327644495
3410,mixtura,packing_C,T06,largo,10,G2,3.87782243991143,0.8984208263754854,0.8539945038329292,True,753,371.9125284490149,102.4669626323782,-0.04294143083534993,23.997846352310887,60,451.8,11.702402299174988,192,-4.9556109992329045
3410,mixtura,packing_C,T06,largo,10,G2,3.87782243991143,0.8984208263754854,0.8539945038329292,True,753,371.9125284490149,102.4669626323782,-0.04294143083534993,23.997846352310887,60,451.8,11.702402299174988,193,-4.9112962919864005
3410,mixtura,packing_C,T06,largo,10,G2,3.87782243991143,0.8984208263754854,0.8539945038329292,True,753,371.9125284490149,102.4669626323782,-0.04294143083534993,23.997846352310887,60,451.8,11.702402299174988,194,-5.0393067515427665
3410,mixtura,packing_C,T06,largo,10,G2,3.87782243991143,0.8984208263754854,0.8539945038329292,True,753,371.9125284490149,102.4669626323782,-0.04294143083534993,23.997846352310887,60,451.8,11.702402299174988,195,-5.056303029045295
3410,mixtura,packing_C,T06,largo,10,G2,3.87782243991143,0.8984208263754854,0.8539945038329292,True,753,371.9125284490149,102.4669626323782,-0.04294143083534993,23.997846352310887,60,451.8,11.702402299174988,196,-5.099561736899609
3410,mixtura,packing_C,T06,largo,10,G2,3.87782243991143,0.8984208263754854,0.8539945038329292,True,753,371.9125284490149,102.4669626323782,-0.04294143083534993,23.997846352310887,60,451.8,11.702402299174988,197,-5.23360802042682
3410,mixtura,packing_C,T06,largo,10,G2,3.87782243991143,0.8984208263754854,0.8539945038329292,True,753,371.9125284490149,102.4669626323782,-0.04294143083534993,23.997846352310887,60,451.8,11.702402299174988,198,-5.225440541914266
3410,mixtura,packing_C,T06,largo,10,G2,3.87782243991143,0.8984208263754854,0.8539945038329292,True,753,371.9125284490149,102.4669626323782,-0.04294143083534993,23.997846352310887,60,451.8,11.702402299174988,199,-5.446601444050214
3410,mixtura,packing_C,T06,largo,10,G2,3.87782243991143,0.8984208263754854,0.8539945038329292,True,753,371.9125284490149,102.4669626323782,-0.04294143083534993,23.997846352310887,60,451.8,11.702402299174988,200,-5.335565170638944
3410,mixtura,packing_C,T06,largo,10,G2,3.87782243991143,0.8984208263754854,0.8539945038329292,True,753,371.9125284490149,102.4669626323782,-0.04294143083534993,23.997846352310887,60,451.8,11.702402299174988,201,-5.339301749097613
3410,mixtura,packing_C,T06,largo,10,G2,3.87782243991143,0.8984208263754854,0.8539945038329292,True,753,371.9125284490149,102.4669626323782,-0.04294143083534993,23.997846352310887,60,451.8,11.702402299174988,202,-5.735360802643894
3410,mixtura,packing_C,T06,largo,10,G2,3.87782243991143,0.8984208263754854,0.8539945038329292,True,753,371.9125284490149,102.4669626323782,-0.04294143083534993,23.997846352310887,60,451.8,11.702402299174988,203,-5.618019041079226
3410,mixtura,packing_C,T06,largo,10,G2,3.87782243991143,0.8984208263754854,0.8539945038329292,True,753,371.9125284490149,102.4669626323782,-0.04294143083534993,23.997846352310887,60,451.8,11.702402299174988,204,-5.800297165559188
3410,mixtura,packing_C,T06,largo,10,G2,3.87782243991143,0.8984208263754854,0.8539945038329292,True,753,371.9125284490149,102.4669626323782,-0.04294143083534993,23.997846352310887,60,451.8,11.702402299174988,205,-5.575794542887326
3410,mixtura,packing_C,T06,largo,10,G2,3.87782243991143,0.8984208263754854,0.8539945038329292,True,753,371.9125284490149,102.4669626323782,-0.04294143083534993,23.997846352310887,60,451.8,11.702402299174988,206,-5.829538646227004
3410,mixtura,packing_C,T06,largo,10,G2,3.87782243991143,0.8984208263754854,0.8539945038329292,True,753,371.9125284490149,102.4669626323782,-0.04294143083534993,23.997846352310887,60,451.8,11.702402299174988,207,-5.882238598259061
3410,mixtura,packing_C,T06,largo,10,G2,3.87782243991143,0.8984208263754854,0.8539945038329292,True,753,371.9125284490149,102.4669626323782,-0.04294143083534993,23.997846352310887,60,451.8,11.702402299174988,208,-5.962627984056419
3410,mixtura,packing_C,T06,largo,10,G2,3.87782243991143,0.8984208263754854,0.8539945038329292,True,753,371.9125284490149,102.4669626323782,-0.04294143083534993,23.997846352310887,60,451.8,11.702402299174988,209,-6.005022142293926
3410,mixtura,packing_C,T06,largo,10,G2,3.87782243991143,0.8984208263754854,0.8539945038329292,True,753,371.9125284490149,102.4669626323782,-0.04294143083534993,23.997846352310887,60,451.8,11.702402299174988,210,-5.986286934218701
3410,mixtura,packing_C,T06,largo,10,G2,3.87782243991143,0.8984208263754854,0.8539945038329292,True,753,371.9125284490149,102.4669626323782,-0.04294143083534993,23.997846352310887,60,451.8,11.702402299174988,211,-6.081487168187078
3410,mixtura,packing_C,T06,largo,10,G2,3.87782243991143,0.8984208263754854,0.8539945038329292,True,753,371.9125284490149,102.4669626323782,-0.04294143083534993,23.997846352310887,60,451.8,11.702402299174988,212,-6.228717244633217
3410,mixtura,packing_C,T06,largo,10,G2,3.87782243991143,0.8984208263754854,0.8539945038329292,True,753,371.9125284490149,102.4669626323782,-0.04294143083534993,23.997846352310887,60,451.8,11.702402299174988,213,-6.166383116376241
3410,mixtura,packing_C,T06,largo,10,G2,3.87782243991143,0.8984208263754854,0.8539945038329292,True,753,371.9125284490149,102.4669626323782,-0.04294143083534993,23.997846352310887,60,451.8,11.702402299174988,214,-6.262211513304608
3410,mixtura,packing_C,T06,largo,10,G2,3.87782243991143,0.8984208263754854,0.8539945038329292,True,753,371.9125284490149,102.4669626323782,-0.04294143083534993,23.997846352310887,60,451.8,11.702402299174988,215,-6.187444466272498
3410,mixtura,packing_C,T06,largo,10,G2,3.87782243991143,0.8984208263754854,0.8539945038329292,True,753,371.9125284490149,102.4669626323782,-0.04294143083534993,23.997846352310887,60,451.8,11.702402299174988,216,-6.3867590996265005
3410,mixtura,packing_C,T06,largo,10,G2,3.87782243991143,0.8984208263754854,0.8539945038329292,True,753,371.9125284490149,102.4669626323782,-0.04294143083534993,23.997846352310887,60,451.8,11.702402299174988,217,-6.39835031869733
3410,mixtura,packing_C,T06,largo,10,G2,3.87782243991143,0.8984208263754854,0.8539945038329292,True,753,371.9125284490149,102.4669626323782,-0.04294143083534993,23.997846352310887,60,451.8,11.702402299174988,218,-6.466210390286156
3410,mixtura,packing_C,T06,largo,10,G2,3.87782243991143,0.8984208263754854,0.8539945038329292,True,753,371.9125284490149,102.4669626323782,-0.04294143083534993,23.997846352310887,60,451.8,11.702402299174988,219,-6.512913267772591
3410,mixtura,packing_C,T06,largo,10,G2,3.87782243991143,0.8984208263754854,0.8539945038329292,True,753,371.9125284490149,102.4669626323782,-0.04294143083534993,23.997846352310887,60,451.8,11.702402299174988,220,-6.496790893090102
3410,mixtura,packing_C,T06,largo,10,G2,3.87782243991143,0.8984208263754854,0.8539945038329292,True,753,371.9125284490149,102.4669626323782,-0.04294143083534993,23.997846352310887,60,451.8,11.702402299174988,221,-6.652926845879087
3410,mixtura,packing_C,T06,largo,10,G2,3.87782243991143,0.8984208263754854,0.8539945038329292,True,753,371.9125284490149,102.4669626323782,-0.04294143083534993,23.997846352310887,60,451.8,11.702402299174988,222,-6.53507049055579
3410,mixtura,packing_C,T06,largo,10,G2,3.87782243991143,0.8984208263754854,0.8539945038329292,True,753,371.9125284490149,102.4669626323782,-0.04294143083534993,23.997846352310887,60,451.8,11.702402299174988,223,-6.596215089596704
3410,mixtura,packing_C,T06,largo,10,G2,3.87782243991143,0.8984208263754854,0.8539945038329292,True,753,371.9125284490149,102.4669626323782,-0.04294143083534993,23.997846352310887,60,451.8,11.702402299174988,224,-6.702008037620084
3410,mixtura,packing_C,T06,largo,10,G2,3.87782243991143,0.8984208263754854,0.8539945038329292,True,753,371.9125284490149,102.4669626323782,-0.04294143083534993,23.997846352310887,60,451.8,11.702402299174988,225,-6.744285869739609
3410,mixtura,packing_C,T06,largo,10,G2,3.87782243991143,0.8984208263754854,0.8539945038329292,True,753,371.9125284490149,102.4669626323782,-0.04294143083534993,23.997846352310887,60,451.8,11.702402299174988,226,-6.619318340892722
3410,mixtura,packing_C,T06,largo,10,G2,3.87782243991143,0.8984208263754854,0.8539945038329292,True,753,371.9125284490149,102.4669626323782,-0.04294143083534993,23.997846352310887,60,451.8,11.702402299174988,227,-6.5344719168129535
3410,mixtura,packing_C,T06,largo,10,G2,3.87782243991143,0.8984208263754854,0.8539945038329292,True,753,371.9125284490149,102.4669626323782,-0.04294143083534993,23.997846352310887,60,451.8,11.702402299174988,228,-6.767096403938355
3410,mixtura,packing_C,T06,largo,10,G2,3.87782243991143,0.8984208263754854,0.8539945038329292,True,753,371.9125284490149,102.4669626323782,-0.04294143083534993,23.997846352310887,60,451.8,11.702402299174988,229,-6.778342832954201
3410,mixtura,packing_C,T06,largo,10,G2,3.87782243991143,0.8984208263754854,0.8539945038329292,True,753,371.9125284490149,102.4669626323782,-0.04294143083534993,23.997846352310887,60,451.8,11.702402299174988,230,-6.8942109283085795
3410,mixtura,packing_C,T06,largo,10,G2,3.87782243991143,0.8984208263754854,0.8539945038329292,True,753,371.9125284490149,102.4669626323782,-0.04294143083534993,23.997846352310887,60,451.8,11.702402299174988,231,-6.799389825167614
3410,mixtura,packing_C,T06,largo,10,G2,3.87782243991143,0.8984208263754854,0.8539945038329292,True,753,371.9125284490149,102.4669626323782,-0.04294143083534993,23.997846352310887,60,451.8,11.702402299174988,232,-6.768035204772311
3410,mixtura,packing_C,T06,largo,10,G2,3.87782243991143,0.8984208263754854,0.8539945038329292,True,753,371.9125284490149,102.4669626323782,-0.04294143083534993,23.997846352310887,60,451.8,11.702402299174988,233,-6.878824614218231
3410,mixtura,packing_C,T06,largo,10,G2,3.87782243991143,0.8984208263754854,0.8539945038329292,True,753,371.9125284490149,102.4669626323782,-0.04294143083534993,23.997846352310887,60,451.8,11.702402299174988,234,-6.848260514653147
3410,mixtura,packing_C,T06,largo,10,G2,3.87782243991143,0.8984208263754854,0.8539945038329292,True,753,371.9125284490149,102.4669626323782,-0.04294143083534993,23.997846352310887,60,451.8,11.702402299174988,235,-6.9146661955798665
3410,mixtura,packing_C,T06,largo,10,G2,3.87782243991143,0.8984208263754854,0.8539945038329292,True,753,371.9125284490149,102.4669626323782,-0.04294143083534993,23.997846352310887,60,451.8,11.702402299174988,236,-6.86994665787746
3410,mixtura,packing_C,T06,largo,10,G2,3.87782243991143,0.8984208263754854,0.8539945038329292,True,753,371.9125284490149,102.4669626323782,-0.04294143083534993,23.997846352310887,60,451.8,11.702402299174988,237,-6.844809254876267
3410,mixtura,packing_C,T06,largo,10,G2,3.87782243991143,0.8984208263754854,0.8539945038329292,True,753,371.9125284490149,102.4669626323782,-0.04294143083534993,23.997846352310887,60,451.8,11.702402299174988,238,-6.861956114646698
3410,mixtura,packing_C,T06,largo,10,G2,3.87782243991143,0.8984208263754854,0.8539945038329292,True,753,371.9125284490149,102.4669626323782,-0.04294143083534993,23.997846352310887,60,451.8,11.702402299174988,239,-7.0371235600847575
3410,mixtura,packing_C,T06,largo,10,G2,3.87782243991143,0.8984208263754854,0.8539945038329292,True,753,371.9125284490149,102.4669626323782,-0.04294143083534993,23.997846352310887,60,451.8,11.702402299174988,240,-7.1187597137134295
3410,mixtura,packing_C,T06,largo,10,G2,3.87782243991143,0.8984208263754854,0.8539945038329292,True,753,371.9125284490149,102.4669626323782,-0.04294143083534993,23.997846352310887,60,451.8,11.702402299174988,241,-7.120017035510975
3410,mixtura,packing_C,T06,largo,10,G2,3.87782243991143,0.8984208263754854,0.8539945038329292,True,753,371.9125284490149,102.4669626323782,-0.04294143083534993,23.997846352310887,60,451.8,11.702402299174988,242,-7.068464269660281
3410,mixtura,packing_C,T06,largo,10,G2,3.87782243991143,0.8984208263754854,0.8539945038329292,True,753,371.9125284490149,102.4669626323782,-0.04294143083534993,23.997846352310887,60,451.8,11.702402299174988,243,-7.0942993672057515
3410,mixtura,packing_C,T06,largo,10,G2,3.87782243991143,0.8984208263754854,0.8539945038329292,True,753,371.9125284490149,102.4669626323782,-0.04294143083534993,23.997846352310887,60,451.8,11.702402299174988,244,-6.900005706893297
3410,mixtura,packing_C,T06,largo,10,G2,3.87782243991143,0.8984208263754854,0.8539945038329292,True,753,371.9125284490149,102.4669626323782,-0.04294143083534993,23.997846352310887,60,451.8,11.702402299174988,245,-7.030860710612464
3410,mixtura,packing_C,T06,largo,10,G2,3.87782243991143,0.8984208263754854,0.8539945038329292,True,753,371.9125284490149,102.4669626323782,-0.04294143083534993,23.997846352310887,60,451.8,11.702402299174988,246,-7.133060274763473
3410,mixtura,packing_C,T06,largo,10,G2,3.87782243991143,0.8984208263754854,0.8539945038329292,True,753,371.9125284490149,102.4669626323782,-0.04294143083534993,23.997846352310887,60,451.8,11.702402299174988,247,-7.034456989076668
3410,mixtura,packing_C,T06,largo,10,G2,3.87782243991143,0.8984208263754854,0.8539945038329292,True,753,371.9125284490149,102.4669626323782,-0.04294143083534993,23.997846352310887,60,451.8,11.702402299174988,248,-7.266412188284015
3410,mixtura,packing_C,T06,largo,10,G2,3.87782243991143,0.8984208263754854,0.8539945038329292,True,753,371.9125284490149,102.4669626323782,-0.04294143083534993,23.997846352310887,60,451.8,11.702402299174988,249,-7.209687992484655
3410,mixtura,packing_C,T06,largo,10,G2,3.87782243991143,0.8984208263754854,0.8539945038329292,True,753,371.9125284490149,102.4669626323782,-0.04294143083534993,23.997846352310887,60,451.8,11.702402299174988,250,-7.1675951350806075
3410,mixtura,packing_C,T06,largo,10,G2,3.87782243991143,0.8984208263754854,0.8539945038329292,True,753,371.9125284490149,102.4669626323782,-0.04294143083534993,23.997846352310887,60,451.8,11.702402299174988,251,-6.9579423428470415
3410,mixtura,packing_C,T06,largo,10,G2,3.87782243991143,0.8984208263754854,0.8539945038329292,True,753,371.9125284490149,102.4669626323782,-0.04294143083534993,23.997846352310887,60,451.8,11.702402299174988,252,-7.058575992481978
3410,mixtura,packing_C,T06,largo,10,G2,3.87782243991143,0.8984208263754854,0.8539945038329292,True,753,371.9125284490149,102.4669626323782,-0.04294143083534993,23.997846352310887,60,451.8,11.702402299174988,253,-7.05019230366981
3410,mixtura,packing_C,T06,largo,10,G2,3.87782243991143,0.8984208263754854,0.8539945038329292,True,753,371.9125284490149,102.4669626323782,-0.04294143083534993,23.997846352310887,60,451.8,11.702402299174988,254,-7.195762648727571
3410,mixtura,packing_C,T06,largo,10,G2,3.87782243991143,0.8984208263754854,0.8539945038329292,True,753,371.9125284490149,102.4669626323782,-0.04294143083534993,23.997846352310887,60,451.8,11.702402299174988,255,-7.202317818299482
3410,mixtura,packing_C,T06,largo,10,G2,3.87782243991143,0.8984208263754854,0.8539945038329292,True,753,371.9125284490149,102.4669626323782,-0.04294143083534993,23.997846352310887,60,451.8,11.702402299174988,256,-7.043662950231308
3410,mixtura,packing_C,T06,largo,10,G2,3.87782243991143,0.8984208263754854,0.8539945038329292,True,753,371.9125284490149,102.4669626323782,-0.04294143083534993,23.997846352310887,60,451.8,11.702402299174988,257,-7.092118865004049
3410,mixtura,packing_C,T06,largo,10,G2,3.87782243991143,0.8984208263754854,0.8539945038329292,True,753,371.9125284490149,102.4669626323782,-0.04294143083534993,23.997846352310887,60,451.8,11.702402299174988,258,-6.974654115996761
3410,mixtura,packing_C,T06,largo,10,G2,3.87782243991143,0.8984208263754854,0.8539945038329292,True,753,371.9125284490149,102.4669626323782,-0.04294143083534993,23.997846352310887,60,451.8,11.702402299174988,259,-7.228553686767406
3410,mixtura,packing_C,T06,largo,10,G2,3.87782243991143,0.8984208263754854,0.8539945038329292,True,753,371.9125284490149,102.4669626323782,-0.04294143083534993,23.997846352310887,60,451.8,11.702402299174988,260,-7.2366916545564886
3410,mixtura,packing_C,T06,largo,10,G2,3.87782243991143,0.8984208263754854,0.8539945038329292,True,753,371.9125284490149,102.4669626323782,-0.04294143083534993,23.997846352310887,60,451.8,11.702402299174988,261,-7.072105923529837
3410,mixtura,packing_C,T06,largo,10,G2,3.87782243991143,0.8984208263754854,0.8539945038329292,True,753,371.9125284490149,102.4669626323782,-0.04294143083534993,23.997846352310887,60,451.8,11.702402299174988,262,-7.06857819471165
3410,mixtura,packing_C,T06,largo,10,G2,3.87782243991143,0.8984208263754854,0.8539945038329292,True,753,371.9125284490149,102.4669626323782,-0.04294143083534993,23.997846352310887,60,451.8,11.702402299174988,263,-7.226721383428504
3410,mixtura,packing_C,T06,largo,10,G2,3.87782243991143,0.8984208263754854,0.8539945038329292,True,753,371.9125284490149,102.4669626323782,-0.04294143083534993,23.997846352310887,60,451.8,11.702402299174988,264,-7.091466294019236
3410,mixtura,packing_C,T06,largo,10,G2,3.87782243991143,0.8984208263754854,0.8539945038329292,True,753,371.9125284490149,102.4669626323782,-0.04294143083534993,23.997846352310887,60,451.8,11.702402299174988,265,-7.04388816244427
3410,mixtura,packing_C,T06,largo,10,G2,3.87782243991143,0.8984208263754854,0.8539945038329292,True,753,371.9125284490149,102.4669626323782,-0.04294143083534993,23.997846352310887,60,451.8,11.702402299174988,266,-7.11197067040509
3410,mixtura,packing_C,T06,largo,10,G2,3.87782243991143,0.8984208263754854,0.8539945038329292,True,753,371.9125284490149,102.4669626323782,-0.04294143083534993,23.997846352310887,60,451.8,11.702402299174988,267,-7.052148752610081
3410,mixtura,packing_C,T06,largo,10,G2,3.87782243991143,0.8984208263754854,0.8539945038329292,True,753,371.9125284490149,102.4669626323782,-0.04294143083534993,23.997846352310887,60,451.8,11.702402299174988,268,-6.999006771975339
3410,mixtura,packing_C,T06,largo,10,G2,3.87782243991143,0.8984208263754854,0.8539945038329292,True,753,371.9125284490149,102.4669626323782,-0.04294143083534993,23.997846352310887,60,451.8,11.702402299174988,269,-7.096308595539054
3410,mixtura,packing_C,T06,largo,10,G2,3.87782243991143,0.8984208263754854,0.8539945038329292,True,753,371.9125284490149,102.4669626323782,-0.04294143083534993,23.997846352310887,60,451.8,11.702402299174988,270,-6.990440910662433
3410,mixtura,packing_C,T06,largo,10,G2,3.87782243991143,0.8984208263754854,0.8539945038329292,True,753,371.9125284490149,102.4669626323782,-0.04294143083534993,23.997846352310887,60,451.8,11.702402299174988,271,-6.970656651792361
3410,mixtura,packing_C,T06,largo,10,G2,3.87782243991143,0.8984208263754854,0.8539945038329292,True,753,371.9125284490149,102.4669626323782,-0.04294143083534993,23.997846352310887,60,451.8,11.702402299174988,272,-7.032196927128744
3410,mixtura,packing_C,T06,largo,10,G2,3.87782243991143,0.8984208263754854,0.8539945038329292,True,753,371.9125284490149,102.4669626323782,-0.04294143083534993,23.997846352310887,60,451.8,11.702402299174988,273,-7.0382128666713815
3410,mixtura,packing_C,T06,largo,10,G2,3.87782243991143,0.8984208263754854,0.8539945038329292,True,753,371.9125284490149,102.4669626323782,-0.04294143083534993,23.997846352310887,60,451.8,11.702402299174988,274,-7.023294825331433
3410,mixtura,packing_C,T06,largo,10,G2,3.87782243991143,0.8984208263754854,0.8539945038329292,True,753,371.9125284490149,102.4669626323782,-0.04294143083534993,23.997846352310887,60,451.8,11.702402299174988,275,-7.074915778406418
3410,mixtura,packing_C,T06,largo,10,G2,3.87782243991143,0.8984208263754854,0.8539945038329292,True,753,371.9125284490149,102.4669626323782,-0.04294143083534993,23.997846352310887,60,451.8,11.702402299174988,276,-7.07945960716792
3410,mixtura,packing_C,T06,largo,10,G2,3.87782243991143,0.8984208263754854,0.8539945038329292,True,753,371.9125284490149,102.4669626323782,-0.04294143083534993,23.997846352310887,60,451.8,11.702402299174988,277,-6.92489808678232
3410,mixtura,packing_C,T06,largo,10,G2,3.87782243991143,0.8984208263754854,0.8539945038329292,True,753,371.9125284490149,102.4669626323782,-0.04294143083534993,23.997846352310887,60,451.8,11.702402299174988,278,-7.013346089556567
3410,mixtura,packing_C,T06,largo,10,G2,3.87782243991143,0.8984208263754854,0.8539945038329292,True,753,371.9125284490149,102.4669626323782,-0.04294143083534993,23.997846352310887,60,451.8,11.702402299174988,279,-6.770174496525367
3410,mixtura,packing_C,T06,largo,10,G2,3.87782243991143,0.8984208263754854,0.8539945038329292,True,753,371.9125284490149,102.4669626323782,-0.04294143083534993,23.997846352310887,60,451.8,11.702402299174988,280,-6.821784787413187
3410,mixtura,packing_C,T06,largo,10,G2,3.87782243991143,0.8984208263754854,0.8539945038329292,True,753,371.9125284490149,102.4669626323782,-0.04294143083534993,23.997846352310887,60,451.8,11.702402299174988,281,-6.979965268986552
3410,mixtura,packing_C,T06,largo,10,G2,3.87782243991143,0.8984208263754854,0.8539945038329292,True,753,371.9125284490149,102.4669626323782,-0.04294143083534993,23.997846352310887,60,451.8,11.702402299174988,282,-6.782856466403257
3410,mixtura,packing_C,T06,largo,10,G2,3.87782243991143,0.8984208263754854,0.8539945038329292,True,753,371.9125284490149,102.4669626323782,-0.04294143083534993,23.997846352310887,60,451.8,11.702402299174988,283,-6.850921270754294
3410,mixtura,packing_C,T06,largo,10,G2,3.87782243991143,0.8984208263754854,0.8539945038329292,True,753,371.9125284490149,102.4669626323782,-0.04294143083534993,23.997846352310887,60,451.8,11.702402299174988,284,-6.946142068317602
3410,mixtura,packing_C,T06,largo,10,G2,3.87782243991143,0.8984208263754854,0.8539945038329292,True,753,371.9125284490149,102.4669626323782,-0.04294143083534993,23.997846352310887,60,451.8,11.702402299174988,285,-6.933481401076541
3410,mixtura,packing_C,T06,largo,10,G2,3.87782243991143,0.8984208263754854,0.8539945038329292,True,753,371.9125284490149,102.4669626323782,-0.04294143083534993,23.997846352310887,60,451.8,11.702402299174988,286,-6.739668128231163
3410,mixtura,packing_C,T06,largo,10,G2,3.87782243991143,0.8984208263754854,0.8539945038329292,True,753,371.9125284490149,102.4669626323782,-0.04294143083534993,23.997846352310887,60,451.8,11.702402299174988,287,-6.649373972398892
3410,mixtura,packing_C,T06,largo,10,G2,3.87782243991143,0.8984208263754854,0.8539945038329292,True,753,371.9125284490149,102.4669626323782,-0.04294143083534993,23.997846352310887,60,451.8,11.702402299174988,288,-6.5719318126590505
3410,mixtura,packing_C,T06,largo,10,G2,3.87782243991143,0.8984208263754854,0.8539945038329292,True,753,371.9125284490149,102.4669626323782,-0.04294143083534993,23.997846352310887,60,451.8,11.702402299174988,289,-6.668690185835273
3410,mixtura,packing_C,T06,largo,10,G2,3.87782243991143,0.8984208263754854,0.8539945038329292,True,753,371.9125284490149,102.4669626323782,-0.04294143083534993,23.997846352310887,60,451.8,11.702402299174988,290,-6.635340033047323
3410,mixtura,packing_C,T06,largo,10,G2,3.87782243991143,0.8984208263754854,0.8539945038329292,True,753,371.9125284490149,102.4669626323782,-0.04294143083534993,23.997846352310887,60,451.8,11.702402299174988,291,-6.684327197117632
3410,mixtura,packing_C,T06,largo,10,G2,3.87782243991143,0.8984208263754854,0.8539945038329292,True,753,371.9125284490149,102.4669626323782,-0.04294143083534993,23.997846352310887,60,451.8,11.702402299174988,292,-6.757644551473451
3410,mixtura,packing_C,T06,largo,10,G2,3.87782243991143,0.8984208263754854,0.8539945038329292,True,753,371.9125284490149,102.4669626323782,-0.04294143083534993,23.997846352310887,60,451.8,11.702402299174988,293,-6.459704945661039
3410,mixtura,packing_C,T06,largo,10,G2,3.87782243991143,0.8984208263754854,0.8539945038329292,True,753,371.9125284490149,102.4669626323782,-0.04294143083534993,23.997846352310887,60,451.8,11.702402299174988,294,-6.621313958810934
3410,mixtura,packing_C,T06,largo,10,G2,3.87782243991143,0.8984208263754854,0.8539945038329292,True,753,371.9125284490149,102.4669626323782,-0.04294143083534993,23.997846352310887,60,451.8,11.702402299174988,295,-6.620868903030218
3410,mixtura,packing_C,T06,largo,10,G2,3.87782243991143,0.8984208263754854,0.8539945038329292,True,753,371.9125284490149,102.4669626323782,-0.04294143083534993,23.997846352310887,60,451.8,11.702402299174988,296,-6.514837507239589
3410,mixtura,packing_C,T06,largo,10,G2,3.87782243991143,0.8984208263754854,0.8539945038329292,True,753,371.9125284490149,102.4669626323782,-0.04294143083534993,23.997846352310887,60,451.8,11.702402299174988,297,-6.584557530216038
3410,mixtura,packing_C,T06,largo,10,G2,3.87782243991143,0.8984208263754854,0.8539945038329292,True,753,371.9125284490149,102.4669626323782,-0.04294143083534993,23.997846352310887,60,451.8,11.702402299174988,298,-6.463894156124957
3410,mixtura,packing_C,T06,largo,10,G2,3.87782243991143,0.8984208263754854,0.8539945038329292,True,753,371.9125284490149,102.4669626323782,-0.04294143083534993,23.997846352310887,60,451.8,11.702402299174988,299,-6.332395049678915
3410,mixtura,packing_C,T06,largo,10,G2,3.87782243991143,0.8984208263754854,0.8539945038329292,True,753,371.9125284490149,102.4669626323782,-0.04294143083534993,23.997846352310887,60,451.8,11.702402299174988,300,-6.426578561942405
3410,mixtura,packing_C,T06,largo,10,G2,3.87782243991143,0.8984208263754854,0.8539945038329292,True,753,371.9125284490149,102.4669626323782,-0.04294143083534993,23.997846352310887,60,451.8,11.702402299174988,301,-6.471275973059775
3410,mixtura,packing_C,T06,largo,10,G2,3.87782243991143,0.8984208263754854,0.8539945038329292,True,753,371.9125284490149,102.4669626323782,-0.04294143083534993,23.997846352310887,60,451.8,11.702402299174988,302,-6.411380968579632
3410,mixtura,packing_C,T06,largo,10,G2,3.87782243991143,0.8984208263754854,0.8539945038329292,True,753,371.9125284490149,102.4669626323782,-0.04294143083534993,23.997846352310887,60,451.8,11.702402299174988,303,-6.384314713928892
3410,mixtura,packing_C,T06,largo,10,G2,3.87782243991143,0.8984208263754854,0.8539945038329292,True,753,371.9125284490149,102.4669626323782,-0.04294143083534993,23.997846352310887,60,451.8,11.702402299174988,304,-6.388095022002243
3410,mixtura,packing_C,T06,largo,10,G2,3.87782243991143,0.8984208263754854,0.8539945038329292,True,753,371.9125284490149,102.4669626323782,-0.04294143083534993,23.997846352310887,60,451.8,11.702402299174988,305,-6.450880187396104
3410,mixtura,packing_C,T06,largo,10,G2,3.87782243991143,0.8984208263754854,0.8539945038329292,True,753,371.9125284490149,102.4669626323782,-0.04294143083534993,23.997846352310887,60,451.8,11.702402299174988,306,-6.2917188993002595
3410,mixtura,packing_C,T06,largo,10,G2,3.87782243991143,0.8984208263754854,0.8539945038329292,True,753,371.9125284490149,102.4669626323782,-0.04294143083534993,23.997846352310887,60,451.8,11.702402299174988,307,-6.0702450880776135
3410,mixtura,packing_C,T06,largo,10,G2,3.87782243991143,0.8984208263754854,0.8539945038329292,True,753,371.9125284490149,102.4669626323782,-0.04294143083534993,23.997846352310887,60,451.8,11.702402299174988,308,-6.139289753171567
3410,mixtura,packing_C,T06,largo,10,G2,3.87782243991143,0.8984208263754854,0.8539945038329292,True,753,371.9125284490149,102.4669626323782,-0.04294143083534993,23.997846352310887,60,451.8,11.702402299174988,309,-6.153009559213971
3410,mixtura,packing_C,T06,largo,10,G2,3.87782243991143,0.8984208263754854,0.8539945038329292,True,753,371.9125284490149,102.4669626323782,-0.04294143083534993,23.997846352310887,60,451.8,11.702402299174988,310,-6.138072333024988
3410,mixtura,packing_C,T06,largo,10,G2,3.87782243991143,0.8984208263754854,0.8539945038329292,True,753,371.9125284490149,102.4669626323782,-0.04294143083534993,23.997846352310887,60,451.8,11.702402299174988,311,-6.24588919242226
3410,mixtura,packing_C,T06,largo,10,G2,3.87782243991143,0.8984208263754854,0.8539945038329292,True,753,371.9125284490149,102.4669626323782,-0.04294143083534993,23.997846352310887,60,451.8,11.702402299174988,312,-6.145169131491955
3410,mixtura,packing_C,T06,largo,10,G2,3.87782243991143,0.8984208263754854,0.8539945038329292,True,753,371.9125284490149,102.4669626323782,-0.04294143083534993,23.997846352310887,60,451.8,11.702402299174988,313,-5.994682015228317
3410,mixtura,packing_C,T06,largo,10,G2,3.87782243991143,0.8984208263754854,0.8539945038329292,True,753,371.9125284490149,102.4669626323782,-0.04294143083534993,23.997846352310887,60,451.8,11.702402299174988,314,-5.933425073038931
3410,mixtura,packing_C,T06,largo,10,G2,3.87782243991143,0.8984208263754854,0.8539945038329292,True,753,371.9125284490149,102.4669626323782,-0.04294143083534993,23.997846352310887,60,451.8,11.702402299174988,315,-5.750024989603584
3410,mixtura,packing_C,T06,largo,10,G2,3.87782243991143,0.8984208263754854,0.8539945038329292,True,753,371.9125284490149,102.4669626323782,-0.04294143083534993,23.997846352310887,60,451.8,11.702402299174988,316,-5.8759143157289815
3410,mixtura,packing_C,T06,largo,10,G2,3.87782243991143,0.8984208263754854,0.8539945038329292,True,753,371.9125284490149,102.4669626323782,-0.04294143083534993,23.997846352310887,60,451.8,11.702402299174988,317,-5.822745517593924
3410,mixtura,packing_C,T06,largo,10,G2,3.87782243991143,0.8984208263754854,0.8539945038329292,True,753,371.9125284490149,102.4669626323782,-0.04294143083534993,23.997846352310887,60,451.8,11.702402299174988,318,-5.836337775577029
3410,mixtura,packing_C,T06,largo,10,G2,3.87782243991143,0.8984208263754854,0.8539945038329292,True,753,371.9125284490149,102.4669626323782,-0.04294143083534993,23.997846352310887,60,451.8,11.702402299174988,319,-5.61924194044258
3410,mixtura,packing_C,T06,largo,10,G2,3.87782243991143,0.8984208263754854,0.8539945038329292,True,753,371.9125284490149,102.4669626323782,-0.04294143083534993,23.997846352310887,60,451.8,11.702402299174988,320,-6.017615338736926
3410,mixtura,packing_C,T06,largo,10,G2,3.87782243991143,0.8984208263754854,0.8539945038329292,True,753,371.9125284490149,102.4669626323782,-0.04294143083534993,23.997846352310887,60,451.8,11.702402299174988,321,-5.745103743952922
3410,mixtura,packing_C,T06,largo,10,G2,3.87782243991143,0.8984208263754854,0.8539945038329292,True,753,371.9125284490149,102.4669626323782,-0.04294143083534993,23.997846352310887,60,451.8,11.702402299174988,322,-5.5407238185015
3410,mixtura,packing_C,T06,largo,10,G2,3.87782243991143,0.8984208263754854,0.8539945038329292,True,753,371.9125284490149,102.4669626323782,-0.04294143083534993,23.997846352310887,60,451.8,11.702402299174988,323,-5.74037062705737
3410,mixtura,packing_C,T06,largo,10,G2,3.87782243991143,0.8984208263754854,0.8539945038329292,True,753,371.9125284490149,102.4669626323782,-0.04294143083534993,23.997846352310887,60,451.8,11.702402299174988,324,-5.453145845082002
3410,mixtura,packing_C,T06,largo,10,G2,3.87782243991143,0.8984208263754854,0.8539945038329292,True,753,371.9125284490149,102.4669626323782,-0.04294143083534993,23.997846352310887,60,451.8,11.702402299174988,325,-5.52639412880597
3410,mixtura,packing_C,T06,largo,10,G2,3.87782243991143,0.8984208263754854,0.8539945038329292,True,753,371.9125284490149,102.4669626323782,-0.04294143083534993,23.997846352310887,60,451.8,11.702402299174988,326,-5.714639372780666
3410,mixtura,packing_C,T06,largo,10,G2,3.87782243991143,0.8984208263754854,0.8539945038329292,True,753,371.9125284490149,102.4669626323782,-0.04294143083534993,23.997846352310887,60,451.8,11.702402299174988,327,-5.416008942981265
3410,mixtura,packing_C,T06,largo,10,G2,3.87782243991143,0.8984208263754854,0.8539945038329292,True,753,371.9125284490149,102.4669626323782,-0.04294143083534993,23.997846352310887,60,451.8,11.702402299174988,328,-5.31723596880618
3410,mixtura,packing_C,T06,largo,10,G2,3.87782243991143,0.8984208263754854,0.8539945038329292,True,753,371.9125284490149,102.4669626323782,-0.04294143083534993,23.997846352310887,60,451.8,11.702402299174988,329,-5.482557871935118
3410,mixtura,packing_C,T06,largo,10,G2,3.87782243991143,0.8984208263754854,0.8539945038329292,True,753,371.9125284490149,102.4669626323782,-0.04294143083534993,23.997846352310887,60,451.8,11.702402299174988,330,-5.308002121757076
3410,mixtura,packing_C,T06,largo,10,G2,3.87782243991143,0.8984208263754854,0.8539945038329292,True,753,371.9125284490149,102.4669626323782,-0.04294143083534993,23.997846352310887,60,451.8,11.702402299174988,331,-5.348510139379296
3410,mixtura,packing_C,T06,largo,10,G2,3.87782243991143,0.8984208263754854,0.8539945038329292,True,753,371.9125284490149,102.4669626323782,-0.04294143083534993,23.997846352310887,60,451.8,11.702402299174988,332,-5.27900060763863
3410,mixtura,packing_C,T06,largo,10,G2,3.87782243991143,0.8984208263754854,0.8539945038329292,True,753,371.9125284490149,102.4669626323782,-0.04294143083534993,23.997846352310887,60,451.8,11.702402299174988,333,-5.198285800779047
3410,mixtura,packing_C,T06,largo,10,G2,3.87782243991143,0.8984208263754854,0.8539945038329292,True,753,371.9125284490149,102.4669626323782,-0.04294143083534993,23.997846352310887,60,451.8,11.702402299174988,334,-5.314286501438662
3410,mixtura,packing_C,T06,largo,10,G2,3.87782243991143,0.8984208263754854,0.8539945038329292,True,753,371.9125284490149,102.4669626323782,-0.04294143083534993,23.997846352310887,60,451.8,11.702402299174988,335,-5.2222220035905265
3410,mixtura,packing_C,T06,largo,10,G2,3.87782243991143,0.8984208263754854,0.8539945038329292,True,753,371.9125284490149,102.4669626323782,-0.04294143083534993,23.997846352310887,60,451.8,11.702402299174988,336,-5.011491740865636
3410,mixtura,packing_C,T06,largo,10,G2,3.87782243991143,0.8984208263754854,0.8539945038329292,True,753,371.9125284490149,102.4669626323782,-0.04294143083534993,23.997846352310887,60,451.8,11.702402299174988,337,-4.952402500269684
3410,mixtura,packing_C,T06,largo,10,G2,3.87782243991143,0.8984208263754854,0.8539945038329292,True,753,371.9125284490149,102.4669626323782,-0.04294143083534993,23.997846352310887,60,451.8,11.702402299174988,338,-5.18380896845191
3410,mixtura,packing_C,T06,largo,10,G2,3.87782243991143,0.8984208263754854,0.8539945038329292,True,753,371.9125284490149,102.4669626323782,-0.04294143083534993,23.997846352310887,60,451.8,11.702402299174988,339,-4.958919942454194
3410,mixtura,packing_C,T06,largo,10,G2,3.87782243991143,0.8984208263754854,0.8539945038329292,True,753,371.9125284490149,102.4669626323782,-0.04294143083534993,23.997846352310887,60,451.8,11.702402299174988,340,-4.930163802839723
3410,mixtura,packing_C,T06,largo,10,G2,3.87782243991143,0.8984208263754854,0.8539945038329292,True,753,371.9125284490149,102.4669626323782,-0.04294143083534993,23.997846352310887,60,451.8,11.702402299174988,341,-5.007059024049566
3410,mixtura,packing_C,T06,largo,10,G2,3.87782243991143,0.8984208263754854,0.8539945038329292,True,753,371.9125284490149,102.4669626323782,-0.04294143083534993,23.997846352310887,60,451.8,11.702402299174988,342,-4.77574504350849
3410,mixtura,packing_C,T06,largo,10,G2,3.87782243991143,0.8984208263754854,0.8539945038329292,True,753,371.9125284490149,102.4669626323782,-0.04294143083534993,23.997846352310887,60,451.8,11.702402299174988,343,-4.796476615646843
3410,mixtura,packing_C,T06,largo,10,G2,3.87782243991143,0.8984208263754854,0.8539945038329292,True,753,371.9125284490149,102.4669626323782,-0.04294143083534993,23.997846352310887,60,451.8,11.702402299174988,344,-4.805953115244377
3410,mixtura,packing_C,T06,largo,10,G2,3.87782243991143,0.8984208263754854,0.8539945038329292,True,753,371.9125284490149,102.4669626323782,-0.04294143083534993,23.997846352310887,60,451.8,11.702402299174988,345,-4.707748420573238
3410,mixtura,packing_C,T06,largo,10,G2,3.87782243991143,0.8984208263754854,0.8539945038329292,True,753,371.9125284490149,102.4669626323782,-0.04294143083534993,23.997846352310887,60,451.8,11.702402299174988,346,-4.678665974281474
3410,mixtura,packing_C,T06,largo,10,G2,3.87782243991143,0.8984208263754854,0.8539945038329292,True,753,371.9125284490149,102.4669626323782,-0.04294143083534993,23.997846352310887,60,451.8,11.702402299174988,347,-4.482974149921586
3410,mixtura,packing_C,T06,largo,10,G2,3.87782243991143,0.8984208263754854,0.8539945038329292,True,753,371.9125284490149,102.4669626323782,-0.04294143083534993,23.997846352310887,60,451.8,11.702402299174988,348,-4.687984164750211
3410,mixtura,packing_C,T06,largo,10,G2,3.87782243991143,0.8984208263754854,0.8539945038329292,True,753,371.9125284490149,102.4669626323782,-0.04294143083534993,23.997846352310887,60,451.8,11.702402299174988,349,-4.689847644415955
3410,mixtura,packing_C,T06,largo,10,G2,3.87782243991143,0.8984208263754854,0.8539945038329292,True,753,371.9125284490149,102.4669626323782,-0.04294143083534993,23.997846352310887,60,451.8,11.702402299174988,350,-4.415793371085783
3410,mixtura,packing_C,T06,largo,10,G2,3.87782243991143,0.8984208263754854,0.8539945038329292,True,753,371.9125284490149,102.4669626323782,-0.04294143083534993,23.997846352310887,60,451.8,11.702402299174988,351,-4.472252609700942
3410,mixtura,packing_C,T06,largo,10,G2,3.87782243991143,0.8984208263754854,0.8539945038329292,True,753,371.9125284490149,102.4669626323782,-0.04294143083534993,23.997846352310887,60,451.8,11.702402299174988,352,-4.320921390060961
3410,mixtura,packing_C,T06,largo,10,G2,3.87782243991143,0.8984208263754854,0.8539945038329292,True,753,371.9125284490149,102.4669626323782,-0.04294143083534993,23.997846352310887,60,451.8,11.702402299174988,353,-4.397207140900463
3410,mixtura,packing_C,T06,largo,10,G2,3.87782243991143,0.8984208263754854,0.8539945038329292,True,753,371.9125284490149,102.4669626323782,-0.04294143083534993,23.997846352310887,60,451.8,11.702402299174988,354,-4.296618734650124
3410,mixtura,packing_C,T06,largo,10,G2,3.87782243991143,0.8984208263754854,0.8539945038329292,True,753,371.9125284490149,102.4669626323782,-0.04294143083534993,23.997846352310887,60,451.8,11.702402299174988,355,-4.329942995153856
3410,mixtura,packing_C,T06,largo,10,G2,3.87782243991143,0.8984208263754854,0.8539945038329292,True,753,371.9125284490149,102.4669626323782,-0.04294143083534993,23.997846352310887,60,451.8,11.702402299174988,356,-4.203832717297891
3410,mixtura,packing_C,T06,largo,10,G2,3.87782243991143,0.8984208263754854,0.8539945038329292,True,753,371.9125284490149,102.4669626323782,-0.04294143083534993,23.997846352310887,60,451.8,11.702402299174988,357,-4.045050745129882
3410,mixtura,packing_C,T06,largo,10,G2,3.87782243991143,0.8984208263754854,0.8539945038329292,True,753,371.9125284490149,102.4669626323782,-0.04294143083534993,23.997846352310887,60,451.8,11.702402299174988,358,-4.386956216934697
3410,mixtura,packing_C,T06,largo,10,G2,3.87782243991143,0.8984208263754854,0.8539945038329292,True,753,371.9125284490149,102.4669626323782,-0.04294143083534993,23.997846352310887,60,451.8,11.702402299174988,359,-4.160837701646347
3410,mixtura,packing_C,T06,largo,10,G2,3.87782243991143,0.8984208263754854,0.8539945038329292,True,753,371.9125284490149,102.4669626323782,-0.04294143083534993,23.997846352310887,60,451.8,11.702402299174988,360,-3.9583155163054715
3410,mixtura,packing_C,T06,largo,10,G2,3.87782243991143,0.8984208263754854,0.8539945038329292,True,753,371.9125284490149,102.4669626323782,-0.04294143083534993,23.997846352310887,60,451.8,11.702402299174988,361,-4.022418659482503
3410,mixtura,packing_C,T06,largo,10,G2,3.87782243991143,0.8984208263754854,0.8539945038329292,True,753,371.9125284490149,102.4669626323782,-0.04294143083534993,23.997846352310887,60,451.8,11.702402299174988,362,-3.972605504028523
3410,mixtura,packing_C,T06,largo,10,G2,3.87782243991143,0.8984208263754854,0.8539945038329292,True,753,371.9125284490149,102.4669626323782,-0.04294143083534993,23.997846352310887,60,451.8,11.702402299174988,363,-3.8492582549106884
3410,mixtura,packing_C,T06,largo,10,G2,3.87782243991143,0.8984208263754854,0.8539945038329292,True,753,371.9125284490149,102.4669626323782,-0.04294143083534993,23.997846352310887,60,451.8,11.702402299174988,364,-3.8854714153793526
3410,mixtura,packing_C,T06,largo,10,G2,3.87782243991143,0.8984208263754854,0.8539945038329292,True,753,371.9125284490149,102.4669626323782,-0.04294143083534993,23.997846352310887,60,451.8,11.702402299174988,365,-3.6987452835097376
3410,mixtura,packing_C,T06,largo,10,G2,3.87782243991143,0.8984208263754854,0.8539945038329292,True,753,371.9125284490149,102.4669626323782,-0.04294143083534993,23.997846352310887,60,451.8,11.702402299174988,366,-3.6488925943692347
3410,mixtura,packing_C,T06,largo,10,G2,3.87782243991143,0.8984208263754854,0.8539945038329292,True,753,371.9125284490149,102.4669626323782,-0.04294143083534993,23.997846352310887,60,451.8,11.702402299174988,367,-3.5470760711397316
3410,mixtura,packing_C,T06,largo,10,G2,3.87782243991143,0.8984208263754854,0.8539945038329292,True,753,371.9125284490149,102.4669626323782,-0.04294143083534993,23.997846352310887,60,451.8,11.702402299174988,368,-3.5566011944930875
3410,mixtura,packing_C,T06,largo,10,G2,3.87782243991143,0.8984208263754854,0.8539945038329292,True,753,371.9125284490149,102.4669626323782,-0.04294143083534993,23.997846352310887,60,451.8,11.702402299174988,369,-3.7136031488304004
3410,mixtura,packing_C,T06,largo,10,G2,3.87782243991143,0.8984208263754854,0.8539945038329292,True,753,371.9125284490149,102.4669626323782,-0.04294143083534993,23.997846352310887,60,451.8,11.702402299174988,370,-3.499056368947434
3410,mixtura,packing_C,T06,largo,10,G2,3.87782243991143,0.8984208263754854,0.8539945038329292,True,753,371.9125284490149,102.4669626323782,-0.04294143083534993,23.997846352310887,60,451.8,11.702402299174988,371,-3.2417044395891303
3410,mixtura,packing_C,T06,largo,10,G2,3.87782243991143,0.8984208263754854,0.8539945038329292,True,753,371.9125284490149,102.4669626323782,-0.04294143083534993,23.997846352310887,60,451.8,11.702402299174988,372,-3.5384944105520764
3410,mixtura,packing_C,T06,largo,10,G2,3.87782243991143,0.8984208263754854,0.8539945038329292,True,753,371.9125284490149,102.4669626323782,-0.04294143083534993,23.997846352310887,60,451.8,11.702402299174988,373,-3.3665773349501915
3410,mixtura,packing_C,T06,largo,10,G2,3.87782243991143,0.8984208263754854,0.8539945038329292,True,753,371.9125284490149,102.4669626323782,-0.04294143083534993,23.997846352310887,60,451.8,11.702402299174988,374,-3.4956912850914375
3410,mixtura,packing_C,T06,largo,10,G2,3.87782243991143,0.8984208263754854,0.8539945038329292,True,753,371.9125284490149,102.4669626323782,-0.04294143083534993,23.997846352310887,60,451.8,11.702402299174988,375,-3.467371953351951
3410,mixtura,packing_C,T06,largo,10,G2,3.87782243991143,0.8984208263754854,0.8539945038329292,True,753,371.9125284490149,102.4669626323782,-0.04294143083534993,23.997846352310887,60,451.8,11.702402299174988,376,-3.3249485426857546
3410,mixtura,packing_C,T06,largo,10,G2,3.87782243991143,0.8984208263754854,0.8539945038329292,True,753,371.9125284490149,102.4669626323782,-0.04294143083534993,23.997846352310887,60,451.8,11.702402299174988,377,-3.303105166920288
3410,mixtura,packing_C,T06,largo,10,G2,3.87782243991143,0.8984208263754854,0.8539945038329292,True,753,371.9125284490149,102.4669626323782,-0.04294143083534993,23.997846352310887,60,451.8,11.702402299174988,378,-3.2194017314856302
3410,mixtura,packing_C,T06,largo,10,G2,3.87782243991143,0.8984208263754854,0.8539945038329292,True,753,371.9125284490149,102.4669626323782,-0.04294143083534993,23.997846352310887,60,451.8,11.702402299174988,379,-3.0895401025947424
3410,mixtura,packing_C,T06,largo,10,G2,3.87782243991143,0.8984208263754854,0.8539945038329292,True,753,371.9125284490149,102.4669626323782,-0.04294143083534993,23.997846352310887,60,451.8,11.702402299174988,380,-3.120021239832516
3410,mixtura,packing_C,T06,largo,10,G2,3.87782243991143,0.8984208263754854,0.8539945038329292,True,753,371.9125284490149,102.4669626323782,-0.04294143083534993,23.997846352310887,60,451.8,11.702402299174988,381,-3.048151743461396
3410,mixtura,packing_C,T06,largo,10,G2,3.87782243991143,0.8984208263754854,0.8539945038329292,True,753,371.9125284490149,102.4669626323782,-0.04294143083534993,23.997846352310887,60,451.8,11.702402299174988,382,-2.9374060277972576
3410,mixtura,packing_C,T06,largo,10,G2,3.87782243991143,0.8984208263754854,0.8539945038329292,True,753,371.9125284490149,102.4669626323782,-0.04294143083534993,23.997846352310887,60,451.8,11.702402299174988,383,-2.9067736375029565
3410,mixtura,packing_C,T06,largo,10,G2,3.87782243991143,0.8984208263754854,0.8539945038329292,True,753,371.9125284490149,102.4669626323782,-0.04294143083534993,23.997846352310887,60,451.8,11.702402299174988,384,-2.9012818270129968
3410,mixtura,packing_C,T06,largo,10,G2,3.87782243991143,0.8984208263754854,0.8539945038329292,True,753,371.9125284490149,102.4669626323782,-0.04294143083534993,23.997846352310887,60,451.8,11.702402299174988,385,-2.6489016203396334
3410,mixtura,packing_C,T06,largo,10,G2,3.87782243991143,0.8984208263754854,0.8539945038329292,True,753,371.9125284490149,102.4669626323782,-0.04294143083534993,23.997846352310887,60,451.8,11.702402299174988,386,-2.98377456084791
3410,mixtura,packing_C,T06,largo,10,G2,3.87782243991143,0.8984208263754854,0.8539945038329292,True,753,371.9125284490149,102.4669626323782,-0.04294143083534993,23.997846352310887,60,451.8,11.702402299174988,387,-2.7541504147105895
3410,mixtura,packing_C,T06,largo,10,G2,3.87782243991143,0.8984208263754854,0.8539945038329292,True,753,371.9125284490149,102.4669626323782,-0.04294143083534993,23.997846352310887,60,451.8,11.702402299174988,388,-2.8248669593235918
3410,mixtura,packing_C,T06,largo,10,G2,3.87782243991143,0.8984208263754854,0.8539945038329292,True,753,371.9125284490149,102.4669626323782,-0.04294143083534993,23.997846352310887,60,451.8,11.702402299174988,389,-2.647745912972073
3410,mixtura,packing_C,T06,largo,10,G2,3.87782243991143,0.8984208263754854,0.8539945038329292,True,753,371.9125284490149,102.4669626323782,-0.04294143083534993,23.997846352310887,60,451.8,11.702402299174988,390,-2.544422701393553
3410,mixtura,packing_C,T06,largo,10,G2,3.87782243991143,0.8984208263754854,0.8539945038329292,True,753,371.9125284490149,102.4669626323782,-0.04294143083534993,23.997846352310887,60,451.8,11.702402299174988,391,-2.625172625665342
3410,mixtura,packing_C,T06,largo,10,G2,3.87782243991143,0.8984208263754854,0.8539945038329292,True,753,371.9125284490149,102.4669626323782,-0.04294143083534993,23.997846352310887,60,451.8,11.702402299174988,392,-2.5268197677604873
3410,mixtura,packing_C,T06,largo,10,G2,3.87782243991143,0.8984208263754854,0.8539945038329292,True,753,371.9125284490149,102.4669626323782,-0.04294143083534993,23.997846352310887,60,451.8,11.702402299174988,393,-2.6272479491266134
3410,mixtura,packing_C,T06,largo,10,G2,3.87782243991143,0.8984208263754854,0.8539945038329292,True,753,371.9125284490149,102.4669626323782,-0.04294143083534993,23.997846352310887,60,451.8,11.702402299174988,394,-2.5186651770180433
3410,mixtura,packing_C,T06,largo,10,G2,3.87782243991143,0.8984208263754854,0.8539945038329292,True,753,371.9125284490149,102.4669626323782,-0.04294143083534993,23.997846352310887,60,451.8,11.702402299174988,395,-2.3302654008123063
3410,mixtura,packing_C,T06,largo,10,G2,3.87782243991143,0.8984208263754854,0.8539945038329292,True,753,371.9125284490149,102.4669626323782,-0.04294143083534993,23.997846352310887,60,451.8,11.702402299174988,396,-2.640331252275229
3410,mixtura,packing_C,T06,largo,10,G2,3.87782243991143,0.8984208263754854,0.8539945038329292,True,753,371.9125284490149,102.4669626323782,-0.04294143083534993,23.997846352310887,60,451.8,11.702402299174988,397,-2.2369663553440593
3410,mixtura,packing_C,T06,largo,10,G2,3.87782243991143,0.8984208263754854,0.8539945038329292,True,753,371.9125284490149,102.4669626323782,-0.04294143083534993,23.997846352310887,60,451.8,11.702402299174988,398,-2.471627730819808
3410,mixtura,packing_C,T06,largo,10,G2,3.87782243991143,0.8984208263754854,0.8539945038329292,True,753,371.9125284490149,102.4669626323782,-0.04294143083534993,23.997846352310887,60,451.8,11.702402299174988,399,-2.210315116987608
3410,mixtura,packing_C,T06,largo,10,G2,3.87782243991143,0.8984208263754854,0.8539945038329292,True,753,371.9125284490149,102.4669626323782,-0.04294143083534993,23.997846352310887,60,451.8,11.702402299174988,400,-2.1629892880549253
3410,mixtura,packing_C,T06,largo,10,G2,3.87782243991143,0.8984208263754854,0.8539945038329292,True,753,371.9125284490149,102.4669626323782,-0.04294143083534993,23.997846352310887,60,451.8,11.702402299174988,401,-2.1263564412968035
3410,mixtura,packing_C,T06,largo,10,G2,3.87782243991143,0.8984208263754854,0.8539945038329292,True,753,371.9125284490149,102.4669626323782,-0.04294143083534993,23.997846352310887,60,451.8,11.702402299174988,402,-2.2062215049902645
3410,mixtura,packing_C,T06,largo,10,G2,3.87782243991143,0.8984208263754854,0.8539945038329292,True,753,371.9125284490149,102.4669626323782,-0.04294143083534993,23.997846352310887,60,451.8,11.702402299174988,403,-2.0312714761833566
3410,mixtura,packing_C,T06,largo,10,G2,3.87782243991143,0.8984208263754854,0.8539945038329292,True,753,371.9125284490149,102.4669626323782,-0.04294143083534993,23.997846352310887,60,451.8,11.702402299174988,404,-1.8532224715390808
3410,mixtura,packing_C,T06,largo,10,G2,3.87782243991143,0.8984208263754854,0.8539945038329292,True,753,371.9125284490149,102.4669626323782,-0.04294143083534993,23.997846352310887,60,451.8,11.702402299174988,405,-1.9535115979331883
3410,mixtura,packing_C,T06,largo,10,G2,3.87782243991143,0.8984208263754854,0.8539945038329292,True,753,371.9125284490149,102.4669626323782,-0.04294143083534993,23.997846352310887,60,451.8,11.702402299174988,406,-1.842122370724696
3410,mixtura,packing_C,T06,largo,10,G2,3.87782243991143,0.8984208263754854,0.8539945038329292,True,753,371.9125284490149,102.4669626323782,-0.04294143083534993,23.997846352310887,60,451.8,11.702402299174988,407,-1.8179980881961633
3410,mixtura,packing_C,T06,largo,10,G2,3.87782243991143,0.8984208263754854,0.8539945038329292,True,753,371.9125284490149,102.4669626323782,-0.04294143083534993,23.997846352310887,60,451.8,11.702402299174988,408,-1.7947988478647623
3410,mixtura,packing_C,T06,largo,10,G2,3.87782243991143,0.8984208263754854,0.8539945038329292,True,753,371.9125284490149,102.4669626323782,-0.04294143083534993,23.997846352310887,60,451.8,11.702402299174988,409,-1.7374873395905426
3410,mixtura,packing_C,T06,largo,10,G2,3.87782243991143,0.8984208263754854,0.8539945038329292,True,753,371.9125284490149,102.4669626323782,-0.04294143083534993,23.997846352310887,60,451.8,11.702402299174988,410,-1.7486538897889676
3410,mixtura,packing_C,T06,largo,10,G2,3.87782243991143,0.8984208263754854,0.8539945038329292,True,753,371.9125284490149,102.4669626323782,-0.04294143083534993,23.997846352310887,60,451.8,11.702402299174988,411,-1.6629358933660605
3410,mixtura,packing_C,T06,largo,10,G2,3.87782243991143,0.8984208263754854,0.8539945038329292,True,753,371.9125284490149,102.4669626323782,-0.04294143083534993,23.997846352310887,60,451.8,11.702402299174988,412,-1.5377167258540132
3410,mixtura,packing_C,T06,largo,10,G2,3.87782243991143,0.8984208263754854,0.8539945038329292,True,753,371.9125284490149,102.4669626323782,-0.04294143083534993,23.997846352310887,60,451.8,11.702402299174988,413,-1.7062965051842545
3410,mixtura,packing_C,T06,largo,10,G2,3.87782243991143,0.8984208263754854,0.8539945038329292,True,753,371.9125284490149,102.4669626323782,-0.04294143083534993,23.997846352310887,60,451.8,11.702402299174988,414,-1.4995592259517287
3410,mixtura,packing_C,T06,largo,10,G2,3.87782243991143,0.8984208263754854,0.8539945038329292,True,753,371.9125284490149,102.4669626323782,-0.04294143083534993,23.997846352310887,60,451.8,11.702402299174988,415,-1.3620894671778179
3410,mixtura,packing_C,T06,largo,10,G2,3.87782243991143,0.8984208263754854,0.8539945038329292,True,753,371.9125284490149,102.4669626323782,-0.04294143083534993,23.997846352310887,60,451.8,11.702402299174988,416,-1.4452034884091074
3410,mixtura,packing_C,T06,largo,10,G2,3.87782243991143,0.8984208263754854,0.8539945038329292,True,753,371.9125284490149,102.4669626323782,-0.04294143083534993,23.997846352310887,60,451.8,11.702402299174988,417,-1.4040066924777044
3410,mixtura,packing_C,T06,largo,10,G2,3.87782243991143,0.8984208263754854,0.8539945038329292,True,753,371.9125284490149,102.4669626323782,-0.04294143083534993,23.997846352310887,60,451.8,11.702402299174988,418,-1.3975869936252234
3410,mixtura,packing_C,T06,largo,10,G2,3.87782243991143,0.8984208263754854,0.8539945038329292,True,753,371.9125284490149,102.4669626323782,-0.04294143083534993,23.997846352310887,60,451.8,11.702402299174988,419,-1.2318982174450859
3410,mixtura,packing_C,T06,largo,10,G2,3.87782243991143,0.8984208263754854,0.8539945038329292,True,753,371.9125284490149,102.4669626323782,-0.04294143083534993,23.997846352310887,60,451.8,11.702402299174988,420,-1.3759112572777288
3410,mixtura,packing_C,T06,largo,10,G2,3.87782243991143,0.8984208263754854,0.8539945038329292,True,753,371.9125284490149,102.4669626323782,-0.04294143083534993,23.997846352310887,60,451.8,11.702402299174988,421,-1.3521307267089655
3410,mixtura,packing_C,T06,largo,10,G2,3.87782243991143,0.8984208263754854,0.8539945038329292,True,753,371.9125284490149,102.4669626323782,-0.04294143083534993,23.997846352310887,60,451.8,11.702402299174988,422,-0.9937958415590032
3410,mixtura,packing_C,T06,largo,10,G2,3.87782243991143,0.8984208263754854,0.8539945038329292,True,753,371.9125284490149,102.4669626323782,-0.04294143083534993,23.997846352310887,60,451.8,11.702402299174988,423,-1.1819219702433896
3410,mixtura,packing_C,T06,largo,10,G2,3.87782243991143,0.8984208263754854,0.8539945038329292,True,753,371.9125284490149,102.4669626323782,-0.04294143083534993,23.997846352310887,60,451.8,11.702402299174988,424,-0.9151996951561223
3410,mixtura,packing_C,T06,largo,10,G2,3.87782243991143,0.8984208263754854,0.8539945038329292,True,753,371.9125284490149,102.4669626323782,-0.04294143083534993,23.997846352310887,60,451.8,11.702402299174988,425,-1.2189612110523758
3410,mixtura,packing_C,T06,largo,10,G2,3.87782243991143,0.8984208263754854,0.8539945038329292,True,753,371.9125284490149,102.4669626323782,-0.04294143083534993,23.997846352310887,60,451.8,11.702402299174988,426,-1.0308693785843757
3410,mixtura,packing_C,T06,largo,10,G2,3.87782243991143,0.8984208263754854,0.8539945038329292,True,753,371.9125284490149,102.4669626323782,-0.04294143083534993,23.997846352310887,60,451.8,11.702402299174988,427,-0.9529489216667301
3410,mixtura,packing_C,T06,largo,10,G2,3.87782243991143,0.8984208263754854,0.8539945038329292,True,753,371.9125284490149,102.4669626323782,-0.04294143083534993,23.997846352310887,60,451.8,11.702402299174988,428,-0.8903939823285351
3410,mixtura,packing_C,T06,largo,10,G2,3.87782243991143,0.8984208263754854,0.8539945038329292,True,753,371.9125284490149,102.4669626323782,-0.04294143083534993,23.997846352310887,60,451.8,11.702402299174988,429,-0.8399356981454111
3410,mixtura,packing_C,T06,largo,10,G2,3.87782243991143,0.8984208263754854,0.8539945038329292,True,753,371.9125284490149,102.4669626323782,-0.04294143083534993,23.997846352310887,60,451.8,11.702402299174988,430,-0.9869496857905736
3410,mixtura,packing_C,T06,largo,10,G2,3.87782243991143,0.8984208263754854,0.8539945038329292,True,753,371.9125284490149,102.4669626323782,-0.04294143083534993,23.997846352310887,60,451.8,11.702402299174988,431,-0.8038533353415346
3410,mixtura,packing_C,T06,largo,10,G2,3.87782243991143,0.8984208263754854,0.8539945038329292,True,753,371.9125284490149,102.4669626323782,-0.04294143083534993,23.997846352310887,60,451.8,11.702402299174988,432,-0.7775051893968727
3410,mixtura,packing_C,T06,largo,10,G2,3.87782243991143,0.8984208263754854,0.8539945038329292,True,753,371.9125284490149,102.4669626323782,-0.04294143083534993,23.997846352310887,60,451.8,11.702402299174988,433,-0.8246834951993725
3410,mixtura,packing_C,T06,largo,10,G2,3.87782243991143,0.8984208263754854,0.8539945038329292,True,753,371.9125284490149,102.4669626323782,-0.04294143083534993,23.997846352310887,60,451.8,11.702402299174988,434,-0.6513226164110842
3410,mixtura,packing_C,T06,largo,10,G2,3.87782243991143,0.8984208263754854,0.8539945038329292,True,753,371.9125284490149,102.4669626323782,-0.04294143083534993,23.997846352310887,60,451.8,11.702402299174988,435,-0.5772527979414761
3410,mixtura,packing_C,T06,largo,10,G2,3.87782243991143,0.8984208263754854,0.8539945038329292,True,753,371.9125284490149,102.4669626323782,-0.04294143083534993,23.997846352310887,60,451.8,11.702402299174988,436,-0.4919209357711217
3410,mixtura,packing_C,T06,largo,10,G2,3.87782243991143,0.8984208263754854,0.8539945038329292,True,753,371.9125284490149,102.4669626323782,-0.04294143083534993,23.997846352310887,60,451.8,11.702402299174988,437,-0.648284146407277
3410,mixtura,packing_C,T06,largo,10,G2,3.87782243991143,0.8984208263754854,0.8539945038329292,True,753,371.9125284490149,102.4669626323782,-0.04294143083534993,23.997846352310887,60,451.8,11.702402299174988,438,-0.6668104632225755
3410,mixtura,packing_C,T06,largo,10,G2,3.87782243991143,0.8984208263754854,0.8539945038329292,True,753,371.9125284490149,102.4669626323782,-0.04294143083534993,23.997846352310887,60,451.8,11.702402299174988,439,-0.5427787854991047
3410,mixtura,packing_C,T06,largo,10,G2,3.87782243991143,0.8984208263754854,0.8539945038329292,True,753,371.9125284490149,102.4669626323782,-0.04294143083534993,23.997846352310887,60,451.8,11.702402299174988,440,-0.4596916213721426
3410,mixtura,packing_C,T06,largo,10,G2,3.87782243991143,0.8984208263754854,0.8539945038329292,True,753,371.9125284490149,102.4669626323782,-0.04294143083534993,23.997846352310887,60,451.8,11.702402299174988,441,-0.5630773316009997
3410,mixtura,packing_C,T06,largo,10,G2,3.87782243991143,0.8984208263754854,0.8539945038329292,True,753,371.9125284490149,102.4669626323782,-0.04294143083534993,23.997846352310887,60,451.8,11.702402299174988,442,-0.4462033650757042
3410,mixtura,packing_C,T06,largo,10,G2,3.87782243991143,0.8984208263754854,0.8539945038329292,True,753,371.9125284490149,102.4669626323782,-0.04294143083534993,23.997846352310887,60,451.8,11.702402299174988,443,-0.3876789942770948
3410,mixtura,packing_C,T06,largo,10,G2,3.87782243991143,0.8984208263754854,0.8539945038329292,True,753,371.9125284490149,102.4669626323782,-0.04294143083534993,23.997846352310887,60,451.8,11.702402299174988,444,-0.2542388438217662
3410,mixtura,packing_C,T06,largo,10,G2,3.87782243991143,0.8984208263754854,0.8539945038329292,True,753,371.9125284490149,102.4669626323782,-0.04294143083534993,23.997846352310887,60,451.8,11.702402299174988,445,-0.20559075995116594
3410,mixtura,packing_C,T06,largo,10,G2,3.87782243991143,0.8984208263754854,0.8539945038329292,True,753,371.9125284490149,102.4669626323782,-0.04294143083534993,23.997846352310887,60,451.8,11.702402299174988,446,-0.29903641656054103
3410,mixtura,packing_C,T06,largo,10,G2,3.87782243991143,0.8984208263754854,0.8539945038329292,True,753,371.9125284490149,102.4669626323782,-0.04294143083534993,23.997846352310887,60,451.8,11.702402299174988,447,-0.2723659315734992
3410,mixtura,packing_C,T06,largo,10,G2,3.87782243991143,0.8984208263754854,0.8539945038329292,True,753,371.9125284490149,102.4669626323782,-0.04294143083534993,23.997846352310887,60,451.8,11.702402299174988,448,-0.332805984409578
3410,mixtura,packing_C,T06,largo,10,G2,3.87782243991143,0.8984208263754854,0.8539945038329292,True,753,371.9125284490149,102.4669626323782,-0.04294143083534993,23.997846352310887,60,451.8,11.702402299174988,449,-0.2374274230696227
3410,mixtura,packing_C,T06,largo,10,G2,3.87782243991143,0.8984208263754854,0.8539945038329292,True,753,371.9125284490149,102.4669626323782,-0.04294143083534993,23.997846352310887,60,451.8,11.702402299174988,450,-0.18380179643364225
3410,mixtura,packing_C,T06,largo,10,G2,3.87782243991143,0.8984208263754854,0.8539945038329292,True,753,371.9125284490149,102.4669626323782,-0.04294143083534993,23.997846352310887,60,451.8,11.702402299174988,451,-0.2513081758959772
3410,mixtura,packing_C,T06,largo,10,G2,3.87782243991143,0.8984208263754854,0.8539945038329292,True,753,371.9125284490149,102.4669626323782,-0.04294143083534993,23.997846352310887,60,451.8,11.702402299174988,452,0.2698986702645582
3410,mixtura,packing_C,T06,largo,10,G2,3.87782243991143,0.8984208263754854,0.8539945038329292,True,753,371.9125284490149,102.4669626323782,-0.04294143083534993,23.997846352310887,60,451.8,11.702402299174988,453,0.22131865002421464
3410,mixtura,packing_C,T06,largo,10,G2,3.87782243991143,0.8984208263754854,0.8539945038329292,True,753,371.9125284490149,102.4669626323782,-0.04294143083534993,23.997846352310887,60,451.8,11.702402299174988,454,0.31654833211262573
3410,mixtura,packing_C,T06,largo,10,G2,3.87782243991143,0.8984208263754854,0.8539945038329292,True,753,371.9125284490149,102.4669626323782,-0.04294143083534993,23.997846352310887,60,451.8,11.702402299174988,455,0.3006021879401489
3410,mixtura,packing_C,T06,largo,10,G2,3.87782243991143,0.8984208263754854,0.8539945038329292,True,753,371.9125284490149,102.4669626323782,-0.04294143083534993,23.997846352310887,60,451.8,11.702402299174988,456,0.34368444644624213
3410,mixtura,packing_C,T06,largo,10,G2,3.87782243991143,0.8984208263754854,0.8539945038329292,True,753,371.9125284490149,102.4669626323782,-0.04294143083534993,23.997846352310887,60,451.8,11.702402299174988,457,0.477141192926851
3410,mixtura,packing_C,T06,largo,10,G2,3.87782243991143,0.8984208263754854,0.8539945038329292,True,753,371.9125284490149,102.4669626323782,-0.04294143083534993,23.997846352310887,60,451.8,11.702402299174988,458,0.4761139198449357
3410,mixtura,packing_C,T06,largo,10,G2,3.87782243991143,0.8984208263754854,0.8539945038329292,True,753,371.9125284490149,102.4669626323782,-0.04294143083534993,23.997846352310887,60,451.8,11.702402299174988,459,0.4511465973613253
3410,mixtura,packing_C,T06,largo,10,G2,3.87782243991143,0.8984208263754854,0.8539945038329292,True,753,371.9125284490149,102.4669626323782,-0.04294143083534993,23.997846352310887,60,451.8,11.702402299174988,460,0.47089899619799896
3410,mixtura,packing_C,T06,largo,10,G2,3.87782243991143,0.8984208263754854,0.8539945038329292,True,753,371.9125284490149,102.4669626323782,-0.04294143083534993,23.997846352310887,60,451.8,11.702402299174988,461,0.2751913216903994
3410,mixtura,packing_C,T06,largo,10,G2,3.87782243991143,0.8984208263754854,0.8539945038329292,True,753,371.9125284490149,102.4669626323782,-0.04294143083534993,23.997846352310887,60,451.8,11.702402299174988,462,0.3690968644335046
3410,mixtura,packing_C,T06,largo,10,G2,3.87782243991143,0.8984208263754854,0.8539945038329292,True,753,371.9125284490149,102.4669626323782,-0.04294143083534993,23.997846352310887,60,451.8,11.702402299174988,463,0.08661524460107126
3410,mixtura,packing_C,T06,largo,10,G2,3.87782243991143,0.8984208263754854,0.8539945038329292,True,753,371.9125284490149,102.4669626323782,-0.04294143083534993,23.997846352310887,60,451.8,11.702402299174988,464,0.019845692885372065
3410,mixtura,packing_C,T06,largo,10,G2,3.87782243991143,0.8984208263754854,0.8539945038329292,True,753,371.9125284490149,102.4669626323782,-0.04294143083534993,23.997846352310887,60,451.8,11.702402299174988,465,-0.08748054656504561
3410,mixtura,packing_C,T06,largo,10,G2,3.87782243991143,0.8984208263754854,0.8539945038329292,True,753,371.9125284490149,102.4669626323782,-0.04294143083534993,23.997846352310887,60,451.8,11.702402299174988,466,-0.3051936332936671
3410,mixtura,packing_C,T06,largo,10,G2,3.87782243991143,0.8984208263754854,0.8539945038329292,True,753,371.9125284490149,102.4669626323782,-0.04294143083534993,23.997846352310887,60,451.8,11.702402299174988,467,-0.2715159646237125
3410,mixtura,packing_C,T06,largo,10,G2,3.87782243991143,0.8984208263754854,0.8539945038329292,True,753,371.9125284490149,102.4669626323782,-0.04294143083534993,23.997846352310887,60,451.8,11.702402299174988,468,-0.40560218716201
3410,mixtura,packing_C,T06,largo,10,G2,3.87782243991143,0.8984208263754854,0.8539945038329292,True,753,371.9125284490149,102.4669626323782,-0.04294143083534993,23.997846352310887,60,451.8,11.702402299174988,469,-0.38260897763596363
3410,mixtura,packing_C,T06,largo,10,G2,3.87782243991143,0.8984208263754854,0.8539945038329292,True,753,371.9125284490149,102.4669626323782,-0.04294143083534993,23.997846352310887,60,451.8,11.702402299174988,470,-0.3689205625960018
3410,mixtura,packing_C,T06,largo,10,G2,3.87782243991143,0.8984208263754854,0.8539945038329292,True,753,371.9125284490149,102.4669626323782,-0.04294143083534993,23.997846352310887,60,451.8,11.702402299174988,471,-0.5105123301500181
3410,mixtura,packing_C,T06,largo,10,G2,3.87782243991143,0.8984208263754854,0.8539945038329292,True,753,371.9125284490149,102.4669626323782,-0.04294143083534993,23.997846352310887,60,451.8,11.702402299174988,472,-0.5067565765598847
3410,mixtura,packing_C,T06,largo,10,G2,3.87782243991143,0.8984208263754854,0.8539945038329292,True,753,371.9125284490149,102.4669626323782,-0.04294143083534993,23.997846352310887,60,451.8,11.702402299174988,473,-0.4922537545811798
3410,mixtura,packing_C,T06,largo,10,G2,3.87782243991143,0.8984208263754854,0.8539945038329292,True,753,371.9125284490149,102.4669626323782,-0.04294143083534993,23.997846352310887,60,451.8,11.702402299174988,474,-0.4877903390933487
3410,mixtura,packing_C,T06,largo,10,G2,3.87782243991143,0.8984208263754854,0.8539945038329292,True,753,371.9125284490149,102.4669626323782,-0.04294143083534993,23.997846352310887,60,451.8,11.702402299174988,475,-0.428195879120441
3410,mixtura,packing_C,T06,largo,10,G2,3.87782243991143,0.8984208263754854,0.8539945038329292,True,753,371.9125284490149,102.4669626323782,-0.04294143083534993,23.997846352310887,60,451.8,11.702402299174988,476,-0.386699003351854
3410,mixtura,packing_C,T06,largo,10,G2,3.87782243991143,0.8984208263754854,0.8539945038329292,True,753,371.9125284490149,102.4669626323782,-0.04294143083534993,23.997846352310887,60,451.8,11.702402299174988,477,-0.33006830901217155
3410,mixtura,packing_C,T06,largo,10,G2,3.87782243991143,0.8984208263754854,0.8539945038329292,True,753,371.9125284490149,102.4669626323782,-0.04294143083534993,23.997846352310887,60,451.8,11.702402299174988,478,-0.3210441912898207
3410,mixtura,packing_C,T06,largo,10,G2,3.87782243991143,0.8984208263754854,0.8539945038329292,True,753,371.9125284490149,102.4669626323782,-0.04294143083534993,23.997846352310887,60,451.8,11.702402299174988,479,-0.21125263181453294
3410,mixtura,packing_C,T06,largo,10,G2,3.87782243991143,0.8984208263754854,0.8539945038329292,True,753,371.9125284490149,102.4669626323782,-0.04294143083534993,23.997846352310887,60,451.8,11.702402299174988,480,0.054752631497147
3410,mixtura,packing_C,T06,largo,10,G2,3.87782243991143,0.8984208263754854,0.8539945038329292,True,753,371.9125284490149,102.4669626323782,-0.04294143083534993,23.997846352310887,60,451.8,11.702402299174988,481,-0.03086434335609954
3410,mixtura,packing_C,T06,largo,10,G2,3.87782243991143,0.8984208263754854,0.8539945038329292,True,753,371.9125284490149,102.4669626323782,-0.04294143083534993,23.997846352310887,60,451.8,11.702402299174988,482,0.18987097708933104
3410,mixtura,packing_C,T06,largo,10,G2,3.87782243991143,0.8984208263754854,0.8539945038329292,True,753,371.9125284490149,102.4669626323782,-0.04294143083534993,23.997846352310887,60,451.8,11.702402299174988,483,0.21291940983628818
3410,mixtura,packing_C,T06,largo,10,G2,3.87782243991143,0.8984208263754854,0.8539945038329292,True,753,371.9125284490149,102.4669626323782,-0.04294143083534993,23.997846352310887,60,451.8,11.702402299174988,484,0.2536410025529176
3410,mixtura,packing_C,T06,largo,10,G2,3.87782243991143,0.8984208263754854,0.8539945038329292,True,753,371.9125284490149,102.4669626323782,-0.04294143083534993,23.997846352310887,60,451.8,11.702402299174988,485,0.36223646194227827
3410,mixtura,packing_C,T06,largo,10,G2,3.87782243991143,0.8984208263754854,0.8539945038329292,True,753,371.9125284490149,102.4669626323782,-0.04294143083534993,23.997846352310887,60,451.8,11.702402299174988,486,0.521606702940899
3410,mixtura,packing_C,T06,largo,10,G2,3.87782243991143,0.8984208263754854,0.8539945038329292,True,753,371.9125284490149,102.4669626323782,-0.04294143083534993,23.997846352310887,60,451.8,11.702402299174988,487,0.6315119544853937
3410,mixtura,packing_C,T06,largo,10,G2,3.87782243991143,0.8984208263754854,0.8539945038329292,True,753,371.9125284490149,102.4669626323782,-0.04294143083534993,23.997846352310887,60,451.8,11.702402299174988,488,0.3868345918138731
3410,mixtura,packing_C,T06,largo,10,G2,3.87782243991143,0.8984208263754854,0.8539945038329292,True,753,371.9125284490149,102.4669626323782,-0.04294143083534993,23.997846352310887,60,451.8,11.702402299174988,489,0.40024488342092873
3410,mixtura,packing_C,T06,largo,10,G2,3.87782243991143,0.8984208263754854,0.8539945038329292,True,753,371.9125284490149,102.4669626323782,-0.04294143083534993,23.997846352310887,60,451.8,11.702402299174988,490,0.47957072857684435
3410,mixtura,packing_C,T06,largo,10,G2,3.87782243991143,0.8984208263754854,0.8539945038329292,True,753,371.9125284490149,102.4669626323782,-0.04294143083534993,23.997846352310887,60,451.8,11.702402299174988,491,0.21187142523545743
3410,mixtura,packing_C,T06,largo,10,G2,3.87782243991143,0.8984208263754854,0.8539945038329292,True,753,371.9125284490149,102.4669626323782,-0.04294143083534993,23.997846352310887,60,451.8,11.702402299174988,492,-0.021945087814260772
3410,mixtura,packing_C,T06,largo,10,G2,3.87782243991143,0.8984208263754854,0.8539945038329292,True,753,371.9125284490149,102.4669626323782,-0.04294143083534993,23.997846352310887,60,451.8,11.702402299174988,493,0.22880798113317125
3410,mixtura,packing_C,T06,largo,10,G2,3.87782243991143,0.8984208263754854,0.8539945038329292,True,753,371.9125284490149,102.4669626323782,-0.04294143083534993,23.997846352310887,60,451.8,11.702402299174988,494,-0.051773025328813296
3410,mixtura,packing_C,T06,largo,10,G2,3.87782243991143,0.8984208263754854,0.8539945038329292,True,753,371.9125284490149,102.4669626323782,-0.04294143083534993,23.997846352310887,60,451.8,11.702402299174988,495,0.16834036339743222
3410,mixtura,packing_C,T06,largo,10,G2,3.87782243991143,0.8984208263754854,0.8539945038329292,True,753,371.9125284490149,102.4669626323782,-0.04294143083534993,23.997846352310887,60,451.8,11.702402299174988,496,-0.15030634900769185
3410,mixtura,packing_C,T06,largo,10,G2,3.87782243991143,0.8984208263754854,0.8539945038329292,True,753,371.9125284490149,102.4669626323782,-0.04294143083534993,23.997846352310887,60,451.8,11.702402299174988,497,-0.32953622466039156
3410,mixtura,packing_C,T06,largo,10,G2,3.87782243991143,0.8984208263754854,0.8539945038329292,True,753,371.9125284490149,102.4669626323782,-0.04294143083534993,23.997846352310887,60,451.8,11.702402299174988,498,-0.486743384879319
3410,mixtura,packing_C,T06,largo,10,G2,3.87782243991143,0.8984208263754854,0.8539945038329292,True,753,371.9125284490149,102.4669626323782,-0.04294143083534993,23.997846352310887,60,451.8,11.702402299174988,499,-0.4267435579148277
3410,mixtura,packing_C,T06,largo,10,G2,3.87782243991143,0.8984208263754854,0.8539945038329292,True,753,371.9125284490149,102.4669626323782,-0.04294143083534993,23.997846352310887,60,451.8,11.702402299174988,500,-0.5932673387396951
3410,mixtura,packing_C,T06,largo,10,G2,3.87782243991143,0.8984208263754854,0.8539945038329292,True,753,371.9125284490149,102.4669626323782,-0.04294143083534993,23.997846352310887,60,451.8,11.702402299174988,501,-0.3056040943654367
3410,mixtura,packing_C,T06,largo,10,G2,3.87782243991143,0.8984208263754854,0.8539945038329292,True,753,371.9125284490149,102.4669626323782,-0.04294143083534993,23.997846352310887,60,451.8,11.702402299174988,502,-0.5519048845883792
3410,mixtura,packing_C,T06,largo,10,G2,3.87782243991143,0.8984208263754854,0.8539945038329292,True,753,371.9125284490149,102.4669626323782,-0.04294143083534993,23.997846352310887,60,451.8,11.702402299174988,503,-0.4454597390646918
3410,mixtura,packing_C,T06,largo,10,G2,3.87782243991143,0.8984208263754854,0.8539945038329292,True,753,371.9125284490149,102.4669626323782,-0.04294143083534993,23.997846352310887,60,451.8,11.702402299174988,504,-0.49092050665046616
3410,mixtura,packing_C,T06,largo,10,G2,3.87782243991143,0.8984208263754854,0.8539945038329292,True,753,371.9125284490149,102.4669626323782,-0.04294143083534993,23.997846352310887,60,451.8,11.702402299174988,505,-0.45014761448697127
3410,mixtura,packing_C,T06,largo,10,G2,3.87782243991143,0.8984208263754854,0.8539945038329292,True,753,371.9125284490149,102.4669626323782,-0.04294143083534993,23.997846352310887,60,451.8,11.702402299174988,506,-0.36283157411600403
3410,mixtura,packing_C,T06,largo,10,G2,3.87782243991143,0.8984208263754854,0.8539945038329292,True,753,371.9125284490149,102.4669626323782,-0.04294143083534993,23.997846352310887,60,451.8,11.702402299174988,507,-0.4631625831556974
3410,mixtura,packing_C,T06,largo,10,G2,3.87782243991143,0.8984208263754854,0.8539945038329292,True,753,371.9125284490149,102.4669626323782,-0.04294143083534993,23.997846352310887,60,451.8,11.702402299174988,508,-0.2534869659067322
3410,mixtura,packing_C,T06,largo,10,G2,3.87782243991143,0.8984208263754854,0.8539945038329292,True,753,371.9125284490149,102.4669626323782,-0.04294143083534993,23.997846352310887,60,451.8,11.702402299174988,509,-0.13845090627290996
3410,mixtura,packing_C,T06,largo,10,G2,3.87782243991143,0.8984208263754854,0.8539945038329292,True,753,371.9125284490149,102.4669626323782,-0.04294143083534993,23.997846352310887,60,451.8,11.702402299174988,510,0.04986347845183194
3410,mixtura,packing_C,T06,largo,10,G2,3.87782243991143,0.8984208263754854,0.8539945038329292,True,753,371.9125284490149,102.4669626323782,-0.04294143083534993,23.997846352310887,60,451.8,11.702402299174988,511,-0.054279585196123345
3410,mixtura,packing_C,T06,largo,10,G2,3.87782243991143,0.8984208263754854,0.8539945038329292,True,753,371.9125284490149,102.4669626323782,-0.04294143083534993,23.997846352310887,60,451.8,11.702402299174988,512,0.19161157072797813
3410,mixtura,packing_C,T06,largo,10,G2,3.87782243991143,0.8984208263754854,0.8539945038329292,True,753,371.9125284490149,102.4669626323782,-0.04294143083534993,23.997846352310887,60,451.8,11.702402299174988,513,0.3626470034809655
3410,mixtura,packing_C,T06,largo,10,G2,3.87782243991143,0.8984208263754854,0.8539945038329292,True,753,371.9125284490149,102.4669626323782,-0.04294143083534993,23.997846352310887,60,451.8,11.702402299174988,514,0.24505783447386104
3410,mixtura,packing_C,T06,largo,10,G2,3.87782243991143,0.8984208263754854,0.8539945038329292,True,753,371.9125284490149,102.4669626323782,-0.04294143083534993,23.997846352310887,60,451.8,11.702402299174988,515,0.27950524525165454
3410,mixtura,packing_C,T06,largo,10,G2,3.87782243991143,0.8984208263754854,0.8539945038329292,True,753,371.9125284490149,102.4669626323782,-0.04294143083534993,23.997846352310887,60,451.8,11.702402299174988,516,0.4593974525502531
3410,mixtura,packing_C,T06,largo,10,G2,3.87782243991143,0.8984208263754854,0.8539945038329292,True,753,371.9125284490149,102.4669626323782,-0.04294143083534993,23.997846352310887,60,451.8,11.702402299174988,517,0.3950819651377371
3410,mixtura,packing_C,T06,largo,10,G2,3.87782243991143,0.8984208263754854,0.8539945038329292,True,753,371.9125284490149,102.4669626323782,-0.04294143083534993,23.997846352310887,60,451.8,11.702402299174988,518,0.3263811553831486
3410,mixtura,packing_C,T06,largo,10,G2,3.87782243991143,0.8984208263754854,0.8539945038329292,True,753,371.9125284490149,102.4669626323782,-0.04294143083534993,23.997846352310887,60,451.8,11.702402299174988,519,0.28025604270925897
3410,mixtura,packing_C,T06,largo,10,G2,3.87782243991143,0.8984208263754854,0.8539945038329292,True,753,371.9125284490149,102.4669626323782,-0.04294143083534993,23.997846352310887,60,451.8,11.702402299174988,520,0.4062769821013584
3410,mixtura,packing_C,T06,largo,10,G2,3.87782243991143,0.8984208263754854,0.8539945038329292,True,753,371.9125284490149,102.4669626323782,-0.04294143083534993,23.997846352310887,60,451.8,11.702402299174988,521,0.20252850915719323
3410,mixtura,packing_C,T06,largo,10,G2,3.87782243991143,0.8984208263754854,0.8539945038329292,True,753,371.9125284490149,102.4669626323782,-0.04294143083534993,23.997846352310887,60,451.8,11.702402299174988,522,0.32202737035263573
3410,mixtura,packing_C,T06,largo,10,G2,3.87782243991143,0.8984208263754854,0.8539945038329292,True,753,371.9125284490149,102.4669626323782,-0.04294143083534993,23.997846352310887,60,451.8,11.702402299174988,523,0.28262097189523505
3410,mixtura,packing_C,T06,largo,10,G2,3.87782243991143,0.8984208263754854,0.8539945038329292,True,753,371.9125284490149,102.4669626323782,-0.04294143083534993,23.997846352310887,60,451.8,11.702402299174988,524,0.0018163014071252287
3410,mixtura,packing_C,T06,largo,10,G2,3.87782243991143,0.8984208263754854,0.8539945038329292,True,753,371.9125284490149,102.4669626323782,-0.04294143083534993,23.997846352310887,60,451.8,11.702402299174988,525,-0.09236654349180391
3410,mixtura,packing_C,T06,largo,10,G2,3.87782243991143,0.8984208263754854,0.8539945038329292,True,753,371.9125284490149,102.4669626323782,-0.04294143083534993,23.997846352310887,60,451.8,11.702402299174988,526,-0.23170353143499345
3410,mixtura,packing_C,T06,largo,10,G2,3.87782243991143,0.8984208263754854,0.8539945038329292,True,753,371.9125284490149,102.4669626323782,-0.04294143083534993,23.997846352310887,60,451.8,11.702402299174988,527,-0.2820323193130321
3410,mixtura,packing_C,T06,largo,10,G2,3.87782243991143,0.8984208263754854,0.8539945038329292,True,753,371.9125284490149,102.4669626323782,-0.04294143083534993,23.997846352310887,60,451.8,11.702402299174988,528,-0.3297061615421858
3410,mixtura,packing_C,T06,largo,10,G2,3.87782243991143,0.8984208263754854,0.8539945038329292,True,753,371.9125284490149,102.4669626323782,-0.04294143083534993,23.997846352310887,60,451.8,11.702402299174988,529,-0.2916923972315467
3410,mixtura,packing_C,T06,largo,10,G2,3.87782243991143,0.8984208263754854,0.8539945038329292,True,753,371.9125284490149,102.4669626323782,-0.04294143083534993,23.997846352310887,60,451.8,11.702402299174988,530,-0.4658726740819563
3410,mixtura,packing_C,T06,largo,10,G2,3.87782243991143,0.8984208263754854,0.8539945038329292,True,753,371.9125284490149,102.4669626323782,-0.04294143083534993,23.997846352310887,60,451.8,11.702402299174988,531,-0.4964983357779672
3410,mixtura,packing_C,T06,largo,10,G2,3.87782243991143,0.8984208263754854,0.8539945038329292,True,753,371.9125284490149,102.4669626323782,-0.04294143083534993,23.997846352310887,60,451.8,11.702402299174988,532,-0.44728602685770025
3410,mixtura,packing_C,T06,largo,10,G2,3.87782243991143,0.8984208263754854,0.8539945038329292,True,753,371.9125284490149,102.4669626323782,-0.04294143083534993,23.997846352310887,60,451.8,11.702402299174988,533,-0.5918683626268608
3410,mixtura,packing_C,T06,largo,10,G2,3.87782243991143,0.8984208263754854,0.8539945038329292,True,753,371.9125284490149,102.4669626323782,-0.04294143083534993,23.997846352310887,60,451.8,11.702402299174988,534,-0.5004418276935071
3410,mixtura,packing_C,T06,largo,10,G2,3.87782243991143,0.8984208263754854,0.8539945038329292,True,753,371.9125284490149,102.4669626323782,-0.04294143083534993,23.997846352310887,60,451.8,11.702402299174988,535,-0.31132116289658024
3410,mixtura,packing_C,T06,largo,10,G2,3.87782243991143,0.8984208263754854,0.8539945038329292,True,753,371.9125284490149,102.4669626323782,-0.04294143083534993,23.997846352310887,60,451.8,11.702402299174988,536,-0.35355536851989944
3410,mixtura,packing_C,T06,largo,10,G2,3.87782243991143,0.8984208263754854,0.8539945038329292,True,753,371.9125284490149,102.4669626323782,-0.04294143083534993,23.997846352310887,60,451.8,11.702402299174988,537,-0.4302129498135168
3410,mixtura,packing_C,T06,largo,10,G2,3.87782243991143,0.8984208263754854,0.8539945038329292,True,753,371.9125284490149,102.4669626323782,-0.04294143083534993,23.997846352310887,60,451.8,11.702402299174988,538,-0.09418372810711215
3410,mixtura,packing_C,T06,largo,10,G2,3.87782243991143,0.8984208263754854,0.8539945038329292,True,753,371.9125284490149,102.4669626323782,-0.04294143083534993,23.997846352310887,60,451.8,11.702402299174988,539,-0.26957486437834643
3410,mixtura,packing_C,T06,largo,10,G2,3.87782243991143,0.8984208263754854,0.8539945038329292,True,753,371.9125284490149,102.4669626323782,-0.04294143083534993,23.997846352310887,60,451.8,11.702402299174988,540,-0.03740340956094205
3410,mixtura,packing_C,T06,largo,10,G2,3.87782243991143,0.8984208263754854,0.8539945038329292,True,753,371.9125284490149,102.4669626323782,-0.04294143083534993,23.997846352310887,60,451.8,11.702402299174988,541,-0.0217053429796598
3410,mixtura,packing_C,T06,largo,10,G2,3.87782243991143,0.8984208263754854,0.8539945038329292,True,753,371.9125284490149,102.4669626323782,-0.04294143083534993,23.997846352310887,60,451.8,11.702402299174988,542,0.06199870547220401
3410,mixtura,packing_C,T06,largo,10,G2,3.87782243991143,0.8984208263754854,0.8539945038329292,True,753,371.9125284490149,102.4669626323782,-0.04294143083534993,23.997846352310887,60,451.8,11.702402299174988,543,0.19278409683080028
3410,mixtura,packing_C,T06,largo,10,G2,3.87782243991143,0.8984208263754854,0.8539945038329292,True,753,371.9125284490149,102.4669626323782,-0.04294143083534993,23.997846352310887,60,451.8,11.702402299174988,544,0.4524923056845992
3410,mixtura,packing_C,T06,largo,10,G2,3.87782243991143,0.8984208263754854,0.8539945038329292,True,753,371.9125284490149,102.4669626323782,-0.04294143083534993,23.997846352310887,60,451.8,11.702402299174988,545,0.5104637134178619
3410,mixtura,packing_C,T06,largo,10,G2,3.87782243991143,0.8984208263754854,0.8539945038329292,True,753,371.9125284490149,102.4669626323782,-0.04294143083534993,23.997846352310887,60,451.8,11.702402299174988,546,0.4337806428478633
3410,mixtura,packing_C,T06,largo,10,G2,3.87782243991143,0.8984208263754854,0.8539945038329292,True,753,371.9125284490149,102.4669626323782,-0.04294143083534993,23.997846352310887,60,451.8,11.702402299174988,547,0.3687017719973596
3410,mixtura,packing_C,T06,largo,10,G2,3.87782243991143,0.8984208263754854,0.8539945038329292,True,753,371.9125284490149,102.4669626323782,-0.04294143083534993,23.997846352310887,60,451.8,11.702402299174988,548,0.38254594777488643
3410,mixtura,packing_C,T06,largo,10,G2,3.87782243991143,0.8984208263754854,0.8539945038329292,True,753,371.9125284490149,102.4669626323782,-0.04294143083534993,23.997846352310887,60,451.8,11.702402299174988,549,0.2840048793171995
3410,mixtura,packing_C,T06,largo,10,G2,3.87782243991143,0.8984208263754854,0.8539945038329292,True,753,371.9125284490149,102.4669626323782,-0.04294143083534993,23.997846352310887,60,451.8,11.702402299174988,550,0.3421530309811971
3410,mixtura,packing_C,T06,largo,10,G2,3.87782243991143,0.8984208263754854,0.8539945038329292,True,753,371.9125284490149,102.4669626323782,-0.04294143083534993,23.997846352310887,60,451.8,11.702402299174988,551,0.26767191949859004
3410,mixtura,packing_C,T06,largo,10,G2,3.87782243991143,0.8984208263754854,0.8539945038329292,True,753,371.9125284490149,102.4669626323782,-0.04294143083534993,23.997846352310887,60,451.8,11.702402299174988,552,0.2553440982802819
3410,mixtura,packing_C,T06,largo,10,G2,3.87782243991143,0.8984208263754854,0.8539945038329292,True,753,371.9125284490149,102.4669626323782,-0.04294143083534993,23.997846352310887,60,451.8,11.702402299174988,553,0.1021122253500713
3410,mixtura,packing_C,T06,largo,10,G2,3.87782243991143,0.8984208263754854,0.8539945038329292,True,753,371.9125284490149,102.4669626323782,-0.04294143083534993,23.997846352310887,60,451.8,11.702402299174988,554,0.13292469417640618
3410,mixtura,packing_C,T06,largo,10,G2,3.87782243991143,0.8984208263754854,0.8539945038329292,True,753,371.9125284490149,102.4669626323782,-0.04294143083534993,23.997846352310887,60,451.8,11.702402299174988,555,-0.18341611279163408
3410,mixtura,packing_C,T06,largo,10,G2,3.87782243991143,0.8984208263754854,0.8539945038329292,True,753,371.9125284490149,102.4669626323782,-0.04294143083534993,23.997846352310887,60,451.8,11.702402299174988,556,-0.2839627612307344
3410,mixtura,packing_C,T06,largo,10,G2,3.87782243991143,0.8984208263754854,0.8539945038329292,True,753,371.9125284490149,102.4669626323782,-0.04294143083534993,23.997846352310887,60,451.8,11.702402299174988,557,-0.20017899084162705
3410,mixtura,packing_C,T06,largo,10,G2,3.87782243991143,0.8984208263754854,0.8539945038329292,True,753,371.9125284490149,102.4669626323782,-0.04294143083534993,23.997846352310887,60,451.8,11.702402299174988,558,-0.47407228021620285
3410,mixtura,packing_C,T06,largo,10,G2,3.87782243991143,0.8984208263754854,0.8539945038329292,True,753,371.9125284490149,102.4669626323782,-0.04294143083534993,23.997846352310887,60,451.8,11.702402299174988,559,-0.4695486413053191
3410,mixtura,packing_C,T06,largo,10,G2,3.87782243991143,0.8984208263754854,0.8539945038329292,True,753,371.9125284490149,102.4669626323782,-0.04294143083534993,23.997846352310887,60,451.8,11.702402299174988,560,-0.5693028845466328
3410,mixtura,packing_C,T06,largo,10,G2,3.87782243991143,0.8984208263754854,0.8539945038329292,True,753,371.9125284490149,102.4669626323782,-0.04294143083534993,23.997846352310887,60,451.8,11.702402299174988,561,-0.5269807660032957
3410,mixtura,packing_C,T06,largo,10,G2,3.87782243991143,0.8984208263754854,0.8539945038329292,True,753,371.9125284490149,102.4669626323782,-0.04294143083534993,23.997846352310887,60,451.8,11.702402299174988,562,-0.35187747278850784
3410,mixtura,packing_C,T06,largo,10,G2,3.87782243991143,0.8984208263754854,0.8539945038329292,True,753,371.9125284490149,102.4669626323782,-0.04294143083534993,23.997846352310887,60,451.8,11.702402299174988,563,-0.638883024522592
3410,mixtura,packing_C,T06,largo,10,G2,3.87782243991143,0.8984208263754854,0.8539945038329292,True,753,371.9125284490149,102.4669626323782,-0.04294143083534993,23.997846352310887,60,451.8,11.702402299174988,564,-0.7760427044099965
3410,mixtura,packing_C,T06,largo,10,G2,3.87782243991143,0.8984208263754854,0.8539945038329292,True,753,371.9125284490149,102.4669626323782,-0.04294143083534993,23.997846352310887,60,451.8,11.702402299174988,565,-0.3368673461965626
3410,mixtura,packing_C,T06,largo,10,G2,3.87782243991143,0.8984208263754854,0.8539945038329292,True,753,371.9125284490149,102.4669626323782,-0.04294143083534993,23.997846352310887,60,451.8,11.702402299174988,566,-0.3928012094156335
3410,mixtura,packing_C,T06,largo,10,G2,3.87782243991143,0.8984208263754854,0.8539945038329292,True,753,371.9125284490149,102.4669626323782,-0.04294143083534993,23.997846352310887,60,451.8,11.702402299174988,567,-0.37627695890547613
3410,mixtura,packing_C,T06,largo,10,G2,3.87782243991143,0.8984208263754854,0.8539945038329292,True,753,371.9125284490149,102.4669626323782,-0.04294143083534993,23.997846352310887,60,451.8,11.702402299174988,568,-0.25946315579674184
3410,mixtura,packing_C,T06,largo,10,G2,3.87782243991143,0.8984208263754854,0.8539945038329292,True,753,371.9125284490149,102.4669626323782,-0.04294143083534993,23.997846352310887,60,451.8,11.702402299174988,569,-0.24637606443261667
3410,mixtura,packing_C,T06,largo,10,G2,3.87782243991143,0.8984208263754854,0.8539945038329292,True,753,371.9125284490149,102.4669626323782,-0.04294143083534993,23.997846352310887,60,451.8,11.702402299174988,570,-0.11184563897976971
3410,mixtura,packing_C,T06,largo,10,G2,3.87782243991143,0.8984208263754854,0.8539945038329292,True,753,371.9125284490149,102.4669626323782,-0.04294143083534993,23.997846352310887,60,451.8,11.702402299174988,571,0.01058394039554484
3410,mixtura,packing_C,T06,largo,10,G2,3.87782243991143,0.8984208263754854,0.8539945038329292,True,753,371.9125284490149,102.4669626323782,-0.04294143083534993,23.997846352310887,60,451.8,11.702402299174988,572,0.12345453790515447
3410,mixtura,packing_C,T06,largo,10,G2,3.87782243991143,0.8984208263754854,0.8539945038329292,True,753,371.9125284490149,102.4669626323782,-0.04294143083534993,23.997846352310887,60,451.8,11.702402299174988,573,0.2553158746012842
3410,mixtura,packing_C,T06,largo,10,G2,3.87782243991143,0.8984208263754854,0.8539945038329292,True,753,371.9125284490149,102.4669626323782,-0.04294143083534993,23.997846352310887,60,451.8,11.702402299174988,574,0.13700207215765564
3410,mixtura,packing_C,T06,largo,10,G2,3.87782243991143,0.8984208263754854,0.8539945038329292,True,753,371.9125284490149,102.4669626323782,-0.04294143083534993,23.997846352310887,60,451.8,11.702402299174988,575,0.36040125683066854
3410,mixtura,packing_C,T06,largo,10,G2,3.87782243991143,0.8984208263754854,0.8539945038329292,True,753,371.9125284490149,102.4669626323782,-0.04294143083534993,23.997846352310887,60,451.8,11.702402299174988,576,0.3966419615166604
3410,mixtura,packing_C,T06,largo,10,G2,3.87782243991143,0.8984208263754854,0.8539945038329292,True,753,371.9125284490149,102.4669626323782,-0.04294143083534993,23.997846352310887,60,451.8,11.702402299174988,577,0.4857028109995386
3410,mixtura,packing_C,T06,largo,10,G2,3.87782243991143,0.8984208263754854,0.8539945038329292,True,753,371.9125284490149,102.4669626323782,-0.04294143083534993,23.997846352310887,60,451.8,11.702402299174988,578,0.27913033450880465
3410,mixtura,packing_C,T06,largo,10,G2,3.87782243991143,0.8984208263754854,0.8539945038329292,True,753,371.9125284490149,102.4669626323782,-0.04294143083534993,23.997846352310887,60,451.8,11.702402299174988,579,0.39600053530098145
3410,mixtura,packing_C,T06,largo,10,G2,3.87782243991143,0.8984208263754854,0.8539945038329292,True,753,371.9125284490149,102.4669626323782,-0.04294143083534993,23.997846352310887,60,451.8,11.702402299174988,580,0.28119881127638974
3410,mixtura,packing_C,T06,largo,10,G2,3.87782243991143,0.8984208263754854,0.8539945038329292,True,753,371.9125284490149,102.4669626323782,-0.04294143083534993,23.997846352310887,60,451.8,11.702402299174988,581,0.348393165604252
3410,mixtura,packing_C,T06,largo,10,G2,3.87782243991143,0.8984208263754854,0.8539945038329292,True,753,371.9125284490149,102.4669626323782,-0.04294143083534993,23.997846352310887,60,451.8,11.702402299174988,582,0.2517705873178585
3410,mixtura,packing_C,T06,largo,10,G2,3.87782243991143,0.8984208263754854,0.8539945038329292,True,753,371.9125284490149,102.4669626323782,-0.04294143083534993,23.997846352310887,60,451.8,11.702402299174988,583,0.13838003124959655
3410,mixtura,packing_C,T06,largo,10,G2,3.87782243991143,0.8984208263754854,0.8539945038329292,True,753,371.9125284490149,102.4669626323782,-0.04294143083534993,23.997846352310887,60,451.8,11.702402299174988,584,-0.04985778901230638
3410,mixtura,packing_C,T06,largo,10,G2,3.87782243991143,0.8984208263754854,0.8539945038329292,True,753,371.9125284490149,102.4669626323782,-0.04294143083534993,23.997846352310887,60,451.8,11.702402299174988,585,-0.06060318947871521
3410,mixtura,packing_C,T06,largo,10,G2,3.87782243991143,0.8984208263754854,0.8539945038329292,True,753,371.9125284490149,102.4669626323782,-0.04294143083534993,23.997846352310887,60,451.8,11.702402299174988,586,-0.22281938657617095
3410,mixtura,packing_C,T06,largo,10,G2,3.87782243991143,0.8984208263754854,0.8539945038329292,True,753,371.9125284490149,102.4669626323782,-0.04294143083534993,23.997846352310887,60,451.8,11.702402299174988,587,-0.2668430209425482
3410,mixtura,packing_C,T06,largo,10,G2,3.87782243991143,0.8984208263754854,0.8539945038329292,True,753,371.9125284490149,102.4669626323782,-0.04294143083534993,23.997846352310887,60,451.8,11.702402299174988,588,-0.3381873383826064
3410,mixtura,packing_C,T06,largo,10,G2,3.87782243991143,0.8984208263754854,0.8539945038329292,True,753,371.9125284490149,102.4669626323782,-0.04294143083534993,23.997846352310887,60,451.8,11.702402299174988,589,-0.3356284553278749
3410,mixtura,packing_C,T06,largo,10,G2,3.87782243991143,0.8984208263754854,0.8539945038329292,True,753,371.9125284490149,102.4669626323782,-0.04294143083534993,23.997846352310887,60,451.8,11.702402299174988,590,-0.4486776191028535
3410,mixtura,packing_C,T06,largo,10,G2,3.87782243991143,0.8984208263754854,0.8539945038329292,True,753,371.9125284490149,102.4669626323782,-0.04294143083534993,23.997846352310887,60,451.8,11.702402299174988,591,-0.558129656818914
3410,mixtura,packing_C,T06,largo,10,G2,3.87782243991143,0.8984208263754854,0.8539945038329292,True,753,371.9125284490149,102.4669626323782,-0.04294143083534993,23.997846352310887,60,451.8,11.702402299174988,592,-0.49783161000367376
3410,mixtura,packing_C,T06,largo,10,G2,3.87782243991143,0.8984208263754854,0.8539945038329292,True,753,371.9125284490149,102.4669626323782,-0.04294143083534993,23.997846352310887,60,451.8,11.702402299174988,593,-0.6185503168293365
3410,mixtura,packing_C,T06,largo,10,G2,3.87782243991143,0.8984208263754854,0.8539945038329292,True,753,371.9125284490149,102.4669626323782,-0.04294143083534993,23.997846352310887,60,451.8,11.702402299174988,594,-0.519368146541922
3410,mixtura,packing_C,T06,largo,10,G2,3.87782243991143,0.8984208263754854,0.8539945038329292,True,753,371.9125284490149,102.4669626323782,-0.04294143083534993,23.997846352310887,60,451.8,11.702402299174988,595,-0.2751061468439777
3410,mixtura,packing_C,T06,largo,10,G2,3.87782243991143,0.8984208263754854,0.8539945038329292,True,753,371.9125284490149,102.4669626323782,-0.04294143083534993,23.997846352310887,60,451.8,11.702402299174988,596,-0.372115026974013
3410,mixtura,packing_C,T06,largo,10,G2,3.87782243991143,0.8984208263754854,0.8539945038329292,True,753,371.9125284490149,102.4669626323782,-0.04294143083534993,23.997846352310887,60,451.8,11.702402299174988,597,-0.3159623914076051
3410,mixtura,packing_C,T06,largo,10,G2,3.87782243991143,0.8984208263754854,0.8539945038329292,True,753,371.9125284490149,102.4669626323782,-0.04294143083534993,23.997846352310887,60,451.8,11.702402299174988,598,-0.17008749792346012
3410,mixtura,packing_C,T06,largo,10,G2,3.87782243991143,0.8984208263754854,0.8539945038329292,True,753,371.9125284490149,102.4669626323782,-0.04294143083534993,23.997846352310887,60,451.8,11.702402299174988,599,-0.28614806449752933
3410,mixtura,packing_C,T06,largo,10,G2,3.87782243991143,0.8984208263754854,0.8539945038329292,True,753,371.9125284490149,102.4669626323782,-0.04294143083534993,23.997846352310887,60,451.8,11.702402299174988,600,0.04213403560380408
3410,mixtura,packing_C,T06,largo,10,G2,3.87782243991143,0.8984208263754854,0.8539945038329292,True,753,371.9125284490149,102.4669626323782,-0.04294143083534993,23.997846352310887,60,451.8,11.702402299174988,601,-0.025668967798209832
3410,mixtura,packing_C,T06,largo,10,G2,3.87782243991143,0.8984208263754854,0.8539945038329292,True,753,371.9125284490149,102.4669626323782,-0.04294143083534993,23.997846352310887,60,451.8,11.702402299174988,602,0.1055584919298185
3410,mixtura,packing_C,T06,largo,10,G2,3.87782243991143,0.8984208263754854,0.8539945038329292,True,753,371.9125284490149,102.4669626323782,-0.04294143083534993,23.997846352310887,60,451.8,11.702402299174988,603,0.28076933372153046
3410,mixtura,packing_C,T06,largo,10,G2,3.87782243991143,0.8984208263754854,0.8539945038329292,True,753,371.9125284490149,102.4669626323782,-0.04294143083534993,23.997846352310887,60,451.8,11.702402299174988,604,0.344143221110235
3410,mixtura,packing_C,T06,largo,10,G2,3.87782243991143,0.8984208263754854,0.8539945038329292,True,753,371.9125284490149,102.4669626323782,-0.04294143083534993,23.997846352310887,60,451.8,11.702402299174988,605,0.47129473311757375
3410,mixtura,packing_C,T06,largo,10,G2,3.87782243991143,0.8984208263754854,0.8539945038329292,True,753,371.9125284490149,102.4669626323782,-0.04294143083534993,23.997846352310887,60,451.8,11.702402299174988,606,0.41767211359598644
3410,mixtura,packing_C,T06,largo,10,G2,3.87782243991143,0.8984208263754854,0.8539945038329292,True,753,371.9125284490149,102.4669626323782,-0.04294143083534993,23.997846352310887,60,451.8,11.702402299174988,607,0.4014369058704205
3410,mixtura,packing_C,T06,largo,10,G2,3.87782243991143,0.8984208263754854,0.8539945038329292,True,753,371.9125284490149,102.4669626323782,-0.04294143083534993,23.997846352310887,60,451.8,11.702402299174988,608,0.4360755557590548
3410,mixtura,packing_C,T06,largo,10,G2,3.87782243991143,0.8984208263754854,0.8539945038329292,True,753,371.9125284490149,102.4669626323782,-0.04294143083534993,23.997846352310887,60,451.8,11.702402299174988,609,0.3792621585001126
3410,mixtura,packing_C,T06,largo,10,G2,3.87782243991143,0.8984208263754854,0.8539945038329292,True,753,371.9125284490149,102.4669626323782,-0.04294143083534993,23.997846352310887,60,451.8,11.702402299174988,610,0.4125647599705587
3410,mixtura,packing_C,T06,largo,10,G2,3.87782243991143,0.8984208263754854,0.8539945038329292,True,753,371.9125284490149,102.4669626323782,-0.04294143083534993,23.997846352310887,60,451.8,11.702402299174988,611,0.2022272458722103
3410,mixtura,packing_C,T06,largo,10,G2,3.87782243991143,0.8984208263754854,0.8539945038329292,True,753,371.9125284490149,102.4669626323782,-0.04294143083534993,23.997846352310887,60,451.8,11.702402299174988,612,0.25753504162528645
3410,mixtura,packing_C,T06,largo,10,G2,3.87782243991143,0.8984208263754854,0.8539945038329292,True,753,371.9125284490149,102.4669626323782,-0.04294143083534993,23.997846352310887,60,451.8,11.702402299174988,613,0.1494791832179929
3410,mixtura,packing_C,T06,largo,10,G2,3.87782243991143,0.8984208263754854,0.8539945038329292,True,753,371.9125284490149,102.4669626323782,-0.04294143083534993,23.997846352310887,60,451.8,11.702402299174988,614,0.14864600747181916
3410,mixtura,packing_C,T06,largo,10,G2,3.87782243991143,0.8984208263754854,0.8539945038329292,True,753,371.9125284490149,102.4669626323782,-0.04294143083534993,23.997846352310887,60,451.8,11.702402299174988,615,-0.04973864975852371
3410,mixtura,packing_C,T06,largo,10,G2,3.87782243991143,0.8984208263754854,0.8539945038329292,True,753,371.9125284490149,102.4669626323782,-0.04294143083534993,23.997846352310887,60,451.8,11.702402299174988,616,-0.00013441118593857104
3410,mixtura,packing_C,T06,largo,10,G2,3.87782243991143,0.8984208263754854,0.8539945038329292,True,753,371.9125284490149,102.4669626323782,-0.04294143083534993,23.997846352310887,60,451.8,11.702402299174988,617,-0.21972429147012926
3410,mixtura,packing_C,T06,largo,10,G2,3.87782243991143,0.8984208263754854,0.8539945038329292,True,753,371.9125284490149,102.4669626323782,-0.04294143083534993,23.997846352310887,60,451.8,11.702402299174988,618,-0.2960408803394287
3410,mixtura,packing_C,T06,largo,10,G2,3.87782243991143,0.8984208263754854,0.8539945038329292,True,753,371.9125284490149,102.4669626323782,-0.04294143083534993,23.997846352310887,60,451.8,11.702402299174988,619,-0.3681850804200077
3410,mixtura,packing_C,T06,largo,10,G2,3.87782243991143,0.8984208263754854,0.8539945038329292,True,753,371.9125284490149,102.4669626323782,-0.04294143083534993,23.997846352310887,60,451.8,11.702402299174988,620,-0.5457013355985846
3410,mixtura,packing_C,T06,largo,10,G2,3.87782243991143,0.8984208263754854,0.8539945038329292,True,753,371.9125284490149,102.4669626323782,-0.04294143083534993,23.997846352310887,60,451.8,11.702402299174988,621,-0.520543865361643
3410,mixtura,packing_C,T06,largo,10,G2,3.87782243991143,0.8984208263754854,0.8539945038329292,True,753,371.9125284490149,102.4669626323782,-0.04294143083534993,23.997846352310887,60,451.8,11.702402299174988,622,-0.5475280850091112
3410,mixtura,packing_C,T06,largo,10,G2,3.87782243991143,0.8984208263754854,0.8539945038329292,True,753,371.9125284490149,102.4669626323782,-0.04294143083534993,23.997846352310887,60,451.8,11.702402299174988,623,-0.5669328595724354
3410,mixtura,packing_C,T06,largo,10,G2,3.87782243991143,0.8984208263754854,0.8539945038329292,True,753,371.9125284490149,102.4669626323782,-0.04294143083534993,23.997846352310887,60,451.8,11.702402299174988,624,-0.44057893132780124
3410,mixtura,packing_C,T06,largo,10,G2,3.87782243991143,0.8984208263754854,0.8539945038329292,True,753,371.9125284490149,102.4669626323782,-0.04294143083534993,23.997846352310887,60,451.8,11.702402299174988,625,-0.5113311156851044
3410,mixtura,packing_C,T06,largo,10,G2,3.87782243991143,0.8984208263754854,0.8539945038329292,True,753,371.9125284490149,102.4669626323782,-0.04294143083534993,23.997846352310887,60,451.8,11.702402299174988,626,-0.37149230909165315
3410,mixtura,packing_C,T06,largo,10,G2,3.87782243991143,0.8984208263754854,0.8539945038329292,True,753,371.9125284490149,102.4669626323782,-0.04294143083534993,23.997846352310887,60,451.8,11.702402299174988,627,-0.20314039210410434
3410,mixtura,packing_C,T06,largo,10,G2,3.87782243991143,0.8984208263754854,0.8539945038329292,True,753,371.9125284490149,102.4669626323782,-0.04294143083534993,23.997846352310887,60,451.8,11.702402299174988,628,-0.3364370253109337
3410,mixtura,packing_C,T06,largo,10,G2,3.87782243991143,0.8984208263754854,0.8539945038329292,True,753,371.9125284490149,102.4669626323782,-0.04294143083534993,23.997846352310887,60,451.8,11.702402299174988,629,-0.20221862912938815
3410,mixtura,packing_C,T06,largo,10,G2,3.87782243991143,0.8984208263754854,0.8539945038329292,True,753,371.9125284490149,102.4669626323782,-0.04294143083534993,23.997846352310887,60,451.8,11.702402299174988,630,-0.0905828408222363
3410,mixtura,packing_C,T06,largo,10,G2,3.87782243991143,0.8984208263754854,0.8539945038329292,True,753,371.9125284490149,102.4669626323782,-0.04294143083534993,23.997846352310887,60,451.8,11.702402299174988,631,-0.02772061705098175
3410,mixtura,packing_C,T06,largo,10,G2,3.87782243991143,0.8984208263754854,0.8539945038329292,True,753,371.9125284490149,102.4669626323782,-0.04294143083534993,23.997846352310887,60,451.8,11.702402299174988,632,0.20232892607534758
3410,mixtura,packing_C,T06,largo,10,G2,3.87782243991143,0.8984208263754854,0.8539945038329292,True,753,371.9125284490149,102.4669626323782,-0.04294143083534993,23.997846352310887,60,451.8,11.702402299174988,633,0.4503111257861351
3410,mixtura,packing_C,T06,largo,10,G2,3.87782243991143,0.8984208263754854,0.8539945038329292,True,753,371.9125284490149,102.4669626323782,-0.04294143083534993,23.997846352310887,60,451.8,11.702402299174988,634,0.2882931952663082
3410,mixtura,packing_C,T06,largo,10,G2,3.87782243991143,0.8984208263754854,0.8539945038329292,True,753,371.9125284490149,102.4669626323782,-0.04294143083534993,23.997846352310887,60,451.8,11.702402299174988,635,0.3661204640248361
3410,mixtura,packing_C,T06,largo,10,G2,3.87782243991143,0.8984208263754854,0.8539945038329292,True,753,371.9125284490149,102.4669626323782,-0.04294143083534993,23.997846352310887,60,451.8,11.702402299174988,636,0.44389932562751755
3410,mixtura,packing_C,T06,largo,10,G2,3.87782243991143,0.8984208263754854,0.8539945038329292,True,753,371.9125284490149,102.4669626323782,-0.04294143083534993,23.997846352310887,60,451.8,11.702402299174988,637,0.47260197410633537
3410,mixtura,packing_C,T06,largo,10,G2,3.87782243991143,0.8984208263754854,0.8539945038329292,True,753,371.9125284490149,102.4669626323782,-0.04294143083534993,23.997846352310887,60,451.8,11.702402299174988,638,0.35622078709570104
3410,mixtura,packing_C,T06,largo,10,G2,3.87782243991143,0.8984208263754854,0.8539945038329292,True,753,371.9125284490149,102.4669626323782,-0.04294143083534993,23.997846352310887,60,451.8,11.702402299174988,639,0.4323779613418347
3410,mixtura,packing_C,T06,largo,10,G2,3.87782243991143,0.8984208263754854,0.8539945038329292,True,753,371.9125284490149,102.4669626323782,-0.04294143083534993,23.997846352310887,60,451.8,11.702402299174988,640,0.46511346545591914
3410,mixtura,packing_C,T06,largo,10,G2,3.87782243991143,0.8984208263754854,0.8539945038329292,True,753,371.9125284490149,102.4669626323782,-0.04294143083534993,23.997846352310887,60,451.8,11.702402299174988,641,0.10460540540237001
3410,mixtura,packing_C,T06,largo,10,G2,3.87782243991143,0.8984208263754854,0.8539945038329292,True,753,371.9125284490149,102.4669626323782,-0.04294143083534993,23.997846352310887,60,451.8,11.702402299174988,642,0.1723337856961707
3410,mixtura,packing_C,T06,largo,10,G2,3.87782243991143,0.8984208263754854,0.8539945038329292,True,753,371.9125284490149,102.4669626323782,-0.04294143083534993,23.997846352310887,60,451.8,11.702402299174988,643,0.22921103479857627
3410,mixtura,packing_C,T06,largo,10,G2,3.87782243991143,0.8984208263754854,0.8539945038329292,True,753,371.9125284490149,102.4669626323782,-0.04294143083534993,23.997846352310887,60,451.8,11.702402299174988,644,0.08506542945645537
3410,mixtura,packing_C,T06,largo,10,G2,3.87782243991143,0.8984208263754854,0.8539945038329292,True,753,371.9125284490149,102.4669626323782,-0.04294143083534993,23.997846352310887,60,451.8,11.702402299174988,645,-0.07052634029859584
3410,mixtura,packing_C,T06,largo,10,G2,3.87782243991143,0.8984208263754854,0.8539945038329292,True,753,371.9125284490149,102.4669626323782,-0.04294143083534993,23.997846352310887,60,451.8,11.702402299174988,646,0.013055278991559172
3410,mixtura,packing_C,T06,largo,10,G2,3.87782243991143,0.8984208263754854,0.8539945038329292,True,753,371.9125284490149,102.4669626323782,-0.04294143083534993,23.997846352310887,60,451.8,11.702402299174988,647,-0.3690647497582985
3410,mixtura,packing_C,T06,largo,10,G2,3.87782243991143,0.8984208263754854,0.8539945038329292,True,753,371.9125284490149,102.4669626323782,-0.04294143083534993,23.997846352310887,60,451.8,11.702402299174988,648,-0.3502669857664949
3410,mixtura,packing_C,T06,largo,10,G2,3.87782243991143,0.8984208263754854,0.8539945038329292,True,753,371.9125284490149,102.4669626323782,-0.04294143083534993,23.997846352310887,60,451.8,11.702402299174988,649,-0.25467926366143323
3410,mixtura,packing_C,T06,largo,10,G2,3.87782243991143,0.8984208263754854,0.8539945038329292,True,753,371.9125284490149,102.4669626323782,-0.04294143083534993,23.997846352310887,60,451.8,11.702402299174988,650,-0.4801298433096001
3410,mixtura,packing_C,T06,largo,10,G2,3.87782243991143,0.8984208263754854,0.8539945038329292,True,753,371.9125284490149,102.4669626323782,-0.04294143083534993,23.997846352310887,60,451.8,11.702402299174988,651,-0.5376071770006503
3410,mixtura,packing_C,T06,largo,10,G2,3.87782243991143,0.8984208263754854,0.8539945038329292,True,753,371.9125284490149,102.4669626323782,-0.04294143083534993,23.997846352310887,60,451.8,11.702402299174988,652,-0.6110136930127862
3410,mixtura,packing_C,T06,largo,10,G2,3.87782243991143,0.8984208263754854,0.8539945038329292,True,753,371.9125284490149,102.4669626323782,-0.04294143083534993,23.997846352310887,60,451.8,11.702402299174988,653,-0.5694428598142661
3410,mixtura,packing_C,T06,largo,10,G2,3.87782243991143,0.8984208263754854,0.8539945038329292,True,753,371.9125284490149,102.4669626323782,-0.04294143083534993,23.997846352310887,60,451.8,11.702402299174988,654,-0.41453577054060387
3410,mixtura,packing_C,T06,largo,10,G2,3.87782243991143,0.8984208263754854,0.8539945038329292,True,753,371.9125284490149,102.4669626323782,-0.04294143083534993,23.997846352310887,60,451.8,11.702402299174988,655,-0.581182405204844
3410,mixtura,packing_C,T06,largo,10,G2,3.87782243991143,0.8984208263754854,0.8539945038329292,True,753,371.9125284490149,102.4669626323782,-0.04294143083534993,23.997846352310887,60,451.8,11.702402299174988,656,-0.409439396441449
3410,mixtura,packing_C,T06,largo,10,G2,3.87782243991143,0.8984208263754854,0.8539945038329292,True,753,371.9125284490149,102.4669626323782,-0.04294143083534993,23.997846352310887,60,451.8,11.702402299174988,657,-0.33701051030641593
3410,mixtura,packing_C,T06,largo,10,G2,3.87782243991143,0.8984208263754854,0.8539945038329292,True,753,371.9125284490149,102.4669626323782,-0.04294143083534993,23.997846352310887,60,451.8,11.702402299174988,658,-0.2318567037400698
3410,mixtura,packing_C,T06,largo,10,G2,3.87782243991143,0.8984208263754854,0.8539945038329292,True,753,371.9125284490149,102.4669626323782,-0.04294143083534993,23.997846352310887,60,451.8,11.702402299174988,659,-0.23783062207029426
3410,mixtura,packing_C,T06,largo,10,G2,3.87782243991143,0.8984208263754854,0.8539945038329292,True,753,371.9125284490149,102.4669626323782,-0.04294143083534993,23.997846352310887,60,451.8,11.702402299174988,660,-0.10820544131647014
3410,mixtura,packing_C,T06,largo,10,G2,3.87782243991143,0.8984208263754854,0.8539945038329292,True,753,371.9125284490149,102.4669626323782,-0.04294143083534993,23.997846352310887,60,451.8,11.702402299174988,661,-0.034442344802640676
3410,mixtura,packing_C,T06,largo,10,G2,3.87782243991143,0.8984208263754854,0.8539945038329292,True,753,371.9125284490149,102.4669626323782,-0.04294143083534993,23.997846352310887,60,451.8,11.702402299174988,662,0.14670412869176946
3410,mixtura,packing_C,T06,largo,10,G2,3.87782243991143,0.8984208263754854,0.8539945038329292,True,753,371.9125284490149,102.4669626323782,-0.04294143083534993,23.997846352310887,60,451.8,11.702402299174988,663,0.27806388324482545
3410,mixtura,packing_C,T06,largo,10,G2,3.87782243991143,0.8984208263754854,0.8539945038329292,True,753,371.9125284490149,102.4669626323782,-0.04294143083534993,23.997846352310887,60,451.8,11.702402299174988,664,0.4411025846169009
3410,mixtura,packing_C,T06,largo,10,G2,3.87782243991143,0.8984208263754854,0.8539945038329292,True,753,371.9125284490149,102.4669626323782,-0.04294143083534993,23.997846352310887,60,451.8,11.702402299174988,665,0.5034945010225306
3410,mixtura,packing_C,T06,largo,10,G2,3.87782243991143,0.8984208263754854,0.8539945038329292,True,753,371.9125284490149,102.4669626323782,-0.04294143083534993,23.997846352310887,60,451.8,11.702402299174988,666,0.4288733592514046
3410,mixtura,packing_C,T06,largo,10,G2,3.87782243991143,0.8984208263754854,0.8539945038329292,True,753,371.9125284490149,102.4669626323782,-0.04294143083534993,23.997846352310887,60,451.8,11.702402299174988,667,0.3797284604464717
3410,mixtura,packing_C,T06,largo,10,G2,3.87782243991143,0.8984208263754854,0.8539945038329292,True,753,371.9125284490149,102.4669626323782,-0.04294143083534993,23.997846352310887,60,451.8,11.702402299174988,668,0.3561572470900147
3410,mixtura,packing_C,T06,largo,10,G2,3.87782243991143,0.8984208263754854,0.8539945038329292,True,753,371.9125284490149,102.4669626323782,-0.04294143083534993,23.997846352310887,60,451.8,11.702402299174988,669,0.39310896319293154
3410,mixtura,packing_C,T06,largo,10,G2,3.87782243991143,0.8984208263754854,0.8539945038329292,True,753,371.9125284490149,102.4669626323782,-0.04294143083534993,23.997846352310887,60,451.8,11.702402299174988,670,0.33126119592888975
3410,mixtura,packing_C,T06,largo,10,G2,3.87782243991143,0.8984208263754854,0.8539945038329292,True,753,371.9125284490149,102.4669626323782,-0.04294143083534993,23.997846352310887,60,451.8,11.702402299174988,671,0.381382853171781
3410,mixtura,packing_C,T06,largo,10,G2,3.87782243991143,0.8984208263754854,0.8539945038329292,True,753,371.9125284490149,102.4669626323782,-0.04294143083534993,23.997846352310887,60,451.8,11.702402299174988,672,0.15894018045601238
3410,mixtura,packing_C,T06,largo,10,G2,3.87782243991143,0.8984208263754854,0.8539945038329292,True,753,371.9125284490149,102.4669626323782,-0.04294143083534993,23.997846352310887,60,451.8,11.702402299174988,673,0.08382906179963118
3410,mixtura,packing_C,T06,largo,10,G2,3.87782243991143,0.8984208263754854,0.8539945038329292,True,753,371.9125284490149,102.4669626323782,-0.04294143083534993,23.997846352310887,60,451.8,11.702402299174988,674,0.025188968629828223
3410,mixtura,packing_C,T06,largo,10,G2,3.87782243991143,0.8984208263754854,0.8539945038329292,True,753,371.9125284490149,102.4669626323782,-0.04294143083534993,23.997846352310887,60,451.8,11.702402299174988,675,-0.005280248106167194
3410,mixtura,packing_C,T06,largo,10,G2,3.87782243991143,0.8984208263754854,0.8539945038329292,True,753,371.9125284490149,102.4669626323782,-0.04294143083534993,23.997846352310887,60,451.8,11.702402299174988,676,-0.05544891151289277
3410,mixtura,packing_C,T06,largo,10,G2,3.87782243991143,0.8984208263754854,0.8539945038329292,True,753,371.9125284490149,102.4669626323782,-0.04294143083534993,23.997846352310887,60,451.8,11.702402299174988,677,-0.49872882967578347
3410,mixtura,packing_C,T06,largo,10,G2,3.87782243991143,0.8984208263754854,0.8539945038329292,True,753,371.9125284490149,102.4669626323782,-0.04294143083534993,23.997846352310887,60,451.8,11.702402299174988,678,-0.19049257054558913
3410,mixtura,packing_C,T06,largo,10,G2,3.87782243991143,0.8984208263754854,0.8539945038329292,True,753,371.9125284490149,102.4669626323782,-0.04294143083534993,23.997846352310887,60,451.8,11.702402299174988,679,-0.11753019159287142
3410,mixtura,packing_C,T06,largo,10,G2,3.87782243991143,0.8984208263754854,0.8539945038329292,True,753,371.9125284490149,102.4669626323782,-0.04294143083534993,23.997846352310887,60,451.8,11.702402299174988,680,-0.29070084145178554
3410,mixtura,packing_C,T06,largo,10,G2,3.87782243991143,0.8984208263754854,0.8539945038329292,True,753,371.9125284490149,102.4669626323782,-0.04294143083534993,23.997846352310887,60,451.8,11.702402299174988,681,-0.482711270047751
3410,mixtura,packing_C,T06,largo,10,G2,3.87782243991143,0.8984208263754854,0.8539945038329292,True,753,371.9125284490149,102.4669626323782,-0.04294143083534993,23.997846352310887,60,451.8,11.702402299174988,682,-0.5435981893613706
3410,mixtura,packing_C,T06,largo,10,G2,3.87782243991143,0.8984208263754854,0.8539945038329292,True,753,371.9125284490149,102.4669626323782,-0.04294143083534993,23.997846352310887,60,451.8,11.702402299174988,683,-0.3930892768465926
3410,mixtura,packing_C,T06,largo,10,G2,3.87782243991143,0.8984208263754854,0.8539945038329292,True,753,371.9125284490149,102.4669626323782,-0.04294143083534993,23.997846352310887,60,451.8,11.702402299174988,684,-0.5757786927635642
3410,mixtura,packing_C,T06,largo,10,G2,3.87782243991143,0.8984208263754854,0.8539945038329292,True,753,371.9125284490149,102.4669626323782,-0.04294143083534993,23.997846352310887,60,451.8,11.702402299174988,685,-0.4077144716106215
3410,mixtura,packing_C,T06,largo,10,G2,3.87782243991143,0.8984208263754854,0.8539945038329292,True,753,371.9125284490149,102.4669626323782,-0.04294143083534993,23.997846352310887,60,451.8,11.702402299174988,686,-0.46297612812143235
3410,mixtura,packing_C,T06,largo,10,G2,3.87782243991143,0.8984208263754854,0.8539945038329292,True,753,371.9125284490149,102.4669626323782,-0.04294143083534993,23.997846352310887,60,451.8,11.702402299174988,687,-0.42892002629701875
3410,mixtura,packing_C,T06,largo,10,G2,3.87782243991143,0.8984208263754854,0.8539945038329292,True,753,371.9125284490149,102.4669626323782,-0.04294143083534993,23.997846352310887,60,451.8,11.702402299174988,688,-0.42964545786241304
3410,mixtura,packing_C,T06,largo,10,G2,3.87782243991143,0.8984208263754854,0.8539945038329292,True,753,371.9125284490149,102.4669626323782,-0.04294143083534993,23.997846352310887,60,451.8,11.702402299174988,689,-0.11047623193973061
3410,mixtura,packing_C,T06,largo,10,G2,3.87782243991143,0.8984208263754854,0.8539945038329292,True,753,371.9125284490149,102.4669626323782,-0.04294143083534993,23.997846352310887,60,451.8,11.702402299174988,690,-0.0076003830507373055
3410,mixtura,packing_C,T06,largo,10,G2,3.87782243991143,0.8984208263754854,0.8539945038329292,True,753,371.9125284490149,102.4669626323782,-0.04294143083534993,23.997846352310887,60,451.8,11.702402299174988,691,0.2940461137671917
3410,mixtura,packing_C,T06,largo,10,G2,3.87782243991143,0.8984208263754854,0.8539945038329292,True,753,371.9125284490149,102.4669626323782,-0.04294143083534993,23.997846352310887,60,451.8,11.702402299174988,692,0.057333691991944255
3410,mixtura,packing_C,T06,largo,10,G2,3.87782243991143,0.8984208263754854,0.8539945038329292,True,753,371.9125284490149,102.4669626323782,-0.04294143083534993,23.997846352310887,60,451.8,11.702402299174988,693,0.23944779247110687
3410,mixtura,packing_C,T06,largo,10,G2,3.87782243991143,0.8984208263754854,0.8539945038329292,True,753,371.9125284490149,102.4669626323782,-0.04294143083534993,23.997846352310887,60,451.8,11.702402299174988,694,0.37594713678381797
3410,mixtura,packing_C,T06,largo,10,G2,3.87782243991143,0.8984208263754854,0.8539945038329292,True,753,371.9125284490149,102.4669626323782,-0.04294143083534993,23.997846352310887,60,451.8,11.702402299174988,695,0.2057575737502692
3410,mixtura,packing_C,T06,largo,10,G2,3.87782243991143,0.8984208263754854,0.8539945038329292,True,753,371.9125284490149,102.4669626323782,-0.04294143083534993,23.997846352310887,60,451.8,11.702402299174988,696,0.5255398818549596
3410,mixtura,packing_C,T06,largo,10,G2,3.87782243991143,0.8984208263754854,0.8539945038329292,True,753,371.9125284490149,102.4669626323782,-0.04294143083534993,23.997846352310887,60,451.8,11.702402299174988,697,0.5274346089307643
3410,mixtura,packing_C,T06,largo,10,G2,3.87782243991143,0.8984208263754854,0.8539945038329292,True,753,371.9125284490149,102.4669626323782,-0.04294143083534993,23.997846352310887,60,451.8,11.702402299174988,698,0.5234124750832048
3410,mixtura,packing_C,T06,largo,10,G2,3.87782243991143,0.8984208263754854,0.8539945038329292,True,753,371.9125284490149,102.4669626323782,-0.04294143083534993,23.997846352310887,60,451.8,11.702402299174988,699,0.3119781045314686
3410,mixtura,packing_C,T06,largo,10,G2,3.87782243991143,0.8984208263754854,0.8539945038329292,True,753,371.9125284490149,102.4669626323782,-0.04294143083534993,23.997846352310887,60,451.8,11.702402299174988,700,0.4254700310590394
3410,mixtura,packing_C,T06,largo,10,G2,3.87782243991143,0.8984208263754854,0.8539945038329292,True,753,371.9125284490149,102.4669626323782,-0.04294143083534993,23.997846352310887,60,451.8,11.702402299174988,701,0.3274775254601671
3410,mixtura,packing_C,T06,largo,10,G2,3.87782243991143,0.8984208263754854,0.8539945038329292,True,753,371.9125284490149,102.4669626323782,-0.04294143083534993,23.997846352310887,60,451.8,11.702402299174988,702,0.26731031486417317
3410,mixtura,packing_C,T06,largo,10,G2,3.87782243991143,0.8984208263754854,0.8539945038329292,True,753,371.9125284490149,102.4669626323782,-0.04294143083534993,23.997846352310887,60,451.8,11.702402299174988,703,0.16285594808906065
3410,mixtura,packing_C,T06,largo,10,G2,3.87782243991143,0.8984208263754854,0.8539945038329292,True,753,371.9125284490149,102.4669626323782,-0.04294143083534993,23.997846352310887,60,451.8,11.702402299174988,704,0.016232207303806034
3410,mixtura,packing_C,T06,largo,10,G2,3.87782243991143,0.8984208263754854,0.8539945038329292,True,753,371.9125284490149,102.4669626323782,-0.04294143083534993,23.997846352310887,60,451.8,11.702402299174988,705,-0.24030677966504027
3410,mixtura,packing_C,T06,largo,10,G2,3.87782243991143,0.8984208263754854,0.8539945038329292,True,753,371.9125284490149,102.4669626323782,-0.04294143083534993,23.997846352310887,60,451.8,11.702402299174988,706,-0.09217932229546083
3410,mixtura,packing_C,T06,largo,10,G2,3.87782243991143,0.8984208263754854,0.8539945038329292,True,753,371.9125284490149,102.4669626323782,-0.04294143083534993,23.997846352310887,60,451.8,11.702402299174988,707,-0.19067684141007285
3410,mixtura,packing_C,T06,largo,10,G2,3.87782243991143,0.8984208263754854,0.8539945038329292,True,753,371.9125284490149,102.4669626323782,-0.04294143083534993,23.997846352310887,60,451.8,11.702402299174988,708,-0.3570372692990631
3410,mixtura,packing_C,T06,largo,10,G2,3.87782243991143,0.8984208263754854,0.8539945038329292,True,753,371.9125284490149,102.4669626323782,-0.04294143083534993,23.997846352310887,60,451.8,11.702402299174988,709,-0.38761392135133543
3410,mixtura,packing_C,T06,largo,10,G2,3.87782243991143,0.8984208263754854,0.8539945038329292,True,753,371.9125284490149,102.4669626323782,-0.04294143083534993,23.997846352310887,60,451.8,11.702402299174988,710,-0.44606984620834256
3410,mixtura,packing_C,T06,largo,10,G2,3.87782243991143,0.8984208263754854,0.8539945038329292,True,753,371.9125284490149,102.4669626323782,-0.04294143083534993,23.997846352310887,60,451.8,11.702402299174988,711,-0.60094747268181
3410,mixtura,packing_C,T06,largo,10,G2,3.87782243991143,0.8984208263754854,0.8539945038329292,True,753,371.9125284490149,102.4669626323782,-0.04294143083534993,23.997846352310887,60,451.8,11.702402299174988,712,-0.6134366284609141
3410,mixtura,packing_C,T06,largo,10,G2,3.87782243991143,0.8984208263754854,0.8539945038329292,True,753,371.9125284490149,102.4669626323782,-0.04294143083534993,23.997846352310887,60,451.8,11.702402299174988,713,-0.5098712704961315
3410,mixtura,packing_C,T06,largo,10,G2,3.87782243991143,0.8984208263754854,0.8539945038329292,True,753,371.9125284490149,102.4669626323782,-0.04294143083534993,23.997846352310887,60,451.8,11.702402299174988,714,-0.5949678534771274
3410,mixtura,packing_C,T06,largo,10,G2,3.87782243991143,0.8984208263754854,0.8539945038329292,True,753,371.9125284490149,102.4669626323782,-0.04294143083534993,23.997846352310887,60,451.8,11.702402299174988,715,-0.5273589286807462
3410,mixtura,packing_C,T06,largo,10,G2,3.87782243991143,0.8984208263754854,0.8539945038329292,True,753,371.9125284490149,102.4669626323782,-0.04294143083534993,23.997846352310887,60,451.8,11.702402299174988,716,-0.3369531520840547
3410,mixtura,packing_C,T06,largo,10,G2,3.87782243991143,0.8984208263754854,0.8539945038329292,True,753,371.9125284490149,102.4669626323782,-0.04294143083534993,23.997846352310887,60,451.8,11.702402299174988,717,-0.33661881922642406
3410,mixtura,packing_C,T06,largo,10,G2,3.87782243991143,0.8984208263754854,0.8539945038329292,True,753,371.9125284490149,102.4669626323782,-0.04294143083534993,23.997846352310887,60,451.8,11.702402299174988,718,-0.3145533023646216
3410,mixtura,packing_C,T06,largo,10,G2,3.87782243991143,0.8984208263754854,0.8539945038329292,True,753,371.9125284490149,102.4669626323782,-0.04294143083534993,23.997846352310887,60,451.8,11.702402299174988,719,-0.013438307233292673
3410,mixtura,packing_C,T06,largo,10,G2,3.87782243991143,0.8984208263754854,0.8539945038329292,True,753,371.9125284490149,102.4669626323782,-0.04294143083534993,23.997846352310887,60,451.8,11.702402299174988,720,-0.1414562904745262
3410,mixtura,packing_C,T06,largo,10,G2,3.87782243991143,0.8984208263754854,0.8539945038329292,True,753,371.9125284490149,102.4669626323782,-0.04294143083534993,23.997846352310887,60,451.8,11.702402299174988,721,0.10552414827869944
3410,mixtura,packing_C,T06,largo,10,G2,3.87782243991143,0.8984208263754854,0.8539945038329292,True,753,371.9125284490149,102.4669626323782,-0.04294143083534993,23.997846352310887,60,451.8,11.702402299174988,722,0.1733899725390735
3410,mixtura,packing_C,T06,largo,10,G2,3.87782243991143,0.8984208263754854,0.8539945038329292,True,753,371.9125284490149,102.4669626323782,-0.04294143083534993,23.997846352310887,60,451.8,11.702402299174988,723,0.37344408010908275
3410,mixtura,packing_C,T06,largo,10,G2,3.87782243991143,0.8984208263754854,0.8539945038329292,True,753,371.9125284490149,102.4669626323782,-0.04294143083534993,23.997846352310887,60,451.8,11.702402299174988,724,0.5406892332463644
3410,mixtura,packing_C,T06,largo,10,G2,3.87782243991143,0.8984208263754854,0.8539945038329292,True,753,371.9125284490149,102.4669626323782,-0.04294143083534993,23.997846352310887,60,451.8,11.702402299174988,725,0.527274231242338
3410,mixtura,packing_C,T06,largo,10,G2,3.87782243991143,0.8984208263754854,0.8539945038329292,True,753,371.9125284490149,102.4669626323782,-0.04294143083534993,23.997846352310887,60,451.8,11.702402299174988,726,0.38594676431900693
3410,mixtura,packing_C,T06,largo,10,G2,3.87782243991143,0.8984208263754854,0.8539945038329292,True,753,371.9125284490149,102.4669626323782,-0.04294143083534993,23.997846352310887,60,451.8,11.702402299174988,727,0.45254078815529103
3410,mixtura,packing_C,T06,largo,10,G2,3.87782243991143,0.8984208263754854,0.8539945038329292,True,753,371.9125284490149,102.4669626323782,-0.04294143083534993,23.997846352310887,60,451.8,11.702402299174988,728,0.19391008224896025
3410,mixtura,packing_C,T06,largo,10,G2,3.87782243991143,0.8984208263754854,0.8539945038329292,True,753,371.9125284490149,102.4669626323782,-0.04294143083534993,23.997846352310887,60,451.8,11.702402299174988,729,0.4650339082624282
3410,mixtura,packing_C,T06,largo,10,G2,3.87782243991143,0.8984208263754854,0.8539945038329292,True,753,371.9125284490149,102.4669626323782,-0.04294143083534993,23.997846352310887,60,451.8,11.702402299174988,730,0.3620443641736202
3410,mixtura,packing_C,T06,largo,10,G2,3.87782243991143,0.8984208263754854,0.8539945038329292,True,753,371.9125284490149,102.4669626323782,-0.04294143083534993,23.997846352310887,60,451.8,11.702402299174988,731,0.29752965513830276
3410,mixtura,packing_C,T06,largo,10,G2,3.87782243991143,0.8984208263754854,0.8539945038329292,True,753,371.9125284490149,102.4669626323782,-0.04294143083534993,23.997846352310887,60,451.8,11.702402299174988,732,0.2206221756192423
3410,mixtura,packing_C,T06,largo,10,G2,3.87782243991143,0.8984208263754854,0.8539945038329292,True,753,371.9125284490149,102.4669626323782,-0.04294143083534993,23.997846352310887,60,451.8,11.702402299174988,733,0.04731864596199009
3410,mixtura,packing_C,T06,largo,10,G2,3.87782243991143,0.8984208263754854,0.8539945038329292,True,753,371.9125284490149,102.4669626323782,-0.04294143083534993,23.997846352310887,60,451.8,11.702402299174988,734,-0.06148841523703856
3410,mixtura,packing_C,T06,largo,10,G2,3.87782243991143,0.8984208263754854,0.8539945038329292,True,753,371.9125284490149,102.4669626323782,-0.04294143083534993,23.997846352310887,60,451.8,11.702402299174988,735,-0.16875757453063578
3410,mixtura,packing_C,T06,largo,10,G2,3.87782243991143,0.8984208263754854,0.8539945038329292,True,753,371.9125284490149,102.4669626323782,-0.04294143083534993,23.997846352310887,60,451.8,11.702402299174988,736,-0.11053691871266771
3410,mixtura,packing_C,T06,largo,10,G2,3.87782243991143,0.8984208263754854,0.8539945038329292,True,753,371.9125284490149,102.4669626323782,-0.04294143083534993,23.997846352310887,60,451.8,11.702402299174988,737,-0.2108827169755821
3410,mixtura,packing_C,T06,largo,10,G2,3.87782243991143,0.8984208263754854,0.8539945038329292,True,753,371.9125284490149,102.4669626323782,-0.04294143083534993,23.997846352310887,60,451.8,11.702402299174988,738,-0.3572590274886341
3410,mixtura,packing_C,T06,largo,10,G2,3.87782243991143,0.8984208263754854,0.8539945038329292,True,753,371.9125284490149,102.4669626323782,-0.04294143083534993,23.997846352310887,60,451.8,11.702402299174988,739,-0.5406216692457542
3410,mixtura,packing_C,T06,largo,10,G2,3.87782243991143,0.8984208263754854,0.8539945038329292,True,753,371.9125284490149,102.4669626323782,-0.04294143083534993,23.997846352310887,60,451.8,11.702402299174988,740,-0.5808500000070844
3410,mixtura,packing_C,T06,largo,10,G2,3.87782243991143,0.8984208263754854,0.8539945038329292,True,753,371.9125284490149,102.4669626323782,-0.04294143083534993,23.997846352310887,60,451.8,11.702402299174988,741,-0.3738587237815336
3410,mixtura,packing_C,T06,largo,10,G2,3.87782243991143,0.8984208263754854,0.8539945038329292,True,753,371.9125284490149,102.4669626323782,-0.04294143083534993,23.997846352310887,60,451.8,11.702402299174988,742,-0.49635190625103515
3410,mixtura,packing_C,T06,largo,10,G2,3.87782243991143,0.8984208263754854,0.8539945038329292,True,753,371.9125284490149,102.4669626323782,-0.04294143083534993,23.997846352310887,60,451.8,11.702402299174988,743,-0.5952832807137622
3410,mixtura,packing_C,T06,largo,10,G2,3.87782243991143,0.8984208263754854,0.8539945038329292,True,753,371.9125284490149,102.4669626323782,-0.04294143083534993,23.997846352310887,60,451.8,11.702402299174988,744,-0.4511973121214255
3410,mixtura,packing_C,T06,largo,10,G2,3.87782243991143,0.8984208263754854,0.8539945038329292,True,753,371.9125284490149,102.4669626323782,-0.04294143083534993,23.997846352310887,60,451.8,11.702402299174988,745,-0.5267958245147065
3410,mixtura,packing_C,T06,largo,10,G2,3.87782243991143,0.8984208263754854,0.8539945038329292,True,753,371.9125284490149,102.4669626323782,-0.04294143083534993,23.997846352310887,60,451.8,11.702402299174988,746,-0.33775575630992033
3410,mixtura,packing_C,T06,largo,10,G2,3.87782243991143,0.8984208263754854,0.8539945038329292,True,753,371.9125284490149,102.4669626323782,-0.04294143083534993,23.997846352310887,60,451.8,11.702402299174988,747,-0.44089166686117764
3410,mixtura,packing_C,T06,largo,10,G2,3.87782243991143,0.8984208263754854,0.8539945038329292,True,753,371.9125284490149,102.4669626323782,-0.04294143083534993,23.997846352310887,60,451.8,11.702402299174988,748,0.04222886561937797
3410,mixtura,packing_C,T06,largo,10,G2,3.87782243991143,0.8984208263754854,0.8539945038329292,True,753,371.9125284490149,102.4669626323782,-0.04294143083534993,23.997846352310887,60,451.8,11.702402299174988,749,-0.15040729138020825
3410,mixtura,packing_C,T06,largo,10,G2,3.87782243991143,0.8984208263754854,0.8539945038329292,True,753,371.9125284490149,102.4669626323782,-0.04294143083534993,23.997846352310887,60,451.8,11.702402299174988,750,-0.03928371314065586
3410,mixtura,packing_C,T06,largo,10,G2,3.87782243991143,0.8984208263754854,0.8539945038329292,True,753,371.9125284490149,102.4669626323782,-0.04294143083534993,23.997846352310887,60,451.8,11.702402299174988,751,-0.1797049024217679
3410,mixtura,packing_C,T06,largo,10,G2,3.87782243991143,0.8984208263754854,0.8539945038329292,True,753,371.9125284490149,102.4669626323782,-0.04294143083534993,23.997846352310887,60,451.8,11.702402299174988,752,0.13363368983525298
