proceso_id,epoca,packing,tunel,tipo_tunel,iteracion,mass_group,masa_ton,ocupabilidad,caudal_factor,anomalia_duracion,duracion_min,duracion_esperada_min,delta_duracion_pct,setpoint,T0,pct_transitorio,t_trans_min,overshoot_pct,tiempo_min,temperatura
3430,mixtura,packing_C,T06,largo,30,G2,3.8408216135426243,0.6010746578107269,0.9626268480197718,True,510,309.36643484758434,64.85304886138078,0.048777311807269755,24.50190701249882,60,306.0,8.4147782637337,0,24.381324916149346
3430,mixtura,packing_C,T06,largo,30,G2,3.8408216135426243,0.6010746578107269,0.9626268480197718,True,510,309.36643484758434,64.85304886138078,0.048777311807269755,24.50190701249882,60,306.0,8.4147782637337,1,24.23360385841809
3430,mixtura,packing_C,T06,largo,30,G2,3.8408216135426243,0.6010746578107269,0.9626268480197718,True,510,309.36643484758434,64.85304886138078,0.048777311807269755,24.50190701249882,60,306.0,8.4147782637337,2,24.20873337736718
3430,mixtura,packing_C,T06,largo,30,G2,3.8408216135426243,0.6010746578107269,0.9626268480197718,True,510,309.36643484758434,64.85304886138078,0.048777311807269755,24.50190701249882,60,306.0,8.4147782637337,3,23.7257647738815
3430,mixtura,packing_C,T06,largo,30,G2,3.8408216135426243,0.6010746578107269,0.9626268480197718,True,510,309.36643484758434,64.85304886138078,0.048777311807269755,24.50190701249882,60,306.0,8.4147782637337,4,23.936806215567152
3430,mixtura,packing_C,T06,largo,30,G2,3.8408216135426243,0.6010746578107269,0.9626268480197718,True,510,309.36643484758434,64.85304886138078,0.048777311807269755,24.50190701249882,60,306.0,8.4147782637337,5,23.596305405749565
3430,mixtura,packing_C,T06,largo,30,G2,3.8408216135426243,0.6010746578107269,0.9626268480197718,True,510,309.36643484758434,64.85304886138078,0.048777311807269755,24.50190701249882,60,306.0,8.4147782637337,6,23.24431819267753
3430,mixtura,packing_C,T06,largo,30,G2,3.8408216135426243,0.6010746578107269,0.9626268480197718,True,510,309.36643484758434,64.85304886138078,0.048777311807269755,24.50190701249882,60,306.0,8.4147782637337,7,23.258396110747096
3430,mixtura,packing_C,T06,largo,30,G2,3.8408216135426243,0.6010746578107269,0.9626268480197718,True,510,309.36643484758434,64.85304886138078,0.048777311807269755,24.50190701249882,60,306.0,8.4147782637337,8,22.668209952018405
3430,mixtura,packing_C,T06,largo,30,G2,3.8408216135426243,0.6010746578107269,0.9626268480197718,True,510,309.36643484758434,64.85304886138078,0.048777311807269755,24.50190701249882,60,306.0,8.4147782637337,9,22.728155586065224
3430,mixtura,packing_C,T06,largo,30,G2,3.8408216135426243,0.6010746578107269,0.9626268480197718,True,510,309.36643484758434,64.85304886138078,0.048777311807269755,24.50190701249882,60,306.0,8.4147782637337,10,22.37452479631208
3430,mixtura,packing_C,T06,largo,30,G2,3.8408216135426243,0.6010746578107269,0.9626268480197718,True,510,309.36643484758434,64.85304886138078,0.048777311807269755,24.50190701249882,60,306.0,8.4147782637337,11,22.240561032415393
3430,mixtura,packing_C,T06,largo,30,G2,3.8408216135426243,0.6010746578107269,0.9626268480197718,True,510,309.36643484758434,64.85304886138078,0.048777311807269755,24.50190701249882,60,306.0,8.4147782637337,12,22.06376998793309
3430,mixtura,packing_C,T06,largo,30,G2,3.8408216135426243,0.6010746578107269,0.9626268480197718,True,510,309.36643484758434,64.85304886138078,0.048777311807269755,24.50190701249882,60,306.0,8.4147782637337,13,21.713891261394064
3430,mixtura,packing_C,T06,largo,30,G2,3.8408216135426243,0.6010746578107269,0.9626268480197718,True,510,309.36643484758434,64.85304886138078,0.048777311807269755,24.50190701249882,60,306.0,8.4147782637337,14,21.577018667521312
3430,mixtura,packing_C,T06,largo,30,G2,3.8408216135426243,0.6010746578107269,0.9626268480197718,True,510,309.36643484758434,64.85304886138078,0.048777311807269755,24.50190701249882,60,306.0,8.4147782637337,15,21.201869117758825
3430,mixtura,packing_C,T06,largo,30,G2,3.8408216135426243,0.6010746578107269,0.9626268480197718,True,510,309.36643484758434,64.85304886138078,0.048777311807269755,24.50190701249882,60,306.0,8.4147782637337,16,20.986815656006655
3430,mixtura,packing_C,T06,largo,30,G2,3.8408216135426243,0.6010746578107269,0.9626268480197718,True,510,309.36643484758434,64.85304886138078,0.048777311807269755,24.50190701249882,60,306.0,8.4147782637337,17,20.65381364311382
3430,mixtura,packing_C,T06,largo,30,G2,3.8408216135426243,0.6010746578107269,0.9626268480197718,True,510,309.36643484758434,64.85304886138078,0.048777311807269755,24.50190701249882,60,306.0,8.4147782637337,18,20.598910835526553
3430,mixtura,packing_C,T06,largo,30,G2,3.8408216135426243,0.6010746578107269,0.9626268480197718,True,510,309.36643484758434,64.85304886138078,0.048777311807269755,24.50190701249882,60,306.0,8.4147782637337,19,20.337782092809864
3430,mixtura,packing_C,T06,largo,30,G2,3.8408216135426243,0.6010746578107269,0.9626268480197718,True,510,309.36643484758434,64.85304886138078,0.048777311807269755,24.50190701249882,60,306.0,8.4147782637337,20,20.149548552493105
3430,mixtura,packing_C,T06,largo,30,G2,3.8408216135426243,0.6010746578107269,0.9626268480197718,True,510,309.36643484758434,64.85304886138078,0.048777311807269755,24.50190701249882,60,306.0,8.4147782637337,21,19.69461052371291
3430,mixtura,packing_C,T06,largo,30,G2,3.8408216135426243,0.6010746578107269,0.9626268480197718,True,510,309.36643484758434,64.85304886138078,0.048777311807269755,24.50190701249882,60,306.0,8.4147782637337,22,19.544726075570658
3430,mixtura,packing_C,T06,largo,30,G2,3.8408216135426243,0.6010746578107269,0.9626268480197718,True,510,309.36643484758434,64.85304886138078,0.048777311807269755,24.50190701249882,60,306.0,8.4147782637337,23,19.15554202313296
3430,mixtura,packing_C,T06,largo,30,G2,3.8408216135426243,0.6010746578107269,0.9626268480197718,True,510,309.36643484758434,64.85304886138078,0.048777311807269755,24.50190701249882,60,306.0,8.4147782637337,24,19.093412704626097
3430,mixtura,packing_C,T06,largo,30,G2,3.8408216135426243,0.6010746578107269,0.9626268480197718,True,510,309.36643484758434,64.85304886138078,0.048777311807269755,24.50190701249882,60,306.0,8.4147782637337,25,18.647582106856497
3430,mixtura,packing_C,T06,largo,30,G2,3.8408216135426243,0.6010746578107269,0.9626268480197718,True,510,309.36643484758434,64.85304886138078,0.048777311807269755,24.50190701249882,60,306.0,8.4147782637337,26,18.363796336407923
3430,mixtura,packing_C,T06,largo,30,G2,3.8408216135426243,0.6010746578107269,0.9626268480197718,True,510,309.36643484758434,64.85304886138078,0.048777311807269755,24.50190701249882,60,306.0,8.4147782637337,27,18.207138971102637
3430,mixtura,packing_C,T06,largo,30,G2,3.8408216135426243,0.6010746578107269,0.9626268480197718,True,510,309.36643484758434,64.85304886138078,0.048777311807269755,24.50190701249882,60,306.0,8.4147782637337,28,17.948111671106883
3430,mixtura,packing_C,T06,largo,30,G2,3.8408216135426243,0.6010746578107269,0.9626268480197718,True,510,309.36643484758434,64.85304886138078,0.048777311807269755,24.50190701249882,60,306.0,8.4147782637337,29,17.714392678552933
3430,mixtura,packing_C,T06,largo,30,G2,3.8408216135426243,0.6010746578107269,0.9626268480197718,True,510,309.36643484758434,64.85304886138078,0.048777311807269755,24.50190701249882,60,306.0,8.4147782637337,30,17.331697052353764
3430,mixtura,packing_C,T06,largo,30,G2,3.8408216135426243,0.6010746578107269,0.9626268480197718,True,510,309.36643484758434,64.85304886138078,0.048777311807269755,24.50190701249882,60,306.0,8.4147782637337,31,17.19353140318504
3430,mixtura,packing_C,T06,largo,30,G2,3.8408216135426243,0.6010746578107269,0.9626268480197718,True,510,309.36643484758434,64.85304886138078,0.048777311807269755,24.50190701249882,60,306.0,8.4147782637337,32,16.755037621032347
3430,mixtura,packing_C,T06,largo,30,G2,3.8408216135426243,0.6010746578107269,0.9626268480197718,True,510,309.36643484758434,64.85304886138078,0.048777311807269755,24.50190701249882,60,306.0,8.4147782637337,33,16.463670761519488
3430,mixtura,packing_C,T06,largo,30,G2,3.8408216135426243,0.6010746578107269,0.9626268480197718,True,510,309.36643484758434,64.85304886138078,0.048777311807269755,24.50190701249882,60,306.0,8.4147782637337,34,16.26831014719198
3430,mixtura,packing_C,T06,largo,30,G2,3.8408216135426243,0.6010746578107269,0.9626268480197718,True,510,309.36643484758434,64.85304886138078,0.048777311807269755,24.50190701249882,60,306.0,8.4147782637337,35,16.246271846020548
3430,mixtura,packing_C,T06,largo,30,G2,3.8408216135426243,0.6010746578107269,0.9626268480197718,True,510,309.36643484758434,64.85304886138078,0.048777311807269755,24.50190701249882,60,306.0,8.4147782637337,36,15.719239682435655
3430,mixtura,packing_C,T06,largo,30,G2,3.8408216135426243,0.6010746578107269,0.9626268480197718,True,510,309.36643484758434,64.85304886138078,0.048777311807269755,24.50190701249882,60,306.0,8.4147782637337,37,15.555444244985067
3430,mixtura,packing_C,T06,largo,30,G2,3.8408216135426243,0.6010746578107269,0.9626268480197718,True,510,309.36643484758434,64.85304886138078,0.048777311807269755,24.50190701249882,60,306.0,8.4147782637337,38,15.129018181157349
3430,mixtura,packing_C,T06,largo,30,G2,3.8408216135426243,0.6010746578107269,0.9626268480197718,True,510,309.36643484758434,64.85304886138078,0.048777311807269755,24.50190701249882,60,306.0,8.4147782637337,39,15.031820544427458
3430,mixtura,packing_C,T06,largo,30,G2,3.8408216135426243,0.6010746578107269,0.9626268480197718,True,510,309.36643484758434,64.85304886138078,0.048777311807269755,24.50190701249882,60,306.0,8.4147782637337,40,14.657225915319287
3430,mixtura,packing_C,T06,largo,30,G2,3.8408216135426243,0.6010746578107269,0.9626268480197718,True,510,309.36643484758434,64.85304886138078,0.048777311807269755,24.50190701249882,60,306.0,8.4147782637337,41,14.396659098059976
3430,mixtura,packing_C,T06,largo,30,G2,3.8408216135426243,0.6010746578107269,0.9626268480197718,True,510,309.36643484758434,64.85304886138078,0.048777311807269755,24.50190701249882,60,306.0,8.4147782637337,42,14.133182416304235
3430,mixtura,packing_C,T06,largo,30,G2,3.8408216135426243,0.6010746578107269,0.9626268480197718,True,510,309.36643484758434,64.85304886138078,0.048777311807269755,24.50190701249882,60,306.0,8.4147782637337,43,13.82730641127186
3430,mixtura,packing_C,T06,largo,30,G2,3.8408216135426243,0.6010746578107269,0.9626268480197718,True,510,309.36643484758434,64.85304886138078,0.048777311807269755,24.50190701249882,60,306.0,8.4147782637337,44,13.648973745026408
3430,mixtura,packing_C,T06,largo,30,G2,3.8408216135426243,0.6010746578107269,0.9626268480197718,True,510,309.36643484758434,64.85304886138078,0.048777311807269755,24.50190701249882,60,306.0,8.4147782637337,45,13.258930230797024
3430,mixtura,packing_C,T06,largo,30,G2,3.8408216135426243,0.6010746578107269,0.9626268480197718,True,510,309.36643484758434,64.85304886138078,0.048777311807269755,24.50190701249882,60,306.0,8.4147782637337,46,13.07497360970497
3430,mixtura,packing_C,T06,largo,30,G2,3.8408216135426243,0.6010746578107269,0.9626268480197718,True,510,309.36643484758434,64.85304886138078,0.048777311807269755,24.50190701249882,60,306.0,8.4147782637337,47,12.749819592176383
3430,mixtura,packing_C,T06,largo,30,G2,3.8408216135426243,0.6010746578107269,0.9626268480197718,True,510,309.36643484758434,64.85304886138078,0.048777311807269755,24.50190701249882,60,306.0,8.4147782637337,48,12.349636432398851
3430,mixtura,packing_C,T06,largo,30,G2,3.8408216135426243,0.6010746578107269,0.9626268480197718,True,510,309.36643484758434,64.85304886138078,0.048777311807269755,24.50190701249882,60,306.0,8.4147782637337,49,12.289932573326695
3430,mixtura,packing_C,T06,largo,30,G2,3.8408216135426243,0.6010746578107269,0.9626268480197718,True,510,309.36643484758434,64.85304886138078,0.048777311807269755,24.50190701249882,60,306.0,8.4147782637337,50,11.833008054800318
3430,mixtura,packing_C,T06,largo,30,G2,3.8408216135426243,0.6010746578107269,0.9626268480197718,True,510,309.36643484758434,64.85304886138078,0.048777311807269755,24.50190701249882,60,306.0,8.4147782637337,51,11.645034095507468
3430,mixtura,packing_C,T06,largo,30,G2,3.8408216135426243,0.6010746578107269,0.9626268480197718,True,510,309.36643484758434,64.85304886138078,0.048777311807269755,24.50190701249882,60,306.0,8.4147782637337,52,11.280582209256844
3430,mixtura,packing_C,T06,largo,30,G2,3.8408216135426243,0.6010746578107269,0.9626268480197718,True,510,309.36643484758434,64.85304886138078,0.048777311807269755,24.50190701249882,60,306.0,8.4147782637337,53,11.209575826174193
3430,mixtura,packing_C,T06,largo,30,G2,3.8408216135426243,0.6010746578107269,0.9626268480197718,True,510,309.36643484758434,64.85304886138078,0.048777311807269755,24.50190701249882,60,306.0,8.4147782637337,54,10.761099761587404
3430,mixtura,packing_C,T06,largo,30,G2,3.8408216135426243,0.6010746578107269,0.9626268480197718,True,510,309.36643484758434,64.85304886138078,0.048777311807269755,24.50190701249882,60,306.0,8.4147782637337,55,10.616532268944255
3430,mixtura,packing_C,T06,largo,30,G2,3.8408216135426243,0.6010746578107269,0.9626268480197718,True,510,309.36643484758434,64.85304886138078,0.048777311807269755,24.50190701249882,60,306.0,8.4147782637337,56,10.21657023461667
3430,mixtura,packing_C,T06,largo,30,G2,3.8408216135426243,0.6010746578107269,0.9626268480197718,True,510,309.36643484758434,64.85304886138078,0.048777311807269755,24.50190701249882,60,306.0,8.4147782637337,57,10.137484959954644
3430,mixtura,packing_C,T06,largo,30,G2,3.8408216135426243,0.6010746578107269,0.9626268480197718,True,510,309.36643484758434,64.85304886138078,0.048777311807269755,24.50190701249882,60,306.0,8.4147782637337,58,9.783110092328858
3430,mixtura,packing_C,T06,largo,30,G2,3.8408216135426243,0.6010746578107269,0.9626268480197718,True,510,309.36643484758434,64.85304886138078,0.048777311807269755,24.50190701249882,60,306.0,8.4147782637337,59,9.535005101984712
3430,mixtura,packing_C,T06,largo,30,G2,3.8408216135426243,0.6010746578107269,0.9626268480197718,True,510,309.36643484758434,64.85304886138078,0.048777311807269755,24.50190701249882,60,306.0,8.4147782637337,60,9.256414572049037
3430,mixtura,packing_C,T06,largo,30,G2,3.8408216135426243,0.6010746578107269,0.9626268480197718,True,510,309.36643484758434,64.85304886138078,0.048777311807269755,24.50190701249882,60,306.0,8.4147782637337,61,9.0079365655042
3430,mixtura,packing_C,T06,largo,30,G2,3.8408216135426243,0.6010746578107269,0.9626268480197718,True,510,309.36643484758434,64.85304886138078,0.048777311807269755,24.50190701249882,60,306.0,8.4147782637337,62,8.750640056823823
3430,mixtura,packing_C,T06,largo,30,G2,3.8408216135426243,0.6010746578107269,0.9626268480197718,True,510,309.36643484758434,64.85304886138078,0.048777311807269755,24.50190701249882,60,306.0,8.4147782637337,63,8.426021216406756
3430,mixtura,packing_C,T06,largo,30,G2,3.8408216135426243,0.6010746578107269,0.9626268480197718,True,510,309.36643484758434,64.85304886138078,0.048777311807269755,24.50190701249882,60,306.0,8.4147782637337,64,8.251077970469185
3430,mixtura,packing_C,T06,largo,30,G2,3.8408216135426243,0.6010746578107269,0.9626268480197718,True,510,309.36643484758434,64.85304886138078,0.048777311807269755,24.50190701249882,60,306.0,8.4147782637337,65,8.108697413552408
3430,mixtura,packing_C,T06,largo,30,G2,3.8408216135426243,0.6010746578107269,0.9626268480197718,True,510,309.36643484758434,64.85304886138078,0.048777311807269755,24.50190701249882,60,306.0,8.4147782637337,66,7.635532992570616
3430,mixtura,packing_C,T06,largo,30,G2,3.8408216135426243,0.6010746578107269,0.9626268480197718,True,510,309.36643484758434,64.85304886138078,0.048777311807269755,24.50190701249882,60,306.0,8.4147782637337,67,7.472437308393503
3430,mixtura,packing_C,T06,largo,30,G2,3.8408216135426243,0.6010746578107269,0.9626268480197718,True,510,309.36643484758434,64.85304886138078,0.048777311807269755,24.50190701249882,60,306.0,8.4147782637337,68,7.12060947020212
3430,mixtura,packing_C,T06,largo,30,G2,3.8408216135426243,0.6010746578107269,0.9626268480197718,True,510,309.36643484758434,64.85304886138078,0.048777311807269755,24.50190701249882,60,306.0,8.4147782637337,69,6.818067396633566
3430,mixtura,packing_C,T06,largo,30,G2,3.8408216135426243,0.6010746578107269,0.9626268480197718,True,510,309.36643484758434,64.85304886138078,0.048777311807269755,24.50190701249882,60,306.0,8.4147782637337,70,6.673444644785334
3430,mixtura,packing_C,T06,largo,30,G2,3.8408216135426243,0.6010746578107269,0.9626268480197718,True,510,309.36643484758434,64.85304886138078,0.048777311807269755,24.50190701249882,60,306.0,8.4147782637337,71,6.551157863565555
3430,mixtura,packing_C,T06,largo,30,G2,3.8408216135426243,0.6010746578107269,0.9626268480197718,True,510,309.36643484758434,64.85304886138078,0.048777311807269755,24.50190701249882,60,306.0,8.4147782637337,72,6.110103905571261
3430,mixtura,packing_C,T06,largo,30,G2,3.8408216135426243,0.6010746578107269,0.9626268480197718,True,510,309.36643484758434,64.85304886138078,0.048777311807269755,24.50190701249882,60,306.0,8.4147782637337,73,5.672937212417567
3430,mixtura,packing_C,T06,largo,30,G2,3.8408216135426243,0.6010746578107269,0.9626268480197718,True,510,309.36643484758434,64.85304886138078,0.048777311807269755,24.50190701249882,60,306.0,8.4147782637337,74,5.682554237080102
3430,mixtura,packing_C,T06,largo,30,G2,3.8408216135426243,0.6010746578107269,0.9626268480197718,True,510,309.36643484758434,64.85304886138078,0.048777311807269755,24.50190701249882,60,306.0,8.4147782637337,75,5.3189219566023365
3430,mixtura,packing_C,T06,largo,30,G2,3.8408216135426243,0.6010746578107269,0.9626268480197718,True,510,309.36643484758434,64.85304886138078,0.048777311807269755,24.50190701249882,60,306.0,8.4147782637337,76,5.194593759194645
3430,mixtura,packing_C,T06,largo,30,G2,3.8408216135426243,0.6010746578107269,0.9626268480197718,True,510,309.36643484758434,64.85304886138078,0.048777311807269755,24.50190701249882,60,306.0,8.4147782637337,77,4.982430217717244
3430,mixtura,packing_C,T06,largo,30,G2,3.8408216135426243,0.6010746578107269,0.9626268480197718,True,510,309.36643484758434,64.85304886138078,0.048777311807269755,24.50190701249882,60,306.0,8.4147782637337,78,4.4770196834712515
3430,mixtura,packing_C,T06,largo,30,G2,3.8408216135426243,0.6010746578107269,0.9626268480197718,True,510,309.36643484758434,64.85304886138078,0.048777311807269755,24.50190701249882,60,306.0,8.4147782637337,79,4.442399002602873
3430,mixtura,packing_C,T06,largo,30,G2,3.8408216135426243,0.6010746578107269,0.9626268480197718,True,510,309.36643484758434,64.85304886138078,0.048777311807269755,24.50190701249882,60,306.0,8.4147782637337,80,3.9766635949860274
3430,mixtura,packing_C,T06,largo,30,G2,3.8408216135426243,0.6010746578107269,0.9626268480197718,True,510,309.36643484758434,64.85304886138078,0.048777311807269755,24.50190701249882,60,306.0,8.4147782637337,81,3.8600185802032287
3430,mixtura,packing_C,T06,largo,30,G2,3.8408216135426243,0.6010746578107269,0.9626268480197718,True,510,309.36643484758434,64.85304886138078,0.048777311807269755,24.50190701249882,60,306.0,8.4147782637337,82,3.792406353432971
3430,mixtura,packing_C,T06,largo,30,G2,3.8408216135426243,0.6010746578107269,0.9626268480197718,True,510,309.36643484758434,64.85304886138078,0.048777311807269755,24.50190701249882,60,306.0,8.4147782637337,83,3.564939594081735
3430,mixtura,packing_C,T06,largo,30,G2,3.8408216135426243,0.6010746578107269,0.9626268480197718,True,510,309.36643484758434,64.85304886138078,0.048777311807269755,24.50190701249882,60,306.0,8.4147782637337,84,3.364124305761173
3430,mixtura,packing_C,T06,largo,30,G2,3.8408216135426243,0.6010746578107269,0.9626268480197718,True,510,309.36643484758434,64.85304886138078,0.048777311807269755,24.50190701249882,60,306.0,8.4147782637337,85,2.9949731501996344
3430,mixtura,packing_C,T06,largo,30,G2,3.8408216135426243,0.6010746578107269,0.9626268480197718,True,510,309.36643484758434,64.85304886138078,0.048777311807269755,24.50190701249882,60,306.0,8.4147782637337,86,2.751207579451544
3430,mixtura,packing_C,T06,largo,30,G2,3.8408216135426243,0.6010746578107269,0.9626268480197718,True,510,309.36643484758434,64.85304886138078,0.048777311807269755,24.50190701249882,60,306.0,8.4147782637337,87,2.5108818285292642
3430,mixtura,packing_C,T06,largo,30,G2,3.8408216135426243,0.6010746578107269,0.9626268480197718,True,510,309.36643484758434,64.85304886138078,0.048777311807269755,24.50190701249882,60,306.0,8.4147782637337,88,2.444027377221949
3430,mixtura,packing_C,T06,largo,30,G2,3.8408216135426243,0.6010746578107269,0.9626268480197718,True,510,309.36643484758434,64.85304886138078,0.048777311807269755,24.50190701249882,60,306.0,8.4147782637337,89,2.073030372612892
3430,mixtura,packing_C,T06,largo,30,G2,3.8408216135426243,0.6010746578107269,0.9626268480197718,True,510,309.36643484758434,64.85304886138078,0.048777311807269755,24.50190701249882,60,306.0,8.4147782637337,90,1.9973421109898086
3430,mixtura,packing_C,T06,largo,30,G2,3.8408216135426243,0.6010746578107269,0.9626268480197718,True,510,309.36643484758434,64.85304886138078,0.048777311807269755,24.50190701249882,60,306.0,8.4147782637337,91,1.818444805073368
3430,mixtura,packing_C,T06,largo,30,G2,3.8408216135426243,0.6010746578107269,0.9626268480197718,True,510,309.36643484758434,64.85304886138078,0.048777311807269755,24.50190701249882,60,306.0,8.4147782637337,92,1.6436375429201386
3430,mixtura,packing_C,T06,largo,30,G2,3.8408216135426243,0.6010746578107269,0.9626268480197718,True,510,309.36643484758434,64.85304886138078,0.048777311807269755,24.50190701249882,60,306.0,8.4147782637337,93,1.3987612289012876
3430,mixtura,packing_C,T06,largo,30,G2,3.8408216135426243,0.6010746578107269,0.9626268480197718,True,510,309.36643484758434,64.85304886138078,0.048777311807269755,24.50190701249882,60,306.0,8.4147782637337,94,0.9348945375803357
3430,mixtura,packing_C,T06,largo,30,G2,3.8408216135426243,0.6010746578107269,0.9626268480197718,True,510,309.36643484758434,64.85304886138078,0.048777311807269755,24.50190701249882,60,306.0,8.4147782637337,95,0.799436504559833
3430,mixtura,packing_C,T06,largo,30,G2,3.8408216135426243,0.6010746578107269,0.9626268480197718,True,510,309.36643484758434,64.85304886138078,0.048777311807269755,24.50190701249882,60,306.0,8.4147782637337,96,0.7676954281450921
3430,mixtura,packing_C,T06,largo,30,G2,3.8408216135426243,0.6010746578107269,0.9626268480197718,True,510,309.36643484758434,64.85304886138078,0.048777311807269755,24.50190701249882,60,306.0,8.4147782637337,97,0.5404825097835261
3430,mixtura,packing_C,T06,largo,30,G2,3.8408216135426243,0.6010746578107269,0.9626268480197718,True,510,309.36643484758434,64.85304886138078,0.048777311807269755,24.50190701249882,60,306.0,8.4147782637337,98,0.2957096172305015
3430,mixtura,packing_C,T06,largo,30,G2,3.8408216135426243,0.6010746578107269,0.9626268480197718,True,510,309.36643484758434,64.85304886138078,0.048777311807269755,24.50190701249882,60,306.0,8.4147782637337,99,0.028118817016936623
3430,mixtura,packing_C,T06,largo,30,G2,3.8408216135426243,0.6010746578107269,0.9626268480197718,True,510,309.36643484758434,64.85304886138078,0.048777311807269755,24.50190701249882,60,306.0,8.4147782637337,100,-0.02945986043940861
3430,mixtura,packing_C,T06,largo,30,G2,3.8408216135426243,0.6010746578107269,0.9626268480197718,True,510,309.36643484758434,64.85304886138078,0.048777311807269755,24.50190701249882,60,306.0,8.4147782637337,101,-0.3132861916891193
3430,mixtura,packing_C,T06,largo,30,G2,3.8408216135426243,0.6010746578107269,0.9626268480197718,True,510,309.36643484758434,64.85304886138078,0.048777311807269755,24.50190701249882,60,306.0,8.4147782637337,102,-0.5293450477630051
3430,mixtura,packing_C,T06,largo,30,G2,3.8408216135426243,0.6010746578107269,0.9626268480197718,True,510,309.36643484758434,64.85304886138078,0.048777311807269755,24.50190701249882,60,306.0,8.4147782637337,103,-0.5897900148567508
3430,mixtura,packing_C,T06,largo,30,G2,3.8408216135426243,0.6010746578107269,0.9626268480197718,True,510,309.36643484758434,64.85304886138078,0.048777311807269755,24.50190701249882,60,306.0,8.4147782637337,104,-0.9369579346002612
3430,mixtura,packing_C,T06,largo,30,G2,3.8408216135426243,0.6010746578107269,0.9626268480197718,True,510,309.36643484758434,64.85304886138078,0.048777311807269755,24.50190701249882,60,306.0,8.4147782637337,105,-1.0704400022899074
3430,mixtura,packing_C,T06,largo,30,G2,3.8408216135426243,0.6010746578107269,0.9626268480197718,True,510,309.36643484758434,64.85304886138078,0.048777311807269755,24.50190701249882,60,306.0,8.4147782637337,106,-1.1383281510533625
3430,mixtura,packing_C,T06,largo,30,G2,3.8408216135426243,0.6010746578107269,0.9626268480197718,True,510,309.36643484758434,64.85304886138078,0.048777311807269755,24.50190701249882,60,306.0,8.4147782637337,107,-1.4639064886986692
3430,mixtura,packing_C,T06,largo,30,G2,3.8408216135426243,0.6010746578107269,0.9626268480197718,True,510,309.36643484758434,64.85304886138078,0.048777311807269755,24.50190701249882,60,306.0,8.4147782637337,108,-1.6575519879569118
3430,mixtura,packing_C,T06,largo,30,G2,3.8408216135426243,0.6010746578107269,0.9626268480197718,True,510,309.36643484758434,64.85304886138078,0.048777311807269755,24.50190701249882,60,306.0,8.4147782637337,109,-1.652669722913385
3430,mixtura,packing_C,T06,largo,30,G2,3.8408216135426243,0.6010746578107269,0.9626268480197718,True,510,309.36643484758434,64.85304886138078,0.048777311807269755,24.50190701249882,60,306.0,8.4147782637337,110,-1.733323793241265
3430,mixtura,packing_C,T06,largo,30,G2,3.8408216135426243,0.6010746578107269,0.9626268480197718,True,510,309.36643484758434,64.85304886138078,0.048777311807269755,24.50190701249882,60,306.0,8.4147782637337,111,-2.2173935283191297
3430,mixtura,packing_C,T06,largo,30,G2,3.8408216135426243,0.6010746578107269,0.9626268480197718,True,510,309.36643484758434,64.85304886138078,0.048777311807269755,24.50190701249882,60,306.0,8.4147782637337,112,-2.192927432141856
3430,mixtura,packing_C,T06,largo,30,G2,3.8408216135426243,0.6010746578107269,0.9626268480197718,True,510,309.36643484758434,64.85304886138078,0.048777311807269755,24.50190701249882,60,306.0,8.4147782637337,113,-2.5134053751262293
3430,mixtura,packing_C,T06,largo,30,G2,3.8408216135426243,0.6010746578107269,0.9626268480197718,True,510,309.36643484758434,64.85304886138078,0.048777311807269755,24.50190701249882,60,306.0,8.4147782637337,114,-2.4933237263686525
3430,mixtura,packing_C,T06,largo,30,G2,3.8408216135426243,0.6010746578107269,0.9626268480197718,True,510,309.36643484758434,64.85304886138078,0.048777311807269755,24.50190701249882,60,306.0,8.4147782637337,115,-2.4543393549386137
3430,mixtura,packing_C,T06,largo,30,G2,3.8408216135426243,0.6010746578107269,0.9626268480197718,True,510,309.36643484758434,64.85304886138078,0.048777311807269755,24.50190701249882,60,306.0,8.4147782637337,116,-2.846157477702326
3430,mixtura,packing_C,T06,largo,30,G2,3.8408216135426243,0.6010746578107269,0.9626268480197718,True,510,309.36643484758434,64.85304886138078,0.048777311807269755,24.50190701249882,60,306.0,8.4147782637337,117,-2.907400721641929
3430,mixtura,packing_C,T06,largo,30,G2,3.8408216135426243,0.6010746578107269,0.9626268480197718,True,510,309.36643484758434,64.85304886138078,0.048777311807269755,24.50190701249882,60,306.0,8.4147782637337,118,-3.186220459974987
3430,mixtura,packing_C,T06,largo,30,G2,3.8408216135426243,0.6010746578107269,0.9626268480197718,True,510,309.36643484758434,64.85304886138078,0.048777311807269755,24.50190701249882,60,306.0,8.4147782637337,119,-3.46062287464336
3430,mixtura,packing_C,T06,largo,30,G2,3.8408216135426243,0.6010746578107269,0.9626268480197718,True,510,309.36643484758434,64.85304886138078,0.048777311807269755,24.50190701249882,60,306.0,8.4147782637337,120,-3.3283937851510794
3430,mixtura,packing_C,T06,largo,30,G2,3.8408216135426243,0.6010746578107269,0.9626268480197718,True,510,309.36643484758434,64.85304886138078,0.048777311807269755,24.50190701249882,60,306.0,8.4147782637337,121,-3.531606528340213
3430,mixtura,packing_C,T06,largo,30,G2,3.8408216135426243,0.6010746578107269,0.9626268480197718,True,510,309.36643484758434,64.85304886138078,0.048777311807269755,24.50190701249882,60,306.0,8.4147782637337,122,-3.6732596640731954
3430,mixtura,packing_C,T06,largo,30,G2,3.8408216135426243,0.6010746578107269,0.9626268480197718,True,510,309.36643484758434,64.85304886138078,0.048777311807269755,24.50190701249882,60,306.0,8.4147782637337,123,-3.762554816707704
3430,mixtura,packing_C,T06,largo,30,G2,3.8408216135426243,0.6010746578107269,0.9626268480197718,True,510,309.36643484758434,64.85304886138078,0.048777311807269755,24.50190701249882,60,306.0,8.4147782637337,124,-3.957428264678755
3430,mixtura,packing_C,T06,largo,30,G2,3.8408216135426243,0.6010746578107269,0.9626268480197718,True,510,309.36643484758434,64.85304886138078,0.048777311807269755,24.50190701249882,60,306.0,8.4147782637337,125,-3.929004199008465
3430,mixtura,packing_C,T06,largo,30,G2,3.8408216135426243,0.6010746578107269,0.9626268480197718,True,510,309.36643484758434,64.85304886138078,0.048777311807269755,24.50190701249882,60,306.0,8.4147782637337,126,-4.063842160739759
3430,mixtura,packing_C,T06,largo,30,G2,3.8408216135426243,0.6010746578107269,0.9626268480197718,True,510,309.36643484758434,64.85304886138078,0.048777311807269755,24.50190701249882,60,306.0,8.4147782637337,127,-4.424699921196086
3430,mixtura,packing_C,T06,largo,30,G2,3.8408216135426243,0.6010746578107269,0.9626268480197718,True,510,309.36643484758434,64.85304886138078,0.048777311807269755,24.50190701249882,60,306.0,8.4147782637337,128,-4.378672065034092
3430,mixtura,packing_C,T06,largo,30,G2,3.8408216135426243,0.6010746578107269,0.9626268480197718,True,510,309.36643484758434,64.85304886138078,0.048777311807269755,24.50190701249882,60,306.0,8.4147782637337,129,-4.512749928326685
3430,mixtura,packing_C,T06,largo,30,G2,3.8408216135426243,0.6010746578107269,0.9626268480197718,True,510,309.36643484758434,64.85304886138078,0.048777311807269755,24.50190701249882,60,306.0,8.4147782637337,130,-4.563497217651561
3430,mixtura,packing_C,T06,largo,30,G2,3.8408216135426243,0.6010746578107269,0.9626268480197718,True,510,309.36643484758434,64.85304886138078,0.048777311807269755,24.50190701249882,60,306.0,8.4147782637337,131,-4.702844954244175
3430,mixtura,packing_C,T06,largo,30,G2,3.8408216135426243,0.6010746578107269,0.9626268480197718,True,510,309.36643484758434,64.85304886138078,0.048777311807269755,24.50190701249882,60,306.0,8.4147782637337,132,-4.787266189061518
3430,mixtura,packing_C,T06,largo,30,G2,3.8408216135426243,0.6010746578107269,0.9626268480197718,True,510,309.36643484758434,64.85304886138078,0.048777311807269755,24.50190701249882,60,306.0,8.4147782637337,133,-4.9305756658945095
3430,mixtura,packing_C,T06,largo,30,G2,3.8408216135426243,0.6010746578107269,0.9626268480197718,True,510,309.36643484758434,64.85304886138078,0.048777311807269755,24.50190701249882,60,306.0,8.4147782637337,134,-5.0360169001129895
3430,mixtura,packing_C,T06,largo,30,G2,3.8408216135426243,0.6010746578107269,0.9626268480197718,True,510,309.36643484758434,64.85304886138078,0.048777311807269755,24.50190701249882,60,306.0,8.4147782637337,135,-5.119406797631662
3430,mixtura,packing_C,T06,largo,30,G2,3.8408216135426243,0.6010746578107269,0.9626268480197718,True,510,309.36643484758434,64.85304886138078,0.048777311807269755,24.50190701249882,60,306.0,8.4147782637337,136,-5.27906958312211
3430,mixtura,packing_C,T06,largo,30,G2,3.8408216135426243,0.6010746578107269,0.9626268480197718,True,510,309.36643484758434,64.85304886138078,0.048777311807269755,24.50190701249882,60,306.0,8.4147782637337,137,-5.136482486046715
3430,mixtura,packing_C,T06,largo,30,G2,3.8408216135426243,0.6010746578107269,0.9626268480197718,True,510,309.36643484758434,64.85304886138078,0.048777311807269755,24.50190701249882,60,306.0,8.4147782637337,138,-5.545574313037983
3430,mixtura,packing_C,T06,largo,30,G2,3.8408216135426243,0.6010746578107269,0.9626268480197718,True,510,309.36643484758434,64.85304886138078,0.048777311807269755,24.50190701249882,60,306.0,8.4147782637337,139,-5.4776718428884275
3430,mixtura,packing_C,T06,largo,30,G2,3.8408216135426243,0.6010746578107269,0.9626268480197718,True,510,309.36643484758434,64.85304886138078,0.048777311807269755,24.50190701249882,60,306.0,8.4147782637337,140,-5.5945352482666335
3430,mixtura,packing_C,T06,largo,30,G2,3.8408216135426243,0.6010746578107269,0.9626268480197718,True,510,309.36643484758434,64.85304886138078,0.048777311807269755,24.50190701249882,60,306.0,8.4147782637337,141,-5.602299754035484
3430,mixtura,packing_C,T06,largo,30,G2,3.8408216135426243,0.6010746578107269,0.9626268480197718,True,510,309.36643484758434,64.85304886138078,0.048777311807269755,24.50190701249882,60,306.0,8.4147782637337,142,-5.664105731684438
3430,mixtura,packing_C,T06,largo,30,G2,3.8408216135426243,0.6010746578107269,0.9626268480197718,True,510,309.36643484758434,64.85304886138078,0.048777311807269755,24.50190701249882,60,306.0,8.4147782637337,143,-5.940846232946146
3430,mixtura,packing_C,T06,largo,30,G2,3.8408216135426243,0.6010746578107269,0.9626268480197718,True,510,309.36643484758434,64.85304886138078,0.048777311807269755,24.50190701249882,60,306.0,8.4147782637337,144,-6.0085914643042235
3430,mixtura,packing_C,T06,largo,30,G2,3.8408216135426243,0.6010746578107269,0.9626268480197718,True,510,309.36643484758434,64.85304886138078,0.048777311807269755,24.50190701249882,60,306.0,8.4147782637337,145,-6.017878337277207
3430,mixtura,packing_C,T06,largo,30,G2,3.8408216135426243,0.6010746578107269,0.9626268480197718,True,510,309.36643484758434,64.85304886138078,0.048777311807269755,24.50190701249882,60,306.0,8.4147782637337,146,-5.994787246534002
3430,mixtura,packing_C,T06,largo,30,G2,3.8408216135426243,0.6010746578107269,0.9626268480197718,True,510,309.36643484758434,64.85304886138078,0.048777311807269755,24.50190701249882,60,306.0,8.4147782637337,147,-5.975363805526797
3430,mixtura,packing_C,T06,largo,30,G2,3.8408216135426243,0.6010746578107269,0.9626268480197718,True,510,309.36643484758434,64.85304886138078,0.048777311807269755,24.50190701249882,60,306.0,8.4147782637337,148,-6.088812865638792
3430,mixtura,packing_C,T06,largo,30,G2,3.8408216135426243,0.6010746578107269,0.9626268480197718,True,510,309.36643484758434,64.85304886138078,0.048777311807269755,24.50190701249882,60,306.0,8.4147782637337,149,-6.234201954725771
3430,mixtura,packing_C,T06,largo,30,G2,3.8408216135426243,0.6010746578107269,0.9626268480197718,True,510,309.36643484758434,64.85304886138078,0.048777311807269755,24.50190701249882,60,306.0,8.4147782637337,150,-6.261163350136089
3430,mixtura,packing_C,T06,largo,30,G2,3.8408216135426243,0.6010746578107269,0.9626268480197718,True,510,309.36643484758434,64.85304886138078,0.048777311807269755,24.50190701249882,60,306.0,8.4147782637337,151,-6.2921492474072425
3430,mixtura,packing_C,T06,largo,30,G2,3.8408216135426243,0.6010746578107269,0.9626268480197718,True,510,309.36643484758434,64.85304886138078,0.048777311807269755,24.50190701249882,60,306.0,8.4147782637337,152,-6.555370863855384
3430,mixtura,packing_C,T06,largo,30,G2,3.8408216135426243,0.6010746578107269,0.9626268480197718,True,510,309.36643484758434,64.85304886138078,0.048777311807269755,24.50190701249882,60,306.0,8.4147782637337,153,-6.335280018662661
3430,mixtura,packing_C,T06,largo,30,G2,3.8408216135426243,0.6010746578107269,0.9626268480197718,True,510,309.36643484758434,64.85304886138078,0.048777311807269755,24.50190701249882,60,306.0,8.4147782637337,154,-6.366462309038162
3430,mixtura,packing_C,T06,largo,30,G2,3.8408216135426243,0.6010746578107269,0.9626268480197718,True,510,309.36643484758434,64.85304886138078,0.048777311807269755,24.50190701249882,60,306.0,8.4147782637337,155,-6.438314067919487
3430,mixtura,packing_C,T06,largo,30,G2,3.8408216135426243,0.6010746578107269,0.9626268480197718,True,510,309.36643484758434,64.85304886138078,0.048777311807269755,24.50190701249882,60,306.0,8.4147782637337,156,-6.806360279677031
3430,mixtura,packing_C,T06,largo,30,G2,3.8408216135426243,0.6010746578107269,0.9626268480197718,True,510,309.36643484758434,64.85304886138078,0.048777311807269755,24.50190701249882,60,306.0,8.4147782637337,157,-6.604311465972776
3430,mixtura,packing_C,T06,largo,30,G2,3.8408216135426243,0.6010746578107269,0.9626268480197718,True,510,309.36643484758434,64.85304886138078,0.048777311807269755,24.50190701249882,60,306.0,8.4147782637337,158,-6.692105214424992
3430,mixtura,packing_C,T06,largo,30,G2,3.8408216135426243,0.6010746578107269,0.9626268480197718,True,510,309.36643484758434,64.85304886138078,0.048777311807269755,24.50190701249882,60,306.0,8.4147782637337,159,-6.687505121886404
3430,mixtura,packing_C,T06,largo,30,G2,3.8408216135426243,0.6010746578107269,0.9626268480197718,True,510,309.36643484758434,64.85304886138078,0.048777311807269755,24.50190701249882,60,306.0,8.4147782637337,160,-6.679583758424608
3430,mixtura,packing_C,T06,largo,30,G2,3.8408216135426243,0.6010746578107269,0.9626268480197718,True,510,309.36643484758434,64.85304886138078,0.048777311807269755,24.50190701249882,60,306.0,8.4147782637337,161,-6.690821084317549
3430,mixtura,packing_C,T06,largo,30,G2,3.8408216135426243,0.6010746578107269,0.9626268480197718,True,510,309.36643484758434,64.85304886138078,0.048777311807269755,24.50190701249882,60,306.0,8.4147782637337,162,-6.784377492522777
3430,mixtura,packing_C,T06,largo,30,G2,3.8408216135426243,0.6010746578107269,0.9626268480197718,True,510,309.36643484758434,64.85304886138078,0.048777311807269755,24.50190701249882,60,306.0,8.4147782637337,163,-6.824610474220374
3430,mixtura,packing_C,T06,largo,30,G2,3.8408216135426243,0.6010746578107269,0.9626268480197718,True,510,309.36643484758434,64.85304886138078,0.048777311807269755,24.50190701249882,60,306.0,8.4147782637337,164,-6.785312809687759
3430,mixtura,packing_C,T06,largo,30,G2,3.8408216135426243,0.6010746578107269,0.9626268480197718,True,510,309.36643484758434,64.85304886138078,0.048777311807269755,24.50190701249882,60,306.0,8.4147782637337,165,-6.88755411930307
3430,mixtura,packing_C,T06,largo,30,G2,3.8408216135426243,0.6010746578107269,0.9626268480197718,True,510,309.36643484758434,64.85304886138078,0.048777311807269755,24.50190701249882,60,306.0,8.4147782637337,166,-6.957442399769003
3430,mixtura,packing_C,T06,largo,30,G2,3.8408216135426243,0.6010746578107269,0.9626268480197718,True,510,309.36643484758434,64.85304886138078,0.048777311807269755,24.50190701249882,60,306.0,8.4147782637337,167,-7.022866481625892
3430,mixtura,packing_C,T06,largo,30,G2,3.8408216135426243,0.6010746578107269,0.9626268480197718,True,510,309.36643484758434,64.85304886138078,0.048777311807269755,24.50190701249882,60,306.0,8.4147782637337,168,-6.988429889130768
3430,mixtura,packing_C,T06,largo,30,G2,3.8408216135426243,0.6010746578107269,0.9626268480197718,True,510,309.36643484758434,64.85304886138078,0.048777311807269755,24.50190701249882,60,306.0,8.4147782637337,169,-6.831674789132729
3430,mixtura,packing_C,T06,largo,30,G2,3.8408216135426243,0.6010746578107269,0.9626268480197718,True,510,309.36643484758434,64.85304886138078,0.048777311807269755,24.50190701249882,60,306.0,8.4147782637337,170,-6.924666579989932
3430,mixtura,packing_C,T06,largo,30,G2,3.8408216135426243,0.6010746578107269,0.9626268480197718,True,510,309.36643484758434,64.85304886138078,0.048777311807269755,24.50190701249882,60,306.0,8.4147782637337,171,-7.164784447417133
3430,mixtura,packing_C,T06,largo,30,G2,3.8408216135426243,0.6010746578107269,0.9626268480197718,True,510,309.36643484758434,64.85304886138078,0.048777311807269755,24.50190701249882,60,306.0,8.4147782637337,172,-7.111941108827713
3430,mixtura,packing_C,T06,largo,30,G2,3.8408216135426243,0.6010746578107269,0.9626268480197718,True,510,309.36643484758434,64.85304886138078,0.048777311807269755,24.50190701249882,60,306.0,8.4147782637337,173,-6.882607839042381
3430,mixtura,packing_C,T06,largo,30,G2,3.8408216135426243,0.6010746578107269,0.9626268480197718,True,510,309.36643484758434,64.85304886138078,0.048777311807269755,24.50190701249882,60,306.0,8.4147782637337,174,-7.0427881769444465
3430,mixtura,packing_C,T06,largo,30,G2,3.8408216135426243,0.6010746578107269,0.9626268480197718,True,510,309.36643484758434,64.85304886138078,0.048777311807269755,24.50190701249882,60,306.0,8.4147782637337,175,-6.883837564043842
3430,mixtura,packing_C,T06,largo,30,G2,3.8408216135426243,0.6010746578107269,0.9626268480197718,True,510,309.36643484758434,64.85304886138078,0.048777311807269755,24.50190701249882,60,306.0,8.4147782637337,176,-7.154081049446157
3430,mixtura,packing_C,T06,largo,30,G2,3.8408216135426243,0.6010746578107269,0.9626268480197718,True,510,309.36643484758434,64.85304886138078,0.048777311807269755,24.50190701249882,60,306.0,8.4147782637337,177,-7.155105289953383
3430,mixtura,packing_C,T06,largo,30,G2,3.8408216135426243,0.6010746578107269,0.9626268480197718,True,510,309.36643484758434,64.85304886138078,0.048777311807269755,24.50190701249882,60,306.0,8.4147782637337,178,-7.008743818815546
3430,mixtura,packing_C,T06,largo,30,G2,3.8408216135426243,0.6010746578107269,0.9626268480197718,True,510,309.36643484758434,64.85304886138078,0.048777311807269755,24.50190701249882,60,306.0,8.4147782637337,179,-6.980085246803396
3430,mixtura,packing_C,T06,largo,30,G2,3.8408216135426243,0.6010746578107269,0.9626268480197718,True,510,309.36643484758434,64.85304886138078,0.048777311807269755,24.50190701249882,60,306.0,8.4147782637337,180,-6.965506345059004
3430,mixtura,packing_C,T06,largo,30,G2,3.8408216135426243,0.6010746578107269,0.9626268480197718,True,510,309.36643484758434,64.85304886138078,0.048777311807269755,24.50190701249882,60,306.0,8.4147782637337,181,-6.9234186228510355
3430,mixtura,packing_C,T06,largo,30,G2,3.8408216135426243,0.6010746578107269,0.9626268480197718,True,510,309.36643484758434,64.85304886138078,0.048777311807269755,24.50190701249882,60,306.0,8.4147782637337,182,-6.839882764764997
3430,mixtura,packing_C,T06,largo,30,G2,3.8408216135426243,0.6010746578107269,0.9626268480197718,True,510,309.36643484758434,64.85304886138078,0.048777311807269755,24.50190701249882,60,306.0,8.4147782637337,183,-6.930983712569051
3430,mixtura,packing_C,T06,largo,30,G2,3.8408216135426243,0.6010746578107269,0.9626268480197718,True,510,309.36643484758434,64.85304886138078,0.048777311807269755,24.50190701249882,60,306.0,8.4147782637337,184,-6.970759945580667
3430,mixtura,packing_C,T06,largo,30,G2,3.8408216135426243,0.6010746578107269,0.9626268480197718,True,510,309.36643484758434,64.85304886138078,0.048777311807269755,24.50190701249882,60,306.0,8.4147782637337,185,-6.9832843254145915
3430,mixtura,packing_C,T06,largo,30,G2,3.8408216135426243,0.6010746578107269,0.9626268480197718,True,510,309.36643484758434,64.85304886138078,0.048777311807269755,24.50190701249882,60,306.0,8.4147782637337,186,-7.015073638740856
3430,mixtura,packing_C,T06,largo,30,G2,3.8408216135426243,0.6010746578107269,0.9626268480197718,True,510,309.36643484758434,64.85304886138078,0.048777311807269755,24.50190701249882,60,306.0,8.4147782637337,187,-6.924414828705099
3430,mixtura,packing_C,T06,largo,30,G2,3.8408216135426243,0.6010746578107269,0.9626268480197718,True,510,309.36643484758434,64.85304886138078,0.048777311807269755,24.50190701249882,60,306.0,8.4147782637337,188,-6.95355046175411
3430,mixtura,packing_C,T06,largo,30,G2,3.8408216135426243,0.6010746578107269,0.9626268480197718,True,510,309.36643484758434,64.85304886138078,0.048777311807269755,24.50190701249882,60,306.0,8.4147782637337,189,-6.8161534020325
3430,mixtura,packing_C,T06,largo,30,G2,3.8408216135426243,0.6010746578107269,0.9626268480197718,True,510,309.36643484758434,64.85304886138078,0.048777311807269755,24.50190701249882,60,306.0,8.4147782637337,190,-6.979881344374622
3430,mixtura,packing_C,T06,largo,30,G2,3.8408216135426243,0.6010746578107269,0.9626268480197718,True,510,309.36643484758434,64.85304886138078,0.048777311807269755,24.50190701249882,60,306.0,8.4147782637337,191,-6.973399279739865
3430,mixtura,packing_C,T06,largo,30,G2,3.8408216135426243,0.6010746578107269,0.9626268480197718,True,510,309.36643484758434,64.85304886138078,0.048777311807269755,24.50190701249882,60,306.0,8.4147782637337,192,-7.064481889620929
3430,mixtura,packing_C,T06,largo,30,G2,3.8408216135426243,0.6010746578107269,0.9626268480197718,True,510,309.36643484758434,64.85304886138078,0.048777311807269755,24.50190701249882,60,306.0,8.4147782637337,193,-6.73493356225573
3430,mixtura,packing_C,T06,largo,30,G2,3.8408216135426243,0.6010746578107269,0.9626268480197718,True,510,309.36643484758434,64.85304886138078,0.048777311807269755,24.50190701249882,60,306.0,8.4147782637337,194,-6.807292328900846
3430,mixtura,packing_C,T06,largo,30,G2,3.8408216135426243,0.6010746578107269,0.9626268480197718,True,510,309.36643484758434,64.85304886138078,0.048777311807269755,24.50190701249882,60,306.0,8.4147782637337,195,-6.766335110207864
3430,mixtura,packing_C,T06,largo,30,G2,3.8408216135426243,0.6010746578107269,0.9626268480197718,True,510,309.36643484758434,64.85304886138078,0.048777311807269755,24.50190701249882,60,306.0,8.4147782637337,196,-6.703524087063087
3430,mixtura,packing_C,T06,largo,30,G2,3.8408216135426243,0.6010746578107269,0.9626268480197718,True,510,309.36643484758434,64.85304886138078,0.048777311807269755,24.50190701249882,60,306.0,8.4147782637337,197,-6.732144514571278
3430,mixtura,packing_C,T06,largo,30,G2,3.8408216135426243,0.6010746578107269,0.9626268480197718,True,510,309.36643484758434,64.85304886138078,0.048777311807269755,24.50190701249882,60,306.0,8.4147782637337,198,-6.564417860276227
3430,mixtura,packing_C,T06,largo,30,G2,3.8408216135426243,0.6010746578107269,0.9626268480197718,True,510,309.36643484758434,64.85304886138078,0.048777311807269755,24.50190701249882,60,306.0,8.4147782637337,199,-6.639889711151379
3430,mixtura,packing_C,T06,largo,30,G2,3.8408216135426243,0.6010746578107269,0.9626268480197718,True,510,309.36643484758434,64.85304886138078,0.048777311807269755,24.50190701249882,60,306.0,8.4147782637337,200,-6.49512225779989
3430,mixtura,packing_C,T06,largo,30,G2,3.8408216135426243,0.6010746578107269,0.9626268480197718,True,510,309.36643484758434,64.85304886138078,0.048777311807269755,24.50190701249882,60,306.0,8.4147782637337,201,-6.477679289970144
3430,mixtura,packing_C,T06,largo,30,G2,3.8408216135426243,0.6010746578107269,0.9626268480197718,True,510,309.36643484758434,64.85304886138078,0.048777311807269755,24.50190701249882,60,306.0,8.4147782637337,202,-6.591479869422634
3430,mixtura,packing_C,T06,largo,30,G2,3.8408216135426243,0.6010746578107269,0.9626268480197718,True,510,309.36643484758434,64.85304886138078,0.048777311807269755,24.50190701249882,60,306.0,8.4147782637337,203,-6.425920603824703
3430,mixtura,packing_C,T06,largo,30,G2,3.8408216135426243,0.6010746578107269,0.9626268480197718,True,510,309.36643484758434,64.85304886138078,0.048777311807269755,24.50190701249882,60,306.0,8.4147782637337,204,-6.402785757142769
3430,mixtura,packing_C,T06,largo,30,G2,3.8408216135426243,0.6010746578107269,0.9626268480197718,True,510,309.36643484758434,64.85304886138078,0.048777311807269755,24.50190701249882,60,306.0,8.4147782637337,205,-6.424718761126646
3430,mixtura,packing_C,T06,largo,30,G2,3.8408216135426243,0.6010746578107269,0.9626268480197718,True,510,309.36643484758434,64.85304886138078,0.048777311807269755,24.50190701249882,60,306.0,8.4147782637337,206,-6.471763605965187
3430,mixtura,packing_C,T06,largo,30,G2,3.8408216135426243,0.6010746578107269,0.9626268480197718,True,510,309.36643484758434,64.85304886138078,0.048777311807269755,24.50190701249882,60,306.0,8.4147782637337,207,-6.138237850447589
3430,mixtura,packing_C,T06,largo,30,G2,3.8408216135426243,0.6010746578107269,0.9626268480197718,True,510,309.36643484758434,64.85304886138078,0.048777311807269755,24.50190701249882,60,306.0,8.4147782637337,208,-6.1410890805862355
3430,mixtura,packing_C,T06,largo,30,G2,3.8408216135426243,0.6010746578107269,0.9626268480197718,True,510,309.36643484758434,64.85304886138078,0.048777311807269755,24.50190701249882,60,306.0,8.4147782637337,209,-6.0884744967752304
3430,mixtura,packing_C,T06,largo,30,G2,3.8408216135426243,0.6010746578107269,0.9626268480197718,True,510,309.36643484758434,64.85304886138078,0.048777311807269755,24.50190701249882,60,306.0,8.4147782637337,210,-6.294434050432008
3430,mixtura,packing_C,T06,largo,30,G2,3.8408216135426243,0.6010746578107269,0.9626268480197718,True,510,309.36643484758434,64.85304886138078,0.048777311807269755,24.50190701249882,60,306.0,8.4147782637337,211,-6.117541516369123
3430,mixtura,packing_C,T06,largo,30,G2,3.8408216135426243,0.6010746578107269,0.9626268480197718,True,510,309.36643484758434,64.85304886138078,0.048777311807269755,24.50190701249882,60,306.0,8.4147782637337,212,-5.995736140310824
3430,mixtura,packing_C,T06,largo,30,G2,3.8408216135426243,0.6010746578107269,0.9626268480197718,True,510,309.36643484758434,64.85304886138078,0.048777311807269755,24.50190701249882,60,306.0,8.4147782637337,213,-6.119778094590041
3430,mixtura,packing_C,T06,largo,30,G2,3.8408216135426243,0.6010746578107269,0.9626268480197718,True,510,309.36643484758434,64.85304886138078,0.048777311807269755,24.50190701249882,60,306.0,8.4147782637337,214,-6.024480453457653
3430,mixtura,packing_C,T06,largo,30,G2,3.8408216135426243,0.6010746578107269,0.9626268480197718,True,510,309.36643484758434,64.85304886138078,0.048777311807269755,24.50190701249882,60,306.0,8.4147782637337,215,-5.828135658897003
3430,mixtura,packing_C,T06,largo,30,G2,3.8408216135426243,0.6010746578107269,0.9626268480197718,True,510,309.36643484758434,64.85304886138078,0.048777311807269755,24.50190701249882,60,306.0,8.4147782637337,216,-5.825476332107726
3430,mixtura,packing_C,T06,largo,30,G2,3.8408216135426243,0.6010746578107269,0.9626268480197718,True,510,309.36643484758434,64.85304886138078,0.048777311807269755,24.50190701249882,60,306.0,8.4147782637337,217,-5.710668832906261
3430,mixtura,packing_C,T06,largo,30,G2,3.8408216135426243,0.6010746578107269,0.9626268480197718,True,510,309.36643484758434,64.85304886138078,0.048777311807269755,24.50190701249882,60,306.0,8.4147782637337,218,-5.762248406497464
3430,mixtura,packing_C,T06,largo,30,G2,3.8408216135426243,0.6010746578107269,0.9626268480197718,True,510,309.36643484758434,64.85304886138078,0.048777311807269755,24.50190701249882,60,306.0,8.4147782637337,219,-5.762361829593966
3430,mixtura,packing_C,T06,largo,30,G2,3.8408216135426243,0.6010746578107269,0.9626268480197718,True,510,309.36643484758434,64.85304886138078,0.048777311807269755,24.50190701249882,60,306.0,8.4147782637337,220,-5.640212936027162
3430,mixtura,packing_C,T06,largo,30,G2,3.8408216135426243,0.6010746578107269,0.9626268480197718,True,510,309.36643484758434,64.85304886138078,0.048777311807269755,24.50190701249882,60,306.0,8.4147782637337,221,-5.530289225508676
3430,mixtura,packing_C,T06,largo,30,G2,3.8408216135426243,0.6010746578107269,0.9626268480197718,True,510,309.36643484758434,64.85304886138078,0.048777311807269755,24.50190701249882,60,306.0,8.4147782637337,222,-5.582529438224845
3430,mixtura,packing_C,T06,largo,30,G2,3.8408216135426243,0.6010746578107269,0.9626268480197718,True,510,309.36643484758434,64.85304886138078,0.048777311807269755,24.50190701249882,60,306.0,8.4147782637337,223,-5.369630765028123
3430,mixtura,packing_C,T06,largo,30,G2,3.8408216135426243,0.6010746578107269,0.9626268480197718,True,510,309.36643484758434,64.85304886138078,0.048777311807269755,24.50190701249882,60,306.0,8.4147782637337,224,-5.556684407358719
3430,mixtura,packing_C,T06,largo,30,G2,3.8408216135426243,0.6010746578107269,0.9626268480197718,True,510,309.36643484758434,64.85304886138078,0.048777311807269755,24.50190701249882,60,306.0,8.4147782637337,225,-5.235429280566645
3430,mixtura,packing_C,T06,largo,30,G2,3.8408216135426243,0.6010746578107269,0.9626268480197718,True,510,309.36643484758434,64.85304886138078,0.048777311807269755,24.50190701249882,60,306.0,8.4147782637337,226,-5.231253193518007
3430,mixtura,packing_C,T06,largo,30,G2,3.8408216135426243,0.6010746578107269,0.9626268480197718,True,510,309.36643484758434,64.85304886138078,0.048777311807269755,24.50190701249882,60,306.0,8.4147782637337,227,-5.238018062700945
3430,mixtura,packing_C,T06,largo,30,G2,3.8408216135426243,0.6010746578107269,0.9626268480197718,True,510,309.36643484758434,64.85304886138078,0.048777311807269755,24.50190701249882,60,306.0,8.4147782637337,228,-5.165974680167323
3430,mixtura,packing_C,T06,largo,30,G2,3.8408216135426243,0.6010746578107269,0.9626268480197718,True,510,309.36643484758434,64.85304886138078,0.048777311807269755,24.50190701249882,60,306.0,8.4147782637337,229,-5.064696765821952
3430,mixtura,packing_C,T06,largo,30,G2,3.8408216135426243,0.6010746578107269,0.9626268480197718,True,510,309.36643484758434,64.85304886138078,0.048777311807269755,24.50190701249882,60,306.0,8.4147782637337,230,-4.845330015146915
3430,mixtura,packing_C,T06,largo,30,G2,3.8408216135426243,0.6010746578107269,0.9626268480197718,True,510,309.36643484758434,64.85304886138078,0.048777311807269755,24.50190701249882,60,306.0,8.4147782637337,231,-5.079264740649272
3430,mixtura,packing_C,T06,largo,30,G2,3.8408216135426243,0.6010746578107269,0.9626268480197718,True,510,309.36643484758434,64.85304886138078,0.048777311807269755,24.50190701249882,60,306.0,8.4147782637337,232,-4.7025694881320685
3430,mixtura,packing_C,T06,largo,30,G2,3.8408216135426243,0.6010746578107269,0.9626268480197718,True,510,309.36643484758434,64.85304886138078,0.048777311807269755,24.50190701249882,60,306.0,8.4147782637337,233,-4.642678548452993
3430,mixtura,packing_C,T06,largo,30,G2,3.8408216135426243,0.6010746578107269,0.9626268480197718,True,510,309.36643484758434,64.85304886138078,0.048777311807269755,24.50190701249882,60,306.0,8.4147782637337,234,-4.925648958863761
3430,mixtura,packing_C,T06,largo,30,G2,3.8408216135426243,0.6010746578107269,0.9626268480197718,True,510,309.36643484758434,64.85304886138078,0.048777311807269755,24.50190701249882,60,306.0,8.4147782637337,235,-4.5799542963060285
3430,mixtura,packing_C,T06,largo,30,G2,3.8408216135426243,0.6010746578107269,0.9626268480197718,True,510,309.36643484758434,64.85304886138078,0.048777311807269755,24.50190701249882,60,306.0,8.4147782637337,236,-4.512702960505078
3430,mixtura,packing_C,T06,largo,30,G2,3.8408216135426243,0.6010746578107269,0.9626268480197718,True,510,309.36643484758434,64.85304886138078,0.048777311807269755,24.50190701249882,60,306.0,8.4147782637337,237,-4.733470757571521
3430,mixtura,packing_C,T06,largo,30,G2,3.8408216135426243,0.6010746578107269,0.9626268480197718,True,510,309.36643484758434,64.85304886138078,0.048777311807269755,24.50190701249882,60,306.0,8.4147782637337,238,-4.362505256178674
3430,mixtura,packing_C,T06,largo,30,G2,3.8408216135426243,0.6010746578107269,0.9626268480197718,True,510,309.36643484758434,64.85304886138078,0.048777311807269755,24.50190701249882,60,306.0,8.4147782637337,239,-4.443773810713792
3430,mixtura,packing_C,T06,largo,30,G2,3.8408216135426243,0.6010746578107269,0.9626268480197718,True,510,309.36643484758434,64.85304886138078,0.048777311807269755,24.50190701249882,60,306.0,8.4147782637337,240,-4.3811384613407265
3430,mixtura,packing_C,T06,largo,30,G2,3.8408216135426243,0.6010746578107269,0.9626268480197718,True,510,309.36643484758434,64.85304886138078,0.048777311807269755,24.50190701249882,60,306.0,8.4147782637337,241,-4.333705724076607
3430,mixtura,packing_C,T06,largo,30,G2,3.8408216135426243,0.6010746578107269,0.9626268480197718,True,510,309.36643484758434,64.85304886138078,0.048777311807269755,24.50190701249882,60,306.0,8.4147782637337,242,-4.233106989788559
3430,mixtura,packing_C,T06,largo,30,G2,3.8408216135426243,0.6010746578107269,0.9626268480197718,True,510,309.36643484758434,64.85304886138078,0.048777311807269755,24.50190701249882,60,306.0,8.4147782637337,243,-4.184701310856886
3430,mixtura,packing_C,T06,largo,30,G2,3.8408216135426243,0.6010746578107269,0.9626268480197718,True,510,309.36643484758434,64.85304886138078,0.048777311807269755,24.50190701249882,60,306.0,8.4147782637337,244,-3.9847757558544834
3430,mixtura,packing_C,T06,largo,30,G2,3.8408216135426243,0.6010746578107269,0.9626268480197718,True,510,309.36643484758434,64.85304886138078,0.048777311807269755,24.50190701249882,60,306.0,8.4147782637337,245,-4.048614401828038
3430,mixtura,packing_C,T06,largo,30,G2,3.8408216135426243,0.6010746578107269,0.9626268480197718,True,510,309.36643484758434,64.85304886138078,0.048777311807269755,24.50190701249882,60,306.0,8.4147782637337,246,-3.997287960390229
3430,mixtura,packing_C,T06,largo,30,G2,3.8408216135426243,0.6010746578107269,0.9626268480197718,True,510,309.36643484758434,64.85304886138078,0.048777311807269755,24.50190701249882,60,306.0,8.4147782637337,247,-3.7407018271792167
3430,mixtura,packing_C,T06,largo,30,G2,3.8408216135426243,0.6010746578107269,0.9626268480197718,True,510,309.36643484758434,64.85304886138078,0.048777311807269755,24.50190701249882,60,306.0,8.4147782637337,248,-3.9211449644459524
3430,mixtura,packing_C,T06,largo,30,G2,3.8408216135426243,0.6010746578107269,0.9626268480197718,True,510,309.36643484758434,64.85304886138078,0.048777311807269755,24.50190701249882,60,306.0,8.4147782637337,249,-3.6588899097939898
3430,mixtura,packing_C,T06,largo,30,G2,3.8408216135426243,0.6010746578107269,0.9626268480197718,True,510,309.36643484758434,64.85304886138078,0.048777311807269755,24.50190701249882,60,306.0,8.4147782637337,250,-3.5512063781770715
3430,mixtura,packing_C,T06,largo,30,G2,3.8408216135426243,0.6010746578107269,0.9626268480197718,True,510,309.36643484758434,64.85304886138078,0.048777311807269755,24.50190701249882,60,306.0,8.4147782637337,251,-3.4363432172980497
3430,mixtura,packing_C,T06,largo,30,G2,3.8408216135426243,0.6010746578107269,0.9626268480197718,True,510,309.36643484758434,64.85304886138078,0.048777311807269755,24.50190701249882,60,306.0,8.4147782637337,252,-3.3847898396659386
3430,mixtura,packing_C,T06,largo,30,G2,3.8408216135426243,0.6010746578107269,0.9626268480197718,True,510,309.36643484758434,64.85304886138078,0.048777311807269755,24.50190701249882,60,306.0,8.4147782637337,253,-3.293339614347654
3430,mixtura,packing_C,T06,largo,30,G2,3.8408216135426243,0.6010746578107269,0.9626268480197718,True,510,309.36643484758434,64.85304886138078,0.048777311807269755,24.50190701249882,60,306.0,8.4147782637337,254,-3.1999573447370753
3430,mixtura,packing_C,T06,largo,30,G2,3.8408216135426243,0.6010746578107269,0.9626268480197718,True,510,309.36643484758434,64.85304886138078,0.048777311807269755,24.50190701249882,60,306.0,8.4147782637337,255,-3.355766264860641
3430,mixtura,packing_C,T06,largo,30,G2,3.8408216135426243,0.6010746578107269,0.9626268480197718,True,510,309.36643484758434,64.85304886138078,0.048777311807269755,24.50190701249882,60,306.0,8.4147782637337,256,-3.177495957402918
3430,mixtura,packing_C,T06,largo,30,G2,3.8408216135426243,0.6010746578107269,0.9626268480197718,True,510,309.36643484758434,64.85304886138078,0.048777311807269755,24.50190701249882,60,306.0,8.4147782637337,257,-3.1915299680608884
3430,mixtura,packing_C,T06,largo,30,G2,3.8408216135426243,0.6010746578107269,0.9626268480197718,True,510,309.36643484758434,64.85304886138078,0.048777311807269755,24.50190701249882,60,306.0,8.4147782637337,258,-3.1355289511188356
3430,mixtura,packing_C,T06,largo,30,G2,3.8408216135426243,0.6010746578107269,0.9626268480197718,True,510,309.36643484758434,64.85304886138078,0.048777311807269755,24.50190701249882,60,306.0,8.4147782637337,259,-3.0333388198855884
3430,mixtura,packing_C,T06,largo,30,G2,3.8408216135426243,0.6010746578107269,0.9626268480197718,True,510,309.36643484758434,64.85304886138078,0.048777311807269755,24.50190701249882,60,306.0,8.4147782637337,260,-3.011603637145139
3430,mixtura,packing_C,T06,largo,30,G2,3.8408216135426243,0.6010746578107269,0.9626268480197718,True,510,309.36643484758434,64.85304886138078,0.048777311807269755,24.50190701249882,60,306.0,8.4147782637337,261,-3.0785049820487447
3430,mixtura,packing_C,T06,largo,30,G2,3.8408216135426243,0.6010746578107269,0.9626268480197718,True,510,309.36643484758434,64.85304886138078,0.048777311807269755,24.50190701249882,60,306.0,8.4147782637337,262,-2.7492636248353923
3430,mixtura,packing_C,T06,largo,30,G2,3.8408216135426243,0.6010746578107269,0.9626268480197718,True,510,309.36643484758434,64.85304886138078,0.048777311807269755,24.50190701249882,60,306.0,8.4147782637337,263,-2.692998584989973
3430,mixtura,packing_C,T06,largo,30,G2,3.8408216135426243,0.6010746578107269,0.9626268480197718,True,510,309.36643484758434,64.85304886138078,0.048777311807269755,24.50190701249882,60,306.0,8.4147782637337,264,-2.6987019328728854
3430,mixtura,packing_C,T06,largo,30,G2,3.8408216135426243,0.6010746578107269,0.9626268480197718,True,510,309.36643484758434,64.85304886138078,0.048777311807269755,24.50190701249882,60,306.0,8.4147782637337,265,-2.5624064691870396
3430,mixtura,packing_C,T06,largo,30,G2,3.8408216135426243,0.6010746578107269,0.9626268480197718,True,510,309.36643484758434,64.85304886138078,0.048777311807269755,24.50190701249882,60,306.0,8.4147782637337,266,-2.4623536284683274
3430,mixtura,packing_C,T06,largo,30,G2,3.8408216135426243,0.6010746578107269,0.9626268480197718,True,510,309.36643484758434,64.85304886138078,0.048777311807269755,24.50190701249882,60,306.0,8.4147782637337,267,-2.778358684885766
3430,mixtura,packing_C,T06,largo,30,G2,3.8408216135426243,0.6010746578107269,0.9626268480197718,True,510,309.36643484758434,64.85304886138078,0.048777311807269755,24.50190701249882,60,306.0,8.4147782637337,268,-2.442369566057707
3430,mixtura,packing_C,T06,largo,30,G2,3.8408216135426243,0.6010746578107269,0.9626268480197718,True,510,309.36643484758434,64.85304886138078,0.048777311807269755,24.50190701249882,60,306.0,8.4147782637337,269,-2.242575714073089
3430,mixtura,packing_C,T06,largo,30,G2,3.8408216135426243,0.6010746578107269,0.9626268480197718,True,510,309.36643484758434,64.85304886138078,0.048777311807269755,24.50190701249882,60,306.0,8.4147782637337,270,-2.2591859145675715
3430,mixtura,packing_C,T06,largo,30,G2,3.8408216135426243,0.6010746578107269,0.9626268480197718,True,510,309.36643484758434,64.85304886138078,0.048777311807269755,24.50190701249882,60,306.0,8.4147782637337,271,-2.314643708254525
3430,mixtura,packing_C,T06,largo,30,G2,3.8408216135426243,0.6010746578107269,0.9626268480197718,True,510,309.36643484758434,64.85304886138078,0.048777311807269755,24.50190701249882,60,306.0,8.4147782637337,272,-2.166951786321916
3430,mixtura,packing_C,T06,largo,30,G2,3.8408216135426243,0.6010746578107269,0.9626268480197718,True,510,309.36643484758434,64.85304886138078,0.048777311807269755,24.50190701249882,60,306.0,8.4147782637337,273,-1.998720482584686
3430,mixtura,packing_C,T06,largo,30,G2,3.8408216135426243,0.6010746578107269,0.9626268480197718,True,510,309.36643484758434,64.85304886138078,0.048777311807269755,24.50190701249882,60,306.0,8.4147782637337,274,-2.0370141753592965
3430,mixtura,packing_C,T06,largo,30,G2,3.8408216135426243,0.6010746578107269,0.9626268480197718,True,510,309.36643484758434,64.85304886138078,0.048777311807269755,24.50190701249882,60,306.0,8.4147782637337,275,-1.89427052625907
3430,mixtura,packing_C,T06,largo,30,G2,3.8408216135426243,0.6010746578107269,0.9626268480197718,True,510,309.36643484758434,64.85304886138078,0.048777311807269755,24.50190701249882,60,306.0,8.4147782637337,276,-2.0032636912855857
3430,mixtura,packing_C,T06,largo,30,G2,3.8408216135426243,0.6010746578107269,0.9626268480197718,True,510,309.36643484758434,64.85304886138078,0.048777311807269755,24.50190701249882,60,306.0,8.4147782637337,277,-1.8419540365767424
3430,mixtura,packing_C,T06,largo,30,G2,3.8408216135426243,0.6010746578107269,0.9626268480197718,True,510,309.36643484758434,64.85304886138078,0.048777311807269755,24.50190701249882,60,306.0,8.4147782637337,278,-1.564590018772435
3430,mixtura,packing_C,T06,largo,30,G2,3.8408216135426243,0.6010746578107269,0.9626268480197718,True,510,309.36643484758434,64.85304886138078,0.048777311807269755,24.50190701249882,60,306.0,8.4147782637337,279,-1.7111986525713299
3430,mixtura,packing_C,T06,largo,30,G2,3.8408216135426243,0.6010746578107269,0.9626268480197718,True,510,309.36643484758434,64.85304886138078,0.048777311807269755,24.50190701249882,60,306.0,8.4147782637337,280,-1.7797567357854545
3430,mixtura,packing_C,T06,largo,30,G2,3.8408216135426243,0.6010746578107269,0.9626268480197718,True,510,309.36643484758434,64.85304886138078,0.048777311807269755,24.50190701249882,60,306.0,8.4147782637337,281,-1.4728447623672143
3430,mixtura,packing_C,T06,largo,30,G2,3.8408216135426243,0.6010746578107269,0.9626268480197718,True,510,309.36643484758434,64.85304886138078,0.048777311807269755,24.50190701249882,60,306.0,8.4147782637337,282,-1.4690064107952394
3430,mixtura,packing_C,T06,largo,30,G2,3.8408216135426243,0.6010746578107269,0.9626268480197718,True,510,309.36643484758434,64.85304886138078,0.048777311807269755,24.50190701249882,60,306.0,8.4147782637337,283,-1.5123326753658393
3430,mixtura,packing_C,T06,largo,30,G2,3.8408216135426243,0.6010746578107269,0.9626268480197718,True,510,309.36643484758434,64.85304886138078,0.048777311807269755,24.50190701249882,60,306.0,8.4147782637337,284,-1.2065653347180016
3430,mixtura,packing_C,T06,largo,30,G2,3.8408216135426243,0.6010746578107269,0.9626268480197718,True,510,309.36643484758434,64.85304886138078,0.048777311807269755,24.50190701249882,60,306.0,8.4147782637337,285,-1.3418123221180405
3430,mixtura,packing_C,T06,largo,30,G2,3.8408216135426243,0.6010746578107269,0.9626268480197718,True,510,309.36643484758434,64.85304886138078,0.048777311807269755,24.50190701249882,60,306.0,8.4147782637337,286,-1.1140253809164882
3430,mixtura,packing_C,T06,largo,30,G2,3.8408216135426243,0.6010746578107269,0.9626268480197718,True,510,309.36643484758434,64.85304886138078,0.048777311807269755,24.50190701249882,60,306.0,8.4147782637337,287,-1.2781391607880432
3430,mixtura,packing_C,T06,largo,30,G2,3.8408216135426243,0.6010746578107269,0.9626268480197718,True,510,309.36643484758434,64.85304886138078,0.048777311807269755,24.50190701249882,60,306.0,8.4147782637337,288,-1.1067013255757034
3430,mixtura,packing_C,T06,largo,30,G2,3.8408216135426243,0.6010746578107269,0.9626268480197718,True,510,309.36643484758434,64.85304886138078,0.048777311807269755,24.50190701249882,60,306.0,8.4147782637337,289,-1.0854160051276203
3430,mixtura,packing_C,T06,largo,30,G2,3.8408216135426243,0.6010746578107269,0.9626268480197718,True,510,309.36643484758434,64.85304886138078,0.048777311807269755,24.50190701249882,60,306.0,8.4147782637337,290,-0.7969158004147321
3430,mixtura,packing_C,T06,largo,30,G2,3.8408216135426243,0.6010746578107269,0.9626268480197718,True,510,309.36643484758434,64.85304886138078,0.048777311807269755,24.50190701249882,60,306.0,8.4147782637337,291,-1.01245209500869
3430,mixtura,packing_C,T06,largo,30,G2,3.8408216135426243,0.6010746578107269,0.9626268480197718,True,510,309.36643484758434,64.85304886138078,0.048777311807269755,24.50190701249882,60,306.0,8.4147782637337,292,-0.7848326088337849
3430,mixtura,packing_C,T06,largo,30,G2,3.8408216135426243,0.6010746578107269,0.9626268480197718,True,510,309.36643484758434,64.85304886138078,0.048777311807269755,24.50190701249882,60,306.0,8.4147782637337,293,-0.6269665282340611
3430,mixtura,packing_C,T06,largo,30,G2,3.8408216135426243,0.6010746578107269,0.9626268480197718,True,510,309.36643484758434,64.85304886138078,0.048777311807269755,24.50190701249882,60,306.0,8.4147782637337,294,-0.6976307234204155
3430,mixtura,packing_C,T06,largo,30,G2,3.8408216135426243,0.6010746578107269,0.9626268480197718,True,510,309.36643484758434,64.85304886138078,0.048777311807269755,24.50190701249882,60,306.0,8.4147782637337,295,-0.5546300364380452
3430,mixtura,packing_C,T06,largo,30,G2,3.8408216135426243,0.6010746578107269,0.9626268480197718,True,510,309.36643484758434,64.85304886138078,0.048777311807269755,24.50190701249882,60,306.0,8.4147782637337,296,-0.7494605894125901
3430,mixtura,packing_C,T06,largo,30,G2,3.8408216135426243,0.6010746578107269,0.9626268480197718,True,510,309.36643484758434,64.85304886138078,0.048777311807269755,24.50190701249882,60,306.0,8.4147782637337,297,-0.6686559659244415
3430,mixtura,packing_C,T06,largo,30,G2,3.8408216135426243,0.6010746578107269,0.9626268480197718,True,510,309.36643484758434,64.85304886138078,0.048777311807269755,24.50190701249882,60,306.0,8.4147782637337,298,-0.5392966425835098
3430,mixtura,packing_C,T06,largo,30,G2,3.8408216135426243,0.6010746578107269,0.9626268480197718,True,510,309.36643484758434,64.85304886138078,0.048777311807269755,24.50190701249882,60,306.0,8.4147782637337,299,-0.4698561620519377
3430,mixtura,packing_C,T06,largo,30,G2,3.8408216135426243,0.6010746578107269,0.9626268480197718,True,510,309.36643484758434,64.85304886138078,0.048777311807269755,24.50190701249882,60,306.0,8.4147782637337,300,-0.6243973021649514
3430,mixtura,packing_C,T06,largo,30,G2,3.8408216135426243,0.6010746578107269,0.9626268480197718,True,510,309.36643484758434,64.85304886138078,0.048777311807269755,24.50190701249882,60,306.0,8.4147782637337,301,-0.36919264459192097
3430,mixtura,packing_C,T06,largo,30,G2,3.8408216135426243,0.6010746578107269,0.9626268480197718,True,510,309.36643484758434,64.85304886138078,0.048777311807269755,24.50190701249882,60,306.0,8.4147782637337,302,-0.46709672872126506
3430,mixtura,packing_C,T06,largo,30,G2,3.8408216135426243,0.6010746578107269,0.9626268480197718,True,510,309.36643484758434,64.85304886138078,0.048777311807269755,24.50190701249882,60,306.0,8.4147782637337,303,-0.3274259660097695
3430,mixtura,packing_C,T06,largo,30,G2,3.8408216135426243,0.6010746578107269,0.9626268480197718,True,510,309.36643484758434,64.85304886138078,0.048777311807269755,24.50190701249882,60,306.0,8.4147782637337,304,-0.15658994030763607
3430,mixtura,packing_C,T06,largo,30,G2,3.8408216135426243,0.6010746578107269,0.9626268480197718,True,510,309.36643484758434,64.85304886138078,0.048777311807269755,24.50190701249882,60,306.0,8.4147782637337,305,-0.23300917746253663
3430,mixtura,packing_C,T06,largo,30,G2,3.8408216135426243,0.6010746578107269,0.9626268480197718,True,510,309.36643484758434,64.85304886138078,0.048777311807269755,24.50190701249882,60,306.0,8.4147782637337,306,-0.017183450893073354
3430,mixtura,packing_C,T06,largo,30,G2,3.8408216135426243,0.6010746578107269,0.9626268480197718,True,510,309.36643484758434,64.85304886138078,0.048777311807269755,24.50190701249882,60,306.0,8.4147782637337,307,0.4575384152622405
3430,mixtura,packing_C,T06,largo,30,G2,3.8408216135426243,0.6010746578107269,0.9626268480197718,True,510,309.36643484758434,64.85304886138078,0.048777311807269755,24.50190701249882,60,306.0,8.4147782637337,308,0.6397562859218592
3430,mixtura,packing_C,T06,largo,30,G2,3.8408216135426243,0.6010746578107269,0.9626268480197718,True,510,309.36643484758434,64.85304886138078,0.048777311807269755,24.50190701249882,60,306.0,8.4147782637337,309,0.4293027709107693
3430,mixtura,packing_C,T06,largo,30,G2,3.8408216135426243,0.6010746578107269,0.9626268480197718,True,510,309.36643484758434,64.85304886138078,0.048777311807269755,24.50190701249882,60,306.0,8.4147782637337,310,0.3548644604405654
3430,mixtura,packing_C,T06,largo,30,G2,3.8408216135426243,0.6010746578107269,0.9626268480197718,True,510,309.36643484758434,64.85304886138078,0.048777311807269755,24.50190701249882,60,306.0,8.4147782637337,311,0.4093590241811551
3430,mixtura,packing_C,T06,largo,30,G2,3.8408216135426243,0.6010746578107269,0.9626268480197718,True,510,309.36643484758434,64.85304886138078,0.048777311807269755,24.50190701249882,60,306.0,8.4147782637337,312,0.45638333895491456
3430,mixtura,packing_C,T06,largo,30,G2,3.8408216135426243,0.6010746578107269,0.9626268480197718,True,510,309.36643484758434,64.85304886138078,0.048777311807269755,24.50190701249882,60,306.0,8.4147782637337,313,0.30219220813904174
3430,mixtura,packing_C,T06,largo,30,G2,3.8408216135426243,0.6010746578107269,0.9626268480197718,True,510,309.36643484758434,64.85304886138078,0.048777311807269755,24.50190701249882,60,306.0,8.4147782637337,314,0.08523141756428644
3430,mixtura,packing_C,T06,largo,30,G2,3.8408216135426243,0.6010746578107269,0.9626268480197718,True,510,309.36643484758434,64.85304886138078,0.048777311807269755,24.50190701249882,60,306.0,8.4147782637337,315,0.0036658960850046926
3430,mixtura,packing_C,T06,largo,30,G2,3.8408216135426243,0.6010746578107269,0.9626268480197718,True,510,309.36643484758434,64.85304886138078,0.048777311807269755,24.50190701249882,60,306.0,8.4147782637337,316,-0.07680507515284041
3430,mixtura,packing_C,T06,largo,30,G2,3.8408216135426243,0.6010746578107269,0.9626268480197718,True,510,309.36643484758434,64.85304886138078,0.048777311807269755,24.50190701249882,60,306.0,8.4147782637337,317,-0.1297148852292856
3430,mixtura,packing_C,T06,largo,30,G2,3.8408216135426243,0.6010746578107269,0.9626268480197718,True,510,309.36643484758434,64.85304886138078,0.048777311807269755,24.50190701249882,60,306.0,8.4147782637337,318,-0.3033593430674813
3430,mixtura,packing_C,T06,largo,30,G2,3.8408216135426243,0.6010746578107269,0.9626268480197718,True,510,309.36643484758434,64.85304886138078,0.048777311807269755,24.50190701249882,60,306.0,8.4147782637337,319,-0.3239422648679917
3430,mixtura,packing_C,T06,largo,30,G2,3.8408216135426243,0.6010746578107269,0.9626268480197718,True,510,309.36643484758434,64.85304886138078,0.048777311807269755,24.50190701249882,60,306.0,8.4147782637337,320,-0.19977893427946872
3430,mixtura,packing_C,T06,largo,30,G2,3.8408216135426243,0.6010746578107269,0.9626268480197718,True,510,309.36643484758434,64.85304886138078,0.048777311807269755,24.50190701249882,60,306.0,8.4147782637337,321,-0.46866269044998726
3430,mixtura,packing_C,T06,largo,30,G2,3.8408216135426243,0.6010746578107269,0.9626268480197718,True,510,309.36643484758434,64.85304886138078,0.048777311807269755,24.50190701249882,60,306.0,8.4147782637337,322,-0.304302828378194
3430,mixtura,packing_C,T06,largo,30,G2,3.8408216135426243,0.6010746578107269,0.9626268480197718,True,510,309.36643484758434,64.85304886138078,0.048777311807269755,24.50190701249882,60,306.0,8.4147782637337,323,-0.38796037392414584
3430,mixtura,packing_C,T06,largo,30,G2,3.8408216135426243,0.6010746578107269,0.9626268480197718,True,510,309.36643484758434,64.85304886138078,0.048777311807269755,24.50190701249882,60,306.0,8.4147782637337,324,-0.42894867230629713
3430,mixtura,packing_C,T06,largo,30,G2,3.8408216135426243,0.6010746578107269,0.9626268480197718,True,510,309.36643484758434,64.85304886138078,0.048777311807269755,24.50190701249882,60,306.0,8.4147782637337,325,-0.3160148475091974
3430,mixtura,packing_C,T06,largo,30,G2,3.8408216135426243,0.6010746578107269,0.9626268480197718,True,510,309.36643484758434,64.85304886138078,0.048777311807269755,24.50190701249882,60,306.0,8.4147782637337,326,-0.31246891637005525
3430,mixtura,packing_C,T06,largo,30,G2,3.8408216135426243,0.6010746578107269,0.9626268480197718,True,510,309.36643484758434,64.85304886138078,0.048777311807269755,24.50190701249882,60,306.0,8.4147782637337,327,-0.19250804995879311
3430,mixtura,packing_C,T06,largo,30,G2,3.8408216135426243,0.6010746578107269,0.9626268480197718,True,510,309.36643484758434,64.85304886138078,0.048777311807269755,24.50190701249882,60,306.0,8.4147782637337,328,-0.2570300359698071
3430,mixtura,packing_C,T06,largo,30,G2,3.8408216135426243,0.6010746578107269,0.9626268480197718,True,510,309.36643484758434,64.85304886138078,0.048777311807269755,24.50190701249882,60,306.0,8.4147782637337,329,-0.08095384182734831
3430,mixtura,packing_C,T06,largo,30,G2,3.8408216135426243,0.6010746578107269,0.9626268480197718,True,510,309.36643484758434,64.85304886138078,0.048777311807269755,24.50190701249882,60,306.0,8.4147782637337,330,-0.020242613794505017
3430,mixtura,packing_C,T06,largo,30,G2,3.8408216135426243,0.6010746578107269,0.9626268480197718,True,510,309.36643484758434,64.85304886138078,0.048777311807269755,24.50190701249882,60,306.0,8.4147782637337,331,0.04984677082235098
3430,mixtura,packing_C,T06,largo,30,G2,3.8408216135426243,0.6010746578107269,0.9626268480197718,True,510,309.36643484758434,64.85304886138078,0.048777311807269755,24.50190701249882,60,306.0,8.4147782637337,332,0.33179648121001015
3430,mixtura,packing_C,T06,largo,30,G2,3.8408216135426243,0.6010746578107269,0.9626268480197718,True,510,309.36643484758434,64.85304886138078,0.048777311807269755,24.50190701249882,60,306.0,8.4147782637337,333,0.5232535439197246
3430,mixtura,packing_C,T06,largo,30,G2,3.8408216135426243,0.6010746578107269,0.9626268480197718,True,510,309.36643484758434,64.85304886138078,0.048777311807269755,24.50190701249882,60,306.0,8.4147782637337,334,0.4073729333290641
3430,mixtura,packing_C,T06,largo,30,G2,3.8408216135426243,0.6010746578107269,0.9626268480197718,True,510,309.36643484758434,64.85304886138078,0.048777311807269755,24.50190701249882,60,306.0,8.4147782637337,335,0.5288798609277862
3430,mixtura,packing_C,T06,largo,30,G2,3.8408216135426243,0.6010746578107269,0.9626268480197718,True,510,309.36643484758434,64.85304886138078,0.048777311807269755,24.50190701249882,60,306.0,8.4147782637337,336,0.384397444248306
3430,mixtura,packing_C,T06,largo,30,G2,3.8408216135426243,0.6010746578107269,0.9626268480197718,True,510,309.36643484758434,64.85304886138078,0.048777311807269755,24.50190701249882,60,306.0,8.4147782637337,337,0.44525475896189615
3430,mixtura,packing_C,T06,largo,30,G2,3.8408216135426243,0.6010746578107269,0.9626268480197718,True,510,309.36643484758434,64.85304886138078,0.048777311807269755,24.50190701249882,60,306.0,8.4147782637337,338,0.357591167795505
3430,mixtura,packing_C,T06,largo,30,G2,3.8408216135426243,0.6010746578107269,0.9626268480197718,True,510,309.36643484758434,64.85304886138078,0.048777311807269755,24.50190701249882,60,306.0,8.4147782637337,339,0.4908298635687825
3430,mixtura,packing_C,T06,largo,30,G2,3.8408216135426243,0.6010746578107269,0.9626268480197718,True,510,309.36643484758434,64.85304886138078,0.048777311807269755,24.50190701249882,60,306.0,8.4147782637337,340,0.4932377294149299
3430,mixtura,packing_C,T06,largo,30,G2,3.8408216135426243,0.6010746578107269,0.9626268480197718,True,510,309.36643484758434,64.85304886138078,0.048777311807269755,24.50190701249882,60,306.0,8.4147782637337,341,0.31011441628038355
3430,mixtura,packing_C,T06,largo,30,G2,3.8408216135426243,0.6010746578107269,0.9626268480197718,True,510,309.36643484758434,64.85304886138078,0.048777311807269755,24.50190701249882,60,306.0,8.4147782637337,342,0.12591329465557521
3430,mixtura,packing_C,T06,largo,30,G2,3.8408216135426243,0.6010746578107269,0.9626268480197718,True,510,309.36643484758434,64.85304886138078,0.048777311807269755,24.50190701249882,60,306.0,8.4147782637337,343,0.33967227379940157
3430,mixtura,packing_C,T06,largo,30,G2,3.8408216135426243,0.6010746578107269,0.9626268480197718,True,510,309.36643484758434,64.85304886138078,0.048777311807269755,24.50190701249882,60,306.0,8.4147782637337,344,0.1629553016423342
3430,mixtura,packing_C,T06,largo,30,G2,3.8408216135426243,0.6010746578107269,0.9626268480197718,True,510,309.36643484758434,64.85304886138078,0.048777311807269755,24.50190701249882,60,306.0,8.4147782637337,345,-0.043073489680256115
3430,mixtura,packing_C,T06,largo,30,G2,3.8408216135426243,0.6010746578107269,0.9626268480197718,True,510,309.36643484758434,64.85304886138078,0.048777311807269755,24.50190701249882,60,306.0,8.4147782637337,346,0.08972375376248636
3430,mixtura,packing_C,T06,largo,30,G2,3.8408216135426243,0.6010746578107269,0.9626268480197718,True,510,309.36643484758434,64.85304886138078,0.048777311807269755,24.50190701249882,60,306.0,8.4147782637337,347,-0.16341567411320757
3430,mixtura,packing_C,T06,largo,30,G2,3.8408216135426243,0.6010746578107269,0.9626268480197718,True,510,309.36643484758434,64.85304886138078,0.048777311807269755,24.50190701249882,60,306.0,8.4147782637337,348,-0.351922389579159
3430,mixtura,packing_C,T06,largo,30,G2,3.8408216135426243,0.6010746578107269,0.9626268480197718,True,510,309.36643484758434,64.85304886138078,0.048777311807269755,24.50190701249882,60,306.0,8.4147782637337,349,-0.28688451135631265
3430,mixtura,packing_C,T06,largo,30,G2,3.8408216135426243,0.6010746578107269,0.9626268480197718,True,510,309.36643484758434,64.85304886138078,0.048777311807269755,24.50190701249882,60,306.0,8.4147782637337,350,-0.4736044922347883
3430,mixtura,packing_C,T06,largo,30,G2,3.8408216135426243,0.6010746578107269,0.9626268480197718,True,510,309.36643484758434,64.85304886138078,0.048777311807269755,24.50190701249882,60,306.0,8.4147782637337,351,-0.4053323946644788
3430,mixtura,packing_C,T06,largo,30,G2,3.8408216135426243,0.6010746578107269,0.9626268480197718,True,510,309.36643484758434,64.85304886138078,0.048777311807269755,24.50190701249882,60,306.0,8.4147782637337,352,-0.5393329014964083
3430,mixtura,packing_C,T06,largo,30,G2,3.8408216135426243,0.6010746578107269,0.9626268480197718,True,510,309.36643484758434,64.85304886138078,0.048777311807269755,24.50190701249882,60,306.0,8.4147782637337,353,-0.3939662350494117
3430,mixtura,packing_C,T06,largo,30,G2,3.8408216135426243,0.6010746578107269,0.9626268480197718,True,510,309.36643484758434,64.85304886138078,0.048777311807269755,24.50190701249882,60,306.0,8.4147782637337,354,-0.3909368628755862
3430,mixtura,packing_C,T06,largo,30,G2,3.8408216135426243,0.6010746578107269,0.9626268480197718,True,510,309.36643484758434,64.85304886138078,0.048777311807269755,24.50190701249882,60,306.0,8.4147782637337,355,-0.3674370163712605
3430,mixtura,packing_C,T06,largo,30,G2,3.8408216135426243,0.6010746578107269,0.9626268480197718,True,510,309.36643484758434,64.85304886138078,0.048777311807269755,24.50190701249882,60,306.0,8.4147782637337,356,-0.31409295982933216
3430,mixtura,packing_C,T06,largo,30,G2,3.8408216135426243,0.6010746578107269,0.9626268480197718,True,510,309.36643484758434,64.85304886138078,0.048777311807269755,24.50190701249882,60,306.0,8.4147782637337,357,-0.26095613904088305
3430,mixtura,packing_C,T06,largo,30,G2,3.8408216135426243,0.6010746578107269,0.9626268480197718,True,510,309.36643484758434,64.85304886138078,0.048777311807269755,24.50190701249882,60,306.0,8.4147782637337,358,-0.18191601888496253
3430,mixtura,packing_C,T06,largo,30,G2,3.8408216135426243,0.6010746578107269,0.9626268480197718,True,510,309.36643484758434,64.85304886138078,0.048777311807269755,24.50190701249882,60,306.0,8.4147782637337,359,-0.200767379171086
3430,mixtura,packing_C,T06,largo,30,G2,3.8408216135426243,0.6010746578107269,0.9626268480197718,True,510,309.36643484758434,64.85304886138078,0.048777311807269755,24.50190701249882,60,306.0,8.4147782637337,360,-0.15321088368754324
3430,mixtura,packing_C,T06,largo,30,G2,3.8408216135426243,0.6010746578107269,0.9626268480197718,True,510,309.36643484758434,64.85304886138078,0.048777311807269755,24.50190701249882,60,306.0,8.4147782637337,361,0.13986045056001314
3430,mixtura,packing_C,T06,largo,30,G2,3.8408216135426243,0.6010746578107269,0.9626268480197718,True,510,309.36643484758434,64.85304886138078,0.048777311807269755,24.50190701249882,60,306.0,8.4147782637337,362,0.33629689515586625
3430,mixtura,packing_C,T06,largo,30,G2,3.8408216135426243,0.6010746578107269,0.9626268480197718,True,510,309.36643484758434,64.85304886138078,0.048777311807269755,24.50190701249882,60,306.0,8.4147782637337,363,0.2457558821771953
3430,mixtura,packing_C,T06,largo,30,G2,3.8408216135426243,0.6010746578107269,0.9626268480197718,True,510,309.36643484758434,64.85304886138078,0.048777311807269755,24.50190701249882,60,306.0,8.4147782637337,364,0.41305751158511583
3430,mixtura,packing_C,T06,largo,30,G2,3.8408216135426243,0.6010746578107269,0.9626268480197718,True,510,309.36643484758434,64.85304886138078,0.048777311807269755,24.50190701249882,60,306.0,8.4147782637337,365,0.4219580036556856
3430,mixtura,packing_C,T06,largo,30,G2,3.8408216135426243,0.6010746578107269,0.9626268480197718,True,510,309.36643484758434,64.85304886138078,0.048777311807269755,24.50190701249882,60,306.0,8.4147782637337,366,0.6590291976022943
3430,mixtura,packing_C,T06,largo,30,G2,3.8408216135426243,0.6010746578107269,0.9626268480197718,True,510,309.36643484758434,64.85304886138078,0.048777311807269755,24.50190701249882,60,306.0,8.4147782637337,367,0.6953621578439204
3430,mixtura,packing_C,T06,largo,30,G2,3.8408216135426243,0.6010746578107269,0.9626268480197718,True,510,309.36643484758434,64.85304886138078,0.048777311807269755,24.50190701249882,60,306.0,8.4147782637337,368,0.5857729644469433
3430,mixtura,packing_C,T06,largo,30,G2,3.8408216135426243,0.6010746578107269,0.9626268480197718,True,510,309.36643484758434,64.85304886138078,0.048777311807269755,24.50190701249882,60,306.0,8.4147782637337,369,0.6175870283477719
3430,mixtura,packing_C,T06,largo,30,G2,3.8408216135426243,0.6010746578107269,0.9626268480197718,True,510,309.36643484758434,64.85304886138078,0.048777311807269755,24.50190701249882,60,306.0,8.4147782637337,370,0.3848169787132413
3430,mixtura,packing_C,T06,largo,30,G2,3.8408216135426243,0.6010746578107269,0.9626268480197718,True,510,309.36643484758434,64.85304886138078,0.048777311807269755,24.50190701249882,60,306.0,8.4147782637337,371,0.30117799151136876
3430,mixtura,packing_C,T06,largo,30,G2,3.8408216135426243,0.6010746578107269,0.9626268480197718,True,510,309.36643484758434,64.85304886138078,0.048777311807269755,24.50190701249882,60,306.0,8.4147782637337,372,0.378061085374839
3430,mixtura,packing_C,T06,largo,30,G2,3.8408216135426243,0.6010746578107269,0.9626268480197718,True,510,309.36643484758434,64.85304886138078,0.048777311807269755,24.50190701249882,60,306.0,8.4147782637337,373,0.3464820188958362
3430,mixtura,packing_C,T06,largo,30,G2,3.8408216135426243,0.6010746578107269,0.9626268480197718,True,510,309.36643484758434,64.85304886138078,0.048777311807269755,24.50190701249882,60,306.0,8.4147782637337,374,0.1380362507218807
3430,mixtura,packing_C,T06,largo,30,G2,3.8408216135426243,0.6010746578107269,0.9626268480197718,True,510,309.36643484758434,64.85304886138078,0.048777311807269755,24.50190701249882,60,306.0,8.4147782637337,375,0.0345860296321324
3430,mixtura,packing_C,T06,largo,30,G2,3.8408216135426243,0.6010746578107269,0.9626268480197718,True,510,309.36643484758434,64.85304886138078,0.048777311807269755,24.50190701249882,60,306.0,8.4147782637337,376,-0.13109872480813378
3430,mixtura,packing_C,T06,largo,30,G2,3.8408216135426243,0.6010746578107269,0.9626268480197718,True,510,309.36643484758434,64.85304886138078,0.048777311807269755,24.50190701249882,60,306.0,8.4147782637337,377,-0.12168820629525454
3430,mixtura,packing_C,T06,largo,30,G2,3.8408216135426243,0.6010746578107269,0.9626268480197718,True,510,309.36643484758434,64.85304886138078,0.048777311807269755,24.50190701249882,60,306.0,8.4147782637337,378,-0.15684462278468278
3430,mixtura,packing_C,T06,largo,30,G2,3.8408216135426243,0.6010746578107269,0.9626268480197718,True,510,309.36643484758434,64.85304886138078,0.048777311807269755,24.50190701249882,60,306.0,8.4147782637337,379,-0.22930684579003385
3430,mixtura,packing_C,T06,largo,30,G2,3.8408216135426243,0.6010746578107269,0.9626268480197718,True,510,309.36643484758434,64.85304886138078,0.048777311807269755,24.50190701249882,60,306.0,8.4147782637337,380,-0.5458517453200152
3430,mixtura,packing_C,T06,largo,30,G2,3.8408216135426243,0.6010746578107269,0.9626268480197718,True,510,309.36643484758434,64.85304886138078,0.048777311807269755,24.50190701249882,60,306.0,8.4147782637337,381,-0.36616650443299986
3430,mixtura,packing_C,T06,largo,30,G2,3.8408216135426243,0.6010746578107269,0.9626268480197718,True,510,309.36643484758434,64.85304886138078,0.048777311807269755,24.50190701249882,60,306.0,8.4147782637337,382,-0.44964160131255093
3430,mixtura,packing_C,T06,largo,30,G2,3.8408216135426243,0.6010746578107269,0.9626268480197718,True,510,309.36643484758434,64.85304886138078,0.048777311807269755,24.50190701249882,60,306.0,8.4147782637337,383,-0.44402484248678553
3430,mixtura,packing_C,T06,largo,30,G2,3.8408216135426243,0.6010746578107269,0.9626268480197718,True,510,309.36643484758434,64.85304886138078,0.048777311807269755,24.50190701249882,60,306.0,8.4147782637337,384,-0.43053043756298986
3430,mixtura,packing_C,T06,largo,30,G2,3.8408216135426243,0.6010746578107269,0.9626268480197718,True,510,309.36643484758434,64.85304886138078,0.048777311807269755,24.50190701249882,60,306.0,8.4147782637337,385,-0.3726874396140561
3430,mixtura,packing_C,T06,largo,30,G2,3.8408216135426243,0.6010746578107269,0.9626268480197718,True,510,309.36643484758434,64.85304886138078,0.048777311807269755,24.50190701249882,60,306.0,8.4147782637337,386,-0.1628249560359252
3430,mixtura,packing_C,T06,largo,30,G2,3.8408216135426243,0.6010746578107269,0.9626268480197718,True,510,309.36643484758434,64.85304886138078,0.048777311807269755,24.50190701249882,60,306.0,8.4147782637337,387,-0.09045387694245324
3430,mixtura,packing_C,T06,largo,30,G2,3.8408216135426243,0.6010746578107269,0.9626268480197718,True,510,309.36643484758434,64.85304886138078,0.048777311807269755,24.50190701249882,60,306.0,8.4147782637337,388,-0.22969358899558578
3430,mixtura,packing_C,T06,largo,30,G2,3.8408216135426243,0.6010746578107269,0.9626268480197718,True,510,309.36643484758434,64.85304886138078,0.048777311807269755,24.50190701249882,60,306.0,8.4147782637337,389,-0.1882434268983849
3430,mixtura,packing_C,T06,largo,30,G2,3.8408216135426243,0.6010746578107269,0.9626268480197718,True,510,309.36643484758434,64.85304886138078,0.048777311807269755,24.50190701249882,60,306.0,8.4147782637337,390,0.08339620282510234
3430,mixtura,packing_C,T06,largo,30,G2,3.8408216135426243,0.6010746578107269,0.9626268480197718,True,510,309.36643484758434,64.85304886138078,0.048777311807269755,24.50190701249882,60,306.0,8.4147782637337,391,0.26860092481680975
3430,mixtura,packing_C,T06,largo,30,G2,3.8408216135426243,0.6010746578107269,0.9626268480197718,True,510,309.36643484758434,64.85304886138078,0.048777311807269755,24.50190701249882,60,306.0,8.4147782637337,392,0.30827234759507327
3430,mixtura,packing_C,T06,largo,30,G2,3.8408216135426243,0.6010746578107269,0.9626268480197718,True,510,309.36643484758434,64.85304886138078,0.048777311807269755,24.50190701249882,60,306.0,8.4147782637337,393,0.2665290077286986
3430,mixtura,packing_C,T06,largo,30,G2,3.8408216135426243,0.6010746578107269,0.9626268480197718,True,510,309.36643484758434,64.85304886138078,0.048777311807269755,24.50190701249882,60,306.0,8.4147782637337,394,0.45857217525472627
3430,mixtura,packing_C,T06,largo,30,G2,3.8408216135426243,0.6010746578107269,0.9626268480197718,True,510,309.36643484758434,64.85304886138078,0.048777311807269755,24.50190701249882,60,306.0,8.4147782637337,395,0.6613390820997904
3430,mixtura,packing_C,T06,largo,30,G2,3.8408216135426243,0.6010746578107269,0.9626268480197718,True,510,309.36643484758434,64.85304886138078,0.048777311807269755,24.50190701249882,60,306.0,8.4147782637337,396,0.49842143912993425
3430,mixtura,packing_C,T06,largo,30,G2,3.8408216135426243,0.6010746578107269,0.9626268480197718,True,510,309.36643484758434,64.85304886138078,0.048777311807269755,24.50190701249882,60,306.0,8.4147782637337,397,0.43816172198348496
3430,mixtura,packing_C,T06,largo,30,G2,3.8408216135426243,0.6010746578107269,0.9626268480197718,True,510,309.36643484758434,64.85304886138078,0.048777311807269755,24.50190701249882,60,306.0,8.4147782637337,398,0.5348373699938613
3430,mixtura,packing_C,T06,largo,30,G2,3.8408216135426243,0.6010746578107269,0.9626268480197718,True,510,309.36643484758434,64.85304886138078,0.048777311807269755,24.50190701249882,60,306.0,8.4147782637337,399,0.5727316521425923
3430,mixtura,packing_C,T06,largo,30,G2,3.8408216135426243,0.6010746578107269,0.9626268480197718,True,510,309.36643484758434,64.85304886138078,0.048777311807269755,24.50190701249882,60,306.0,8.4147782637337,400,0.4462150248269819
3430,mixtura,packing_C,T06,largo,30,G2,3.8408216135426243,0.6010746578107269,0.9626268480197718,True,510,309.36643484758434,64.85304886138078,0.048777311807269755,24.50190701249882,60,306.0,8.4147782637337,401,0.472373228003675
3430,mixtura,packing_C,T06,largo,30,G2,3.8408216135426243,0.6010746578107269,0.9626268480197718,True,510,309.36643484758434,64.85304886138078,0.048777311807269755,24.50190701249882,60,306.0,8.4147782637337,402,0.3994477409652802
3430,mixtura,packing_C,T06,largo,30,G2,3.8408216135426243,0.6010746578107269,0.9626268480197718,True,510,309.36643484758434,64.85304886138078,0.048777311807269755,24.50190701249882,60,306.0,8.4147782637337,403,0.14752464013722288
3430,mixtura,packing_C,T06,largo,30,G2,3.8408216135426243,0.6010746578107269,0.9626268480197718,True,510,309.36643484758434,64.85304886138078,0.048777311807269755,24.50190701249882,60,306.0,8.4147782637337,404,0.2667024318603752
3430,mixtura,packing_C,T06,largo,30,G2,3.8408216135426243,0.6010746578107269,0.9626268480197718,True,510,309.36643484758434,64.85304886138078,0.048777311807269755,24.50190701249882,60,306.0,8.4147782637337,405,-0.08974781440969956
3430,mixtura,packing_C,T06,largo,30,G2,3.8408216135426243,0.6010746578107269,0.9626268480197718,True,510,309.36643484758434,64.85304886138078,0.048777311807269755,24.50190701249882,60,306.0,8.4147782637337,406,-0.07653456863685755
3430,mixtura,packing_C,T06,largo,30,G2,3.8408216135426243,0.6010746578107269,0.9626268480197718,True,510,309.36643484758434,64.85304886138078,0.048777311807269755,24.50190701249882,60,306.0,8.4147782637337,407,-0.22557377045366406
3430,mixtura,packing_C,T06,largo,30,G2,3.8408216135426243,0.6010746578107269,0.9626268480197718,True,510,309.36643484758434,64.85304886138078,0.048777311807269755,24.50190701249882,60,306.0,8.4147782637337,408,-0.1913793624937983
3430,mixtura,packing_C,T06,largo,30,G2,3.8408216135426243,0.6010746578107269,0.9626268480197718,True,510,309.36643484758434,64.85304886138078,0.048777311807269755,24.50190701249882,60,306.0,8.4147782637337,409,-0.08129046105285909
3430,mixtura,packing_C,T06,largo,30,G2,3.8408216135426243,0.6010746578107269,0.9626268480197718,True,510,309.36643484758434,64.85304886138078,0.048777311807269755,24.50190701249882,60,306.0,8.4147782637337,410,-0.36832806673029206
3430,mixtura,packing_C,T06,largo,30,G2,3.8408216135426243,0.6010746578107269,0.9626268480197718,True,510,309.36643484758434,64.85304886138078,0.048777311807269755,24.50190701249882,60,306.0,8.4147782637337,411,-0.38932796830681743
3430,mixtura,packing_C,T06,largo,30,G2,3.8408216135426243,0.6010746578107269,0.9626268480197718,True,510,309.36643484758434,64.85304886138078,0.048777311807269755,24.50190701249882,60,306.0,8.4147782637337,412,-0.2727502564985126
3430,mixtura,packing_C,T06,largo,30,G2,3.8408216135426243,0.6010746578107269,0.9626268480197718,True,510,309.36643484758434,64.85304886138078,0.048777311807269755,24.50190701249882,60,306.0,8.4147782637337,413,-0.3920978250580315
3430,mixtura,packing_C,T06,largo,30,G2,3.8408216135426243,0.6010746578107269,0.9626268480197718,True,510,309.36643484758434,64.85304886138078,0.048777311807269755,24.50190701249882,60,306.0,8.4147782637337,414,-0.22843477615841207
3430,mixtura,packing_C,T06,largo,30,G2,3.8408216135426243,0.6010746578107269,0.9626268480197718,True,510,309.36643484758434,64.85304886138078,0.048777311807269755,24.50190701249882,60,306.0,8.4147782637337,415,-0.5539053719064291
3430,mixtura,packing_C,T06,largo,30,G2,3.8408216135426243,0.6010746578107269,0.9626268480197718,True,510,309.36643484758434,64.85304886138078,0.048777311807269755,24.50190701249882,60,306.0,8.4147782637337,416,-0.26945592295444076
3430,mixtura,packing_C,T06,largo,30,G2,3.8408216135426243,0.6010746578107269,0.9626268480197718,True,510,309.36643484758434,64.85304886138078,0.048777311807269755,24.50190701249882,60,306.0,8.4147782637337,417,-0.17653309576489473
3430,mixtura,packing_C,T06,largo,30,G2,3.8408216135426243,0.6010746578107269,0.9626268480197718,True,510,309.36643484758434,64.85304886138078,0.048777311807269755,24.50190701249882,60,306.0,8.4147782637337,418,-0.14010131329225023
3430,mixtura,packing_C,T06,largo,30,G2,3.8408216135426243,0.6010746578107269,0.9626268480197718,True,510,309.36643484758434,64.85304886138078,0.048777311807269755,24.50190701249882,60,306.0,8.4147782637337,419,-0.05732355328164377
3430,mixtura,packing_C,T06,largo,30,G2,3.8408216135426243,0.6010746578107269,0.9626268480197718,True,510,309.36643484758434,64.85304886138078,0.048777311807269755,24.50190701249882,60,306.0,8.4147782637337,420,0.10924883797680296
3430,mixtura,packing_C,T06,largo,30,G2,3.8408216135426243,0.6010746578107269,0.9626268480197718,True,510,309.36643484758434,64.85304886138078,0.048777311807269755,24.50190701249882,60,306.0,8.4147782637337,421,0.0930272183562107
3430,mixtura,packing_C,T06,largo,30,G2,3.8408216135426243,0.6010746578107269,0.9626268480197718,True,510,309.36643484758434,64.85304886138078,0.048777311807269755,24.50190701249882,60,306.0,8.4147782637337,422,0.5073221734577402
3430,mixtura,packing_C,T06,largo,30,G2,3.8408216135426243,0.6010746578107269,0.9626268480197718,True,510,309.36643484758434,64.85304886138078,0.048777311807269755,24.50190701249882,60,306.0,8.4147782637337,423,0.47089454866285824
3430,mixtura,packing_C,T06,largo,30,G2,3.8408216135426243,0.6010746578107269,0.9626268480197718,True,510,309.36643484758434,64.85304886138078,0.048777311807269755,24.50190701249882,60,306.0,8.4147782637337,424,0.34464934068320974
3430,mixtura,packing_C,T06,largo,30,G2,3.8408216135426243,0.6010746578107269,0.9626268480197718,True,510,309.36643484758434,64.85304886138078,0.048777311807269755,24.50190701249882,60,306.0,8.4147782637337,425,0.5973031639321353
3430,mixtura,packing_C,T06,largo,30,G2,3.8408216135426243,0.6010746578107269,0.9626268480197718,True,510,309.36643484758434,64.85304886138078,0.048777311807269755,24.50190701249882,60,306.0,8.4147782637337,426,0.40407887660352954
3430,mixtura,packing_C,T06,largo,30,G2,3.8408216135426243,0.6010746578107269,0.9626268480197718,True,510,309.36643484758434,64.85304886138078,0.048777311807269755,24.50190701249882,60,306.0,8.4147782637337,427,0.4044287000661382
3430,mixtura,packing_C,T06,largo,30,G2,3.8408216135426243,0.6010746578107269,0.9626268480197718,True,510,309.36643484758434,64.85304886138078,0.048777311807269755,24.50190701249882,60,306.0,8.4147782637337,428,0.44629871132545507
3430,mixtura,packing_C,T06,largo,30,G2,3.8408216135426243,0.6010746578107269,0.9626268480197718,True,510,309.36643484758434,64.85304886138078,0.048777311807269755,24.50190701249882,60,306.0,8.4147782637337,429,0.4349647919832885
3430,mixtura,packing_C,T06,largo,30,G2,3.8408216135426243,0.6010746578107269,0.9626268480197718,True,510,309.36643484758434,64.85304886138078,0.048777311807269755,24.50190701249882,60,306.0,8.4147782637337,430,0.4429909280473627
3430,mixtura,packing_C,T06,largo,30,G2,3.8408216135426243,0.6010746578107269,0.9626268480197718,True,510,309.36643484758434,64.85304886138078,0.048777311807269755,24.50190701249882,60,306.0,8.4147782637337,431,0.3852672399742986
3430,mixtura,packing_C,T06,largo,30,G2,3.8408216135426243,0.6010746578107269,0.9626268480197718,True,510,309.36643484758434,64.85304886138078,0.048777311807269755,24.50190701249882,60,306.0,8.4147782637337,432,0.505098140046051
3430,mixtura,packing_C,T06,largo,30,G2,3.8408216135426243,0.6010746578107269,0.9626268480197718,True,510,309.36643484758434,64.85304886138078,0.048777311807269755,24.50190701249882,60,306.0,8.4147782637337,433,0.1521915037255814
3430,mixtura,packing_C,T06,largo,30,G2,3.8408216135426243,0.6010746578107269,0.9626268480197718,True,510,309.36643484758434,64.85304886138078,0.048777311807269755,24.50190701249882,60,306.0,8.4147782637337,434,0.0167299241013599
3430,mixtura,packing_C,T06,largo,30,G2,3.8408216135426243,0.6010746578107269,0.9626268480197718,True,510,309.36643484758434,64.85304886138078,0.048777311807269755,24.50190701249882,60,306.0,8.4147782637337,435,-0.12797677905838403
3430,mixtura,packing_C,T06,largo,30,G2,3.8408216135426243,0.6010746578107269,0.9626268480197718,True,510,309.36643484758434,64.85304886138078,0.048777311807269755,24.50190701249882,60,306.0,8.4147782637337,436,0.08195911053941224
3430,mixtura,packing_C,T06,largo,30,G2,3.8408216135426243,0.6010746578107269,0.9626268480197718,True,510,309.36643484758434,64.85304886138078,0.048777311807269755,24.50190701249882,60,306.0,8.4147782637337,437,-0.022340998125177175
3430,mixtura,packing_C,T06,largo,30,G2,3.8408216135426243,0.6010746578107269,0.9626268480197718,True,510,309.36643484758434,64.85304886138078,0.048777311807269755,24.50190701249882,60,306.0,8.4147782637337,438,-0.2732435074985046
3430,mixtura,packing_C,T06,largo,30,G2,3.8408216135426243,0.6010746578107269,0.9626268480197718,True,510,309.36643484758434,64.85304886138078,0.048777311807269755,24.50190701249882,60,306.0,8.4147782637337,439,-0.4373511108376804
3430,mixtura,packing_C,T06,largo,30,G2,3.8408216135426243,0.6010746578107269,0.9626268480197718,True,510,309.36643484758434,64.85304886138078,0.048777311807269755,24.50190701249882,60,306.0,8.4147782637337,440,-0.4012583380778287
3430,mixtura,packing_C,T06,largo,30,G2,3.8408216135426243,0.6010746578107269,0.9626268480197718,True,510,309.36643484758434,64.85304886138078,0.048777311807269755,24.50190701249882,60,306.0,8.4147782637337,441,-0.22606295444541233
3430,mixtura,packing_C,T06,largo,30,G2,3.8408216135426243,0.6010746578107269,0.9626268480197718,True,510,309.36643484758434,64.85304886138078,0.048777311807269755,24.50190701249882,60,306.0,8.4147782637337,442,-0.4019536526375996
3430,mixtura,packing_C,T06,largo,30,G2,3.8408216135426243,0.6010746578107269,0.9626268480197718,True,510,309.36643484758434,64.85304886138078,0.048777311807269755,24.50190701249882,60,306.0,8.4147782637337,443,-0.36535300185848063
3430,mixtura,packing_C,T06,largo,30,G2,3.8408216135426243,0.6010746578107269,0.9626268480197718,True,510,309.36643484758434,64.85304886138078,0.048777311807269755,24.50190701249882,60,306.0,8.4147782637337,444,-0.2881072742238465
3430,mixtura,packing_C,T06,largo,30,G2,3.8408216135426243,0.6010746578107269,0.9626268480197718,True,510,309.36643484758434,64.85304886138078,0.048777311807269755,24.50190701249882,60,306.0,8.4147782637337,445,-0.31931737144157324
3430,mixtura,packing_C,T06,largo,30,G2,3.8408216135426243,0.6010746578107269,0.9626268480197718,True,510,309.36643484758434,64.85304886138078,0.048777311807269755,24.50190701249882,60,306.0,8.4147782637337,446,-0.25783370328783345
3430,mixtura,packing_C,T06,largo,30,G2,3.8408216135426243,0.6010746578107269,0.9626268480197718,True,510,309.36643484758434,64.85304886138078,0.048777311807269755,24.50190701249882,60,306.0,8.4147782637337,447,-0.26417117622642433
3430,mixtura,packing_C,T06,largo,30,G2,3.8408216135426243,0.6010746578107269,0.9626268480197718,True,510,309.36643484758434,64.85304886138078,0.048777311807269755,24.50190701249882,60,306.0,8.4147782637337,448,-0.28710377094190687
3430,mixtura,packing_C,T06,largo,30,G2,3.8408216135426243,0.6010746578107269,0.9626268480197718,True,510,309.36643484758434,64.85304886138078,0.048777311807269755,24.50190701249882,60,306.0,8.4147782637337,449,-0.12655911000607128
3430,mixtura,packing_C,T06,largo,30,G2,3.8408216135426243,0.6010746578107269,0.9626268480197718,True,510,309.36643484758434,64.85304886138078,0.048777311807269755,24.50190701249882,60,306.0,8.4147782637337,450,0.11047993938899835
3430,mixtura,packing_C,T06,largo,30,G2,3.8408216135426243,0.6010746578107269,0.9626268480197718,True,510,309.36643484758434,64.85304886138078,0.048777311807269755,24.50190701249882,60,306.0,8.4147782637337,451,0.24448294363562734
3430,mixtura,packing_C,T06,largo,30,G2,3.8408216135426243,0.6010746578107269,0.9626268480197718,True,510,309.36643484758434,64.85304886138078,0.048777311807269755,24.50190701249882,60,306.0,8.4147782637337,452,0.27102491989789174
3430,mixtura,packing_C,T06,largo,30,G2,3.8408216135426243,0.6010746578107269,0.9626268480197718,True,510,309.36643484758434,64.85304886138078,0.048777311807269755,24.50190701249882,60,306.0,8.4147782637337,453,0.45381735394841194
3430,mixtura,packing_C,T06,largo,30,G2,3.8408216135426243,0.6010746578107269,0.9626268480197718,True,510,309.36643484758434,64.85304886138078,0.048777311807269755,24.50190701249882,60,306.0,8.4147782637337,454,0.4133978887675364
3430,mixtura,packing_C,T06,largo,30,G2,3.8408216135426243,0.6010746578107269,0.9626268480197718,True,510,309.36643484758434,64.85304886138078,0.048777311807269755,24.50190701249882,60,306.0,8.4147782637337,455,0.627121412351536
3430,mixtura,packing_C,T06,largo,30,G2,3.8408216135426243,0.6010746578107269,0.9626268480197718,True,510,309.36643484758434,64.85304886138078,0.048777311807269755,24.50190701249882,60,306.0,8.4147782637337,456,0.39224520088155357
3430,mixtura,packing_C,T06,largo,30,G2,3.8408216135426243,0.6010746578107269,0.9626268480197718,True,510,309.36643484758434,64.85304886138078,0.048777311807269755,24.50190701249882,60,306.0,8.4147782637337,457,0.5388301925283866
3430,mixtura,packing_C,T06,largo,30,G2,3.8408216135426243,0.6010746578107269,0.9626268480197718,True,510,309.36643484758434,64.85304886138078,0.048777311807269755,24.50190701249882,60,306.0,8.4147782637337,458,0.5733058146881727
3430,mixtura,packing_C,T06,largo,30,G2,3.8408216135426243,0.6010746578107269,0.9626268480197718,True,510,309.36643484758434,64.85304886138078,0.048777311807269755,24.50190701249882,60,306.0,8.4147782637337,459,0.4649848828062115
3430,mixtura,packing_C,T06,largo,30,G2,3.8408216135426243,0.6010746578107269,0.9626268480197718,True,510,309.36643484758434,64.85304886138078,0.048777311807269755,24.50190701249882,60,306.0,8.4147782637337,460,0.4780220258537476
3430,mixtura,packing_C,T06,largo,30,G2,3.8408216135426243,0.6010746578107269,0.9626268480197718,True,510,309.36643484758434,64.85304886138078,0.048777311807269755,24.50190701249882,60,306.0,8.4147782637337,461,0.45411795045188996
3430,mixtura,packing_C,T06,largo,30,G2,3.8408216135426243,0.6010746578107269,0.9626268480197718,True,510,309.36643484758434,64.85304886138078,0.048777311807269755,24.50190701249882,60,306.0,8.4147782637337,462,0.4574712982457353
3430,mixtura,packing_C,T06,largo,30,G2,3.8408216135426243,0.6010746578107269,0.9626268480197718,True,510,309.36643484758434,64.85304886138078,0.048777311807269755,24.50190701249882,60,306.0,8.4147782637337,463,0.1655133285134387
3430,mixtura,packing_C,T06,largo,30,G2,3.8408216135426243,0.6010746578107269,0.9626268480197718,True,510,309.36643484758434,64.85304886138078,0.048777311807269755,24.50190701249882,60,306.0,8.4147782637337,464,0.0827563404837551
3430,mixtura,packing_C,T06,largo,30,G2,3.8408216135426243,0.6010746578107269,0.9626268480197718,True,510,309.36643484758434,64.85304886138078,0.048777311807269755,24.50190701249882,60,306.0,8.4147782637337,465,0.13258684217912908
3430,mixtura,packing_C,T06,largo,30,G2,3.8408216135426243,0.6010746578107269,0.9626268480197718,True,510,309.36643484758434,64.85304886138078,0.048777311807269755,24.50190701249882,60,306.0,8.4147782637337,466,-0.012988624229577972
3430,mixtura,packing_C,T06,largo,30,G2,3.8408216135426243,0.6010746578107269,0.9626268480197718,True,510,309.36643484758434,64.85304886138078,0.048777311807269755,24.50190701249882,60,306.0,8.4147782637337,467,-0.020442371477595728
3430,mixtura,packing_C,T06,largo,30,G2,3.8408216135426243,0.6010746578107269,0.9626268480197718,True,510,309.36643484758434,64.85304886138078,0.048777311807269755,24.50190701249882,60,306.0,8.4147782637337,468,-0.19227859503795636
3430,mixtura,packing_C,T06,largo,30,G2,3.8408216135426243,0.6010746578107269,0.9626268480197718,True,510,309.36643484758434,64.85304886138078,0.048777311807269755,24.50190701249882,60,306.0,8.4147782637337,469,-0.428240828503119
3430,mixtura,packing_C,T06,largo,30,G2,3.8408216135426243,0.6010746578107269,0.9626268480197718,True,510,309.36643484758434,64.85304886138078,0.048777311807269755,24.50190701249882,60,306.0,8.4147782637337,470,-0.4510281093400238
3430,mixtura,packing_C,T06,largo,30,G2,3.8408216135426243,0.6010746578107269,0.9626268480197718,True,510,309.36643484758434,64.85304886138078,0.048777311807269755,24.50190701249882,60,306.0,8.4147782637337,471,-0.2341761410848356
3430,mixtura,packing_C,T06,largo,30,G2,3.8408216135426243,0.6010746578107269,0.9626268480197718,True,510,309.36643484758434,64.85304886138078,0.048777311807269755,24.50190701249882,60,306.0,8.4147782637337,472,-0.6250096907295577
3430,mixtura,packing_C,T06,largo,30,G2,3.8408216135426243,0.6010746578107269,0.9626268480197718,True,510,309.36643484758434,64.85304886138078,0.048777311807269755,24.50190701249882,60,306.0,8.4147782637337,473,-0.5142762043961948
3430,mixtura,packing_C,T06,largo,30,G2,3.8408216135426243,0.6010746578107269,0.9626268480197718,True,510,309.36643484758434,64.85304886138078,0.048777311807269755,24.50190701249882,60,306.0,8.4147782637337,474,-0.574050960317412
3430,mixtura,packing_C,T06,largo,30,G2,3.8408216135426243,0.6010746578107269,0.9626268480197718,True,510,309.36643484758434,64.85304886138078,0.048777311807269755,24.50190701249882,60,306.0,8.4147782637337,475,-0.4308594000027817
3430,mixtura,packing_C,T06,largo,30,G2,3.8408216135426243,0.6010746578107269,0.9626268480197718,True,510,309.36643484758434,64.85304886138078,0.048777311807269755,24.50190701249882,60,306.0,8.4147782637337,476,-0.3230819349578155
3430,mixtura,packing_C,T06,largo,30,G2,3.8408216135426243,0.6010746578107269,0.9626268480197718,True,510,309.36643484758434,64.85304886138078,0.048777311807269755,24.50190701249882,60,306.0,8.4147782637337,477,-0.4162697812156019
3430,mixtura,packing_C,T06,largo,30,G2,3.8408216135426243,0.6010746578107269,0.9626268480197718,True,510,309.36643484758434,64.85304886138078,0.048777311807269755,24.50190701249882,60,306.0,8.4147782637337,478,-0.16892240754614715
3430,mixtura,packing_C,T06,largo,30,G2,3.8408216135426243,0.6010746578107269,0.9626268480197718,True,510,309.36643484758434,64.85304886138078,0.048777311807269755,24.50190701249882,60,306.0,8.4147782637337,479,-0.16582539676651475
3430,mixtura,packing_C,T06,largo,30,G2,3.8408216135426243,0.6010746578107269,0.9626268480197718,True,510,309.36643484758434,64.85304886138078,0.048777311807269755,24.50190701249882,60,306.0,8.4147782637337,480,0.1817268643194822
3430,mixtura,packing_C,T06,largo,30,G2,3.8408216135426243,0.6010746578107269,0.9626268480197718,True,510,309.36643484758434,64.85304886138078,0.048777311807269755,24.50190701249882,60,306.0,8.4147782637337,481,0.21506243892871746
3430,mixtura,packing_C,T06,largo,30,G2,3.8408216135426243,0.6010746578107269,0.9626268480197718,True,510,309.36643484758434,64.85304886138078,0.048777311807269755,24.50190701249882,60,306.0,8.4147782637337,482,0.3398569256795172
3430,mixtura,packing_C,T06,largo,30,G2,3.8408216135426243,0.6010746578107269,0.9626268480197718,True,510,309.36643484758434,64.85304886138078,0.048777311807269755,24.50190701249882,60,306.0,8.4147782637337,483,0.22181689159631263
3430,mixtura,packing_C,T06,largo,30,G2,3.8408216135426243,0.6010746578107269,0.9626268480197718,True,510,309.36643484758434,64.85304886138078,0.048777311807269755,24.50190701249882,60,306.0,8.4147782637337,484,0.3688075945803062
3430,mixtura,packing_C,T06,largo,30,G2,3.8408216135426243,0.6010746578107269,0.9626268480197718,True,510,309.36643484758434,64.85304886138078,0.048777311807269755,24.50190701249882,60,306.0,8.4147782637337,485,0.3175609961142932
3430,mixtura,packing_C,T06,largo,30,G2,3.8408216135426243,0.6010746578107269,0.9626268480197718,True,510,309.36643484758434,64.85304886138078,0.048777311807269755,24.50190701249882,60,306.0,8.4147782637337,486,0.633788816570956
3430,mixtura,packing_C,T06,largo,30,G2,3.8408216135426243,0.6010746578107269,0.9626268480197718,True,510,309.36643484758434,64.85304886138078,0.048777311807269755,24.50190701249882,60,306.0,8.4147782637337,487,0.7175636905768491
3430,mixtura,packing_C,T06,largo,30,G2,3.8408216135426243,0.6010746578107269,0.9626268480197718,True,510,309.36643484758434,64.85304886138078,0.048777311807269755,24.50190701249882,60,306.0,8.4147782637337,488,0.5164753810497426
3430,mixtura,packing_C,T06,largo,30,G2,3.8408216135426243,0.6010746578107269,0.9626268480197718,True,510,309.36643484758434,64.85304886138078,0.048777311807269755,24.50190701249882,60,306.0,8.4147782637337,489,0.5121539441672799
3430,mixtura,packing_C,T06,largo,30,G2,3.8408216135426243,0.6010746578107269,0.9626268480197718,True,510,309.36643484758434,64.85304886138078,0.048777311807269755,24.50190701249882,60,306.0,8.4147782637337,490,0.5397396614645131
3430,mixtura,packing_C,T06,largo,30,G2,3.8408216135426243,0.6010746578107269,0.9626268480197718,True,510,309.36643484758434,64.85304886138078,0.048777311807269755,24.50190701249882,60,306.0,8.4147782637337,491,0.4869625358868958
3430,mixtura,packing_C,T06,largo,30,G2,3.8408216135426243,0.6010746578107269,0.9626268480197718,True,510,309.36643484758434,64.85304886138078,0.048777311807269755,24.50190701249882,60,306.0,8.4147782637337,492,0.2705995423815004
3430,mixtura,packing_C,T06,largo,30,G2,3.8408216135426243,0.6010746578107269,0.9626268480197718,True,510,309.36643484758434,64.85304886138078,0.048777311807269755,24.50190701249882,60,306.0,8.4147782637337,493,0.20696025964296133
3430,mixtura,packing_C,T06,largo,30,G2,3.8408216135426243,0.6010746578107269,0.9626268480197718,True,510,309.36643484758434,64.85304886138078,0.048777311807269755,24.50190701249882,60,306.0,8.4147782637337,494,0.08782622973528699
3430,mixtura,packing_C,T06,largo,30,G2,3.8408216135426243,0.6010746578107269,0.9626268480197718,True,510,309.36643484758434,64.85304886138078,0.048777311807269755,24.50190701249882,60,306.0,8.4147782637337,495,0.028915802612543798
3430,mixtura,packing_C,T06,largo,30,G2,3.8408216135426243,0.6010746578107269,0.9626268480197718,True,510,309.36643484758434,64.85304886138078,0.048777311807269755,24.50190701249882,60,306.0,8.4147782637337,496,-0.12161642738645359
3430,mixtura,packing_C,T06,largo,30,G2,3.8408216135426243,0.6010746578107269,0.9626268480197718,True,510,309.36643484758434,64.85304886138078,0.048777311807269755,24.50190701249882,60,306.0,8.4147782637337,497,0.12046509679687811
3430,mixtura,packing_C,T06,largo,30,G2,3.8408216135426243,0.6010746578107269,0.9626268480197718,True,510,309.36643484758434,64.85304886138078,0.048777311807269755,24.50190701249882,60,306.0,8.4147782637337,498,-0.20128398832093103
3430,mixtura,packing_C,T06,largo,30,G2,3.8408216135426243,0.6010746578107269,0.9626268480197718,True,510,309.36643484758434,64.85304886138078,0.048777311807269755,24.50190701249882,60,306.0,8.4147782637337,499,-0.46109860669261615
3430,mixtura,packing_C,T06,largo,30,G2,3.8408216135426243,0.6010746578107269,0.9626268480197718,True,510,309.36643484758434,64.85304886138078,0.048777311807269755,24.50190701249882,60,306.0,8.4147782637337,500,-0.45151395422119744
3430,mixtura,packing_C,T06,largo,30,G2,3.8408216135426243,0.6010746578107269,0.9626268480197718,True,510,309.36643484758434,64.85304886138078,0.048777311807269755,24.50190701249882,60,306.0,8.4147782637337,501,-0.4577402005606664
3430,mixtura,packing_C,T06,largo,30,G2,3.8408216135426243,0.6010746578107269,0.9626268480197718,True,510,309.36643484758434,64.85304886138078,0.048777311807269755,24.50190701249882,60,306.0,8.4147782637337,502,-0.3829592260480195
3430,mixtura,packing_C,T06,largo,30,G2,3.8408216135426243,0.6010746578107269,0.9626268480197718,True,510,309.36643484758434,64.85304886138078,0.048777311807269755,24.50190701249882,60,306.0,8.4147782637337,503,-0.3252518758754954
3430,mixtura,packing_C,T06,largo,30,G2,3.8408216135426243,0.6010746578107269,0.9626268480197718,True,510,309.36643484758434,64.85304886138078,0.048777311807269755,24.50190701249882,60,306.0,8.4147782637337,504,-0.3012876520086072
3430,mixtura,packing_C,T06,largo,30,G2,3.8408216135426243,0.6010746578107269,0.9626268480197718,True,510,309.36643484758434,64.85304886138078,0.048777311807269755,24.50190701249882,60,306.0,8.4147782637337,505,-0.2949314432804966
3430,mixtura,packing_C,T06,largo,30,G2,3.8408216135426243,0.6010746578107269,0.9626268480197718,True,510,309.36643484758434,64.85304886138078,0.048777311807269755,24.50190701249882,60,306.0,8.4147782637337,506,-0.28134172316624917
3430,mixtura,packing_C,T06,largo,30,G2,3.8408216135426243,0.6010746578107269,0.9626268480197718,True,510,309.36643484758434,64.85304886138078,0.048777311807269755,24.50190701249882,60,306.0,8.4147782637337,507,-0.12013834722994683
3430,mixtura,packing_C,T06,largo,30,G2,3.8408216135426243,0.6010746578107269,0.9626268480197718,True,510,309.36643484758434,64.85304886138078,0.048777311807269755,24.50190701249882,60,306.0,8.4147782637337,508,-0.2553180704707866
3430,mixtura,packing_C,T06,largo,30,G2,3.8408216135426243,0.6010746578107269,0.9626268480197718,True,510,309.36643484758434,64.85304886138078,0.048777311807269755,24.50190701249882,60,306.0,8.4147782637337,509,-0.00535887145934269
