proceso_id,epoca,packing,tunel,tipo_tunel,iteracion,mass_group,masa_ton,ocupabilidad,caudal_factor,anomalia_duracion,duracion_min,duracion_esperada_min,delta_duracion_pct,setpoint,T0,pct_transitorio,t_trans_min,overshoot_pct,tiempo_min,temperatura
2269,uva,packing_C,T07,largo,29,G4,8.927766602146715,0.6573080973577838,0.881801200824207,False,445,456.02987296947083,-2.418673342088103,-0.4210605968404416,23.01607053678361,60,267.0,11.04351815186412,0,23.111257455472696
2269,uva,packing_C,T07,largo,29,G4,8.927766602146715,0.6573080973577838,0.881801200824207,False,445,456.02987296947083,-2.418673342088103,-0.4210605968404416,23.01607053678361,60,267.0,11.04351815186412,1,22.79940261508854
2269,uva,packing_C,T07,largo,29,G4,8.927766602146715,0.6573080973577838,0.881801200824207,False,445,456.02987296947083,-2.418673342088103,-0.4210605968404416,23.01607053678361,60,267.0,11.04351815186412,2,22.674500324368346
2269,uva,packing_C,T07,largo,29,G4,8.927766602146715,0.6573080973577838,0.881801200824207,False,445,456.02987296947083,-2.418673342088103,-0.4210605968404416,23.01607053678361,60,267.0,11.04351815186412,3,22.398179508505958
2269,uva,packing_C,T07,largo,29,G4,8.927766602146715,0.6573080973577838,0.881801200824207,False,445,456.02987296947083,-2.418673342088103,-0.4210605968404416,23.01607053678361,60,267.0,11.04351815186412,4,21.937762432132665
2269,uva,packing_C,T07,largo,29,G4,8.927766602146715,0.6573080973577838,0.881801200824207,False,445,456.02987296947083,-2.418673342088103,-0.4210605968404416,23.01607053678361,60,267.0,11.04351815186412,5,21.796313569907213
2269,uva,packing_C,T07,largo,29,G4,8.927766602146715,0.6573080973577838,0.881801200824207,False,445,456.02987296947083,-2.418673342088103,-0.4210605968404416,23.01607053678361,60,267.0,11.04351815186412,6,21.600877166637208
2269,uva,packing_C,T07,largo,29,G4,8.927766602146715,0.6573080973577838,0.881801200824207,False,445,456.02987296947083,-2.418673342088103,-0.4210605968404416,23.01607053678361,60,267.0,11.04351815186412,7,21.250578054790175
2269,uva,packing_C,T07,largo,29,G4,8.927766602146715,0.6573080973577838,0.881801200824207,False,445,456.02987296947083,-2.418673342088103,-0.4210605968404416,23.01607053678361,60,267.0,11.04351815186412,8,21.039412468676094
2269,uva,packing_C,T07,largo,29,G4,8.927766602146715,0.6573080973577838,0.881801200824207,False,445,456.02987296947083,-2.418673342088103,-0.4210605968404416,23.01607053678361,60,267.0,11.04351815186412,9,21.012130709464614
2269,uva,packing_C,T07,largo,29,G4,8.927766602146715,0.6573080973577838,0.881801200824207,False,445,456.02987296947083,-2.418673342088103,-0.4210605968404416,23.01607053678361,60,267.0,11.04351815186412,10,20.77101427434114
2269,uva,packing_C,T07,largo,29,G4,8.927766602146715,0.6573080973577838,0.881801200824207,False,445,456.02987296947083,-2.418673342088103,-0.4210605968404416,23.01607053678361,60,267.0,11.04351815186412,11,20.29714515855361
2269,uva,packing_C,T07,largo,29,G4,8.927766602146715,0.6573080973577838,0.881801200824207,False,445,456.02987296947083,-2.418673342088103,-0.4210605968404416,23.01607053678361,60,267.0,11.04351815186412,12,19.933341003394418
2269,uva,packing_C,T07,largo,29,G4,8.927766602146715,0.6573080973577838,0.881801200824207,False,445,456.02987296947083,-2.418673342088103,-0.4210605968404416,23.01607053678361,60,267.0,11.04351815186412,13,19.68021564880011
2269,uva,packing_C,T07,largo,29,G4,8.927766602146715,0.6573080973577838,0.881801200824207,False,445,456.02987296947083,-2.418673342088103,-0.4210605968404416,23.01607053678361,60,267.0,11.04351815186412,14,19.424560484965227
2269,uva,packing_C,T07,largo,29,G4,8.927766602146715,0.6573080973577838,0.881801200824207,False,445,456.02987296947083,-2.418673342088103,-0.4210605968404416,23.01607053678361,60,267.0,11.04351815186412,15,19.18657660240341
2269,uva,packing_C,T07,largo,29,G4,8.927766602146715,0.6573080973577838,0.881801200824207,False,445,456.02987296947083,-2.418673342088103,-0.4210605968404416,23.01607053678361,60,267.0,11.04351815186412,16,18.89583673595472
2269,uva,packing_C,T07,largo,29,G4,8.927766602146715,0.6573080973577838,0.881801200824207,False,445,456.02987296947083,-2.418673342088103,-0.4210605968404416,23.01607053678361,60,267.0,11.04351815186412,17,18.602281856611306
2269,uva,packing_C,T07,largo,29,G4,8.927766602146715,0.6573080973577838,0.881801200824207,False,445,456.02987296947083,-2.418673342088103,-0.4210605968404416,23.01607053678361,60,267.0,11.04351815186412,18,18.382300618937872
2269,uva,packing_C,T07,largo,29,G4,8.927766602146715,0.6573080973577838,0.881801200824207,False,445,456.02987296947083,-2.418673342088103,-0.4210605968404416,23.01607053678361,60,267.0,11.04351815186412,19,18.15101044048479
2269,uva,packing_C,T07,largo,29,G4,8.927766602146715,0.6573080973577838,0.881801200824207,False,445,456.02987296947083,-2.418673342088103,-0.4210605968404416,23.01607053678361,60,267.0,11.04351815186412,20,17.806855605119377
2269,uva,packing_C,T07,largo,29,G4,8.927766602146715,0.6573080973577838,0.881801200824207,False,445,456.02987296947083,-2.418673342088103,-0.4210605968404416,23.01607053678361,60,267.0,11.04351815186412,21,17.397569127301814
2269,uva,packing_C,T07,largo,29,G4,8.927766602146715,0.6573080973577838,0.881801200824207,False,445,456.02987296947083,-2.418673342088103,-0.4210605968404416,23.01607053678361,60,267.0,11.04351815186412,22,17.176296646698237
2269,uva,packing_C,T07,largo,29,G4,8.927766602146715,0.6573080973577838,0.881801200824207,False,445,456.02987296947083,-2.418673342088103,-0.4210605968404416,23.01607053678361,60,267.0,11.04351815186412,23,16.858066993395667
2269,uva,packing_C,T07,largo,29,G4,8.927766602146715,0.6573080973577838,0.881801200824207,False,445,456.02987296947083,-2.418673342088103,-0.4210605968404416,23.01607053678361,60,267.0,11.04351815186412,24,16.774388240986912
2269,uva,packing_C,T07,largo,29,G4,8.927766602146715,0.6573080973577838,0.881801200824207,False,445,456.02987296947083,-2.418673342088103,-0.4210605968404416,23.01607053678361,60,267.0,11.04351815186412,25,16.3391758887985
2269,uva,packing_C,T07,largo,29,G4,8.927766602146715,0.6573080973577838,0.881801200824207,False,445,456.02987296947083,-2.418673342088103,-0.4210605968404416,23.01607053678361,60,267.0,11.04351815186412,26,16.156577897142387
2269,uva,packing_C,T07,largo,29,G4,8.927766602146715,0.6573080973577838,0.881801200824207,False,445,456.02987296947083,-2.418673342088103,-0.4210605968404416,23.01607053678361,60,267.0,11.04351815186412,27,15.716742045879181
2269,uva,packing_C,T07,largo,29,G4,8.927766602146715,0.6573080973577838,0.881801200824207,False,445,456.02987296947083,-2.418673342088103,-0.4210605968404416,23.01607053678361,60,267.0,11.04351815186412,28,15.583939610942398
2269,uva,packing_C,T07,largo,29,G4,8.927766602146715,0.6573080973577838,0.881801200824207,False,445,456.02987296947083,-2.418673342088103,-0.4210605968404416,23.01607053678361,60,267.0,11.04351815186412,29,15.257223540828218
2269,uva,packing_C,T07,largo,29,G4,8.927766602146715,0.6573080973577838,0.881801200824207,False,445,456.02987296947083,-2.418673342088103,-0.4210605968404416,23.01607053678361,60,267.0,11.04351815186412,30,14.767531224515343
2269,uva,packing_C,T07,largo,29,G4,8.927766602146715,0.6573080973577838,0.881801200824207,False,445,456.02987296947083,-2.418673342088103,-0.4210605968404416,23.01607053678361,60,267.0,11.04351815186412,31,14.536692968870357
2269,uva,packing_C,T07,largo,29,G4,8.927766602146715,0.6573080973577838,0.881801200824207,False,445,456.02987296947083,-2.418673342088103,-0.4210605968404416,23.01607053678361,60,267.0,11.04351815186412,32,14.18634658653871
2269,uva,packing_C,T07,largo,29,G4,8.927766602146715,0.6573080973577838,0.881801200824207,False,445,456.02987296947083,-2.418673342088103,-0.4210605968404416,23.01607053678361,60,267.0,11.04351815186412,33,13.905511604014475
2269,uva,packing_C,T07,largo,29,G4,8.927766602146715,0.6573080973577838,0.881801200824207,False,445,456.02987296947083,-2.418673342088103,-0.4210605968404416,23.01607053678361,60,267.0,11.04351815186412,34,13.692270517737272
2269,uva,packing_C,T07,largo,29,G4,8.927766602146715,0.6573080973577838,0.881801200824207,False,445,456.02987296947083,-2.418673342088103,-0.4210605968404416,23.01607053678361,60,267.0,11.04351815186412,35,13.358089185052366
2269,uva,packing_C,T07,largo,29,G4,8.927766602146715,0.6573080973577838,0.881801200824207,False,445,456.02987296947083,-2.418673342088103,-0.4210605968404416,23.01607053678361,60,267.0,11.04351815186412,36,12.9417026884167
2269,uva,packing_C,T07,largo,29,G4,8.927766602146715,0.6573080973577838,0.881801200824207,False,445,456.02987296947083,-2.418673342088103,-0.4210605968404416,23.01607053678361,60,267.0,11.04351815186412,37,12.671261700445196
2269,uva,packing_C,T07,largo,29,G4,8.927766602146715,0.6573080973577838,0.881801200824207,False,445,456.02987296947083,-2.418673342088103,-0.4210605968404416,23.01607053678361,60,267.0,11.04351815186412,38,12.308606494718154
2269,uva,packing_C,T07,largo,29,G4,8.927766602146715,0.6573080973577838,0.881801200824207,False,445,456.02987296947083,-2.418673342088103,-0.4210605968404416,23.01607053678361,60,267.0,11.04351815186412,39,12.25993976475365
2269,uva,packing_C,T07,largo,29,G4,8.927766602146715,0.6573080973577838,0.881801200824207,False,445,456.02987296947083,-2.418673342088103,-0.4210605968404416,23.01607053678361,60,267.0,11.04351815186412,40,11.859814261471698
2269,uva,packing_C,T07,largo,29,G4,8.927766602146715,0.6573080973577838,0.881801200824207,False,445,456.02987296947083,-2.418673342088103,-0.4210605968404416,23.01607053678361,60,267.0,11.04351815186412,41,11.414356408716262
2269,uva,packing_C,T07,largo,29,G4,8.927766602146715,0.6573080973577838,0.881801200824207,False,445,456.02987296947083,-2.418673342088103,-0.4210605968404416,23.01607053678361,60,267.0,11.04351815186412,42,11.165653576110474
2269,uva,packing_C,T07,largo,29,G4,8.927766602146715,0.6573080973577838,0.881801200824207,False,445,456.02987296947083,-2.418673342088103,-0.4210605968404416,23.01607053678361,60,267.0,11.04351815186412,43,10.960271552546471
2269,uva,packing_C,T07,largo,29,G4,8.927766602146715,0.6573080973577838,0.881801200824207,False,445,456.02987296947083,-2.418673342088103,-0.4210605968404416,23.01607053678361,60,267.0,11.04351815186412,44,10.49791540940543
2269,uva,packing_C,T07,largo,29,G4,8.927766602146715,0.6573080973577838,0.881801200824207,False,445,456.02987296947083,-2.418673342088103,-0.4210605968404416,23.01607053678361,60,267.0,11.04351815186412,45,10.153165734480423
2269,uva,packing_C,T07,largo,29,G4,8.927766602146715,0.6573080973577838,0.881801200824207,False,445,456.02987296947083,-2.418673342088103,-0.4210605968404416,23.01607053678361,60,267.0,11.04351815186412,46,10.224183588994194
2269,uva,packing_C,T07,largo,29,G4,8.927766602146715,0.6573080973577838,0.881801200824207,False,445,456.02987296947083,-2.418673342088103,-0.4210605968404416,23.01607053678361,60,267.0,11.04351815186412,47,9.681774752249156
2269,uva,packing_C,T07,largo,29,G4,8.927766602146715,0.6573080973577838,0.881801200824207,False,445,456.02987296947083,-2.418673342088103,-0.4210605968404416,23.01607053678361,60,267.0,11.04351815186412,48,9.277263741509081
2269,uva,packing_C,T07,largo,29,G4,8.927766602146715,0.6573080973577838,0.881801200824207,False,445,456.02987296947083,-2.418673342088103,-0.4210605968404416,23.01607053678361,60,267.0,11.04351815186412,49,9.079392315392258
2269,uva,packing_C,T07,largo,29,G4,8.927766602146715,0.6573080973577838,0.881801200824207,False,445,456.02987296947083,-2.418673342088103,-0.4210605968404416,23.01607053678361,60,267.0,11.04351815186412,50,8.843326476828015
2269,uva,packing_C,T07,largo,29,G4,8.927766602146715,0.6573080973577838,0.881801200824207,False,445,456.02987296947083,-2.418673342088103,-0.4210605968404416,23.01607053678361,60,267.0,11.04351815186412,51,8.46452959892366
2269,uva,packing_C,T07,largo,29,G4,8.927766602146715,0.6573080973577838,0.881801200824207,False,445,456.02987296947083,-2.418673342088103,-0.4210605968404416,23.01607053678361,60,267.0,11.04351815186412,52,8.246974035218765
2269,uva,packing_C,T07,largo,29,G4,8.927766602146715,0.6573080973577838,0.881801200824207,False,445,456.02987296947083,-2.418673342088103,-0.4210605968404416,23.01607053678361,60,267.0,11.04351815186412,53,7.966614734626735
2269,uva,packing_C,T07,largo,29,G4,8.927766602146715,0.6573080973577838,0.881801200824207,False,445,456.02987296947083,-2.418673342088103,-0.4210605968404416,23.01607053678361,60,267.0,11.04351815186412,54,7.821935260427322
2269,uva,packing_C,T07,largo,29,G4,8.927766602146715,0.6573080973577838,0.881801200824207,False,445,456.02987296947083,-2.418673342088103,-0.4210605968404416,23.01607053678361,60,267.0,11.04351815186412,55,7.25130566543174
2269,uva,packing_C,T07,largo,29,G4,8.927766602146715,0.6573080973577838,0.881801200824207,False,445,456.02987296947083,-2.418673342088103,-0.4210605968404416,23.01607053678361,60,267.0,11.04351815186412,56,6.927032752913561
2269,uva,packing_C,T07,largo,29,G4,8.927766602146715,0.6573080973577838,0.881801200824207,False,445,456.02987296947083,-2.418673342088103,-0.4210605968404416,23.01607053678361,60,267.0,11.04351815186412,57,6.701180156168758
2269,uva,packing_C,T07,largo,29,G4,8.927766602146715,0.6573080973577838,0.881801200824207,False,445,456.02987296947083,-2.418673342088103,-0.4210605968404416,23.01607053678361,60,267.0,11.04351815186412,58,6.349050747974896
2269,uva,packing_C,T07,largo,29,G4,8.927766602146715,0.6573080973577838,0.881801200824207,False,445,456.02987296947083,-2.418673342088103,-0.4210605968404416,23.01607053678361,60,267.0,11.04351815186412,59,6.184082985005512
2269,uva,packing_C,T07,largo,29,G4,8.927766602146715,0.6573080973577838,0.881801200824207,False,445,456.02987296947083,-2.418673342088103,-0.4210605968404416,23.01607053678361,60,267.0,11.04351815186412,60,5.839261537975644
2269,uva,packing_C,T07,largo,29,G4,8.927766602146715,0.6573080973577838,0.881801200824207,False,445,456.02987296947083,-2.418673342088103,-0.4210605968404416,23.01607053678361,60,267.0,11.04351815186412,61,5.6542145987449794
2269,uva,packing_C,T07,largo,29,G4,8.927766602146715,0.6573080973577838,0.881801200824207,False,445,456.02987296947083,-2.418673342088103,-0.4210605968404416,23.01607053678361,60,267.0,11.04351815186412,62,5.385505342985372
2269,uva,packing_C,T07,largo,29,G4,8.927766602146715,0.6573080973577838,0.881801200824207,False,445,456.02987296947083,-2.418673342088103,-0.4210605968404416,23.01607053678361,60,267.0,11.04351815186412,63,4.979331011731843
2269,uva,packing_C,T07,largo,29,G4,8.927766602146715,0.6573080973577838,0.881801200824207,False,445,456.02987296947083,-2.418673342088103,-0.4210605968404416,23.01607053678361,60,267.0,11.04351815186412,64,4.7260703940639806
2269,uva,packing_C,T07,largo,29,G4,8.927766602146715,0.6573080973577838,0.881801200824207,False,445,456.02987296947083,-2.418673342088103,-0.4210605968404416,23.01607053678361,60,267.0,11.04351815186412,65,4.269430585089946
2269,uva,packing_C,T07,largo,29,G4,8.927766602146715,0.6573080973577838,0.881801200824207,False,445,456.02987296947083,-2.418673342088103,-0.4210605968404416,23.01607053678361,60,267.0,11.04351815186412,66,4.267899776201945
2269,uva,packing_C,T07,largo,29,G4,8.927766602146715,0.6573080973577838,0.881801200824207,False,445,456.02987296947083,-2.418673342088103,-0.4210605968404416,23.01607053678361,60,267.0,11.04351815186412,67,3.7984311681827063
2269,uva,packing_C,T07,largo,29,G4,8.927766602146715,0.6573080973577838,0.881801200824207,False,445,456.02987296947083,-2.418673342088103,-0.4210605968404416,23.01607053678361,60,267.0,11.04351815186412,68,3.688513752272728
2269,uva,packing_C,T07,largo,29,G4,8.927766602146715,0.6573080973577838,0.881801200824207,False,445,456.02987296947083,-2.418673342088103,-0.4210605968404416,23.01607053678361,60,267.0,11.04351815186412,69,3.4405262692660283
2269,uva,packing_C,T07,largo,29,G4,8.927766602146715,0.6573080973577838,0.881801200824207,False,445,456.02987296947083,-2.418673342088103,-0.4210605968404416,23.01607053678361,60,267.0,11.04351815186412,70,2.996680424937424
2269,uva,packing_C,T07,largo,29,G4,8.927766602146715,0.6573080973577838,0.881801200824207,False,445,456.02987296947083,-2.418673342088103,-0.4210605968404416,23.01607053678361,60,267.0,11.04351815186412,71,2.895173352413365
2269,uva,packing_C,T07,largo,29,G4,8.927766602146715,0.6573080973577838,0.881801200824207,False,445,456.02987296947083,-2.418673342088103,-0.4210605968404416,23.01607053678361,60,267.0,11.04351815186412,72,2.5083976995537984
2269,uva,packing_C,T07,largo,29,G4,8.927766602146715,0.6573080973577838,0.881801200824207,False,445,456.02987296947083,-2.418673342088103,-0.4210605968404416,23.01607053678361,60,267.0,11.04351815186412,73,2.3029041993467874
2269,uva,packing_C,T07,largo,29,G4,8.927766602146715,0.6573080973577838,0.881801200824207,False,445,456.02987296947083,-2.418673342088103,-0.4210605968404416,23.01607053678361,60,267.0,11.04351815186412,74,2.0470127123056368
2269,uva,packing_C,T07,largo,29,G4,8.927766602146715,0.6573080973577838,0.881801200824207,False,445,456.02987296947083,-2.418673342088103,-0.4210605968404416,23.01607053678361,60,267.0,11.04351815186412,75,1.933519320768216
2269,uva,packing_C,T07,largo,29,G4,8.927766602146715,0.6573080973577838,0.881801200824207,False,445,456.02987296947083,-2.418673342088103,-0.4210605968404416,23.01607053678361,60,267.0,11.04351815186412,76,1.7278575971051202
2269,uva,packing_C,T07,largo,29,G4,8.927766602146715,0.6573080973577838,0.881801200824207,False,445,456.02987296947083,-2.418673342088103,-0.4210605968404416,23.01607053678361,60,267.0,11.04351815186412,77,1.5592684243895012
2269,uva,packing_C,T07,largo,29,G4,8.927766602146715,0.6573080973577838,0.881801200824207,False,445,456.02987296947083,-2.418673342088103,-0.4210605968404416,23.01607053678361,60,267.0,11.04351815186412,78,1.0760885238470292
2269,uva,packing_C,T07,largo,29,G4,8.927766602146715,0.6573080973577838,0.881801200824207,False,445,456.02987296947083,-2.418673342088103,-0.4210605968404416,23.01607053678361,60,267.0,11.04351815186412,79,1.0410145997644429
2269,uva,packing_C,T07,largo,29,G4,8.927766602146715,0.6573080973577838,0.881801200824207,False,445,456.02987296947083,-2.418673342088103,-0.4210605968404416,23.01607053678361,60,267.0,11.04351815186412,80,0.7170006769258805
2269,uva,packing_C,T07,largo,29,G4,8.927766602146715,0.6573080973577838,0.881801200824207,False,445,456.02987296947083,-2.418673342088103,-0.4210605968404416,23.01607053678361,60,267.0,11.04351815186412,81,0.5954488216124215
2269,uva,packing_C,T07,largo,29,G4,8.927766602146715,0.6573080973577838,0.881801200824207,False,445,456.02987296947083,-2.418673342088103,-0.4210605968404416,23.01607053678361,60,267.0,11.04351815186412,82,0.3139531955462532
2269,uva,packing_C,T07,largo,29,G4,8.927766602146715,0.6573080973577838,0.881801200824207,False,445,456.02987296947083,-2.418673342088103,-0.4210605968404416,23.01607053678361,60,267.0,11.04351815186412,83,-0.035081862467101696
2269,uva,packing_C,T07,largo,29,G4,8.927766602146715,0.6573080973577838,0.881801200824207,False,445,456.02987296947083,-2.418673342088103,-0.4210605968404416,23.01607053678361,60,267.0,11.04351815186412,84,-0.21070723029237332
2269,uva,packing_C,T07,largo,29,G4,8.927766602146715,0.6573080973577838,0.881801200824207,False,445,456.02987296947083,-2.418673342088103,-0.4210605968404416,23.01607053678361,60,267.0,11.04351815186412,85,-0.5374578025843192
2269,uva,packing_C,T07,largo,29,G4,8.927766602146715,0.6573080973577838,0.881801200824207,False,445,456.02987296947083,-2.418673342088103,-0.4210605968404416,23.01607053678361,60,267.0,11.04351815186412,86,-0.5786655583504048
2269,uva,packing_C,T07,largo,29,G4,8.927766602146715,0.6573080973577838,0.881801200824207,False,445,456.02987296947083,-2.418673342088103,-0.4210605968404416,23.01607053678361,60,267.0,11.04351815186412,87,-0.6572363502331875
2269,uva,packing_C,T07,largo,29,G4,8.927766602146715,0.6573080973577838,0.881801200824207,False,445,456.02987296947083,-2.418673342088103,-0.4210605968404416,23.01607053678361,60,267.0,11.04351815186412,88,-0.9243504894908121
2269,uva,packing_C,T07,largo,29,G4,8.927766602146715,0.6573080973577838,0.881801200824207,False,445,456.02987296947083,-2.418673342088103,-0.4210605968404416,23.01607053678361,60,267.0,11.04351815186412,89,-1.2180512653939506
2269,uva,packing_C,T07,largo,29,G4,8.927766602146715,0.6573080973577838,0.881801200824207,False,445,456.02987296947083,-2.418673342088103,-0.4210605968404416,23.01607053678361,60,267.0,11.04351815186412,90,-1.439844629666987
2269,uva,packing_C,T07,largo,29,G4,8.927766602146715,0.6573080973577838,0.881801200824207,False,445,456.02987296947083,-2.418673342088103,-0.4210605968404416,23.01607053678361,60,267.0,11.04351815186412,91,-1.4537279902942146
2269,uva,packing_C,T07,largo,29,G4,8.927766602146715,0.6573080973577838,0.881801200824207,False,445,456.02987296947083,-2.418673342088103,-0.4210605968404416,23.01607053678361,60,267.0,11.04351815186412,92,-1.6646329814395973
2269,uva,packing_C,T07,largo,29,G4,8.927766602146715,0.6573080973577838,0.881801200824207,False,445,456.02987296947083,-2.418673342088103,-0.4210605968404416,23.01607053678361,60,267.0,11.04351815186412,93,-1.9004257524368668
2269,uva,packing_C,T07,largo,29,G4,8.927766602146715,0.6573080973577838,0.881801200824207,False,445,456.02987296947083,-2.418673342088103,-0.4210605968404416,23.01607053678361,60,267.0,11.04351815186412,94,-2.1274837366349355
2269,uva,packing_C,T07,largo,29,G4,8.927766602146715,0.6573080973577838,0.881801200824207,False,445,456.02987296947083,-2.418673342088103,-0.4210605968404416,23.01607053678361,60,267.0,11.04351815186412,95,-2.4362394311162547
2269,uva,packing_C,T07,largo,29,G4,8.927766602146715,0.6573080973577838,0.881801200824207,False,445,456.02987296947083,-2.418673342088103,-0.4210605968404416,23.01607053678361,60,267.0,11.04351815186412,96,-2.6081534020737585
2269,uva,packing_C,T07,largo,29,G4,8.927766602146715,0.6573080973577838,0.881801200824207,False,445,456.02987296947083,-2.418673342088103,-0.4210605968404416,23.01607053678361,60,267.0,11.04351815186412,97,-2.8445204808519704
2269,uva,packing_C,T07,largo,29,G4,8.927766602146715,0.6573080973577838,0.881801200824207,False,445,456.02987296947083,-2.418673342088103,-0.4210605968404416,23.01607053678361,60,267.0,11.04351815186412,98,-2.868482997233933
2269,uva,packing_C,T07,largo,29,G4,8.927766602146715,0.6573080973577838,0.881801200824207,False,445,456.02987296947083,-2.418673342088103,-0.4210605968404416,23.01607053678361,60,267.0,11.04351815186412,99,-3.074033506294858
2269,uva,packing_C,T07,largo,29,G4,8.927766602146715,0.6573080973577838,0.881801200824207,False,445,456.02987296947083,-2.418673342088103,-0.4210605968404416,23.01607053678361,60,267.0,11.04351815186412,100,-3.2005817282060978
2269,uva,packing_C,T07,largo,29,G4,8.927766602146715,0.6573080973577838,0.881801200824207,False,445,456.02987296947083,-2.418673342088103,-0.4210605968404416,23.01607053678361,60,267.0,11.04351815186412,101,-3.3854222241919047
2269,uva,packing_C,T07,largo,29,G4,8.927766602146715,0.6573080973577838,0.881801200824207,False,445,456.02987296947083,-2.418673342088103,-0.4210605968404416,23.01607053678361,60,267.0,11.04351815186412,102,-3.6886899126791444
2269,uva,packing_C,T07,largo,29,G4,8.927766602146715,0.6573080973577838,0.881801200824207,False,445,456.02987296947083,-2.418673342088103,-0.4210605968404416,23.01607053678361,60,267.0,11.04351815186412,103,-3.6654421404966544
2269,uva,packing_C,T07,largo,29,G4,8.927766602146715,0.6573080973577838,0.881801200824207,False,445,456.02987296947083,-2.418673342088103,-0.4210605968404416,23.01607053678361,60,267.0,11.04351815186412,104,-3.8569699115892737
2269,uva,packing_C,T07,largo,29,G4,8.927766602146715,0.6573080973577838,0.881801200824207,False,445,456.02987296947083,-2.418673342088103,-0.4210605968404416,23.01607053678361,60,267.0,11.04351815186412,105,-3.988070470755069
2269,uva,packing_C,T07,largo,29,G4,8.927766602146715,0.6573080973577838,0.881801200824207,False,445,456.02987296947083,-2.418673342088103,-0.4210605968404416,23.01607053678361,60,267.0,11.04351815186412,106,-4.282921870386982
2269,uva,packing_C,T07,largo,29,G4,8.927766602146715,0.6573080973577838,0.881801200824207,False,445,456.02987296947083,-2.418673342088103,-0.4210605968404416,23.01607053678361,60,267.0,11.04351815186412,107,-4.3604955673729435
2269,uva,packing_C,T07,largo,29,G4,8.927766602146715,0.6573080973577838,0.881801200824207,False,445,456.02987296947083,-2.418673342088103,-0.4210605968404416,23.01607053678361,60,267.0,11.04351815186412,108,-4.370894752740494
2269,uva,packing_C,T07,largo,29,G4,8.927766602146715,0.6573080973577838,0.881801200824207,False,445,456.02987296947083,-2.418673342088103,-0.4210605968404416,23.01607053678361,60,267.0,11.04351815186412,109,-4.6303505175497675
2269,uva,packing_C,T07,largo,29,G4,8.927766602146715,0.6573080973577838,0.881801200824207,False,445,456.02987296947083,-2.418673342088103,-0.4210605968404416,23.01607053678361,60,267.0,11.04351815186412,110,-4.6228579552362845
2269,uva,packing_C,T07,largo,29,G4,8.927766602146715,0.6573080973577838,0.881801200824207,False,445,456.02987296947083,-2.418673342088103,-0.4210605968404416,23.01607053678361,60,267.0,11.04351815186412,111,-4.8954303367619545
2269,uva,packing_C,T07,largo,29,G4,8.927766602146715,0.6573080973577838,0.881801200824207,False,445,456.02987296947083,-2.418673342088103,-0.4210605968404416,23.01607053678361,60,267.0,11.04351815186412,112,-4.922847029528016
2269,uva,packing_C,T07,largo,29,G4,8.927766602146715,0.6573080973577838,0.881801200824207,False,445,456.02987296947083,-2.418673342088103,-0.4210605968404416,23.01607053678361,60,267.0,11.04351815186412,113,-5.0759995351635965
2269,uva,packing_C,T07,largo,29,G4,8.927766602146715,0.6573080973577838,0.881801200824207,False,445,456.02987296947083,-2.418673342088103,-0.4210605968404416,23.01607053678361,60,267.0,11.04351815186412,114,-5.326299086665288
2269,uva,packing_C,T07,largo,29,G4,8.927766602146715,0.6573080973577838,0.881801200824207,False,445,456.02987296947083,-2.418673342088103,-0.4210605968404416,23.01607053678361,60,267.0,11.04351815186412,115,-5.535760149567676
2269,uva,packing_C,T07,largo,29,G4,8.927766602146715,0.6573080973577838,0.881801200824207,False,445,456.02987296947083,-2.418673342088103,-0.4210605968404416,23.01607053678361,60,267.0,11.04351815186412,116,-5.309859235195434
2269,uva,packing_C,T07,largo,29,G4,8.927766602146715,0.6573080973577838,0.881801200824207,False,445,456.02987296947083,-2.418673342088103,-0.4210605968404416,23.01607053678361,60,267.0,11.04351815186412,117,-5.41738079764753
2269,uva,packing_C,T07,largo,29,G4,8.927766602146715,0.6573080973577838,0.881801200824207,False,445,456.02987296947083,-2.418673342088103,-0.4210605968404416,23.01607053678361,60,267.0,11.04351815186412,118,-5.4807617829682895
2269,uva,packing_C,T07,largo,29,G4,8.927766602146715,0.6573080973577838,0.881801200824207,False,445,456.02987296947083,-2.418673342088103,-0.4210605968404416,23.01607053678361,60,267.0,11.04351815186412,119,-5.750503709068046
2269,uva,packing_C,T07,largo,29,G4,8.927766602146715,0.6573080973577838,0.881801200824207,False,445,456.02987296947083,-2.418673342088103,-0.4210605968404416,23.01607053678361,60,267.0,11.04351815186412,120,-5.937060227946961
2269,uva,packing_C,T07,largo,29,G4,8.927766602146715,0.6573080973577838,0.881801200824207,False,445,456.02987296947083,-2.418673342088103,-0.4210605968404416,23.01607053678361,60,267.0,11.04351815186412,121,-5.969483421315761
2269,uva,packing_C,T07,largo,29,G4,8.927766602146715,0.6573080973577838,0.881801200824207,False,445,456.02987296947083,-2.418673342088103,-0.4210605968404416,23.01607053678361,60,267.0,11.04351815186412,122,-6.1074888562420835
2269,uva,packing_C,T07,largo,29,G4,8.927766602146715,0.6573080973577838,0.881801200824207,False,445,456.02987296947083,-2.418673342088103,-0.4210605968404416,23.01607053678361,60,267.0,11.04351815186412,123,-5.959427152708366
2269,uva,packing_C,T07,largo,29,G4,8.927766602146715,0.6573080973577838,0.881801200824207,False,445,456.02987296947083,-2.418673342088103,-0.4210605968404416,23.01607053678361,60,267.0,11.04351815186412,124,-6.291895067286277
2269,uva,packing_C,T07,largo,29,G4,8.927766602146715,0.6573080973577838,0.881801200824207,False,445,456.02987296947083,-2.418673342088103,-0.4210605968404416,23.01607053678361,60,267.0,11.04351815186412,125,-6.276979147446871
2269,uva,packing_C,T07,largo,29,G4,8.927766602146715,0.6573080973577838,0.881801200824207,False,445,456.02987296947083,-2.418673342088103,-0.4210605968404416,23.01607053678361,60,267.0,11.04351815186412,126,-6.312687679806638
2269,uva,packing_C,T07,largo,29,G4,8.927766602146715,0.6573080973577838,0.881801200824207,False,445,456.02987296947083,-2.418673342088103,-0.4210605968404416,23.01607053678361,60,267.0,11.04351815186412,127,-6.292447717959857
2269,uva,packing_C,T07,largo,29,G4,8.927766602146715,0.6573080973577838,0.881801200824207,False,445,456.02987296947083,-2.418673342088103,-0.4210605968404416,23.01607053678361,60,267.0,11.04351815186412,128,-6.6284013760517615
2269,uva,packing_C,T07,largo,29,G4,8.927766602146715,0.6573080973577838,0.881801200824207,False,445,456.02987296947083,-2.418673342088103,-0.4210605968404416,23.01607053678361,60,267.0,11.04351815186412,129,-6.4235898550670045
2269,uva,packing_C,T07,largo,29,G4,8.927766602146715,0.6573080973577838,0.881801200824207,False,445,456.02987296947083,-2.418673342088103,-0.4210605968404416,23.01607053678361,60,267.0,11.04351815186412,130,-6.6706983865818605
2269,uva,packing_C,T07,largo,29,G4,8.927766602146715,0.6573080973577838,0.881801200824207,False,445,456.02987296947083,-2.418673342088103,-0.4210605968404416,23.01607053678361,60,267.0,11.04351815186412,131,-6.603401268592433
2269,uva,packing_C,T07,largo,29,G4,8.927766602146715,0.6573080973577838,0.881801200824207,False,445,456.02987296947083,-2.418673342088103,-0.4210605968404416,23.01607053678361,60,267.0,11.04351815186412,132,-6.686933770682693
2269,uva,packing_C,T07,largo,29,G4,8.927766602146715,0.6573080973577838,0.881801200824207,False,445,456.02987296947083,-2.418673342088103,-0.4210605968404416,23.01607053678361,60,267.0,11.04351815186412,133,-6.669442999795728
2269,uva,packing_C,T07,largo,29,G4,8.927766602146715,0.6573080973577838,0.881801200824207,False,445,456.02987296947083,-2.418673342088103,-0.4210605968404416,23.01607053678361,60,267.0,11.04351815186412,134,-6.714067814292476
2269,uva,packing_C,T07,largo,29,G4,8.927766602146715,0.6573080973577838,0.881801200824207,False,445,456.02987296947083,-2.418673342088103,-0.4210605968404416,23.01607053678361,60,267.0,11.04351815186412,135,-6.799719482241493
2269,uva,packing_C,T07,largo,29,G4,8.927766602146715,0.6573080973577838,0.881801200824207,False,445,456.02987296947083,-2.418673342088103,-0.4210605968404416,23.01607053678361,60,267.0,11.04351815186412,136,-7.001111213160995
2269,uva,packing_C,T07,largo,29,G4,8.927766602146715,0.6573080973577838,0.881801200824207,False,445,456.02987296947083,-2.418673342088103,-0.4210605968404416,23.01607053678361,60,267.0,11.04351815186412,137,-6.741489610049516
2269,uva,packing_C,T07,largo,29,G4,8.927766602146715,0.6573080973577838,0.881801200824207,False,445,456.02987296947083,-2.418673342088103,-0.4210605968404416,23.01607053678361,60,267.0,11.04351815186412,138,-7.000415127967553
2269,uva,packing_C,T07,largo,29,G4,8.927766602146715,0.6573080973577838,0.881801200824207,False,445,456.02987296947083,-2.418673342088103,-0.4210605968404416,23.01607053678361,60,267.0,11.04351815186412,139,-7.041785850262495
2269,uva,packing_C,T07,largo,29,G4,8.927766602146715,0.6573080973577838,0.881801200824207,False,445,456.02987296947083,-2.418673342088103,-0.4210605968404416,23.01607053678361,60,267.0,11.04351815186412,140,-7.2141860945908505
2269,uva,packing_C,T07,largo,29,G4,8.927766602146715,0.6573080973577838,0.881801200824207,False,445,456.02987296947083,-2.418673342088103,-0.4210605968404416,23.01607053678361,60,267.0,11.04351815186412,141,-7.08737683925975
2269,uva,packing_C,T07,largo,29,G4,8.927766602146715,0.6573080973577838,0.881801200824207,False,445,456.02987296947083,-2.418673342088103,-0.4210605968404416,23.01607053678361,60,267.0,11.04351815186412,142,-7.0064137273189395
2269,uva,packing_C,T07,largo,29,G4,8.927766602146715,0.6573080973577838,0.881801200824207,False,445,456.02987296947083,-2.418673342088103,-0.4210605968404416,23.01607053678361,60,267.0,11.04351815186412,143,-7.18402906259205
2269,uva,packing_C,T07,largo,29,G4,8.927766602146715,0.6573080973577838,0.881801200824207,False,445,456.02987296947083,-2.418673342088103,-0.4210605968404416,23.01607053678361,60,267.0,11.04351815186412,144,-7.218099617469959
2269,uva,packing_C,T07,largo,29,G4,8.927766602146715,0.6573080973577838,0.881801200824207,False,445,456.02987296947083,-2.418673342088103,-0.4210605968404416,23.01607053678361,60,267.0,11.04351815186412,145,-7.18225756992232
2269,uva,packing_C,T07,largo,29,G4,8.927766602146715,0.6573080973577838,0.881801200824207,False,445,456.02987296947083,-2.418673342088103,-0.4210605968404416,23.01607053678361,60,267.0,11.04351815186412,146,-7.059334687249777
2269,uva,packing_C,T07,largo,29,G4,8.927766602146715,0.6573080973577838,0.881801200824207,False,445,456.02987296947083,-2.418673342088103,-0.4210605968404416,23.01607053678361,60,267.0,11.04351815186412,147,-7.255484188418443
2269,uva,packing_C,T07,largo,29,G4,8.927766602146715,0.6573080973577838,0.881801200824207,False,445,456.02987296947083,-2.418673342088103,-0.4210605968404416,23.01607053678361,60,267.0,11.04351815186412,148,-7.4788067731234245
2269,uva,packing_C,T07,largo,29,G4,8.927766602146715,0.6573080973577838,0.881801200824207,False,445,456.02987296947083,-2.418673342088103,-0.4210605968404416,23.01607053678361,60,267.0,11.04351815186412,149,-7.375907432782139
2269,uva,packing_C,T07,largo,29,G4,8.927766602146715,0.6573080973577838,0.881801200824207,False,445,456.02987296947083,-2.418673342088103,-0.4210605968404416,23.01607053678361,60,267.0,11.04351815186412,150,-7.234162285546806
2269,uva,packing_C,T07,largo,29,G4,8.927766602146715,0.6573080973577838,0.881801200824207,False,445,456.02987296947083,-2.418673342088103,-0.4210605968404416,23.01607053678361,60,267.0,11.04351815186412,151,-7.501036590286728
2269,uva,packing_C,T07,largo,29,G4,8.927766602146715,0.6573080973577838,0.881801200824207,False,445,456.02987296947083,-2.418673342088103,-0.4210605968404416,23.01607053678361,60,267.0,11.04351815186412,152,-7.487039787447313
2269,uva,packing_C,T07,largo,29,G4,8.927766602146715,0.6573080973577838,0.881801200824207,False,445,456.02987296947083,-2.418673342088103,-0.4210605968404416,23.01607053678361,60,267.0,11.04351815186412,153,-7.345026664996085
2269,uva,packing_C,T07,largo,29,G4,8.927766602146715,0.6573080973577838,0.881801200824207,False,445,456.02987296947083,-2.418673342088103,-0.4210605968404416,23.01607053678361,60,267.0,11.04351815186412,154,-7.173084231684486
2269,uva,packing_C,T07,largo,29,G4,8.927766602146715,0.6573080973577838,0.881801200824207,False,445,456.02987296947083,-2.418673342088103,-0.4210605968404416,23.01607053678361,60,267.0,11.04351815186412,155,-7.1737676534888095
2269,uva,packing_C,T07,largo,29,G4,8.927766602146715,0.6573080973577838,0.881801200824207,False,445,456.02987296947083,-2.418673342088103,-0.4210605968404416,23.01607053678361,60,267.0,11.04351815186412,156,-7.462941189143269
2269,uva,packing_C,T07,largo,29,G4,8.927766602146715,0.6573080973577838,0.881801200824207,False,445,456.02987296947083,-2.418673342088103,-0.4210605968404416,23.01607053678361,60,267.0,11.04351815186412,157,-7.333384132403616
2269,uva,packing_C,T07,largo,29,G4,8.927766602146715,0.6573080973577838,0.881801200824207,False,445,456.02987296947083,-2.418673342088103,-0.4210605968404416,23.01607053678361,60,267.0,11.04351815186412,158,-7.4752717396917365
2269,uva,packing_C,T07,largo,29,G4,8.927766602146715,0.6573080973577838,0.881801200824207,False,445,456.02987296947083,-2.418673342088103,-0.4210605968404416,23.01607053678361,60,267.0,11.04351815186412,159,-7.165854215982786
2269,uva,packing_C,T07,largo,29,G4,8.927766602146715,0.6573080973577838,0.881801200824207,False,445,456.02987296947083,-2.418673342088103,-0.4210605968404416,23.01607053678361,60,267.0,11.04351815186412,160,-6.959491437274198
2269,uva,packing_C,T07,largo,29,G4,8.927766602146715,0.6573080973577838,0.881801200824207,False,445,456.02987296947083,-2.418673342088103,-0.4210605968404416,23.01607053678361,60,267.0,11.04351815186412,161,-7.058880580749108
2269,uva,packing_C,T07,largo,29,G4,8.927766602146715,0.6573080973577838,0.881801200824207,False,445,456.02987296947083,-2.418673342088103,-0.4210605968404416,23.01607053678361,60,267.0,11.04351815186412,162,-7.228070297211331
2269,uva,packing_C,T07,largo,29,G4,8.927766602146715,0.6573080973577838,0.881801200824207,False,445,456.02987296947083,-2.418673342088103,-0.4210605968404416,23.01607053678361,60,267.0,11.04351815186412,163,-7.2669585791074125
2269,uva,packing_C,T07,largo,29,G4,8.927766602146715,0.6573080973577838,0.881801200824207,False,445,456.02987296947083,-2.418673342088103,-0.4210605968404416,23.01607053678361,60,267.0,11.04351815186412,164,-7.332367947338708
2269,uva,packing_C,T07,largo,29,G4,8.927766602146715,0.6573080973577838,0.881801200824207,False,445,456.02987296947083,-2.418673342088103,-0.4210605968404416,23.01607053678361,60,267.0,11.04351815186412,165,-7.123229652668031
2269,uva,packing_C,T07,largo,29,G4,8.927766602146715,0.6573080973577838,0.881801200824207,False,445,456.02987296947083,-2.418673342088103,-0.4210605968404416,23.01607053678361,60,267.0,11.04351815186412,166,-7.2861728589179595
2269,uva,packing_C,T07,largo,29,G4,8.927766602146715,0.6573080973577838,0.881801200824207,False,445,456.02987296947083,-2.418673342088103,-0.4210605968404416,23.01607053678361,60,267.0,11.04351815186412,167,-7.113227035627243
2269,uva,packing_C,T07,largo,29,G4,8.927766602146715,0.6573080973577838,0.881801200824207,False,445,456.02987296947083,-2.418673342088103,-0.4210605968404416,23.01607053678361,60,267.0,11.04351815186412,168,-7.095317622441972
2269,uva,packing_C,T07,largo,29,G4,8.927766602146715,0.6573080973577838,0.881801200824207,False,445,456.02987296947083,-2.418673342088103,-0.4210605968404416,23.01607053678361,60,267.0,11.04351815186412,169,-7.038708949663234
2269,uva,packing_C,T07,largo,29,G4,8.927766602146715,0.6573080973577838,0.881801200824207,False,445,456.02987296947083,-2.418673342088103,-0.4210605968404416,23.01607053678361,60,267.0,11.04351815186412,170,-6.914561554824348
2269,uva,packing_C,T07,largo,29,G4,8.927766602146715,0.6573080973577838,0.881801200824207,False,445,456.02987296947083,-2.418673342088103,-0.4210605968404416,23.01607053678361,60,267.0,11.04351815186412,171,-6.873470928168221
2269,uva,packing_C,T07,largo,29,G4,8.927766602146715,0.6573080973577838,0.881801200824207,False,445,456.02987296947083,-2.418673342088103,-0.4210605968404416,23.01607053678361,60,267.0,11.04351815186412,172,-6.891459996913566
2269,uva,packing_C,T07,largo,29,G4,8.927766602146715,0.6573080973577838,0.881801200824207,False,445,456.02987296947083,-2.418673342088103,-0.4210605968404416,23.01607053678361,60,267.0,11.04351815186412,173,-6.897401556180048
2269,uva,packing_C,T07,largo,29,G4,8.927766602146715,0.6573080973577838,0.881801200824207,False,445,456.02987296947083,-2.418673342088103,-0.4210605968404416,23.01607053678361,60,267.0,11.04351815186412,174,-6.828165080112658
2269,uva,packing_C,T07,largo,29,G4,8.927766602146715,0.6573080973577838,0.881801200824207,False,445,456.02987296947083,-2.418673342088103,-0.4210605968404416,23.01607053678361,60,267.0,11.04351815186412,175,-6.657619719425146
2269,uva,packing_C,T07,largo,29,G4,8.927766602146715,0.6573080973577838,0.881801200824207,False,445,456.02987296947083,-2.418673342088103,-0.4210605968404416,23.01607053678361,60,267.0,11.04351815186412,176,-6.762042113626191
2269,uva,packing_C,T07,largo,29,G4,8.927766602146715,0.6573080973577838,0.881801200824207,False,445,456.02987296947083,-2.418673342088103,-0.4210605968404416,23.01607053678361,60,267.0,11.04351815186412,177,-6.606733697463429
2269,uva,packing_C,T07,largo,29,G4,8.927766602146715,0.6573080973577838,0.881801200824207,False,445,456.02987296947083,-2.418673342088103,-0.4210605968404416,23.01607053678361,60,267.0,11.04351815186412,178,-6.588976141169973
2269,uva,packing_C,T07,largo,29,G4,8.927766602146715,0.6573080973577838,0.881801200824207,False,445,456.02987296947083,-2.418673342088103,-0.4210605968404416,23.01607053678361,60,267.0,11.04351815186412,179,-6.465483497117074
2269,uva,packing_C,T07,largo,29,G4,8.927766602146715,0.6573080973577838,0.881801200824207,False,445,456.02987296947083,-2.418673342088103,-0.4210605968404416,23.01607053678361,60,267.0,11.04351815186412,180,-6.511301358088477
2269,uva,packing_C,T07,largo,29,G4,8.927766602146715,0.6573080973577838,0.881801200824207,False,445,456.02987296947083,-2.418673342088103,-0.4210605968404416,23.01607053678361,60,267.0,11.04351815186412,181,-6.373090325291893
2269,uva,packing_C,T07,largo,29,G4,8.927766602146715,0.6573080973577838,0.881801200824207,False,445,456.02987296947083,-2.418673342088103,-0.4210605968404416,23.01607053678361,60,267.0,11.04351815186412,182,-6.332987908338957
2269,uva,packing_C,T07,largo,29,G4,8.927766602146715,0.6573080973577838,0.881801200824207,False,445,456.02987296947083,-2.418673342088103,-0.4210605968404416,23.01607053678361,60,267.0,11.04351815186412,183,-6.574421588549349
2269,uva,packing_C,T07,largo,29,G4,8.927766602146715,0.6573080973577838,0.881801200824207,False,445,456.02987296947083,-2.418673342088103,-0.4210605968404416,23.01607053678361,60,267.0,11.04351815186412,184,-6.414356544591674
2269,uva,packing_C,T07,largo,29,G4,8.927766602146715,0.6573080973577838,0.881801200824207,False,445,456.02987296947083,-2.418673342088103,-0.4210605968404416,23.01607053678361,60,267.0,11.04351815186412,185,-6.460083128591826
2269,uva,packing_C,T07,largo,29,G4,8.927766602146715,0.6573080973577838,0.881801200824207,False,445,456.02987296947083,-2.418673342088103,-0.4210605968404416,23.01607053678361,60,267.0,11.04351815186412,186,-6.211955188713199
2269,uva,packing_C,T07,largo,29,G4,8.927766602146715,0.6573080973577838,0.881801200824207,False,445,456.02987296947083,-2.418673342088103,-0.4210605968404416,23.01607053678361,60,267.0,11.04351815186412,187,-6.031185626953379
2269,uva,packing_C,T07,largo,29,G4,8.927766602146715,0.6573080973577838,0.881801200824207,False,445,456.02987296947083,-2.418673342088103,-0.4210605968404416,23.01607053678361,60,267.0,11.04351815186412,188,-5.990591986492999
2269,uva,packing_C,T07,largo,29,G4,8.927766602146715,0.6573080973577838,0.881801200824207,False,445,456.02987296947083,-2.418673342088103,-0.4210605968404416,23.01607053678361,60,267.0,11.04351815186412,189,-5.962350152086624
2269,uva,packing_C,T07,largo,29,G4,8.927766602146715,0.6573080973577838,0.881801200824207,False,445,456.02987296947083,-2.418673342088103,-0.4210605968404416,23.01607053678361,60,267.0,11.04351815186412,190,-5.886086926313788
2269,uva,packing_C,T07,largo,29,G4,8.927766602146715,0.6573080973577838,0.881801200824207,False,445,456.02987296947083,-2.418673342088103,-0.4210605968404416,23.01607053678361,60,267.0,11.04351815186412,191,-5.815076686584266
2269,uva,packing_C,T07,largo,29,G4,8.927766602146715,0.6573080973577838,0.881801200824207,False,445,456.02987296947083,-2.418673342088103,-0.4210605968404416,23.01607053678361,60,267.0,11.04351815186412,192,-5.880609283287842
2269,uva,packing_C,T07,largo,29,G4,8.927766602146715,0.6573080973577838,0.881801200824207,False,445,456.02987296947083,-2.418673342088103,-0.4210605968404416,23.01607053678361,60,267.0,11.04351815186412,193,-5.67285133579369
2269,uva,packing_C,T07,largo,29,G4,8.927766602146715,0.6573080973577838,0.881801200824207,False,445,456.02987296947083,-2.418673342088103,-0.4210605968404416,23.01607053678361,60,267.0,11.04351815186412,194,-5.732157204992742
2269,uva,packing_C,T07,largo,29,G4,8.927766602146715,0.6573080973577838,0.881801200824207,False,445,456.02987296947083,-2.418673342088103,-0.4210605968404416,23.01607053678361,60,267.0,11.04351815186412,195,-5.555265987236879
2269,uva,packing_C,T07,largo,29,G4,8.927766602146715,0.6573080973577838,0.881801200824207,False,445,456.02987296947083,-2.418673342088103,-0.4210605968404416,23.01607053678361,60,267.0,11.04351815186412,196,-5.541198727967893
2269,uva,packing_C,T07,largo,29,G4,8.927766602146715,0.6573080973577838,0.881801200824207,False,445,456.02987296947083,-2.418673342088103,-0.4210605968404416,23.01607053678361,60,267.0,11.04351815186412,197,-5.4725985022977754
2269,uva,packing_C,T07,largo,29,G4,8.927766602146715,0.6573080973577838,0.881801200824207,False,445,456.02987296947083,-2.418673342088103,-0.4210605968404416,23.01607053678361,60,267.0,11.04351815186412,198,-5.3270668808500625
2269,uva,packing_C,T07,largo,29,G4,8.927766602146715,0.6573080973577838,0.881801200824207,False,445,456.02987296947083,-2.418673342088103,-0.4210605968404416,23.01607053678361,60,267.0,11.04351815186412,199,-5.4571550130230895
2269,uva,packing_C,T07,largo,29,G4,8.927766602146715,0.6573080973577838,0.881801200824207,False,445,456.02987296947083,-2.418673342088103,-0.4210605968404416,23.01607053678361,60,267.0,11.04351815186412,200,-5.212426540316706
2269,uva,packing_C,T07,largo,29,G4,8.927766602146715,0.6573080973577838,0.881801200824207,False,445,456.02987296947083,-2.418673342088103,-0.4210605968404416,23.01607053678361,60,267.0,11.04351815186412,201,-5.242455319858042
2269,uva,packing_C,T07,largo,29,G4,8.927766602146715,0.6573080973577838,0.881801200824207,False,445,456.02987296947083,-2.418673342088103,-0.4210605968404416,23.01607053678361,60,267.0,11.04351815186412,202,-5.20585307391619
2269,uva,packing_C,T07,largo,29,G4,8.927766602146715,0.6573080973577838,0.881801200824207,False,445,456.02987296947083,-2.418673342088103,-0.4210605968404416,23.01607053678361,60,267.0,11.04351815186412,203,-4.973719009501533
2269,uva,packing_C,T07,largo,29,G4,8.927766602146715,0.6573080973577838,0.881801200824207,False,445,456.02987296947083,-2.418673342088103,-0.4210605968404416,23.01607053678361,60,267.0,11.04351815186412,204,-5.007620979621139
2269,uva,packing_C,T07,largo,29,G4,8.927766602146715,0.6573080973577838,0.881801200824207,False,445,456.02987296947083,-2.418673342088103,-0.4210605968404416,23.01607053678361,60,267.0,11.04351815186412,205,-4.91745139879531
2269,uva,packing_C,T07,largo,29,G4,8.927766602146715,0.6573080973577838,0.881801200824207,False,445,456.02987296947083,-2.418673342088103,-0.4210605968404416,23.01607053678361,60,267.0,11.04351815186412,206,-4.947074373919398
2269,uva,packing_C,T07,largo,29,G4,8.927766602146715,0.6573080973577838,0.881801200824207,False,445,456.02987296947083,-2.418673342088103,-0.4210605968404416,23.01607053678361,60,267.0,11.04351815186412,207,-4.681482051680678
2269,uva,packing_C,T07,largo,29,G4,8.927766602146715,0.6573080973577838,0.881801200824207,False,445,456.02987296947083,-2.418673342088103,-0.4210605968404416,23.01607053678361,60,267.0,11.04351815186412,208,-4.601147526918601
2269,uva,packing_C,T07,largo,29,G4,8.927766602146715,0.6573080973577838,0.881801200824207,False,445,456.02987296947083,-2.418673342088103,-0.4210605968404416,23.01607053678361,60,267.0,11.04351815186412,209,-4.578620495476105
2269,uva,packing_C,T07,largo,29,G4,8.927766602146715,0.6573080973577838,0.881801200824207,False,445,456.02987296947083,-2.418673342088103,-0.4210605968404416,23.01607053678361,60,267.0,11.04351815186412,210,-4.51288796598735
2269,uva,packing_C,T07,largo,29,G4,8.927766602146715,0.6573080973577838,0.881801200824207,False,445,456.02987296947083,-2.418673342088103,-0.4210605968404416,23.01607053678361,60,267.0,11.04351815186412,211,-4.319088814057882
2269,uva,packing_C,T07,largo,29,G4,8.927766602146715,0.6573080973577838,0.881801200824207,False,445,456.02987296947083,-2.418673342088103,-0.4210605968404416,23.01607053678361,60,267.0,11.04351815186412,212,-4.15839524344254
2269,uva,packing_C,T07,largo,29,G4,8.927766602146715,0.6573080973577838,0.881801200824207,False,445,456.02987296947083,-2.418673342088103,-0.4210605968404416,23.01607053678361,60,267.0,11.04351815186412,213,-4.259100036883879
2269,uva,packing_C,T07,largo,29,G4,8.927766602146715,0.6573080973577838,0.881801200824207,False,445,456.02987296947083,-2.418673342088103,-0.4210605968404416,23.01607053678361,60,267.0,11.04351815186412,214,-4.1932448436162995
2269,uva,packing_C,T07,largo,29,G4,8.927766602146715,0.6573080973577838,0.881801200824207,False,445,456.02987296947083,-2.418673342088103,-0.4210605968404416,23.01607053678361,60,267.0,11.04351815186412,215,-4.186332929988533
2269,uva,packing_C,T07,largo,29,G4,8.927766602146715,0.6573080973577838,0.881801200824207,False,445,456.02987296947083,-2.418673342088103,-0.4210605968404416,23.01607053678361,60,267.0,11.04351815186412,216,-4.104619859631508
2269,uva,packing_C,T07,largo,29,G4,8.927766602146715,0.6573080973577838,0.881801200824207,False,445,456.02987296947083,-2.418673342088103,-0.4210605968404416,23.01607053678361,60,267.0,11.04351815186412,217,-3.832791501163083
2269,uva,packing_C,T07,largo,29,G4,8.927766602146715,0.6573080973577838,0.881801200824207,False,445,456.02987296947083,-2.418673342088103,-0.4210605968404416,23.01607053678361,60,267.0,11.04351815186412,218,-3.8346056713292014
2269,uva,packing_C,T07,largo,29,G4,8.927766602146715,0.6573080973577838,0.881801200824207,False,445,456.02987296947083,-2.418673342088103,-0.4210605968404416,23.01607053678361,60,267.0,11.04351815186412,219,-3.813416706790487
2269,uva,packing_C,T07,largo,29,G4,8.927766602146715,0.6573080973577838,0.881801200824207,False,445,456.02987296947083,-2.418673342088103,-0.4210605968404416,23.01607053678361,60,267.0,11.04351815186412,220,-3.732059262899371
2269,uva,packing_C,T07,largo,29,G4,8.927766602146715,0.6573080973577838,0.881801200824207,False,445,456.02987296947083,-2.418673342088103,-0.4210605968404416,23.01607053678361,60,267.0,11.04351815186412,221,-3.6624900316077182
2269,uva,packing_C,T07,largo,29,G4,8.927766602146715,0.6573080973577838,0.881801200824207,False,445,456.02987296947083,-2.418673342088103,-0.4210605968404416,23.01607053678361,60,267.0,11.04351815186412,222,-3.5367467031759885
2269,uva,packing_C,T07,largo,29,G4,8.927766602146715,0.6573080973577838,0.881801200824207,False,445,456.02987296947083,-2.418673342088103,-0.4210605968404416,23.01607053678361,60,267.0,11.04351815186412,223,-3.6896018115061393
2269,uva,packing_C,T07,largo,29,G4,8.927766602146715,0.6573080973577838,0.881801200824207,False,445,456.02987296947083,-2.418673342088103,-0.4210605968404416,23.01607053678361,60,267.0,11.04351815186412,224,-3.454619297483174
2269,uva,packing_C,T07,largo,29,G4,8.927766602146715,0.6573080973577838,0.881801200824207,False,445,456.02987296947083,-2.418673342088103,-0.4210605968404416,23.01607053678361,60,267.0,11.04351815186412,225,-3.323951322856112
2269,uva,packing_C,T07,largo,29,G4,8.927766602146715,0.6573080973577838,0.881801200824207,False,445,456.02987296947083,-2.418673342088103,-0.4210605968404416,23.01607053678361,60,267.0,11.04351815186412,226,-3.3209691981957548
2269,uva,packing_C,T07,largo,29,G4,8.927766602146715,0.6573080973577838,0.881801200824207,False,445,456.02987296947083,-2.418673342088103,-0.4210605968404416,23.01607053678361,60,267.0,11.04351815186412,227,-3.2356594786188007
2269,uva,packing_C,T07,largo,29,G4,8.927766602146715,0.6573080973577838,0.881801200824207,False,445,456.02987296947083,-2.418673342088103,-0.4210605968404416,23.01607053678361,60,267.0,11.04351815186412,228,-3.0490001580597137
2269,uva,packing_C,T07,largo,29,G4,8.927766602146715,0.6573080973577838,0.881801200824207,False,445,456.02987296947083,-2.418673342088103,-0.4210605968404416,23.01607053678361,60,267.0,11.04351815186412,229,-2.9486848196458246
2269,uva,packing_C,T07,largo,29,G4,8.927766602146715,0.6573080973577838,0.881801200824207,False,445,456.02987296947083,-2.418673342088103,-0.4210605968404416,23.01607053678361,60,267.0,11.04351815186412,230,-3.1275857576977275
2269,uva,packing_C,T07,largo,29,G4,8.927766602146715,0.6573080973577838,0.881801200824207,False,445,456.02987296947083,-2.418673342088103,-0.4210605968404416,23.01607053678361,60,267.0,11.04351815186412,231,-2.825855429628528
2269,uva,packing_C,T07,largo,29,G4,8.927766602146715,0.6573080973577838,0.881801200824207,False,445,456.02987296947083,-2.418673342088103,-0.4210605968404416,23.01607053678361,60,267.0,11.04351815186412,232,-2.7849963355999874
2269,uva,packing_C,T07,largo,29,G4,8.927766602146715,0.6573080973577838,0.881801200824207,False,445,456.02987296947083,-2.418673342088103,-0.4210605968404416,23.01607053678361,60,267.0,11.04351815186412,233,-2.740301502205405
2269,uva,packing_C,T07,largo,29,G4,8.927766602146715,0.6573080973577838,0.881801200824207,False,445,456.02987296947083,-2.418673342088103,-0.4210605968404416,23.01607053678361,60,267.0,11.04351815186412,234,-2.5697937233579675
2269,uva,packing_C,T07,largo,29,G4,8.927766602146715,0.6573080973577838,0.881801200824207,False,445,456.02987296947083,-2.418673342088103,-0.4210605968404416,23.01607053678361,60,267.0,11.04351815186412,235,-2.5048941921697483
2269,uva,packing_C,T07,largo,29,G4,8.927766602146715,0.6573080973577838,0.881801200824207,False,445,456.02987296947083,-2.418673342088103,-0.4210605968404416,23.01607053678361,60,267.0,11.04351815186412,236,-2.41566750919773
2269,uva,packing_C,T07,largo,29,G4,8.927766602146715,0.6573080973577838,0.881801200824207,False,445,456.02987296947083,-2.418673342088103,-0.4210605968404416,23.01607053678361,60,267.0,11.04351815186412,237,-2.364273030561805
2269,uva,packing_C,T07,largo,29,G4,8.927766602146715,0.6573080973577838,0.881801200824207,False,445,456.02987296947083,-2.418673342088103,-0.4210605968404416,23.01607053678361,60,267.0,11.04351815186412,238,-2.3081016544022144
2269,uva,packing_C,T07,largo,29,G4,8.927766602146715,0.6573080973577838,0.881801200824207,False,445,456.02987296947083,-2.418673342088103,-0.4210605968404416,23.01607053678361,60,267.0,11.04351815186412,239,-2.401552068478577
2269,uva,packing_C,T07,largo,29,G4,8.927766602146715,0.6573080973577838,0.881801200824207,False,445,456.02987296947083,-2.418673342088103,-0.4210605968404416,23.01607053678361,60,267.0,11.04351815186412,240,-2.2363561383462534
2269,uva,packing_C,T07,largo,29,G4,8.927766602146715,0.6573080973577838,0.881801200824207,False,445,456.02987296947083,-2.418673342088103,-0.4210605968404416,23.01607053678361,60,267.0,11.04351815186412,241,-2.157136837059205
2269,uva,packing_C,T07,largo,29,G4,8.927766602146715,0.6573080973577838,0.881801200824207,False,445,456.02987296947083,-2.418673342088103,-0.4210605968404416,23.01607053678361,60,267.0,11.04351815186412,242,-1.986671147734904
2269,uva,packing_C,T07,largo,29,G4,8.927766602146715,0.6573080973577838,0.881801200824207,False,445,456.02987296947083,-2.418673342088103,-0.4210605968404416,23.01607053678361,60,267.0,11.04351815186412,243,-2.1014454923144856
2269,uva,packing_C,T07,largo,29,G4,8.927766602146715,0.6573080973577838,0.881801200824207,False,445,456.02987296947083,-2.418673342088103,-0.4210605968404416,23.01607053678361,60,267.0,11.04351815186412,244,-1.881510488822953
2269,uva,packing_C,T07,largo,29,G4,8.927766602146715,0.6573080973577838,0.881801200824207,False,445,456.02987296947083,-2.418673342088103,-0.4210605968404416,23.01607053678361,60,267.0,11.04351815186412,245,-1.7874317517094351
2269,uva,packing_C,T07,largo,29,G4,8.927766602146715,0.6573080973577838,0.881801200824207,False,445,456.02987296947083,-2.418673342088103,-0.4210605968404416,23.01607053678361,60,267.0,11.04351815186412,246,-1.8167251444375518
2269,uva,packing_C,T07,largo,29,G4,8.927766602146715,0.6573080973577838,0.881801200824207,False,445,456.02987296947083,-2.418673342088103,-0.4210605968404416,23.01607053678361,60,267.0,11.04351815186412,247,-1.6663784498490215
2269,uva,packing_C,T07,largo,29,G4,8.927766602146715,0.6573080973577838,0.881801200824207,False,445,456.02987296947083,-2.418673342088103,-0.4210605968404416,23.01607053678361,60,267.0,11.04351815186412,248,-1.7150959849743042
2269,uva,packing_C,T07,largo,29,G4,8.927766602146715,0.6573080973577838,0.881801200824207,False,445,456.02987296947083,-2.418673342088103,-0.4210605968404416,23.01607053678361,60,267.0,11.04351815186412,249,-1.4282927380790431
2269,uva,packing_C,T07,largo,29,G4,8.927766602146715,0.6573080973577838,0.881801200824207,False,445,456.02987296947083,-2.418673342088103,-0.4210605968404416,23.01607053678361,60,267.0,11.04351815186412,250,-1.605789661727378
2269,uva,packing_C,T07,largo,29,G4,8.927766602146715,0.6573080973577838,0.881801200824207,False,445,456.02987296947083,-2.418673342088103,-0.4210605968404416,23.01607053678361,60,267.0,11.04351815186412,251,-1.3289563065408838
2269,uva,packing_C,T07,largo,29,G4,8.927766602146715,0.6573080973577838,0.881801200824207,False,445,456.02987296947083,-2.418673342088103,-0.4210605968404416,23.01607053678361,60,267.0,11.04351815186412,252,-1.2900820584685806
2269,uva,packing_C,T07,largo,29,G4,8.927766602146715,0.6573080973577838,0.881801200824207,False,445,456.02987296947083,-2.418673342088103,-0.4210605968404416,23.01607053678361,60,267.0,11.04351815186412,253,-1.2748572458721286
2269,uva,packing_C,T07,largo,29,G4,8.927766602146715,0.6573080973577838,0.881801200824207,False,445,456.02987296947083,-2.418673342088103,-0.4210605968404416,23.01607053678361,60,267.0,11.04351815186412,254,-1.2472253065342382
2269,uva,packing_C,T07,largo,29,G4,8.927766602146715,0.6573080973577838,0.881801200824207,False,445,456.02987296947083,-2.418673342088103,-0.4210605968404416,23.01607053678361,60,267.0,11.04351815186412,255,-0.9974535773841559
2269,uva,packing_C,T07,largo,29,G4,8.927766602146715,0.6573080973577838,0.881801200824207,False,445,456.02987296947083,-2.418673342088103,-0.4210605968404416,23.01607053678361,60,267.0,11.04351815186412,256,-0.9397515313666863
2269,uva,packing_C,T07,largo,29,G4,8.927766602146715,0.6573080973577838,0.881801200824207,False,445,456.02987296947083,-2.418673342088103,-0.4210605968404416,23.01607053678361,60,267.0,11.04351815186412,257,-0.8948460824453287
2269,uva,packing_C,T07,largo,29,G4,8.927766602146715,0.6573080973577838,0.881801200824207,False,445,456.02987296947083,-2.418673342088103,-0.4210605968404416,23.01607053678361,60,267.0,11.04351815186412,258,-0.9701286605978098
2269,uva,packing_C,T07,largo,29,G4,8.927766602146715,0.6573080973577838,0.881801200824207,False,445,456.02987296947083,-2.418673342088103,-0.4210605968404416,23.01607053678361,60,267.0,11.04351815186412,259,-1.0009046905948988
2269,uva,packing_C,T07,largo,29,G4,8.927766602146715,0.6573080973577838,0.881801200824207,False,445,456.02987296947083,-2.418673342088103,-0.4210605968404416,23.01607053678361,60,267.0,11.04351815186412,260,-0.8998876226273057
2269,uva,packing_C,T07,largo,29,G4,8.927766602146715,0.6573080973577838,0.881801200824207,False,445,456.02987296947083,-2.418673342088103,-0.4210605968404416,23.01607053678361,60,267.0,11.04351815186412,261,-0.9049944661219588
2269,uva,packing_C,T07,largo,29,G4,8.927766602146715,0.6573080973577838,0.881801200824207,False,445,456.02987296947083,-2.418673342088103,-0.4210605968404416,23.01607053678361,60,267.0,11.04351815186412,262,-0.725465994317918
2269,uva,packing_C,T07,largo,29,G4,8.927766602146715,0.6573080973577838,0.881801200824207,False,445,456.02987296947083,-2.418673342088103,-0.4210605968404416,23.01607053678361,60,267.0,11.04351815186412,263,-0.705406102947965
2269,uva,packing_C,T07,largo,29,G4,8.927766602146715,0.6573080973577838,0.881801200824207,False,445,456.02987296947083,-2.418673342088103,-0.4210605968404416,23.01607053678361,60,267.0,11.04351815186412,264,-0.7395612546556332
2269,uva,packing_C,T07,largo,29,G4,8.927766602146715,0.6573080973577838,0.881801200824207,False,445,456.02987296947083,-2.418673342088103,-0.4210605968404416,23.01607053678361,60,267.0,11.04351815186412,265,-0.5817562773793986
2269,uva,packing_C,T07,largo,29,G4,8.927766602146715,0.6573080973577838,0.881801200824207,False,445,456.02987296947083,-2.418673342088103,-0.4210605968404416,23.01607053678361,60,267.0,11.04351815186412,266,-0.609115131799187
2269,uva,packing_C,T07,largo,29,G4,8.927766602146715,0.6573080973577838,0.881801200824207,False,445,456.02987296947083,-2.418673342088103,-0.4210605968404416,23.01607053678361,60,267.0,11.04351815186412,267,-0.5335503865368665
2269,uva,packing_C,T07,largo,29,G4,8.927766602146715,0.6573080973577838,0.881801200824207,False,445,456.02987296947083,-2.418673342088103,-0.4210605968404416,23.01607053678361,60,267.0,11.04351815186412,268,-0.3919179448113943
2269,uva,packing_C,T07,largo,29,G4,8.927766602146715,0.6573080973577838,0.881801200824207,False,445,456.02987296947083,-2.418673342088103,-0.4210605968404416,23.01607053678361,60,267.0,11.04351815186412,269,-0.36627759632113355
2269,uva,packing_C,T07,largo,29,G4,8.927766602146715,0.6573080973577838,0.881801200824207,False,445,456.02987296947083,-2.418673342088103,-0.4210605968404416,23.01607053678361,60,267.0,11.04351815186412,270,-0.6092324778948701
2269,uva,packing_C,T07,largo,29,G4,8.927766602146715,0.6573080973577838,0.881801200824207,False,445,456.02987296947083,-2.418673342088103,-0.4210605968404416,23.01607053678361,60,267.0,11.04351815186412,271,-0.3074794746789655
2269,uva,packing_C,T07,largo,29,G4,8.927766602146715,0.6573080973577838,0.881801200824207,False,445,456.02987296947083,-2.418673342088103,-0.4210605968404416,23.01607053678361,60,267.0,11.04351815186412,272,-0.13859885143964007
2269,uva,packing_C,T07,largo,29,G4,8.927766602146715,0.6573080973577838,0.881801200824207,False,445,456.02987296947083,-2.418673342088103,-0.4210605968404416,23.01607053678361,60,267.0,11.04351815186412,273,-0.3390145378633288
2269,uva,packing_C,T07,largo,29,G4,8.927766602146715,0.6573080973577838,0.881801200824207,False,445,456.02987296947083,-2.418673342088103,-0.4210605968404416,23.01607053678361,60,267.0,11.04351815186412,274,-0.104187506427356
2269,uva,packing_C,T07,largo,29,G4,8.927766602146715,0.6573080973577838,0.881801200824207,False,445,456.02987296947083,-2.418673342088103,-0.4210605968404416,23.01607053678361,60,267.0,11.04351815186412,275,-0.041740447652700026
2269,uva,packing_C,T07,largo,29,G4,8.927766602146715,0.6573080973577838,0.881801200824207,False,445,456.02987296947083,-2.418673342088103,-0.4210605968404416,23.01607053678361,60,267.0,11.04351815186412,276,0.17004950488797507
2269,uva,packing_C,T07,largo,29,G4,8.927766602146715,0.6573080973577838,0.881801200824207,False,445,456.02987296947083,-2.418673342088103,-0.4210605968404416,23.01607053678361,60,267.0,11.04351815186412,277,0.04619463444752615
2269,uva,packing_C,T07,largo,29,G4,8.927766602146715,0.6573080973577838,0.881801200824207,False,445,456.02987296947083,-2.418673342088103,-0.4210605968404416,23.01607053678361,60,267.0,11.04351815186412,278,0.052660705803101206
2269,uva,packing_C,T07,largo,29,G4,8.927766602146715,0.6573080973577838,0.881801200824207,False,445,456.02987296947083,-2.418673342088103,-0.4210605968404416,23.01607053678361,60,267.0,11.04351815186412,279,-0.013747949256076336
2269,uva,packing_C,T07,largo,29,G4,8.927766602146715,0.6573080973577838,0.881801200824207,False,445,456.02987296947083,-2.418673342088103,-0.4210605968404416,23.01607053678361,60,267.0,11.04351815186412,280,0.10462017429775576
2269,uva,packing_C,T07,largo,29,G4,8.927766602146715,0.6573080973577838,0.881801200824207,False,445,456.02987296947083,-2.418673342088103,-0.4210605968404416,23.01607053678361,60,267.0,11.04351815186412,281,-0.13284250411387843
2269,uva,packing_C,T07,largo,29,G4,8.927766602146715,0.6573080973577838,0.881801200824207,False,445,456.02987296947083,-2.418673342088103,-0.4210605968404416,23.01607053678361,60,267.0,11.04351815186412,282,-0.04354027000044365
2269,uva,packing_C,T07,largo,29,G4,8.927766602146715,0.6573080973577838,0.881801200824207,False,445,456.02987296947083,-2.418673342088103,-0.4210605968404416,23.01607053678361,60,267.0,11.04351815186412,283,-0.24529899582933765
2269,uva,packing_C,T07,largo,29,G4,8.927766602146715,0.6573080973577838,0.881801200824207,False,445,456.02987296947083,-2.418673342088103,-0.4210605968404416,23.01607053678361,60,267.0,11.04351815186412,284,-0.31813837831325736
2269,uva,packing_C,T07,largo,29,G4,8.927766602146715,0.6573080973577838,0.881801200824207,False,445,456.02987296947083,-2.418673342088103,-0.4210605968404416,23.01607053678361,60,267.0,11.04351815186412,285,-0.5668172728896
2269,uva,packing_C,T07,largo,29,G4,8.927766602146715,0.6573080973577838,0.881801200824207,False,445,456.02987296947083,-2.418673342088103,-0.4210605968404416,23.01607053678361,60,267.0,11.04351815186412,286,-0.6580969109626907
2269,uva,packing_C,T07,largo,29,G4,8.927766602146715,0.6573080973577838,0.881801200824207,False,445,456.02987296947083,-2.418673342088103,-0.4210605968404416,23.01607053678361,60,267.0,11.04351815186412,287,-0.6439491354047922
2269,uva,packing_C,T07,largo,29,G4,8.927766602146715,0.6573080973577838,0.881801200824207,False,445,456.02987296947083,-2.418673342088103,-0.4210605968404416,23.01607053678361,60,267.0,11.04351815186412,288,-0.8592775648361911
2269,uva,packing_C,T07,largo,29,G4,8.927766602146715,0.6573080973577838,0.881801200824207,False,445,456.02987296947083,-2.418673342088103,-0.4210605968404416,23.01607053678361,60,267.0,11.04351815186412,289,-0.7910827757062174
2269,uva,packing_C,T07,largo,29,G4,8.927766602146715,0.6573080973577838,0.881801200824207,False,445,456.02987296947083,-2.418673342088103,-0.4210605968404416,23.01607053678361,60,267.0,11.04351815186412,290,-0.8028483162944825
2269,uva,packing_C,T07,largo,29,G4,8.927766602146715,0.6573080973577838,0.881801200824207,False,445,456.02987296947083,-2.418673342088103,-0.4210605968404416,23.01607053678361,60,267.0,11.04351815186412,291,-0.6924209838650468
2269,uva,packing_C,T07,largo,29,G4,8.927766602146715,0.6573080973577838,0.881801200824207,False,445,456.02987296947083,-2.418673342088103,-0.4210605968404416,23.01607053678361,60,267.0,11.04351815186412,292,-0.86421968366971
2269,uva,packing_C,T07,largo,29,G4,8.927766602146715,0.6573080973577838,0.881801200824207,False,445,456.02987296947083,-2.418673342088103,-0.4210605968404416,23.01607053678361,60,267.0,11.04351815186412,293,-0.918678158855702
2269,uva,packing_C,T07,largo,29,G4,8.927766602146715,0.6573080973577838,0.881801200824207,False,445,456.02987296947083,-2.418673342088103,-0.4210605968404416,23.01607053678361,60,267.0,11.04351815186412,294,-0.795850121966541
2269,uva,packing_C,T07,largo,29,G4,8.927766602146715,0.6573080973577838,0.881801200824207,False,445,456.02987296947083,-2.418673342088103,-0.4210605968404416,23.01607053678361,60,267.0,11.04351815186412,295,-0.7286324178451372
2269,uva,packing_C,T07,largo,29,G4,8.927766602146715,0.6573080973577838,0.881801200824207,False,445,456.02987296947083,-2.418673342088103,-0.4210605968404416,23.01607053678361,60,267.0,11.04351815186412,296,-0.6599451804824171
2269,uva,packing_C,T07,largo,29,G4,8.927766602146715,0.6573080973577838,0.881801200824207,False,445,456.02987296947083,-2.418673342088103,-0.4210605968404416,23.01607053678361,60,267.0,11.04351815186412,297,-0.6188496597699704
2269,uva,packing_C,T07,largo,29,G4,8.927766602146715,0.6573080973577838,0.881801200824207,False,445,456.02987296947083,-2.418673342088103,-0.4210605968404416,23.01607053678361,60,267.0,11.04351815186412,298,-0.3933542144466227
2269,uva,packing_C,T07,largo,29,G4,8.927766602146715,0.6573080973577838,0.881801200824207,False,445,456.02987296947083,-2.418673342088103,-0.4210605968404416,23.01607053678361,60,267.0,11.04351815186412,299,-0.48193454502988464
2269,uva,packing_C,T07,largo,29,G4,8.927766602146715,0.6573080973577838,0.881801200824207,False,445,456.02987296947083,-2.418673342088103,-0.4210605968404416,23.01607053678361,60,267.0,11.04351815186412,300,-0.4425816009675366
2269,uva,packing_C,T07,largo,29,G4,8.927766602146715,0.6573080973577838,0.881801200824207,False,445,456.02987296947083,-2.418673342088103,-0.4210605968404416,23.01607053678361,60,267.0,11.04351815186412,301,-0.25585291787509296
2269,uva,packing_C,T07,largo,29,G4,8.927766602146715,0.6573080973577838,0.881801200824207,False,445,456.02987296947083,-2.418673342088103,-0.4210605968404416,23.01607053678361,60,267.0,11.04351815186412,302,-0.1810085804494623
2269,uva,packing_C,T07,largo,29,G4,8.927766602146715,0.6573080973577838,0.881801200824207,False,445,456.02987296947083,-2.418673342088103,-0.4210605968404416,23.01607053678361,60,267.0,11.04351815186412,303,-0.2510405320095739
2269,uva,packing_C,T07,largo,29,G4,8.927766602146715,0.6573080973577838,0.881801200824207,False,445,456.02987296947083,-2.418673342088103,-0.4210605968404416,23.01607053678361,60,267.0,11.04351815186412,304,-0.13381905917441939
2269,uva,packing_C,T07,largo,29,G4,8.927766602146715,0.6573080973577838,0.881801200824207,False,445,456.02987296947083,-2.418673342088103,-0.4210605968404416,23.01607053678361,60,267.0,11.04351815186412,305,0.07801390848134455
2269,uva,packing_C,T07,largo,29,G4,8.927766602146715,0.6573080973577838,0.881801200824207,False,445,456.02987296947083,-2.418673342088103,-0.4210605968404416,23.01607053678361,60,267.0,11.04351815186412,306,0.030946841920651443
2269,uva,packing_C,T07,largo,29,G4,8.927766602146715,0.6573080973577838,0.881801200824207,False,445,456.02987296947083,-2.418673342088103,-0.4210605968404416,23.01607053678361,60,267.0,11.04351815186412,307,0.12727373416096505
2269,uva,packing_C,T07,largo,29,G4,8.927766602146715,0.6573080973577838,0.881801200824207,False,445,456.02987296947083,-2.418673342088103,-0.4210605968404416,23.01607053678361,60,267.0,11.04351815186412,308,0.007520895755184477
2269,uva,packing_C,T07,largo,29,G4,8.927766602146715,0.6573080973577838,0.881801200824207,False,445,456.02987296947083,-2.418673342088103,-0.4210605968404416,23.01607053678361,60,267.0,11.04351815186412,309,0.045854404600281756
2269,uva,packing_C,T07,largo,29,G4,8.927766602146715,0.6573080973577838,0.881801200824207,False,445,456.02987296947083,-2.418673342088103,-0.4210605968404416,23.01607053678361,60,267.0,11.04351815186412,310,-0.15278601528524952
2269,uva,packing_C,T07,largo,29,G4,8.927766602146715,0.6573080973577838,0.881801200824207,False,445,456.02987296947083,-2.418673342088103,-0.4210605968404416,23.01607053678361,60,267.0,11.04351815186412,311,0.20103490477027924
2269,uva,packing_C,T07,largo,29,G4,8.927766602146715,0.6573080973577838,0.881801200824207,False,445,456.02987296947083,-2.418673342088103,-0.4210605968404416,23.01607053678361,60,267.0,11.04351815186412,312,-0.11849773404266474
2269,uva,packing_C,T07,largo,29,G4,8.927766602146715,0.6573080973577838,0.881801200824207,False,445,456.02987296947083,-2.418673342088103,-0.4210605968404416,23.01607053678361,60,267.0,11.04351815186412,313,-0.30302036656871695
2269,uva,packing_C,T07,largo,29,G4,8.927766602146715,0.6573080973577838,0.881801200824207,False,445,456.02987296947083,-2.418673342088103,-0.4210605968404416,23.01607053678361,60,267.0,11.04351815186412,314,-0.2565466854855322
2269,uva,packing_C,T07,largo,29,G4,8.927766602146715,0.6573080973577838,0.881801200824207,False,445,456.02987296947083,-2.418673342088103,-0.4210605968404416,23.01607053678361,60,267.0,11.04351815186412,315,-0.4545804666515735
2269,uva,packing_C,T07,largo,29,G4,8.927766602146715,0.6573080973577838,0.881801200824207,False,445,456.02987296947083,-2.418673342088103,-0.4210605968404416,23.01607053678361,60,267.0,11.04351815186412,316,-0.47297486820719903
2269,uva,packing_C,T07,largo,29,G4,8.927766602146715,0.6573080973577838,0.881801200824207,False,445,456.02987296947083,-2.418673342088103,-0.4210605968404416,23.01607053678361,60,267.0,11.04351815186412,317,-0.673791067760912
2269,uva,packing_C,T07,largo,29,G4,8.927766602146715,0.6573080973577838,0.881801200824207,False,445,456.02987296947083,-2.418673342088103,-0.4210605968404416,23.01607053678361,60,267.0,11.04351815186412,318,-0.6679892810315167
2269,uva,packing_C,T07,largo,29,G4,8.927766602146715,0.6573080973577838,0.881801200824207,False,445,456.02987296947083,-2.418673342088103,-0.4210605968404416,23.01607053678361,60,267.0,11.04351815186412,319,-0.8318462740808581
2269,uva,packing_C,T07,largo,29,G4,8.927766602146715,0.6573080973577838,0.881801200824207,False,445,456.02987296947083,-2.418673342088103,-0.4210605968404416,23.01607053678361,60,267.0,11.04351815186412,320,-0.6001405302102653
2269,uva,packing_C,T07,largo,29,G4,8.927766602146715,0.6573080973577838,0.881801200824207,False,445,456.02987296947083,-2.418673342088103,-0.4210605968404416,23.01607053678361,60,267.0,11.04351815186412,321,-0.662709977554682
2269,uva,packing_C,T07,largo,29,G4,8.927766602146715,0.6573080973577838,0.881801200824207,False,445,456.02987296947083,-2.418673342088103,-0.4210605968404416,23.01607053678361,60,267.0,11.04351815186412,322,-0.9500041559956655
2269,uva,packing_C,T07,largo,29,G4,8.927766602146715,0.6573080973577838,0.881801200824207,False,445,456.02987296947083,-2.418673342088103,-0.4210605968404416,23.01607053678361,60,267.0,11.04351815186412,323,-0.8207438120809422
2269,uva,packing_C,T07,largo,29,G4,8.927766602146715,0.6573080973577838,0.881801200824207,False,445,456.02987296947083,-2.418673342088103,-0.4210605968404416,23.01607053678361,60,267.0,11.04351815186412,324,-0.9716356827080648
2269,uva,packing_C,T07,largo,29,G4,8.927766602146715,0.6573080973577838,0.881801200824207,False,445,456.02987296947083,-2.418673342088103,-0.4210605968404416,23.01607053678361,60,267.0,11.04351815186412,325,-0.9304741826946106
2269,uva,packing_C,T07,largo,29,G4,8.927766602146715,0.6573080973577838,0.881801200824207,False,445,456.02987296947083,-2.418673342088103,-0.4210605968404416,23.01607053678361,60,267.0,11.04351815186412,326,-0.642394405748352
2269,uva,packing_C,T07,largo,29,G4,8.927766602146715,0.6573080973577838,0.881801200824207,False,445,456.02987296947083,-2.418673342088103,-0.4210605968404416,23.01607053678361,60,267.0,11.04351815186412,327,-0.716310840325042
2269,uva,packing_C,T07,largo,29,G4,8.927766602146715,0.6573080973577838,0.881801200824207,False,445,456.02987296947083,-2.418673342088103,-0.4210605968404416,23.01607053678361,60,267.0,11.04351815186412,328,-0.6407048059583308
2269,uva,packing_C,T07,largo,29,G4,8.927766602146715,0.6573080973577838,0.881801200824207,False,445,456.02987296947083,-2.418673342088103,-0.4210605968404416,23.01607053678361,60,267.0,11.04351815186412,329,-0.5933495659998236
2269,uva,packing_C,T07,largo,29,G4,8.927766602146715,0.6573080973577838,0.881801200824207,False,445,456.02987296947083,-2.418673342088103,-0.4210605968404416,23.01607053678361,60,267.0,11.04351815186412,330,-0.5535117752753886
2269,uva,packing_C,T07,largo,29,G4,8.927766602146715,0.6573080973577838,0.881801200824207,False,445,456.02987296947083,-2.418673342088103,-0.4210605968404416,23.01607053678361,60,267.0,11.04351815186412,331,-0.2597200217875653
2269,uva,packing_C,T07,largo,29,G4,8.927766602146715,0.6573080973577838,0.881801200824207,False,445,456.02987296947083,-2.418673342088103,-0.4210605968404416,23.01607053678361,60,267.0,11.04351815186412,332,-0.06952257466389611
2269,uva,packing_C,T07,largo,29,G4,8.927766602146715,0.6573080973577838,0.881801200824207,False,445,456.02987296947083,-2.418673342088103,-0.4210605968404416,23.01607053678361,60,267.0,11.04351815186412,333,-0.26094715118792045
2269,uva,packing_C,T07,largo,29,G4,8.927766602146715,0.6573080973577838,0.881801200824207,False,445,456.02987296947083,-2.418673342088103,-0.4210605968404416,23.01607053678361,60,267.0,11.04351815186412,334,-0.2797273235021296
2269,uva,packing_C,T07,largo,29,G4,8.927766602146715,0.6573080973577838,0.881801200824207,False,445,456.02987296947083,-2.418673342088103,-0.4210605968404416,23.01607053678361,60,267.0,11.04351815186412,335,-0.04018552072350677
2269,uva,packing_C,T07,largo,29,G4,8.927766602146715,0.6573080973577838,0.881801200824207,False,445,456.02987296947083,-2.418673342088103,-0.4210605968404416,23.01607053678361,60,267.0,11.04351815186412,336,0.09267391012079344
2269,uva,packing_C,T07,largo,29,G4,8.927766602146715,0.6573080973577838,0.881801200824207,False,445,456.02987296947083,-2.418673342088103,-0.4210605968404416,23.01607053678361,60,267.0,11.04351815186412,337,0.14178177401984549
2269,uva,packing_C,T07,largo,29,G4,8.927766602146715,0.6573080973577838,0.881801200824207,False,445,456.02987296947083,-2.418673342088103,-0.4210605968404416,23.01607053678361,60,267.0,11.04351815186412,338,-0.08736240181527927
2269,uva,packing_C,T07,largo,29,G4,8.927766602146715,0.6573080973577838,0.881801200824207,False,445,456.02987296947083,-2.418673342088103,-0.4210605968404416,23.01607053678361,60,267.0,11.04351815186412,339,0.002115399214169006
2269,uva,packing_C,T07,largo,29,G4,8.927766602146715,0.6573080973577838,0.881801200824207,False,445,456.02987296947083,-2.418673342088103,-0.4210605968404416,23.01607053678361,60,267.0,11.04351815186412,340,-0.156146722353955
2269,uva,packing_C,T07,largo,29,G4,8.927766602146715,0.6573080973577838,0.881801200824207,False,445,456.02987296947083,-2.418673342088103,-0.4210605968404416,23.01607053678361,60,267.0,11.04351815186412,341,-0.10102916563216588
2269,uva,packing_C,T07,largo,29,G4,8.927766602146715,0.6573080973577838,0.881801200824207,False,445,456.02987296947083,-2.418673342088103,-0.4210605968404416,23.01607053678361,60,267.0,11.04351815186412,342,-0.3981419020490068
2269,uva,packing_C,T07,largo,29,G4,8.927766602146715,0.6573080973577838,0.881801200824207,False,445,456.02987296947083,-2.418673342088103,-0.4210605968404416,23.01607053678361,60,267.0,11.04351815186412,343,-0.05516756399055869
2269,uva,packing_C,T07,largo,29,G4,8.927766602146715,0.6573080973577838,0.881801200824207,False,445,456.02987296947083,-2.418673342088103,-0.4210605968404416,23.01607053678361,60,267.0,11.04351815186412,344,-0.35048893038311296
2269,uva,packing_C,T07,largo,29,G4,8.927766602146715,0.6573080973577838,0.881801200824207,False,445,456.02987296947083,-2.418673342088103,-0.4210605968404416,23.01607053678361,60,267.0,11.04351815186412,345,-0.48976861209484374
2269,uva,packing_C,T07,largo,29,G4,8.927766602146715,0.6573080973577838,0.881801200824207,False,445,456.02987296947083,-2.418673342088103,-0.4210605968404416,23.01607053678361,60,267.0,11.04351815186412,346,-0.6841664074694151
2269,uva,packing_C,T07,largo,29,G4,8.927766602146715,0.6573080973577838,0.881801200824207,False,445,456.02987296947083,-2.418673342088103,-0.4210605968404416,23.01607053678361,60,267.0,11.04351815186412,347,-0.6237207823349633
2269,uva,packing_C,T07,largo,29,G4,8.927766602146715,0.6573080973577838,0.881801200824207,False,445,456.02987296947083,-2.418673342088103,-0.4210605968404416,23.01607053678361,60,267.0,11.04351815186412,348,-0.663217041829786
2269,uva,packing_C,T07,largo,29,G4,8.927766602146715,0.6573080973577838,0.881801200824207,False,445,456.02987296947083,-2.418673342088103,-0.4210605968404416,23.01607053678361,60,267.0,11.04351815186412,349,-0.8691540932085629
2269,uva,packing_C,T07,largo,29,G4,8.927766602146715,0.6573080973577838,0.881801200824207,False,445,456.02987296947083,-2.418673342088103,-0.4210605968404416,23.01607053678361,60,267.0,11.04351815186412,350,-0.8127145937004498
2269,uva,packing_C,T07,largo,29,G4,8.927766602146715,0.6573080973577838,0.881801200824207,False,445,456.02987296947083,-2.418673342088103,-0.4210605968404416,23.01607053678361,60,267.0,11.04351815186412,351,-0.8274222931445049
2269,uva,packing_C,T07,largo,29,G4,8.927766602146715,0.6573080973577838,0.881801200824207,False,445,456.02987296947083,-2.418673342088103,-0.4210605968404416,23.01607053678361,60,267.0,11.04351815186412,352,-0.9391788385768116
2269,uva,packing_C,T07,largo,29,G4,8.927766602146715,0.6573080973577838,0.881801200824207,False,445,456.02987296947083,-2.418673342088103,-0.4210605968404416,23.01607053678361,60,267.0,11.04351815186412,353,-0.8852215899667393
2269,uva,packing_C,T07,largo,29,G4,8.927766602146715,0.6573080973577838,0.881801200824207,False,445,456.02987296947083,-2.418673342088103,-0.4210605968404416,23.01607053678361,60,267.0,11.04351815186412,354,-1.0243775831645778
2269,uva,packing_C,T07,largo,29,G4,8.927766602146715,0.6573080973577838,0.881801200824207,False,445,456.02987296947083,-2.418673342088103,-0.4210605968404416,23.01607053678361,60,267.0,11.04351815186412,355,-0.7155305700776631
2269,uva,packing_C,T07,largo,29,G4,8.927766602146715,0.6573080973577838,0.881801200824207,False,445,456.02987296947083,-2.418673342088103,-0.4210605968404416,23.01607053678361,60,267.0,11.04351815186412,356,-0.7947164829254004
2269,uva,packing_C,T07,largo,29,G4,8.927766602146715,0.6573080973577838,0.881801200824207,False,445,456.02987296947083,-2.418673342088103,-0.4210605968404416,23.01607053678361,60,267.0,11.04351815186412,357,-0.6501959397506882
2269,uva,packing_C,T07,largo,29,G4,8.927766602146715,0.6573080973577838,0.881801200824207,False,445,456.02987296947083,-2.418673342088103,-0.4210605968404416,23.01607053678361,60,267.0,11.04351815186412,358,-0.6268280640198963
2269,uva,packing_C,T07,largo,29,G4,8.927766602146715,0.6573080973577838,0.881801200824207,False,445,456.02987296947083,-2.418673342088103,-0.4210605968404416,23.01607053678361,60,267.0,11.04351815186412,359,-0.3763121872577959
2269,uva,packing_C,T07,largo,29,G4,8.927766602146715,0.6573080973577838,0.881801200824207,False,445,456.02987296947083,-2.418673342088103,-0.4210605968404416,23.01607053678361,60,267.0,11.04351815186412,360,-0.30633380421339496
2269,uva,packing_C,T07,largo,29,G4,8.927766602146715,0.6573080973577838,0.881801200824207,False,445,456.02987296947083,-2.418673342088103,-0.4210605968404416,23.01607053678361,60,267.0,11.04351815186412,361,-0.16289208969870286
2269,uva,packing_C,T07,largo,29,G4,8.927766602146715,0.6573080973577838,0.881801200824207,False,445,456.02987296947083,-2.418673342088103,-0.4210605968404416,23.01607053678361,60,267.0,11.04351815186412,362,-0.40970144596527663
2269,uva,packing_C,T07,largo,29,G4,8.927766602146715,0.6573080973577838,0.881801200824207,False,445,456.02987296947083,-2.418673342088103,-0.4210605968404416,23.01607053678361,60,267.0,11.04351815186412,363,-0.1620652611469349
2269,uva,packing_C,T07,largo,29,G4,8.927766602146715,0.6573080973577838,0.881801200824207,False,445,456.02987296947083,-2.418673342088103,-0.4210605968404416,23.01607053678361,60,267.0,11.04351815186412,364,0.012828036021806988
2269,uva,packing_C,T07,largo,29,G4,8.927766602146715,0.6573080973577838,0.881801200824207,False,445,456.02987296947083,-2.418673342088103,-0.4210605968404416,23.01607053678361,60,267.0,11.04351815186412,365,0.042844425649274126
2269,uva,packing_C,T07,largo,29,G4,8.927766602146715,0.6573080973577838,0.881801200824207,False,445,456.02987296947083,-2.418673342088103,-0.4210605968404416,23.01607053678361,60,267.0,11.04351815186412,366,0.05804441899916167
2269,uva,packing_C,T07,largo,29,G4,8.927766602146715,0.6573080973577838,0.881801200824207,False,445,456.02987296947083,-2.418673342088103,-0.4210605968404416,23.01607053678361,60,267.0,11.04351815186412,367,-0.036038271158662594
2269,uva,packing_C,T07,largo,29,G4,8.927766602146715,0.6573080973577838,0.881801200824207,False,445,456.02987296947083,-2.418673342088103,-0.4210605968404416,23.01607053678361,60,267.0,11.04351815186412,368,-0.06229346243395323
2269,uva,packing_C,T07,largo,29,G4,8.927766602146715,0.6573080973577838,0.881801200824207,False,445,456.02987296947083,-2.418673342088103,-0.4210605968404416,23.01607053678361,60,267.0,11.04351815186412,369,0.12410723775477733
2269,uva,packing_C,T07,largo,29,G4,8.927766602146715,0.6573080973577838,0.881801200824207,False,445,456.02987296947083,-2.418673342088103,-0.4210605968404416,23.01607053678361,60,267.0,11.04351815186412,370,-0.028305431640092502
2269,uva,packing_C,T07,largo,29,G4,8.927766602146715,0.6573080973577838,0.881801200824207,False,445,456.02987296947083,-2.418673342088103,-0.4210605968404416,23.01607053678361,60,267.0,11.04351815186412,371,-0.021052807810606186
2269,uva,packing_C,T07,largo,29,G4,8.927766602146715,0.6573080973577838,0.881801200824207,False,445,456.02987296947083,-2.418673342088103,-0.4210605968404416,23.01607053678361,60,267.0,11.04351815186412,372,-0.038949791984461635
2269,uva,packing_C,T07,largo,29,G4,8.927766602146715,0.6573080973577838,0.881801200824207,False,445,456.02987296947083,-2.418673342088103,-0.4210605968404416,23.01607053678361,60,267.0,11.04351815186412,373,-0.32651618394221893
2269,uva,packing_C,T07,largo,29,G4,8.927766602146715,0.6573080973577838,0.881801200824207,False,445,456.02987296947083,-2.418673342088103,-0.4210605968404416,23.01607053678361,60,267.0,11.04351815186412,374,-0.33697309133823694
2269,uva,packing_C,T07,largo,29,G4,8.927766602146715,0.6573080973577838,0.881801200824207,False,445,456.02987296947083,-2.418673342088103,-0.4210605968404416,23.01607053678361,60,267.0,11.04351815186412,375,-0.5838226613545507
2269,uva,packing_C,T07,largo,29,G4,8.927766602146715,0.6573080973577838,0.881801200824207,False,445,456.02987296947083,-2.418673342088103,-0.4210605968404416,23.01607053678361,60,267.0,11.04351815186412,376,-0.6812751601798445
2269,uva,packing_C,T07,largo,29,G4,8.927766602146715,0.6573080973577838,0.881801200824207,False,445,456.02987296947083,-2.418673342088103,-0.4210605968404416,23.01607053678361,60,267.0,11.04351815186412,377,-0.6070897977904713
2269,uva,packing_C,T07,largo,29,G4,8.927766602146715,0.6573080973577838,0.881801200824207,False,445,456.02987296947083,-2.418673342088103,-0.4210605968404416,23.01607053678361,60,267.0,11.04351815186412,378,-0.7330679282793738
2269,uva,packing_C,T07,largo,29,G4,8.927766602146715,0.6573080973577838,0.881801200824207,False,445,456.02987296947083,-2.418673342088103,-0.4210605968404416,23.01607053678361,60,267.0,11.04351815186412,379,-0.8399389002176999
2269,uva,packing_C,T07,largo,29,G4,8.927766602146715,0.6573080973577838,0.881801200824207,False,445,456.02987296947083,-2.418673342088103,-0.4210605968404416,23.01607053678361,60,267.0,11.04351815186412,380,-0.7491990061770973
2269,uva,packing_C,T07,largo,29,G4,8.927766602146715,0.6573080973577838,0.881801200824207,False,445,456.02987296947083,-2.418673342088103,-0.4210605968404416,23.01607053678361,60,267.0,11.04351815186412,381,-0.7735763796338966
2269,uva,packing_C,T07,largo,29,G4,8.927766602146715,0.6573080973577838,0.881801200824207,False,445,456.02987296947083,-2.418673342088103,-0.4210605968404416,23.01607053678361,60,267.0,11.04351815186412,382,-0.8626794392312928
2269,uva,packing_C,T07,largo,29,G4,8.927766602146715,0.6573080973577838,0.881801200824207,False,445,456.02987296947083,-2.418673342088103,-0.4210605968404416,23.01607053678361,60,267.0,11.04351815186412,383,-0.8848361214347992
2269,uva,packing_C,T07,largo,29,G4,8.927766602146715,0.6573080973577838,0.881801200824207,False,445,456.02987296947083,-2.418673342088103,-0.4210605968404416,23.01607053678361,60,267.0,11.04351815186412,384,-0.9304553921843307
2269,uva,packing_C,T07,largo,29,G4,8.927766602146715,0.6573080973577838,0.881801200824207,False,445,456.02987296947083,-2.418673342088103,-0.4210605968404416,23.01607053678361,60,267.0,11.04351815186412,385,-0.5838797478472513
2269,uva,packing_C,T07,largo,29,G4,8.927766602146715,0.6573080973577838,0.881801200824207,False,445,456.02987296947083,-2.418673342088103,-0.4210605968404416,23.01607053678361,60,267.0,11.04351815186412,386,-0.8506011007619896
2269,uva,packing_C,T07,largo,29,G4,8.927766602146715,0.6573080973577838,0.881801200824207,False,445,456.02987296947083,-2.418673342088103,-0.4210605968404416,23.01607053678361,60,267.0,11.04351815186412,387,-0.5974410054455539
2269,uva,packing_C,T07,largo,29,G4,8.927766602146715,0.6573080973577838,0.881801200824207,False,445,456.02987296947083,-2.418673342088103,-0.4210605968404416,23.01607053678361,60,267.0,11.04351815186412,388,-0.5032446167288129
2269,uva,packing_C,T07,largo,29,G4,8.927766602146715,0.6573080973577838,0.881801200824207,False,445,456.02987296947083,-2.418673342088103,-0.4210605968404416,23.01607053678361,60,267.0,11.04351815186412,389,-0.47146524564919584
2269,uva,packing_C,T07,largo,29,G4,8.927766602146715,0.6573080973577838,0.881801200824207,False,445,456.02987296947083,-2.418673342088103,-0.4210605968404416,23.01607053678361,60,267.0,11.04351815186412,390,-0.4092665842165617
2269,uva,packing_C,T07,largo,29,G4,8.927766602146715,0.6573080973577838,0.881801200824207,False,445,456.02987296947083,-2.418673342088103,-0.4210605968404416,23.01607053678361,60,267.0,11.04351815186412,391,-0.3255195771562771
2269,uva,packing_C,T07,largo,29,G4,8.927766602146715,0.6573080973577838,0.881801200824207,False,445,456.02987296947083,-2.418673342088103,-0.4210605968404416,23.01607053678361,60,267.0,11.04351815186412,392,-0.2950145939691707
2269,uva,packing_C,T07,largo,29,G4,8.927766602146715,0.6573080973577838,0.881801200824207,False,445,456.02987296947083,-2.418673342088103,-0.4210605968404416,23.01607053678361,60,267.0,11.04351815186412,393,-0.26414534785413657
2269,uva,packing_C,T07,largo,29,G4,8.927766602146715,0.6573080973577838,0.881801200824207,False,445,456.02987296947083,-2.418673342088103,-0.4210605968404416,23.01607053678361,60,267.0,11.04351815186412,394,-0.11138805242824412
2269,uva,packing_C,T07,largo,29,G4,8.927766602146715,0.6573080973577838,0.881801200824207,False,445,456.02987296947083,-2.418673342088103,-0.4210605968404416,23.01607053678361,60,267.0,11.04351815186412,395,0.06501618853168338
2269,uva,packing_C,T07,largo,29,G4,8.927766602146715,0.6573080973577838,0.881801200824207,False,445,456.02987296947083,-2.418673342088103,-0.4210605968404416,23.01607053678361,60,267.0,11.04351815186412,396,0.03285325741224926
2269,uva,packing_C,T07,largo,29,G4,8.927766602146715,0.6573080973577838,0.881801200824207,False,445,456.02987296947083,-2.418673342088103,-0.4210605968404416,23.01607053678361,60,267.0,11.04351815186412,397,-0.03090497104302295
2269,uva,packing_C,T07,largo,29,G4,8.927766602146715,0.6573080973577838,0.881801200824207,False,445,456.02987296947083,-2.418673342088103,-0.4210605968404416,23.01607053678361,60,267.0,11.04351815186412,398,0.009982199222085979
2269,uva,packing_C,T07,largo,29,G4,8.927766602146715,0.6573080973577838,0.881801200824207,False,445,456.02987296947083,-2.418673342088103,-0.4210605968404416,23.01607053678361,60,267.0,11.04351815186412,399,0.04683072022809584
2269,uva,packing_C,T07,largo,29,G4,8.927766602146715,0.6573080973577838,0.881801200824207,False,445,456.02987296947083,-2.418673342088103,-0.4210605968404416,23.01607053678361,60,267.0,11.04351815186412,400,-0.03112451659208633
2269,uva,packing_C,T07,largo,29,G4,8.927766602146715,0.6573080973577838,0.881801200824207,False,445,456.02987296947083,-2.418673342088103,-0.4210605968404416,23.01607053678361,60,267.0,11.04351815186412,401,0.022348984434345895
2269,uva,packing_C,T07,largo,29,G4,8.927766602146715,0.6573080973577838,0.881801200824207,False,445,456.02987296947083,-2.418673342088103,-0.4210605968404416,23.01607053678361,60,267.0,11.04351815186412,402,-0.05714379564277838
2269,uva,packing_C,T07,largo,29,G4,8.927766602146715,0.6573080973577838,0.881801200824207,False,445,456.02987296947083,-2.418673342088103,-0.4210605968404416,23.01607053678361,60,267.0,11.04351815186412,403,-0.2670243666077503
2269,uva,packing_C,T07,largo,29,G4,8.927766602146715,0.6573080973577838,0.881801200824207,False,445,456.02987296947083,-2.418673342088103,-0.4210605968404416,23.01607053678361,60,267.0,11.04351815186412,404,-0.39243134442088123
2269,uva,packing_C,T07,largo,29,G4,8.927766602146715,0.6573080973577838,0.881801200824207,False,445,456.02987296947083,-2.418673342088103,-0.4210605968404416,23.01607053678361,60,267.0,11.04351815186412,405,-0.41112985436442107
2269,uva,packing_C,T07,largo,29,G4,8.927766602146715,0.6573080973577838,0.881801200824207,False,445,456.02987296947083,-2.418673342088103,-0.4210605968404416,23.01607053678361,60,267.0,11.04351815186412,406,-0.3690931431862172
2269,uva,packing_C,T07,largo,29,G4,8.927766602146715,0.6573080973577838,0.881801200824207,False,445,456.02987296947083,-2.418673342088103,-0.4210605968404416,23.01607053678361,60,267.0,11.04351815186412,407,-0.6512652261147177
2269,uva,packing_C,T07,largo,29,G4,8.927766602146715,0.6573080973577838,0.881801200824207,False,445,456.02987296947083,-2.418673342088103,-0.4210605968404416,23.01607053678361,60,267.0,11.04351815186412,408,-0.6263442577546946
2269,uva,packing_C,T07,largo,29,G4,8.927766602146715,0.6573080973577838,0.881801200824207,False,445,456.02987296947083,-2.418673342088103,-0.4210605968404416,23.01607053678361,60,267.0,11.04351815186412,409,-0.7842839550024663
2269,uva,packing_C,T07,largo,29,G4,8.927766602146715,0.6573080973577838,0.881801200824207,False,445,456.02987296947083,-2.418673342088103,-0.4210605968404416,23.01607053678361,60,267.0,11.04351815186412,410,-0.9442606862952505
2269,uva,packing_C,T07,largo,29,G4,8.927766602146715,0.6573080973577838,0.881801200824207,False,445,456.02987296947083,-2.418673342088103,-0.4210605968404416,23.01607053678361,60,267.0,11.04351815186412,411,-1.1423089989467932
2269,uva,packing_C,T07,largo,29,G4,8.927766602146715,0.6573080973577838,0.881801200824207,False,445,456.02987296947083,-2.418673342088103,-0.4210605968404416,23.01607053678361,60,267.0,11.04351815186412,412,-0.9714936754530062
2269,uva,packing_C,T07,largo,29,G4,8.927766602146715,0.6573080973577838,0.881801200824207,False,445,456.02987296947083,-2.418673342088103,-0.4210605968404416,23.01607053678361,60,267.0,11.04351815186412,413,-1.0299407054045517
2269,uva,packing_C,T07,largo,29,G4,8.927766602146715,0.6573080973577838,0.881801200824207,False,445,456.02987296947083,-2.418673342088103,-0.4210605968404416,23.01607053678361,60,267.0,11.04351815186412,414,-0.8824013873835396
2269,uva,packing_C,T07,largo,29,G4,8.927766602146715,0.6573080973577838,0.881801200824207,False,445,456.02987296947083,-2.418673342088103,-0.4210605968404416,23.01607053678361,60,267.0,11.04351815186412,415,-0.6675973086306212
2269,uva,packing_C,T07,largo,29,G4,8.927766602146715,0.6573080973577838,0.881801200824207,False,445,456.02987296947083,-2.418673342088103,-0.4210605968404416,23.01607053678361,60,267.0,11.04351815186412,416,-0.7214900924425023
2269,uva,packing_C,T07,largo,29,G4,8.927766602146715,0.6573080973577838,0.881801200824207,False,445,456.02987296947083,-2.418673342088103,-0.4210605968404416,23.01607053678361,60,267.0,11.04351815186412,417,-0.8700874492881331
2269,uva,packing_C,T07,largo,29,G4,8.927766602146715,0.6573080973577838,0.881801200824207,False,445,456.02987296947083,-2.418673342088103,-0.4210605968404416,23.01607053678361,60,267.0,11.04351815186412,418,-0.6180405874608554
2269,uva,packing_C,T07,largo,29,G4,8.927766602146715,0.6573080973577838,0.881801200824207,False,445,456.02987296947083,-2.418673342088103,-0.4210605968404416,23.01607053678361,60,267.0,11.04351815186412,419,-0.5173368196303929
2269,uva,packing_C,T07,largo,29,G4,8.927766602146715,0.6573080973577838,0.881801200824207,False,445,456.02987296947083,-2.418673342088103,-0.4210605968404416,23.01607053678361,60,267.0,11.04351815186412,420,-0.5882420392692249
2269,uva,packing_C,T07,largo,29,G4,8.927766602146715,0.6573080973577838,0.881801200824207,False,445,456.02987296947083,-2.418673342088103,-0.4210605968404416,23.01607053678361,60,267.0,11.04351815186412,421,-0.24813306755642422
2269,uva,packing_C,T07,largo,29,G4,8.927766602146715,0.6573080973577838,0.881801200824207,False,445,456.02987296947083,-2.418673342088103,-0.4210605968404416,23.01607053678361,60,267.0,11.04351815186412,422,-0.15595012497592145
2269,uva,packing_C,T07,largo,29,G4,8.927766602146715,0.6573080973577838,0.881801200824207,False,445,456.02987296947083,-2.418673342088103,-0.4210605968404416,23.01607053678361,60,267.0,11.04351815186412,423,-0.05682555740979234
2269,uva,packing_C,T07,largo,29,G4,8.927766602146715,0.6573080973577838,0.881801200824207,False,445,456.02987296947083,-2.418673342088103,-0.4210605968404416,23.01607053678361,60,267.0,11.04351815186412,424,-0.0014473400738375802
2269,uva,packing_C,T07,largo,29,G4,8.927766602146715,0.6573080973577838,0.881801200824207,False,445,456.02987296947083,-2.418673342088103,-0.4210605968404416,23.01607053678361,60,267.0,11.04351815186412,425,-0.18296973596918534
2269,uva,packing_C,T07,largo,29,G4,8.927766602146715,0.6573080973577838,0.881801200824207,False,445,456.02987296947083,-2.418673342088103,-0.4210605968404416,23.01607053678361,60,267.0,11.04351815186412,426,0.05080178299331378
2269,uva,packing_C,T07,largo,29,G4,8.927766602146715,0.6573080973577838,0.881801200824207,False,445,456.02987296947083,-2.418673342088103,-0.4210605968404416,23.01607053678361,60,267.0,11.04351815186412,427,-0.010465581097743905
2269,uva,packing_C,T07,largo,29,G4,8.927766602146715,0.6573080973577838,0.881801200824207,False,445,456.02987296947083,-2.418673342088103,-0.4210605968404416,23.01607053678361,60,267.0,11.04351815186412,428,0.18485927044764675
2269,uva,packing_C,T07,largo,29,G4,8.927766602146715,0.6573080973577838,0.881801200824207,False,445,456.02987296947083,-2.418673342088103,-0.4210605968404416,23.01607053678361,60,267.0,11.04351815186412,429,0.06193835506778505
2269,uva,packing_C,T07,largo,29,G4,8.927766602146715,0.6573080973577838,0.881801200824207,False,445,456.02987296947083,-2.418673342088103,-0.4210605968404416,23.01607053678361,60,267.0,11.04351815186412,430,0.014914656972388668
2269,uva,packing_C,T07,largo,29,G4,8.927766602146715,0.6573080973577838,0.881801200824207,False,445,456.02987296947083,-2.418673342088103,-0.4210605968404416,23.01607053678361,60,267.0,11.04351815186412,431,-0.1882771328852168
2269,uva,packing_C,T07,largo,29,G4,8.927766602146715,0.6573080973577838,0.881801200824207,False,445,456.02987296947083,-2.418673342088103,-0.4210605968404416,23.01607053678361,60,267.0,11.04351815186412,432,-0.16434357415367457
2269,uva,packing_C,T07,largo,29,G4,8.927766602146715,0.6573080973577838,0.881801200824207,False,445,456.02987296947083,-2.418673342088103,-0.4210605968404416,23.01607053678361,60,267.0,11.04351815186412,433,-0.3465196779921365
2269,uva,packing_C,T07,largo,29,G4,8.927766602146715,0.6573080973577838,0.881801200824207,False,445,456.02987296947083,-2.418673342088103,-0.4210605968404416,23.01607053678361,60,267.0,11.04351815186412,434,-0.317663226175799
2269,uva,packing_C,T07,largo,29,G4,8.927766602146715,0.6573080973577838,0.881801200824207,False,445,456.02987296947083,-2.418673342088103,-0.4210605968404416,23.01607053678361,60,267.0,11.04351815186412,435,-0.35202013578860025
2269,uva,packing_C,T07,largo,29,G4,8.927766602146715,0.6573080973577838,0.881801200824207,False,445,456.02987296947083,-2.418673342088103,-0.4210605968404416,23.01607053678361,60,267.0,11.04351815186412,436,-0.5637137699088424
2269,uva,packing_C,T07,largo,29,G4,8.927766602146715,0.6573080973577838,0.881801200824207,False,445,456.02987296947083,-2.418673342088103,-0.4210605968404416,23.01607053678361,60,267.0,11.04351815186412,437,-0.5351735511826996
2269,uva,packing_C,T07,largo,29,G4,8.927766602146715,0.6573080973577838,0.881801200824207,False,445,456.02987296947083,-2.418673342088103,-0.4210605968404416,23.01607053678361,60,267.0,11.04351815186412,438,-0.7172510688627142
2269,uva,packing_C,T07,largo,29,G4,8.927766602146715,0.6573080973577838,0.881801200824207,False,445,456.02987296947083,-2.418673342088103,-0.4210605968404416,23.01607053678361,60,267.0,11.04351815186412,439,-0.7385442894173518
2269,uva,packing_C,T07,largo,29,G4,8.927766602146715,0.6573080973577838,0.881801200824207,False,445,456.02987296947083,-2.418673342088103,-0.4210605968404416,23.01607053678361,60,267.0,11.04351815186412,440,-0.7365742545839161
2269,uva,packing_C,T07,largo,29,G4,8.927766602146715,0.6573080973577838,0.881801200824207,False,445,456.02987296947083,-2.418673342088103,-0.4210605968404416,23.01607053678361,60,267.0,11.04351815186412,441,-0.9373982612394937
2269,uva,packing_C,T07,largo,29,G4,8.927766602146715,0.6573080973577838,0.881801200824207,False,445,456.02987296947083,-2.418673342088103,-0.4210605968404416,23.01607053678361,60,267.0,11.04351815186412,442,-1.0545000988621485
2269,uva,packing_C,T07,largo,29,G4,8.927766602146715,0.6573080973577838,0.881801200824207,False,445,456.02987296947083,-2.418673342088103,-0.4210605968404416,23.01607053678361,60,267.0,11.04351815186412,443,-0.8412536615271045
2269,uva,packing_C,T07,largo,29,G4,8.927766602146715,0.6573080973577838,0.881801200824207,False,445,456.02987296947083,-2.418673342088103,-0.4210605968404416,23.01607053678361,60,267.0,11.04351815186412,444,-0.8244375643653454
