proceso_id,epoca,packing,tunel,tipo_tunel,iteracion,mass_group,masa_ton,ocupabilidad,caudal_factor,anomalia_duracion,duracion_min,duracion_esperada_min,delta_duracion_pct,setpoint,T0,pct_transitorio,t_trans_min,overshoot_pct,tiempo_min,temperatura
2248,uva,packing_C,T07,largo,8,G4,8.343677150270103,0.7831588847912421,0.8758802656950593,False,460,463.74719337000727,-0.8080250238878569,-0.39872483524095653,23.6587055103181,60,276.0,11.262170726718562,0,23.527267318549733
2248,uva,packing_C,T07,largo,8,G4,8.343677150270103,0.7831588847912421,0.8758802656950593,False,460,463.74719337000727,-0.8080250238878569,-0.39872483524095653,23.6587055103181,60,276.0,11.262170726718562,1,23.51321827786221
2248,uva,packing_C,T07,largo,8,G4,8.343677150270103,0.7831588847912421,0.8758802656950593,False,460,463.74719337000727,-0.8080250238878569,-0.39872483524095653,23.6587055103181,60,276.0,11.262170726718562,2,23.13770308521935
2248,uva,packing_C,T07,largo,8,G4,8.343677150270103,0.7831588847912421,0.8758802656950593,False,460,463.74719337000727,-0.8080250238878569,-0.39872483524095653,23.6587055103181,60,276.0,11.262170726718562,3,23.077276334973522
2248,uva,packing_C,T07,largo,8,G4,8.343677150270103,0.7831588847912421,0.8758802656950593,False,460,463.74719337000727,-0.8080250238878569,-0.39872483524095653,23.6587055103181,60,276.0,11.262170726718562,4,22.687973303926196
2248,uva,packing_C,T07,largo,8,G4,8.343677150270103,0.7831588847912421,0.8758802656950593,False,460,463.74719337000727,-0.8080250238878569,-0.39872483524095653,23.6587055103181,60,276.0,11.262170726718562,5,22.607931492793572
2248,uva,packing_C,T07,largo,8,G4,8.343677150270103,0.7831588847912421,0.8758802656950593,False,460,463.74719337000727,-0.8080250238878569,-0.39872483524095653,23.6587055103181,60,276.0,11.262170726718562,6,22.08110606898379
2248,uva,packing_C,T07,largo,8,G4,8.343677150270103,0.7831588847912421,0.8758802656950593,False,460,463.74719337000727,-0.8080250238878569,-0.39872483524095653,23.6587055103181,60,276.0,11.262170726718562,7,22.291708827752146
2248,uva,packing_C,T07,largo,8,G4,8.343677150270103,0.7831588847912421,0.8758802656950593,False,460,463.74719337000727,-0.8080250238878569,-0.39872483524095653,23.6587055103181,60,276.0,11.262170726718562,8,21.82981347610452
2248,uva,packing_C,T07,largo,8,G4,8.343677150270103,0.7831588847912421,0.8758802656950593,False,460,463.74719337000727,-0.8080250238878569,-0.39872483524095653,23.6587055103181,60,276.0,11.262170726718562,9,21.647184017824674
2248,uva,packing_C,T07,largo,8,G4,8.343677150270103,0.7831588847912421,0.8758802656950593,False,460,463.74719337000727,-0.8080250238878569,-0.39872483524095653,23.6587055103181,60,276.0,11.262170726718562,10,21.18197883442343
2248,uva,packing_C,T07,largo,8,G4,8.343677150270103,0.7831588847912421,0.8758802656950593,False,460,463.74719337000727,-0.8080250238878569,-0.39872483524095653,23.6587055103181,60,276.0,11.262170726718562,11,21.074246947240916
2248,uva,packing_C,T07,largo,8,G4,8.343677150270103,0.7831588847912421,0.8758802656950593,False,460,463.74719337000727,-0.8080250238878569,-0.39872483524095653,23.6587055103181,60,276.0,11.262170726718562,12,20.659851260716568
2248,uva,packing_C,T07,largo,8,G4,8.343677150270103,0.7831588847912421,0.8758802656950593,False,460,463.74719337000727,-0.8080250238878569,-0.39872483524095653,23.6587055103181,60,276.0,11.262170726718562,13,20.483712072381195
2248,uva,packing_C,T07,largo,8,G4,8.343677150270103,0.7831588847912421,0.8758802656950593,False,460,463.74719337000727,-0.8080250238878569,-0.39872483524095653,23.6587055103181,60,276.0,11.262170726718562,14,20.227937347525305
2248,uva,packing_C,T07,largo,8,G4,8.343677150270103,0.7831588847912421,0.8758802656950593,False,460,463.74719337000727,-0.8080250238878569,-0.39872483524095653,23.6587055103181,60,276.0,11.262170726718562,15,19.865740614493074
2248,uva,packing_C,T07,largo,8,G4,8.343677150270103,0.7831588847912421,0.8758802656950593,False,460,463.74719337000727,-0.8080250238878569,-0.39872483524095653,23.6587055103181,60,276.0,11.262170726718562,16,19.646259008907997
2248,uva,packing_C,T07,largo,8,G4,8.343677150270103,0.7831588847912421,0.8758802656950593,False,460,463.74719337000727,-0.8080250238878569,-0.39872483524095653,23.6587055103181,60,276.0,11.262170726718562,17,19.396135019021703
2248,uva,packing_C,T07,largo,8,G4,8.343677150270103,0.7831588847912421,0.8758802656950593,False,460,463.74719337000727,-0.8080250238878569,-0.39872483524095653,23.6587055103181,60,276.0,11.262170726718562,18,19.03978486445408
2248,uva,packing_C,T07,largo,8,G4,8.343677150270103,0.7831588847912421,0.8758802656950593,False,460,463.74719337000727,-0.8080250238878569,-0.39872483524095653,23.6587055103181,60,276.0,11.262170726718562,19,18.80751028773896
2248,uva,packing_C,T07,largo,8,G4,8.343677150270103,0.7831588847912421,0.8758802656950593,False,460,463.74719337000727,-0.8080250238878569,-0.39872483524095653,23.6587055103181,60,276.0,11.262170726718562,20,18.457431557989775
2248,uva,packing_C,T07,largo,8,G4,8.343677150270103,0.7831588847912421,0.8758802656950593,False,460,463.74719337000727,-0.8080250238878569,-0.39872483524095653,23.6587055103181,60,276.0,11.262170726718562,21,18.238734175146657
2248,uva,packing_C,T07,largo,8,G4,8.343677150270103,0.7831588847912421,0.8758802656950593,False,460,463.74719337000727,-0.8080250238878569,-0.39872483524095653,23.6587055103181,60,276.0,11.262170726718562,22,17.87202758478122
2248,uva,packing_C,T07,largo,8,G4,8.343677150270103,0.7831588847912421,0.8758802656950593,False,460,463.74719337000727,-0.8080250238878569,-0.39872483524095653,23.6587055103181,60,276.0,11.262170726718562,23,17.7001010367593
2248,uva,packing_C,T07,largo,8,G4,8.343677150270103,0.7831588847912421,0.8758802656950593,False,460,463.74719337000727,-0.8080250238878569,-0.39872483524095653,23.6587055103181,60,276.0,11.262170726718562,24,17.343133089800933
2248,uva,packing_C,T07,largo,8,G4,8.343677150270103,0.7831588847912421,0.8758802656950593,False,460,463.74719337000727,-0.8080250238878569,-0.39872483524095653,23.6587055103181,60,276.0,11.262170726718562,25,17.142628156260617
2248,uva,packing_C,T07,largo,8,G4,8.343677150270103,0.7831588847912421,0.8758802656950593,False,460,463.74719337000727,-0.8080250238878569,-0.39872483524095653,23.6587055103181,60,276.0,11.262170726718562,26,16.68940557915955
2248,uva,packing_C,T07,largo,8,G4,8.343677150270103,0.7831588847912421,0.8758802656950593,False,460,463.74719337000727,-0.8080250238878569,-0.39872483524095653,23.6587055103181,60,276.0,11.262170726718562,27,16.70416252219737
2248,uva,packing_C,T07,largo,8,G4,8.343677150270103,0.7831588847912421,0.8758802656950593,False,460,463.74719337000727,-0.8080250238878569,-0.39872483524095653,23.6587055103181,60,276.0,11.262170726718562,28,16.21477611260426
2248,uva,packing_C,T07,largo,8,G4,8.343677150270103,0.7831588847912421,0.8758802656950593,False,460,463.74719337000727,-0.8080250238878569,-0.39872483524095653,23.6587055103181,60,276.0,11.262170726718562,29,15.970550284047716
2248,uva,packing_C,T07,largo,8,G4,8.343677150270103,0.7831588847912421,0.8758802656950593,False,460,463.74719337000727,-0.8080250238878569,-0.39872483524095653,23.6587055103181,60,276.0,11.262170726718562,30,15.709844048560981
2248,uva,packing_C,T07,largo,8,G4,8.343677150270103,0.7831588847912421,0.8758802656950593,False,460,463.74719337000727,-0.8080250238878569,-0.39872483524095653,23.6587055103181,60,276.0,11.262170726718562,31,15.381320262177402
2248,uva,packing_C,T07,largo,8,G4,8.343677150270103,0.7831588847912421,0.8758802656950593,False,460,463.74719337000727,-0.8080250238878569,-0.39872483524095653,23.6587055103181,60,276.0,11.262170726718562,32,14.897154037554422
2248,uva,packing_C,T07,largo,8,G4,8.343677150270103,0.7831588847912421,0.8758802656950593,False,460,463.74719337000727,-0.8080250238878569,-0.39872483524095653,23.6587055103181,60,276.0,11.262170726718562,33,14.639860327868414
2248,uva,packing_C,T07,largo,8,G4,8.343677150270103,0.7831588847912421,0.8758802656950593,False,460,463.74719337000727,-0.8080250238878569,-0.39872483524095653,23.6587055103181,60,276.0,11.262170726718562,34,14.436732388010274
2248,uva,packing_C,T07,largo,8,G4,8.343677150270103,0.7831588847912421,0.8758802656950593,False,460,463.74719337000727,-0.8080250238878569,-0.39872483524095653,23.6587055103181,60,276.0,11.262170726718562,35,14.019822912227186
2248,uva,packing_C,T07,largo,8,G4,8.343677150270103,0.7831588847912421,0.8758802656950593,False,460,463.74719337000727,-0.8080250238878569,-0.39872483524095653,23.6587055103181,60,276.0,11.262170726718562,36,13.75224782284968
2248,uva,packing_C,T07,largo,8,G4,8.343677150270103,0.7831588847912421,0.8758802656950593,False,460,463.74719337000727,-0.8080250238878569,-0.39872483524095653,23.6587055103181,60,276.0,11.262170726718562,37,13.693529091104718
2248,uva,packing_C,T07,largo,8,G4,8.343677150270103,0.7831588847912421,0.8758802656950593,False,460,463.74719337000727,-0.8080250238878569,-0.39872483524095653,23.6587055103181,60,276.0,11.262170726718562,38,13.254531442764295
2248,uva,packing_C,T07,largo,8,G4,8.343677150270103,0.7831588847912421,0.8758802656950593,False,460,463.74719337000727,-0.8080250238878569,-0.39872483524095653,23.6587055103181,60,276.0,11.262170726718562,39,12.76766998772011
2248,uva,packing_C,T07,largo,8,G4,8.343677150270103,0.7831588847912421,0.8758802656950593,False,460,463.74719337000727,-0.8080250238878569,-0.39872483524095653,23.6587055103181,60,276.0,11.262170726718562,40,12.55708515943576
2248,uva,packing_C,T07,largo,8,G4,8.343677150270103,0.7831588847912421,0.8758802656950593,False,460,463.74719337000727,-0.8080250238878569,-0.39872483524095653,23.6587055103181,60,276.0,11.262170726718562,41,12.201538852190069
2248,uva,packing_C,T07,largo,8,G4,8.343677150270103,0.7831588847912421,0.8758802656950593,False,460,463.74719337000727,-0.8080250238878569,-0.39872483524095653,23.6587055103181,60,276.0,11.262170726718562,42,11.99064282282476
2248,uva,packing_C,T07,largo,8,G4,8.343677150270103,0.7831588847912421,0.8758802656950593,False,460,463.74719337000727,-0.8080250238878569,-0.39872483524095653,23.6587055103181,60,276.0,11.262170726718562,43,11.769455571894582
2248,uva,packing_C,T07,largo,8,G4,8.343677150270103,0.7831588847912421,0.8758802656950593,False,460,463.74719337000727,-0.8080250238878569,-0.39872483524095653,23.6587055103181,60,276.0,11.262170726718562,44,11.35783125590121
2248,uva,packing_C,T07,largo,8,G4,8.343677150270103,0.7831588847912421,0.8758802656950593,False,460,463.74719337000727,-0.8080250238878569,-0.39872483524095653,23.6587055103181,60,276.0,11.262170726718562,45,10.962038466330585
2248,uva,packing_C,T07,largo,8,G4,8.343677150270103,0.7831588847912421,0.8758802656950593,False,460,463.74719337000727,-0.8080250238878569,-0.39872483524095653,23.6587055103181,60,276.0,11.262170726718562,46,10.807582363599368
2248,uva,packing_C,T07,largo,8,G4,8.343677150270103,0.7831588847912421,0.8758802656950593,False,460,463.74719337000727,-0.8080250238878569,-0.39872483524095653,23.6587055103181,60,276.0,11.262170726718562,47,10.34405032277564
2248,uva,packing_C,T07,largo,8,G4,8.343677150270103,0.7831588847912421,0.8758802656950593,False,460,463.74719337000727,-0.8080250238878569,-0.39872483524095653,23.6587055103181,60,276.0,11.262170726718562,48,10.043401893188783
2248,uva,packing_C,T07,largo,8,G4,8.343677150270103,0.7831588847912421,0.8758802656950593,False,460,463.74719337000727,-0.8080250238878569,-0.39872483524095653,23.6587055103181,60,276.0,11.262170726718562,49,9.737248287050381
2248,uva,packing_C,T07,largo,8,G4,8.343677150270103,0.7831588847912421,0.8758802656950593,False,460,463.74719337000727,-0.8080250238878569,-0.39872483524095653,23.6587055103181,60,276.0,11.262170726718562,50,9.326225249603784
2248,uva,packing_C,T07,largo,8,G4,8.343677150270103,0.7831588847912421,0.8758802656950593,False,460,463.74719337000727,-0.8080250238878569,-0.39872483524095653,23.6587055103181,60,276.0,11.262170726718562,51,9.147966515651623
2248,uva,packing_C,T07,largo,8,G4,8.343677150270103,0.7831588847912421,0.8758802656950593,False,460,463.74719337000727,-0.8080250238878569,-0.39872483524095653,23.6587055103181,60,276.0,11.262170726718562,52,8.514180371584953
2248,uva,packing_C,T07,largo,8,G4,8.343677150270103,0.7831588847912421,0.8758802656950593,False,460,463.74719337000727,-0.8080250238878569,-0.39872483524095653,23.6587055103181,60,276.0,11.262170726718562,53,8.468698314954421
2248,uva,packing_C,T07,largo,8,G4,8.343677150270103,0.7831588847912421,0.8758802656950593,False,460,463.74719337000727,-0.8080250238878569,-0.39872483524095653,23.6587055103181,60,276.0,11.262170726718562,54,8.275931675906294
2248,uva,packing_C,T07,largo,8,G4,8.343677150270103,0.7831588847912421,0.8758802656950593,False,460,463.74719337000727,-0.8080250238878569,-0.39872483524095653,23.6587055103181,60,276.0,11.262170726718562,55,7.98260019976059
2248,uva,packing_C,T07,largo,8,G4,8.343677150270103,0.7831588847912421,0.8758802656950593,False,460,463.74719337000727,-0.8080250238878569,-0.39872483524095653,23.6587055103181,60,276.0,11.262170726718562,56,7.667747810849321
2248,uva,packing_C,T07,largo,8,G4,8.343677150270103,0.7831588847912421,0.8758802656950593,False,460,463.74719337000727,-0.8080250238878569,-0.39872483524095653,23.6587055103181,60,276.0,11.262170726718562,57,7.621462327607778
2248,uva,packing_C,T07,largo,8,G4,8.343677150270103,0.7831588847912421,0.8758802656950593,False,460,463.74719337000727,-0.8080250238878569,-0.39872483524095653,23.6587055103181,60,276.0,11.262170726718562,58,7.19720420554328
2248,uva,packing_C,T07,largo,8,G4,8.343677150270103,0.7831588847912421,0.8758802656950593,False,460,463.74719337000727,-0.8080250238878569,-0.39872483524095653,23.6587055103181,60,276.0,11.262170726718562,59,7.018423583087867
2248,uva,packing_C,T07,largo,8,G4,8.343677150270103,0.7831588847912421,0.8758802656950593,False,460,463.74719337000727,-0.8080250238878569,-0.39872483524095653,23.6587055103181,60,276.0,11.262170726718562,60,6.561075134694065
2248,uva,packing_C,T07,largo,8,G4,8.343677150270103,0.7831588847912421,0.8758802656950593,False,460,463.74719337000727,-0.8080250238878569,-0.39872483524095653,23.6587055103181,60,276.0,11.262170726718562,61,6.357250099639979
2248,uva,packing_C,T07,largo,8,G4,8.343677150270103,0.7831588847912421,0.8758802656950593,False,460,463.74719337000727,-0.8080250238878569,-0.39872483524095653,23.6587055103181,60,276.0,11.262170726718562,62,6.012813260242264
2248,uva,packing_C,T07,largo,8,G4,8.343677150270103,0.7831588847912421,0.8758802656950593,False,460,463.74719337000727,-0.8080250238878569,-0.39872483524095653,23.6587055103181,60,276.0,11.262170726718562,63,5.75164951493992
2248,uva,packing_C,T07,largo,8,G4,8.343677150270103,0.7831588847912421,0.8758802656950593,False,460,463.74719337000727,-0.8080250238878569,-0.39872483524095653,23.6587055103181,60,276.0,11.262170726718562,64,5.509552950782192
2248,uva,packing_C,T07,largo,8,G4,8.343677150270103,0.7831588847912421,0.8758802656950593,False,460,463.74719337000727,-0.8080250238878569,-0.39872483524095653,23.6587055103181,60,276.0,11.262170726718562,65,5.085310890389486
2248,uva,packing_C,T07,largo,8,G4,8.343677150270103,0.7831588847912421,0.8758802656950593,False,460,463.74719337000727,-0.8080250238878569,-0.39872483524095653,23.6587055103181,60,276.0,11.262170726718562,66,4.882144729510384
2248,uva,packing_C,T07,largo,8,G4,8.343677150270103,0.7831588847912421,0.8758802656950593,False,460,463.74719337000727,-0.8080250238878569,-0.39872483524095653,23.6587055103181,60,276.0,11.262170726718562,67,4.579557598132918
2248,uva,packing_C,T07,largo,8,G4,8.343677150270103,0.7831588847912421,0.8758802656950593,False,460,463.74719337000727,-0.8080250238878569,-0.39872483524095653,23.6587055103181,60,276.0,11.262170726718562,68,4.361648369872728
2248,uva,packing_C,T07,largo,8,G4,8.343677150270103,0.7831588847912421,0.8758802656950593,False,460,463.74719337000727,-0.8080250238878569,-0.39872483524095653,23.6587055103181,60,276.0,11.262170726718562,69,4.019432601714711
2248,uva,packing_C,T07,largo,8,G4,8.343677150270103,0.7831588847912421,0.8758802656950593,False,460,463.74719337000727,-0.8080250238878569,-0.39872483524095653,23.6587055103181,60,276.0,11.262170726718562,70,3.8437513141286272
2248,uva,packing_C,T07,largo,8,G4,8.343677150270103,0.7831588847912421,0.8758802656950593,False,460,463.74719337000727,-0.8080250238878569,-0.39872483524095653,23.6587055103181,60,276.0,11.262170726718562,71,3.7566830437468526
2248,uva,packing_C,T07,largo,8,G4,8.343677150270103,0.7831588847912421,0.8758802656950593,False,460,463.74719337000727,-0.8080250238878569,-0.39872483524095653,23.6587055103181,60,276.0,11.262170726718562,72,3.4006431073676686
2248,uva,packing_C,T07,largo,8,G4,8.343677150270103,0.7831588847912421,0.8758802656950593,False,460,463.74719337000727,-0.8080250238878569,-0.39872483524095653,23.6587055103181,60,276.0,11.262170726718562,73,3.064049763159283
2248,uva,packing_C,T07,largo,8,G4,8.343677150270103,0.7831588847912421,0.8758802656950593,False,460,463.74719337000727,-0.8080250238878569,-0.39872483524095653,23.6587055103181,60,276.0,11.262170726718562,74,2.8100913685169506
2248,uva,packing_C,T07,largo,8,G4,8.343677150270103,0.7831588847912421,0.8758802656950593,False,460,463.74719337000727,-0.8080250238878569,-0.39872483524095653,23.6587055103181,60,276.0,11.262170726718562,75,2.464464811593956
2248,uva,packing_C,T07,largo,8,G4,8.343677150270103,0.7831588847912421,0.8758802656950593,False,460,463.74719337000727,-0.8080250238878569,-0.39872483524095653,23.6587055103181,60,276.0,11.262170726718562,76,2.3057565896672094
2248,uva,packing_C,T07,largo,8,G4,8.343677150270103,0.7831588847912421,0.8758802656950593,False,460,463.74719337000727,-0.8080250238878569,-0.39872483524095653,23.6587055103181,60,276.0,11.262170726718562,77,2.094126677911539
2248,uva,packing_C,T07,largo,8,G4,8.343677150270103,0.7831588847912421,0.8758802656950593,False,460,463.74719337000727,-0.8080250238878569,-0.39872483524095653,23.6587055103181,60,276.0,11.262170726718562,78,1.8467343538706962
2248,uva,packing_C,T07,largo,8,G4,8.343677150270103,0.7831588847912421,0.8758802656950593,False,460,463.74719337000727,-0.8080250238878569,-0.39872483524095653,23.6587055103181,60,276.0,11.262170726718562,79,1.6282886307605406
2248,uva,packing_C,T07,largo,8,G4,8.343677150270103,0.7831588847912421,0.8758802656950593,False,460,463.74719337000727,-0.8080250238878569,-0.39872483524095653,23.6587055103181,60,276.0,11.262170726718562,80,1.4182437309743765
2248,uva,packing_C,T07,largo,8,G4,8.343677150270103,0.7831588847912421,0.8758802656950593,False,460,463.74719337000727,-0.8080250238878569,-0.39872483524095653,23.6587055103181,60,276.0,11.262170726718562,81,1.0605774949563576
2248,uva,packing_C,T07,largo,8,G4,8.343677150270103,0.7831588847912421,0.8758802656950593,False,460,463.74719337000727,-0.8080250238878569,-0.39872483524095653,23.6587055103181,60,276.0,11.262170726718562,82,0.9390816208184988
2248,uva,packing_C,T07,largo,8,G4,8.343677150270103,0.7831588847912421,0.8758802656950593,False,460,463.74719337000727,-0.8080250238878569,-0.39872483524095653,23.6587055103181,60,276.0,11.262170726718562,83,0.6664834509757968
2248,uva,packing_C,T07,largo,8,G4,8.343677150270103,0.7831588847912421,0.8758802656950593,False,460,463.74719337000727,-0.8080250238878569,-0.39872483524095653,23.6587055103181,60,276.0,11.262170726718562,84,0.5067910933954701
2248,uva,packing_C,T07,largo,8,G4,8.343677150270103,0.7831588847912421,0.8758802656950593,False,460,463.74719337000727,-0.8080250238878569,-0.39872483524095653,23.6587055103181,60,276.0,11.262170726718562,85,-0.0223761850489404
2248,uva,packing_C,T07,largo,8,G4,8.343677150270103,0.7831588847912421,0.8758802656950593,False,460,463.74719337000727,-0.8080250238878569,-0.39872483524095653,23.6587055103181,60,276.0,11.262170726718562,86,-0.07739213387973472
2248,uva,packing_C,T07,largo,8,G4,8.343677150270103,0.7831588847912421,0.8758802656950593,False,460,463.74719337000727,-0.8080250238878569,-0.39872483524095653,23.6587055103181,60,276.0,11.262170726718562,87,-0.2100527870489668
2248,uva,packing_C,T07,largo,8,G4,8.343677150270103,0.7831588847912421,0.8758802656950593,False,460,463.74719337000727,-0.8080250238878569,-0.39872483524095653,23.6587055103181,60,276.0,11.262170726718562,88,-0.4030818605704343
2248,uva,packing_C,T07,largo,8,G4,8.343677150270103,0.7831588847912421,0.8758802656950593,False,460,463.74719337000727,-0.8080250238878569,-0.39872483524095653,23.6587055103181,60,276.0,11.262170726718562,89,-0.7515094791546526
2248,uva,packing_C,T07,largo,8,G4,8.343677150270103,0.7831588847912421,0.8758802656950593,False,460,463.74719337000727,-0.8080250238878569,-0.39872483524095653,23.6587055103181,60,276.0,11.262170726718562,90,-0.7158588121049704
2248,uva,packing_C,T07,largo,8,G4,8.343677150270103,0.7831588847912421,0.8758802656950593,False,460,463.74719337000727,-0.8080250238878569,-0.39872483524095653,23.6587055103181,60,276.0,11.262170726718562,91,-1.049021329239126
2248,uva,packing_C,T07,largo,8,G4,8.343677150270103,0.7831588847912421,0.8758802656950593,False,460,463.74719337000727,-0.8080250238878569,-0.39872483524095653,23.6587055103181,60,276.0,11.262170726718562,92,-1.1209884930817706
2248,uva,packing_C,T07,largo,8,G4,8.343677150270103,0.7831588847912421,0.8758802656950593,False,460,463.74719337000727,-0.8080250238878569,-0.39872483524095653,23.6587055103181,60,276.0,11.262170726718562,93,-1.3893659291181244
2248,uva,packing_C,T07,largo,8,G4,8.343677150270103,0.7831588847912421,0.8758802656950593,False,460,463.74719337000727,-0.8080250238878569,-0.39872483524095653,23.6587055103181,60,276.0,11.262170726718562,94,-1.7367889481301089
2248,uva,packing_C,T07,largo,8,G4,8.343677150270103,0.7831588847912421,0.8758802656950593,False,460,463.74719337000727,-0.8080250238878569,-0.39872483524095653,23.6587055103181,60,276.0,11.262170726718562,95,-1.8098926744729416
2248,uva,packing_C,T07,largo,8,G4,8.343677150270103,0.7831588847912421,0.8758802656950593,False,460,463.74719337000727,-0.8080250238878569,-0.39872483524095653,23.6587055103181,60,276.0,11.262170726718562,96,-1.9917751592191573
2248,uva,packing_C,T07,largo,8,G4,8.343677150270103,0.7831588847912421,0.8758802656950593,False,460,463.74719337000727,-0.8080250238878569,-0.39872483524095653,23.6587055103181,60,276.0,11.262170726718562,97,-2.1005862057741664
2248,uva,packing_C,T07,largo,8,G4,8.343677150270103,0.7831588847912421,0.8758802656950593,False,460,463.74719337000727,-0.8080250238878569,-0.39872483524095653,23.6587055103181,60,276.0,11.262170726718562,98,-2.423169675009741
2248,uva,packing_C,T07,largo,8,G4,8.343677150270103,0.7831588847912421,0.8758802656950593,False,460,463.74719337000727,-0.8080250238878569,-0.39872483524095653,23.6587055103181,60,276.0,11.262170726718562,99,-2.3753077959082005
2248,uva,packing_C,T07,largo,8,G4,8.343677150270103,0.7831588847912421,0.8758802656950593,False,460,463.74719337000727,-0.8080250238878569,-0.39872483524095653,23.6587055103181,60,276.0,11.262170726718562,100,-2.8239790761435755
2248,uva,packing_C,T07,largo,8,G4,8.343677150270103,0.7831588847912421,0.8758802656950593,False,460,463.74719337000727,-0.8080250238878569,-0.39872483524095653,23.6587055103181,60,276.0,11.262170726718562,101,-2.809284975972631
2248,uva,packing_C,T07,largo,8,G4,8.343677150270103,0.7831588847912421,0.8758802656950593,False,460,463.74719337000727,-0.8080250238878569,-0.39872483524095653,23.6587055103181,60,276.0,11.262170726718562,102,-3.1455621004994296
2248,uva,packing_C,T07,largo,8,G4,8.343677150270103,0.7831588847912421,0.8758802656950593,False,460,463.74719337000727,-0.8080250238878569,-0.39872483524095653,23.6587055103181,60,276.0,11.262170726718562,103,-3.2380489371717127
2248,uva,packing_C,T07,largo,8,G4,8.343677150270103,0.7831588847912421,0.8758802656950593,False,460,463.74719337000727,-0.8080250238878569,-0.39872483524095653,23.6587055103181,60,276.0,11.262170726718562,104,-3.4335521924276904
2248,uva,packing_C,T07,largo,8,G4,8.343677150270103,0.7831588847912421,0.8758802656950593,False,460,463.74719337000727,-0.8080250238878569,-0.39872483524095653,23.6587055103181,60,276.0,11.262170726718562,105,-3.658574201919538
2248,uva,packing_C,T07,largo,8,G4,8.343677150270103,0.7831588847912421,0.8758802656950593,False,460,463.74719337000727,-0.8080250238878569,-0.39872483524095653,23.6587055103181,60,276.0,11.262170726718562,106,-3.868355918390288
2248,uva,packing_C,T07,largo,8,G4,8.343677150270103,0.7831588847912421,0.8758802656950593,False,460,463.74719337000727,-0.8080250238878569,-0.39872483524095653,23.6587055103181,60,276.0,11.262170726718562,107,-3.978428641005937
2248,uva,packing_C,T07,largo,8,G4,8.343677150270103,0.7831588847912421,0.8758802656950593,False,460,463.74719337000727,-0.8080250238878569,-0.39872483524095653,23.6587055103181,60,276.0,11.262170726718562,108,-3.9822782920782127
2248,uva,packing_C,T07,largo,8,G4,8.343677150270103,0.7831588847912421,0.8758802656950593,False,460,463.74719337000727,-0.8080250238878569,-0.39872483524095653,23.6587055103181,60,276.0,11.262170726718562,109,-4.196216602049006
2248,uva,packing_C,T07,largo,8,G4,8.343677150270103,0.7831588847912421,0.8758802656950593,False,460,463.74719337000727,-0.8080250238878569,-0.39872483524095653,23.6587055103181,60,276.0,11.262170726718562,110,-4.399439213177163
2248,uva,packing_C,T07,largo,8,G4,8.343677150270103,0.7831588847912421,0.8758802656950593,False,460,463.74719337000727,-0.8080250238878569,-0.39872483524095653,23.6587055103181,60,276.0,11.262170726718562,111,-4.536513039781591
2248,uva,packing_C,T07,largo,8,G4,8.343677150270103,0.7831588847912421,0.8758802656950593,False,460,463.74719337000727,-0.8080250238878569,-0.39872483524095653,23.6587055103181,60,276.0,11.262170726718562,112,-4.618565601120369
2248,uva,packing_C,T07,largo,8,G4,8.343677150270103,0.7831588847912421,0.8758802656950593,False,460,463.74719337000727,-0.8080250238878569,-0.39872483524095653,23.6587055103181,60,276.0,11.262170726718562,113,-4.821131140558709
2248,uva,packing_C,T07,largo,8,G4,8.343677150270103,0.7831588847912421,0.8758802656950593,False,460,463.74719337000727,-0.8080250238878569,-0.39872483524095653,23.6587055103181,60,276.0,11.262170726718562,114,-4.894568997140228
2248,uva,packing_C,T07,largo,8,G4,8.343677150270103,0.7831588847912421,0.8758802656950593,False,460,463.74719337000727,-0.8080250238878569,-0.39872483524095653,23.6587055103181,60,276.0,11.262170726718562,115,-5.102820705356567
2248,uva,packing_C,T07,largo,8,G4,8.343677150270103,0.7831588847912421,0.8758802656950593,False,460,463.74719337000727,-0.8080250238878569,-0.39872483524095653,23.6587055103181,60,276.0,11.262170726718562,116,-5.120475431232685
2248,uva,packing_C,T07,largo,8,G4,8.343677150270103,0.7831588847912421,0.8758802656950593,False,460,463.74719337000727,-0.8080250238878569,-0.39872483524095653,23.6587055103181,60,276.0,11.262170726718562,117,-5.1506532412010255
2248,uva,packing_C,T07,largo,8,G4,8.343677150270103,0.7831588847912421,0.8758802656950593,False,460,463.74719337000727,-0.8080250238878569,-0.39872483524095653,23.6587055103181,60,276.0,11.262170726718562,118,-5.221706126816809
2248,uva,packing_C,T07,largo,8,G4,8.343677150270103,0.7831588847912421,0.8758802656950593,False,460,463.74719337000727,-0.8080250238878569,-0.39872483524095653,23.6587055103181,60,276.0,11.262170726718562,119,-5.459508848931233
2248,uva,packing_C,T07,largo,8,G4,8.343677150270103,0.7831588847912421,0.8758802656950593,False,460,463.74719337000727,-0.8080250238878569,-0.39872483524095653,23.6587055103181,60,276.0,11.262170726718562,120,-5.745672463070032
2248,uva,packing_C,T07,largo,8,G4,8.343677150270103,0.7831588847912421,0.8758802656950593,False,460,463.74719337000727,-0.8080250238878569,-0.39872483524095653,23.6587055103181,60,276.0,11.262170726718562,121,-5.7364020639739834
2248,uva,packing_C,T07,largo,8,G4,8.343677150270103,0.7831588847912421,0.8758802656950593,False,460,463.74719337000727,-0.8080250238878569,-0.39872483524095653,23.6587055103181,60,276.0,11.262170726718562,122,-5.844920894740379
2248,uva,packing_C,T07,largo,8,G4,8.343677150270103,0.7831588847912421,0.8758802656950593,False,460,463.74719337000727,-0.8080250238878569,-0.39872483524095653,23.6587055103181,60,276.0,11.262170726718562,123,-5.845429780098427
2248,uva,packing_C,T07,largo,8,G4,8.343677150270103,0.7831588847912421,0.8758802656950593,False,460,463.74719337000727,-0.8080250238878569,-0.39872483524095653,23.6587055103181,60,276.0,11.262170726718562,124,-6.05095636850113
2248,uva,packing_C,T07,largo,8,G4,8.343677150270103,0.7831588847912421,0.8758802656950593,False,460,463.74719337000727,-0.8080250238878569,-0.39872483524095653,23.6587055103181,60,276.0,11.262170726718562,125,-6.00844007108101
2248,uva,packing_C,T07,largo,8,G4,8.343677150270103,0.7831588847912421,0.8758802656950593,False,460,463.74719337000727,-0.8080250238878569,-0.39872483524095653,23.6587055103181,60,276.0,11.262170726718562,126,-6.084321363878718
2248,uva,packing_C,T07,largo,8,G4,8.343677150270103,0.7831588847912421,0.8758802656950593,False,460,463.74719337000727,-0.8080250238878569,-0.39872483524095653,23.6587055103181,60,276.0,11.262170726718562,127,-6.196799674376271
2248,uva,packing_C,T07,largo,8,G4,8.343677150270103,0.7831588847912421,0.8758802656950593,False,460,463.74719337000727,-0.8080250238878569,-0.39872483524095653,23.6587055103181,60,276.0,11.262170726718562,128,-6.2967499547494485
2248,uva,packing_C,T07,largo,8,G4,8.343677150270103,0.7831588847912421,0.8758802656950593,False,460,463.74719337000727,-0.8080250238878569,-0.39872483524095653,23.6587055103181,60,276.0,11.262170726718562,129,-6.362563326768907
2248,uva,packing_C,T07,largo,8,G4,8.343677150270103,0.7831588847912421,0.8758802656950593,False,460,463.74719337000727,-0.8080250238878569,-0.39872483524095653,23.6587055103181,60,276.0,11.262170726718562,130,-6.415825249019724
2248,uva,packing_C,T07,largo,8,G4,8.343677150270103,0.7831588847912421,0.8758802656950593,False,460,463.74719337000727,-0.8080250238878569,-0.39872483524095653,23.6587055103181,60,276.0,11.262170726718562,131,-6.303511363817843
2248,uva,packing_C,T07,largo,8,G4,8.343677150270103,0.7831588847912421,0.8758802656950593,False,460,463.74719337000727,-0.8080250238878569,-0.39872483524095653,23.6587055103181,60,276.0,11.262170726718562,132,-6.57989069797016
2248,uva,packing_C,T07,largo,8,G4,8.343677150270103,0.7831588847912421,0.8758802656950593,False,460,463.74719337000727,-0.8080250238878569,-0.39872483524095653,23.6587055103181,60,276.0,11.262170726718562,133,-6.617605416513811
2248,uva,packing_C,T07,largo,8,G4,8.343677150270103,0.7831588847912421,0.8758802656950593,False,460,463.74719337000727,-0.8080250238878569,-0.39872483524095653,23.6587055103181,60,276.0,11.262170726718562,134,-6.69513842449187
2248,uva,packing_C,T07,largo,8,G4,8.343677150270103,0.7831588847912421,0.8758802656950593,False,460,463.74719337000727,-0.8080250238878569,-0.39872483524095653,23.6587055103181,60,276.0,11.262170726718562,135,-6.864484759467563
2248,uva,packing_C,T07,largo,8,G4,8.343677150270103,0.7831588847912421,0.8758802656950593,False,460,463.74719337000727,-0.8080250238878569,-0.39872483524095653,23.6587055103181,60,276.0,11.262170726718562,136,-7.0427773098911235
2248,uva,packing_C,T07,largo,8,G4,8.343677150270103,0.7831588847912421,0.8758802656950593,False,460,463.74719337000727,-0.8080250238878569,-0.39872483524095653,23.6587055103181,60,276.0,11.262170726718562,137,-7.070474179149649
2248,uva,packing_C,T07,largo,8,G4,8.343677150270103,0.7831588847912421,0.8758802656950593,False,460,463.74719337000727,-0.8080250238878569,-0.39872483524095653,23.6587055103181,60,276.0,11.262170726718562,138,-6.894261683188797
2248,uva,packing_C,T07,largo,8,G4,8.343677150270103,0.7831588847912421,0.8758802656950593,False,460,463.74719337000727,-0.8080250238878569,-0.39872483524095653,23.6587055103181,60,276.0,11.262170726718562,139,-7.019730828576703
2248,uva,packing_C,T07,largo,8,G4,8.343677150270103,0.7831588847912421,0.8758802656950593,False,460,463.74719337000727,-0.8080250238878569,-0.39872483524095653,23.6587055103181,60,276.0,11.262170726718562,140,-6.961475407390154
2248,uva,packing_C,T07,largo,8,G4,8.343677150270103,0.7831588847912421,0.8758802656950593,False,460,463.74719337000727,-0.8080250238878569,-0.39872483524095653,23.6587055103181,60,276.0,11.262170726718562,141,-7.0872932765127885
2248,uva,packing_C,T07,largo,8,G4,8.343677150270103,0.7831588847912421,0.8758802656950593,False,460,463.74719337000727,-0.8080250238878569,-0.39872483524095653,23.6587055103181,60,276.0,11.262170726718562,142,-7.186160088232878
2248,uva,packing_C,T07,largo,8,G4,8.343677150270103,0.7831588847912421,0.8758802656950593,False,460,463.74719337000727,-0.8080250238878569,-0.39872483524095653,23.6587055103181,60,276.0,11.262170726718562,143,-7.1310195957641245
2248,uva,packing_C,T07,largo,8,G4,8.343677150270103,0.7831588847912421,0.8758802656950593,False,460,463.74719337000727,-0.8080250238878569,-0.39872483524095653,23.6587055103181,60,276.0,11.262170726718562,144,-7.080792853198786
2248,uva,packing_C,T07,largo,8,G4,8.343677150270103,0.7831588847912421,0.8758802656950593,False,460,463.74719337000727,-0.8080250238878569,-0.39872483524095653,23.6587055103181,60,276.0,11.262170726718562,145,-7.2737950329234335
2248,uva,packing_C,T07,largo,8,G4,8.343677150270103,0.7831588847912421,0.8758802656950593,False,460,463.74719337000727,-0.8080250238878569,-0.39872483524095653,23.6587055103181,60,276.0,11.262170726718562,146,-7.427886848099142
2248,uva,packing_C,T07,largo,8,G4,8.343677150270103,0.7831588847912421,0.8758802656950593,False,460,463.74719337000727,-0.8080250238878569,-0.39872483524095653,23.6587055103181,60,276.0,11.262170726718562,147,-7.446157535927925
2248,uva,packing_C,T07,largo,8,G4,8.343677150270103,0.7831588847912421,0.8758802656950593,False,460,463.74719337000727,-0.8080250238878569,-0.39872483524095653,23.6587055103181,60,276.0,11.262170726718562,148,-7.295013154985721
2248,uva,packing_C,T07,largo,8,G4,8.343677150270103,0.7831588847912421,0.8758802656950593,False,460,463.74719337000727,-0.8080250238878569,-0.39872483524095653,23.6587055103181,60,276.0,11.262170726718562,149,-7.380784083222856
2248,uva,packing_C,T07,largo,8,G4,8.343677150270103,0.7831588847912421,0.8758802656950593,False,460,463.74719337000727,-0.8080250238878569,-0.39872483524095653,23.6587055103181,60,276.0,11.262170726718562,150,-7.442501854363273
2248,uva,packing_C,T07,largo,8,G4,8.343677150270103,0.7831588847912421,0.8758802656950593,False,460,463.74719337000727,-0.8080250238878569,-0.39872483524095653,23.6587055103181,60,276.0,11.262170726718562,151,-7.374364057086001
2248,uva,packing_C,T07,largo,8,G4,8.343677150270103,0.7831588847912421,0.8758802656950593,False,460,463.74719337000727,-0.8080250238878569,-0.39872483524095653,23.6587055103181,60,276.0,11.262170726718562,152,-7.590193367126592
2248,uva,packing_C,T07,largo,8,G4,8.343677150270103,0.7831588847912421,0.8758802656950593,False,460,463.74719337000727,-0.8080250238878569,-0.39872483524095653,23.6587055103181,60,276.0,11.262170726718562,153,-7.604619020886791
2248,uva,packing_C,T07,largo,8,G4,8.343677150270103,0.7831588847912421,0.8758802656950593,False,460,463.74719337000727,-0.8080250238878569,-0.39872483524095653,23.6587055103181,60,276.0,11.262170726718562,154,-7.478309959321176
2248,uva,packing_C,T07,largo,8,G4,8.343677150270103,0.7831588847912421,0.8758802656950593,False,460,463.74719337000727,-0.8080250238878569,-0.39872483524095653,23.6587055103181,60,276.0,11.262170726718562,155,-7.438153468867892
2248,uva,packing_C,T07,largo,8,G4,8.343677150270103,0.7831588847912421,0.8758802656950593,False,460,463.74719337000727,-0.8080250238878569,-0.39872483524095653,23.6587055103181,60,276.0,11.262170726718562,156,-7.507367342903306
2248,uva,packing_C,T07,largo,8,G4,8.343677150270103,0.7831588847912421,0.8758802656950593,False,460,463.74719337000727,-0.8080250238878569,-0.39872483524095653,23.6587055103181,60,276.0,11.262170726718562,157,-7.513732478805968
2248,uva,packing_C,T07,largo,8,G4,8.343677150270103,0.7831588847912421,0.8758802656950593,False,460,463.74719337000727,-0.8080250238878569,-0.39872483524095653,23.6587055103181,60,276.0,11.262170726718562,158,-7.474269812372679
2248,uva,packing_C,T07,largo,8,G4,8.343677150270103,0.7831588847912421,0.8758802656950593,False,460,463.74719337000727,-0.8080250238878569,-0.39872483524095653,23.6587055103181,60,276.0,11.262170726718562,159,-7.302148290691156
2248,uva,packing_C,T07,largo,8,G4,8.343677150270103,0.7831588847912421,0.8758802656950593,False,460,463.74719337000727,-0.8080250238878569,-0.39872483524095653,23.6587055103181,60,276.0,11.262170726718562,160,-7.555280587953969
2248,uva,packing_C,T07,largo,8,G4,8.343677150270103,0.7831588847912421,0.8758802656950593,False,460,463.74719337000727,-0.8080250238878569,-0.39872483524095653,23.6587055103181,60,276.0,11.262170726718562,161,-7.374677351582035
2248,uva,packing_C,T07,largo,8,G4,8.343677150270103,0.7831588847912421,0.8758802656950593,False,460,463.74719337000727,-0.8080250238878569,-0.39872483524095653,23.6587055103181,60,276.0,11.262170726718562,162,-7.349948788697763
2248,uva,packing_C,T07,largo,8,G4,8.343677150270103,0.7831588847912421,0.8758802656950593,False,460,463.74719337000727,-0.8080250238878569,-0.39872483524095653,23.6587055103181,60,276.0,11.262170726718562,163,-7.463522159373441
2248,uva,packing_C,T07,largo,8,G4,8.343677150270103,0.7831588847912421,0.8758802656950593,False,460,463.74719337000727,-0.8080250238878569,-0.39872483524095653,23.6587055103181,60,276.0,11.262170726718562,164,-7.5098579476801595
2248,uva,packing_C,T07,largo,8,G4,8.343677150270103,0.7831588847912421,0.8758802656950593,False,460,463.74719337000727,-0.8080250238878569,-0.39872483524095653,23.6587055103181,60,276.0,11.262170726718562,165,-7.485558924912835
2248,uva,packing_C,T07,largo,8,G4,8.343677150270103,0.7831588847912421,0.8758802656950593,False,460,463.74719337000727,-0.8080250238878569,-0.39872483524095653,23.6587055103181,60,276.0,11.262170726718562,166,-7.197753145838257
2248,uva,packing_C,T07,largo,8,G4,8.343677150270103,0.7831588847912421,0.8758802656950593,False,460,463.74719337000727,-0.8080250238878569,-0.39872483524095653,23.6587055103181,60,276.0,11.262170726718562,167,-7.333002584409701
2248,uva,packing_C,T07,largo,8,G4,8.343677150270103,0.7831588847912421,0.8758802656950593,False,460,463.74719337000727,-0.8080250238878569,-0.39872483524095653,23.6587055103181,60,276.0,11.262170726718562,168,-7.312827037764385
2248,uva,packing_C,T07,largo,8,G4,8.343677150270103,0.7831588847912421,0.8758802656950593,False,460,463.74719337000727,-0.8080250238878569,-0.39872483524095653,23.6587055103181,60,276.0,11.262170726718562,169,-7.347017214097961
2248,uva,packing_C,T07,largo,8,G4,8.343677150270103,0.7831588847912421,0.8758802656950593,False,460,463.74719337000727,-0.8080250238878569,-0.39872483524095653,23.6587055103181,60,276.0,11.262170726718562,170,-7.225252743170037
2248,uva,packing_C,T07,largo,8,G4,8.343677150270103,0.7831588847912421,0.8758802656950593,False,460,463.74719337000727,-0.8080250238878569,-0.39872483524095653,23.6587055103181,60,276.0,11.262170726718562,171,-7.345959241983957
2248,uva,packing_C,T07,largo,8,G4,8.343677150270103,0.7831588847912421,0.8758802656950593,False,460,463.74719337000727,-0.8080250238878569,-0.39872483524095653,23.6587055103181,60,276.0,11.262170726718562,172,-7.088557109946397
2248,uva,packing_C,T07,largo,8,G4,8.343677150270103,0.7831588847912421,0.8758802656950593,False,460,463.74719337000727,-0.8080250238878569,-0.39872483524095653,23.6587055103181,60,276.0,11.262170726718562,173,-7.361068738046188
2248,uva,packing_C,T07,largo,8,G4,8.343677150270103,0.7831588847912421,0.8758802656950593,False,460,463.74719337000727,-0.8080250238878569,-0.39872483524095653,23.6587055103181,60,276.0,11.262170726718562,174,-7.236982074372267
2248,uva,packing_C,T07,largo,8,G4,8.343677150270103,0.7831588847912421,0.8758802656950593,False,460,463.74719337000727,-0.8080250238878569,-0.39872483524095653,23.6587055103181,60,276.0,11.262170726718562,175,-7.2067735383952884
2248,uva,packing_C,T07,largo,8,G4,8.343677150270103,0.7831588847912421,0.8758802656950593,False,460,463.74719337000727,-0.8080250238878569,-0.39872483524095653,23.6587055103181,60,276.0,11.262170726718562,176,-7.114165445426315
2248,uva,packing_C,T07,largo,8,G4,8.343677150270103,0.7831588847912421,0.8758802656950593,False,460,463.74719337000727,-0.8080250238878569,-0.39872483524095653,23.6587055103181,60,276.0,11.262170726718562,177,-7.181380758775756
2248,uva,packing_C,T07,largo,8,G4,8.343677150270103,0.7831588847912421,0.8758802656950593,False,460,463.74719337000727,-0.8080250238878569,-0.39872483524095653,23.6587055103181,60,276.0,11.262170726718562,178,-7.174305156215586
2248,uva,packing_C,T07,largo,8,G4,8.343677150270103,0.7831588847912421,0.8758802656950593,False,460,463.74719337000727,-0.8080250238878569,-0.39872483524095653,23.6587055103181,60,276.0,11.262170726718562,179,-7.046287918460032
2248,uva,packing_C,T07,largo,8,G4,8.343677150270103,0.7831588847912421,0.8758802656950593,False,460,463.74719337000727,-0.8080250238878569,-0.39872483524095653,23.6587055103181,60,276.0,11.262170726718562,180,-6.8809506329225885
2248,uva,packing_C,T07,largo,8,G4,8.343677150270103,0.7831588847912421,0.8758802656950593,False,460,463.74719337000727,-0.8080250238878569,-0.39872483524095653,23.6587055103181,60,276.0,11.262170726718562,181,-7.01679706898196
2248,uva,packing_C,T07,largo,8,G4,8.343677150270103,0.7831588847912421,0.8758802656950593,False,460,463.74719337000727,-0.8080250238878569,-0.39872483524095653,23.6587055103181,60,276.0,11.262170726718562,182,-6.9330791303181085
2248,uva,packing_C,T07,largo,8,G4,8.343677150270103,0.7831588847912421,0.8758802656950593,False,460,463.74719337000727,-0.8080250238878569,-0.39872483524095653,23.6587055103181,60,276.0,11.262170726718562,183,-6.927549655103385
2248,uva,packing_C,T07,largo,8,G4,8.343677150270103,0.7831588847912421,0.8758802656950593,False,460,463.74719337000727,-0.8080250238878569,-0.39872483524095653,23.6587055103181,60,276.0,11.262170726718562,184,-6.791842380443407
2248,uva,packing_C,T07,largo,8,G4,8.343677150270103,0.7831588847912421,0.8758802656950593,False,460,463.74719337000727,-0.8080250238878569,-0.39872483524095653,23.6587055103181,60,276.0,11.262170726718562,185,-6.638495597789387
2248,uva,packing_C,T07,largo,8,G4,8.343677150270103,0.7831588847912421,0.8758802656950593,False,460,463.74719337000727,-0.8080250238878569,-0.39872483524095653,23.6587055103181,60,276.0,11.262170726718562,186,-6.7512687402926845
2248,uva,packing_C,T07,largo,8,G4,8.343677150270103,0.7831588847912421,0.8758802656950593,False,460,463.74719337000727,-0.8080250238878569,-0.39872483524095653,23.6587055103181,60,276.0,11.262170726718562,187,-6.792702004511376
2248,uva,packing_C,T07,largo,8,G4,8.343677150270103,0.7831588847912421,0.8758802656950593,False,460,463.74719337000727,-0.8080250238878569,-0.39872483524095653,23.6587055103181,60,276.0,11.262170726718562,188,-6.564921440152998
2248,uva,packing_C,T07,largo,8,G4,8.343677150270103,0.7831588847912421,0.8758802656950593,False,460,463.74719337000727,-0.8080250238878569,-0.39872483524095653,23.6587055103181,60,276.0,11.262170726718562,189,-6.454523657096474
2248,uva,packing_C,T07,largo,8,G4,8.343677150270103,0.7831588847912421,0.8758802656950593,False,460,463.74719337000727,-0.8080250238878569,-0.39872483524095653,23.6587055103181,60,276.0,11.262170726718562,190,-6.547401434263313
2248,uva,packing_C,T07,largo,8,G4,8.343677150270103,0.7831588847912421,0.8758802656950593,False,460,463.74719337000727,-0.8080250238878569,-0.39872483524095653,23.6587055103181,60,276.0,11.262170726718562,191,-6.446585683387214
2248,uva,packing_C,T07,largo,8,G4,8.343677150270103,0.7831588847912421,0.8758802656950593,False,460,463.74719337000727,-0.8080250238878569,-0.39872483524095653,23.6587055103181,60,276.0,11.262170726718562,192,-6.4039483307684675
2248,uva,packing_C,T07,largo,8,G4,8.343677150270103,0.7831588847912421,0.8758802656950593,False,460,463.74719337000727,-0.8080250238878569,-0.39872483524095653,23.6587055103181,60,276.0,11.262170726718562,193,-6.195011369866067
2248,uva,packing_C,T07,largo,8,G4,8.343677150270103,0.7831588847912421,0.8758802656950593,False,460,463.74719337000727,-0.8080250238878569,-0.39872483524095653,23.6587055103181,60,276.0,11.262170726718562,194,-6.238626347823817
2248,uva,packing_C,T07,largo,8,G4,8.343677150270103,0.7831588847912421,0.8758802656950593,False,460,463.74719337000727,-0.8080250238878569,-0.39872483524095653,23.6587055103181,60,276.0,11.262170726718562,195,-6.206889101049011
2248,uva,packing_C,T07,largo,8,G4,8.343677150270103,0.7831588847912421,0.8758802656950593,False,460,463.74719337000727,-0.8080250238878569,-0.39872483524095653,23.6587055103181,60,276.0,11.262170726718562,196,-6.048391954319623
2248,uva,packing_C,T07,largo,8,G4,8.343677150270103,0.7831588847912421,0.8758802656950593,False,460,463.74719337000727,-0.8080250238878569,-0.39872483524095653,23.6587055103181,60,276.0,11.262170726718562,197,-6.0079491192939924
2248,uva,packing_C,T07,largo,8,G4,8.343677150270103,0.7831588847912421,0.8758802656950593,False,460,463.74719337000727,-0.8080250238878569,-0.39872483524095653,23.6587055103181,60,276.0,11.262170726718562,198,-5.926325748697399
2248,uva,packing_C,T07,largo,8,G4,8.343677150270103,0.7831588847912421,0.8758802656950593,False,460,463.74719337000727,-0.8080250238878569,-0.39872483524095653,23.6587055103181,60,276.0,11.262170726718562,199,-5.865223703309328
2248,uva,packing_C,T07,largo,8,G4,8.343677150270103,0.7831588847912421,0.8758802656950593,False,460,463.74719337000727,-0.8080250238878569,-0.39872483524095653,23.6587055103181,60,276.0,11.262170726718562,200,-5.8219530326479
2248,uva,packing_C,T07,largo,8,G4,8.343677150270103,0.7831588847912421,0.8758802656950593,False,460,463.74719337000727,-0.8080250238878569,-0.39872483524095653,23.6587055103181,60,276.0,11.262170726718562,201,-5.810071722564324
2248,uva,packing_C,T07,largo,8,G4,8.343677150270103,0.7831588847912421,0.8758802656950593,False,460,463.74719337000727,-0.8080250238878569,-0.39872483524095653,23.6587055103181,60,276.0,11.262170726718562,202,-5.828468726934622
2248,uva,packing_C,T07,largo,8,G4,8.343677150270103,0.7831588847912421,0.8758802656950593,False,460,463.74719337000727,-0.8080250238878569,-0.39872483524095653,23.6587055103181,60,276.0,11.262170726718562,203,-5.593226779389133
2248,uva,packing_C,T07,largo,8,G4,8.343677150270103,0.7831588847912421,0.8758802656950593,False,460,463.74719337000727,-0.8080250238878569,-0.39872483524095653,23.6587055103181,60,276.0,11.262170726718562,204,-5.669221934759463
2248,uva,packing_C,T07,largo,8,G4,8.343677150270103,0.7831588847912421,0.8758802656950593,False,460,463.74719337000727,-0.8080250238878569,-0.39872483524095653,23.6587055103181,60,276.0,11.262170726718562,205,-5.6157268681549635
2248,uva,packing_C,T07,largo,8,G4,8.343677150270103,0.7831588847912421,0.8758802656950593,False,460,463.74719337000727,-0.8080250238878569,-0.39872483524095653,23.6587055103181,60,276.0,11.262170726718562,206,-5.54090207942655
2248,uva,packing_C,T07,largo,8,G4,8.343677150270103,0.7831588847912421,0.8758802656950593,False,460,463.74719337000727,-0.8080250238878569,-0.39872483524095653,23.6587055103181,60,276.0,11.262170726718562,207,-5.2361706305547795
2248,uva,packing_C,T07,largo,8,G4,8.343677150270103,0.7831588847912421,0.8758802656950593,False,460,463.74719337000727,-0.8080250238878569,-0.39872483524095653,23.6587055103181,60,276.0,11.262170726718562,208,-5.274461202228338
2248,uva,packing_C,T07,largo,8,G4,8.343677150270103,0.7831588847912421,0.8758802656950593,False,460,463.74719337000727,-0.8080250238878569,-0.39872483524095653,23.6587055103181,60,276.0,11.262170726718562,209,-5.170288782353683
2248,uva,packing_C,T07,largo,8,G4,8.343677150270103,0.7831588847912421,0.8758802656950593,False,460,463.74719337000727,-0.8080250238878569,-0.39872483524095653,23.6587055103181,60,276.0,11.262170726718562,210,-4.963192569525048
2248,uva,packing_C,T07,largo,8,G4,8.343677150270103,0.7831588847912421,0.8758802656950593,False,460,463.74719337000727,-0.8080250238878569,-0.39872483524095653,23.6587055103181,60,276.0,11.262170726718562,211,-5.178832971793335
2248,uva,packing_C,T07,largo,8,G4,8.343677150270103,0.7831588847912421,0.8758802656950593,False,460,463.74719337000727,-0.8080250238878569,-0.39872483524095653,23.6587055103181,60,276.0,11.262170726718562,212,-5.166072406638984
2248,uva,packing_C,T07,largo,8,G4,8.343677150270103,0.7831588847912421,0.8758802656950593,False,460,463.74719337000727,-0.8080250238878569,-0.39872483524095653,23.6587055103181,60,276.0,11.262170726718562,213,-5.033169963272817
2248,uva,packing_C,T07,largo,8,G4,8.343677150270103,0.7831588847912421,0.8758802656950593,False,460,463.74719337000727,-0.8080250238878569,-0.39872483524095653,23.6587055103181,60,276.0,11.262170726718562,214,-4.7473899810335904
2248,uva,packing_C,T07,largo,8,G4,8.343677150270103,0.7831588847912421,0.8758802656950593,False,460,463.74719337000727,-0.8080250238878569,-0.39872483524095653,23.6587055103181,60,276.0,11.262170726718562,215,-4.5507219075970715
2248,uva,packing_C,T07,largo,8,G4,8.343677150270103,0.7831588847912421,0.8758802656950593,False,460,463.74719337000727,-0.8080250238878569,-0.39872483524095653,23.6587055103181,60,276.0,11.262170726718562,216,-4.621140721272869
2248,uva,packing_C,T07,largo,8,G4,8.343677150270103,0.7831588847912421,0.8758802656950593,False,460,463.74719337000727,-0.8080250238878569,-0.39872483524095653,23.6587055103181,60,276.0,11.262170726718562,217,-4.4687570775684815
2248,uva,packing_C,T07,largo,8,G4,8.343677150270103,0.7831588847912421,0.8758802656950593,False,460,463.74719337000727,-0.8080250238878569,-0.39872483524095653,23.6587055103181,60,276.0,11.262170726718562,218,-4.571490740349528
2248,uva,packing_C,T07,largo,8,G4,8.343677150270103,0.7831588847912421,0.8758802656950593,False,460,463.74719337000727,-0.8080250238878569,-0.39872483524095653,23.6587055103181,60,276.0,11.262170726718562,219,-4.586998291400108
2248,uva,packing_C,T07,largo,8,G4,8.343677150270103,0.7831588847912421,0.8758802656950593,False,460,463.74719337000727,-0.8080250238878569,-0.39872483524095653,23.6587055103181,60,276.0,11.262170726718562,220,-4.441269725358879
2248,uva,packing_C,T07,largo,8,G4,8.343677150270103,0.7831588847912421,0.8758802656950593,False,460,463.74719337000727,-0.8080250238878569,-0.39872483524095653,23.6587055103181,60,276.0,11.262170726718562,221,-4.4423170824754665
2248,uva,packing_C,T07,largo,8,G4,8.343677150270103,0.7831588847912421,0.8758802656950593,False,460,463.74719337000727,-0.8080250238878569,-0.39872483524095653,23.6587055103181,60,276.0,11.262170726718562,222,-4.390953719339807
2248,uva,packing_C,T07,largo,8,G4,8.343677150270103,0.7831588847912421,0.8758802656950593,False,460,463.74719337000727,-0.8080250238878569,-0.39872483524095653,23.6587055103181,60,276.0,11.262170726718562,223,-4.160499512669907
2248,uva,packing_C,T07,largo,8,G4,8.343677150270103,0.7831588847912421,0.8758802656950593,False,460,463.74719337000727,-0.8080250238878569,-0.39872483524095653,23.6587055103181,60,276.0,11.262170726718562,224,-3.9420334950833786
2248,uva,packing_C,T07,largo,8,G4,8.343677150270103,0.7831588847912421,0.8758802656950593,False,460,463.74719337000727,-0.8080250238878569,-0.39872483524095653,23.6587055103181,60,276.0,11.262170726718562,225,-4.114131232721981
2248,uva,packing_C,T07,largo,8,G4,8.343677150270103,0.7831588847912421,0.8758802656950593,False,460,463.74719337000727,-0.8080250238878569,-0.39872483524095653,23.6587055103181,60,276.0,11.262170726718562,226,-3.8413143826999447
2248,uva,packing_C,T07,largo,8,G4,8.343677150270103,0.7831588847912421,0.8758802656950593,False,460,463.74719337000727,-0.8080250238878569,-0.39872483524095653,23.6587055103181,60,276.0,11.262170726718562,227,-3.849256363387177
2248,uva,packing_C,T07,largo,8,G4,8.343677150270103,0.7831588847912421,0.8758802656950593,False,460,463.74719337000727,-0.8080250238878569,-0.39872483524095653,23.6587055103181,60,276.0,11.262170726718562,228,-3.547074279067913
2248,uva,packing_C,T07,largo,8,G4,8.343677150270103,0.7831588847912421,0.8758802656950593,False,460,463.74719337000727,-0.8080250238878569,-0.39872483524095653,23.6587055103181,60,276.0,11.262170726718562,229,-3.781153812808243
2248,uva,packing_C,T07,largo,8,G4,8.343677150270103,0.7831588847912421,0.8758802656950593,False,460,463.74719337000727,-0.8080250238878569,-0.39872483524095653,23.6587055103181,60,276.0,11.262170726718562,230,-3.5834459339137634
2248,uva,packing_C,T07,largo,8,G4,8.343677150270103,0.7831588847912421,0.8758802656950593,False,460,463.74719337000727,-0.8080250238878569,-0.39872483524095653,23.6587055103181,60,276.0,11.262170726718562,231,-3.60089873581348
2248,uva,packing_C,T07,largo,8,G4,8.343677150270103,0.7831588847912421,0.8758802656950593,False,460,463.74719337000727,-0.8080250238878569,-0.39872483524095653,23.6587055103181,60,276.0,11.262170726718562,232,-3.3779725111272976
2248,uva,packing_C,T07,largo,8,G4,8.343677150270103,0.7831588847912421,0.8758802656950593,False,460,463.74719337000727,-0.8080250238878569,-0.39872483524095653,23.6587055103181,60,276.0,11.262170726718562,233,-3.4006441929714675
2248,uva,packing_C,T07,largo,8,G4,8.343677150270103,0.7831588847912421,0.8758802656950593,False,460,463.74719337000727,-0.8080250238878569,-0.39872483524095653,23.6587055103181,60,276.0,11.262170726718562,234,-3.276960603423401
2248,uva,packing_C,T07,largo,8,G4,8.343677150270103,0.7831588847912421,0.8758802656950593,False,460,463.74719337000727,-0.8080250238878569,-0.39872483524095653,23.6587055103181,60,276.0,11.262170726718562,235,-3.209020374896741
2248,uva,packing_C,T07,largo,8,G4,8.343677150270103,0.7831588847912421,0.8758802656950593,False,460,463.74719337000727,-0.8080250238878569,-0.39872483524095653,23.6587055103181,60,276.0,11.262170726718562,236,-3.171864238962093
2248,uva,packing_C,T07,largo,8,G4,8.343677150270103,0.7831588847912421,0.8758802656950593,False,460,463.74719337000727,-0.8080250238878569,-0.39872483524095653,23.6587055103181,60,276.0,11.262170726718562,237,-3.073631453656052
2248,uva,packing_C,T07,largo,8,G4,8.343677150270103,0.7831588847912421,0.8758802656950593,False,460,463.74719337000727,-0.8080250238878569,-0.39872483524095653,23.6587055103181,60,276.0,11.262170726718562,238,-3.079065940057753
2248,uva,packing_C,T07,largo,8,G4,8.343677150270103,0.7831588847912421,0.8758802656950593,False,460,463.74719337000727,-0.8080250238878569,-0.39872483524095653,23.6587055103181,60,276.0,11.262170726718562,239,-2.890213501488545
2248,uva,packing_C,T07,largo,8,G4,8.343677150270103,0.7831588847912421,0.8758802656950593,False,460,463.74719337000727,-0.8080250238878569,-0.39872483524095653,23.6587055103181,60,276.0,11.262170726718562,240,-2.936025821354871
2248,uva,packing_C,T07,largo,8,G4,8.343677150270103,0.7831588847912421,0.8758802656950593,False,460,463.74719337000727,-0.8080250238878569,-0.39872483524095653,23.6587055103181,60,276.0,11.262170726718562,241,-2.728977975384232
2248,uva,packing_C,T07,largo,8,G4,8.343677150270103,0.7831588847912421,0.8758802656950593,False,460,463.74719337000727,-0.8080250238878569,-0.39872483524095653,23.6587055103181,60,276.0,11.262170726718562,242,-2.6933318313932206
2248,uva,packing_C,T07,largo,8,G4,8.343677150270103,0.7831588847912421,0.8758802656950593,False,460,463.74719337000727,-0.8080250238878569,-0.39872483524095653,23.6587055103181,60,276.0,11.262170726718562,243,-2.675628239884375
2248,uva,packing_C,T07,largo,8,G4,8.343677150270103,0.7831588847912421,0.8758802656950593,False,460,463.74719337000727,-0.8080250238878569,-0.39872483524095653,23.6587055103181,60,276.0,11.262170726718562,244,-2.6659149599985854
2248,uva,packing_C,T07,largo,8,G4,8.343677150270103,0.7831588847912421,0.8758802656950593,False,460,463.74719337000727,-0.8080250238878569,-0.39872483524095653,23.6587055103181,60,276.0,11.262170726718562,245,-2.4052765325868037
2248,uva,packing_C,T07,largo,8,G4,8.343677150270103,0.7831588847912421,0.8758802656950593,False,460,463.74719337000727,-0.8080250238878569,-0.39872483524095653,23.6587055103181,60,276.0,11.262170726718562,246,-2.4869241789930374
2248,uva,packing_C,T07,largo,8,G4,8.343677150270103,0.7831588847912421,0.8758802656950593,False,460,463.74719337000727,-0.8080250238878569,-0.39872483524095653,23.6587055103181,60,276.0,11.262170726718562,247,-2.2449976395077793
2248,uva,packing_C,T07,largo,8,G4,8.343677150270103,0.7831588847912421,0.8758802656950593,False,460,463.74719337000727,-0.8080250238878569,-0.39872483524095653,23.6587055103181,60,276.0,11.262170726718562,248,-2.0779638614568956
2248,uva,packing_C,T07,largo,8,G4,8.343677150270103,0.7831588847912421,0.8758802656950593,False,460,463.74719337000727,-0.8080250238878569,-0.39872483524095653,23.6587055103181,60,276.0,11.262170726718562,249,-2.2322472154388806
2248,uva,packing_C,T07,largo,8,G4,8.343677150270103,0.7831588847912421,0.8758802656950593,False,460,463.74719337000727,-0.8080250238878569,-0.39872483524095653,23.6587055103181,60,276.0,11.262170726718562,250,-2.0480612736473423
2248,uva,packing_C,T07,largo,8,G4,8.343677150270103,0.7831588847912421,0.8758802656950593,False,460,463.74719337000727,-0.8080250238878569,-0.39872483524095653,23.6587055103181,60,276.0,11.262170726718562,251,-1.9067495468722704
2248,uva,packing_C,T07,largo,8,G4,8.343677150270103,0.7831588847912421,0.8758802656950593,False,460,463.74719337000727,-0.8080250238878569,-0.39872483524095653,23.6587055103181,60,276.0,11.262170726718562,252,-1.7436990301617987
2248,uva,packing_C,T07,largo,8,G4,8.343677150270103,0.7831588847912421,0.8758802656950593,False,460,463.74719337000727,-0.8080250238878569,-0.39872483524095653,23.6587055103181,60,276.0,11.262170726718562,253,-1.9350605627794182
2248,uva,packing_C,T07,largo,8,G4,8.343677150270103,0.7831588847912421,0.8758802656950593,False,460,463.74719337000727,-0.8080250238878569,-0.39872483524095653,23.6587055103181,60,276.0,11.262170726718562,254,-1.8255595058572212
2248,uva,packing_C,T07,largo,8,G4,8.343677150270103,0.7831588847912421,0.8758802656950593,False,460,463.74719337000727,-0.8080250238878569,-0.39872483524095653,23.6587055103181,60,276.0,11.262170726718562,255,-1.9045777083857183
2248,uva,packing_C,T07,largo,8,G4,8.343677150270103,0.7831588847912421,0.8758802656950593,False,460,463.74719337000727,-0.8080250238878569,-0.39872483524095653,23.6587055103181,60,276.0,11.262170726718562,256,-1.837374286885378
2248,uva,packing_C,T07,largo,8,G4,8.343677150270103,0.7831588847912421,0.8758802656950593,False,460,463.74719337000727,-0.8080250238878569,-0.39872483524095653,23.6587055103181,60,276.0,11.262170726718562,257,-1.657388134703062
2248,uva,packing_C,T07,largo,8,G4,8.343677150270103,0.7831588847912421,0.8758802656950593,False,460,463.74719337000727,-0.8080250238878569,-0.39872483524095653,23.6587055103181,60,276.0,11.262170726718562,258,-1.509502030557795
2248,uva,packing_C,T07,largo,8,G4,8.343677150270103,0.7831588847912421,0.8758802656950593,False,460,463.74719337000727,-0.8080250238878569,-0.39872483524095653,23.6587055103181,60,276.0,11.262170726718562,259,-1.3134217559221062
2248,uva,packing_C,T07,largo,8,G4,8.343677150270103,0.7831588847912421,0.8758802656950593,False,460,463.74719337000727,-0.8080250238878569,-0.39872483524095653,23.6587055103181,60,276.0,11.262170726718562,260,-1.2789686073102065
2248,uva,packing_C,T07,largo,8,G4,8.343677150270103,0.7831588847912421,0.8758802656950593,False,460,463.74719337000727,-0.8080250238878569,-0.39872483524095653,23.6587055103181,60,276.0,11.262170726718562,261,-1.2984432910581627
2248,uva,packing_C,T07,largo,8,G4,8.343677150270103,0.7831588847912421,0.8758802656950593,False,460,463.74719337000727,-0.8080250238878569,-0.39872483524095653,23.6587055103181,60,276.0,11.262170726718562,262,-1.2880259459952819
2248,uva,packing_C,T07,largo,8,G4,8.343677150270103,0.7831588847912421,0.8758802656950593,False,460,463.74719337000727,-0.8080250238878569,-0.39872483524095653,23.6587055103181,60,276.0,11.262170726718562,263,-1.3204780216576313
2248,uva,packing_C,T07,largo,8,G4,8.343677150270103,0.7831588847912421,0.8758802656950593,False,460,463.74719337000727,-0.8080250238878569,-0.39872483524095653,23.6587055103181,60,276.0,11.262170726718562,264,-1.1995268898367957
2248,uva,packing_C,T07,largo,8,G4,8.343677150270103,0.7831588847912421,0.8758802656950593,False,460,463.74719337000727,-0.8080250238878569,-0.39872483524095653,23.6587055103181,60,276.0,11.262170726718562,265,-1.0143160383895555
2248,uva,packing_C,T07,largo,8,G4,8.343677150270103,0.7831588847912421,0.8758802656950593,False,460,463.74719337000727,-0.8080250238878569,-0.39872483524095653,23.6587055103181,60,276.0,11.262170726718562,266,-1.2474077982107046
2248,uva,packing_C,T07,largo,8,G4,8.343677150270103,0.7831588847912421,0.8758802656950593,False,460,463.74719337000727,-0.8080250238878569,-0.39872483524095653,23.6587055103181,60,276.0,11.262170726718562,267,-1.0278697198038533
2248,uva,packing_C,T07,largo,8,G4,8.343677150270103,0.7831588847912421,0.8758802656950593,False,460,463.74719337000727,-0.8080250238878569,-0.39872483524095653,23.6587055103181,60,276.0,11.262170726718562,268,-0.9612806939824424
2248,uva,packing_C,T07,largo,8,G4,8.343677150270103,0.7831588847912421,0.8758802656950593,False,460,463.74719337000727,-0.8080250238878569,-0.39872483524095653,23.6587055103181,60,276.0,11.262170726718562,269,-0.7537116151375292
2248,uva,packing_C,T07,largo,8,G4,8.343677150270103,0.7831588847912421,0.8758802656950593,False,460,463.74719337000727,-0.8080250238878569,-0.39872483524095653,23.6587055103181,60,276.0,11.262170726718562,270,-0.8405887360699257
2248,uva,packing_C,T07,largo,8,G4,8.343677150270103,0.7831588847912421,0.8758802656950593,False,460,463.74719337000727,-0.8080250238878569,-0.39872483524095653,23.6587055103181,60,276.0,11.262170726718562,271,-0.681115542675771
2248,uva,packing_C,T07,largo,8,G4,8.343677150270103,0.7831588847912421,0.8758802656950593,False,460,463.74719337000727,-0.8080250238878569,-0.39872483524095653,23.6587055103181,60,276.0,11.262170726718562,272,-0.7315235512677173
2248,uva,packing_C,T07,largo,8,G4,8.343677150270103,0.7831588847912421,0.8758802656950593,False,460,463.74719337000727,-0.8080250238878569,-0.39872483524095653,23.6587055103181,60,276.0,11.262170726718562,273,-0.5706163492664976
2248,uva,packing_C,T07,largo,8,G4,8.343677150270103,0.7831588847912421,0.8758802656950593,False,460,463.74719337000727,-0.8080250238878569,-0.39872483524095653,23.6587055103181,60,276.0,11.262170726718562,274,-0.57245117989132
2248,uva,packing_C,T07,largo,8,G4,8.343677150270103,0.7831588847912421,0.8758802656950593,False,460,463.74719337000727,-0.8080250238878569,-0.39872483524095653,23.6587055103181,60,276.0,11.262170726718562,275,-0.5626601367565875
2248,uva,packing_C,T07,largo,8,G4,8.343677150270103,0.7831588847912421,0.8758802656950593,False,460,463.74719337000727,-0.8080250238878569,-0.39872483524095653,23.6587055103181,60,276.0,11.262170726718562,276,-0.44404270408722274
2248,uva,packing_C,T07,largo,8,G4,8.343677150270103,0.7831588847912421,0.8758802656950593,False,460,463.74719337000727,-0.8080250238878569,-0.39872483524095653,23.6587055103181,60,276.0,11.262170726718562,277,0.05661403744575601
2248,uva,packing_C,T07,largo,8,G4,8.343677150270103,0.7831588847912421,0.8758802656950593,False,460,463.74719337000727,-0.8080250238878569,-0.39872483524095653,23.6587055103181,60,276.0,11.262170726718562,278,0.006393866557528438
2248,uva,packing_C,T07,largo,8,G4,8.343677150270103,0.7831588847912421,0.8758802656950593,False,460,463.74719337000727,-0.8080250238878569,-0.39872483524095653,23.6587055103181,60,276.0,11.262170726718562,279,-0.1409757121510062
2248,uva,packing_C,T07,largo,8,G4,8.343677150270103,0.7831588847912421,0.8758802656950593,False,460,463.74719337000727,-0.8080250238878569,-0.39872483524095653,23.6587055103181,60,276.0,11.262170726718562,280,0.0016197925539716239
2248,uva,packing_C,T07,largo,8,G4,8.343677150270103,0.7831588847912421,0.8758802656950593,False,460,463.74719337000727,-0.8080250238878569,-0.39872483524095653,23.6587055103181,60,276.0,11.262170726718562,281,-0.02473036557319473
2248,uva,packing_C,T07,largo,8,G4,8.343677150270103,0.7831588847912421,0.8758802656950593,False,460,463.74719337000727,-0.8080250238878569,-0.39872483524095653,23.6587055103181,60,276.0,11.262170726718562,282,-0.24291486066649012
2248,uva,packing_C,T07,largo,8,G4,8.343677150270103,0.7831588847912421,0.8758802656950593,False,460,463.74719337000727,-0.8080250238878569,-0.39872483524095653,23.6587055103181,60,276.0,11.262170726718562,283,-0.14269079535920212
2248,uva,packing_C,T07,largo,8,G4,8.343677150270103,0.7831588847912421,0.8758802656950593,False,460,463.74719337000727,-0.8080250238878569,-0.39872483524095653,23.6587055103181,60,276.0,11.262170726718562,284,-0.32159784169113
2248,uva,packing_C,T07,largo,8,G4,8.343677150270103,0.7831588847912421,0.8758802656950593,False,460,463.74719337000727,-0.8080250238878569,-0.39872483524095653,23.6587055103181,60,276.0,11.262170726718562,285,-0.35296385955451764
2248,uva,packing_C,T07,largo,8,G4,8.343677150270103,0.7831588847912421,0.8758802656950593,False,460,463.74719337000727,-0.8080250238878569,-0.39872483524095653,23.6587055103181,60,276.0,11.262170726718562,286,-0.41424683469961315
2248,uva,packing_C,T07,largo,8,G4,8.343677150270103,0.7831588847912421,0.8758802656950593,False,460,463.74719337000727,-0.8080250238878569,-0.39872483524095653,23.6587055103181,60,276.0,11.262170726718562,287,-0.41675448877516474
2248,uva,packing_C,T07,largo,8,G4,8.343677150270103,0.7831588847912421,0.8758802656950593,False,460,463.74719337000727,-0.8080250238878569,-0.39872483524095653,23.6587055103181,60,276.0,11.262170726718562,288,-0.7047246874165659
2248,uva,packing_C,T07,largo,8,G4,8.343677150270103,0.7831588847912421,0.8758802656950593,False,460,463.74719337000727,-0.8080250238878569,-0.39872483524095653,23.6587055103181,60,276.0,11.262170726718562,289,-0.5349580915914577
2248,uva,packing_C,T07,largo,8,G4,8.343677150270103,0.7831588847912421,0.8758802656950593,False,460,463.74719337000727,-0.8080250238878569,-0.39872483524095653,23.6587055103181,60,276.0,11.262170726718562,290,-0.965340403816924
2248,uva,packing_C,T07,largo,8,G4,8.343677150270103,0.7831588847912421,0.8758802656950593,False,460,463.74719337000727,-0.8080250238878569,-0.39872483524095653,23.6587055103181,60,276.0,11.262170726718562,291,-0.7011534231885856
2248,uva,packing_C,T07,largo,8,G4,8.343677150270103,0.7831588847912421,0.8758802656950593,False,460,463.74719337000727,-0.8080250238878569,-0.39872483524095653,23.6587055103181,60,276.0,11.262170726718562,292,-0.9997779869933058
2248,uva,packing_C,T07,largo,8,G4,8.343677150270103,0.7831588847912421,0.8758802656950593,False,460,463.74719337000727,-0.8080250238878569,-0.39872483524095653,23.6587055103181,60,276.0,11.262170726718562,293,-0.9489471986066734
2248,uva,packing_C,T07,largo,8,G4,8.343677150270103,0.7831588847912421,0.8758802656950593,False,460,463.74719337000727,-0.8080250238878569,-0.39872483524095653,23.6587055103181,60,276.0,11.262170726718562,294,-0.7693008086633057
2248,uva,packing_C,T07,largo,8,G4,8.343677150270103,0.7831588847912421,0.8758802656950593,False,460,463.74719337000727,-0.8080250238878569,-0.39872483524095653,23.6587055103181,60,276.0,11.262170726718562,295,-0.7053854486658041
2248,uva,packing_C,T07,largo,8,G4,8.343677150270103,0.7831588847912421,0.8758802656950593,False,460,463.74719337000727,-0.8080250238878569,-0.39872483524095653,23.6587055103181,60,276.0,11.262170726718562,296,-0.6392503487672266
2248,uva,packing_C,T07,largo,8,G4,8.343677150270103,0.7831588847912421,0.8758802656950593,False,460,463.74719337000727,-0.8080250238878569,-0.39872483524095653,23.6587055103181,60,276.0,11.262170726718562,297,-0.5638877126327204
2248,uva,packing_C,T07,largo,8,G4,8.343677150270103,0.7831588847912421,0.8758802656950593,False,460,463.74719337000727,-0.8080250238878569,-0.39872483524095653,23.6587055103181,60,276.0,11.262170726718562,298,-0.6554488587239697
2248,uva,packing_C,T07,largo,8,G4,8.343677150270103,0.7831588847912421,0.8758802656950593,False,460,463.74719337000727,-0.8080250238878569,-0.39872483524095653,23.6587055103181,60,276.0,11.262170726718562,299,-0.5610339048121018
2248,uva,packing_C,T07,largo,8,G4,8.343677150270103,0.7831588847912421,0.8758802656950593,False,460,463.74719337000727,-0.8080250238878569,-0.39872483524095653,23.6587055103181,60,276.0,11.262170726718562,300,-0.3726193151472667
2248,uva,packing_C,T07,largo,8,G4,8.343677150270103,0.7831588847912421,0.8758802656950593,False,460,463.74719337000727,-0.8080250238878569,-0.39872483524095653,23.6587055103181,60,276.0,11.262170726718562,301,-0.40612645699173927
2248,uva,packing_C,T07,largo,8,G4,8.343677150270103,0.7831588847912421,0.8758802656950593,False,460,463.74719337000727,-0.8080250238878569,-0.39872483524095653,23.6587055103181,60,276.0,11.262170726718562,302,-0.31166540250211233
2248,uva,packing_C,T07,largo,8,G4,8.343677150270103,0.7831588847912421,0.8758802656950593,False,460,463.74719337000727,-0.8080250238878569,-0.39872483524095653,23.6587055103181,60,276.0,11.262170726718562,303,-0.022945095149548095
2248,uva,packing_C,T07,largo,8,G4,8.343677150270103,0.7831588847912421,0.8758802656950593,False,460,463.74719337000727,-0.8080250238878569,-0.39872483524095653,23.6587055103181,60,276.0,11.262170726718562,304,-0.034223735339601595
2248,uva,packing_C,T07,largo,8,G4,8.343677150270103,0.7831588847912421,0.8758802656950593,False,460,463.74719337000727,-0.8080250238878569,-0.39872483524095653,23.6587055103181,60,276.0,11.262170726718562,305,0.04648931217878023
2248,uva,packing_C,T07,largo,8,G4,8.343677150270103,0.7831588847912421,0.8758802656950593,False,460,463.74719337000727,-0.8080250238878569,-0.39872483524095653,23.6587055103181,60,276.0,11.262170726718562,306,0.15622517843468547
2248,uva,packing_C,T07,largo,8,G4,8.343677150270103,0.7831588847912421,0.8758802656950593,False,460,463.74719337000727,-0.8080250238878569,-0.39872483524095653,23.6587055103181,60,276.0,11.262170726718562,307,-0.010087239200760503
2248,uva,packing_C,T07,largo,8,G4,8.343677150270103,0.7831588847912421,0.8758802656950593,False,460,463.74719337000727,-0.8080250238878569,-0.39872483524095653,23.6587055103181,60,276.0,11.262170726718562,308,0.09499561831250364
2248,uva,packing_C,T07,largo,8,G4,8.343677150270103,0.7831588847912421,0.8758802656950593,False,460,463.74719337000727,-0.8080250238878569,-0.39872483524095653,23.6587055103181,60,276.0,11.262170726718562,309,0.22002244601312407
2248,uva,packing_C,T07,largo,8,G4,8.343677150270103,0.7831588847912421,0.8758802656950593,False,460,463.74719337000727,-0.8080250238878569,-0.39872483524095653,23.6587055103181,60,276.0,11.262170726718562,310,-0.1446051200923243
2248,uva,packing_C,T07,largo,8,G4,8.343677150270103,0.7831588847912421,0.8758802656950593,False,460,463.74719337000727,-0.8080250238878569,-0.39872483524095653,23.6587055103181,60,276.0,11.262170726718562,311,0.0985205905097647
2248,uva,packing_C,T07,largo,8,G4,8.343677150270103,0.7831588847912421,0.8758802656950593,False,460,463.74719337000727,-0.8080250238878569,-0.39872483524095653,23.6587055103181,60,276.0,11.262170726718562,312,-0.1068998895909424
2248,uva,packing_C,T07,largo,8,G4,8.343677150270103,0.7831588847912421,0.8758802656950593,False,460,463.74719337000727,-0.8080250238878569,-0.39872483524095653,23.6587055103181,60,276.0,11.262170726718562,313,-0.2018619607550325
2248,uva,packing_C,T07,largo,8,G4,8.343677150270103,0.7831588847912421,0.8758802656950593,False,460,463.74719337000727,-0.8080250238878569,-0.39872483524095653,23.6587055103181,60,276.0,11.262170726718562,314,-0.4740537845996645
2248,uva,packing_C,T07,largo,8,G4,8.343677150270103,0.7831588847912421,0.8758802656950593,False,460,463.74719337000727,-0.8080250238878569,-0.39872483524095653,23.6587055103181,60,276.0,11.262170726718562,315,-0.4176271666863608
2248,uva,packing_C,T07,largo,8,G4,8.343677150270103,0.7831588847912421,0.8758802656950593,False,460,463.74719337000727,-0.8080250238878569,-0.39872483524095653,23.6587055103181,60,276.0,11.262170726718562,316,-0.4651329560407516
2248,uva,packing_C,T07,largo,8,G4,8.343677150270103,0.7831588847912421,0.8758802656950593,False,460,463.74719337000727,-0.8080250238878569,-0.39872483524095653,23.6587055103181,60,276.0,11.262170726718562,317,-0.4794362563764944
2248,uva,packing_C,T07,largo,8,G4,8.343677150270103,0.7831588847912421,0.8758802656950593,False,460,463.74719337000727,-0.8080250238878569,-0.39872483524095653,23.6587055103181,60,276.0,11.262170726718562,318,-0.6762680245351025
2248,uva,packing_C,T07,largo,8,G4,8.343677150270103,0.7831588847912421,0.8758802656950593,False,460,463.74719337000727,-0.8080250238878569,-0.39872483524095653,23.6587055103181,60,276.0,11.262170726718562,319,-1.0901995868362138
2248,uva,packing_C,T07,largo,8,G4,8.343677150270103,0.7831588847912421,0.8758802656950593,False,460,463.74719337000727,-0.8080250238878569,-0.39872483524095653,23.6587055103181,60,276.0,11.262170726718562,320,-0.7696897395946585
2248,uva,packing_C,T07,largo,8,G4,8.343677150270103,0.7831588847912421,0.8758802656950593,False,460,463.74719337000727,-0.8080250238878569,-0.39872483524095653,23.6587055103181,60,276.0,11.262170726718562,321,-0.9428246310450737
2248,uva,packing_C,T07,largo,8,G4,8.343677150270103,0.7831588847912421,0.8758802656950593,False,460,463.74719337000727,-0.8080250238878569,-0.39872483524095653,23.6587055103181,60,276.0,11.262170726718562,322,-0.8374036830830459
2248,uva,packing_C,T07,largo,8,G4,8.343677150270103,0.7831588847912421,0.8758802656950593,False,460,463.74719337000727,-0.8080250238878569,-0.39872483524095653,23.6587055103181,60,276.0,11.262170726718562,323,-0.8379334865723055
2248,uva,packing_C,T07,largo,8,G4,8.343677150270103,0.7831588847912421,0.8758802656950593,False,460,463.74719337000727,-0.8080250238878569,-0.39872483524095653,23.6587055103181,60,276.0,11.262170726718562,324,-0.9792529396399619
2248,uva,packing_C,T07,largo,8,G4,8.343677150270103,0.7831588847912421,0.8758802656950593,False,460,463.74719337000727,-0.8080250238878569,-0.39872483524095653,23.6587055103181,60,276.0,11.262170726718562,325,-0.7684468230608027
2248,uva,packing_C,T07,largo,8,G4,8.343677150270103,0.7831588847912421,0.8758802656950593,False,460,463.74719337000727,-0.8080250238878569,-0.39872483524095653,23.6587055103181,60,276.0,11.262170726718562,326,-0.5771947324324157
2248,uva,packing_C,T07,largo,8,G4,8.343677150270103,0.7831588847912421,0.8758802656950593,False,460,463.74719337000727,-0.8080250238878569,-0.39872483524095653,23.6587055103181,60,276.0,11.262170726718562,327,-0.5218486236978404
2248,uva,packing_C,T07,largo,8,G4,8.343677150270103,0.7831588847912421,0.8758802656950593,False,460,463.74719337000727,-0.8080250238878569,-0.39872483524095653,23.6587055103181,60,276.0,11.262170726718562,328,-0.5516787075548748
2248,uva,packing_C,T07,largo,8,G4,8.343677150270103,0.7831588847912421,0.8758802656950593,False,460,463.74719337000727,-0.8080250238878569,-0.39872483524095653,23.6587055103181,60,276.0,11.262170726718562,329,-0.4478593006172375
2248,uva,packing_C,T07,largo,8,G4,8.343677150270103,0.7831588847912421,0.8758802656950593,False,460,463.74719337000727,-0.8080250238878569,-0.39872483524095653,23.6587055103181,60,276.0,11.262170726718562,330,-0.35551196599983975
2248,uva,packing_C,T07,largo,8,G4,8.343677150270103,0.7831588847912421,0.8758802656950593,False,460,463.74719337000727,-0.8080250238878569,-0.39872483524095653,23.6587055103181,60,276.0,11.262170726718562,331,-0.15371565581443516
2248,uva,packing_C,T07,largo,8,G4,8.343677150270103,0.7831588847912421,0.8758802656950593,False,460,463.74719337000727,-0.8080250238878569,-0.39872483524095653,23.6587055103181,60,276.0,11.262170726718562,332,-0.0953402132176458
2248,uva,packing_C,T07,largo,8,G4,8.343677150270103,0.7831588847912421,0.8758802656950593,False,460,463.74719337000727,-0.8080250238878569,-0.39872483524095653,23.6587055103181,60,276.0,11.262170726718562,333,-0.004900017649265648
2248,uva,packing_C,T07,largo,8,G4,8.343677150270103,0.7831588847912421,0.8758802656950593,False,460,463.74719337000727,-0.8080250238878569,-0.39872483524095653,23.6587055103181,60,276.0,11.262170726718562,334,-0.10604570711709431
2248,uva,packing_C,T07,largo,8,G4,8.343677150270103,0.7831588847912421,0.8758802656950593,False,460,463.74719337000727,-0.8080250238878569,-0.39872483524095653,23.6587055103181,60,276.0,11.262170726718562,335,0.047388655270287794
2248,uva,packing_C,T07,largo,8,G4,8.343677150270103,0.7831588847912421,0.8758802656950593,False,460,463.74719337000727,-0.8080250238878569,-0.39872483524095653,23.6587055103181,60,276.0,11.262170726718562,336,-0.02761064729056517
2248,uva,packing_C,T07,largo,8,G4,8.343677150270103,0.7831588847912421,0.8758802656950593,False,460,463.74719337000727,-0.8080250238878569,-0.39872483524095653,23.6587055103181,60,276.0,11.262170726718562,337,0.08568404448499842
2248,uva,packing_C,T07,largo,8,G4,8.343677150270103,0.7831588847912421,0.8758802656950593,False,460,463.74719337000727,-0.8080250238878569,-0.39872483524095653,23.6587055103181,60,276.0,11.262170726718562,338,-0.02011812009855775
2248,uva,packing_C,T07,largo,8,G4,8.343677150270103,0.7831588847912421,0.8758802656950593,False,460,463.74719337000727,-0.8080250238878569,-0.39872483524095653,23.6587055103181,60,276.0,11.262170726718562,339,-0.096245952524389
2248,uva,packing_C,T07,largo,8,G4,8.343677150270103,0.7831588847912421,0.8758802656950593,False,460,463.74719337000727,-0.8080250238878569,-0.39872483524095653,23.6587055103181,60,276.0,11.262170726718562,340,-0.04219137544768806
2248,uva,packing_C,T07,largo,8,G4,8.343677150270103,0.7831588847912421,0.8758802656950593,False,460,463.74719337000727,-0.8080250238878569,-0.39872483524095653,23.6587055103181,60,276.0,11.262170726718562,341,0.0035022387726515655
2248,uva,packing_C,T07,largo,8,G4,8.343677150270103,0.7831588847912421,0.8758802656950593,False,460,463.74719337000727,-0.8080250238878569,-0.39872483524095653,23.6587055103181,60,276.0,11.262170726718562,342,-0.26015790401883176
2248,uva,packing_C,T07,largo,8,G4,8.343677150270103,0.7831588847912421,0.8758802656950593,False,460,463.74719337000727,-0.8080250238878569,-0.39872483524095653,23.6587055103181,60,276.0,11.262170726718562,343,-0.13437746482424226
2248,uva,packing_C,T07,largo,8,G4,8.343677150270103,0.7831588847912421,0.8758802656950593,False,460,463.74719337000727,-0.8080250238878569,-0.39872483524095653,23.6587055103181,60,276.0,11.262170726718562,344,-0.24710459781497612
2248,uva,packing_C,T07,largo,8,G4,8.343677150270103,0.7831588847912421,0.8758802656950593,False,460,463.74719337000727,-0.8080250238878569,-0.39872483524095653,23.6587055103181,60,276.0,11.262170726718562,345,-0.4372289284823554
2248,uva,packing_C,T07,largo,8,G4,8.343677150270103,0.7831588847912421,0.8758802656950593,False,460,463.74719337000727,-0.8080250238878569,-0.39872483524095653,23.6587055103181,60,276.0,11.262170726718562,346,-0.630009942279197
2248,uva,packing_C,T07,largo,8,G4,8.343677150270103,0.7831588847912421,0.8758802656950593,False,460,463.74719337000727,-0.8080250238878569,-0.39872483524095653,23.6587055103181,60,276.0,11.262170726718562,347,-0.6196346718218982
2248,uva,packing_C,T07,largo,8,G4,8.343677150270103,0.7831588847912421,0.8758802656950593,False,460,463.74719337000727,-0.8080250238878569,-0.39872483524095653,23.6587055103181,60,276.0,11.262170726718562,348,-0.528614384757419
2248,uva,packing_C,T07,largo,8,G4,8.343677150270103,0.7831588847912421,0.8758802656950593,False,460,463.74719337000727,-0.8080250238878569,-0.39872483524095653,23.6587055103181,60,276.0,11.262170726718562,349,-0.9574752990198249
2248,uva,packing_C,T07,largo,8,G4,8.343677150270103,0.7831588847912421,0.8758802656950593,False,460,463.74719337000727,-0.8080250238878569,-0.39872483524095653,23.6587055103181,60,276.0,11.262170726718562,350,-0.8383707850736475
2248,uva,packing_C,T07,largo,8,G4,8.343677150270103,0.7831588847912421,0.8758802656950593,False,460,463.74719337000727,-0.8080250238878569,-0.39872483524095653,23.6587055103181,60,276.0,11.262170726718562,351,-0.8313540103002941
2248,uva,packing_C,T07,largo,8,G4,8.343677150270103,0.7831588847912421,0.8758802656950593,False,460,463.74719337000727,-0.8080250238878569,-0.39872483524095653,23.6587055103181,60,276.0,11.262170726718562,352,-0.9157061918895527
2248,uva,packing_C,T07,largo,8,G4,8.343677150270103,0.7831588847912421,0.8758802656950593,False,460,463.74719337000727,-0.8080250238878569,-0.39872483524095653,23.6587055103181,60,276.0,11.262170726718562,353,-0.8395412029169917
2248,uva,packing_C,T07,largo,8,G4,8.343677150270103,0.7831588847912421,0.8758802656950593,False,460,463.74719337000727,-0.8080250238878569,-0.39872483524095653,23.6587055103181,60,276.0,11.262170726718562,354,-0.9735158161089957
2248,uva,packing_C,T07,largo,8,G4,8.343677150270103,0.7831588847912421,0.8758802656950593,False,460,463.74719337000727,-0.8080250238878569,-0.39872483524095653,23.6587055103181,60,276.0,11.262170726718562,355,-0.8033358563172108
2248,uva,packing_C,T07,largo,8,G4,8.343677150270103,0.7831588847912421,0.8758802656950593,False,460,463.74719337000727,-0.8080250238878569,-0.39872483524095653,23.6587055103181,60,276.0,11.262170726718562,356,-0.7582412846771015
2248,uva,packing_C,T07,largo,8,G4,8.343677150270103,0.7831588847912421,0.8758802656950593,False,460,463.74719337000727,-0.8080250238878569,-0.39872483524095653,23.6587055103181,60,276.0,11.262170726718562,357,-0.6547979068954097
2248,uva,packing_C,T07,largo,8,G4,8.343677150270103,0.7831588847912421,0.8758802656950593,False,460,463.74719337000727,-0.8080250238878569,-0.39872483524095653,23.6587055103181,60,276.0,11.262170726718562,358,-0.623071703343692
2248,uva,packing_C,T07,largo,8,G4,8.343677150270103,0.7831588847912421,0.8758802656950593,False,460,463.74719337000727,-0.8080250238878569,-0.39872483524095653,23.6587055103181,60,276.0,11.262170726718562,359,-0.5317829242653169
2248,uva,packing_C,T07,largo,8,G4,8.343677150270103,0.7831588847912421,0.8758802656950593,False,460,463.74719337000727,-0.8080250238878569,-0.39872483524095653,23.6587055103181,60,276.0,11.262170726718562,360,-0.48593262066083187
2248,uva,packing_C,T07,largo,8,G4,8.343677150270103,0.7831588847912421,0.8758802656950593,False,460,463.74719337000727,-0.8080250238878569,-0.39872483524095653,23.6587055103181,60,276.0,11.262170726718562,361,-0.19706560871453738
2248,uva,packing_C,T07,largo,8,G4,8.343677150270103,0.7831588847912421,0.8758802656950593,False,460,463.74719337000727,-0.8080250238878569,-0.39872483524095653,23.6587055103181,60,276.0,11.262170726718562,362,-0.1268606578364042
2248,uva,packing_C,T07,largo,8,G4,8.343677150270103,0.7831588847912421,0.8758802656950593,False,460,463.74719337000727,-0.8080250238878569,-0.39872483524095653,23.6587055103181,60,276.0,11.262170726718562,363,-0.3022772393690605
2248,uva,packing_C,T07,largo,8,G4,8.343677150270103,0.7831588847912421,0.8758802656950593,False,460,463.74719337000727,-0.8080250238878569,-0.39872483524095653,23.6587055103181,60,276.0,11.262170726718562,364,-0.10673463572509277
2248,uva,packing_C,T07,largo,8,G4,8.343677150270103,0.7831588847912421,0.8758802656950593,False,460,463.74719337000727,-0.8080250238878569,-0.39872483524095653,23.6587055103181,60,276.0,11.262170726718562,365,-0.00190569852023445
2248,uva,packing_C,T07,largo,8,G4,8.343677150270103,0.7831588847912421,0.8758802656950593,False,460,463.74719337000727,-0.8080250238878569,-0.39872483524095653,23.6587055103181,60,276.0,11.262170726718562,366,-0.04947733864807087
2248,uva,packing_C,T07,largo,8,G4,8.343677150270103,0.7831588847912421,0.8758802656950593,False,460,463.74719337000727,-0.8080250238878569,-0.39872483524095653,23.6587055103181,60,276.0,11.262170726718562,367,0.03005446830390343
2248,uva,packing_C,T07,largo,8,G4,8.343677150270103,0.7831588847912421,0.8758802656950593,False,460,463.74719337000727,-0.8080250238878569,-0.39872483524095653,23.6587055103181,60,276.0,11.262170726718562,368,-0.04281329745770415
2248,uva,packing_C,T07,largo,8,G4,8.343677150270103,0.7831588847912421,0.8758802656950593,False,460,463.74719337000727,-0.8080250238878569,-0.39872483524095653,23.6587055103181,60,276.0,11.262170726718562,369,-0.11975662407425863
2248,uva,packing_C,T07,largo,8,G4,8.343677150270103,0.7831588847912421,0.8758802656950593,False,460,463.74719337000727,-0.8080250238878569,-0.39872483524095653,23.6587055103181,60,276.0,11.262170726718562,370,-0.05494466170054403
2248,uva,packing_C,T07,largo,8,G4,8.343677150270103,0.7831588847912421,0.8758802656950593,False,460,463.74719337000727,-0.8080250238878569,-0.39872483524095653,23.6587055103181,60,276.0,11.262170726718562,371,0.0029450751837461556
2248,uva,packing_C,T07,largo,8,G4,8.343677150270103,0.7831588847912421,0.8758802656950593,False,460,463.74719337000727,-0.8080250238878569,-0.39872483524095653,23.6587055103181,60,276.0,11.262170726718562,372,0.10467075780444327
2248,uva,packing_C,T07,largo,8,G4,8.343677150270103,0.7831588847912421,0.8758802656950593,False,460,463.74719337000727,-0.8080250238878569,-0.39872483524095653,23.6587055103181,60,276.0,11.262170726718562,373,-0.18355111489161247
2248,uva,packing_C,T07,largo,8,G4,8.343677150270103,0.7831588847912421,0.8758802656950593,False,460,463.74719337000727,-0.8080250238878569,-0.39872483524095653,23.6587055103181,60,276.0,11.262170726718562,374,-0.3360301936829211
2248,uva,packing_C,T07,largo,8,G4,8.343677150270103,0.7831588847912421,0.8758802656950593,False,460,463.74719337000727,-0.8080250238878569,-0.39872483524095653,23.6587055103181,60,276.0,11.262170726718562,375,-0.34832048225544354
2248,uva,packing_C,T07,largo,8,G4,8.343677150270103,0.7831588847912421,0.8758802656950593,False,460,463.74719337000727,-0.8080250238878569,-0.39872483524095653,23.6587055103181,60,276.0,11.262170726718562,376,-0.5026392330457797
2248,uva,packing_C,T07,largo,8,G4,8.343677150270103,0.7831588847912421,0.8758802656950593,False,460,463.74719337000727,-0.8080250238878569,-0.39872483524095653,23.6587055103181,60,276.0,11.262170726718562,377,-0.5861240146151162
2248,uva,packing_C,T07,largo,8,G4,8.343677150270103,0.7831588847912421,0.8758802656950593,False,460,463.74719337000727,-0.8080250238878569,-0.39872483524095653,23.6587055103181,60,276.0,11.262170726718562,378,-0.6115533629589845
2248,uva,packing_C,T07,largo,8,G4,8.343677150270103,0.7831588847912421,0.8758802656950593,False,460,463.74719337000727,-0.8080250238878569,-0.39872483524095653,23.6587055103181,60,276.0,11.262170726718562,379,-0.682269921481004
2248,uva,packing_C,T07,largo,8,G4,8.343677150270103,0.7831588847912421,0.8758802656950593,False,460,463.74719337000727,-0.8080250238878569,-0.39872483524095653,23.6587055103181,60,276.0,11.262170726718562,380,-0.809174454543152
2248,uva,packing_C,T07,largo,8,G4,8.343677150270103,0.7831588847912421,0.8758802656950593,False,460,463.74719337000727,-0.8080250238878569,-0.39872483524095653,23.6587055103181,60,276.0,11.262170726718562,381,-0.9496145822982308
2248,uva,packing_C,T07,largo,8,G4,8.343677150270103,0.7831588847912421,0.8758802656950593,False,460,463.74719337000727,-0.8080250238878569,-0.39872483524095653,23.6587055103181,60,276.0,11.262170726718562,382,-0.8293258364790679
2248,uva,packing_C,T07,largo,8,G4,8.343677150270103,0.7831588847912421,0.8758802656950593,False,460,463.74719337000727,-0.8080250238878569,-0.39872483524095653,23.6587055103181,60,276.0,11.262170726718562,383,-0.818904234365169
2248,uva,packing_C,T07,largo,8,G4,8.343677150270103,0.7831588847912421,0.8758802656950593,False,460,463.74719337000727,-0.8080250238878569,-0.39872483524095653,23.6587055103181,60,276.0,11.262170726718562,384,-0.8509709969540002
2248,uva,packing_C,T07,largo,8,G4,8.343677150270103,0.7831588847912421,0.8758802656950593,False,460,463.74719337000727,-0.8080250238878569,-0.39872483524095653,23.6587055103181,60,276.0,11.262170726718562,385,-0.8549574557510621
2248,uva,packing_C,T07,largo,8,G4,8.343677150270103,0.7831588847912421,0.8758802656950593,False,460,463.74719337000727,-0.8080250238878569,-0.39872483524095653,23.6587055103181,60,276.0,11.262170726718562,386,-0.8715297080583634
2248,uva,packing_C,T07,largo,8,G4,8.343677150270103,0.7831588847912421,0.8758802656950593,False,460,463.74719337000727,-0.8080250238878569,-0.39872483524095653,23.6587055103181,60,276.0,11.262170726718562,387,-0.6695063912044573
2248,uva,packing_C,T07,largo,8,G4,8.343677150270103,0.7831588847912421,0.8758802656950593,False,460,463.74719337000727,-0.8080250238878569,-0.39872483524095653,23.6587055103181,60,276.0,11.262170726718562,388,-0.3874483193134757
2248,uva,packing_C,T07,largo,8,G4,8.343677150270103,0.7831588847912421,0.8758802656950593,False,460,463.74719337000727,-0.8080250238878569,-0.39872483524095653,23.6587055103181,60,276.0,11.262170726718562,389,-0.5512899088541963
2248,uva,packing_C,T07,largo,8,G4,8.343677150270103,0.7831588847912421,0.8758802656950593,False,460,463.74719337000727,-0.8080250238878569,-0.39872483524095653,23.6587055103181,60,276.0,11.262170726718562,390,-0.3956333897033976
2248,uva,packing_C,T07,largo,8,G4,8.343677150270103,0.7831588847912421,0.8758802656950593,False,460,463.74719337000727,-0.8080250238878569,-0.39872483524095653,23.6587055103181,60,276.0,11.262170726718562,391,-0.3130764308788516
2248,uva,packing_C,T07,largo,8,G4,8.343677150270103,0.7831588847912421,0.8758802656950593,False,460,463.74719337000727,-0.8080250238878569,-0.39872483524095653,23.6587055103181,60,276.0,11.262170726718562,392,-0.21041398897995572
2248,uva,packing_C,T07,largo,8,G4,8.343677150270103,0.7831588847912421,0.8758802656950593,False,460,463.74719337000727,-0.8080250238878569,-0.39872483524095653,23.6587055103181,60,276.0,11.262170726718562,393,-0.2441620655668204
2248,uva,packing_C,T07,largo,8,G4,8.343677150270103,0.7831588847912421,0.8758802656950593,False,460,463.74719337000727,-0.8080250238878569,-0.39872483524095653,23.6587055103181,60,276.0,11.262170726718562,394,-0.051997318968222364
2248,uva,packing_C,T07,largo,8,G4,8.343677150270103,0.7831588847912421,0.8758802656950593,False,460,463.74719337000727,-0.8080250238878569,-0.39872483524095653,23.6587055103181,60,276.0,11.262170726718562,395,0.09352895811689678
2248,uva,packing_C,T07,largo,8,G4,8.343677150270103,0.7831588847912421,0.8758802656950593,False,460,463.74719337000727,-0.8080250238878569,-0.39872483524095653,23.6587055103181,60,276.0,11.262170726718562,396,0.2758187591158576
2248,uva,packing_C,T07,largo,8,G4,8.343677150270103,0.7831588847912421,0.8758802656950593,False,460,463.74719337000727,-0.8080250238878569,-0.39872483524095653,23.6587055103181,60,276.0,11.262170726718562,397,0.12689735832282112
2248,uva,packing_C,T07,largo,8,G4,8.343677150270103,0.7831588847912421,0.8758802656950593,False,460,463.74719337000727,-0.8080250238878569,-0.39872483524095653,23.6587055103181,60,276.0,11.262170726718562,398,0.023311513542127633
2248,uva,packing_C,T07,largo,8,G4,8.343677150270103,0.7831588847912421,0.8758802656950593,False,460,463.74719337000727,-0.8080250238878569,-0.39872483524095653,23.6587055103181,60,276.0,11.262170726718562,399,-0.03785699294625923
2248,uva,packing_C,T07,largo,8,G4,8.343677150270103,0.7831588847912421,0.8758802656950593,False,460,463.74719337000727,-0.8080250238878569,-0.39872483524095653,23.6587055103181,60,276.0,11.262170726718562,400,-0.008171697553978376
2248,uva,packing_C,T07,largo,8,G4,8.343677150270103,0.7831588847912421,0.8758802656950593,False,460,463.74719337000727,-0.8080250238878569,-0.39872483524095653,23.6587055103181,60,276.0,11.262170726718562,401,-0.0031201854876589594
2248,uva,packing_C,T07,largo,8,G4,8.343677150270103,0.7831588847912421,0.8758802656950593,False,460,463.74719337000727,-0.8080250238878569,-0.39872483524095653,23.6587055103181,60,276.0,11.262170726718562,402,-0.15660977000663742
2248,uva,packing_C,T07,largo,8,G4,8.343677150270103,0.7831588847912421,0.8758802656950593,False,460,463.74719337000727,-0.8080250238878569,-0.39872483524095653,23.6587055103181,60,276.0,11.262170726718562,403,-0.29680220140263947
2248,uva,packing_C,T07,largo,8,G4,8.343677150270103,0.7831588847912421,0.8758802656950593,False,460,463.74719337000727,-0.8080250238878569,-0.39872483524095653,23.6587055103181,60,276.0,11.262170726718562,404,-0.2704637593583558
2248,uva,packing_C,T07,largo,8,G4,8.343677150270103,0.7831588847912421,0.8758802656950593,False,460,463.74719337000727,-0.8080250238878569,-0.39872483524095653,23.6587055103181,60,276.0,11.262170726718562,405,-0.39804093162328746
2248,uva,packing_C,T07,largo,8,G4,8.343677150270103,0.7831588847912421,0.8758802656950593,False,460,463.74719337000727,-0.8080250238878569,-0.39872483524095653,23.6587055103181,60,276.0,11.262170726718562,406,-0.4534375672354783
2248,uva,packing_C,T07,largo,8,G4,8.343677150270103,0.7831588847912421,0.8758802656950593,False,460,463.74719337000727,-0.8080250238878569,-0.39872483524095653,23.6587055103181,60,276.0,11.262170726718562,407,-0.6750003297229229
2248,uva,packing_C,T07,largo,8,G4,8.343677150270103,0.7831588847912421,0.8758802656950593,False,460,463.74719337000727,-0.8080250238878569,-0.39872483524095653,23.6587055103181,60,276.0,11.262170726718562,408,-0.5111879769966122
2248,uva,packing_C,T07,largo,8,G4,8.343677150270103,0.7831588847912421,0.8758802656950593,False,460,463.74719337000727,-0.8080250238878569,-0.39872483524095653,23.6587055103181,60,276.0,11.262170726718562,409,-0.8788587421163168
2248,uva,packing_C,T07,largo,8,G4,8.343677150270103,0.7831588847912421,0.8758802656950593,False,460,463.74719337000727,-0.8080250238878569,-0.39872483524095653,23.6587055103181,60,276.0,11.262170726718562,410,-0.8642427251082504
2248,uva,packing_C,T07,largo,8,G4,8.343677150270103,0.7831588847912421,0.8758802656950593,False,460,463.74719337000727,-0.8080250238878569,-0.39872483524095653,23.6587055103181,60,276.0,11.262170726718562,411,-0.8171291423553805
2248,uva,packing_C,T07,largo,8,G4,8.343677150270103,0.7831588847912421,0.8758802656950593,False,460,463.74719337000727,-0.8080250238878569,-0.39872483524095653,23.6587055103181,60,276.0,11.262170726718562,412,-0.9143880190576169
2248,uva,packing_C,T07,largo,8,G4,8.343677150270103,0.7831588847912421,0.8758802656950593,False,460,463.74719337000727,-0.8080250238878569,-0.39872483524095653,23.6587055103181,60,276.0,11.262170726718562,413,-1.0871296371470682
2248,uva,packing_C,T07,largo,8,G4,8.343677150270103,0.7831588847912421,0.8758802656950593,False,460,463.74719337000727,-0.8080250238878569,-0.39872483524095653,23.6587055103181,60,276.0,11.262170726718562,414,-0.8658299095641373
2248,uva,packing_C,T07,largo,8,G4,8.343677150270103,0.7831588847912421,0.8758802656950593,False,460,463.74719337000727,-0.8080250238878569,-0.39872483524095653,23.6587055103181,60,276.0,11.262170726718562,415,-0.8656968607401831
2248,uva,packing_C,T07,largo,8,G4,8.343677150270103,0.7831588847912421,0.8758802656950593,False,460,463.74719337000727,-0.8080250238878569,-0.39872483524095653,23.6587055103181,60,276.0,11.262170726718562,416,-0.772359605036913
2248,uva,packing_C,T07,largo,8,G4,8.343677150270103,0.7831588847912421,0.8758802656950593,False,460,463.74719337000727,-0.8080250238878569,-0.39872483524095653,23.6587055103181,60,276.0,11.262170726718562,417,-0.7059601762919008
2248,uva,packing_C,T07,largo,8,G4,8.343677150270103,0.7831588847912421,0.8758802656950593,False,460,463.74719337000727,-0.8080250238878569,-0.39872483524095653,23.6587055103181,60,276.0,11.262170726718562,418,-0.36422633516183966
2248,uva,packing_C,T07,largo,8,G4,8.343677150270103,0.7831588847912421,0.8758802656950593,False,460,463.74719337000727,-0.8080250238878569,-0.39872483524095653,23.6587055103181,60,276.0,11.262170726718562,419,-0.505135306970628
2248,uva,packing_C,T07,largo,8,G4,8.343677150270103,0.7831588847912421,0.8758802656950593,False,460,463.74719337000727,-0.8080250238878569,-0.39872483524095653,23.6587055103181,60,276.0,11.262170726718562,420,-0.25059046637317417
2248,uva,packing_C,T07,largo,8,G4,8.343677150270103,0.7831588847912421,0.8758802656950593,False,460,463.74719337000727,-0.8080250238878569,-0.39872483524095653,23.6587055103181,60,276.0,11.262170726718562,421,-0.37972342447306223
2248,uva,packing_C,T07,largo,8,G4,8.343677150270103,0.7831588847912421,0.8758802656950593,False,460,463.74719337000727,-0.8080250238878569,-0.39872483524095653,23.6587055103181,60,276.0,11.262170726718562,422,-0.12652483253130256
2248,uva,packing_C,T07,largo,8,G4,8.343677150270103,0.7831588847912421,0.8758802656950593,False,460,463.74719337000727,-0.8080250238878569,-0.39872483524095653,23.6587055103181,60,276.0,11.262170726718562,423,-0.028970801054224768
2248,uva,packing_C,T07,largo,8,G4,8.343677150270103,0.7831588847912421,0.8758802656950593,False,460,463.74719337000727,-0.8080250238878569,-0.39872483524095653,23.6587055103181,60,276.0,11.262170726718562,424,0.022218997691807102
2248,uva,packing_C,T07,largo,8,G4,8.343677150270103,0.7831588847912421,0.8758802656950593,False,460,463.74719337000727,-0.8080250238878569,-0.39872483524095653,23.6587055103181,60,276.0,11.262170726718562,425,-0.07519508605716085
2248,uva,packing_C,T07,largo,8,G4,8.343677150270103,0.7831588847912421,0.8758802656950593,False,460,463.74719337000727,-0.8080250238878569,-0.39872483524095653,23.6587055103181,60,276.0,11.262170726718562,426,0.05473018459408319
2248,uva,packing_C,T07,largo,8,G4,8.343677150270103,0.7831588847912421,0.8758802656950593,False,460,463.74719337000727,-0.8080250238878569,-0.39872483524095653,23.6587055103181,60,276.0,11.262170726718562,427,0.06914240215822849
2248,uva,packing_C,T07,largo,8,G4,8.343677150270103,0.7831588847912421,0.8758802656950593,False,460,463.74719337000727,-0.8080250238878569,-0.39872483524095653,23.6587055103181,60,276.0,11.262170726718562,428,-0.06048043330806302
2248,uva,packing_C,T07,largo,8,G4,8.343677150270103,0.7831588847912421,0.8758802656950593,False,460,463.74719337000727,-0.8080250238878569,-0.39872483524095653,23.6587055103181,60,276.0,11.262170726718562,429,0.06398254430077338
2248,uva,packing_C,T07,largo,8,G4,8.343677150270103,0.7831588847912421,0.8758802656950593,False,460,463.74719337000727,-0.8080250238878569,-0.39872483524095653,23.6587055103181,60,276.0,11.262170726718562,430,-0.014471804218368849
2248,uva,packing_C,T07,largo,8,G4,8.343677150270103,0.7831588847912421,0.8758802656950593,False,460,463.74719337000727,-0.8080250238878569,-0.39872483524095653,23.6587055103181,60,276.0,11.262170726718562,431,-0.14164321575162714
2248,uva,packing_C,T07,largo,8,G4,8.343677150270103,0.7831588847912421,0.8758802656950593,False,460,463.74719337000727,-0.8080250238878569,-0.39872483524095653,23.6587055103181,60,276.0,11.262170726718562,432,-0.061923259271363516
2248,uva,packing_C,T07,largo,8,G4,8.343677150270103,0.7831588847912421,0.8758802656950593,False,460,463.74719337000727,-0.8080250238878569,-0.39872483524095653,23.6587055103181,60,276.0,11.262170726718562,433,-0.2261483951715799
2248,uva,packing_C,T07,largo,8,G4,8.343677150270103,0.7831588847912421,0.8758802656950593,False,460,463.74719337000727,-0.8080250238878569,-0.39872483524095653,23.6587055103181,60,276.0,11.262170726718562,434,-0.2694139105955686
2248,uva,packing_C,T07,largo,8,G4,8.343677150270103,0.7831588847912421,0.8758802656950593,False,460,463.74719337000727,-0.8080250238878569,-0.39872483524095653,23.6587055103181,60,276.0,11.262170726718562,435,-0.3753942626578477
2248,uva,packing_C,T07,largo,8,G4,8.343677150270103,0.7831588847912421,0.8758802656950593,False,460,463.74719337000727,-0.8080250238878569,-0.39872483524095653,23.6587055103181,60,276.0,11.262170726718562,436,-0.45917168098784406
2248,uva,packing_C,T07,largo,8,G4,8.343677150270103,0.7831588847912421,0.8758802656950593,False,460,463.74719337000727,-0.8080250238878569,-0.39872483524095653,23.6587055103181,60,276.0,11.262170726718562,437,-0.7014470868569409
2248,uva,packing_C,T07,largo,8,G4,8.343677150270103,0.7831588847912421,0.8758802656950593,False,460,463.74719337000727,-0.8080250238878569,-0.39872483524095653,23.6587055103181,60,276.0,11.262170726718562,438,-0.6619846657245918
2248,uva,packing_C,T07,largo,8,G4,8.343677150270103,0.7831588847912421,0.8758802656950593,False,460,463.74719337000727,-0.8080250238878569,-0.39872483524095653,23.6587055103181,60,276.0,11.262170726718562,439,-0.7576498854461541
2248,uva,packing_C,T07,largo,8,G4,8.343677150270103,0.7831588847912421,0.8758802656950593,False,460,463.74719337000727,-0.8080250238878569,-0.39872483524095653,23.6587055103181,60,276.0,11.262170726718562,440,-0.8370389565887547
2248,uva,packing_C,T07,largo,8,G4,8.343677150270103,0.7831588847912421,0.8758802656950593,False,460,463.74719337000727,-0.8080250238878569,-0.39872483524095653,23.6587055103181,60,276.0,11.262170726718562,441,-0.8183736446550788
2248,uva,packing_C,T07,largo,8,G4,8.343677150270103,0.7831588847912421,0.8758802656950593,False,460,463.74719337000727,-0.8080250238878569,-0.39872483524095653,23.6587055103181,60,276.0,11.262170726718562,442,-0.8568054663869185
2248,uva,packing_C,T07,largo,8,G4,8.343677150270103,0.7831588847912421,0.8758802656950593,False,460,463.74719337000727,-0.8080250238878569,-0.39872483524095653,23.6587055103181,60,276.0,11.262170726718562,443,-0.8434575418324787
2248,uva,packing_C,T07,largo,8,G4,8.343677150270103,0.7831588847912421,0.8758802656950593,False,460,463.74719337000727,-0.8080250238878569,-0.39872483524095653,23.6587055103181,60,276.0,11.262170726718562,444,-0.8982921878996292
2248,uva,packing_C,T07,largo,8,G4,8.343677150270103,0.7831588847912421,0.8758802656950593,False,460,463.74719337000727,-0.8080250238878569,-0.39872483524095653,23.6587055103181,60,276.0,11.262170726718562,445,-0.8362754036863875
2248,uva,packing_C,T07,largo,8,G4,8.343677150270103,0.7831588847912421,0.8758802656950593,False,460,463.74719337000727,-0.8080250238878569,-0.39872483524095653,23.6587055103181,60,276.0,11.262170726718562,446,-0.921694804422234
2248,uva,packing_C,T07,largo,8,G4,8.343677150270103,0.7831588847912421,0.8758802656950593,False,460,463.74719337000727,-0.8080250238878569,-0.39872483524095653,23.6587055103181,60,276.0,11.262170726718562,447,-0.6822831170689404
2248,uva,packing_C,T07,largo,8,G4,8.343677150270103,0.7831588847912421,0.8758802656950593,False,460,463.74719337000727,-0.8080250238878569,-0.39872483524095653,23.6587055103181,60,276.0,11.262170726718562,448,-0.46660855194898043
2248,uva,packing_C,T07,largo,8,G4,8.343677150270103,0.7831588847912421,0.8758802656950593,False,460,463.74719337000727,-0.8080250238878569,-0.39872483524095653,23.6587055103181,60,276.0,11.262170726718562,449,-0.5976096444760375
2248,uva,packing_C,T07,largo,8,G4,8.343677150270103,0.7831588847912421,0.8758802656950593,False,460,463.74719337000727,-0.8080250238878569,-0.39872483524095653,23.6587055103181,60,276.0,11.262170726718562,450,-0.5032157560859577
2248,uva,packing_C,T07,largo,8,G4,8.343677150270103,0.7831588847912421,0.8758802656950593,False,460,463.74719337000727,-0.8080250238878569,-0.39872483524095653,23.6587055103181,60,276.0,11.262170726718562,451,-0.20775487211933752
2248,uva,packing_C,T07,largo,8,G4,8.343677150270103,0.7831588847912421,0.8758802656950593,False,460,463.74719337000727,-0.8080250238878569,-0.39872483524095653,23.6587055103181,60,276.0,11.262170726718562,452,-0.2704022053337694
2248,uva,packing_C,T07,largo,8,G4,8.343677150270103,0.7831588847912421,0.8758802656950593,False,460,463.74719337000727,-0.8080250238878569,-0.39872483524095653,23.6587055103181,60,276.0,11.262170726718562,453,0.07182426713788306
2248,uva,packing_C,T07,largo,8,G4,8.343677150270103,0.7831588847912421,0.8758802656950593,False,460,463.74719337000727,-0.8080250238878569,-0.39872483524095653,23.6587055103181,60,276.0,11.262170726718562,454,0.007621557579021214
2248,uva,packing_C,T07,largo,8,G4,8.343677150270103,0.7831588847912421,0.8758802656950593,False,460,463.74719337000727,-0.8080250238878569,-0.39872483524095653,23.6587055103181,60,276.0,11.262170726718562,455,-0.18490405038754734
2248,uva,packing_C,T07,largo,8,G4,8.343677150270103,0.7831588847912421,0.8758802656950593,False,460,463.74719337000727,-0.8080250238878569,-0.39872483524095653,23.6587055103181,60,276.0,11.262170726718562,456,0.17416995560193635
2248,uva,packing_C,T07,largo,8,G4,8.343677150270103,0.7831588847912421,0.8758802656950593,False,460,463.74719337000727,-0.8080250238878569,-0.39872483524095653,23.6587055103181,60,276.0,11.262170726718562,457,0.07433748945777477
2248,uva,packing_C,T07,largo,8,G4,8.343677150270103,0.7831588847912421,0.8758802656950593,False,460,463.74719337000727,-0.8080250238878569,-0.39872483524095653,23.6587055103181,60,276.0,11.262170726718562,458,0.22483676283607593
2248,uva,packing_C,T07,largo,8,G4,8.343677150270103,0.7831588847912421,0.8758802656950593,False,460,463.74719337000727,-0.8080250238878569,-0.39872483524095653,23.6587055103181,60,276.0,11.262170726718562,459,0.019589492214019455
