proceso_id,epoca,packing,tunel,tipo_tunel,iteracion,mass_group,masa_ton,ocupabilidad,caudal_factor,anomalia_duracion,duracion_min,duracion_esperada_min,delta_duracion_pct,setpoint,T0,pct_transitorio,t_trans_min,overshoot_pct,tiempo_min,temperatura
2268,uva,packing_C,T07,largo,28,G4,8.747678501716868,0.6895392354877108,0.9334956904146925,False,467,439.3800254083186,6.286124310274229,-0.41317447062615553,23.76161155981244,60,280.2,11.838865514843198,0,23.73515341910807
2268,uva,packing_C,T07,largo,28,G4,8.747678501716868,0.6895392354877108,0.9334956904146925,False,467,439.3800254083186,6.286124310274229,-0.41317447062615553,23.76161155981244,60,280.2,11.838865514843198,1,23.53918267289319
2268,uva,packing_C,T07,largo,28,G4,8.747678501716868,0.6895392354877108,0.9334956904146925,False,467,439.3800254083186,6.286124310274229,-0.41317447062615553,23.76161155981244,60,280.2,11.838865514843198,2,23.365924421537333
2268,uva,packing_C,T07,largo,28,G4,8.747678501716868,0.6895392354877108,0.9334956904146925,False,467,439.3800254083186,6.286124310274229,-0.41317447062615553,23.76161155981244,60,280.2,11.838865514843198,3,23.13313109636836
2268,uva,packing_C,T07,largo,28,G4,8.747678501716868,0.6895392354877108,0.9334956904146925,False,467,439.3800254083186,6.286124310274229,-0.41317447062615553,23.76161155981244,60,280.2,11.838865514843198,4,22.91950507787211
2268,uva,packing_C,T07,largo,28,G4,8.747678501716868,0.6895392354877108,0.9334956904146925,False,467,439.3800254083186,6.286124310274229,-0.41317447062615553,23.76161155981244,60,280.2,11.838865514843198,5,22.53545476614709
2268,uva,packing_C,T07,largo,28,G4,8.747678501716868,0.6895392354877108,0.9334956904146925,False,467,439.3800254083186,6.286124310274229,-0.41317447062615553,23.76161155981244,60,280.2,11.838865514843198,6,22.356000762889465
2268,uva,packing_C,T07,largo,28,G4,8.747678501716868,0.6895392354877108,0.9334956904146925,False,467,439.3800254083186,6.286124310274229,-0.41317447062615553,23.76161155981244,60,280.2,11.838865514843198,7,22.32038218934069
2268,uva,packing_C,T07,largo,28,G4,8.747678501716868,0.6895392354877108,0.9334956904146925,False,467,439.3800254083186,6.286124310274229,-0.41317447062615553,23.76161155981244,60,280.2,11.838865514843198,8,21.973605053573227
2268,uva,packing_C,T07,largo,28,G4,8.747678501716868,0.6895392354877108,0.9334956904146925,False,467,439.3800254083186,6.286124310274229,-0.41317447062615553,23.76161155981244,60,280.2,11.838865514843198,9,21.49508346017761
2268,uva,packing_C,T07,largo,28,G4,8.747678501716868,0.6895392354877108,0.9334956904146925,False,467,439.3800254083186,6.286124310274229,-0.41317447062615553,23.76161155981244,60,280.2,11.838865514843198,10,21.378215090215473
2268,uva,packing_C,T07,largo,28,G4,8.747678501716868,0.6895392354877108,0.9334956904146925,False,467,439.3800254083186,6.286124310274229,-0.41317447062615553,23.76161155981244,60,280.2,11.838865514843198,11,21.02985267358894
2268,uva,packing_C,T07,largo,28,G4,8.747678501716868,0.6895392354877108,0.9334956904146925,False,467,439.3800254083186,6.286124310274229,-0.41317447062615553,23.76161155981244,60,280.2,11.838865514843198,12,20.829380372823277
2268,uva,packing_C,T07,largo,28,G4,8.747678501716868,0.6895392354877108,0.9334956904146925,False,467,439.3800254083186,6.286124310274229,-0.41317447062615553,23.76161155981244,60,280.2,11.838865514843198,13,20.597779500948647
2268,uva,packing_C,T07,largo,28,G4,8.747678501716868,0.6895392354877108,0.9334956904146925,False,467,439.3800254083186,6.286124310274229,-0.41317447062615553,23.76161155981244,60,280.2,11.838865514843198,14,20.16841277199616
2268,uva,packing_C,T07,largo,28,G4,8.747678501716868,0.6895392354877108,0.9334956904146925,False,467,439.3800254083186,6.286124310274229,-0.41317447062615553,23.76161155981244,60,280.2,11.838865514843198,15,20.212437146537262
2268,uva,packing_C,T07,largo,28,G4,8.747678501716868,0.6895392354877108,0.9334956904146925,False,467,439.3800254083186,6.286124310274229,-0.41317447062615553,23.76161155981244,60,280.2,11.838865514843198,16,19.856126323064327
2268,uva,packing_C,T07,largo,28,G4,8.747678501716868,0.6895392354877108,0.9334956904146925,False,467,439.3800254083186,6.286124310274229,-0.41317447062615553,23.76161155981244,60,280.2,11.838865514843198,17,19.354618131392918
2268,uva,packing_C,T07,largo,28,G4,8.747678501716868,0.6895392354877108,0.9334956904146925,False,467,439.3800254083186,6.286124310274229,-0.41317447062615553,23.76161155981244,60,280.2,11.838865514843198,18,19.18592304713931
2268,uva,packing_C,T07,largo,28,G4,8.747678501716868,0.6895392354877108,0.9334956904146925,False,467,439.3800254083186,6.286124310274229,-0.41317447062615553,23.76161155981244,60,280.2,11.838865514843198,19,18.847142836774456
2268,uva,packing_C,T07,largo,28,G4,8.747678501716868,0.6895392354877108,0.9334956904146925,False,467,439.3800254083186,6.286124310274229,-0.41317447062615553,23.76161155981244,60,280.2,11.838865514843198,20,18.61944438082653
2268,uva,packing_C,T07,largo,28,G4,8.747678501716868,0.6895392354877108,0.9334956904146925,False,467,439.3800254083186,6.286124310274229,-0.41317447062615553,23.76161155981244,60,280.2,11.838865514843198,21,18.324098163717547
2268,uva,packing_C,T07,largo,28,G4,8.747678501716868,0.6895392354877108,0.9334956904146925,False,467,439.3800254083186,6.286124310274229,-0.41317447062615553,23.76161155981244,60,280.2,11.838865514843198,22,18.038241913335682
2268,uva,packing_C,T07,largo,28,G4,8.747678501716868,0.6895392354877108,0.9334956904146925,False,467,439.3800254083186,6.286124310274229,-0.41317447062615553,23.76161155981244,60,280.2,11.838865514843198,23,17.832638948288288
2268,uva,packing_C,T07,largo,28,G4,8.747678501716868,0.6895392354877108,0.9334956904146925,False,467,439.3800254083186,6.286124310274229,-0.41317447062615553,23.76161155981244,60,280.2,11.838865514843198,24,17.616935118121773
2268,uva,packing_C,T07,largo,28,G4,8.747678501716868,0.6895392354877108,0.9334956904146925,False,467,439.3800254083186,6.286124310274229,-0.41317447062615553,23.76161155981244,60,280.2,11.838865514843198,25,17.18590737535945
2268,uva,packing_C,T07,largo,28,G4,8.747678501716868,0.6895392354877108,0.9334956904146925,False,467,439.3800254083186,6.286124310274229,-0.41317447062615553,23.76161155981244,60,280.2,11.838865514843198,26,16.695799589845542
2268,uva,packing_C,T07,largo,28,G4,8.747678501716868,0.6895392354877108,0.9334956904146925,False,467,439.3800254083186,6.286124310274229,-0.41317447062615553,23.76161155981244,60,280.2,11.838865514843198,27,16.71346568451033
2268,uva,packing_C,T07,largo,28,G4,8.747678501716868,0.6895392354877108,0.9334956904146925,False,467,439.3800254083186,6.286124310274229,-0.41317447062615553,23.76161155981244,60,280.2,11.838865514843198,28,16.19490002171212
2268,uva,packing_C,T07,largo,28,G4,8.747678501716868,0.6895392354877108,0.9334956904146925,False,467,439.3800254083186,6.286124310274229,-0.41317447062615553,23.76161155981244,60,280.2,11.838865514843198,29,16.072953162056493
2268,uva,packing_C,T07,largo,28,G4,8.747678501716868,0.6895392354877108,0.9334956904146925,False,467,439.3800254083186,6.286124310274229,-0.41317447062615553,23.76161155981244,60,280.2,11.838865514843198,30,15.72720964414058
2268,uva,packing_C,T07,largo,28,G4,8.747678501716868,0.6895392354877108,0.9334956904146925,False,467,439.3800254083186,6.286124310274229,-0.41317447062615553,23.76161155981244,60,280.2,11.838865514843198,31,15.441857918354101
2268,uva,packing_C,T07,largo,28,G4,8.747678501716868,0.6895392354877108,0.9334956904146925,False,467,439.3800254083186,6.286124310274229,-0.41317447062615553,23.76161155981244,60,280.2,11.838865514843198,32,14.927870016594285
2268,uva,packing_C,T07,largo,28,G4,8.747678501716868,0.6895392354877108,0.9334956904146925,False,467,439.3800254083186,6.286124310274229,-0.41317447062615553,23.76161155981244,60,280.2,11.838865514843198,33,14.769824064898827
2268,uva,packing_C,T07,largo,28,G4,8.747678501716868,0.6895392354877108,0.9334956904146925,False,467,439.3800254083186,6.286124310274229,-0.41317447062615553,23.76161155981244,60,280.2,11.838865514843198,34,14.587789186382478
2268,uva,packing_C,T07,largo,28,G4,8.747678501716868,0.6895392354877108,0.9334956904146925,False,467,439.3800254083186,6.286124310274229,-0.41317447062615553,23.76161155981244,60,280.2,11.838865514843198,35,14.274614863927866
2268,uva,packing_C,T07,largo,28,G4,8.747678501716868,0.6895392354877108,0.9334956904146925,False,467,439.3800254083186,6.286124310274229,-0.41317447062615553,23.76161155981244,60,280.2,11.838865514843198,36,14.009539763411194
2268,uva,packing_C,T07,largo,28,G4,8.747678501716868,0.6895392354877108,0.9334956904146925,False,467,439.3800254083186,6.286124310274229,-0.41317447062615553,23.76161155981244,60,280.2,11.838865514843198,37,13.637935735597466
2268,uva,packing_C,T07,largo,28,G4,8.747678501716868,0.6895392354877108,0.9334956904146925,False,467,439.3800254083186,6.286124310274229,-0.41317447062615553,23.76161155981244,60,280.2,11.838865514843198,38,13.322631206463292
2268,uva,packing_C,T07,largo,28,G4,8.747678501716868,0.6895392354877108,0.9334956904146925,False,467,439.3800254083186,6.286124310274229,-0.41317447062615553,23.76161155981244,60,280.2,11.838865514843198,39,12.985199834794853
2268,uva,packing_C,T07,largo,28,G4,8.747678501716868,0.6895392354877108,0.9334956904146925,False,467,439.3800254083186,6.286124310274229,-0.41317447062615553,23.76161155981244,60,280.2,11.838865514843198,40,12.519239853466573
2268,uva,packing_C,T07,largo,28,G4,8.747678501716868,0.6895392354877108,0.9334956904146925,False,467,439.3800254083186,6.286124310274229,-0.41317447062615553,23.76161155981244,60,280.2,11.838865514843198,41,12.3110976288559
2268,uva,packing_C,T07,largo,28,G4,8.747678501716868,0.6895392354877108,0.9334956904146925,False,467,439.3800254083186,6.286124310274229,-0.41317447062615553,23.76161155981244,60,280.2,11.838865514843198,42,11.990933868803411
2268,uva,packing_C,T07,largo,28,G4,8.747678501716868,0.6895392354877108,0.9334956904146925,False,467,439.3800254083186,6.286124310274229,-0.41317447062615553,23.76161155981244,60,280.2,11.838865514843198,43,11.86947644508638
2268,uva,packing_C,T07,largo,28,G4,8.747678501716868,0.6895392354877108,0.9334956904146925,False,467,439.3800254083186,6.286124310274229,-0.41317447062615553,23.76161155981244,60,280.2,11.838865514843198,44,11.513517997222072
2268,uva,packing_C,T07,largo,28,G4,8.747678501716868,0.6895392354877108,0.9334956904146925,False,467,439.3800254083186,6.286124310274229,-0.41317447062615553,23.76161155981244,60,280.2,11.838865514843198,45,11.06266048726131
2268,uva,packing_C,T07,largo,28,G4,8.747678501716868,0.6895392354877108,0.9334956904146925,False,467,439.3800254083186,6.286124310274229,-0.41317447062615553,23.76161155981244,60,280.2,11.838865514843198,46,10.915191478011804
2268,uva,packing_C,T07,largo,28,G4,8.747678501716868,0.6895392354877108,0.9334956904146925,False,467,439.3800254083186,6.286124310274229,-0.41317447062615553,23.76161155981244,60,280.2,11.838865514843198,47,10.582733656339611
2268,uva,packing_C,T07,largo,28,G4,8.747678501716868,0.6895392354877108,0.9334956904146925,False,467,439.3800254083186,6.286124310274229,-0.41317447062615553,23.76161155981244,60,280.2,11.838865514843198,48,10.338332603920712
2268,uva,packing_C,T07,largo,28,G4,8.747678501716868,0.6895392354877108,0.9334956904146925,False,467,439.3800254083186,6.286124310274229,-0.41317447062615553,23.76161155981244,60,280.2,11.838865514843198,49,10.012430839110372
2268,uva,packing_C,T07,largo,28,G4,8.747678501716868,0.6895392354877108,0.9334956904146925,False,467,439.3800254083186,6.286124310274229,-0.41317447062615553,23.76161155981244,60,280.2,11.838865514843198,50,9.759604327099495
2268,uva,packing_C,T07,largo,28,G4,8.747678501716868,0.6895392354877108,0.9334956904146925,False,467,439.3800254083186,6.286124310274229,-0.41317447062615553,23.76161155981244,60,280.2,11.838865514843198,51,9.317889210456311
2268,uva,packing_C,T07,largo,28,G4,8.747678501716868,0.6895392354877108,0.9334956904146925,False,467,439.3800254083186,6.286124310274229,-0.41317447062615553,23.76161155981244,60,280.2,11.838865514843198,52,9.022194849314777
2268,uva,packing_C,T07,largo,28,G4,8.747678501716868,0.6895392354877108,0.9334956904146925,False,467,439.3800254083186,6.286124310274229,-0.41317447062615553,23.76161155981244,60,280.2,11.838865514843198,53,8.76207142721534
2268,uva,packing_C,T07,largo,28,G4,8.747678501716868,0.6895392354877108,0.9334956904146925,False,467,439.3800254083186,6.286124310274229,-0.41317447062615553,23.76161155981244,60,280.2,11.838865514843198,54,8.561416276983532
2268,uva,packing_C,T07,largo,28,G4,8.747678501716868,0.6895392354877108,0.9334956904146925,False,467,439.3800254083186,6.286124310274229,-0.41317447062615553,23.76161155981244,60,280.2,11.838865514843198,55,8.016864461850034
2268,uva,packing_C,T07,largo,28,G4,8.747678501716868,0.6895392354877108,0.9334956904146925,False,467,439.3800254083186,6.286124310274229,-0.41317447062615553,23.76161155981244,60,280.2,11.838865514843198,56,7.908813838944873
2268,uva,packing_C,T07,largo,28,G4,8.747678501716868,0.6895392354877108,0.9334956904146925,False,467,439.3800254083186,6.286124310274229,-0.41317447062615553,23.76161155981244,60,280.2,11.838865514843198,57,7.585899748422984
2268,uva,packing_C,T07,largo,28,G4,8.747678501716868,0.6895392354877108,0.9334956904146925,False,467,439.3800254083186,6.286124310274229,-0.41317447062615553,23.76161155981244,60,280.2,11.838865514843198,58,7.313492717435035
2268,uva,packing_C,T07,largo,28,G4,8.747678501716868,0.6895392354877108,0.9334956904146925,False,467,439.3800254083186,6.286124310274229,-0.41317447062615553,23.76161155981244,60,280.2,11.838865514843198,59,7.178142223061731
2268,uva,packing_C,T07,largo,28,G4,8.747678501716868,0.6895392354877108,0.9334956904146925,False,467,439.3800254083186,6.286124310274229,-0.41317447062615553,23.76161155981244,60,280.2,11.838865514843198,60,6.74654948555024
2268,uva,packing_C,T07,largo,28,G4,8.747678501716868,0.6895392354877108,0.9334956904146925,False,467,439.3800254083186,6.286124310274229,-0.41317447062615553,23.76161155981244,60,280.2,11.838865514843198,61,6.58944075703762
2268,uva,packing_C,T07,largo,28,G4,8.747678501716868,0.6895392354877108,0.9334956904146925,False,467,439.3800254083186,6.286124310274229,-0.41317447062615553,23.76161155981244,60,280.2,11.838865514843198,62,6.393340515405235
2268,uva,packing_C,T07,largo,28,G4,8.747678501716868,0.6895392354877108,0.9334956904146925,False,467,439.3800254083186,6.286124310274229,-0.41317447062615553,23.76161155981244,60,280.2,11.838865514843198,63,5.960090686245833
2268,uva,packing_C,T07,largo,28,G4,8.747678501716868,0.6895392354877108,0.9334956904146925,False,467,439.3800254083186,6.286124310274229,-0.41317447062615553,23.76161155981244,60,280.2,11.838865514843198,64,5.803892523271381
2268,uva,packing_C,T07,largo,28,G4,8.747678501716868,0.6895392354877108,0.9334956904146925,False,467,439.3800254083186,6.286124310274229,-0.41317447062615553,23.76161155981244,60,280.2,11.838865514843198,65,5.23211902119746
2268,uva,packing_C,T07,largo,28,G4,8.747678501716868,0.6895392354877108,0.9334956904146925,False,467,439.3800254083186,6.286124310274229,-0.41317447062615553,23.76161155981244,60,280.2,11.838865514843198,66,5.125270206351501
2268,uva,packing_C,T07,largo,28,G4,8.747678501716868,0.6895392354877108,0.9334956904146925,False,467,439.3800254083186,6.286124310274229,-0.41317447062615553,23.76161155981244,60,280.2,11.838865514843198,67,4.81663223237274
2268,uva,packing_C,T07,largo,28,G4,8.747678501716868,0.6895392354877108,0.9334956904146925,False,467,439.3800254083186,6.286124310274229,-0.41317447062615553,23.76161155981244,60,280.2,11.838865514843198,68,4.616861397107549
2268,uva,packing_C,T07,largo,28,G4,8.747678501716868,0.6895392354877108,0.9334956904146925,False,467,439.3800254083186,6.286124310274229,-0.41317447062615553,23.76161155981244,60,280.2,11.838865514843198,69,4.217143668434034
2268,uva,packing_C,T07,largo,28,G4,8.747678501716868,0.6895392354877108,0.9334956904146925,False,467,439.3800254083186,6.286124310274229,-0.41317447062615553,23.76161155981244,60,280.2,11.838865514843198,70,4.204410876918538
2268,uva,packing_C,T07,largo,28,G4,8.747678501716868,0.6895392354877108,0.9334956904146925,False,467,439.3800254083186,6.286124310274229,-0.41317447062615553,23.76161155981244,60,280.2,11.838865514843198,71,3.8768846976626126
2268,uva,packing_C,T07,largo,28,G4,8.747678501716868,0.6895392354877108,0.9334956904146925,False,467,439.3800254083186,6.286124310274229,-0.41317447062615553,23.76161155981244,60,280.2,11.838865514843198,72,3.5184462388398714
2268,uva,packing_C,T07,largo,28,G4,8.747678501716868,0.6895392354877108,0.9334956904146925,False,467,439.3800254083186,6.286124310274229,-0.41317447062615553,23.76161155981244,60,280.2,11.838865514843198,73,3.1351794807206894
2268,uva,packing_C,T07,largo,28,G4,8.747678501716868,0.6895392354877108,0.9334956904146925,False,467,439.3800254083186,6.286124310274229,-0.41317447062615553,23.76161155981244,60,280.2,11.838865514843198,74,3.0209940264257584
2268,uva,packing_C,T07,largo,28,G4,8.747678501716868,0.6895392354877108,0.9334956904146925,False,467,439.3800254083186,6.286124310274229,-0.41317447062615553,23.76161155981244,60,280.2,11.838865514843198,75,2.848465974455639
2268,uva,packing_C,T07,largo,28,G4,8.747678501716868,0.6895392354877108,0.9334956904146925,False,467,439.3800254083186,6.286124310274229,-0.41317447062615553,23.76161155981244,60,280.2,11.838865514843198,76,2.568540750002029
2268,uva,packing_C,T07,largo,28,G4,8.747678501716868,0.6895392354877108,0.9334956904146925,False,467,439.3800254083186,6.286124310274229,-0.41317447062615553,23.76161155981244,60,280.2,11.838865514843198,77,2.2479967163456576
2268,uva,packing_C,T07,largo,28,G4,8.747678501716868,0.6895392354877108,0.9334956904146925,False,467,439.3800254083186,6.286124310274229,-0.41317447062615553,23.76161155981244,60,280.2,11.838865514843198,78,2.2532586250793676
2268,uva,packing_C,T07,largo,28,G4,8.747678501716868,0.6895392354877108,0.9334956904146925,False,467,439.3800254083186,6.286124310274229,-0.41317447062615553,23.76161155981244,60,280.2,11.838865514843198,79,1.786710123320971
2268,uva,packing_C,T07,largo,28,G4,8.747678501716868,0.6895392354877108,0.9334956904146925,False,467,439.3800254083186,6.286124310274229,-0.41317447062615553,23.76161155981244,60,280.2,11.838865514843198,80,1.5504993109001017
2268,uva,packing_C,T07,largo,28,G4,8.747678501716868,0.6895392354877108,0.9334956904146925,False,467,439.3800254083186,6.286124310274229,-0.41317447062615553,23.76161155981244,60,280.2,11.838865514843198,81,1.4468736622024152
2268,uva,packing_C,T07,largo,28,G4,8.747678501716868,0.6895392354877108,0.9334956904146925,False,467,439.3800254083186,6.286124310274229,-0.41317447062615553,23.76161155981244,60,280.2,11.838865514843198,82,1.1026599332965632
2268,uva,packing_C,T07,largo,28,G4,8.747678501716868,0.6895392354877108,0.9334956904146925,False,467,439.3800254083186,6.286124310274229,-0.41317447062615553,23.76161155981244,60,280.2,11.838865514843198,83,0.8278070573461722
2268,uva,packing_C,T07,largo,28,G4,8.747678501716868,0.6895392354877108,0.9334956904146925,False,467,439.3800254083186,6.286124310274229,-0.41317447062615553,23.76161155981244,60,280.2,11.838865514843198,84,0.3719260774148937
2268,uva,packing_C,T07,largo,28,G4,8.747678501716868,0.6895392354877108,0.9334956904146925,False,467,439.3800254083186,6.286124310274229,-0.41317447062615553,23.76161155981244,60,280.2,11.838865514843198,85,0.38362596894455797
2268,uva,packing_C,T07,largo,28,G4,8.747678501716868,0.6895392354877108,0.9334956904146925,False,467,439.3800254083186,6.286124310274229,-0.41317447062615553,23.76161155981244,60,280.2,11.838865514843198,86,0.1840008751339982
2268,uva,packing_C,T07,largo,28,G4,8.747678501716868,0.6895392354877108,0.9334956904146925,False,467,439.3800254083186,6.286124310274229,-0.41317447062615553,23.76161155981244,60,280.2,11.838865514843198,87,-0.017476854843594996
2268,uva,packing_C,T07,largo,28,G4,8.747678501716868,0.6895392354877108,0.9334956904146925,False,467,439.3800254083186,6.286124310274229,-0.41317447062615553,23.76161155981244,60,280.2,11.838865514843198,88,-0.2870946395838457
2268,uva,packing_C,T07,largo,28,G4,8.747678501716868,0.6895392354877108,0.9334956904146925,False,467,439.3800254083186,6.286124310274229,-0.41317447062615553,23.76161155981244,60,280.2,11.838865514843198,89,-0.3936170632964518
2268,uva,packing_C,T07,largo,28,G4,8.747678501716868,0.6895392354877108,0.9334956904146925,False,467,439.3800254083186,6.286124310274229,-0.41317447062615553,23.76161155981244,60,280.2,11.838865514843198,90,-0.7050522340352091
2268,uva,packing_C,T07,largo,28,G4,8.747678501716868,0.6895392354877108,0.9334956904146925,False,467,439.3800254083186,6.286124310274229,-0.41317447062615553,23.76161155981244,60,280.2,11.838865514843198,91,-0.942632915369534
2268,uva,packing_C,T07,largo,28,G4,8.747678501716868,0.6895392354877108,0.9334956904146925,False,467,439.3800254083186,6.286124310274229,-0.41317447062615553,23.76161155981244,60,280.2,11.838865514843198,92,-0.9115109454118309
2268,uva,packing_C,T07,largo,28,G4,8.747678501716868,0.6895392354877108,0.9334956904146925,False,467,439.3800254083186,6.286124310274229,-0.41317447062615553,23.76161155981244,60,280.2,11.838865514843198,93,-1.2848294067767294
2268,uva,packing_C,T07,largo,28,G4,8.747678501716868,0.6895392354877108,0.9334956904146925,False,467,439.3800254083186,6.286124310274229,-0.41317447062615553,23.76161155981244,60,280.2,11.838865514843198,94,-1.3563579535905712
2268,uva,packing_C,T07,largo,28,G4,8.747678501716868,0.6895392354877108,0.9334956904146925,False,467,439.3800254083186,6.286124310274229,-0.41317447062615553,23.76161155981244,60,280.2,11.838865514843198,95,-1.7291443715987505
2268,uva,packing_C,T07,largo,28,G4,8.747678501716868,0.6895392354877108,0.9334956904146925,False,467,439.3800254083186,6.286124310274229,-0.41317447062615553,23.76161155981244,60,280.2,11.838865514843198,96,-1.8577192665099413
2268,uva,packing_C,T07,largo,28,G4,8.747678501716868,0.6895392354877108,0.9334956904146925,False,467,439.3800254083186,6.286124310274229,-0.41317447062615553,23.76161155981244,60,280.2,11.838865514843198,97,-1.9810493455477456
2268,uva,packing_C,T07,largo,28,G4,8.747678501716868,0.6895392354877108,0.9334956904146925,False,467,439.3800254083186,6.286124310274229,-0.41317447062615553,23.76161155981244,60,280.2,11.838865514843198,98,-2.0655345046453193
2268,uva,packing_C,T07,largo,28,G4,8.747678501716868,0.6895392354877108,0.9334956904146925,False,467,439.3800254083186,6.286124310274229,-0.41317447062615553,23.76161155981244,60,280.2,11.838865514843198,99,-2.358080176921292
2268,uva,packing_C,T07,largo,28,G4,8.747678501716868,0.6895392354877108,0.9334956904146925,False,467,439.3800254083186,6.286124310274229,-0.41317447062615553,23.76161155981244,60,280.2,11.838865514843198,100,-2.4729829046937706
2268,uva,packing_C,T07,largo,28,G4,8.747678501716868,0.6895392354877108,0.9334956904146925,False,467,439.3800254083186,6.286124310274229,-0.41317447062615553,23.76161155981244,60,280.2,11.838865514843198,101,-2.7798051788071128
2268,uva,packing_C,T07,largo,28,G4,8.747678501716868,0.6895392354877108,0.9334956904146925,False,467,439.3800254083186,6.286124310274229,-0.41317447062615553,23.76161155981244,60,280.2,11.838865514843198,102,-2.8677636702508207
2268,uva,packing_C,T07,largo,28,G4,8.747678501716868,0.6895392354877108,0.9334956904146925,False,467,439.3800254083186,6.286124310274229,-0.41317447062615553,23.76161155981244,60,280.2,11.838865514843198,103,-3.019309148457641
2268,uva,packing_C,T07,largo,28,G4,8.747678501716868,0.6895392354877108,0.9334956904146925,False,467,439.3800254083186,6.286124310274229,-0.41317447062615553,23.76161155981244,60,280.2,11.838865514843198,104,-3.1865392944804776
2268,uva,packing_C,T07,largo,28,G4,8.747678501716868,0.6895392354877108,0.9334956904146925,False,467,439.3800254083186,6.286124310274229,-0.41317447062615553,23.76161155981244,60,280.2,11.838865514843198,105,-3.352272591477477
2268,uva,packing_C,T07,largo,28,G4,8.747678501716868,0.6895392354877108,0.9334956904146925,False,467,439.3800254083186,6.286124310274229,-0.41317447062615553,23.76161155981244,60,280.2,11.838865514843198,106,-3.619838210745831
2268,uva,packing_C,T07,largo,28,G4,8.747678501716868,0.6895392354877108,0.9334956904146925,False,467,439.3800254083186,6.286124310274229,-0.41317447062615553,23.76161155981244,60,280.2,11.838865514843198,107,-3.6907459936119293
2268,uva,packing_C,T07,largo,28,G4,8.747678501716868,0.6895392354877108,0.9334956904146925,False,467,439.3800254083186,6.286124310274229,-0.41317447062615553,23.76161155981244,60,280.2,11.838865514843198,108,-4.069266436257282
2268,uva,packing_C,T07,largo,28,G4,8.747678501716868,0.6895392354877108,0.9334956904146925,False,467,439.3800254083186,6.286124310274229,-0.41317447062615553,23.76161155981244,60,280.2,11.838865514843198,109,-4.087777729931511
2268,uva,packing_C,T07,largo,28,G4,8.747678501716868,0.6895392354877108,0.9334956904146925,False,467,439.3800254083186,6.286124310274229,-0.41317447062615553,23.76161155981244,60,280.2,11.838865514843198,110,-4.139541201343585
2268,uva,packing_C,T07,largo,28,G4,8.747678501716868,0.6895392354877108,0.9334956904146925,False,467,439.3800254083186,6.286124310274229,-0.41317447062615553,23.76161155981244,60,280.2,11.838865514843198,111,-4.290849995563035
2268,uva,packing_C,T07,largo,28,G4,8.747678501716868,0.6895392354877108,0.9334956904146925,False,467,439.3800254083186,6.286124310274229,-0.41317447062615553,23.76161155981244,60,280.2,11.838865514843198,112,-4.404653005912057
2268,uva,packing_C,T07,largo,28,G4,8.747678501716868,0.6895392354877108,0.9334956904146925,False,467,439.3800254083186,6.286124310274229,-0.41317447062615553,23.76161155981244,60,280.2,11.838865514843198,113,-4.618436934607122
2268,uva,packing_C,T07,largo,28,G4,8.747678501716868,0.6895392354877108,0.9334956904146925,False,467,439.3800254083186,6.286124310274229,-0.41317447062615553,23.76161155981244,60,280.2,11.838865514843198,114,-4.829092019029517
2268,uva,packing_C,T07,largo,28,G4,8.747678501716868,0.6895392354877108,0.9334956904146925,False,467,439.3800254083186,6.286124310274229,-0.41317447062615553,23.76161155981244,60,280.2,11.838865514843198,115,-4.901123446957607
2268,uva,packing_C,T07,largo,28,G4,8.747678501716868,0.6895392354877108,0.9334956904146925,False,467,439.3800254083186,6.286124310274229,-0.41317447062615553,23.76161155981244,60,280.2,11.838865514843198,116,-5.063071409236935
2268,uva,packing_C,T07,largo,28,G4,8.747678501716868,0.6895392354877108,0.9334956904146925,False,467,439.3800254083186,6.286124310274229,-0.41317447062615553,23.76161155981244,60,280.2,11.838865514843198,117,-4.984666498056051
2268,uva,packing_C,T07,largo,28,G4,8.747678501716868,0.6895392354877108,0.9334956904146925,False,467,439.3800254083186,6.286124310274229,-0.41317447062615553,23.76161155981244,60,280.2,11.838865514843198,118,-5.0603009855557595
2268,uva,packing_C,T07,largo,28,G4,8.747678501716868,0.6895392354877108,0.9334956904146925,False,467,439.3800254083186,6.286124310274229,-0.41317447062615553,23.76161155981244,60,280.2,11.838865514843198,119,-5.413751905403615
2268,uva,packing_C,T07,largo,28,G4,8.747678501716868,0.6895392354877108,0.9334956904146925,False,467,439.3800254083186,6.286124310274229,-0.41317447062615553,23.76161155981244,60,280.2,11.838865514843198,120,-5.491754310602219
2268,uva,packing_C,T07,largo,28,G4,8.747678501716868,0.6895392354877108,0.9334956904146925,False,467,439.3800254083186,6.286124310274229,-0.41317447062615553,23.76161155981244,60,280.2,11.838865514843198,121,-5.308581383060934
2268,uva,packing_C,T07,largo,28,G4,8.747678501716868,0.6895392354877108,0.9334956904146925,False,467,439.3800254083186,6.286124310274229,-0.41317447062615553,23.76161155981244,60,280.2,11.838865514843198,122,-5.68009097387138
2268,uva,packing_C,T07,largo,28,G4,8.747678501716868,0.6895392354877108,0.9334956904146925,False,467,439.3800254083186,6.286124310274229,-0.41317447062615553,23.76161155981244,60,280.2,11.838865514843198,123,-5.690115887180441
2268,uva,packing_C,T07,largo,28,G4,8.747678501716868,0.6895392354877108,0.9334956904146925,False,467,439.3800254083186,6.286124310274229,-0.41317447062615553,23.76161155981244,60,280.2,11.838865514843198,124,-5.8479680327723225
2268,uva,packing_C,T07,largo,28,G4,8.747678501716868,0.6895392354877108,0.9334956904146925,False,467,439.3800254083186,6.286124310274229,-0.41317447062615553,23.76161155981244,60,280.2,11.838865514843198,125,-5.955667317537579
2268,uva,packing_C,T07,largo,28,G4,8.747678501716868,0.6895392354877108,0.9334956904146925,False,467,439.3800254083186,6.286124310274229,-0.41317447062615553,23.76161155981244,60,280.2,11.838865514843198,126,-6.081089153035163
2268,uva,packing_C,T07,largo,28,G4,8.747678501716868,0.6895392354877108,0.9334956904146925,False,467,439.3800254083186,6.286124310274229,-0.41317447062615553,23.76161155981244,60,280.2,11.838865514843198,127,-6.303136497743624
2268,uva,packing_C,T07,largo,28,G4,8.747678501716868,0.6895392354877108,0.9334956904146925,False,467,439.3800254083186,6.286124310274229,-0.41317447062615553,23.76161155981244,60,280.2,11.838865514843198,128,-6.493634912398458
2268,uva,packing_C,T07,largo,28,G4,8.747678501716868,0.6895392354877108,0.9334956904146925,False,467,439.3800254083186,6.286124310274229,-0.41317447062615553,23.76161155981244,60,280.2,11.838865514843198,129,-6.416211568238149
2268,uva,packing_C,T07,largo,28,G4,8.747678501716868,0.6895392354877108,0.9334956904146925,False,467,439.3800254083186,6.286124310274229,-0.41317447062615553,23.76161155981244,60,280.2,11.838865514843198,130,-6.385289802129077
2268,uva,packing_C,T07,largo,28,G4,8.747678501716868,0.6895392354877108,0.9334956904146925,False,467,439.3800254083186,6.286124310274229,-0.41317447062615553,23.76161155981244,60,280.2,11.838865514843198,131,-6.459692207590694
2268,uva,packing_C,T07,largo,28,G4,8.747678501716868,0.6895392354877108,0.9334956904146925,False,467,439.3800254083186,6.286124310274229,-0.41317447062615553,23.76161155981244,60,280.2,11.838865514843198,132,-6.597803955645855
2268,uva,packing_C,T07,largo,28,G4,8.747678501716868,0.6895392354877108,0.9334956904146925,False,467,439.3800254083186,6.286124310274229,-0.41317447062615553,23.76161155981244,60,280.2,11.838865514843198,133,-6.811612042092244
2268,uva,packing_C,T07,largo,28,G4,8.747678501716868,0.6895392354877108,0.9334956904146925,False,467,439.3800254083186,6.286124310274229,-0.41317447062615553,23.76161155981244,60,280.2,11.838865514843198,134,-6.771095191070844
2268,uva,packing_C,T07,largo,28,G4,8.747678501716868,0.6895392354877108,0.9334956904146925,False,467,439.3800254083186,6.286124310274229,-0.41317447062615553,23.76161155981244,60,280.2,11.838865514843198,135,-6.605081039548841
2268,uva,packing_C,T07,largo,28,G4,8.747678501716868,0.6895392354877108,0.9334956904146925,False,467,439.3800254083186,6.286124310274229,-0.41317447062615553,23.76161155981244,60,280.2,11.838865514843198,136,-6.763188282738318
2268,uva,packing_C,T07,largo,28,G4,8.747678501716868,0.6895392354877108,0.9334956904146925,False,467,439.3800254083186,6.286124310274229,-0.41317447062615553,23.76161155981244,60,280.2,11.838865514843198,137,-6.9168012602471185
2268,uva,packing_C,T07,largo,28,G4,8.747678501716868,0.6895392354877108,0.9334956904146925,False,467,439.3800254083186,6.286124310274229,-0.41317447062615553,23.76161155981244,60,280.2,11.838865514843198,138,-7.02244642018071
2268,uva,packing_C,T07,largo,28,G4,8.747678501716868,0.6895392354877108,0.9334956904146925,False,467,439.3800254083186,6.286124310274229,-0.41317447062615553,23.76161155981244,60,280.2,11.838865514843198,139,-7.092551766262966
2268,uva,packing_C,T07,largo,28,G4,8.747678501716868,0.6895392354877108,0.9334956904146925,False,467,439.3800254083186,6.286124310274229,-0.41317447062615553,23.76161155981244,60,280.2,11.838865514843198,140,-7.185401276384255
2268,uva,packing_C,T07,largo,28,G4,8.747678501716868,0.6895392354877108,0.9334956904146925,False,467,439.3800254083186,6.286124310274229,-0.41317447062615553,23.76161155981244,60,280.2,11.838865514843198,141,-7.11108372965889
2268,uva,packing_C,T07,largo,28,G4,8.747678501716868,0.6895392354877108,0.9334956904146925,False,467,439.3800254083186,6.286124310274229,-0.41317447062615553,23.76161155981244,60,280.2,11.838865514843198,142,-7.138724152776746
2268,uva,packing_C,T07,largo,28,G4,8.747678501716868,0.6895392354877108,0.9334956904146925,False,467,439.3800254083186,6.286124310274229,-0.41317447062615553,23.76161155981244,60,280.2,11.838865514843198,143,-7.203472699438846
2268,uva,packing_C,T07,largo,28,G4,8.747678501716868,0.6895392354877108,0.9334956904146925,False,467,439.3800254083186,6.286124310274229,-0.41317447062615553,23.76161155981244,60,280.2,11.838865514843198,144,-7.238572533685549
2268,uva,packing_C,T07,largo,28,G4,8.747678501716868,0.6895392354877108,0.9334956904146925,False,467,439.3800254083186,6.286124310274229,-0.41317447062615553,23.76161155981244,60,280.2,11.838865514843198,145,-7.196668536545871
2268,uva,packing_C,T07,largo,28,G4,8.747678501716868,0.6895392354877108,0.9334956904146925,False,467,439.3800254083186,6.286124310274229,-0.41317447062615553,23.76161155981244,60,280.2,11.838865514843198,146,-7.414634960045924
2268,uva,packing_C,T07,largo,28,G4,8.747678501716868,0.6895392354877108,0.9334956904146925,False,467,439.3800254083186,6.286124310274229,-0.41317447062615553,23.76161155981244,60,280.2,11.838865514843198,147,-7.078576105518809
2268,uva,packing_C,T07,largo,28,G4,8.747678501716868,0.6895392354877108,0.9334956904146925,False,467,439.3800254083186,6.286124310274229,-0.41317447062615553,23.76161155981244,60,280.2,11.838865514843198,148,-7.407744803587473
2268,uva,packing_C,T07,largo,28,G4,8.747678501716868,0.6895392354877108,0.9334956904146925,False,467,439.3800254083186,6.286124310274229,-0.41317447062615553,23.76161155981244,60,280.2,11.838865514843198,149,-7.468918916304548
2268,uva,packing_C,T07,largo,28,G4,8.747678501716868,0.6895392354877108,0.9334956904146925,False,467,439.3800254083186,6.286124310274229,-0.41317447062615553,23.76161155981244,60,280.2,11.838865514843198,150,-7.28499246010109
2268,uva,packing_C,T07,largo,28,G4,8.747678501716868,0.6895392354877108,0.9334956904146925,False,467,439.3800254083186,6.286124310274229,-0.41317447062615553,23.76161155981244,60,280.2,11.838865514843198,151,-7.380512846088973
2268,uva,packing_C,T07,largo,28,G4,8.747678501716868,0.6895392354877108,0.9334956904146925,False,467,439.3800254083186,6.286124310274229,-0.41317447062615553,23.76161155981244,60,280.2,11.838865514843198,152,-7.599167837666473
2268,uva,packing_C,T07,largo,28,G4,8.747678501716868,0.6895392354877108,0.9334956904146925,False,467,439.3800254083186,6.286124310274229,-0.41317447062615553,23.76161155981244,60,280.2,11.838865514843198,153,-7.58004508389116
2268,uva,packing_C,T07,largo,28,G4,8.747678501716868,0.6895392354877108,0.9334956904146925,False,467,439.3800254083186,6.286124310274229,-0.41317447062615553,23.76161155981244,60,280.2,11.838865514843198,154,-7.604592160523954
2268,uva,packing_C,T07,largo,28,G4,8.747678501716868,0.6895392354877108,0.9334956904146925,False,467,439.3800254083186,6.286124310274229,-0.41317447062615553,23.76161155981244,60,280.2,11.838865514843198,155,-7.564152193584221
2268,uva,packing_C,T07,largo,28,G4,8.747678501716868,0.6895392354877108,0.9334956904146925,False,467,439.3800254083186,6.286124310274229,-0.41317447062615553,23.76161155981244,60,280.2,11.838865514843198,156,-7.55430313385973
2268,uva,packing_C,T07,largo,28,G4,8.747678501716868,0.6895392354877108,0.9334956904146925,False,467,439.3800254083186,6.286124310274229,-0.41317447062615553,23.76161155981244,60,280.2,11.838865514843198,157,-7.458437793034769
2268,uva,packing_C,T07,largo,28,G4,8.747678501716868,0.6895392354877108,0.9334956904146925,False,467,439.3800254083186,6.286124310274229,-0.41317447062615553,23.76161155981244,60,280.2,11.838865514843198,158,-7.7207259007849105
2268,uva,packing_C,T07,largo,28,G4,8.747678501716868,0.6895392354877108,0.9334956904146925,False,467,439.3800254083186,6.286124310274229,-0.41317447062615553,23.76161155981244,60,280.2,11.838865514843198,159,-7.443322994848932
2268,uva,packing_C,T07,largo,28,G4,8.747678501716868,0.6895392354877108,0.9334956904146925,False,467,439.3800254083186,6.286124310274229,-0.41317447062615553,23.76161155981244,60,280.2,11.838865514843198,160,-7.528490177919653
2268,uva,packing_C,T07,largo,28,G4,8.747678501716868,0.6895392354877108,0.9334956904146925,False,467,439.3800254083186,6.286124310274229,-0.41317447062615553,23.76161155981244,60,280.2,11.838865514843198,161,-7.554566543792012
2268,uva,packing_C,T07,largo,28,G4,8.747678501716868,0.6895392354877108,0.9334956904146925,False,467,439.3800254083186,6.286124310274229,-0.41317447062615553,23.76161155981244,60,280.2,11.838865514843198,162,-7.5291275242961175
2268,uva,packing_C,T07,largo,28,G4,8.747678501716868,0.6895392354877108,0.9334956904146925,False,467,439.3800254083186,6.286124310274229,-0.41317447062615553,23.76161155981244,60,280.2,11.838865514843198,163,-7.466286654792026
2268,uva,packing_C,T07,largo,28,G4,8.747678501716868,0.6895392354877108,0.9334956904146925,False,467,439.3800254083186,6.286124310274229,-0.41317447062615553,23.76161155981244,60,280.2,11.838865514843198,164,-7.561446669237433
2268,uva,packing_C,T07,largo,28,G4,8.747678501716868,0.6895392354877108,0.9334956904146925,False,467,439.3800254083186,6.286124310274229,-0.41317447062615553,23.76161155981244,60,280.2,11.838865514843198,165,-7.467463088216681
2268,uva,packing_C,T07,largo,28,G4,8.747678501716868,0.6895392354877108,0.9334956904146925,False,467,439.3800254083186,6.286124310274229,-0.41317447062615553,23.76161155981244,60,280.2,11.838865514843198,166,-7.3969396185630645
2268,uva,packing_C,T07,largo,28,G4,8.747678501716868,0.6895392354877108,0.9334956904146925,False,467,439.3800254083186,6.286124310274229,-0.41317447062615553,23.76161155981244,60,280.2,11.838865514843198,167,-7.3375454900077495
2268,uva,packing_C,T07,largo,28,G4,8.747678501716868,0.6895392354877108,0.9334956904146925,False,467,439.3800254083186,6.286124310274229,-0.41317447062615553,23.76161155981244,60,280.2,11.838865514843198,168,-7.595093950488456
2268,uva,packing_C,T07,largo,28,G4,8.747678501716868,0.6895392354877108,0.9334956904146925,False,467,439.3800254083186,6.286124310274229,-0.41317447062615553,23.76161155981244,60,280.2,11.838865514843198,169,-7.39047474287643
2268,uva,packing_C,T07,largo,28,G4,8.747678501716868,0.6895392354877108,0.9334956904146925,False,467,439.3800254083186,6.286124310274229,-0.41317447062615553,23.76161155981244,60,280.2,11.838865514843198,170,-7.548882168633093
2268,uva,packing_C,T07,largo,28,G4,8.747678501716868,0.6895392354877108,0.9334956904146925,False,467,439.3800254083186,6.286124310274229,-0.41317447062615553,23.76161155981244,60,280.2,11.838865514843198,171,-7.452956006717995
2268,uva,packing_C,T07,largo,28,G4,8.747678501716868,0.6895392354877108,0.9334956904146925,False,467,439.3800254083186,6.286124310274229,-0.41317447062615553,23.76161155981244,60,280.2,11.838865514843198,172,-7.261814585438389
2268,uva,packing_C,T07,largo,28,G4,8.747678501716868,0.6895392354877108,0.9334956904146925,False,467,439.3800254083186,6.286124310274229,-0.41317447062615553,23.76161155981244,60,280.2,11.838865514843198,173,-7.355545971706342
2268,uva,packing_C,T07,largo,28,G4,8.747678501716868,0.6895392354877108,0.9334956904146925,False,467,439.3800254083186,6.286124310274229,-0.41317447062615553,23.76161155981244,60,280.2,11.838865514843198,174,-7.257653962905874
2268,uva,packing_C,T07,largo,28,G4,8.747678501716868,0.6895392354877108,0.9334956904146925,False,467,439.3800254083186,6.286124310274229,-0.41317447062615553,23.76161155981244,60,280.2,11.838865514843198,175,-7.404760595341085
2268,uva,packing_C,T07,largo,28,G4,8.747678501716868,0.6895392354877108,0.9334956904146925,False,467,439.3800254083186,6.286124310274229,-0.41317447062615553,23.76161155981244,60,280.2,11.838865514843198,176,-7.225537346937199
2268,uva,packing_C,T07,largo,28,G4,8.747678501716868,0.6895392354877108,0.9334956904146925,False,467,439.3800254083186,6.286124310274229,-0.41317447062615553,23.76161155981244,60,280.2,11.838865514843198,177,-7.554246152983999
2268,uva,packing_C,T07,largo,28,G4,8.747678501716868,0.6895392354877108,0.9334956904146925,False,467,439.3800254083186,6.286124310274229,-0.41317447062615553,23.76161155981244,60,280.2,11.838865514843198,178,-7.383950567665156
2268,uva,packing_C,T07,largo,28,G4,8.747678501716868,0.6895392354877108,0.9334956904146925,False,467,439.3800254083186,6.286124310274229,-0.41317447062615553,23.76161155981244,60,280.2,11.838865514843198,179,-7.2673311546361115
2268,uva,packing_C,T07,largo,28,G4,8.747678501716868,0.6895392354877108,0.9334956904146925,False,467,439.3800254083186,6.286124310274229,-0.41317447062615553,23.76161155981244,60,280.2,11.838865514843198,180,-7.184445655371674
2268,uva,packing_C,T07,largo,28,G4,8.747678501716868,0.6895392354877108,0.9334956904146925,False,467,439.3800254083186,6.286124310274229,-0.41317447062615553,23.76161155981244,60,280.2,11.838865514843198,181,-7.147316889128529
2268,uva,packing_C,T07,largo,28,G4,8.747678501716868,0.6895392354877108,0.9334956904146925,False,467,439.3800254083186,6.286124310274229,-0.41317447062615553,23.76161155981244,60,280.2,11.838865514843198,182,-6.90983919723812
2268,uva,packing_C,T07,largo,28,G4,8.747678501716868,0.6895392354877108,0.9334956904146925,False,467,439.3800254083186,6.286124310274229,-0.41317447062615553,23.76161155981244,60,280.2,11.838865514843198,183,-7.106474397659415
2268,uva,packing_C,T07,largo,28,G4,8.747678501716868,0.6895392354877108,0.9334956904146925,False,467,439.3800254083186,6.286124310274229,-0.41317447062615553,23.76161155981244,60,280.2,11.838865514843198,184,-6.93031734310604
2268,uva,packing_C,T07,largo,28,G4,8.747678501716868,0.6895392354877108,0.9334956904146925,False,467,439.3800254083186,6.286124310274229,-0.41317447062615553,23.76161155981244,60,280.2,11.838865514843198,185,-6.84291888572905
2268,uva,packing_C,T07,largo,28,G4,8.747678501716868,0.6895392354877108,0.9334956904146925,False,467,439.3800254083186,6.286124310274229,-0.41317447062615553,23.76161155981244,60,280.2,11.838865514843198,186,-6.832903867136915
2268,uva,packing_C,T07,largo,28,G4,8.747678501716868,0.6895392354877108,0.9334956904146925,False,467,439.3800254083186,6.286124310274229,-0.41317447062615553,23.76161155981244,60,280.2,11.838865514843198,187,-6.694526034810267
2268,uva,packing_C,T07,largo,28,G4,8.747678501716868,0.6895392354877108,0.9334956904146925,False,467,439.3800254083186,6.286124310274229,-0.41317447062615553,23.76161155981244,60,280.2,11.838865514843198,188,-6.563098393710162
2268,uva,packing_C,T07,largo,28,G4,8.747678501716868,0.6895392354877108,0.9334956904146925,False,467,439.3800254083186,6.286124310274229,-0.41317447062615553,23.76161155981244,60,280.2,11.838865514843198,189,-6.7879589399806886
2268,uva,packing_C,T07,largo,28,G4,8.747678501716868,0.6895392354877108,0.9334956904146925,False,467,439.3800254083186,6.286124310274229,-0.41317447062615553,23.76161155981244,60,280.2,11.838865514843198,190,-6.824451739404323
2268,uva,packing_C,T07,largo,28,G4,8.747678501716868,0.6895392354877108,0.9334956904146925,False,467,439.3800254083186,6.286124310274229,-0.41317447062615553,23.76161155981244,60,280.2,11.838865514843198,191,-6.504565782734185
2268,uva,packing_C,T07,largo,28,G4,8.747678501716868,0.6895392354877108,0.9334956904146925,False,467,439.3800254083186,6.286124310274229,-0.41317447062615553,23.76161155981244,60,280.2,11.838865514843198,192,-6.39716470455437
2268,uva,packing_C,T07,largo,28,G4,8.747678501716868,0.6895392354877108,0.9334956904146925,False,467,439.3800254083186,6.286124310274229,-0.41317447062615553,23.76161155981244,60,280.2,11.838865514843198,193,-6.3743417132556015
2268,uva,packing_C,T07,largo,28,G4,8.747678501716868,0.6895392354877108,0.9334956904146925,False,467,439.3800254083186,6.286124310274229,-0.41317447062615553,23.76161155981244,60,280.2,11.838865514843198,194,-6.5719125805318255
2268,uva,packing_C,T07,largo,28,G4,8.747678501716868,0.6895392354877108,0.9334956904146925,False,467,439.3800254083186,6.286124310274229,-0.41317447062615553,23.76161155981244,60,280.2,11.838865514843198,195,-6.294425498831492
2268,uva,packing_C,T07,largo,28,G4,8.747678501716868,0.6895392354877108,0.9334956904146925,False,467,439.3800254083186,6.286124310274229,-0.41317447062615553,23.76161155981244,60,280.2,11.838865514843198,196,-6.291878066983784
2268,uva,packing_C,T07,largo,28,G4,8.747678501716868,0.6895392354877108,0.9334956904146925,False,467,439.3800254083186,6.286124310274229,-0.41317447062615553,23.76161155981244,60,280.2,11.838865514843198,197,-6.281867568354715
2268,uva,packing_C,T07,largo,28,G4,8.747678501716868,0.6895392354877108,0.9334956904146925,False,467,439.3800254083186,6.286124310274229,-0.41317447062615553,23.76161155981244,60,280.2,11.838865514843198,198,-6.1433526022211
2268,uva,packing_C,T07,largo,28,G4,8.747678501716868,0.6895392354877108,0.9334956904146925,False,467,439.3800254083186,6.286124310274229,-0.41317447062615553,23.76161155981244,60,280.2,11.838865514843198,199,-5.984049119564025
2268,uva,packing_C,T07,largo,28,G4,8.747678501716868,0.6895392354877108,0.9334956904146925,False,467,439.3800254083186,6.286124310274229,-0.41317447062615553,23.76161155981244,60,280.2,11.838865514843198,200,-6.045066908568706
2268,uva,packing_C,T07,largo,28,G4,8.747678501716868,0.6895392354877108,0.9334956904146925,False,467,439.3800254083186,6.286124310274229,-0.41317447062615553,23.76161155981244,60,280.2,11.838865514843198,201,-6.033308476508904
2268,uva,packing_C,T07,largo,28,G4,8.747678501716868,0.6895392354877108,0.9334956904146925,False,467,439.3800254083186,6.286124310274229,-0.41317447062615553,23.76161155981244,60,280.2,11.838865514843198,202,-6.128348982003963
2268,uva,packing_C,T07,largo,28,G4,8.747678501716868,0.6895392354877108,0.9334956904146925,False,467,439.3800254083186,6.286124310274229,-0.41317447062615553,23.76161155981244,60,280.2,11.838865514843198,203,-5.780435369817269
2268,uva,packing_C,T07,largo,28,G4,8.747678501716868,0.6895392354877108,0.9334956904146925,False,467,439.3800254083186,6.286124310274229,-0.41317447062615553,23.76161155981244,60,280.2,11.838865514843198,204,-5.830785297546816
2268,uva,packing_C,T07,largo,28,G4,8.747678501716868,0.6895392354877108,0.9334956904146925,False,467,439.3800254083186,6.286124310274229,-0.41317447062615553,23.76161155981244,60,280.2,11.838865514843198,205,-5.792663512386118
2268,uva,packing_C,T07,largo,28,G4,8.747678501716868,0.6895392354877108,0.9334956904146925,False,467,439.3800254083186,6.286124310274229,-0.41317447062615553,23.76161155981244,60,280.2,11.838865514843198,206,-5.860066304752697
2268,uva,packing_C,T07,largo,28,G4,8.747678501716868,0.6895392354877108,0.9334956904146925,False,467,439.3800254083186,6.286124310274229,-0.41317447062615553,23.76161155981244,60,280.2,11.838865514843198,207,-5.838081733372931
2268,uva,packing_C,T07,largo,28,G4,8.747678501716868,0.6895392354877108,0.9334956904146925,False,467,439.3800254083186,6.286124310274229,-0.41317447062615553,23.76161155981244,60,280.2,11.838865514843198,208,-5.323707217268627
2268,uva,packing_C,T07,largo,28,G4,8.747678501716868,0.6895392354877108,0.9334956904146925,False,467,439.3800254083186,6.286124310274229,-0.41317447062615553,23.76161155981244,60,280.2,11.838865514843198,209,-5.294306585415584
2268,uva,packing_C,T07,largo,28,G4,8.747678501716868,0.6895392354877108,0.9334956904146925,False,467,439.3800254083186,6.286124310274229,-0.41317447062615553,23.76161155981244,60,280.2,11.838865514843198,210,-5.329172480613903
2268,uva,packing_C,T07,largo,28,G4,8.747678501716868,0.6895392354877108,0.9334956904146925,False,467,439.3800254083186,6.286124310274229,-0.41317447062615553,23.76161155981244,60,280.2,11.838865514843198,211,-5.389691689084552
2268,uva,packing_C,T07,largo,28,G4,8.747678501716868,0.6895392354877108,0.9334956904146925,False,467,439.3800254083186,6.286124310274229,-0.41317447062615553,23.76161155981244,60,280.2,11.838865514843198,212,-5.199750413057524
2268,uva,packing_C,T07,largo,28,G4,8.747678501716868,0.6895392354877108,0.9334956904146925,False,467,439.3800254083186,6.286124310274229,-0.41317447062615553,23.76161155981244,60,280.2,11.838865514843198,213,-5.244310899963513
2268,uva,packing_C,T07,largo,28,G4,8.747678501716868,0.6895392354877108,0.9334956904146925,False,467,439.3800254083186,6.286124310274229,-0.41317447062615553,23.76161155981244,60,280.2,11.838865514843198,214,-5.146607163189674
2268,uva,packing_C,T07,largo,28,G4,8.747678501716868,0.6895392354877108,0.9334956904146925,False,467,439.3800254083186,6.286124310274229,-0.41317447062615553,23.76161155981244,60,280.2,11.838865514843198,215,-5.012014022770111
2268,uva,packing_C,T07,largo,28,G4,8.747678501716868,0.6895392354877108,0.9334956904146925,False,467,439.3800254083186,6.286124310274229,-0.41317447062615553,23.76161155981244,60,280.2,11.838865514843198,216,-5.075250195485809
2268,uva,packing_C,T07,largo,28,G4,8.747678501716868,0.6895392354877108,0.9334956904146925,False,467,439.3800254083186,6.286124310274229,-0.41317447062615553,23.76161155981244,60,280.2,11.838865514843198,217,-4.860944574923126
2268,uva,packing_C,T07,largo,28,G4,8.747678501716868,0.6895392354877108,0.9334956904146925,False,467,439.3800254083186,6.286124310274229,-0.41317447062615553,23.76161155981244,60,280.2,11.838865514843198,218,-4.980784121077656
2268,uva,packing_C,T07,largo,28,G4,8.747678501716868,0.6895392354877108,0.9334956904146925,False,467,439.3800254083186,6.286124310274229,-0.41317447062615553,23.76161155981244,60,280.2,11.838865514843198,219,-4.701383340283643
2268,uva,packing_C,T07,largo,28,G4,8.747678501716868,0.6895392354877108,0.9334956904146925,False,467,439.3800254083186,6.286124310274229,-0.41317447062615553,23.76161155981244,60,280.2,11.838865514843198,220,-4.590243337958341
2268,uva,packing_C,T07,largo,28,G4,8.747678501716868,0.6895392354877108,0.9334956904146925,False,467,439.3800254083186,6.286124310274229,-0.41317447062615553,23.76161155981244,60,280.2,11.838865514843198,221,-4.602680924751511
2268,uva,packing_C,T07,largo,28,G4,8.747678501716868,0.6895392354877108,0.9334956904146925,False,467,439.3800254083186,6.286124310274229,-0.41317447062615553,23.76161155981244,60,280.2,11.838865514843198,222,-4.295888904266319
2268,uva,packing_C,T07,largo,28,G4,8.747678501716868,0.6895392354877108,0.9334956904146925,False,467,439.3800254083186,6.286124310274229,-0.41317447062615553,23.76161155981244,60,280.2,11.838865514843198,223,-4.5381858739062535
2268,uva,packing_C,T07,largo,28,G4,8.747678501716868,0.6895392354877108,0.9334956904146925,False,467,439.3800254083186,6.286124310274229,-0.41317447062615553,23.76161155981244,60,280.2,11.838865514843198,224,-4.2909509356780156
2268,uva,packing_C,T07,largo,28,G4,8.747678501716868,0.6895392354877108,0.9334956904146925,False,467,439.3800254083186,6.286124310274229,-0.41317447062615553,23.76161155981244,60,280.2,11.838865514843198,225,-4.296603656859199
2268,uva,packing_C,T07,largo,28,G4,8.747678501716868,0.6895392354877108,0.9334956904146925,False,467,439.3800254083186,6.286124310274229,-0.41317447062615553,23.76161155981244,60,280.2,11.838865514843198,226,-4.0845953411010445
2268,uva,packing_C,T07,largo,28,G4,8.747678501716868,0.6895392354877108,0.9334956904146925,False,467,439.3800254083186,6.286124310274229,-0.41317447062615553,23.76161155981244,60,280.2,11.838865514843198,227,-4.154827022328197
2268,uva,packing_C,T07,largo,28,G4,8.747678501716868,0.6895392354877108,0.9334956904146925,False,467,439.3800254083186,6.286124310274229,-0.41317447062615553,23.76161155981244,60,280.2,11.838865514843198,228,-3.638682142587053
2268,uva,packing_C,T07,largo,28,G4,8.747678501716868,0.6895392354877108,0.9334956904146925,False,467,439.3800254083186,6.286124310274229,-0.41317447062615553,23.76161155981244,60,280.2,11.838865514843198,229,-3.9148751694653923
2268,uva,packing_C,T07,largo,28,G4,8.747678501716868,0.6895392354877108,0.9334956904146925,False,467,439.3800254083186,6.286124310274229,-0.41317447062615553,23.76161155981244,60,280.2,11.838865514843198,230,-4.042509641226414
2268,uva,packing_C,T07,largo,28,G4,8.747678501716868,0.6895392354877108,0.9334956904146925,False,467,439.3800254083186,6.286124310274229,-0.41317447062615553,23.76161155981244,60,280.2,11.838865514843198,231,-3.5665979716729272
2268,uva,packing_C,T07,largo,28,G4,8.747678501716868,0.6895392354877108,0.9334956904146925,False,467,439.3800254083186,6.286124310274229,-0.41317447062615553,23.76161155981244,60,280.2,11.838865514843198,232,-3.6227259164380103
2268,uva,packing_C,T07,largo,28,G4,8.747678501716868,0.6895392354877108,0.9334956904146925,False,467,439.3800254083186,6.286124310274229,-0.41317447062615553,23.76161155981244,60,280.2,11.838865514843198,233,-3.7592853711535916
2268,uva,packing_C,T07,largo,28,G4,8.747678501716868,0.6895392354877108,0.9334956904146925,False,467,439.3800254083186,6.286124310274229,-0.41317447062615553,23.76161155981244,60,280.2,11.838865514843198,234,-3.602019006834329
2268,uva,packing_C,T07,largo,28,G4,8.747678501716868,0.6895392354877108,0.9334956904146925,False,467,439.3800254083186,6.286124310274229,-0.41317447062615553,23.76161155981244,60,280.2,11.838865514843198,235,-3.346631362059448
2268,uva,packing_C,T07,largo,28,G4,8.747678501716868,0.6895392354877108,0.9334956904146925,False,467,439.3800254083186,6.286124310274229,-0.41317447062615553,23.76161155981244,60,280.2,11.838865514843198,236,-3.4391272548668494
2268,uva,packing_C,T07,largo,28,G4,8.747678501716868,0.6895392354877108,0.9334956904146925,False,467,439.3800254083186,6.286124310274229,-0.41317447062615553,23.76161155981244,60,280.2,11.838865514843198,237,-3.370586515884978
2268,uva,packing_C,T07,largo,28,G4,8.747678501716868,0.6895392354877108,0.9334956904146925,False,467,439.3800254083186,6.286124310274229,-0.41317447062615553,23.76161155981244,60,280.2,11.838865514843198,238,-3.3240301603452513
2268,uva,packing_C,T07,largo,28,G4,8.747678501716868,0.6895392354877108,0.9334956904146925,False,467,439.3800254083186,6.286124310274229,-0.41317447062615553,23.76161155981244,60,280.2,11.838865514843198,239,-3.1342857842817615
2268,uva,packing_C,T07,largo,28,G4,8.747678501716868,0.6895392354877108,0.9334956904146925,False,467,439.3800254083186,6.286124310274229,-0.41317447062615553,23.76161155981244,60,280.2,11.838865514843198,240,-3.043686071471684
2268,uva,packing_C,T07,largo,28,G4,8.747678501716868,0.6895392354877108,0.9334956904146925,False,467,439.3800254083186,6.286124310274229,-0.41317447062615553,23.76161155981244,60,280.2,11.838865514843198,241,-3.094763945602753
2268,uva,packing_C,T07,largo,28,G4,8.747678501716868,0.6895392354877108,0.9334956904146925,False,467,439.3800254083186,6.286124310274229,-0.41317447062615553,23.76161155981244,60,280.2,11.838865514843198,242,-2.8925911161923956
2268,uva,packing_C,T07,largo,28,G4,8.747678501716868,0.6895392354877108,0.9334956904146925,False,467,439.3800254083186,6.286124310274229,-0.41317447062615553,23.76161155981244,60,280.2,11.838865514843198,243,-2.9265678786455576
2268,uva,packing_C,T07,largo,28,G4,8.747678501716868,0.6895392354877108,0.9334956904146925,False,467,439.3800254083186,6.286124310274229,-0.41317447062615553,23.76161155981244,60,280.2,11.838865514843198,244,-3.000041944513565
2268,uva,packing_C,T07,largo,28,G4,8.747678501716868,0.6895392354877108,0.9334956904146925,False,467,439.3800254083186,6.286124310274229,-0.41317447062615553,23.76161155981244,60,280.2,11.838865514843198,245,-2.5663182515725556
2268,uva,packing_C,T07,largo,28,G4,8.747678501716868,0.6895392354877108,0.9334956904146925,False,467,439.3800254083186,6.286124310274229,-0.41317447062615553,23.76161155981244,60,280.2,11.838865514843198,246,-2.6662672459259023
2268,uva,packing_C,T07,largo,28,G4,8.747678501716868,0.6895392354877108,0.9334956904146925,False,467,439.3800254083186,6.286124310274229,-0.41317447062615553,23.76161155981244,60,280.2,11.838865514843198,247,-2.6257298624309358
2268,uva,packing_C,T07,largo,28,G4,8.747678501716868,0.6895392354877108,0.9334956904146925,False,467,439.3800254083186,6.286124310274229,-0.41317447062615553,23.76161155981244,60,280.2,11.838865514843198,248,-2.4014263564846723
2268,uva,packing_C,T07,largo,28,G4,8.747678501716868,0.6895392354877108,0.9334956904146925,False,467,439.3800254083186,6.286124310274229,-0.41317447062615553,23.76161155981244,60,280.2,11.838865514843198,249,-2.5485876195585804
2268,uva,packing_C,T07,largo,28,G4,8.747678501716868,0.6895392354877108,0.9334956904146925,False,467,439.3800254083186,6.286124310274229,-0.41317447062615553,23.76161155981244,60,280.2,11.838865514843198,250,-2.5280290577338933
2268,uva,packing_C,T07,largo,28,G4,8.747678501716868,0.6895392354877108,0.9334956904146925,False,467,439.3800254083186,6.286124310274229,-0.41317447062615553,23.76161155981244,60,280.2,11.838865514843198,251,-2.273538543320991
2268,uva,packing_C,T07,largo,28,G4,8.747678501716868,0.6895392354877108,0.9334956904146925,False,467,439.3800254083186,6.286124310274229,-0.41317447062615553,23.76161155981244,60,280.2,11.838865514843198,252,-2.202141241043855
2268,uva,packing_C,T07,largo,28,G4,8.747678501716868,0.6895392354877108,0.9334956904146925,False,467,439.3800254083186,6.286124310274229,-0.41317447062615553,23.76161155981244,60,280.2,11.838865514843198,253,-2.096014403994341
2268,uva,packing_C,T07,largo,28,G4,8.747678501716868,0.6895392354877108,0.9334956904146925,False,467,439.3800254083186,6.286124310274229,-0.41317447062615553,23.76161155981244,60,280.2,11.838865514843198,254,-2.163605275467232
2268,uva,packing_C,T07,largo,28,G4,8.747678501716868,0.6895392354877108,0.9334956904146925,False,467,439.3800254083186,6.286124310274229,-0.41317447062615553,23.76161155981244,60,280.2,11.838865514843198,255,-2.0143260661137132
2268,uva,packing_C,T07,largo,28,G4,8.747678501716868,0.6895392354877108,0.9334956904146925,False,467,439.3800254083186,6.286124310274229,-0.41317447062615553,23.76161155981244,60,280.2,11.838865514843198,256,-2.014253825420875
2268,uva,packing_C,T07,largo,28,G4,8.747678501716868,0.6895392354877108,0.9334956904146925,False,467,439.3800254083186,6.286124310274229,-0.41317447062615553,23.76161155981244,60,280.2,11.838865514843198,257,-2.0339784094482285
2268,uva,packing_C,T07,largo,28,G4,8.747678501716868,0.6895392354877108,0.9334956904146925,False,467,439.3800254083186,6.286124310274229,-0.41317447062615553,23.76161155981244,60,280.2,11.838865514843198,258,-1.7375688859585476
2268,uva,packing_C,T07,largo,28,G4,8.747678501716868,0.6895392354877108,0.9334956904146925,False,467,439.3800254083186,6.286124310274229,-0.41317447062615553,23.76161155981244,60,280.2,11.838865514843198,259,-1.7220874555469008
2268,uva,packing_C,T07,largo,28,G4,8.747678501716868,0.6895392354877108,0.9334956904146925,False,467,439.3800254083186,6.286124310274229,-0.41317447062615553,23.76161155981244,60,280.2,11.838865514843198,260,-1.588635829070321
2268,uva,packing_C,T07,largo,28,G4,8.747678501716868,0.6895392354877108,0.9334956904146925,False,467,439.3800254083186,6.286124310274229,-0.41317447062615553,23.76161155981244,60,280.2,11.838865514843198,261,-1.6395637659997222
2268,uva,packing_C,T07,largo,28,G4,8.747678501716868,0.6895392354877108,0.9334956904146925,False,467,439.3800254083186,6.286124310274229,-0.41317447062615553,23.76161155981244,60,280.2,11.838865514843198,262,-1.6773402819634788
2268,uva,packing_C,T07,largo,28,G4,8.747678501716868,0.6895392354877108,0.9334956904146925,False,467,439.3800254083186,6.286124310274229,-0.41317447062615553,23.76161155981244,60,280.2,11.838865514843198,263,-1.4483880651241425
2268,uva,packing_C,T07,largo,28,G4,8.747678501716868,0.6895392354877108,0.9334956904146925,False,467,439.3800254083186,6.286124310274229,-0.41317447062615553,23.76161155981244,60,280.2,11.838865514843198,264,-1.3999651557706474
2268,uva,packing_C,T07,largo,28,G4,8.747678501716868,0.6895392354877108,0.9334956904146925,False,467,439.3800254083186,6.286124310274229,-0.41317447062615553,23.76161155981244,60,280.2,11.838865514843198,265,-1.3165669767556523
2268,uva,packing_C,T07,largo,28,G4,8.747678501716868,0.6895392354877108,0.9334956904146925,False,467,439.3800254083186,6.286124310274229,-0.41317447062615553,23.76161155981244,60,280.2,11.838865514843198,266,-1.322918392534143
2268,uva,packing_C,T07,largo,28,G4,8.747678501716868,0.6895392354877108,0.9334956904146925,False,467,439.3800254083186,6.286124310274229,-0.41317447062615553,23.76161155981244,60,280.2,11.838865514843198,267,-1.0848249764732232
2268,uva,packing_C,T07,largo,28,G4,8.747678501716868,0.6895392354877108,0.9334956904146925,False,467,439.3800254083186,6.286124310274229,-0.41317447062615553,23.76161155981244,60,280.2,11.838865514843198,268,-1.2212408832801422
2268,uva,packing_C,T07,largo,28,G4,8.747678501716868,0.6895392354877108,0.9334956904146925,False,467,439.3800254083186,6.286124310274229,-0.41317447062615553,23.76161155981244,60,280.2,11.838865514843198,269,-1.0718430104218704
2268,uva,packing_C,T07,largo,28,G4,8.747678501716868,0.6895392354877108,0.9334956904146925,False,467,439.3800254083186,6.286124310274229,-0.41317447062615553,23.76161155981244,60,280.2,11.838865514843198,270,-0.9707468303120853
2268,uva,packing_C,T07,largo,28,G4,8.747678501716868,0.6895392354877108,0.9334956904146925,False,467,439.3800254083186,6.286124310274229,-0.41317447062615553,23.76161155981244,60,280.2,11.838865514843198,271,-1.1106220091389438
2268,uva,packing_C,T07,largo,28,G4,8.747678501716868,0.6895392354877108,0.9334956904146925,False,467,439.3800254083186,6.286124310274229,-0.41317447062615553,23.76161155981244,60,280.2,11.838865514843198,272,-1.0058951644371967
2268,uva,packing_C,T07,largo,28,G4,8.747678501716868,0.6895392354877108,0.9334956904146925,False,467,439.3800254083186,6.286124310274229,-0.41317447062615553,23.76161155981244,60,280.2,11.838865514843198,273,-0.9970785712649868
2268,uva,packing_C,T07,largo,28,G4,8.747678501716868,0.6895392354877108,0.9334956904146925,False,467,439.3800254083186,6.286124310274229,-0.41317447062615553,23.76161155981244,60,280.2,11.838865514843198,274,-0.7966748498208549
2268,uva,packing_C,T07,largo,28,G4,8.747678501716868,0.6895392354877108,0.9334956904146925,False,467,439.3800254083186,6.286124310274229,-0.41317447062615553,23.76161155981244,60,280.2,11.838865514843198,275,-0.7582077659156007
2268,uva,packing_C,T07,largo,28,G4,8.747678501716868,0.6895392354877108,0.9334956904146925,False,467,439.3800254083186,6.286124310274229,-0.41317447062615553,23.76161155981244,60,280.2,11.838865514843198,276,-0.587152161353953
2268,uva,packing_C,T07,largo,28,G4,8.747678501716868,0.6895392354877108,0.9334956904146925,False,467,439.3800254083186,6.286124310274229,-0.41317447062615553,23.76161155981244,60,280.2,11.838865514843198,277,-0.9317237475265365
2268,uva,packing_C,T07,largo,28,G4,8.747678501716868,0.6895392354877108,0.9334956904146925,False,467,439.3800254083186,6.286124310274229,-0.41317447062615553,23.76161155981244,60,280.2,11.838865514843198,278,-0.6367897089408738
2268,uva,packing_C,T07,largo,28,G4,8.747678501716868,0.6895392354877108,0.9334956904146925,False,467,439.3800254083186,6.286124310274229,-0.41317447062615553,23.76161155981244,60,280.2,11.838865514843198,279,-0.5754859302497519
2268,uva,packing_C,T07,largo,28,G4,8.747678501716868,0.6895392354877108,0.9334956904146925,False,467,439.3800254083186,6.286124310274229,-0.41317447062615553,23.76161155981244,60,280.2,11.838865514843198,280,-0.5183888981232153
2268,uva,packing_C,T07,largo,28,G4,8.747678501716868,0.6895392354877108,0.9334956904146925,False,467,439.3800254083186,6.286124310274229,-0.41317447062615553,23.76161155981244,60,280.2,11.838865514843198,281,0.07964774786393128
2268,uva,packing_C,T07,largo,28,G4,8.747678501716868,0.6895392354877108,0.9334956904146925,False,467,439.3800254083186,6.286124310274229,-0.41317447062615553,23.76161155981244,60,280.2,11.838865514843198,282,-0.1652532163643243
2268,uva,packing_C,T07,largo,28,G4,8.747678501716868,0.6895392354877108,0.9334956904146925,False,467,439.3800254083186,6.286124310274229,-0.41317447062615553,23.76161155981244,60,280.2,11.838865514843198,283,-0.41771869070404516
2268,uva,packing_C,T07,largo,28,G4,8.747678501716868,0.6895392354877108,0.9334956904146925,False,467,439.3800254083186,6.286124310274229,-0.41317447062615553,23.76161155981244,60,280.2,11.838865514843198,284,-0.16955419786130285
2268,uva,packing_C,T07,largo,28,G4,8.747678501716868,0.6895392354877108,0.9334956904146925,False,467,439.3800254083186,6.286124310274229,-0.41317447062615553,23.76161155981244,60,280.2,11.838865514843198,285,-0.4859233076178418
2268,uva,packing_C,T07,largo,28,G4,8.747678501716868,0.6895392354877108,0.9334956904146925,False,467,439.3800254083186,6.286124310274229,-0.41317447062615553,23.76161155981244,60,280.2,11.838865514843198,286,-0.3899107339181833
2268,uva,packing_C,T07,largo,28,G4,8.747678501716868,0.6895392354877108,0.9334956904146925,False,467,439.3800254083186,6.286124310274229,-0.41317447062615553,23.76161155981244,60,280.2,11.838865514843198,287,-0.679344384314611
2268,uva,packing_C,T07,largo,28,G4,8.747678501716868,0.6895392354877108,0.9334956904146925,False,467,439.3800254083186,6.286124310274229,-0.41317447062615553,23.76161155981244,60,280.2,11.838865514843198,288,-0.5712960812052399
2268,uva,packing_C,T07,largo,28,G4,8.747678501716868,0.6895392354877108,0.9334956904146925,False,467,439.3800254083186,6.286124310274229,-0.41317447062615553,23.76161155981244,60,280.2,11.838865514843198,289,-0.7549368926347467
2268,uva,packing_C,T07,largo,28,G4,8.747678501716868,0.6895392354877108,0.9334956904146925,False,467,439.3800254083186,6.286124310274229,-0.41317447062615553,23.76161155981244,60,280.2,11.838865514843198,290,-0.95244487297427
2268,uva,packing_C,T07,largo,28,G4,8.747678501716868,0.6895392354877108,0.9334956904146925,False,467,439.3800254083186,6.286124310274229,-0.41317447062615553,23.76161155981244,60,280.2,11.838865514843198,291,-0.9247431793964457
2268,uva,packing_C,T07,largo,28,G4,8.747678501716868,0.6895392354877108,0.9334956904146925,False,467,439.3800254083186,6.286124310274229,-0.41317447062615553,23.76161155981244,60,280.2,11.838865514843198,292,-1.1346701375988073
2268,uva,packing_C,T07,largo,28,G4,8.747678501716868,0.6895392354877108,0.9334956904146925,False,467,439.3800254083186,6.286124310274229,-0.41317447062615553,23.76161155981244,60,280.2,11.838865514843198,293,-0.9176622015824512
2268,uva,packing_C,T07,largo,28,G4,8.747678501716868,0.6895392354877108,0.9334956904146925,False,467,439.3800254083186,6.286124310274229,-0.41317447062615553,23.76161155981244,60,280.2,11.838865514843198,294,-0.9104435048813614
2268,uva,packing_C,T07,largo,28,G4,8.747678501716868,0.6895392354877108,0.9334956904146925,False,467,439.3800254083186,6.286124310274229,-0.41317447062615553,23.76161155981244,60,280.2,11.838865514843198,295,-0.783124614684886
2268,uva,packing_C,T07,largo,28,G4,8.747678501716868,0.6895392354877108,0.9334956904146925,False,467,439.3800254083186,6.286124310274229,-0.41317447062615553,23.76161155981244,60,280.2,11.838865514843198,296,-0.8792173876556538
2268,uva,packing_C,T07,largo,28,G4,8.747678501716868,0.6895392354877108,0.9334956904146925,False,467,439.3800254083186,6.286124310274229,-0.41317447062615553,23.76161155981244,60,280.2,11.838865514843198,297,-0.6817361748510928
2268,uva,packing_C,T07,largo,28,G4,8.747678501716868,0.6895392354877108,0.9334956904146925,False,467,439.3800254083186,6.286124310274229,-0.41317447062615553,23.76161155981244,60,280.2,11.838865514843198,298,-0.5508288619462239
2268,uva,packing_C,T07,largo,28,G4,8.747678501716868,0.6895392354877108,0.9334956904146925,False,467,439.3800254083186,6.286124310274229,-0.41317447062615553,23.76161155981244,60,280.2,11.838865514843198,299,-0.5272154010781325
2268,uva,packing_C,T07,largo,28,G4,8.747678501716868,0.6895392354877108,0.9334956904146925,False,467,439.3800254083186,6.286124310274229,-0.41317447062615553,23.76161155981244,60,280.2,11.838865514843198,300,-0.4548655924063754
2268,uva,packing_C,T07,largo,28,G4,8.747678501716868,0.6895392354877108,0.9334956904146925,False,467,439.3800254083186,6.286124310274229,-0.41317447062615553,23.76161155981244,60,280.2,11.838865514843198,301,-0.3014109725630851
2268,uva,packing_C,T07,largo,28,G4,8.747678501716868,0.6895392354877108,0.9334956904146925,False,467,439.3800254083186,6.286124310274229,-0.41317447062615553,23.76161155981244,60,280.2,11.838865514843198,302,-0.14932941726401477
2268,uva,packing_C,T07,largo,28,G4,8.747678501716868,0.6895392354877108,0.9334956904146925,False,467,439.3800254083186,6.286124310274229,-0.41317447062615553,23.76161155981244,60,280.2,11.838865514843198,303,-0.10809822236352494
2268,uva,packing_C,T07,largo,28,G4,8.747678501716868,0.6895392354877108,0.9334956904146925,False,467,439.3800254083186,6.286124310274229,-0.41317447062615553,23.76161155981244,60,280.2,11.838865514843198,304,-0.15094708852648075
2268,uva,packing_C,T07,largo,28,G4,8.747678501716868,0.6895392354877108,0.9334956904146925,False,467,439.3800254083186,6.286124310274229,-0.41317447062615553,23.76161155981244,60,280.2,11.838865514843198,305,-0.1189278391613124
2268,uva,packing_C,T07,largo,28,G4,8.747678501716868,0.6895392354877108,0.9334956904146925,False,467,439.3800254083186,6.286124310274229,-0.41317447062615553,23.76161155981244,60,280.2,11.838865514843198,306,-0.0033197956480660318
2268,uva,packing_C,T07,largo,28,G4,8.747678501716868,0.6895392354877108,0.9334956904146925,False,467,439.3800254083186,6.286124310274229,-0.41317447062615553,23.76161155981244,60,280.2,11.838865514843198,307,0.14694587740894335
2268,uva,packing_C,T07,largo,28,G4,8.747678501716868,0.6895392354877108,0.9334956904146925,False,467,439.3800254083186,6.286124310274229,-0.41317447062615553,23.76161155981244,60,280.2,11.838865514843198,308,0.03713262439836777
2268,uva,packing_C,T07,largo,28,G4,8.747678501716868,0.6895392354877108,0.9334956904146925,False,467,439.3800254083186,6.286124310274229,-0.41317447062615553,23.76161155981244,60,280.2,11.838865514843198,309,0.106617680621746
2268,uva,packing_C,T07,largo,28,G4,8.747678501716868,0.6895392354877108,0.9334956904146925,False,467,439.3800254083186,6.286124310274229,-0.41317447062615553,23.76161155981244,60,280.2,11.838865514843198,310,0.04581821631132831
2268,uva,packing_C,T07,largo,28,G4,8.747678501716868,0.6895392354877108,0.9334956904146925,False,467,439.3800254083186,6.286124310274229,-0.41317447062615553,23.76161155981244,60,280.2,11.838865514843198,311,-0.0851530970713131
2268,uva,packing_C,T07,largo,28,G4,8.747678501716868,0.6895392354877108,0.9334956904146925,False,467,439.3800254083186,6.286124310274229,-0.41317447062615553,23.76161155981244,60,280.2,11.838865514843198,312,-0.19825961751774054
2268,uva,packing_C,T07,largo,28,G4,8.747678501716868,0.6895392354877108,0.9334956904146925,False,467,439.3800254083186,6.286124310274229,-0.41317447062615553,23.76161155981244,60,280.2,11.838865514843198,313,-0.08376512044966025
2268,uva,packing_C,T07,largo,28,G4,8.747678501716868,0.6895392354877108,0.9334956904146925,False,467,439.3800254083186,6.286124310274229,-0.41317447062615553,23.76161155981244,60,280.2,11.838865514843198,314,-0.4492147752074837
2268,uva,packing_C,T07,largo,28,G4,8.747678501716868,0.6895392354877108,0.9334956904146925,False,467,439.3800254083186,6.286124310274229,-0.41317447062615553,23.76161155981244,60,280.2,11.838865514843198,315,-0.48247997512778373
2268,uva,packing_C,T07,largo,28,G4,8.747678501716868,0.6895392354877108,0.9334956904146925,False,467,439.3800254083186,6.286124310274229,-0.41317447062615553,23.76161155981244,60,280.2,11.838865514843198,316,-0.6886919511758425
2268,uva,packing_C,T07,largo,28,G4,8.747678501716868,0.6895392354877108,0.9334956904146925,False,467,439.3800254083186,6.286124310274229,-0.41317447062615553,23.76161155981244,60,280.2,11.838865514843198,317,-0.3484954263563826
2268,uva,packing_C,T07,largo,28,G4,8.747678501716868,0.6895392354877108,0.9334956904146925,False,467,439.3800254083186,6.286124310274229,-0.41317447062615553,23.76161155981244,60,280.2,11.838865514843198,318,-0.6261279970083897
2268,uva,packing_C,T07,largo,28,G4,8.747678501716868,0.6895392354877108,0.9334956904146925,False,467,439.3800254083186,6.286124310274229,-0.41317447062615553,23.76161155981244,60,280.2,11.838865514843198,319,-0.8639475286821023
2268,uva,packing_C,T07,largo,28,G4,8.747678501716868,0.6895392354877108,0.9334956904146925,False,467,439.3800254083186,6.286124310274229,-0.41317447062615553,23.76161155981244,60,280.2,11.838865514843198,320,-0.6631227966705115
2268,uva,packing_C,T07,largo,28,G4,8.747678501716868,0.6895392354877108,0.9334956904146925,False,467,439.3800254083186,6.286124310274229,-0.41317447062615553,23.76161155981244,60,280.2,11.838865514843198,321,-1.0741603677881106
2268,uva,packing_C,T07,largo,28,G4,8.747678501716868,0.6895392354877108,0.9334956904146925,False,467,439.3800254083186,6.286124310274229,-0.41317447062615553,23.76161155981244,60,280.2,11.838865514843198,322,-1.0700951263757454
2268,uva,packing_C,T07,largo,28,G4,8.747678501716868,0.6895392354877108,0.9334956904146925,False,467,439.3800254083186,6.286124310274229,-0.41317447062615553,23.76161155981244,60,280.2,11.838865514843198,323,-1.095839695034923
2268,uva,packing_C,T07,largo,28,G4,8.747678501716868,0.6895392354877108,0.9334956904146925,False,467,439.3800254083186,6.286124310274229,-0.41317447062615553,23.76161155981244,60,280.2,11.838865514843198,324,-0.7305278678775564
2268,uva,packing_C,T07,largo,28,G4,8.747678501716868,0.6895392354877108,0.9334956904146925,False,467,439.3800254083186,6.286124310274229,-0.41317447062615553,23.76161155981244,60,280.2,11.838865514843198,325,-0.8996070858881917
2268,uva,packing_C,T07,largo,28,G4,8.747678501716868,0.6895392354877108,0.9334956904146925,False,467,439.3800254083186,6.286124310274229,-0.41317447062615553,23.76161155981244,60,280.2,11.838865514843198,326,-0.8563870703704098
2268,uva,packing_C,T07,largo,28,G4,8.747678501716868,0.6895392354877108,0.9334956904146925,False,467,439.3800254083186,6.286124310274229,-0.41317447062615553,23.76161155981244,60,280.2,11.838865514843198,327,-0.7383877253153315
2268,uva,packing_C,T07,largo,28,G4,8.747678501716868,0.6895392354877108,0.9334956904146925,False,467,439.3800254083186,6.286124310274229,-0.41317447062615553,23.76161155981244,60,280.2,11.838865514843198,328,-0.6582491428940146
2268,uva,packing_C,T07,largo,28,G4,8.747678501716868,0.6895392354877108,0.9334956904146925,False,467,439.3800254083186,6.286124310274229,-0.41317447062615553,23.76161155981244,60,280.2,11.838865514843198,329,-0.5549495234911448
2268,uva,packing_C,T07,largo,28,G4,8.747678501716868,0.6895392354877108,0.9334956904146925,False,467,439.3800254083186,6.286124310274229,-0.41317447062615553,23.76161155981244,60,280.2,11.838865514843198,330,-0.5679955664776972
2268,uva,packing_C,T07,largo,28,G4,8.747678501716868,0.6895392354877108,0.9334956904146925,False,467,439.3800254083186,6.286124310274229,-0.41317447062615553,23.76161155981244,60,280.2,11.838865514843198,331,-0.30850089580692125
2268,uva,packing_C,T07,largo,28,G4,8.747678501716868,0.6895392354877108,0.9334956904146925,False,467,439.3800254083186,6.286124310274229,-0.41317447062615553,23.76161155981244,60,280.2,11.838865514843198,332,-0.2596886062340593
2268,uva,packing_C,T07,largo,28,G4,8.747678501716868,0.6895392354877108,0.9334956904146925,False,467,439.3800254083186,6.286124310274229,-0.41317447062615553,23.76161155981244,60,280.2,11.838865514843198,333,-0.0997907798128417
2268,uva,packing_C,T07,largo,28,G4,8.747678501716868,0.6895392354877108,0.9334956904146925,False,467,439.3800254083186,6.286124310274229,-0.41317447062615553,23.76161155981244,60,280.2,11.838865514843198,334,-0.01651485559101922
2268,uva,packing_C,T07,largo,28,G4,8.747678501716868,0.6895392354877108,0.9334956904146925,False,467,439.3800254083186,6.286124310274229,-0.41317447062615553,23.76161155981244,60,280.2,11.838865514843198,335,-0.01519096596585031
2268,uva,packing_C,T07,largo,28,G4,8.747678501716868,0.6895392354877108,0.9334956904146925,False,467,439.3800254083186,6.286124310274229,-0.41317447062615553,23.76161155981244,60,280.2,11.838865514843198,336,-0.1362582478640586
2268,uva,packing_C,T07,largo,28,G4,8.747678501716868,0.6895392354877108,0.9334956904146925,False,467,439.3800254083186,6.286124310274229,-0.41317447062615553,23.76161155981244,60,280.2,11.838865514843198,337,0.21573535772654262
2268,uva,packing_C,T07,largo,28,G4,8.747678501716868,0.6895392354877108,0.9334956904146925,False,467,439.3800254083186,6.286124310274229,-0.41317447062615553,23.76161155981244,60,280.2,11.838865514843198,338,-0.0426189535522192
2268,uva,packing_C,T07,largo,28,G4,8.747678501716868,0.6895392354877108,0.9334956904146925,False,467,439.3800254083186,6.286124310274229,-0.41317447062615553,23.76161155981244,60,280.2,11.838865514843198,339,-0.11819179420132908
2268,uva,packing_C,T07,largo,28,G4,8.747678501716868,0.6895392354877108,0.9334956904146925,False,467,439.3800254083186,6.286124310274229,-0.41317447062615553,23.76161155981244,60,280.2,11.838865514843198,340,0.06909578539204866
2268,uva,packing_C,T07,largo,28,G4,8.747678501716868,0.6895392354877108,0.9334956904146925,False,467,439.3800254083186,6.286124310274229,-0.41317447062615553,23.76161155981244,60,280.2,11.838865514843198,341,-0.0601431936135865
2268,uva,packing_C,T07,largo,28,G4,8.747678501716868,0.6895392354877108,0.9334956904146925,False,467,439.3800254083186,6.286124310274229,-0.41317447062615553,23.76161155981244,60,280.2,11.838865514843198,342,-0.0646330672489941
2268,uva,packing_C,T07,largo,28,G4,8.747678501716868,0.6895392354877108,0.9334956904146925,False,467,439.3800254083186,6.286124310274229,-0.41317447062615553,23.76161155981244,60,280.2,11.838865514843198,343,-0.26726616549604454
2268,uva,packing_C,T07,largo,28,G4,8.747678501716868,0.6895392354877108,0.9334956904146925,False,467,439.3800254083186,6.286124310274229,-0.41317447062615553,23.76161155981244,60,280.2,11.838865514843198,344,-0.35799983959175197
2268,uva,packing_C,T07,largo,28,G4,8.747678501716868,0.6895392354877108,0.9334956904146925,False,467,439.3800254083186,6.286124310274229,-0.41317447062615553,23.76161155981244,60,280.2,11.838865514843198,345,-0.4965375245469161
2268,uva,packing_C,T07,largo,28,G4,8.747678501716868,0.6895392354877108,0.9334956904146925,False,467,439.3800254083186,6.286124310274229,-0.41317447062615553,23.76161155981244,60,280.2,11.838865514843198,346,-0.5710668582568682
2268,uva,packing_C,T07,largo,28,G4,8.747678501716868,0.6895392354877108,0.9334956904146925,False,467,439.3800254083186,6.286124310274229,-0.41317447062615553,23.76161155981244,60,280.2,11.838865514843198,347,-0.6284396209650993
2268,uva,packing_C,T07,largo,28,G4,8.747678501716868,0.6895392354877108,0.9334956904146925,False,467,439.3800254083186,6.286124310274229,-0.41317447062615553,23.76161155981244,60,280.2,11.838865514843198,348,-0.8165058291001894
2268,uva,packing_C,T07,largo,28,G4,8.747678501716868,0.6895392354877108,0.9334956904146925,False,467,439.3800254083186,6.286124310274229,-0.41317447062615553,23.76161155981244,60,280.2,11.838865514843198,349,-0.8377401477689559
2268,uva,packing_C,T07,largo,28,G4,8.747678501716868,0.6895392354877108,0.9334956904146925,False,467,439.3800254083186,6.286124310274229,-0.41317447062615553,23.76161155981244,60,280.2,11.838865514843198,350,-0.802106982896307
2268,uva,packing_C,T07,largo,28,G4,8.747678501716868,0.6895392354877108,0.9334956904146925,False,467,439.3800254083186,6.286124310274229,-0.41317447062615553,23.76161155981244,60,280.2,11.838865514843198,351,-0.8834990793042099
2268,uva,packing_C,T07,largo,28,G4,8.747678501716868,0.6895392354877108,0.9334956904146925,False,467,439.3800254083186,6.286124310274229,-0.41317447062615553,23.76161155981244,60,280.2,11.838865514843198,352,-0.6631328345038003
2268,uva,packing_C,T07,largo,28,G4,8.747678501716868,0.6895392354877108,0.9334956904146925,False,467,439.3800254083186,6.286124310274229,-0.41317447062615553,23.76161155981244,60,280.2,11.838865514843198,353,-0.831461976945456
2268,uva,packing_C,T07,largo,28,G4,8.747678501716868,0.6895392354877108,0.9334956904146925,False,467,439.3800254083186,6.286124310274229,-0.41317447062615553,23.76161155981244,60,280.2,11.838865514843198,354,-1.0007807092491519
2268,uva,packing_C,T07,largo,28,G4,8.747678501716868,0.6895392354877108,0.9334956904146925,False,467,439.3800254083186,6.286124310274229,-0.41317447062615553,23.76161155981244,60,280.2,11.838865514843198,355,-0.8052983046924337
2268,uva,packing_C,T07,largo,28,G4,8.747678501716868,0.6895392354877108,0.9334956904146925,False,467,439.3800254083186,6.286124310274229,-0.41317447062615553,23.76161155981244,60,280.2,11.838865514843198,356,-0.6792402868294611
2268,uva,packing_C,T07,largo,28,G4,8.747678501716868,0.6895392354877108,0.9334956904146925,False,467,439.3800254083186,6.286124310274229,-0.41317447062615553,23.76161155981244,60,280.2,11.838865514843198,357,-0.7826593580567108
2268,uva,packing_C,T07,largo,28,G4,8.747678501716868,0.6895392354877108,0.9334956904146925,False,467,439.3800254083186,6.286124310274229,-0.41317447062615553,23.76161155981244,60,280.2,11.838865514843198,358,-0.7058575755789935
2268,uva,packing_C,T07,largo,28,G4,8.747678501716868,0.6895392354877108,0.9334956904146925,False,467,439.3800254083186,6.286124310274229,-0.41317447062615553,23.76161155981244,60,280.2,11.838865514843198,359,-0.5821899665205046
2268,uva,packing_C,T07,largo,28,G4,8.747678501716868,0.6895392354877108,0.9334956904146925,False,467,439.3800254083186,6.286124310274229,-0.41317447062615553,23.76161155981244,60,280.2,11.838865514843198,360,-0.33577432503036997
2268,uva,packing_C,T07,largo,28,G4,8.747678501716868,0.6895392354877108,0.9334956904146925,False,467,439.3800254083186,6.286124310274229,-0.41317447062615553,23.76161155981244,60,280.2,11.838865514843198,361,-0.4195437437353109
2268,uva,packing_C,T07,largo,28,G4,8.747678501716868,0.6895392354877108,0.9334956904146925,False,467,439.3800254083186,6.286124310274229,-0.41317447062615553,23.76161155981244,60,280.2,11.838865514843198,362,-0.11837904983413307
2268,uva,packing_C,T07,largo,28,G4,8.747678501716868,0.6895392354877108,0.9334956904146925,False,467,439.3800254083186,6.286124310274229,-0.41317447062615553,23.76161155981244,60,280.2,11.838865514843198,363,-0.049981217907470496
2268,uva,packing_C,T07,largo,28,G4,8.747678501716868,0.6895392354877108,0.9334956904146925,False,467,439.3800254083186,6.286124310274229,-0.41317447062615553,23.76161155981244,60,280.2,11.838865514843198,364,-0.14048714902643394
2268,uva,packing_C,T07,largo,28,G4,8.747678501716868,0.6895392354877108,0.9334956904146925,False,467,439.3800254083186,6.286124310274229,-0.41317447062615553,23.76161155981244,60,280.2,11.838865514843198,365,-0.04066970905433447
2268,uva,packing_C,T07,largo,28,G4,8.747678501716868,0.6895392354877108,0.9334956904146925,False,467,439.3800254083186,6.286124310274229,-0.41317447062615553,23.76161155981244,60,280.2,11.838865514843198,366,0.1425777294141921
2268,uva,packing_C,T07,largo,28,G4,8.747678501716868,0.6895392354877108,0.9334956904146925,False,467,439.3800254083186,6.286124310274229,-0.41317447062615553,23.76161155981244,60,280.2,11.838865514843198,367,0.10439640926976951
2268,uva,packing_C,T07,largo,28,G4,8.747678501716868,0.6895392354877108,0.9334956904146925,False,467,439.3800254083186,6.286124310274229,-0.41317447062615553,23.76161155981244,60,280.2,11.838865514843198,368,0.050307530829804104
2268,uva,packing_C,T07,largo,28,G4,8.747678501716868,0.6895392354877108,0.9334956904146925,False,467,439.3800254083186,6.286124310274229,-0.41317447062615553,23.76161155981244,60,280.2,11.838865514843198,369,0.08277216958795103
2268,uva,packing_C,T07,largo,28,G4,8.747678501716868,0.6895392354877108,0.9334956904146925,False,467,439.3800254083186,6.286124310274229,-0.41317447062615553,23.76161155981244,60,280.2,11.838865514843198,370,0.13744785071548468
2268,uva,packing_C,T07,largo,28,G4,8.747678501716868,0.6895392354877108,0.9334956904146925,False,467,439.3800254083186,6.286124310274229,-0.41317447062615553,23.76161155981244,60,280.2,11.838865514843198,371,0.12127459925439985
2268,uva,packing_C,T07,largo,28,G4,8.747678501716868,0.6895392354877108,0.9334956904146925,False,467,439.3800254083186,6.286124310274229,-0.41317447062615553,23.76161155981244,60,280.2,11.838865514843198,372,-0.09978821373021367
2268,uva,packing_C,T07,largo,28,G4,8.747678501716868,0.6895392354877108,0.9334956904146925,False,467,439.3800254083186,6.286124310274229,-0.41317447062615553,23.76161155981244,60,280.2,11.838865514843198,373,-0.1721101743134874
2268,uva,packing_C,T07,largo,28,G4,8.747678501716868,0.6895392354877108,0.9334956904146925,False,467,439.3800254083186,6.286124310274229,-0.41317447062615553,23.76161155981244,60,280.2,11.838865514843198,374,-0.3927096278917456
2268,uva,packing_C,T07,largo,28,G4,8.747678501716868,0.6895392354877108,0.9334956904146925,False,467,439.3800254083186,6.286124310274229,-0.41317447062615553,23.76161155981244,60,280.2,11.838865514843198,375,-0.415138066559156
2268,uva,packing_C,T07,largo,28,G4,8.747678501716868,0.6895392354877108,0.9334956904146925,False,467,439.3800254083186,6.286124310274229,-0.41317447062615553,23.76161155981244,60,280.2,11.838865514843198,376,-0.6172055718156264
2268,uva,packing_C,T07,largo,28,G4,8.747678501716868,0.6895392354877108,0.9334956904146925,False,467,439.3800254083186,6.286124310274229,-0.41317447062615553,23.76161155981244,60,280.2,11.838865514843198,377,-0.5783003780656899
2268,uva,packing_C,T07,largo,28,G4,8.747678501716868,0.6895392354877108,0.9334956904146925,False,467,439.3800254083186,6.286124310274229,-0.41317447062615553,23.76161155981244,60,280.2,11.838865514843198,378,-0.7576554833582274
2268,uva,packing_C,T07,largo,28,G4,8.747678501716868,0.6895392354877108,0.9334956904146925,False,467,439.3800254083186,6.286124310274229,-0.41317447062615553,23.76161155981244,60,280.2,11.838865514843198,379,-0.4649165414204604
2268,uva,packing_C,T07,largo,28,G4,8.747678501716868,0.6895392354877108,0.9334956904146925,False,467,439.3800254083186,6.286124310274229,-0.41317447062615553,23.76161155981244,60,280.2,11.838865514843198,380,-1.0406206112915377
2268,uva,packing_C,T07,largo,28,G4,8.747678501716868,0.6895392354877108,0.9334956904146925,False,467,439.3800254083186,6.286124310274229,-0.41317447062615553,23.76161155981244,60,280.2,11.838865514843198,381,-0.8272550085983439
2268,uva,packing_C,T07,largo,28,G4,8.747678501716868,0.6895392354877108,0.9334956904146925,False,467,439.3800254083186,6.286124310274229,-0.41317447062615553,23.76161155981244,60,280.2,11.838865514843198,382,-0.9500316709827483
2268,uva,packing_C,T07,largo,28,G4,8.747678501716868,0.6895392354877108,0.9334956904146925,False,467,439.3800254083186,6.286124310274229,-0.41317447062615553,23.76161155981244,60,280.2,11.838865514843198,383,-0.8316429934428853
2268,uva,packing_C,T07,largo,28,G4,8.747678501716868,0.6895392354877108,0.9334956904146925,False,467,439.3800254083186,6.286124310274229,-0.41317447062615553,23.76161155981244,60,280.2,11.838865514843198,384,-0.8327018035678363
2268,uva,packing_C,T07,largo,28,G4,8.747678501716868,0.6895392354877108,0.9334956904146925,False,467,439.3800254083186,6.286124310274229,-0.41317447062615553,23.76161155981244,60,280.2,11.838865514843198,385,-0.7514416873649483
2268,uva,packing_C,T07,largo,28,G4,8.747678501716868,0.6895392354877108,0.9334956904146925,False,467,439.3800254083186,6.286124310274229,-0.41317447062615553,23.76161155981244,60,280.2,11.838865514843198,386,-0.814902096570096
2268,uva,packing_C,T07,largo,28,G4,8.747678501716868,0.6895392354877108,0.9334956904146925,False,467,439.3800254083186,6.286124310274229,-0.41317447062615553,23.76161155981244,60,280.2,11.838865514843198,387,-0.8486816671894275
2268,uva,packing_C,T07,largo,28,G4,8.747678501716868,0.6895392354877108,0.9334956904146925,False,467,439.3800254083186,6.286124310274229,-0.41317447062615553,23.76161155981244,60,280.2,11.838865514843198,388,-0.7399318651356361
2268,uva,packing_C,T07,largo,28,G4,8.747678501716868,0.6895392354877108,0.9334956904146925,False,467,439.3800254083186,6.286124310274229,-0.41317447062615553,23.76161155981244,60,280.2,11.838865514843198,389,-0.5348779748060477
2268,uva,packing_C,T07,largo,28,G4,8.747678501716868,0.6895392354877108,0.9334956904146925,False,467,439.3800254083186,6.286124310274229,-0.41317447062615553,23.76161155981244,60,280.2,11.838865514843198,390,-0.3657213127711005
2268,uva,packing_C,T07,largo,28,G4,8.747678501716868,0.6895392354877108,0.9334956904146925,False,467,439.3800254083186,6.286124310274229,-0.41317447062615553,23.76161155981244,60,280.2,11.838865514843198,391,-0.3916832413655083
2268,uva,packing_C,T07,largo,28,G4,8.747678501716868,0.6895392354877108,0.9334956904146925,False,467,439.3800254083186,6.286124310274229,-0.41317447062615553,23.76161155981244,60,280.2,11.838865514843198,392,-0.10304290337717276
2268,uva,packing_C,T07,largo,28,G4,8.747678501716868,0.6895392354877108,0.9334956904146925,False,467,439.3800254083186,6.286124310274229,-0.41317447062615553,23.76161155981244,60,280.2,11.838865514843198,393,-0.1900515497300275
2268,uva,packing_C,T07,largo,28,G4,8.747678501716868,0.6895392354877108,0.9334956904146925,False,467,439.3800254083186,6.286124310274229,-0.41317447062615553,23.76161155981244,60,280.2,11.838865514843198,394,-0.02007902616173632
2268,uva,packing_C,T07,largo,28,G4,8.747678501716868,0.6895392354877108,0.9334956904146925,False,467,439.3800254083186,6.286124310274229,-0.41317447062615553,23.76161155981244,60,280.2,11.838865514843198,395,0.007636215537155992
2268,uva,packing_C,T07,largo,28,G4,8.747678501716868,0.6895392354877108,0.9334956904146925,False,467,439.3800254083186,6.286124310274229,-0.41317447062615553,23.76161155981244,60,280.2,11.838865514843198,396,0.143781466260043
2268,uva,packing_C,T07,largo,28,G4,8.747678501716868,0.6895392354877108,0.9334956904146925,False,467,439.3800254083186,6.286124310274229,-0.41317447062615553,23.76161155981244,60,280.2,11.838865514843198,397,-0.03545380036025006
2268,uva,packing_C,T07,largo,28,G4,8.747678501716868,0.6895392354877108,0.9334956904146925,False,467,439.3800254083186,6.286124310274229,-0.41317447062615553,23.76161155981244,60,280.2,11.838865514843198,398,0.0949912571834656
2268,uva,packing_C,T07,largo,28,G4,8.747678501716868,0.6895392354877108,0.9334956904146925,False,467,439.3800254083186,6.286124310274229,-0.41317447062615553,23.76161155981244,60,280.2,11.838865514843198,399,-0.08833596363863708
2268,uva,packing_C,T07,largo,28,G4,8.747678501716868,0.6895392354877108,0.9334956904146925,False,467,439.3800254083186,6.286124310274229,-0.41317447062615553,23.76161155981244,60,280.2,11.838865514843198,400,0.023143689657435223
2268,uva,packing_C,T07,largo,28,G4,8.747678501716868,0.6895392354877108,0.9334956904146925,False,467,439.3800254083186,6.286124310274229,-0.41317447062615553,23.76161155981244,60,280.2,11.838865514843198,401,0.11511160385863053
2268,uva,packing_C,T07,largo,28,G4,8.747678501716868,0.6895392354877108,0.9334956904146925,False,467,439.3800254083186,6.286124310274229,-0.41317447062615553,23.76161155981244,60,280.2,11.838865514843198,402,-0.10857100339086066
2268,uva,packing_C,T07,largo,28,G4,8.747678501716868,0.6895392354877108,0.9334956904146925,False,467,439.3800254083186,6.286124310274229,-0.41317447062615553,23.76161155981244,60,280.2,11.838865514843198,403,-0.34163125651922677
2268,uva,packing_C,T07,largo,28,G4,8.747678501716868,0.6895392354877108,0.9334956904146925,False,467,439.3800254083186,6.286124310274229,-0.41317447062615553,23.76161155981244,60,280.2,11.838865514843198,404,-0.31062578077918546
2268,uva,packing_C,T07,largo,28,G4,8.747678501716868,0.6895392354877108,0.9334956904146925,False,467,439.3800254083186,6.286124310274229,-0.41317447062615553,23.76161155981244,60,280.2,11.838865514843198,405,-0.48760695289467865
2268,uva,packing_C,T07,largo,28,G4,8.747678501716868,0.6895392354877108,0.9334956904146925,False,467,439.3800254083186,6.286124310274229,-0.41317447062615553,23.76161155981244,60,280.2,11.838865514843198,406,-0.4710955648322148
2268,uva,packing_C,T07,largo,28,G4,8.747678501716868,0.6895392354877108,0.9334956904146925,False,467,439.3800254083186,6.286124310274229,-0.41317447062615553,23.76161155981244,60,280.2,11.838865514843198,407,-0.7239178206841135
2268,uva,packing_C,T07,largo,28,G4,8.747678501716868,0.6895392354877108,0.9334956904146925,False,467,439.3800254083186,6.286124310274229,-0.41317447062615553,23.76161155981244,60,280.2,11.838865514843198,408,-0.7498328755338616
2268,uva,packing_C,T07,largo,28,G4,8.747678501716868,0.6895392354877108,0.9334956904146925,False,467,439.3800254083186,6.286124310274229,-0.41317447062615553,23.76161155981244,60,280.2,11.838865514843198,409,-0.7811109685659855
2268,uva,packing_C,T07,largo,28,G4,8.747678501716868,0.6895392354877108,0.9334956904146925,False,467,439.3800254083186,6.286124310274229,-0.41317447062615553,23.76161155981244,60,280.2,11.838865514843198,410,-0.8444318723492859
2268,uva,packing_C,T07,largo,28,G4,8.747678501716868,0.6895392354877108,0.9334956904146925,False,467,439.3800254083186,6.286124310274229,-0.41317447062615553,23.76161155981244,60,280.2,11.838865514843198,411,-0.6865163772696539
2268,uva,packing_C,T07,largo,28,G4,8.747678501716868,0.6895392354877108,0.9334956904146925,False,467,439.3800254083186,6.286124310274229,-0.41317447062615553,23.76161155981244,60,280.2,11.838865514843198,412,-1.010834315274934
2268,uva,packing_C,T07,largo,28,G4,8.747678501716868,0.6895392354877108,0.9334956904146925,False,467,439.3800254083186,6.286124310274229,-0.41317447062615553,23.76161155981244,60,280.2,11.838865514843198,413,-0.7770533952146832
2268,uva,packing_C,T07,largo,28,G4,8.747678501716868,0.6895392354877108,0.9334956904146925,False,467,439.3800254083186,6.286124310274229,-0.41317447062615553,23.76161155981244,60,280.2,11.838865514843198,414,-0.77544103725034
2268,uva,packing_C,T07,largo,28,G4,8.747678501716868,0.6895392354877108,0.9334956904146925,False,467,439.3800254083186,6.286124310274229,-0.41317447062615553,23.76161155981244,60,280.2,11.838865514843198,415,-0.7989985344446837
2268,uva,packing_C,T07,largo,28,G4,8.747678501716868,0.6895392354877108,0.9334956904146925,False,467,439.3800254083186,6.286124310274229,-0.41317447062615553,23.76161155981244,60,280.2,11.838865514843198,416,-0.6716768916056377
2268,uva,packing_C,T07,largo,28,G4,8.747678501716868,0.6895392354877108,0.9334956904146925,False,467,439.3800254083186,6.286124310274229,-0.41317447062615553,23.76161155981244,60,280.2,11.838865514843198,417,-0.7573191637431137
2268,uva,packing_C,T07,largo,28,G4,8.747678501716868,0.6895392354877108,0.9334956904146925,False,467,439.3800254083186,6.286124310274229,-0.41317447062615553,23.76161155981244,60,280.2,11.838865514843198,418,-0.647690996038969
2268,uva,packing_C,T07,largo,28,G4,8.747678501716868,0.6895392354877108,0.9334956904146925,False,467,439.3800254083186,6.286124310274229,-0.41317447062615553,23.76161155981244,60,280.2,11.838865514843198,419,-0.5427719597785664
2268,uva,packing_C,T07,largo,28,G4,8.747678501716868,0.6895392354877108,0.9334956904146925,False,467,439.3800254083186,6.286124310274229,-0.41317447062615553,23.76161155981244,60,280.2,11.838865514843198,420,-0.38585735171316693
2268,uva,packing_C,T07,largo,28,G4,8.747678501716868,0.6895392354877108,0.9334956904146925,False,467,439.3800254083186,6.286124310274229,-0.41317447062615553,23.76161155981244,60,280.2,11.838865514843198,421,-0.3613952623772154
2268,uva,packing_C,T07,largo,28,G4,8.747678501716868,0.6895392354877108,0.9334956904146925,False,467,439.3800254083186,6.286124310274229,-0.41317447062615553,23.76161155981244,60,280.2,11.838865514843198,422,-0.12603275951052784
2268,uva,packing_C,T07,largo,28,G4,8.747678501716868,0.6895392354877108,0.9334956904146925,False,467,439.3800254083186,6.286124310274229,-0.41317447062615553,23.76161155981244,60,280.2,11.838865514843198,423,-0.2203098982208837
2268,uva,packing_C,T07,largo,28,G4,8.747678501716868,0.6895392354877108,0.9334956904146925,False,467,439.3800254083186,6.286124310274229,-0.41317447062615553,23.76161155981244,60,280.2,11.838865514843198,424,-0.005225575155154039
2268,uva,packing_C,T07,largo,28,G4,8.747678501716868,0.6895392354877108,0.9334956904146925,False,467,439.3800254083186,6.286124310274229,-0.41317447062615553,23.76161155981244,60,280.2,11.838865514843198,425,-0.12848175671148454
2268,uva,packing_C,T07,largo,28,G4,8.747678501716868,0.6895392354877108,0.9334956904146925,False,467,439.3800254083186,6.286124310274229,-0.41317447062615553,23.76161155981244,60,280.2,11.838865514843198,426,-0.18604748347133535
2268,uva,packing_C,T07,largo,28,G4,8.747678501716868,0.6895392354877108,0.9334956904146925,False,467,439.3800254083186,6.286124310274229,-0.41317447062615553,23.76161155981244,60,280.2,11.838865514843198,427,0.10989056035444913
2268,uva,packing_C,T07,largo,28,G4,8.747678501716868,0.6895392354877108,0.9334956904146925,False,467,439.3800254083186,6.286124310274229,-0.41317447062615553,23.76161155981244,60,280.2,11.838865514843198,428,0.12365181962919927
2268,uva,packing_C,T07,largo,28,G4,8.747678501716868,0.6895392354877108,0.9334956904146925,False,467,439.3800254083186,6.286124310274229,-0.41317447062615553,23.76161155981244,60,280.2,11.838865514843198,429,-0.044337170177722915
2268,uva,packing_C,T07,largo,28,G4,8.747678501716868,0.6895392354877108,0.9334956904146925,False,467,439.3800254083186,6.286124310274229,-0.41317447062615553,23.76161155981244,60,280.2,11.838865514843198,430,0.2325050672062285
2268,uva,packing_C,T07,largo,28,G4,8.747678501716868,0.6895392354877108,0.9334956904146925,False,467,439.3800254083186,6.286124310274229,-0.41317447062615553,23.76161155981244,60,280.2,11.838865514843198,431,0.010313324984409358
2268,uva,packing_C,T07,largo,28,G4,8.747678501716868,0.6895392354877108,0.9334956904146925,False,467,439.3800254083186,6.286124310274229,-0.41317447062615553,23.76161155981244,60,280.2,11.838865514843198,432,-0.09334027319216195
2268,uva,packing_C,T07,largo,28,G4,8.747678501716868,0.6895392354877108,0.9334956904146925,False,467,439.3800254083186,6.286124310274229,-0.41317447062615553,23.76161155981244,60,280.2,11.838865514843198,433,-0.20350413730631367
2268,uva,packing_C,T07,largo,28,G4,8.747678501716868,0.6895392354877108,0.9334956904146925,False,467,439.3800254083186,6.286124310274229,-0.41317447062615553,23.76161155981244,60,280.2,11.838865514843198,434,-0.11272933870809915
2268,uva,packing_C,T07,largo,28,G4,8.747678501716868,0.6895392354877108,0.9334956904146925,False,467,439.3800254083186,6.286124310274229,-0.41317447062615553,23.76161155981244,60,280.2,11.838865514843198,435,-0.5445727299629864
2268,uva,packing_C,T07,largo,28,G4,8.747678501716868,0.6895392354877108,0.9334956904146925,False,467,439.3800254083186,6.286124310274229,-0.41317447062615553,23.76161155981244,60,280.2,11.838865514843198,436,-0.4281613153647733
2268,uva,packing_C,T07,largo,28,G4,8.747678501716868,0.6895392354877108,0.9334956904146925,False,467,439.3800254083186,6.286124310274229,-0.41317447062615553,23.76161155981244,60,280.2,11.838865514843198,437,-0.692015613176848
2268,uva,packing_C,T07,largo,28,G4,8.747678501716868,0.6895392354877108,0.9334956904146925,False,467,439.3800254083186,6.286124310274229,-0.41317447062615553,23.76161155981244,60,280.2,11.838865514843198,438,-0.6386905420895824
2268,uva,packing_C,T07,largo,28,G4,8.747678501716868,0.6895392354877108,0.9334956904146925,False,467,439.3800254083186,6.286124310274229,-0.41317447062615553,23.76161155981244,60,280.2,11.838865514843198,439,-0.7511820824020776
2268,uva,packing_C,T07,largo,28,G4,8.747678501716868,0.6895392354877108,0.9334956904146925,False,467,439.3800254083186,6.286124310274229,-0.41317447062615553,23.76161155981244,60,280.2,11.838865514843198,440,-0.7100860047304071
2268,uva,packing_C,T07,largo,28,G4,8.747678501716868,0.6895392354877108,0.9334956904146925,False,467,439.3800254083186,6.286124310274229,-0.41317447062615553,23.76161155981244,60,280.2,11.838865514843198,441,-0.9563582005108568
2268,uva,packing_C,T07,largo,28,G4,8.747678501716868,0.6895392354877108,0.9334956904146925,False,467,439.3800254083186,6.286124310274229,-0.41317447062615553,23.76161155981244,60,280.2,11.838865514843198,442,-0.8034038325579378
2268,uva,packing_C,T07,largo,28,G4,8.747678501716868,0.6895392354877108,0.9334956904146925,False,467,439.3800254083186,6.286124310274229,-0.41317447062615553,23.76161155981244,60,280.2,11.838865514843198,443,-1.0276401543325768
2268,uva,packing_C,T07,largo,28,G4,8.747678501716868,0.6895392354877108,0.9334956904146925,False,467,439.3800254083186,6.286124310274229,-0.41317447062615553,23.76161155981244,60,280.2,11.838865514843198,444,-0.9127726642264784
2268,uva,packing_C,T07,largo,28,G4,8.747678501716868,0.6895392354877108,0.9334956904146925,False,467,439.3800254083186,6.286124310274229,-0.41317447062615553,23.76161155981244,60,280.2,11.838865514843198,445,-0.8048289647992309
2268,uva,packing_C,T07,largo,28,G4,8.747678501716868,0.6895392354877108,0.9334956904146925,False,467,439.3800254083186,6.286124310274229,-0.41317447062615553,23.76161155981244,60,280.2,11.838865514843198,446,-0.5939010602350313
2268,uva,packing_C,T07,largo,28,G4,8.747678501716868,0.6895392354877108,0.9334956904146925,False,467,439.3800254083186,6.286124310274229,-0.41317447062615553,23.76161155981244,60,280.2,11.838865514843198,447,-0.5333121084599202
2268,uva,packing_C,T07,largo,28,G4,8.747678501716868,0.6895392354877108,0.9334956904146925,False,467,439.3800254083186,6.286124310274229,-0.41317447062615553,23.76161155981244,60,280.2,11.838865514843198,448,-0.677074598227969
2268,uva,packing_C,T07,largo,28,G4,8.747678501716868,0.6895392354877108,0.9334956904146925,False,467,439.3800254083186,6.286124310274229,-0.41317447062615553,23.76161155981244,60,280.2,11.838865514843198,449,-0.41281601360366055
2268,uva,packing_C,T07,largo,28,G4,8.747678501716868,0.6895392354877108,0.9334956904146925,False,467,439.3800254083186,6.286124310274229,-0.41317447062615553,23.76161155981244,60,280.2,11.838865514843198,450,-0.4512199300032803
2268,uva,packing_C,T07,largo,28,G4,8.747678501716868,0.6895392354877108,0.9334956904146925,False,467,439.3800254083186,6.286124310274229,-0.41317447062615553,23.76161155981244,60,280.2,11.838865514843198,451,-0.2625002243003601
2268,uva,packing_C,T07,largo,28,G4,8.747678501716868,0.6895392354877108,0.9334956904146925,False,467,439.3800254083186,6.286124310274229,-0.41317447062615553,23.76161155981244,60,280.2,11.838865514843198,452,-0.27355310338187444
2268,uva,packing_C,T07,largo,28,G4,8.747678501716868,0.6895392354877108,0.9334956904146925,False,467,439.3800254083186,6.286124310274229,-0.41317447062615553,23.76161155981244,60,280.2,11.838865514843198,453,-0.03401305206960642
2268,uva,packing_C,T07,largo,28,G4,8.747678501716868,0.6895392354877108,0.9334956904146925,False,467,439.3800254083186,6.286124310274229,-0.41317447062615553,23.76161155981244,60,280.2,11.838865514843198,454,-0.04398973316937558
2268,uva,packing_C,T07,largo,28,G4,8.747678501716868,0.6895392354877108,0.9334956904146925,False,467,439.3800254083186,6.286124310274229,-0.41317447062615553,23.76161155981244,60,280.2,11.838865514843198,455,0.02155496077146718
2268,uva,packing_C,T07,largo,28,G4,8.747678501716868,0.6895392354877108,0.9334956904146925,False,467,439.3800254083186,6.286124310274229,-0.41317447062615553,23.76161155981244,60,280.2,11.838865514843198,456,-0.06071572825523787
2268,uva,packing_C,T07,largo,28,G4,8.747678501716868,0.6895392354877108,0.9334956904146925,False,467,439.3800254083186,6.286124310274229,-0.41317447062615553,23.76161155981244,60,280.2,11.838865514843198,457,-0.050608898635934374
2268,uva,packing_C,T07,largo,28,G4,8.747678501716868,0.6895392354877108,0.9334956904146925,False,467,439.3800254083186,6.286124310274229,-0.41317447062615553,23.76161155981244,60,280.2,11.838865514843198,458,-0.039837684617849756
2268,uva,packing_C,T07,largo,28,G4,8.747678501716868,0.6895392354877108,0.9334956904146925,False,467,439.3800254083186,6.286124310274229,-0.41317447062615553,23.76161155981244,60,280.2,11.838865514843198,459,0.013400836481039728
2268,uva,packing_C,T07,largo,28,G4,8.747678501716868,0.6895392354877108,0.9334956904146925,False,467,439.3800254083186,6.286124310274229,-0.41317447062615553,23.76161155981244,60,280.2,11.838865514843198,460,-0.1897303623837334
2268,uva,packing_C,T07,largo,28,G4,8.747678501716868,0.6895392354877108,0.9334956904146925,False,467,439.3800254083186,6.286124310274229,-0.41317447062615553,23.76161155981244,60,280.2,11.838865514843198,461,-0.05935802075877042
2268,uva,packing_C,T07,largo,28,G4,8.747678501716868,0.6895392354877108,0.9334956904146925,False,467,439.3800254083186,6.286124310274229,-0.41317447062615553,23.76161155981244,60,280.2,11.838865514843198,462,-0.11421353993162187
2268,uva,packing_C,T07,largo,28,G4,8.747678501716868,0.6895392354877108,0.9334956904146925,False,467,439.3800254083186,6.286124310274229,-0.41317447062615553,23.76161155981244,60,280.2,11.838865514843198,463,-0.2712111704156801
2268,uva,packing_C,T07,largo,28,G4,8.747678501716868,0.6895392354877108,0.9334956904146925,False,467,439.3800254083186,6.286124310274229,-0.41317447062615553,23.76161155981244,60,280.2,11.838865514843198,464,-0.5219951865120498
2268,uva,packing_C,T07,largo,28,G4,8.747678501716868,0.6895392354877108,0.9334956904146925,False,467,439.3800254083186,6.286124310274229,-0.41317447062615553,23.76161155981244,60,280.2,11.838865514843198,465,-0.4852626269023701
2268,uva,packing_C,T07,largo,28,G4,8.747678501716868,0.6895392354877108,0.9334956904146925,False,467,439.3800254083186,6.286124310274229,-0.41317447062615553,23.76161155981244,60,280.2,11.838865514843198,466,-0.6353469899748324
