proceso_id,epoca,packing,tunel,tipo_tunel,iteracion,mass_group,masa_ton,ocupabilidad,caudal_factor,anomalia_duracion,duracion_min,duracion_esperada_min,delta_duracion_pct,setpoint,T0,pct_transitorio,t_trans_min,overshoot_pct,tiempo_min,temperatura
2300,uva,packing_C,T08,largo,20,G2,4.2876741302331025,0.6712553259304718,1.04510360092469,True,639,306.0230660779901,108.80778961843045,-0.4259571617443574,24.903574711900863,60,383.4,8.405835670025306,0,24.878429537421333
2300,uva,packing_C,T08,largo,20,G2,4.2876741302331025,0.6712553259304718,1.04510360092469,True,639,306.0230660779901,108.80778961843045,-0.4259571617443574,24.903574711900863,60,383.4,8.405835670025306,1,24.692995246503965
2300,uva,packing_C,T08,largo,20,G2,4.2876741302331025,0.6712553259304718,1.04510360092469,True,639,306.0230660779901,108.80778961843045,-0.4259571617443574,24.903574711900863,60,383.4,8.405835670025306,2,24.56665893165075
2300,uva,packing_C,T08,largo,20,G2,4.2876741302331025,0.6712553259304718,1.04510360092469,True,639,306.0230660779901,108.80778961843045,-0.4259571617443574,24.903574711900863,60,383.4,8.405835670025306,3,24.452118207661066
2300,uva,packing_C,T08,largo,20,G2,4.2876741302331025,0.6712553259304718,1.04510360092469,True,639,306.0230660779901,108.80778961843045,-0.4259571617443574,24.903574711900863,60,383.4,8.405835670025306,4,24.12454459739958
2300,uva,packing_C,T08,largo,20,G2,4.2876741302331025,0.6712553259304718,1.04510360092469,True,639,306.0230660779901,108.80778961843045,-0.4259571617443574,24.903574711900863,60,383.4,8.405835670025306,5,24.19263080808485
2300,uva,packing_C,T08,largo,20,G2,4.2876741302331025,0.6712553259304718,1.04510360092469,True,639,306.0230660779901,108.80778961843045,-0.4259571617443574,24.903574711900863,60,383.4,8.405835670025306,6,23.81506020560828
2300,uva,packing_C,T08,largo,20,G2,4.2876741302331025,0.6712553259304718,1.04510360092469,True,639,306.0230660779901,108.80778961843045,-0.4259571617443574,24.903574711900863,60,383.4,8.405835670025306,7,23.729661341273747
2300,uva,packing_C,T08,largo,20,G2,4.2876741302331025,0.6712553259304718,1.04510360092469,True,639,306.0230660779901,108.80778961843045,-0.4259571617443574,24.903574711900863,60,383.4,8.405835670025306,8,23.502844853666172
2300,uva,packing_C,T08,largo,20,G2,4.2876741302331025,0.6712553259304718,1.04510360092469,True,639,306.0230660779901,108.80778961843045,-0.4259571617443574,24.903574711900863,60,383.4,8.405835670025306,9,23.559897952729163
2300,uva,packing_C,T08,largo,20,G2,4.2876741302331025,0.6712553259304718,1.04510360092469,True,639,306.0230660779901,108.80778961843045,-0.4259571617443574,24.903574711900863,60,383.4,8.405835670025306,10,23.31808654487835
2300,uva,packing_C,T08,largo,20,G2,4.2876741302331025,0.6712553259304718,1.04510360092469,True,639,306.0230660779901,108.80778961843045,-0.4259571617443574,24.903574711900863,60,383.4,8.405835670025306,11,22.981147563159723
2300,uva,packing_C,T08,largo,20,G2,4.2876741302331025,0.6712553259304718,1.04510360092469,True,639,306.0230660779901,108.80778961843045,-0.4259571617443574,24.903574711900863,60,383.4,8.405835670025306,12,23.10096764344283
2300,uva,packing_C,T08,largo,20,G2,4.2876741302331025,0.6712553259304718,1.04510360092469,True,639,306.0230660779901,108.80778961843045,-0.4259571617443574,24.903574711900863,60,383.4,8.405835670025306,13,22.484633179668904
2300,uva,packing_C,T08,largo,20,G2,4.2876741302331025,0.6712553259304718,1.04510360092469,True,639,306.0230660779901,108.80778961843045,-0.4259571617443574,24.903574711900863,60,383.4,8.405835670025306,14,22.657003433653504
2300,uva,packing_C,T08,largo,20,G2,4.2876741302331025,0.6712553259304718,1.04510360092469,True,639,306.0230660779901,108.80778961843045,-0.4259571617443574,24.903574711900863,60,383.4,8.405835670025306,15,22.080695845576177
2300,uva,packing_C,T08,largo,20,G2,4.2876741302331025,0.6712553259304718,1.04510360092469,True,639,306.0230660779901,108.80778961843045,-0.4259571617443574,24.903574711900863,60,383.4,8.405835670025306,16,21.94243845132953
2300,uva,packing_C,T08,largo,20,G2,4.2876741302331025,0.6712553259304718,1.04510360092469,True,639,306.0230660779901,108.80778961843045,-0.4259571617443574,24.903574711900863,60,383.4,8.405835670025306,17,21.911708991594903
2300,uva,packing_C,T08,largo,20,G2,4.2876741302331025,0.6712553259304718,1.04510360092469,True,639,306.0230660779901,108.80778961843045,-0.4259571617443574,24.903574711900863,60,383.4,8.405835670025306,18,21.56821153803988
2300,uva,packing_C,T08,largo,20,G2,4.2876741302331025,0.6712553259304718,1.04510360092469,True,639,306.0230660779901,108.80778961843045,-0.4259571617443574,24.903574711900863,60,383.4,8.405835670025306,19,21.595338996704633
2300,uva,packing_C,T08,largo,20,G2,4.2876741302331025,0.6712553259304718,1.04510360092469,True,639,306.0230660779901,108.80778961843045,-0.4259571617443574,24.903574711900863,60,383.4,8.405835670025306,20,21.429951242068228
2300,uva,packing_C,T08,largo,20,G2,4.2876741302331025,0.6712553259304718,1.04510360092469,True,639,306.0230660779901,108.80778961843045,-0.4259571617443574,24.903574711900863,60,383.4,8.405835670025306,21,21.24135742994816
2300,uva,packing_C,T08,largo,20,G2,4.2876741302331025,0.6712553259304718,1.04510360092469,True,639,306.0230660779901,108.80778961843045,-0.4259571617443574,24.903574711900863,60,383.4,8.405835670025306,22,21.053414657298326
2300,uva,packing_C,T08,largo,20,G2,4.2876741302331025,0.6712553259304718,1.04510360092469,True,639,306.0230660779901,108.80778961843045,-0.4259571617443574,24.903574711900863,60,383.4,8.405835670025306,23,20.620949048240952
2300,uva,packing_C,T08,largo,20,G2,4.2876741302331025,0.6712553259304718,1.04510360092469,True,639,306.0230660779901,108.80778961843045,-0.4259571617443574,24.903574711900863,60,383.4,8.405835670025306,24,20.454414047159595
2300,uva,packing_C,T08,largo,20,G2,4.2876741302331025,0.6712553259304718,1.04510360092469,True,639,306.0230660779901,108.80778961843045,-0.4259571617443574,24.903574711900863,60,383.4,8.405835670025306,25,20.173409982403587
2300,uva,packing_C,T08,largo,20,G2,4.2876741302331025,0.6712553259304718,1.04510360092469,True,639,306.0230660779901,108.80778961843045,-0.4259571617443574,24.903574711900863,60,383.4,8.405835670025306,26,19.880235841959937
2300,uva,packing_C,T08,largo,20,G2,4.2876741302331025,0.6712553259304718,1.04510360092469,True,639,306.0230660779901,108.80778961843045,-0.4259571617443574,24.903574711900863,60,383.4,8.405835670025306,27,19.88922692128032
2300,uva,packing_C,T08,largo,20,G2,4.2876741302331025,0.6712553259304718,1.04510360092469,True,639,306.0230660779901,108.80778961843045,-0.4259571617443574,24.903574711900863,60,383.4,8.405835670025306,28,19.665180492821285
2300,uva,packing_C,T08,largo,20,G2,4.2876741302331025,0.6712553259304718,1.04510360092469,True,639,306.0230660779901,108.80778961843045,-0.4259571617443574,24.903574711900863,60,383.4,8.405835670025306,29,19.597797867284356
2300,uva,packing_C,T08,largo,20,G2,4.2876741302331025,0.6712553259304718,1.04510360092469,True,639,306.0230660779901,108.80778961843045,-0.4259571617443574,24.903574711900863,60,383.4,8.405835670025306,30,19.271502275314237
2300,uva,packing_C,T08,largo,20,G2,4.2876741302331025,0.6712553259304718,1.04510360092469,True,639,306.0230660779901,108.80778961843045,-0.4259571617443574,24.903574711900863,60,383.4,8.405835670025306,31,19.044183847190535
2300,uva,packing_C,T08,largo,20,G2,4.2876741302331025,0.6712553259304718,1.04510360092469,True,639,306.0230660779901,108.80778961843045,-0.4259571617443574,24.903574711900863,60,383.4,8.405835670025306,32,18.695762396753803
2300,uva,packing_C,T08,largo,20,G2,4.2876741302331025,0.6712553259304718,1.04510360092469,True,639,306.0230660779901,108.80778961843045,-0.4259571617443574,24.903574711900863,60,383.4,8.405835670025306,33,18.626580350933544
2300,uva,packing_C,T08,largo,20,G2,4.2876741302331025,0.6712553259304718,1.04510360092469,True,639,306.0230660779901,108.80778961843045,-0.4259571617443574,24.903574711900863,60,383.4,8.405835670025306,34,18.28473783794617
2300,uva,packing_C,T08,largo,20,G2,4.2876741302331025,0.6712553259304718,1.04510360092469,True,639,306.0230660779901,108.80778961843045,-0.4259571617443574,24.903574711900863,60,383.4,8.405835670025306,35,18.2464423314332
2300,uva,packing_C,T08,largo,20,G2,4.2876741302331025,0.6712553259304718,1.04510360092469,True,639,306.0230660779901,108.80778961843045,-0.4259571617443574,24.903574711900863,60,383.4,8.405835670025306,36,17.874127328531053
2300,uva,packing_C,T08,largo,20,G2,4.2876741302331025,0.6712553259304718,1.04510360092469,True,639,306.0230660779901,108.80778961843045,-0.4259571617443574,24.903574711900863,60,383.4,8.405835670025306,37,17.68205621150909
2300,uva,packing_C,T08,largo,20,G2,4.2876741302331025,0.6712553259304718,1.04510360092469,True,639,306.0230660779901,108.80778961843045,-0.4259571617443574,24.903574711900863,60,383.4,8.405835670025306,38,17.530590536482983
2300,uva,packing_C,T08,largo,20,G2,4.2876741302331025,0.6712553259304718,1.04510360092469,True,639,306.0230660779901,108.80778961843045,-0.4259571617443574,24.903574711900863,60,383.4,8.405835670025306,39,17.298668878598953
2300,uva,packing_C,T08,largo,20,G2,4.2876741302331025,0.6712553259304718,1.04510360092469,True,639,306.0230660779901,108.80778961843045,-0.4259571617443574,24.903574711900863,60,383.4,8.405835670025306,40,17.061413109381903
2300,uva,packing_C,T08,largo,20,G2,4.2876741302331025,0.6712553259304718,1.04510360092469,True,639,306.0230660779901,108.80778961843045,-0.4259571617443574,24.903574711900863,60,383.4,8.405835670025306,41,16.960819192971762
2300,uva,packing_C,T08,largo,20,G2,4.2876741302331025,0.6712553259304718,1.04510360092469,True,639,306.0230660779901,108.80778961843045,-0.4259571617443574,24.903574711900863,60,383.4,8.405835670025306,42,16.589256463737623
2300,uva,packing_C,T08,largo,20,G2,4.2876741302331025,0.6712553259304718,1.04510360092469,True,639,306.0230660779901,108.80778961843045,-0.4259571617443574,24.903574711900863,60,383.4,8.405835670025306,43,16.26230790128983
2300,uva,packing_C,T08,largo,20,G2,4.2876741302331025,0.6712553259304718,1.04510360092469,True,639,306.0230660779901,108.80778961843045,-0.4259571617443574,24.903574711900863,60,383.4,8.405835670025306,44,16.20090171350633
2300,uva,packing_C,T08,largo,20,G2,4.2876741302331025,0.6712553259304718,1.04510360092469,True,639,306.0230660779901,108.80778961843045,-0.4259571617443574,24.903574711900863,60,383.4,8.405835670025306,45,15.813643515802186
2300,uva,packing_C,T08,largo,20,G2,4.2876741302331025,0.6712553259304718,1.04510360092469,True,639,306.0230660779901,108.80778961843045,-0.4259571617443574,24.903574711900863,60,383.4,8.405835670025306,46,15.625813707931142
2300,uva,packing_C,T08,largo,20,G2,4.2876741302331025,0.6712553259304718,1.04510360092469,True,639,306.0230660779901,108.80778961843045,-0.4259571617443574,24.903574711900863,60,383.4,8.405835670025306,47,15.334777435107403
2300,uva,packing_C,T08,largo,20,G2,4.2876741302331025,0.6712553259304718,1.04510360092469,True,639,306.0230660779901,108.80778961843045,-0.4259571617443574,24.903574711900863,60,383.4,8.405835670025306,48,15.041309264385635
2300,uva,packing_C,T08,largo,20,G2,4.2876741302331025,0.6712553259304718,1.04510360092469,True,639,306.0230660779901,108.80778961843045,-0.4259571617443574,24.903574711900863,60,383.4,8.405835670025306,49,15.020405577408836
2300,uva,packing_C,T08,largo,20,G2,4.2876741302331025,0.6712553259304718,1.04510360092469,True,639,306.0230660779901,108.80778961843045,-0.4259571617443574,24.903574711900863,60,383.4,8.405835670025306,50,14.775809842083536
2300,uva,packing_C,T08,largo,20,G2,4.2876741302331025,0.6712553259304718,1.04510360092469,True,639,306.0230660779901,108.80778961843045,-0.4259571617443574,24.903574711900863,60,383.4,8.405835670025306,51,14.48737889944802
2300,uva,packing_C,T08,largo,20,G2,4.2876741302331025,0.6712553259304718,1.04510360092469,True,639,306.0230660779901,108.80778961843045,-0.4259571617443574,24.903574711900863,60,383.4,8.405835670025306,52,14.242423956330818
2300,uva,packing_C,T08,largo,20,G2,4.2876741302331025,0.6712553259304718,1.04510360092469,True,639,306.0230660779901,108.80778961843045,-0.4259571617443574,24.903574711900863,60,383.4,8.405835670025306,53,14.097971644255326
2300,uva,packing_C,T08,largo,20,G2,4.2876741302331025,0.6712553259304718,1.04510360092469,True,639,306.0230660779901,108.80778961843045,-0.4259571617443574,24.903574711900863,60,383.4,8.405835670025306,54,13.829924278166587
2300,uva,packing_C,T08,largo,20,G2,4.2876741302331025,0.6712553259304718,1.04510360092469,True,639,306.0230660779901,108.80778961843045,-0.4259571617443574,24.903574711900863,60,383.4,8.405835670025306,55,13.6814857334473
2300,uva,packing_C,T08,largo,20,G2,4.2876741302331025,0.6712553259304718,1.04510360092469,True,639,306.0230660779901,108.80778961843045,-0.4259571617443574,24.903574711900863,60,383.4,8.405835670025306,56,13.523058642952158
2300,uva,packing_C,T08,largo,20,G2,4.2876741302331025,0.6712553259304718,1.04510360092469,True,639,306.0230660779901,108.80778961843045,-0.4259571617443574,24.903574711900863,60,383.4,8.405835670025306,57,13.192113903551526
2300,uva,packing_C,T08,largo,20,G2,4.2876741302331025,0.6712553259304718,1.04510360092469,True,639,306.0230660779901,108.80778961843045,-0.4259571617443574,24.903574711900863,60,383.4,8.405835670025306,58,13.109708358916652
2300,uva,packing_C,T08,largo,20,G2,4.2876741302331025,0.6712553259304718,1.04510360092469,True,639,306.0230660779901,108.80778961843045,-0.4259571617443574,24.903574711900863,60,383.4,8.405835670025306,59,12.67021115440028
2300,uva,packing_C,T08,largo,20,G2,4.2876741302331025,0.6712553259304718,1.04510360092469,True,639,306.0230660779901,108.80778961843045,-0.4259571617443574,24.903574711900863,60,383.4,8.405835670025306,60,12.49737240693485
2300,uva,packing_C,T08,largo,20,G2,4.2876741302331025,0.6712553259304718,1.04510360092469,True,639,306.0230660779901,108.80778961843045,-0.4259571617443574,24.903574711900863,60,383.4,8.405835670025306,61,12.122500286496193
2300,uva,packing_C,T08,largo,20,G2,4.2876741302331025,0.6712553259304718,1.04510360092469,True,639,306.0230660779901,108.80778961843045,-0.4259571617443574,24.903574711900863,60,383.4,8.405835670025306,62,12.093295950541718
2300,uva,packing_C,T08,largo,20,G2,4.2876741302331025,0.6712553259304718,1.04510360092469,True,639,306.0230660779901,108.80778961843045,-0.4259571617443574,24.903574711900863,60,383.4,8.405835670025306,63,11.837129505022304
2300,uva,packing_C,T08,largo,20,G2,4.2876741302331025,0.6712553259304718,1.04510360092469,True,639,306.0230660779901,108.80778961843045,-0.4259571617443574,24.903574711900863,60,383.4,8.405835670025306,64,11.80770120400993
2300,uva,packing_C,T08,largo,20,G2,4.2876741302331025,0.6712553259304718,1.04510360092469,True,639,306.0230660779901,108.80778961843045,-0.4259571617443574,24.903574711900863,60,383.4,8.405835670025306,65,11.303984304580231
2300,uva,packing_C,T08,largo,20,G2,4.2876741302331025,0.6712553259304718,1.04510360092469,True,639,306.0230660779901,108.80778961843045,-0.4259571617443574,24.903574711900863,60,383.4,8.405835670025306,66,11.221024880902828
2300,uva,packing_C,T08,largo,20,G2,4.2876741302331025,0.6712553259304718,1.04510360092469,True,639,306.0230660779901,108.80778961843045,-0.4259571617443574,24.903574711900863,60,383.4,8.405835670025306,67,11.07666506020097
2300,uva,packing_C,T08,largo,20,G2,4.2876741302331025,0.6712553259304718,1.04510360092469,True,639,306.0230660779901,108.80778961843045,-0.4259571617443574,24.903574711900863,60,383.4,8.405835670025306,68,10.625557741092976
2300,uva,packing_C,T08,largo,20,G2,4.2876741302331025,0.6712553259304718,1.04510360092469,True,639,306.0230660779901,108.80778961843045,-0.4259571617443574,24.903574711900863,60,383.4,8.405835670025306,69,10.518986067212829
2300,uva,packing_C,T08,largo,20,G2,4.2876741302331025,0.6712553259304718,1.04510360092469,True,639,306.0230660779901,108.80778961843045,-0.4259571617443574,24.903574711900863,60,383.4,8.405835670025306,70,10.333649764862727
2300,uva,packing_C,T08,largo,20,G2,4.2876741302331025,0.6712553259304718,1.04510360092469,True,639,306.0230660779901,108.80778961843045,-0.4259571617443574,24.903574711900863,60,383.4,8.405835670025306,71,10.056026057932993
2300,uva,packing_C,T08,largo,20,G2,4.2876741302331025,0.6712553259304718,1.04510360092469,True,639,306.0230660779901,108.80778961843045,-0.4259571617443574,24.903574711900863,60,383.4,8.405835670025306,72,9.806788620578551
2300,uva,packing_C,T08,largo,20,G2,4.2876741302331025,0.6712553259304718,1.04510360092469,True,639,306.0230660779901,108.80778961843045,-0.4259571617443574,24.903574711900863,60,383.4,8.405835670025306,73,9.602200454062453
2300,uva,packing_C,T08,largo,20,G2,4.2876741302331025,0.6712553259304718,1.04510360092469,True,639,306.0230660779901,108.80778961843045,-0.4259571617443574,24.903574711900863,60,383.4,8.405835670025306,74,9.304894783990783
2300,uva,packing_C,T08,largo,20,G2,4.2876741302331025,0.6712553259304718,1.04510360092469,True,639,306.0230660779901,108.80778961843045,-0.4259571617443574,24.903574711900863,60,383.4,8.405835670025306,75,9.110113159483792
2300,uva,packing_C,T08,largo,20,G2,4.2876741302331025,0.6712553259304718,1.04510360092469,True,639,306.0230660779901,108.80778961843045,-0.4259571617443574,24.903574711900863,60,383.4,8.405835670025306,76,8.86601410331149
2300,uva,packing_C,T08,largo,20,G2,4.2876741302331025,0.6712553259304718,1.04510360092469,True,639,306.0230660779901,108.80778961843045,-0.4259571617443574,24.903574711900863,60,383.4,8.405835670025306,77,8.874530210439797
2300,uva,packing_C,T08,largo,20,G2,4.2876741302331025,0.6712553259304718,1.04510360092469,True,639,306.0230660779901,108.80778961843045,-0.4259571617443574,24.903574711900863,60,383.4,8.405835670025306,78,8.603056688777253
2300,uva,packing_C,T08,largo,20,G2,4.2876741302331025,0.6712553259304718,1.04510360092469,True,639,306.0230660779901,108.80778961843045,-0.4259571617443574,24.903574711900863,60,383.4,8.405835670025306,79,8.29174766088355
2300,uva,packing_C,T08,largo,20,G2,4.2876741302331025,0.6712553259304718,1.04510360092469,True,639,306.0230660779901,108.80778961843045,-0.4259571617443574,24.903574711900863,60,383.4,8.405835670025306,80,7.8899836956231155
2300,uva,packing_C,T08,largo,20,G2,4.2876741302331025,0.6712553259304718,1.04510360092469,True,639,306.0230660779901,108.80778961843045,-0.4259571617443574,24.903574711900863,60,383.4,8.405835670025306,81,7.897561899772146
2300,uva,packing_C,T08,largo,20,G2,4.2876741302331025,0.6712553259304718,1.04510360092469,True,639,306.0230660779901,108.80778961843045,-0.4259571617443574,24.903574711900863,60,383.4,8.405835670025306,82,7.668750488264473
2300,uva,packing_C,T08,largo,20,G2,4.2876741302331025,0.6712553259304718,1.04510360092469,True,639,306.0230660779901,108.80778961843045,-0.4259571617443574,24.903574711900863,60,383.4,8.405835670025306,83,7.450687308823781
2300,uva,packing_C,T08,largo,20,G2,4.2876741302331025,0.6712553259304718,1.04510360092469,True,639,306.0230660779901,108.80778961843045,-0.4259571617443574,24.903574711900863,60,383.4,8.405835670025306,84,7.228126983827065
2300,uva,packing_C,T08,largo,20,G2,4.2876741302331025,0.6712553259304718,1.04510360092469,True,639,306.0230660779901,108.80778961843045,-0.4259571617443574,24.903574711900863,60,383.4,8.405835670025306,85,6.960485555212474
2300,uva,packing_C,T08,largo,20,G2,4.2876741302331025,0.6712553259304718,1.04510360092469,True,639,306.0230660779901,108.80778961843045,-0.4259571617443574,24.903574711900863,60,383.4,8.405835670025306,86,6.819696736313923
2300,uva,packing_C,T08,largo,20,G2,4.2876741302331025,0.6712553259304718,1.04510360092469,True,639,306.0230660779901,108.80778961843045,-0.4259571617443574,24.903574711900863,60,383.4,8.405835670025306,87,6.701845737915862
2300,uva,packing_C,T08,largo,20,G2,4.2876741302331025,0.6712553259304718,1.04510360092469,True,639,306.0230660779901,108.80778961843045,-0.4259571617443574,24.903574711900863,60,383.4,8.405835670025306,88,6.342451604398218
2300,uva,packing_C,T08,largo,20,G2,4.2876741302331025,0.6712553259304718,1.04510360092469,True,639,306.0230660779901,108.80778961843045,-0.4259571617443574,24.903574711900863,60,383.4,8.405835670025306,89,6.029876696684894
2300,uva,packing_C,T08,largo,20,G2,4.2876741302331025,0.6712553259304718,1.04510360092469,True,639,306.0230660779901,108.80778961843045,-0.4259571617443574,24.903574711900863,60,383.4,8.405835670025306,90,5.9500268120249205
2300,uva,packing_C,T08,largo,20,G2,4.2876741302331025,0.6712553259304718,1.04510360092469,True,639,306.0230660779901,108.80778961843045,-0.4259571617443574,24.903574711900863,60,383.4,8.405835670025306,91,5.537627267971094
2300,uva,packing_C,T08,largo,20,G2,4.2876741302331025,0.6712553259304718,1.04510360092469,True,639,306.0230660779901,108.80778961843045,-0.4259571617443574,24.903574711900863,60,383.4,8.405835670025306,92,5.487253887569414
2300,uva,packing_C,T08,largo,20,G2,4.2876741302331025,0.6712553259304718,1.04510360092469,True,639,306.0230660779901,108.80778961843045,-0.4259571617443574,24.903574711900863,60,383.4,8.405835670025306,93,5.310755422063047
2300,uva,packing_C,T08,largo,20,G2,4.2876741302331025,0.6712553259304718,1.04510360092469,True,639,306.0230660779901,108.80778961843045,-0.4259571617443574,24.903574711900863,60,383.4,8.405835670025306,94,4.980152969161002
2300,uva,packing_C,T08,largo,20,G2,4.2876741302331025,0.6712553259304718,1.04510360092469,True,639,306.0230660779901,108.80778961843045,-0.4259571617443574,24.903574711900863,60,383.4,8.405835670025306,95,4.912310327640813
2300,uva,packing_C,T08,largo,20,G2,4.2876741302331025,0.6712553259304718,1.04510360092469,True,639,306.0230660779901,108.80778961843045,-0.4259571617443574,24.903574711900863,60,383.4,8.405835670025306,96,4.632691717455293
2300,uva,packing_C,T08,largo,20,G2,4.2876741302331025,0.6712553259304718,1.04510360092469,True,639,306.0230660779901,108.80778961843045,-0.4259571617443574,24.903574711900863,60,383.4,8.405835670025306,97,4.387377984902546
2300,uva,packing_C,T08,largo,20,G2,4.2876741302331025,0.6712553259304718,1.04510360092469,True,639,306.0230660779901,108.80778961843045,-0.4259571617443574,24.903574711900863,60,383.4,8.405835670025306,98,4.269378035044514
2300,uva,packing_C,T08,largo,20,G2,4.2876741302331025,0.6712553259304718,1.04510360092469,True,639,306.0230660779901,108.80778961843045,-0.4259571617443574,24.903574711900863,60,383.4,8.405835670025306,99,4.126920354604376
2300,uva,packing_C,T08,largo,20,G2,4.2876741302331025,0.6712553259304718,1.04510360092469,True,639,306.0230660779901,108.80778961843045,-0.4259571617443574,24.903574711900863,60,383.4,8.405835670025306,100,4.08159914084502
2300,uva,packing_C,T08,largo,20,G2,4.2876741302331025,0.6712553259304718,1.04510360092469,True,639,306.0230660779901,108.80778961843045,-0.4259571617443574,24.903574711900863,60,383.4,8.405835670025306,101,3.683751609199367
2300,uva,packing_C,T08,largo,20,G2,4.2876741302331025,0.6712553259304718,1.04510360092469,True,639,306.0230660779901,108.80778961843045,-0.4259571617443574,24.903574711900863,60,383.4,8.405835670025306,102,3.387024026797972
2300,uva,packing_C,T08,largo,20,G2,4.2876741302331025,0.6712553259304718,1.04510360092469,True,639,306.0230660779901,108.80778961843045,-0.4259571617443574,24.903574711900863,60,383.4,8.405835670025306,103,3.266484777516298
2300,uva,packing_C,T08,largo,20,G2,4.2876741302331025,0.6712553259304718,1.04510360092469,True,639,306.0230660779901,108.80778961843045,-0.4259571617443574,24.903574711900863,60,383.4,8.405835670025306,104,3.159565784110078
2300,uva,packing_C,T08,largo,20,G2,4.2876741302331025,0.6712553259304718,1.04510360092469,True,639,306.0230660779901,108.80778961843045,-0.4259571617443574,24.903574711900863,60,383.4,8.405835670025306,105,2.982721416200081
2300,uva,packing_C,T08,largo,20,G2,4.2876741302331025,0.6712553259304718,1.04510360092469,True,639,306.0230660779901,108.80778961843045,-0.4259571617443574,24.903574711900863,60,383.4,8.405835670025306,106,2.6419561215182403
2300,uva,packing_C,T08,largo,20,G2,4.2876741302331025,0.6712553259304718,1.04510360092469,True,639,306.0230660779901,108.80778961843045,-0.4259571617443574,24.903574711900863,60,383.4,8.405835670025306,107,2.465863267849745
2300,uva,packing_C,T08,largo,20,G2,4.2876741302331025,0.6712553259304718,1.04510360092469,True,639,306.0230660779901,108.80778961843045,-0.4259571617443574,24.903574711900863,60,383.4,8.405835670025306,108,2.397258394426902
2300,uva,packing_C,T08,largo,20,G2,4.2876741302331025,0.6712553259304718,1.04510360092469,True,639,306.0230660779901,108.80778961843045,-0.4259571617443574,24.903574711900863,60,383.4,8.405835670025306,109,2.1107855160620637
2300,uva,packing_C,T08,largo,20,G2,4.2876741302331025,0.6712553259304718,1.04510360092469,True,639,306.0230660779901,108.80778961843045,-0.4259571617443574,24.903574711900863,60,383.4,8.405835670025306,110,2.0032385802039108
2300,uva,packing_C,T08,largo,20,G2,4.2876741302331025,0.6712553259304718,1.04510360092469,True,639,306.0230660779901,108.80778961843045,-0.4259571617443574,24.903574711900863,60,383.4,8.405835670025306,111,1.9432978116947135
2300,uva,packing_C,T08,largo,20,G2,4.2876741302331025,0.6712553259304718,1.04510360092469,True,639,306.0230660779901,108.80778961843045,-0.4259571617443574,24.903574711900863,60,383.4,8.405835670025306,112,1.657541748205243
2300,uva,packing_C,T08,largo,20,G2,4.2876741302331025,0.6712553259304718,1.04510360092469,True,639,306.0230660779901,108.80778961843045,-0.4259571617443574,24.903574711900863,60,383.4,8.405835670025306,113,1.3704026146430486
2300,uva,packing_C,T08,largo,20,G2,4.2876741302331025,0.6712553259304718,1.04510360092469,True,639,306.0230660779901,108.80778961843045,-0.4259571617443574,24.903574711900863,60,383.4,8.405835670025306,114,1.3441307492259853
2300,uva,packing_C,T08,largo,20,G2,4.2876741302331025,0.6712553259304718,1.04510360092469,True,639,306.0230660779901,108.80778961843045,-0.4259571617443574,24.903574711900863,60,383.4,8.405835670025306,115,1.1053923488179473
2300,uva,packing_C,T08,largo,20,G2,4.2876741302331025,0.6712553259304718,1.04510360092469,True,639,306.0230660779901,108.80778961843045,-0.4259571617443574,24.903574711900863,60,383.4,8.405835670025306,116,0.933799234837463
2300,uva,packing_C,T08,largo,20,G2,4.2876741302331025,0.6712553259304718,1.04510360092469,True,639,306.0230660779901,108.80778961843045,-0.4259571617443574,24.903574711900863,60,383.4,8.405835670025306,117,0.9179670134698273
2300,uva,packing_C,T08,largo,20,G2,4.2876741302331025,0.6712553259304718,1.04510360092469,True,639,306.0230660779901,108.80778961843045,-0.4259571617443574,24.903574711900863,60,383.4,8.405835670025306,118,0.4697989509611968
2300,uva,packing_C,T08,largo,20,G2,4.2876741302331025,0.6712553259304718,1.04510360092469,True,639,306.0230660779901,108.80778961843045,-0.4259571617443574,24.903574711900863,60,383.4,8.405835670025306,119,0.2333764376046371
2300,uva,packing_C,T08,largo,20,G2,4.2876741302331025,0.6712553259304718,1.04510360092469,True,639,306.0230660779901,108.80778961843045,-0.4259571617443574,24.903574711900863,60,383.4,8.405835670025306,120,0.15868338315998717
2300,uva,packing_C,T08,largo,20,G2,4.2876741302331025,0.6712553259304718,1.04510360092469,True,639,306.0230660779901,108.80778961843045,-0.4259571617443574,24.903574711900863,60,383.4,8.405835670025306,121,0.1153585500665646
2300,uva,packing_C,T08,largo,20,G2,4.2876741302331025,0.6712553259304718,1.04510360092469,True,639,306.0230660779901,108.80778961843045,-0.4259571617443574,24.903574711900863,60,383.4,8.405835670025306,122,0.06609874187553465
2300,uva,packing_C,T08,largo,20,G2,4.2876741302331025,0.6712553259304718,1.04510360092469,True,639,306.0230660779901,108.80778961843045,-0.4259571617443574,24.903574711900863,60,383.4,8.405835670025306,123,-0.11625386209021192
2300,uva,packing_C,T08,largo,20,G2,4.2876741302331025,0.6712553259304718,1.04510360092469,True,639,306.0230660779901,108.80778961843045,-0.4259571617443574,24.903574711900863,60,383.4,8.405835670025306,124,-0.2442520693646589
2300,uva,packing_C,T08,largo,20,G2,4.2876741302331025,0.6712553259304718,1.04510360092469,True,639,306.0230660779901,108.80778961843045,-0.4259571617443574,24.903574711900863,60,383.4,8.405835670025306,125,-0.38904770945035955
2300,uva,packing_C,T08,largo,20,G2,4.2876741302331025,0.6712553259304718,1.04510360092469,True,639,306.0230660779901,108.80778961843045,-0.4259571617443574,24.903574711900863,60,383.4,8.405835670025306,126,-0.6055856916915606
2300,uva,packing_C,T08,largo,20,G2,4.2876741302331025,0.6712553259304718,1.04510360092469,True,639,306.0230660779901,108.80778961843045,-0.4259571617443574,24.903574711900863,60,383.4,8.405835670025306,127,-0.9378378130877698
2300,uva,packing_C,T08,largo,20,G2,4.2876741302331025,0.6712553259304718,1.04510360092469,True,639,306.0230660779901,108.80778961843045,-0.4259571617443574,24.903574711900863,60,383.4,8.405835670025306,128,-1.199377580885498
2300,uva,packing_C,T08,largo,20,G2,4.2876741302331025,0.6712553259304718,1.04510360092469,True,639,306.0230660779901,108.80778961843045,-0.4259571617443574,24.903574711900863,60,383.4,8.405835670025306,129,-1.0037422537108758
2300,uva,packing_C,T08,largo,20,G2,4.2876741302331025,0.6712553259304718,1.04510360092469,True,639,306.0230660779901,108.80778961843045,-0.4259571617443574,24.903574711900863,60,383.4,8.405835670025306,130,-1.228282914447263
2300,uva,packing_C,T08,largo,20,G2,4.2876741302331025,0.6712553259304718,1.04510360092469,True,639,306.0230660779901,108.80778961843045,-0.4259571617443574,24.903574711900863,60,383.4,8.405835670025306,131,-1.3894729503822096
2300,uva,packing_C,T08,largo,20,G2,4.2876741302331025,0.6712553259304718,1.04510360092469,True,639,306.0230660779901,108.80778961843045,-0.4259571617443574,24.903574711900863,60,383.4,8.405835670025306,132,-1.3317535543534664
2300,uva,packing_C,T08,largo,20,G2,4.2876741302331025,0.6712553259304718,1.04510360092469,True,639,306.0230660779901,108.80778961843045,-0.4259571617443574,24.903574711900863,60,383.4,8.405835670025306,133,-1.7003938042747895
2300,uva,packing_C,T08,largo,20,G2,4.2876741302331025,0.6712553259304718,1.04510360092469,True,639,306.0230660779901,108.80778961843045,-0.4259571617443574,24.903574711900863,60,383.4,8.405835670025306,134,-1.9624656582613096
2300,uva,packing_C,T08,largo,20,G2,4.2876741302331025,0.6712553259304718,1.04510360092469,True,639,306.0230660779901,108.80778961843045,-0.4259571617443574,24.903574711900863,60,383.4,8.405835670025306,135,-2.012135721585452
2300,uva,packing_C,T08,largo,20,G2,4.2876741302331025,0.6712553259304718,1.04510360092469,True,639,306.0230660779901,108.80778961843045,-0.4259571617443574,24.903574711900863,60,383.4,8.405835670025306,136,-2.149634270409505
2300,uva,packing_C,T08,largo,20,G2,4.2876741302331025,0.6712553259304718,1.04510360092469,True,639,306.0230660779901,108.80778961843045,-0.4259571617443574,24.903574711900863,60,383.4,8.405835670025306,137,-2.2009881677713423
2300,uva,packing_C,T08,largo,20,G2,4.2876741302331025,0.6712553259304718,1.04510360092469,True,639,306.0230660779901,108.80778961843045,-0.4259571617443574,24.903574711900863,60,383.4,8.405835670025306,138,-2.422357184140441
2300,uva,packing_C,T08,largo,20,G2,4.2876741302331025,0.6712553259304718,1.04510360092469,True,639,306.0230660779901,108.80778961843045,-0.4259571617443574,24.903574711900863,60,383.4,8.405835670025306,139,-2.3354137865560123
2300,uva,packing_C,T08,largo,20,G2,4.2876741302331025,0.6712553259304718,1.04510360092469,True,639,306.0230660779901,108.80778961843045,-0.4259571617443574,24.903574711900863,60,383.4,8.405835670025306,140,-2.5890261604261164
2300,uva,packing_C,T08,largo,20,G2,4.2876741302331025,0.6712553259304718,1.04510360092469,True,639,306.0230660779901,108.80778961843045,-0.4259571617443574,24.903574711900863,60,383.4,8.405835670025306,141,-2.92521698482032
2300,uva,packing_C,T08,largo,20,G2,4.2876741302331025,0.6712553259304718,1.04510360092469,True,639,306.0230660779901,108.80778961843045,-0.4259571617443574,24.903574711900863,60,383.4,8.405835670025306,142,-3.077712243490449
2300,uva,packing_C,T08,largo,20,G2,4.2876741302331025,0.6712553259304718,1.04510360092469,True,639,306.0230660779901,108.80778961843045,-0.4259571617443574,24.903574711900863,60,383.4,8.405835670025306,143,-3.0693387627478526
2300,uva,packing_C,T08,largo,20,G2,4.2876741302331025,0.6712553259304718,1.04510360092469,True,639,306.0230660779901,108.80778961843045,-0.4259571617443574,24.903574711900863,60,383.4,8.405835670025306,144,-3.164964175534612
2300,uva,packing_C,T08,largo,20,G2,4.2876741302331025,0.6712553259304718,1.04510360092469,True,639,306.0230660779901,108.80778961843045,-0.4259571617443574,24.903574711900863,60,383.4,8.405835670025306,145,-3.2562415918635286
2300,uva,packing_C,T08,largo,20,G2,4.2876741302331025,0.6712553259304718,1.04510360092469,True,639,306.0230660779901,108.80778961843045,-0.4259571617443574,24.903574711900863,60,383.4,8.405835670025306,146,-3.3717941179772466
2300,uva,packing_C,T08,largo,20,G2,4.2876741302331025,0.6712553259304718,1.04510360092469,True,639,306.0230660779901,108.80778961843045,-0.4259571617443574,24.903574711900863,60,383.4,8.405835670025306,147,-3.6436137123333587
2300,uva,packing_C,T08,largo,20,G2,4.2876741302331025,0.6712553259304718,1.04510360092469,True,639,306.0230660779901,108.80778961843045,-0.4259571617443574,24.903574711900863,60,383.4,8.405835670025306,148,-3.712465771734847
2300,uva,packing_C,T08,largo,20,G2,4.2876741302331025,0.6712553259304718,1.04510360092469,True,639,306.0230660779901,108.80778961843045,-0.4259571617443574,24.903574711900863,60,383.4,8.405835670025306,149,-3.7943276032041577
2300,uva,packing_C,T08,largo,20,G2,4.2876741302331025,0.6712553259304718,1.04510360092469,True,639,306.0230660779901,108.80778961843045,-0.4259571617443574,24.903574711900863,60,383.4,8.405835670025306,150,-3.9157051771938343
2300,uva,packing_C,T08,largo,20,G2,4.2876741302331025,0.6712553259304718,1.04510360092469,True,639,306.0230660779901,108.80778961843045,-0.4259571617443574,24.903574711900863,60,383.4,8.405835670025306,151,-4.07265292387425
2300,uva,packing_C,T08,largo,20,G2,4.2876741302331025,0.6712553259304718,1.04510360092469,True,639,306.0230660779901,108.80778961843045,-0.4259571617443574,24.903574711900863,60,383.4,8.405835670025306,152,-4.05149106703366
2300,uva,packing_C,T08,largo,20,G2,4.2876741302331025,0.6712553259304718,1.04510360092469,True,639,306.0230660779901,108.80778961843045,-0.4259571617443574,24.903574711900863,60,383.4,8.405835670025306,153,-4.236587298013478
2300,uva,packing_C,T08,largo,20,G2,4.2876741302331025,0.6712553259304718,1.04510360092469,True,639,306.0230660779901,108.80778961843045,-0.4259571617443574,24.903574711900863,60,383.4,8.405835670025306,154,-4.381136299772779
2300,uva,packing_C,T08,largo,20,G2,4.2876741302331025,0.6712553259304718,1.04510360092469,True,639,306.0230660779901,108.80778961843045,-0.4259571617443574,24.903574711900863,60,383.4,8.405835670025306,155,-4.60108275515335
2300,uva,packing_C,T08,largo,20,G2,4.2876741302331025,0.6712553259304718,1.04510360092469,True,639,306.0230660779901,108.80778961843045,-0.4259571617443574,24.903574711900863,60,383.4,8.405835670025306,156,-4.599820713314675
2300,uva,packing_C,T08,largo,20,G2,4.2876741302331025,0.6712553259304718,1.04510360092469,True,639,306.0230660779901,108.80778961843045,-0.4259571617443574,24.903574711900863,60,383.4,8.405835670025306,157,-4.528129459378474
2300,uva,packing_C,T08,largo,20,G2,4.2876741302331025,0.6712553259304718,1.04510360092469,True,639,306.0230660779901,108.80778961843045,-0.4259571617443574,24.903574711900863,60,383.4,8.405835670025306,158,-4.575033106244067
2300,uva,packing_C,T08,largo,20,G2,4.2876741302331025,0.6712553259304718,1.04510360092469,True,639,306.0230660779901,108.80778961843045,-0.4259571617443574,24.903574711900863,60,383.4,8.405835670025306,159,-4.898095008508741
2300,uva,packing_C,T08,largo,20,G2,4.2876741302331025,0.6712553259304718,1.04510360092469,True,639,306.0230660779901,108.80778961843045,-0.4259571617443574,24.903574711900863,60,383.4,8.405835670025306,160,-4.929314665833799
2300,uva,packing_C,T08,largo,20,G2,4.2876741302331025,0.6712553259304718,1.04510360092469,True,639,306.0230660779901,108.80778961843045,-0.4259571617443574,24.903574711900863,60,383.4,8.405835670025306,161,-5.080754012989404
2300,uva,packing_C,T08,largo,20,G2,4.2876741302331025,0.6712553259304718,1.04510360092469,True,639,306.0230660779901,108.80778961843045,-0.4259571617443574,24.903574711900863,60,383.4,8.405835670025306,162,-5.0766042228697925
2300,uva,packing_C,T08,largo,20,G2,4.2876741302331025,0.6712553259304718,1.04510360092469,True,639,306.0230660779901,108.80778961843045,-0.4259571617443574,24.903574711900863,60,383.4,8.405835670025306,163,-5.045845476345027
2300,uva,packing_C,T08,largo,20,G2,4.2876741302331025,0.6712553259304718,1.04510360092469,True,639,306.0230660779901,108.80778961843045,-0.4259571617443574,24.903574711900863,60,383.4,8.405835670025306,164,-5.168607167245309
2300,uva,packing_C,T08,largo,20,G2,4.2876741302331025,0.6712553259304718,1.04510360092469,True,639,306.0230660779901,108.80778961843045,-0.4259571617443574,24.903574711900863,60,383.4,8.405835670025306,165,-5.410611976062698
2300,uva,packing_C,T08,largo,20,G2,4.2876741302331025,0.6712553259304718,1.04510360092469,True,639,306.0230660779901,108.80778961843045,-0.4259571617443574,24.903574711900863,60,383.4,8.405835670025306,166,-5.457696847745652
2300,uva,packing_C,T08,largo,20,G2,4.2876741302331025,0.6712553259304718,1.04510360092469,True,639,306.0230660779901,108.80778961843045,-0.4259571617443574,24.903574711900863,60,383.4,8.405835670025306,167,-5.490969765070229
2300,uva,packing_C,T08,largo,20,G2,4.2876741302331025,0.6712553259304718,1.04510360092469,True,639,306.0230660779901,108.80778961843045,-0.4259571617443574,24.903574711900863,60,383.4,8.405835670025306,168,-5.689622275687391
2300,uva,packing_C,T08,largo,20,G2,4.2876741302331025,0.6712553259304718,1.04510360092469,True,639,306.0230660779901,108.80778961843045,-0.4259571617443574,24.903574711900863,60,383.4,8.405835670025306,169,-5.636713559646002
2300,uva,packing_C,T08,largo,20,G2,4.2876741302331025,0.6712553259304718,1.04510360092469,True,639,306.0230660779901,108.80778961843045,-0.4259571617443574,24.903574711900863,60,383.4,8.405835670025306,170,-5.938110434791036
2300,uva,packing_C,T08,largo,20,G2,4.2876741302331025,0.6712553259304718,1.04510360092469,True,639,306.0230660779901,108.80778961843045,-0.4259571617443574,24.903574711900863,60,383.4,8.405835670025306,171,-6.025904039312854
2300,uva,packing_C,T08,largo,20,G2,4.2876741302331025,0.6712553259304718,1.04510360092469,True,639,306.0230660779901,108.80778961843045,-0.4259571617443574,24.903574711900863,60,383.4,8.405835670025306,172,-6.134539837467032
2300,uva,packing_C,T08,largo,20,G2,4.2876741302331025,0.6712553259304718,1.04510360092469,True,639,306.0230660779901,108.80778961843045,-0.4259571617443574,24.903574711900863,60,383.4,8.405835670025306,173,-6.033584723735871
2300,uva,packing_C,T08,largo,20,G2,4.2876741302331025,0.6712553259304718,1.04510360092469,True,639,306.0230660779901,108.80778961843045,-0.4259571617443574,24.903574711900863,60,383.4,8.405835670025306,174,-6.197919757433503
2300,uva,packing_C,T08,largo,20,G2,4.2876741302331025,0.6712553259304718,1.04510360092469,True,639,306.0230660779901,108.80778961843045,-0.4259571617443574,24.903574711900863,60,383.4,8.405835670025306,175,-6.3464638314469
2300,uva,packing_C,T08,largo,20,G2,4.2876741302331025,0.6712553259304718,1.04510360092469,True,639,306.0230660779901,108.80778961843045,-0.4259571617443574,24.903574711900863,60,383.4,8.405835670025306,176,-6.25979078361365
2300,uva,packing_C,T08,largo,20,G2,4.2876741302331025,0.6712553259304718,1.04510360092469,True,639,306.0230660779901,108.80778961843045,-0.4259571617443574,24.903574711900863,60,383.4,8.405835670025306,177,-6.363355814018681
2300,uva,packing_C,T08,largo,20,G2,4.2876741302331025,0.6712553259304718,1.04510360092469,True,639,306.0230660779901,108.80778961843045,-0.4259571617443574,24.903574711900863,60,383.4,8.405835670025306,178,-6.4250094954924695
2300,uva,packing_C,T08,largo,20,G2,4.2876741302331025,0.6712553259304718,1.04510360092469,True,639,306.0230660779901,108.80778961843045,-0.4259571617443574,24.903574711900863,60,383.4,8.405835670025306,179,-6.576997253641992
2300,uva,packing_C,T08,largo,20,G2,4.2876741302331025,0.6712553259304718,1.04510360092469,True,639,306.0230660779901,108.80778961843045,-0.4259571617443574,24.903574711900863,60,383.4,8.405835670025306,180,-6.466465603266403
2300,uva,packing_C,T08,largo,20,G2,4.2876741302331025,0.6712553259304718,1.04510360092469,True,639,306.0230660779901,108.80778961843045,-0.4259571617443574,24.903574711900863,60,383.4,8.405835670025306,181,-6.6797326038015195
2300,uva,packing_C,T08,largo,20,G2,4.2876741302331025,0.6712553259304718,1.04510360092469,True,639,306.0230660779901,108.80778961843045,-0.4259571617443574,24.903574711900863,60,383.4,8.405835670025306,182,-6.610991686225959
2300,uva,packing_C,T08,largo,20,G2,4.2876741302331025,0.6712553259304718,1.04510360092469,True,639,306.0230660779901,108.80778961843045,-0.4259571617443574,24.903574711900863,60,383.4,8.405835670025306,183,-6.675352989706189
2300,uva,packing_C,T08,largo,20,G2,4.2876741302331025,0.6712553259304718,1.04510360092469,True,639,306.0230660779901,108.80778961843045,-0.4259571617443574,24.903574711900863,60,383.4,8.405835670025306,184,-6.7087286887039
2300,uva,packing_C,T08,largo,20,G2,4.2876741302331025,0.6712553259304718,1.04510360092469,True,639,306.0230660779901,108.80778961843045,-0.4259571617443574,24.903574711900863,60,383.4,8.405835670025306,185,-6.762669241515627
2300,uva,packing_C,T08,largo,20,G2,4.2876741302331025,0.6712553259304718,1.04510360092469,True,639,306.0230660779901,108.80778961843045,-0.4259571617443574,24.903574711900863,60,383.4,8.405835670025306,186,-6.80413455136722
2300,uva,packing_C,T08,largo,20,G2,4.2876741302331025,0.6712553259304718,1.04510360092469,True,639,306.0230660779901,108.80778961843045,-0.4259571617443574,24.903574711900863,60,383.4,8.405835670025306,187,-6.9595715619645695
2300,uva,packing_C,T08,largo,20,G2,4.2876741302331025,0.6712553259304718,1.04510360092469,True,639,306.0230660779901,108.80778961843045,-0.4259571617443574,24.903574711900863,60,383.4,8.405835670025306,188,-7.01598335994334
2300,uva,packing_C,T08,largo,20,G2,4.2876741302331025,0.6712553259304718,1.04510360092469,True,639,306.0230660779901,108.80778961843045,-0.4259571617443574,24.903574711900863,60,383.4,8.405835670025306,189,-7.159930770964374
2300,uva,packing_C,T08,largo,20,G2,4.2876741302331025,0.6712553259304718,1.04510360092469,True,639,306.0230660779901,108.80778961843045,-0.4259571617443574,24.903574711900863,60,383.4,8.405835670025306,190,-6.948464488171371
2300,uva,packing_C,T08,largo,20,G2,4.2876741302331025,0.6712553259304718,1.04510360092469,True,639,306.0230660779901,108.80778961843045,-0.4259571617443574,24.903574711900863,60,383.4,8.405835670025306,191,-7.0430119141594
2300,uva,packing_C,T08,largo,20,G2,4.2876741302331025,0.6712553259304718,1.04510360092469,True,639,306.0230660779901,108.80778961843045,-0.4259571617443574,24.903574711900863,60,383.4,8.405835670025306,192,-7.318113236526143
2300,uva,packing_C,T08,largo,20,G2,4.2876741302331025,0.6712553259304718,1.04510360092469,True,639,306.0230660779901,108.80778961843045,-0.4259571617443574,24.903574711900863,60,383.4,8.405835670025306,193,-7.0987360833408
2300,uva,packing_C,T08,largo,20,G2,4.2876741302331025,0.6712553259304718,1.04510360092469,True,639,306.0230660779901,108.80778961843045,-0.4259571617443574,24.903574711900863,60,383.4,8.405835670025306,194,-7.348206182845094
2300,uva,packing_C,T08,largo,20,G2,4.2876741302331025,0.6712553259304718,1.04510360092469,True,639,306.0230660779901,108.80778961843045,-0.4259571617443574,24.903574711900863,60,383.4,8.405835670025306,195,-7.410325861936594
2300,uva,packing_C,T08,largo,20,G2,4.2876741302331025,0.6712553259304718,1.04510360092469,True,639,306.0230660779901,108.80778961843045,-0.4259571617443574,24.903574711900863,60,383.4,8.405835670025306,196,-7.360277896839412
2300,uva,packing_C,T08,largo,20,G2,4.2876741302331025,0.6712553259304718,1.04510360092469,True,639,306.0230660779901,108.80778961843045,-0.4259571617443574,24.903574711900863,60,383.4,8.405835670025306,197,-7.285736401303195
2300,uva,packing_C,T08,largo,20,G2,4.2876741302331025,0.6712553259304718,1.04510360092469,True,639,306.0230660779901,108.80778961843045,-0.4259571617443574,24.903574711900863,60,383.4,8.405835670025306,198,-7.270298052085817
2300,uva,packing_C,T08,largo,20,G2,4.2876741302331025,0.6712553259304718,1.04510360092469,True,639,306.0230660779901,108.80778961843045,-0.4259571617443574,24.903574711900863,60,383.4,8.405835670025306,199,-7.327109358620159
2300,uva,packing_C,T08,largo,20,G2,4.2876741302331025,0.6712553259304718,1.04510360092469,True,639,306.0230660779901,108.80778961843045,-0.4259571617443574,24.903574711900863,60,383.4,8.405835670025306,200,-7.505592214061501
2300,uva,packing_C,T08,largo,20,G2,4.2876741302331025,0.6712553259304718,1.04510360092469,True,639,306.0230660779901,108.80778961843045,-0.4259571617443574,24.903574711900863,60,383.4,8.405835670025306,201,-7.656382793327899
2300,uva,packing_C,T08,largo,20,G2,4.2876741302331025,0.6712553259304718,1.04510360092469,True,639,306.0230660779901,108.80778961843045,-0.4259571617443574,24.903574711900863,60,383.4,8.405835670025306,202,-7.490571484412159
2300,uva,packing_C,T08,largo,20,G2,4.2876741302331025,0.6712553259304718,1.04510360092469,True,639,306.0230660779901,108.80778961843045,-0.4259571617443574,24.903574711900863,60,383.4,8.405835670025306,203,-7.597826316506106
2300,uva,packing_C,T08,largo,20,G2,4.2876741302331025,0.6712553259304718,1.04510360092469,True,639,306.0230660779901,108.80778961843045,-0.4259571617443574,24.903574711900863,60,383.4,8.405835670025306,204,-7.4864842423909375
2300,uva,packing_C,T08,largo,20,G2,4.2876741302331025,0.6712553259304718,1.04510360092469,True,639,306.0230660779901,108.80778961843045,-0.4259571617443574,24.903574711900863,60,383.4,8.405835670025306,205,-7.280059092767226
2300,uva,packing_C,T08,largo,20,G2,4.2876741302331025,0.6712553259304718,1.04510360092469,True,639,306.0230660779901,108.80778961843045,-0.4259571617443574,24.903574711900863,60,383.4,8.405835670025306,206,-7.488112267332499
2300,uva,packing_C,T08,largo,20,G2,4.2876741302331025,0.6712553259304718,1.04510360092469,True,639,306.0230660779901,108.80778961843045,-0.4259571617443574,24.903574711900863,60,383.4,8.405835670025306,207,-7.498969575229662
2300,uva,packing_C,T08,largo,20,G2,4.2876741302331025,0.6712553259304718,1.04510360092469,True,639,306.0230660779901,108.80778961843045,-0.4259571617443574,24.903574711900863,60,383.4,8.405835670025306,208,-7.664443903066249
2300,uva,packing_C,T08,largo,20,G2,4.2876741302331025,0.6712553259304718,1.04510360092469,True,639,306.0230660779901,108.80778961843045,-0.4259571617443574,24.903574711900863,60,383.4,8.405835670025306,209,-7.674791117941241
2300,uva,packing_C,T08,largo,20,G2,4.2876741302331025,0.6712553259304718,1.04510360092469,True,639,306.0230660779901,108.80778961843045,-0.4259571617443574,24.903574711900863,60,383.4,8.405835670025306,210,-7.7549857216996605
2300,uva,packing_C,T08,largo,20,G2,4.2876741302331025,0.6712553259304718,1.04510360092469,True,639,306.0230660779901,108.80778961843045,-0.4259571617443574,24.903574711900863,60,383.4,8.405835670025306,211,-7.7107366600624285
2300,uva,packing_C,T08,largo,20,G2,4.2876741302331025,0.6712553259304718,1.04510360092469,True,639,306.0230660779901,108.80778961843045,-0.4259571617443574,24.903574711900863,60,383.4,8.405835670025306,212,-7.789650814397623
2300,uva,packing_C,T08,largo,20,G2,4.2876741302331025,0.6712553259304718,1.04510360092469,True,639,306.0230660779901,108.80778961843045,-0.4259571617443574,24.903574711900863,60,383.4,8.405835670025306,213,-7.831118639511432
2300,uva,packing_C,T08,largo,20,G2,4.2876741302331025,0.6712553259304718,1.04510360092469,True,639,306.0230660779901,108.80778961843045,-0.4259571617443574,24.903574711900863,60,383.4,8.405835670025306,214,-7.624174901875903
2300,uva,packing_C,T08,largo,20,G2,4.2876741302331025,0.6712553259304718,1.04510360092469,True,639,306.0230660779901,108.80778961843045,-0.4259571617443574,24.903574711900863,60,383.4,8.405835670025306,215,-7.8290086240480266
2300,uva,packing_C,T08,largo,20,G2,4.2876741302331025,0.6712553259304718,1.04510360092469,True,639,306.0230660779901,108.80778961843045,-0.4259571617443574,24.903574711900863,60,383.4,8.405835670025306,216,-7.7941208041708645
2300,uva,packing_C,T08,largo,20,G2,4.2876741302331025,0.6712553259304718,1.04510360092469,True,639,306.0230660779901,108.80778961843045,-0.4259571617443574,24.903574711900863,60,383.4,8.405835670025306,217,-7.7098121838381655
2300,uva,packing_C,T08,largo,20,G2,4.2876741302331025,0.6712553259304718,1.04510360092469,True,639,306.0230660779901,108.80778961843045,-0.4259571617443574,24.903574711900863,60,383.4,8.405835670025306,218,-7.976178126927158
2300,uva,packing_C,T08,largo,20,G2,4.2876741302331025,0.6712553259304718,1.04510360092469,True,639,306.0230660779901,108.80778961843045,-0.4259571617443574,24.903574711900863,60,383.4,8.405835670025306,219,-7.701132156837697
2300,uva,packing_C,T08,largo,20,G2,4.2876741302331025,0.6712553259304718,1.04510360092469,True,639,306.0230660779901,108.80778961843045,-0.4259571617443574,24.903574711900863,60,383.4,8.405835670025306,220,-7.711998167266541
2300,uva,packing_C,T08,largo,20,G2,4.2876741302331025,0.6712553259304718,1.04510360092469,True,639,306.0230660779901,108.80778961843045,-0.4259571617443574,24.903574711900863,60,383.4,8.405835670025306,221,-7.795368171861694
2300,uva,packing_C,T08,largo,20,G2,4.2876741302331025,0.6712553259304718,1.04510360092469,True,639,306.0230660779901,108.80778961843045,-0.4259571617443574,24.903574711900863,60,383.4,8.405835670025306,222,-7.648224871944321
2300,uva,packing_C,T08,largo,20,G2,4.2876741302331025,0.6712553259304718,1.04510360092469,True,639,306.0230660779901,108.80778961843045,-0.4259571617443574,24.903574711900863,60,383.4,8.405835670025306,223,-7.6945113583636955
2300,uva,packing_C,T08,largo,20,G2,4.2876741302331025,0.6712553259304718,1.04510360092469,True,639,306.0230660779901,108.80778961843045,-0.4259571617443574,24.903574711900863,60,383.4,8.405835670025306,224,-7.761672266613097
2300,uva,packing_C,T08,largo,20,G2,4.2876741302331025,0.6712553259304718,1.04510360092469,True,639,306.0230660779901,108.80778961843045,-0.4259571617443574,24.903574711900863,60,383.4,8.405835670025306,225,-7.719400619704057
2300,uva,packing_C,T08,largo,20,G2,4.2876741302331025,0.6712553259304718,1.04510360092469,True,639,306.0230660779901,108.80778961843045,-0.4259571617443574,24.903574711900863,60,383.4,8.405835670025306,226,-7.752993368598136
2300,uva,packing_C,T08,largo,20,G2,4.2876741302331025,0.6712553259304718,1.04510360092469,True,639,306.0230660779901,108.80778961843045,-0.4259571617443574,24.903574711900863,60,383.4,8.405835670025306,227,-7.891256444469002
2300,uva,packing_C,T08,largo,20,G2,4.2876741302331025,0.6712553259304718,1.04510360092469,True,639,306.0230660779901,108.80778961843045,-0.4259571617443574,24.903574711900863,60,383.4,8.405835670025306,228,-7.608135859400201
2300,uva,packing_C,T08,largo,20,G2,4.2876741302331025,0.6712553259304718,1.04510360092469,True,639,306.0230660779901,108.80778961843045,-0.4259571617443574,24.903574711900863,60,383.4,8.405835670025306,229,-7.805757370012823
2300,uva,packing_C,T08,largo,20,G2,4.2876741302331025,0.6712553259304718,1.04510360092469,True,639,306.0230660779901,108.80778961843045,-0.4259571617443574,24.903574711900863,60,383.4,8.405835670025306,230,-7.803143455109653
2300,uva,packing_C,T08,largo,20,G2,4.2876741302331025,0.6712553259304718,1.04510360092469,True,639,306.0230660779901,108.80778961843045,-0.4259571617443574,24.903574711900863,60,383.4,8.405835670025306,231,-7.789888921684253
2300,uva,packing_C,T08,largo,20,G2,4.2876741302331025,0.6712553259304718,1.04510360092469,True,639,306.0230660779901,108.80778961843045,-0.4259571617443574,24.903574711900863,60,383.4,8.405835670025306,232,-7.608066341236116
2300,uva,packing_C,T08,largo,20,G2,4.2876741302331025,0.6712553259304718,1.04510360092469,True,639,306.0230660779901,108.80778961843045,-0.4259571617443574,24.903574711900863,60,383.4,8.405835670025306,233,-7.642283680548955
2300,uva,packing_C,T08,largo,20,G2,4.2876741302331025,0.6712553259304718,1.04510360092469,True,639,306.0230660779901,108.80778961843045,-0.4259571617443574,24.903574711900863,60,383.4,8.405835670025306,234,-7.73719966752875
2300,uva,packing_C,T08,largo,20,G2,4.2876741302331025,0.6712553259304718,1.04510360092469,True,639,306.0230660779901,108.80778961843045,-0.4259571617443574,24.903574711900863,60,383.4,8.405835670025306,235,-7.410295538875952
2300,uva,packing_C,T08,largo,20,G2,4.2876741302331025,0.6712553259304718,1.04510360092469,True,639,306.0230660779901,108.80778961843045,-0.4259571617443574,24.903574711900863,60,383.4,8.405835670025306,236,-7.626210453052857
2300,uva,packing_C,T08,largo,20,G2,4.2876741302331025,0.6712553259304718,1.04510360092469,True,639,306.0230660779901,108.80778961843045,-0.4259571617443574,24.903574711900863,60,383.4,8.405835670025306,237,-7.529076512792869
2300,uva,packing_C,T08,largo,20,G2,4.2876741302331025,0.6712553259304718,1.04510360092469,True,639,306.0230660779901,108.80778961843045,-0.4259571617443574,24.903574711900863,60,383.4,8.405835670025306,238,-7.7320132729015745
2300,uva,packing_C,T08,largo,20,G2,4.2876741302331025,0.6712553259304718,1.04510360092469,True,639,306.0230660779901,108.80778961843045,-0.4259571617443574,24.903574711900863,60,383.4,8.405835670025306,239,-7.632302559744094
2300,uva,packing_C,T08,largo,20,G2,4.2876741302331025,0.6712553259304718,1.04510360092469,True,639,306.0230660779901,108.80778961843045,-0.4259571617443574,24.903574711900863,60,383.4,8.405835670025306,240,-7.589666193833374
2300,uva,packing_C,T08,largo,20,G2,4.2876741302331025,0.6712553259304718,1.04510360092469,True,639,306.0230660779901,108.80778961843045,-0.4259571617443574,24.903574711900863,60,383.4,8.405835670025306,241,-7.373866317871302
2300,uva,packing_C,T08,largo,20,G2,4.2876741302331025,0.6712553259304718,1.04510360092469,True,639,306.0230660779901,108.80778961843045,-0.4259571617443574,24.903574711900863,60,383.4,8.405835670025306,242,-7.66373488718884
2300,uva,packing_C,T08,largo,20,G2,4.2876741302331025,0.6712553259304718,1.04510360092469,True,639,306.0230660779901,108.80778961843045,-0.4259571617443574,24.903574711900863,60,383.4,8.405835670025306,243,-7.239214837908953
2300,uva,packing_C,T08,largo,20,G2,4.2876741302331025,0.6712553259304718,1.04510360092469,True,639,306.0230660779901,108.80778961843045,-0.4259571617443574,24.903574711900863,60,383.4,8.405835670025306,244,-7.439110975965463
2300,uva,packing_C,T08,largo,20,G2,4.2876741302331025,0.6712553259304718,1.04510360092469,True,639,306.0230660779901,108.80778961843045,-0.4259571617443574,24.903574711900863,60,383.4,8.405835670025306,245,-7.316557209807044
2300,uva,packing_C,T08,largo,20,G2,4.2876741302331025,0.6712553259304718,1.04510360092469,True,639,306.0230660779901,108.80778961843045,-0.4259571617443574,24.903574711900863,60,383.4,8.405835670025306,246,-7.366864310821215
2300,uva,packing_C,T08,largo,20,G2,4.2876741302331025,0.6712553259304718,1.04510360092469,True,639,306.0230660779901,108.80778961843045,-0.4259571617443574,24.903574711900863,60,383.4,8.405835670025306,247,-7.489119264568462
2300,uva,packing_C,T08,largo,20,G2,4.2876741302331025,0.6712553259304718,1.04510360092469,True,639,306.0230660779901,108.80778961843045,-0.4259571617443574,24.903574711900863,60,383.4,8.405835670025306,248,-7.503312790565479
2300,uva,packing_C,T08,largo,20,G2,4.2876741302331025,0.6712553259304718,1.04510360092469,True,639,306.0230660779901,108.80778961843045,-0.4259571617443574,24.903574711900863,60,383.4,8.405835670025306,249,-7.344324551928819
2300,uva,packing_C,T08,largo,20,G2,4.2876741302331025,0.6712553259304718,1.04510360092469,True,639,306.0230660779901,108.80778961843045,-0.4259571617443574,24.903574711900863,60,383.4,8.405835670025306,250,-7.437355380641162
2300,uva,packing_C,T08,largo,20,G2,4.2876741302331025,0.6712553259304718,1.04510360092469,True,639,306.0230660779901,108.80778961843045,-0.4259571617443574,24.903574711900863,60,383.4,8.405835670025306,251,-7.2098001042648905
2300,uva,packing_C,T08,largo,20,G2,4.2876741302331025,0.6712553259304718,1.04510360092469,True,639,306.0230660779901,108.80778961843045,-0.4259571617443574,24.903574711900863,60,383.4,8.405835670025306,252,-7.187350404669613
2300,uva,packing_C,T08,largo,20,G2,4.2876741302331025,0.6712553259304718,1.04510360092469,True,639,306.0230660779901,108.80778961843045,-0.4259571617443574,24.903574711900863,60,383.4,8.405835670025306,253,-6.974172396314964
2300,uva,packing_C,T08,largo,20,G2,4.2876741302331025,0.6712553259304718,1.04510360092469,True,639,306.0230660779901,108.80778961843045,-0.4259571617443574,24.903574711900863,60,383.4,8.405835670025306,254,-7.039540871848248
2300,uva,packing_C,T08,largo,20,G2,4.2876741302331025,0.6712553259304718,1.04510360092469,True,639,306.0230660779901,108.80778961843045,-0.4259571617443574,24.903574711900863,60,383.4,8.405835670025306,255,-7.21493694917122
2300,uva,packing_C,T08,largo,20,G2,4.2876741302331025,0.6712553259304718,1.04510360092469,True,639,306.0230660779901,108.80778961843045,-0.4259571617443574,24.903574711900863,60,383.4,8.405835670025306,256,-7.077911434632904
2300,uva,packing_C,T08,largo,20,G2,4.2876741302331025,0.6712553259304718,1.04510360092469,True,639,306.0230660779901,108.80778961843045,-0.4259571617443574,24.903574711900863,60,383.4,8.405835670025306,257,-7.1073150926825335
2300,uva,packing_C,T08,largo,20,G2,4.2876741302331025,0.6712553259304718,1.04510360092469,True,639,306.0230660779901,108.80778961843045,-0.4259571617443574,24.903574711900863,60,383.4,8.405835670025306,258,-7.089387245685332
2300,uva,packing_C,T08,largo,20,G2,4.2876741302331025,0.6712553259304718,1.04510360092469,True,639,306.0230660779901,108.80778961843045,-0.4259571617443574,24.903574711900863,60,383.4,8.405835670025306,259,-6.91634265231796
2300,uva,packing_C,T08,largo,20,G2,4.2876741302331025,0.6712553259304718,1.04510360092469,True,639,306.0230660779901,108.80778961843045,-0.4259571617443574,24.903574711900863,60,383.4,8.405835670025306,260,-7.058446631164768
2300,uva,packing_C,T08,largo,20,G2,4.2876741302331025,0.6712553259304718,1.04510360092469,True,639,306.0230660779901,108.80778961843045,-0.4259571617443574,24.903574711900863,60,383.4,8.405835670025306,261,-7.024403072655956
2300,uva,packing_C,T08,largo,20,G2,4.2876741302331025,0.6712553259304718,1.04510360092469,True,639,306.0230660779901,108.80778961843045,-0.4259571617443574,24.903574711900863,60,383.4,8.405835670025306,262,-6.83370885629855
2300,uva,packing_C,T08,largo,20,G2,4.2876741302331025,0.6712553259304718,1.04510360092469,True,639,306.0230660779901,108.80778961843045,-0.4259571617443574,24.903574711900863,60,383.4,8.405835670025306,263,-6.828495628353982
2300,uva,packing_C,T08,largo,20,G2,4.2876741302331025,0.6712553259304718,1.04510360092469,True,639,306.0230660779901,108.80778961843045,-0.4259571617443574,24.903574711900863,60,383.4,8.405835670025306,264,-6.850449781644803
2300,uva,packing_C,T08,largo,20,G2,4.2876741302331025,0.6712553259304718,1.04510360092469,True,639,306.0230660779901,108.80778961843045,-0.4259571617443574,24.903574711900863,60,383.4,8.405835670025306,265,-6.755515498703137
2300,uva,packing_C,T08,largo,20,G2,4.2876741302331025,0.6712553259304718,1.04510360092469,True,639,306.0230660779901,108.80778961843045,-0.4259571617443574,24.903574711900863,60,383.4,8.405835670025306,266,-6.733519519120222
2300,uva,packing_C,T08,largo,20,G2,4.2876741302331025,0.6712553259304718,1.04510360092469,True,639,306.0230660779901,108.80778961843045,-0.4259571617443574,24.903574711900863,60,383.4,8.405835670025306,267,-6.540766422794624
2300,uva,packing_C,T08,largo,20,G2,4.2876741302331025,0.6712553259304718,1.04510360092469,True,639,306.0230660779901,108.80778961843045,-0.4259571617443574,24.903574711900863,60,383.4,8.405835670025306,268,-6.573196080034253
2300,uva,packing_C,T08,largo,20,G2,4.2876741302331025,0.6712553259304718,1.04510360092469,True,639,306.0230660779901,108.80778961843045,-0.4259571617443574,24.903574711900863,60,383.4,8.405835670025306,269,-6.551023703572445
2300,uva,packing_C,T08,largo,20,G2,4.2876741302331025,0.6712553259304718,1.04510360092469,True,639,306.0230660779901,108.80778961843045,-0.4259571617443574,24.903574711900863,60,383.4,8.405835670025306,270,-6.600455982442983
2300,uva,packing_C,T08,largo,20,G2,4.2876741302331025,0.6712553259304718,1.04510360092469,True,639,306.0230660779901,108.80778961843045,-0.4259571617443574,24.903574711900863,60,383.4,8.405835670025306,271,-6.409261291660173
2300,uva,packing_C,T08,largo,20,G2,4.2876741302331025,0.6712553259304718,1.04510360092469,True,639,306.0230660779901,108.80778961843045,-0.4259571617443574,24.903574711900863,60,383.4,8.405835670025306,272,-6.34851793177372
2300,uva,packing_C,T08,largo,20,G2,4.2876741302331025,0.6712553259304718,1.04510360092469,True,639,306.0230660779901,108.80778961843045,-0.4259571617443574,24.903574711900863,60,383.4,8.405835670025306,273,-6.457395749475827
2300,uva,packing_C,T08,largo,20,G2,4.2876741302331025,0.6712553259304718,1.04510360092469,True,639,306.0230660779901,108.80778961843045,-0.4259571617443574,24.903574711900863,60,383.4,8.405835670025306,274,-6.364735155741378
2300,uva,packing_C,T08,largo,20,G2,4.2876741302331025,0.6712553259304718,1.04510360092469,True,639,306.0230660779901,108.80778961843045,-0.4259571617443574,24.903574711900863,60,383.4,8.405835670025306,275,-6.245352606628048
2300,uva,packing_C,T08,largo,20,G2,4.2876741302331025,0.6712553259304718,1.04510360092469,True,639,306.0230660779901,108.80778961843045,-0.4259571617443574,24.903574711900863,60,383.4,8.405835670025306,276,-6.420960376255378
2300,uva,packing_C,T08,largo,20,G2,4.2876741302331025,0.6712553259304718,1.04510360092469,True,639,306.0230660779901,108.80778961843045,-0.4259571617443574,24.903574711900863,60,383.4,8.405835670025306,277,-6.132318622125952
2300,uva,packing_C,T08,largo,20,G2,4.2876741302331025,0.6712553259304718,1.04510360092469,True,639,306.0230660779901,108.80778961843045,-0.4259571617443574,24.903574711900863,60,383.4,8.405835670025306,278,-6.151132915229957
2300,uva,packing_C,T08,largo,20,G2,4.2876741302331025,0.6712553259304718,1.04510360092469,True,639,306.0230660779901,108.80778961843045,-0.4259571617443574,24.903574711900863,60,383.4,8.405835670025306,279,-6.144943233534411
2300,uva,packing_C,T08,largo,20,G2,4.2876741302331025,0.6712553259304718,1.04510360092469,True,639,306.0230660779901,108.80778961843045,-0.4259571617443574,24.903574711900863,60,383.4,8.405835670025306,280,-6.0477151457721305
2300,uva,packing_C,T08,largo,20,G2,4.2876741302331025,0.6712553259304718,1.04510360092469,True,639,306.0230660779901,108.80778961843045,-0.4259571617443574,24.903574711900863,60,383.4,8.405835670025306,281,-6.0958025709964225
2300,uva,packing_C,T08,largo,20,G2,4.2876741302331025,0.6712553259304718,1.04510360092469,True,639,306.0230660779901,108.80778961843045,-0.4259571617443574,24.903574711900863,60,383.4,8.405835670025306,282,-6.08393968640855
2300,uva,packing_C,T08,largo,20,G2,4.2876741302331025,0.6712553259304718,1.04510360092469,True,639,306.0230660779901,108.80778961843045,-0.4259571617443574,24.903574711900863,60,383.4,8.405835670025306,283,-5.915516427938841
2300,uva,packing_C,T08,largo,20,G2,4.2876741302331025,0.6712553259304718,1.04510360092469,True,639,306.0230660779901,108.80778961843045,-0.4259571617443574,24.903574711900863,60,383.4,8.405835670025306,284,-5.759355996782531
2300,uva,packing_C,T08,largo,20,G2,4.2876741302331025,0.6712553259304718,1.04510360092469,True,639,306.0230660779901,108.80778961843045,-0.4259571617443574,24.903574711900863,60,383.4,8.405835670025306,285,-5.808897259793569
2300,uva,packing_C,T08,largo,20,G2,4.2876741302331025,0.6712553259304718,1.04510360092469,True,639,306.0230660779901,108.80778961843045,-0.4259571617443574,24.903574711900863,60,383.4,8.405835670025306,286,-5.786337320841322
2300,uva,packing_C,T08,largo,20,G2,4.2876741302331025,0.6712553259304718,1.04510360092469,True,639,306.0230660779901,108.80778961843045,-0.4259571617443574,24.903574711900863,60,383.4,8.405835670025306,287,-5.719555834854229
2300,uva,packing_C,T08,largo,20,G2,4.2876741302331025,0.6712553259304718,1.04510360092469,True,639,306.0230660779901,108.80778961843045,-0.4259571617443574,24.903574711900863,60,383.4,8.405835670025306,288,-5.738029092627409
2300,uva,packing_C,T08,largo,20,G2,4.2876741302331025,0.6712553259304718,1.04510360092469,True,639,306.0230660779901,108.80778961843045,-0.4259571617443574,24.903574711900863,60,383.4,8.405835670025306,289,-5.556260360056845
2300,uva,packing_C,T08,largo,20,G2,4.2876741302331025,0.6712553259304718,1.04510360092469,True,639,306.0230660779901,108.80778961843045,-0.4259571617443574,24.903574711900863,60,383.4,8.405835670025306,290,-5.534154011805747
2300,uva,packing_C,T08,largo,20,G2,4.2876741302331025,0.6712553259304718,1.04510360092469,True,639,306.0230660779901,108.80778961843045,-0.4259571617443574,24.903574711900863,60,383.4,8.405835670025306,291,-5.615189079287862
2300,uva,packing_C,T08,largo,20,G2,4.2876741302331025,0.6712553259304718,1.04510360092469,True,639,306.0230660779901,108.80778961843045,-0.4259571617443574,24.903574711900863,60,383.4,8.405835670025306,292,-5.51463148613624
2300,uva,packing_C,T08,largo,20,G2,4.2876741302331025,0.6712553259304718,1.04510360092469,True,639,306.0230660779901,108.80778961843045,-0.4259571617443574,24.903574711900863,60,383.4,8.405835670025306,293,-5.610976508851175
2300,uva,packing_C,T08,largo,20,G2,4.2876741302331025,0.6712553259304718,1.04510360092469,True,639,306.0230660779901,108.80778961843045,-0.4259571617443574,24.903574711900863,60,383.4,8.405835670025306,294,-5.339002832373355
2300,uva,packing_C,T08,largo,20,G2,4.2876741302331025,0.6712553259304718,1.04510360092469,True,639,306.0230660779901,108.80778961843045,-0.4259571617443574,24.903574711900863,60,383.4,8.405835670025306,295,-5.41567259443356
2300,uva,packing_C,T08,largo,20,G2,4.2876741302331025,0.6712553259304718,1.04510360092469,True,639,306.0230660779901,108.80778961843045,-0.4259571617443574,24.903574711900863,60,383.4,8.405835670025306,296,-5.203369200058462
2300,uva,packing_C,T08,largo,20,G2,4.2876741302331025,0.6712553259304718,1.04510360092469,True,639,306.0230660779901,108.80778961843045,-0.4259571617443574,24.903574711900863,60,383.4,8.405835670025306,297,-5.124318218099421
2300,uva,packing_C,T08,largo,20,G2,4.2876741302331025,0.6712553259304718,1.04510360092469,True,639,306.0230660779901,108.80778961843045,-0.4259571617443574,24.903574711900863,60,383.4,8.405835670025306,298,-5.108166127847011
2300,uva,packing_C,T08,largo,20,G2,4.2876741302331025,0.6712553259304718,1.04510360092469,True,639,306.0230660779901,108.80778961843045,-0.4259571617443574,24.903574711900863,60,383.4,8.405835670025306,299,-5.162215995305205
2300,uva,packing_C,T08,largo,20,G2,4.2876741302331025,0.6712553259304718,1.04510360092469,True,639,306.0230660779901,108.80778961843045,-0.4259571617443574,24.903574711900863,60,383.4,8.405835670025306,300,-4.993286375454046
2300,uva,packing_C,T08,largo,20,G2,4.2876741302331025,0.6712553259304718,1.04510360092469,True,639,306.0230660779901,108.80778961843045,-0.4259571617443574,24.903574711900863,60,383.4,8.405835670025306,301,-4.828707192883345
2300,uva,packing_C,T08,largo,20,G2,4.2876741302331025,0.6712553259304718,1.04510360092469,True,639,306.0230660779901,108.80778961843045,-0.4259571617443574,24.903574711900863,60,383.4,8.405835670025306,302,-4.9210266590364045
2300,uva,packing_C,T08,largo,20,G2,4.2876741302331025,0.6712553259304718,1.04510360092469,True,639,306.0230660779901,108.80778961843045,-0.4259571617443574,24.903574711900863,60,383.4,8.405835670025306,303,-4.714934871204943
2300,uva,packing_C,T08,largo,20,G2,4.2876741302331025,0.6712553259304718,1.04510360092469,True,639,306.0230660779901,108.80778961843045,-0.4259571617443574,24.903574711900863,60,383.4,8.405835670025306,304,-4.721322512941257
2300,uva,packing_C,T08,largo,20,G2,4.2876741302331025,0.6712553259304718,1.04510360092469,True,639,306.0230660779901,108.80778961843045,-0.4259571617443574,24.903574711900863,60,383.4,8.405835670025306,305,-4.766862257461646
2300,uva,packing_C,T08,largo,20,G2,4.2876741302331025,0.6712553259304718,1.04510360092469,True,639,306.0230660779901,108.80778961843045,-0.4259571617443574,24.903574711900863,60,383.4,8.405835670025306,306,-4.7111520512150395
2300,uva,packing_C,T08,largo,20,G2,4.2876741302331025,0.6712553259304718,1.04510360092469,True,639,306.0230660779901,108.80778961843045,-0.4259571617443574,24.903574711900863,60,383.4,8.405835670025306,307,-4.632905851135956
2300,uva,packing_C,T08,largo,20,G2,4.2876741302331025,0.6712553259304718,1.04510360092469,True,639,306.0230660779901,108.80778961843045,-0.4259571617443574,24.903574711900863,60,383.4,8.405835670025306,308,-4.5784454625093876
2300,uva,packing_C,T08,largo,20,G2,4.2876741302331025,0.6712553259304718,1.04510360092469,True,639,306.0230660779901,108.80778961843045,-0.4259571617443574,24.903574711900863,60,383.4,8.405835670025306,309,-4.479988563237974
2300,uva,packing_C,T08,largo,20,G2,4.2876741302331025,0.6712553259304718,1.04510360092469,True,639,306.0230660779901,108.80778961843045,-0.4259571617443574,24.903574711900863,60,383.4,8.405835670025306,310,-4.400075382695799
2300,uva,packing_C,T08,largo,20,G2,4.2876741302331025,0.6712553259304718,1.04510360092469,True,639,306.0230660779901,108.80778961843045,-0.4259571617443574,24.903574711900863,60,383.4,8.405835670025306,311,-4.289248540501056
2300,uva,packing_C,T08,largo,20,G2,4.2876741302331025,0.6712553259304718,1.04510360092469,True,639,306.0230660779901,108.80778961843045,-0.4259571617443574,24.903574711900863,60,383.4,8.405835670025306,312,-4.32151607017012
2300,uva,packing_C,T08,largo,20,G2,4.2876741302331025,0.6712553259304718,1.04510360092469,True,639,306.0230660779901,108.80778961843045,-0.4259571617443574,24.903574711900863,60,383.4,8.405835670025306,313,-4.353536400382906
2300,uva,packing_C,T08,largo,20,G2,4.2876741302331025,0.6712553259304718,1.04510360092469,True,639,306.0230660779901,108.80778961843045,-0.4259571617443574,24.903574711900863,60,383.4,8.405835670025306,314,-4.181149548945383
2300,uva,packing_C,T08,largo,20,G2,4.2876741302331025,0.6712553259304718,1.04510360092469,True,639,306.0230660779901,108.80778961843045,-0.4259571617443574,24.903574711900863,60,383.4,8.405835670025306,315,-4.200274914783829
2300,uva,packing_C,T08,largo,20,G2,4.2876741302331025,0.6712553259304718,1.04510360092469,True,639,306.0230660779901,108.80778961843045,-0.4259571617443574,24.903574711900863,60,383.4,8.405835670025306,316,-4.051508509436371
2300,uva,packing_C,T08,largo,20,G2,4.2876741302331025,0.6712553259304718,1.04510360092469,True,639,306.0230660779901,108.80778961843045,-0.4259571617443574,24.903574711900863,60,383.4,8.405835670025306,317,-4.074049435217647
2300,uva,packing_C,T08,largo,20,G2,4.2876741302331025,0.6712553259304718,1.04510360092469,True,639,306.0230660779901,108.80778961843045,-0.4259571617443574,24.903574711900863,60,383.4,8.405835670025306,318,-4.096171417413918
2300,uva,packing_C,T08,largo,20,G2,4.2876741302331025,0.6712553259304718,1.04510360092469,True,639,306.0230660779901,108.80778961843045,-0.4259571617443574,24.903574711900863,60,383.4,8.405835670025306,319,-3.954173970613445
2300,uva,packing_C,T08,largo,20,G2,4.2876741302331025,0.6712553259304718,1.04510360092469,True,639,306.0230660779901,108.80778961843045,-0.4259571617443574,24.903574711900863,60,383.4,8.405835670025306,320,-3.9182769214256266
2300,uva,packing_C,T08,largo,20,G2,4.2876741302331025,0.6712553259304718,1.04510360092469,True,639,306.0230660779901,108.80778961843045,-0.4259571617443574,24.903574711900863,60,383.4,8.405835670025306,321,-3.800885524041698
2300,uva,packing_C,T08,largo,20,G2,4.2876741302331025,0.6712553259304718,1.04510360092469,True,639,306.0230660779901,108.80778961843045,-0.4259571617443574,24.903574711900863,60,383.4,8.405835670025306,322,-3.8759486459922554
2300,uva,packing_C,T08,largo,20,G2,4.2876741302331025,0.6712553259304718,1.04510360092469,True,639,306.0230660779901,108.80778961843045,-0.4259571617443574,24.903574711900863,60,383.4,8.405835670025306,323,-3.7574722159076437
2300,uva,packing_C,T08,largo,20,G2,4.2876741302331025,0.6712553259304718,1.04510360092469,True,639,306.0230660779901,108.80778961843045,-0.4259571617443574,24.903574711900863,60,383.4,8.405835670025306,324,-3.81904666977115
2300,uva,packing_C,T08,largo,20,G2,4.2876741302331025,0.6712553259304718,1.04510360092469,True,639,306.0230660779901,108.80778961843045,-0.4259571617443574,24.903574711900863,60,383.4,8.405835670025306,325,-3.5175323869533983
2300,uva,packing_C,T08,largo,20,G2,4.2876741302331025,0.6712553259304718,1.04510360092469,True,639,306.0230660779901,108.80778961843045,-0.4259571617443574,24.903574711900863,60,383.4,8.405835670025306,326,-3.4756524219104863
2300,uva,packing_C,T08,largo,20,G2,4.2876741302331025,0.6712553259304718,1.04510360092469,True,639,306.0230660779901,108.80778961843045,-0.4259571617443574,24.903574711900863,60,383.4,8.405835670025306,327,-3.626060282689509
2300,uva,packing_C,T08,largo,20,G2,4.2876741302331025,0.6712553259304718,1.04510360092469,True,639,306.0230660779901,108.80778961843045,-0.4259571617443574,24.903574711900863,60,383.4,8.405835670025306,328,-3.3725260626106057
2300,uva,packing_C,T08,largo,20,G2,4.2876741302331025,0.6712553259304718,1.04510360092469,True,639,306.0230660779901,108.80778961843045,-0.4259571617443574,24.903574711900863,60,383.4,8.405835670025306,329,-3.364205489397421
2300,uva,packing_C,T08,largo,20,G2,4.2876741302331025,0.6712553259304718,1.04510360092469,True,639,306.0230660779901,108.80778961843045,-0.4259571617443574,24.903574711900863,60,383.4,8.405835670025306,330,-3.2953670193767066
2300,uva,packing_C,T08,largo,20,G2,4.2876741302331025,0.6712553259304718,1.04510360092469,True,639,306.0230660779901,108.80778961843045,-0.4259571617443574,24.903574711900863,60,383.4,8.405835670025306,331,-3.1904850116932426
2300,uva,packing_C,T08,largo,20,G2,4.2876741302331025,0.6712553259304718,1.04510360092469,True,639,306.0230660779901,108.80778961843045,-0.4259571617443574,24.903574711900863,60,383.4,8.405835670025306,332,-3.1750030148509856
2300,uva,packing_C,T08,largo,20,G2,4.2876741302331025,0.6712553259304718,1.04510360092469,True,639,306.0230660779901,108.80778961843045,-0.4259571617443574,24.903574711900863,60,383.4,8.405835670025306,333,-3.185835395558294
2300,uva,packing_C,T08,largo,20,G2,4.2876741302331025,0.6712553259304718,1.04510360092469,True,639,306.0230660779901,108.80778961843045,-0.4259571617443574,24.903574711900863,60,383.4,8.405835670025306,334,-3.0459478143860377
2300,uva,packing_C,T08,largo,20,G2,4.2876741302331025,0.6712553259304718,1.04510360092469,True,639,306.0230660779901,108.80778961843045,-0.4259571617443574,24.903574711900863,60,383.4,8.405835670025306,335,-3.0581905231406665
2300,uva,packing_C,T08,largo,20,G2,4.2876741302331025,0.6712553259304718,1.04510360092469,True,639,306.0230660779901,108.80778961843045,-0.4259571617443574,24.903574711900863,60,383.4,8.405835670025306,336,-2.993458287510015
2300,uva,packing_C,T08,largo,20,G2,4.2876741302331025,0.6712553259304718,1.04510360092469,True,639,306.0230660779901,108.80778961843045,-0.4259571617443574,24.903574711900863,60,383.4,8.405835670025306,337,-2.9620634025517503
2300,uva,packing_C,T08,largo,20,G2,4.2876741302331025,0.6712553259304718,1.04510360092469,True,639,306.0230660779901,108.80778961843045,-0.4259571617443574,24.903574711900863,60,383.4,8.405835670025306,338,-2.94103307328243
2300,uva,packing_C,T08,largo,20,G2,4.2876741302331025,0.6712553259304718,1.04510360092469,True,639,306.0230660779901,108.80778961843045,-0.4259571617443574,24.903574711900863,60,383.4,8.405835670025306,339,-2.882535826263112
2300,uva,packing_C,T08,largo,20,G2,4.2876741302331025,0.6712553259304718,1.04510360092469,True,639,306.0230660779901,108.80778961843045,-0.4259571617443574,24.903574711900863,60,383.4,8.405835670025306,340,-2.7154138361629307
2300,uva,packing_C,T08,largo,20,G2,4.2876741302331025,0.6712553259304718,1.04510360092469,True,639,306.0230660779901,108.80778961843045,-0.4259571617443574,24.903574711900863,60,383.4,8.405835670025306,341,-2.7243170869052493
2300,uva,packing_C,T08,largo,20,G2,4.2876741302331025,0.6712553259304718,1.04510360092469,True,639,306.0230660779901,108.80778961843045,-0.4259571617443574,24.903574711900863,60,383.4,8.405835670025306,342,-2.6176781146331027
2300,uva,packing_C,T08,largo,20,G2,4.2876741302331025,0.6712553259304718,1.04510360092469,True,639,306.0230660779901,108.80778961843045,-0.4259571617443574,24.903574711900863,60,383.4,8.405835670025306,343,-2.524090849907223
2300,uva,packing_C,T08,largo,20,G2,4.2876741302331025,0.6712553259304718,1.04510360092469,True,639,306.0230660779901,108.80778961843045,-0.4259571617443574,24.903574711900863,60,383.4,8.405835670025306,344,-2.5922850998116487
2300,uva,packing_C,T08,largo,20,G2,4.2876741302331025,0.6712553259304718,1.04510360092469,True,639,306.0230660779901,108.80778961843045,-0.4259571617443574,24.903574711900863,60,383.4,8.405835670025306,345,-2.5989456255053387
2300,uva,packing_C,T08,largo,20,G2,4.2876741302331025,0.6712553259304718,1.04510360092469,True,639,306.0230660779901,108.80778961843045,-0.4259571617443574,24.903574711900863,60,383.4,8.405835670025306,346,-2.5325077036435943
2300,uva,packing_C,T08,largo,20,G2,4.2876741302331025,0.6712553259304718,1.04510360092469,True,639,306.0230660779901,108.80778961843045,-0.4259571617443574,24.903574711900863,60,383.4,8.405835670025306,347,-2.269116138864227
2300,uva,packing_C,T08,largo,20,G2,4.2876741302331025,0.6712553259304718,1.04510360092469,True,639,306.0230660779901,108.80778961843045,-0.4259571617443574,24.903574711900863,60,383.4,8.405835670025306,348,-2.174724514889415
2300,uva,packing_C,T08,largo,20,G2,4.2876741302331025,0.6712553259304718,1.04510360092469,True,639,306.0230660779901,108.80778961843045,-0.4259571617443574,24.903574711900863,60,383.4,8.405835670025306,349,-2.2927057718599633
2300,uva,packing_C,T08,largo,20,G2,4.2876741302331025,0.6712553259304718,1.04510360092469,True,639,306.0230660779901,108.80778961843045,-0.4259571617443574,24.903574711900863,60,383.4,8.405835670025306,350,-2.3244617061591213
2300,uva,packing_C,T08,largo,20,G2,4.2876741302331025,0.6712553259304718,1.04510360092469,True,639,306.0230660779901,108.80778961843045,-0.4259571617443574,24.903574711900863,60,383.4,8.405835670025306,351,-2.063332398486367
2300,uva,packing_C,T08,largo,20,G2,4.2876741302331025,0.6712553259304718,1.04510360092469,True,639,306.0230660779901,108.80778961843045,-0.4259571617443574,24.903574711900863,60,383.4,8.405835670025306,352,-2.099762290543458
2300,uva,packing_C,T08,largo,20,G2,4.2876741302331025,0.6712553259304718,1.04510360092469,True,639,306.0230660779901,108.80778961843045,-0.4259571617443574,24.903574711900863,60,383.4,8.405835670025306,353,-1.9543137914421544
2300,uva,packing_C,T08,largo,20,G2,4.2876741302331025,0.6712553259304718,1.04510360092469,True,639,306.0230660779901,108.80778961843045,-0.4259571617443574,24.903574711900863,60,383.4,8.405835670025306,354,-2.002800720267113
2300,uva,packing_C,T08,largo,20,G2,4.2876741302331025,0.6712553259304718,1.04510360092469,True,639,306.0230660779901,108.80778961843045,-0.4259571617443574,24.903574711900863,60,383.4,8.405835670025306,355,-2.130655583393841
2300,uva,packing_C,T08,largo,20,G2,4.2876741302331025,0.6712553259304718,1.04510360092469,True,639,306.0230660779901,108.80778961843045,-0.4259571617443574,24.903574711900863,60,383.4,8.405835670025306,356,-1.8599532206113385
2300,uva,packing_C,T08,largo,20,G2,4.2876741302331025,0.6712553259304718,1.04510360092469,True,639,306.0230660779901,108.80778961843045,-0.4259571617443574,24.903574711900863,60,383.4,8.405835670025306,357,-1.967566068063504
2300,uva,packing_C,T08,largo,20,G2,4.2876741302331025,0.6712553259304718,1.04510360092469,True,639,306.0230660779901,108.80778961843045,-0.4259571617443574,24.903574711900863,60,383.4,8.405835670025306,358,-1.8326959259348472
2300,uva,packing_C,T08,largo,20,G2,4.2876741302331025,0.6712553259304718,1.04510360092469,True,639,306.0230660779901,108.80778961843045,-0.4259571617443574,24.903574711900863,60,383.4,8.405835670025306,359,-1.6093039564610456
2300,uva,packing_C,T08,largo,20,G2,4.2876741302331025,0.6712553259304718,1.04510360092469,True,639,306.0230660779901,108.80778961843045,-0.4259571617443574,24.903574711900863,60,383.4,8.405835670025306,360,-1.9236581796564094
2300,uva,packing_C,T08,largo,20,G2,4.2876741302331025,0.6712553259304718,1.04510360092469,True,639,306.0230660779901,108.80778961843045,-0.4259571617443574,24.903574711900863,60,383.4,8.405835670025306,361,-1.731626564668002
2300,uva,packing_C,T08,largo,20,G2,4.2876741302331025,0.6712553259304718,1.04510360092469,True,639,306.0230660779901,108.80778961843045,-0.4259571617443574,24.903574711900863,60,383.4,8.405835670025306,362,-1.542336437282685
2300,uva,packing_C,T08,largo,20,G2,4.2876741302331025,0.6712553259304718,1.04510360092469,True,639,306.0230660779901,108.80778961843045,-0.4259571617443574,24.903574711900863,60,383.4,8.405835670025306,363,-1.647620358788315
2300,uva,packing_C,T08,largo,20,G2,4.2876741302331025,0.6712553259304718,1.04510360092469,True,639,306.0230660779901,108.80778961843045,-0.4259571617443574,24.903574711900863,60,383.4,8.405835670025306,364,-1.5254516060971313
2300,uva,packing_C,T08,largo,20,G2,4.2876741302331025,0.6712553259304718,1.04510360092469,True,639,306.0230660779901,108.80778961843045,-0.4259571617443574,24.903574711900863,60,383.4,8.405835670025306,365,-1.3631484918050156
2300,uva,packing_C,T08,largo,20,G2,4.2876741302331025,0.6712553259304718,1.04510360092469,True,639,306.0230660779901,108.80778961843045,-0.4259571617443574,24.903574711900863,60,383.4,8.405835670025306,366,-1.5140479814721448
2300,uva,packing_C,T08,largo,20,G2,4.2876741302331025,0.6712553259304718,1.04510360092469,True,639,306.0230660779901,108.80778961843045,-0.4259571617443574,24.903574711900863,60,383.4,8.405835670025306,367,-1.2718750739390723
2300,uva,packing_C,T08,largo,20,G2,4.2876741302331025,0.6712553259304718,1.04510360092469,True,639,306.0230660779901,108.80778961843045,-0.4259571617443574,24.903574711900863,60,383.4,8.405835670025306,368,-1.500538757629535
2300,uva,packing_C,T08,largo,20,G2,4.2876741302331025,0.6712553259304718,1.04510360092469,True,639,306.0230660779901,108.80778961843045,-0.4259571617443574,24.903574711900863,60,383.4,8.405835670025306,369,-1.2235104424720298
2300,uva,packing_C,T08,largo,20,G2,4.2876741302331025,0.6712553259304718,1.04510360092469,True,639,306.0230660779901,108.80778961843045,-0.4259571617443574,24.903574711900863,60,383.4,8.405835670025306,370,-1.2323583911242446
2300,uva,packing_C,T08,largo,20,G2,4.2876741302331025,0.6712553259304718,1.04510360092469,True,639,306.0230660779901,108.80778961843045,-0.4259571617443574,24.903574711900863,60,383.4,8.405835670025306,371,-1.1664182765334714
2300,uva,packing_C,T08,largo,20,G2,4.2876741302331025,0.6712553259304718,1.04510360092469,True,639,306.0230660779901,108.80778961843045,-0.4259571617443574,24.903574711900863,60,383.4,8.405835670025306,372,-1.015158819854973
2300,uva,packing_C,T08,largo,20,G2,4.2876741302331025,0.6712553259304718,1.04510360092469,True,639,306.0230660779901,108.80778961843045,-0.4259571617443574,24.903574711900863,60,383.4,8.405835670025306,373,-1.1629824361816818
2300,uva,packing_C,T08,largo,20,G2,4.2876741302331025,0.6712553259304718,1.04510360092469,True,639,306.0230660779901,108.80778961843045,-0.4259571617443574,24.903574711900863,60,383.4,8.405835670025306,374,-1.1007643214666278
2300,uva,packing_C,T08,largo,20,G2,4.2876741302331025,0.6712553259304718,1.04510360092469,True,639,306.0230660779901,108.80778961843045,-0.4259571617443574,24.903574711900863,60,383.4,8.405835670025306,375,-1.1489478971151978
2300,uva,packing_C,T08,largo,20,G2,4.2876741302331025,0.6712553259304718,1.04510360092469,True,639,306.0230660779901,108.80778961843045,-0.4259571617443574,24.903574711900863,60,383.4,8.405835670025306,376,-0.8224662163926603
2300,uva,packing_C,T08,largo,20,G2,4.2876741302331025,0.6712553259304718,1.04510360092469,True,639,306.0230660779901,108.80778961843045,-0.4259571617443574,24.903574711900863,60,383.4,8.405835670025306,377,-0.837446953197335
2300,uva,packing_C,T08,largo,20,G2,4.2876741302331025,0.6712553259304718,1.04510360092469,True,639,306.0230660779901,108.80778961843045,-0.4259571617443574,24.903574711900863,60,383.4,8.405835670025306,378,-0.6104784447854541
2300,uva,packing_C,T08,largo,20,G2,4.2876741302331025,0.6712553259304718,1.04510360092469,True,639,306.0230660779901,108.80778961843045,-0.4259571617443574,24.903574711900863,60,383.4,8.405835670025306,379,-0.7647300911914291
2300,uva,packing_C,T08,largo,20,G2,4.2876741302331025,0.6712553259304718,1.04510360092469,True,639,306.0230660779901,108.80778961843045,-0.4259571617443574,24.903574711900863,60,383.4,8.405835670025306,380,-0.7100092059540491
2300,uva,packing_C,T08,largo,20,G2,4.2876741302331025,0.6712553259304718,1.04510360092469,True,639,306.0230660779901,108.80778961843045,-0.4259571617443574,24.903574711900863,60,383.4,8.405835670025306,381,-0.754259310330772
2300,uva,packing_C,T08,largo,20,G2,4.2876741302331025,0.6712553259304718,1.04510360092469,True,639,306.0230660779901,108.80778961843045,-0.4259571617443574,24.903574711900863,60,383.4,8.405835670025306,382,-0.5416617762943859
2300,uva,packing_C,T08,largo,20,G2,4.2876741302331025,0.6712553259304718,1.04510360092469,True,639,306.0230660779901,108.80778961843045,-0.4259571617443574,24.903574711900863,60,383.4,8.405835670025306,383,-0.6204405823077004
2300,uva,packing_C,T08,largo,20,G2,4.2876741302331025,0.6712553259304718,1.04510360092469,True,639,306.0230660779901,108.80778961843045,-0.4259571617443574,24.903574711900863,60,383.4,8.405835670025306,384,-0.7450657230102485
2300,uva,packing_C,T08,largo,20,G2,4.2876741302331025,0.6712553259304718,1.04510360092469,True,639,306.0230660779901,108.80778961843045,-0.4259571617443574,24.903574711900863,60,383.4,8.405835670025306,385,-0.9016995952757965
2300,uva,packing_C,T08,largo,20,G2,4.2876741302331025,0.6712553259304718,1.04510360092469,True,639,306.0230660779901,108.80778961843045,-0.4259571617443574,24.903574711900863,60,383.4,8.405835670025306,386,-0.6442103405937973
2300,uva,packing_C,T08,largo,20,G2,4.2876741302331025,0.6712553259304718,1.04510360092469,True,639,306.0230660779901,108.80778961843045,-0.4259571617443574,24.903574711900863,60,383.4,8.405835670025306,387,-0.6575166156751762
2300,uva,packing_C,T08,largo,20,G2,4.2876741302331025,0.6712553259304718,1.04510360092469,True,639,306.0230660779901,108.80778961843045,-0.4259571617443574,24.903574711900863,60,383.4,8.405835670025306,388,-0.8152125823572128
2300,uva,packing_C,T08,largo,20,G2,4.2876741302331025,0.6712553259304718,1.04510360092469,True,639,306.0230660779901,108.80778961843045,-0.4259571617443574,24.903574711900863,60,383.4,8.405835670025306,389,-0.6868331385998285
2300,uva,packing_C,T08,largo,20,G2,4.2876741302331025,0.6712553259304718,1.04510360092469,True,639,306.0230660779901,108.80778961843045,-0.4259571617443574,24.903574711900863,60,383.4,8.405835670025306,390,-0.34381002014080725
2300,uva,packing_C,T08,largo,20,G2,4.2876741302331025,0.6712553259304718,1.04510360092469,True,639,306.0230660779901,108.80778961843045,-0.4259571617443574,24.903574711900863,60,383.4,8.405835670025306,391,-0.3770091611913256
2300,uva,packing_C,T08,largo,20,G2,4.2876741302331025,0.6712553259304718,1.04510360092469,True,639,306.0230660779901,108.80778961843045,-0.4259571617443574,24.903574711900863,60,383.4,8.405835670025306,392,-0.17975109644440676
2300,uva,packing_C,T08,largo,20,G2,4.2876741302331025,0.6712553259304718,1.04510360092469,True,639,306.0230660779901,108.80778961843045,-0.4259571617443574,24.903574711900863,60,383.4,8.405835670025306,393,-0.16896049691195414
2300,uva,packing_C,T08,largo,20,G2,4.2876741302331025,0.6712553259304718,1.04510360092469,True,639,306.0230660779901,108.80778961843045,-0.4259571617443574,24.903574711900863,60,383.4,8.405835670025306,394,0.042646434656510246
2300,uva,packing_C,T08,largo,20,G2,4.2876741302331025,0.6712553259304718,1.04510360092469,True,639,306.0230660779901,108.80778961843045,-0.4259571617443574,24.903574711900863,60,383.4,8.405835670025306,395,0.18225069131830188
2300,uva,packing_C,T08,largo,20,G2,4.2876741302331025,0.6712553259304718,1.04510360092469,True,639,306.0230660779901,108.80778961843045,-0.4259571617443574,24.903574711900863,60,383.4,8.405835670025306,396,-0.0965669366832303
2300,uva,packing_C,T08,largo,20,G2,4.2876741302331025,0.6712553259304718,1.04510360092469,True,639,306.0230660779901,108.80778961843045,-0.4259571617443574,24.903574711900863,60,383.4,8.405835670025306,397,0.06605083416154517
2300,uva,packing_C,T08,largo,20,G2,4.2876741302331025,0.6712553259304718,1.04510360092469,True,639,306.0230660779901,108.80778961843045,-0.4259571617443574,24.903574711900863,60,383.4,8.405835670025306,398,0.07796690051800816
2300,uva,packing_C,T08,largo,20,G2,4.2876741302331025,0.6712553259304718,1.04510360092469,True,639,306.0230660779901,108.80778961843045,-0.4259571617443574,24.903574711900863,60,383.4,8.405835670025306,399,-0.017849880537017013
2300,uva,packing_C,T08,largo,20,G2,4.2876741302331025,0.6712553259304718,1.04510360092469,True,639,306.0230660779901,108.80778961843045,-0.4259571617443574,24.903574711900863,60,383.4,8.405835670025306,400,-0.09407691425116768
2300,uva,packing_C,T08,largo,20,G2,4.2876741302331025,0.6712553259304718,1.04510360092469,True,639,306.0230660779901,108.80778961843045,-0.4259571617443574,24.903574711900863,60,383.4,8.405835670025306,401,-0.17249299631309822
2300,uva,packing_C,T08,largo,20,G2,4.2876741302331025,0.6712553259304718,1.04510360092469,True,639,306.0230660779901,108.80778961843045,-0.4259571617443574,24.903574711900863,60,383.4,8.405835670025306,402,0.03455680797377589
2300,uva,packing_C,T08,largo,20,G2,4.2876741302331025,0.6712553259304718,1.04510360092469,True,639,306.0230660779901,108.80778961843045,-0.4259571617443574,24.903574711900863,60,383.4,8.405835670025306,403,-0.24146144031989983
2300,uva,packing_C,T08,largo,20,G2,4.2876741302331025,0.6712553259304718,1.04510360092469,True,639,306.0230660779901,108.80778961843045,-0.4259571617443574,24.903574711900863,60,383.4,8.405835670025306,404,-0.4587111959001511
2300,uva,packing_C,T08,largo,20,G2,4.2876741302331025,0.6712553259304718,1.04510360092469,True,639,306.0230660779901,108.80778961843045,-0.4259571617443574,24.903574711900863,60,383.4,8.405835670025306,405,-0.4346238390439456
2300,uva,packing_C,T08,largo,20,G2,4.2876741302331025,0.6712553259304718,1.04510360092469,True,639,306.0230660779901,108.80778961843045,-0.4259571617443574,24.903574711900863,60,383.4,8.405835670025306,406,-0.49964341313228744
2300,uva,packing_C,T08,largo,20,G2,4.2876741302331025,0.6712553259304718,1.04510360092469,True,639,306.0230660779901,108.80778961843045,-0.4259571617443574,24.903574711900863,60,383.4,8.405835670025306,407,-0.5444185997585176
2300,uva,packing_C,T08,largo,20,G2,4.2876741302331025,0.6712553259304718,1.04510360092469,True,639,306.0230660779901,108.80778961843045,-0.4259571617443574,24.903574711900863,60,383.4,8.405835670025306,408,-0.689140836958368
2300,uva,packing_C,T08,largo,20,G2,4.2876741302331025,0.6712553259304718,1.04510360092469,True,639,306.0230660779901,108.80778961843045,-0.4259571617443574,24.903574711900863,60,383.4,8.405835670025306,409,-0.7509343707206076
2300,uva,packing_C,T08,largo,20,G2,4.2876741302331025,0.6712553259304718,1.04510360092469,True,639,306.0230660779901,108.80778961843045,-0.4259571617443574,24.903574711900863,60,383.4,8.405835670025306,410,-0.8623098299252597
2300,uva,packing_C,T08,largo,20,G2,4.2876741302331025,0.6712553259304718,1.04510360092469,True,639,306.0230660779901,108.80778961843045,-0.4259571617443574,24.903574711900863,60,383.4,8.405835670025306,411,-0.819381378057057
2300,uva,packing_C,T08,largo,20,G2,4.2876741302331025,0.6712553259304718,1.04510360092469,True,639,306.0230660779901,108.80778961843045,-0.4259571617443574,24.903574711900863,60,383.4,8.405835670025306,412,-0.8350496312694443
2300,uva,packing_C,T08,largo,20,G2,4.2876741302331025,0.6712553259304718,1.04510360092469,True,639,306.0230660779901,108.80778961843045,-0.4259571617443574,24.903574711900863,60,383.4,8.405835670025306,413,-0.7378854550843819
2300,uva,packing_C,T08,largo,20,G2,4.2876741302331025,0.6712553259304718,1.04510360092469,True,639,306.0230660779901,108.80778961843045,-0.4259571617443574,24.903574711900863,60,383.4,8.405835670025306,414,-0.9225062681439612
2300,uva,packing_C,T08,largo,20,G2,4.2876741302331025,0.6712553259304718,1.04510360092469,True,639,306.0230660779901,108.80778961843045,-0.4259571617443574,24.903574711900863,60,383.4,8.405835670025306,415,-0.8691019480974522
2300,uva,packing_C,T08,largo,20,G2,4.2876741302331025,0.6712553259304718,1.04510360092469,True,639,306.0230660779901,108.80778961843045,-0.4259571617443574,24.903574711900863,60,383.4,8.405835670025306,416,-0.9027193318855706
2300,uva,packing_C,T08,largo,20,G2,4.2876741302331025,0.6712553259304718,1.04510360092469,True,639,306.0230660779901,108.80778961843045,-0.4259571617443574,24.903574711900863,60,383.4,8.405835670025306,417,-0.7970031534348924
2300,uva,packing_C,T08,largo,20,G2,4.2876741302331025,0.6712553259304718,1.04510360092469,True,639,306.0230660779901,108.80778961843045,-0.4259571617443574,24.903574711900863,60,383.4,8.405835670025306,418,-0.6048978015753435
2300,uva,packing_C,T08,largo,20,G2,4.2876741302331025,0.6712553259304718,1.04510360092469,True,639,306.0230660779901,108.80778961843045,-0.4259571617443574,24.903574711900863,60,383.4,8.405835670025306,419,-0.6495984148329963
2300,uva,packing_C,T08,largo,20,G2,4.2876741302331025,0.6712553259304718,1.04510360092469,True,639,306.0230660779901,108.80778961843045,-0.4259571617443574,24.903574711900863,60,383.4,8.405835670025306,420,-0.33224226299038595
2300,uva,packing_C,T08,largo,20,G2,4.2876741302331025,0.6712553259304718,1.04510360092469,True,639,306.0230660779901,108.80778961843045,-0.4259571617443574,24.903574711900863,60,383.4,8.405835670025306,421,-0.3405683164004215
2300,uva,packing_C,T08,largo,20,G2,4.2876741302331025,0.6712553259304718,1.04510360092469,True,639,306.0230660779901,108.80778961843045,-0.4259571617443574,24.903574711900863,60,383.4,8.405835670025306,422,-0.17465706864485614
2300,uva,packing_C,T08,largo,20,G2,4.2876741302331025,0.6712553259304718,1.04510360092469,True,639,306.0230660779901,108.80778961843045,-0.4259571617443574,24.903574711900863,60,383.4,8.405835670025306,423,-0.08982911396700854
2300,uva,packing_C,T08,largo,20,G2,4.2876741302331025,0.6712553259304718,1.04510360092469,True,639,306.0230660779901,108.80778961843045,-0.4259571617443574,24.903574711900863,60,383.4,8.405835670025306,424,-0.1946078852463897
2300,uva,packing_C,T08,largo,20,G2,4.2876741302331025,0.6712553259304718,1.04510360092469,True,639,306.0230660779901,108.80778961843045,-0.4259571617443574,24.903574711900863,60,383.4,8.405835670025306,425,0.014600704146248486
2300,uva,packing_C,T08,largo,20,G2,4.2876741302331025,0.6712553259304718,1.04510360092469,True,639,306.0230660779901,108.80778961843045,-0.4259571617443574,24.903574711900863,60,383.4,8.405835670025306,426,0.11448150106350355
2300,uva,packing_C,T08,largo,20,G2,4.2876741302331025,0.6712553259304718,1.04510360092469,True,639,306.0230660779901,108.80778961843045,-0.4259571617443574,24.903574711900863,60,383.4,8.405835670025306,427,0.20341200501337905
2300,uva,packing_C,T08,largo,20,G2,4.2876741302331025,0.6712553259304718,1.04510360092469,True,639,306.0230660779901,108.80778961843045,-0.4259571617443574,24.903574711900863,60,383.4,8.405835670025306,428,0.040954838482846985
2300,uva,packing_C,T08,largo,20,G2,4.2876741302331025,0.6712553259304718,1.04510360092469,True,639,306.0230660779901,108.80778961843045,-0.4259571617443574,24.903574711900863,60,383.4,8.405835670025306,429,0.18041009678296427
2300,uva,packing_C,T08,largo,20,G2,4.2876741302331025,0.6712553259304718,1.04510360092469,True,639,306.0230660779901,108.80778961843045,-0.4259571617443574,24.903574711900863,60,383.4,8.405835670025306,430,-0.1274483327624257
2300,uva,packing_C,T08,largo,20,G2,4.2876741302331025,0.6712553259304718,1.04510360092469,True,639,306.0230660779901,108.80778961843045,-0.4259571617443574,24.903574711900863,60,383.4,8.405835670025306,431,-0.05891661256816365
2300,uva,packing_C,T08,largo,20,G2,4.2876741302331025,0.6712553259304718,1.04510360092469,True,639,306.0230660779901,108.80778961843045,-0.4259571617443574,24.903574711900863,60,383.4,8.405835670025306,432,-0.2007867140607666
2300,uva,packing_C,T08,largo,20,G2,4.2876741302331025,0.6712553259304718,1.04510360092469,True,639,306.0230660779901,108.80778961843045,-0.4259571617443574,24.903574711900863,60,383.4,8.405835670025306,433,-0.3886112429898365
2300,uva,packing_C,T08,largo,20,G2,4.2876741302331025,0.6712553259304718,1.04510360092469,True,639,306.0230660779901,108.80778961843045,-0.4259571617443574,24.903574711900863,60,383.4,8.405835670025306,434,-0.5279888704827325
2300,uva,packing_C,T08,largo,20,G2,4.2876741302331025,0.6712553259304718,1.04510360092469,True,639,306.0230660779901,108.80778961843045,-0.4259571617443574,24.903574711900863,60,383.4,8.405835670025306,435,-0.39142180444453417
2300,uva,packing_C,T08,largo,20,G2,4.2876741302331025,0.6712553259304718,1.04510360092469,True,639,306.0230660779901,108.80778961843045,-0.4259571617443574,24.903574711900863,60,383.4,8.405835670025306,436,-0.4533042213165349
2300,uva,packing_C,T08,largo,20,G2,4.2876741302331025,0.6712553259304718,1.04510360092469,True,639,306.0230660779901,108.80778961843045,-0.4259571617443574,24.903574711900863,60,383.4,8.405835670025306,437,-0.4152272679492357
2300,uva,packing_C,T08,largo,20,G2,4.2876741302331025,0.6712553259304718,1.04510360092469,True,639,306.0230660779901,108.80778961843045,-0.4259571617443574,24.903574711900863,60,383.4,8.405835670025306,438,-0.6594929426481952
2300,uva,packing_C,T08,largo,20,G2,4.2876741302331025,0.6712553259304718,1.04510360092469,True,639,306.0230660779901,108.80778961843045,-0.4259571617443574,24.903574711900863,60,383.4,8.405835670025306,439,-0.8476467234491972
2300,uva,packing_C,T08,largo,20,G2,4.2876741302331025,0.6712553259304718,1.04510360092469,True,639,306.0230660779901,108.80778961843045,-0.4259571617443574,24.903574711900863,60,383.4,8.405835670025306,440,-0.7875608192398981
2300,uva,packing_C,T08,largo,20,G2,4.2876741302331025,0.6712553259304718,1.04510360092469,True,639,306.0230660779901,108.80778961843045,-0.4259571617443574,24.903574711900863,60,383.4,8.405835670025306,441,-1.1554224550354246
2300,uva,packing_C,T08,largo,20,G2,4.2876741302331025,0.6712553259304718,1.04510360092469,True,639,306.0230660779901,108.80778961843045,-0.4259571617443574,24.903574711900863,60,383.4,8.405835670025306,442,-1.0645496667480983
2300,uva,packing_C,T08,largo,20,G2,4.2876741302331025,0.6712553259304718,1.04510360092469,True,639,306.0230660779901,108.80778961843045,-0.4259571617443574,24.903574711900863,60,383.4,8.405835670025306,443,-1.020285199534507
2300,uva,packing_C,T08,largo,20,G2,4.2876741302331025,0.6712553259304718,1.04510360092469,True,639,306.0230660779901,108.80778961843045,-0.4259571617443574,24.903574711900863,60,383.4,8.405835670025306,444,-1.0241191714486033
2300,uva,packing_C,T08,largo,20,G2,4.2876741302331025,0.6712553259304718,1.04510360092469,True,639,306.0230660779901,108.80778961843045,-0.4259571617443574,24.903574711900863,60,383.4,8.405835670025306,445,-0.864645155179566
2300,uva,packing_C,T08,largo,20,G2,4.2876741302331025,0.6712553259304718,1.04510360092469,True,639,306.0230660779901,108.80778961843045,-0.4259571617443574,24.903574711900863,60,383.4,8.405835670025306,446,-0.7491039670279933
2300,uva,packing_C,T08,largo,20,G2,4.2876741302331025,0.6712553259304718,1.04510360092469,True,639,306.0230660779901,108.80778961843045,-0.4259571617443574,24.903574711900863,60,383.4,8.405835670025306,447,-0.6922151490114373
2300,uva,packing_C,T08,largo,20,G2,4.2876741302331025,0.6712553259304718,1.04510360092469,True,639,306.0230660779901,108.80778961843045,-0.4259571617443574,24.903574711900863,60,383.4,8.405835670025306,448,-0.4932709915825806
2300,uva,packing_C,T08,largo,20,G2,4.2876741302331025,0.6712553259304718,1.04510360092469,True,639,306.0230660779901,108.80778961843045,-0.4259571617443574,24.903574711900863,60,383.4,8.405835670025306,449,-0.5687985509239747
2300,uva,packing_C,T08,largo,20,G2,4.2876741302331025,0.6712553259304718,1.04510360092469,True,639,306.0230660779901,108.80778961843045,-0.4259571617443574,24.903574711900863,60,383.4,8.405835670025306,450,-0.26937242542343964
2300,uva,packing_C,T08,largo,20,G2,4.2876741302331025,0.6712553259304718,1.04510360092469,True,639,306.0230660779901,108.80778961843045,-0.4259571617443574,24.903574711900863,60,383.4,8.405835670025306,451,-0.48006558052436776
2300,uva,packing_C,T08,largo,20,G2,4.2876741302331025,0.6712553259304718,1.04510360092469,True,639,306.0230660779901,108.80778961843045,-0.4259571617443574,24.903574711900863,60,383.4,8.405835670025306,452,-0.22172778387324515
2300,uva,packing_C,T08,largo,20,G2,4.2876741302331025,0.6712553259304718,1.04510360092469,True,639,306.0230660779901,108.80778961843045,-0.4259571617443574,24.903574711900863,60,383.4,8.405835670025306,453,-0.06741447323728378
2300,uva,packing_C,T08,largo,20,G2,4.2876741302331025,0.6712553259304718,1.04510360092469,True,639,306.0230660779901,108.80778961843045,-0.4259571617443574,24.903574711900863,60,383.4,8.405835670025306,454,-0.13267462915805306
2300,uva,packing_C,T08,largo,20,G2,4.2876741302331025,0.6712553259304718,1.04510360092469,True,639,306.0230660779901,108.80778961843045,-0.4259571617443574,24.903574711900863,60,383.4,8.405835670025306,455,-0.05872850822011848
2300,uva,packing_C,T08,largo,20,G2,4.2876741302331025,0.6712553259304718,1.04510360092469,True,639,306.0230660779901,108.80778961843045,-0.4259571617443574,24.903574711900863,60,383.4,8.405835670025306,456,0.10432313761453152
2300,uva,packing_C,T08,largo,20,G2,4.2876741302331025,0.6712553259304718,1.04510360092469,True,639,306.0230660779901,108.80778961843045,-0.4259571617443574,24.903574711900863,60,383.4,8.405835670025306,457,-0.15570167777436641
2300,uva,packing_C,T08,largo,20,G2,4.2876741302331025,0.6712553259304718,1.04510360092469,True,639,306.0230660779901,108.80778961843045,-0.4259571617443574,24.903574711900863,60,383.4,8.405835670025306,458,0.0462194905982692
2300,uva,packing_C,T08,largo,20,G2,4.2876741302331025,0.6712553259304718,1.04510360092469,True,639,306.0230660779901,108.80778961843045,-0.4259571617443574,24.903574711900863,60,383.4,8.405835670025306,459,-0.06282239111307994
2300,uva,packing_C,T08,largo,20,G2,4.2876741302331025,0.6712553259304718,1.04510360092469,True,639,306.0230660779901,108.80778961843045,-0.4259571617443574,24.903574711900863,60,383.4,8.405835670025306,460,-0.019592924097953594
2300,uva,packing_C,T08,largo,20,G2,4.2876741302331025,0.6712553259304718,1.04510360092469,True,639,306.0230660779901,108.80778961843045,-0.4259571617443574,24.903574711900863,60,383.4,8.405835670025306,461,0.18552136268637887
2300,uva,packing_C,T08,largo,20,G2,4.2876741302331025,0.6712553259304718,1.04510360092469,True,639,306.0230660779901,108.80778961843045,-0.4259571617443574,24.903574711900863,60,383.4,8.405835670025306,462,-0.13298632138431407
2300,uva,packing_C,T08,largo,20,G2,4.2876741302331025,0.6712553259304718,1.04510360092469,True,639,306.0230660779901,108.80778961843045,-0.4259571617443574,24.903574711900863,60,383.4,8.405835670025306,463,-0.043381158099103895
2300,uva,packing_C,T08,largo,20,G2,4.2876741302331025,0.6712553259304718,1.04510360092469,True,639,306.0230660779901,108.80778961843045,-0.4259571617443574,24.903574711900863,60,383.4,8.405835670025306,464,-0.3801591329275371
2300,uva,packing_C,T08,largo,20,G2,4.2876741302331025,0.6712553259304718,1.04510360092469,True,639,306.0230660779901,108.80778961843045,-0.4259571617443574,24.903574711900863,60,383.4,8.405835670025306,465,-0.3414506577070947
2300,uva,packing_C,T08,largo,20,G2,4.2876741302331025,0.6712553259304718,1.04510360092469,True,639,306.0230660779901,108.80778961843045,-0.4259571617443574,24.903574711900863,60,383.4,8.405835670025306,466,-0.5619230657759238
2300,uva,packing_C,T08,largo,20,G2,4.2876741302331025,0.6712553259304718,1.04510360092469,True,639,306.0230660779901,108.80778961843045,-0.4259571617443574,24.903574711900863,60,383.4,8.405835670025306,467,-0.6986191402932097
2300,uva,packing_C,T08,largo,20,G2,4.2876741302331025,0.6712553259304718,1.04510360092469,True,639,306.0230660779901,108.80778961843045,-0.4259571617443574,24.903574711900863,60,383.4,8.405835670025306,468,-0.567789261844801
2300,uva,packing_C,T08,largo,20,G2,4.2876741302331025,0.6712553259304718,1.04510360092469,True,639,306.0230660779901,108.80778961843045,-0.4259571617443574,24.903574711900863,60,383.4,8.405835670025306,469,-0.880389041414745
2300,uva,packing_C,T08,largo,20,G2,4.2876741302331025,0.6712553259304718,1.04510360092469,True,639,306.0230660779901,108.80778961843045,-0.4259571617443574,24.903574711900863,60,383.4,8.405835670025306,470,-0.9955955005243741
2300,uva,packing_C,T08,largo,20,G2,4.2876741302331025,0.6712553259304718,1.04510360092469,True,639,306.0230660779901,108.80778961843045,-0.4259571617443574,24.903574711900863,60,383.4,8.405835670025306,471,-0.9579245257271167
2300,uva,packing_C,T08,largo,20,G2,4.2876741302331025,0.6712553259304718,1.04510360092469,True,639,306.0230660779901,108.80778961843045,-0.4259571617443574,24.903574711900863,60,383.4,8.405835670025306,472,-0.9148543753740271
2300,uva,packing_C,T08,largo,20,G2,4.2876741302331025,0.6712553259304718,1.04510360092469,True,639,306.0230660779901,108.80778961843045,-0.4259571617443574,24.903574711900863,60,383.4,8.405835670025306,473,-0.9681516382068799
2300,uva,packing_C,T08,largo,20,G2,4.2876741302331025,0.6712553259304718,1.04510360092469,True,639,306.0230660779901,108.80778961843045,-0.4259571617443574,24.903574711900863,60,383.4,8.405835670025306,474,-0.8218774486997453
2300,uva,packing_C,T08,largo,20,G2,4.2876741302331025,0.6712553259304718,1.04510360092469,True,639,306.0230660779901,108.80778961843045,-0.4259571617443574,24.903574711900863,60,383.4,8.405835670025306,475,-0.7649719229085618
2300,uva,packing_C,T08,largo,20,G2,4.2876741302331025,0.6712553259304718,1.04510360092469,True,639,306.0230660779901,108.80778961843045,-0.4259571617443574,24.903574711900863,60,383.4,8.405835670025306,476,-0.7068760223686783
2300,uva,packing_C,T08,largo,20,G2,4.2876741302331025,0.6712553259304718,1.04510360092469,True,639,306.0230660779901,108.80778961843045,-0.4259571617443574,24.903574711900863,60,383.4,8.405835670025306,477,-0.8810490964997755
2300,uva,packing_C,T08,largo,20,G2,4.2876741302331025,0.6712553259304718,1.04510360092469,True,639,306.0230660779901,108.80778961843045,-0.4259571617443574,24.903574711900863,60,383.4,8.405835670025306,478,-0.6153925677913751
2300,uva,packing_C,T08,largo,20,G2,4.2876741302331025,0.6712553259304718,1.04510360092469,True,639,306.0230660779901,108.80778961843045,-0.4259571617443574,24.903574711900863,60,383.4,8.405835670025306,479,-0.4024297666175871
2300,uva,packing_C,T08,largo,20,G2,4.2876741302331025,0.6712553259304718,1.04510360092469,True,639,306.0230660779901,108.80778961843045,-0.4259571617443574,24.903574711900863,60,383.4,8.405835670025306,480,-0.08301537688461291
2300,uva,packing_C,T08,largo,20,G2,4.2876741302331025,0.6712553259304718,1.04510360092469,True,639,306.0230660779901,108.80778961843045,-0.4259571617443574,24.903574711900863,60,383.4,8.405835670025306,481,-0.37391925723617225
2300,uva,packing_C,T08,largo,20,G2,4.2876741302331025,0.6712553259304718,1.04510360092469,True,639,306.0230660779901,108.80778961843045,-0.4259571617443574,24.903574711900863,60,383.4,8.405835670025306,482,-0.256508560736166
2300,uva,packing_C,T08,largo,20,G2,4.2876741302331025,0.6712553259304718,1.04510360092469,True,639,306.0230660779901,108.80778961843045,-0.4259571617443574,24.903574711900863,60,383.4,8.405835670025306,483,-0.12165128175351746
2300,uva,packing_C,T08,largo,20,G2,4.2876741302331025,0.6712553259304718,1.04510360092469,True,639,306.0230660779901,108.80778961843045,-0.4259571617443574,24.903574711900863,60,383.4,8.405835670025306,484,-0.08238657239082356
2300,uva,packing_C,T08,largo,20,G2,4.2876741302331025,0.6712553259304718,1.04510360092469,True,639,306.0230660779901,108.80778961843045,-0.4259571617443574,24.903574711900863,60,383.4,8.405835670025306,485,-0.0716506781358131
2300,uva,packing_C,T08,largo,20,G2,4.2876741302331025,0.6712553259304718,1.04510360092469,True,639,306.0230660779901,108.80778961843045,-0.4259571617443574,24.903574711900863,60,383.4,8.405835670025306,486,0.04868797746662754
2300,uva,packing_C,T08,largo,20,G2,4.2876741302331025,0.6712553259304718,1.04510360092469,True,639,306.0230660779901,108.80778961843045,-0.4259571617443574,24.903574711900863,60,383.4,8.405835670025306,487,0.01331027389858297
2300,uva,packing_C,T08,largo,20,G2,4.2876741302331025,0.6712553259304718,1.04510360092469,True,639,306.0230660779901,108.80778961843045,-0.4259571617443574,24.903574711900863,60,383.4,8.405835670025306,488,0.03330983604309002
2300,uva,packing_C,T08,largo,20,G2,4.2876741302331025,0.6712553259304718,1.04510360092469,True,639,306.0230660779901,108.80778961843045,-0.4259571617443574,24.903574711900863,60,383.4,8.405835670025306,489,0.1021697826897581
2300,uva,packing_C,T08,largo,20,G2,4.2876741302331025,0.6712553259304718,1.04510360092469,True,639,306.0230660779901,108.80778961843045,-0.4259571617443574,24.903574711900863,60,383.4,8.405835670025306,490,0.012033855866582965
2300,uva,packing_C,T08,largo,20,G2,4.2876741302331025,0.6712553259304718,1.04510360092469,True,639,306.0230660779901,108.80778961843045,-0.4259571617443574,24.903574711900863,60,383.4,8.405835670025306,491,-0.16203938105242835
2300,uva,packing_C,T08,largo,20,G2,4.2876741302331025,0.6712553259304718,1.04510360092469,True,639,306.0230660779901,108.80778961843045,-0.4259571617443574,24.903574711900863,60,383.4,8.405835670025306,492,0.053185798753728364
2300,uva,packing_C,T08,largo,20,G2,4.2876741302331025,0.6712553259304718,1.04510360092469,True,639,306.0230660779901,108.80778961843045,-0.4259571617443574,24.903574711900863,60,383.4,8.405835670025306,493,-0.1254409346265541
2300,uva,packing_C,T08,largo,20,G2,4.2876741302331025,0.6712553259304718,1.04510360092469,True,639,306.0230660779901,108.80778961843045,-0.4259571617443574,24.903574711900863,60,383.4,8.405835670025306,494,-0.22249155656863218
2300,uva,packing_C,T08,largo,20,G2,4.2876741302331025,0.6712553259304718,1.04510360092469,True,639,306.0230660779901,108.80778961843045,-0.4259571617443574,24.903574711900863,60,383.4,8.405835670025306,495,-0.32725663885142436
2300,uva,packing_C,T08,largo,20,G2,4.2876741302331025,0.6712553259304718,1.04510360092469,True,639,306.0230660779901,108.80778961843045,-0.4259571617443574,24.903574711900863,60,383.4,8.405835670025306,496,-0.5564129006244596
2300,uva,packing_C,T08,largo,20,G2,4.2876741302331025,0.6712553259304718,1.04510360092469,True,639,306.0230660779901,108.80778961843045,-0.4259571617443574,24.903574711900863,60,383.4,8.405835670025306,497,-0.640976287174683
2300,uva,packing_C,T08,largo,20,G2,4.2876741302331025,0.6712553259304718,1.04510360092469,True,639,306.0230660779901,108.80778961843045,-0.4259571617443574,24.903574711900863,60,383.4,8.405835670025306,498,-0.8012666689967118
2300,uva,packing_C,T08,largo,20,G2,4.2876741302331025,0.6712553259304718,1.04510360092469,True,639,306.0230660779901,108.80778961843045,-0.4259571617443574,24.903574711900863,60,383.4,8.405835670025306,499,-0.8179211163693275
2300,uva,packing_C,T08,largo,20,G2,4.2876741302331025,0.6712553259304718,1.04510360092469,True,639,306.0230660779901,108.80778961843045,-0.4259571617443574,24.903574711900863,60,383.4,8.405835670025306,500,-0.948054829269453
2300,uva,packing_C,T08,largo,20,G2,4.2876741302331025,0.6712553259304718,1.04510360092469,True,639,306.0230660779901,108.80778961843045,-0.4259571617443574,24.903574711900863,60,383.4,8.405835670025306,501,-0.8949809465496966
2300,uva,packing_C,T08,largo,20,G2,4.2876741302331025,0.6712553259304718,1.04510360092469,True,639,306.0230660779901,108.80778961843045,-0.4259571617443574,24.903574711900863,60,383.4,8.405835670025306,502,-1.1028681103873716
2300,uva,packing_C,T08,largo,20,G2,4.2876741302331025,0.6712553259304718,1.04510360092469,True,639,306.0230660779901,108.80778961843045,-0.4259571617443574,24.903574711900863,60,383.4,8.405835670025306,503,-1.0679500080655502
2300,uva,packing_C,T08,largo,20,G2,4.2876741302331025,0.6712553259304718,1.04510360092469,True,639,306.0230660779901,108.80778961843045,-0.4259571617443574,24.903574711900863,60,383.4,8.405835670025306,504,-0.9988212655402384
2300,uva,packing_C,T08,largo,20,G2,4.2876741302331025,0.6712553259304718,1.04510360092469,True,639,306.0230660779901,108.80778961843045,-0.4259571617443574,24.903574711900863,60,383.4,8.405835670025306,505,-0.9627569642211189
2300,uva,packing_C,T08,largo,20,G2,4.2876741302331025,0.6712553259304718,1.04510360092469,True,639,306.0230660779901,108.80778961843045,-0.4259571617443574,24.903574711900863,60,383.4,8.405835670025306,506,-0.736467894676034
2300,uva,packing_C,T08,largo,20,G2,4.2876741302331025,0.6712553259304718,1.04510360092469,True,639,306.0230660779901,108.80778961843045,-0.4259571617443574,24.903574711900863,60,383.4,8.405835670025306,507,-0.7769460467874153
2300,uva,packing_C,T08,largo,20,G2,4.2876741302331025,0.6712553259304718,1.04510360092469,True,639,306.0230660779901,108.80778961843045,-0.4259571617443574,24.903574711900863,60,383.4,8.405835670025306,508,-0.7340692912363008
2300,uva,packing_C,T08,largo,20,G2,4.2876741302331025,0.6712553259304718,1.04510360092469,True,639,306.0230660779901,108.80778961843045,-0.4259571617443574,24.903574711900863,60,383.4,8.405835670025306,509,-0.6294497004361546
2300,uva,packing_C,T08,largo,20,G2,4.2876741302331025,0.6712553259304718,1.04510360092469,True,639,306.0230660779901,108.80778961843045,-0.4259571617443574,24.903574711900863,60,383.4,8.405835670025306,510,-0.2834439787445857
2300,uva,packing_C,T08,largo,20,G2,4.2876741302331025,0.6712553259304718,1.04510360092469,True,639,306.0230660779901,108.80778961843045,-0.4259571617443574,24.903574711900863,60,383.4,8.405835670025306,511,-0.2503407743778184
2300,uva,packing_C,T08,largo,20,G2,4.2876741302331025,0.6712553259304718,1.04510360092469,True,639,306.0230660779901,108.80778961843045,-0.4259571617443574,24.903574711900863,60,383.4,8.405835670025306,512,-0.3347851533946069
2300,uva,packing_C,T08,largo,20,G2,4.2876741302331025,0.6712553259304718,1.04510360092469,True,639,306.0230660779901,108.80778961843045,-0.4259571617443574,24.903574711900863,60,383.4,8.405835670025306,513,-0.12123275491420779
2300,uva,packing_C,T08,largo,20,G2,4.2876741302331025,0.6712553259304718,1.04510360092469,True,639,306.0230660779901,108.80778961843045,-0.4259571617443574,24.903574711900863,60,383.4,8.405835670025306,514,-0.07413384149869816
2300,uva,packing_C,T08,largo,20,G2,4.2876741302331025,0.6712553259304718,1.04510360092469,True,639,306.0230660779901,108.80778961843045,-0.4259571617443574,24.903574711900863,60,383.4,8.405835670025306,515,-0.035786527915039446
2300,uva,packing_C,T08,largo,20,G2,4.2876741302331025,0.6712553259304718,1.04510360092469,True,639,306.0230660779901,108.80778961843045,-0.4259571617443574,24.903574711900863,60,383.4,8.405835670025306,516,0.08046530865062959
2300,uva,packing_C,T08,largo,20,G2,4.2876741302331025,0.6712553259304718,1.04510360092469,True,639,306.0230660779901,108.80778961843045,-0.4259571617443574,24.903574711900863,60,383.4,8.405835670025306,517,-0.005309137611004683
2300,uva,packing_C,T08,largo,20,G2,4.2876741302331025,0.6712553259304718,1.04510360092469,True,639,306.0230660779901,108.80778961843045,-0.4259571617443574,24.903574711900863,60,383.4,8.405835670025306,518,0.183464013169124
2300,uva,packing_C,T08,largo,20,G2,4.2876741302331025,0.6712553259304718,1.04510360092469,True,639,306.0230660779901,108.80778961843045,-0.4259571617443574,24.903574711900863,60,383.4,8.405835670025306,519,-0.003209618852571719
2300,uva,packing_C,T08,largo,20,G2,4.2876741302331025,0.6712553259304718,1.04510360092469,True,639,306.0230660779901,108.80778961843045,-0.4259571617443574,24.903574711900863,60,383.4,8.405835670025306,520,0.10425051142218132
2300,uva,packing_C,T08,largo,20,G2,4.2876741302331025,0.6712553259304718,1.04510360092469,True,639,306.0230660779901,108.80778961843045,-0.4259571617443574,24.903574711900863,60,383.4,8.405835670025306,521,0.038357418440556776
2300,uva,packing_C,T08,largo,20,G2,4.2876741302331025,0.6712553259304718,1.04510360092469,True,639,306.0230660779901,108.80778961843045,-0.4259571617443574,24.903574711900863,60,383.4,8.405835670025306,522,-0.24469121686713546
2300,uva,packing_C,T08,largo,20,G2,4.2876741302331025,0.6712553259304718,1.04510360092469,True,639,306.0230660779901,108.80778961843045,-0.4259571617443574,24.903574711900863,60,383.4,8.405835670025306,523,-0.18951445488982155
2300,uva,packing_C,T08,largo,20,G2,4.2876741302331025,0.6712553259304718,1.04510360092469,True,639,306.0230660779901,108.80778961843045,-0.4259571617443574,24.903574711900863,60,383.4,8.405835670025306,524,-0.37663426373173586
2300,uva,packing_C,T08,largo,20,G2,4.2876741302331025,0.6712553259304718,1.04510360092469,True,639,306.0230660779901,108.80778961843045,-0.4259571617443574,24.903574711900863,60,383.4,8.405835670025306,525,-0.42646861353470067
2300,uva,packing_C,T08,largo,20,G2,4.2876741302331025,0.6712553259304718,1.04510360092469,True,639,306.0230660779901,108.80778961843045,-0.4259571617443574,24.903574711900863,60,383.4,8.405835670025306,526,-0.4428566810226663
2300,uva,packing_C,T08,largo,20,G2,4.2876741302331025,0.6712553259304718,1.04510360092469,True,639,306.0230660779901,108.80778961843045,-0.4259571617443574,24.903574711900863,60,383.4,8.405835670025306,527,-0.7162740026996478
2300,uva,packing_C,T08,largo,20,G2,4.2876741302331025,0.6712553259304718,1.04510360092469,True,639,306.0230660779901,108.80778961843045,-0.4259571617443574,24.903574711900863,60,383.4,8.405835670025306,528,-0.7421396893089561
2300,uva,packing_C,T08,largo,20,G2,4.2876741302331025,0.6712553259304718,1.04510360092469,True,639,306.0230660779901,108.80778961843045,-0.4259571617443574,24.903574711900863,60,383.4,8.405835670025306,529,-0.8893840911119969
2300,uva,packing_C,T08,largo,20,G2,4.2876741302331025,0.6712553259304718,1.04510360092469,True,639,306.0230660779901,108.80778961843045,-0.4259571617443574,24.903574711900863,60,383.4,8.405835670025306,530,-0.80465887713271
2300,uva,packing_C,T08,largo,20,G2,4.2876741302331025,0.6712553259304718,1.04510360092469,True,639,306.0230660779901,108.80778961843045,-0.4259571617443574,24.903574711900863,60,383.4,8.405835670025306,531,-0.7318468460991724
2300,uva,packing_C,T08,largo,20,G2,4.2876741302331025,0.6712553259304718,1.04510360092469,True,639,306.0230660779901,108.80778961843045,-0.4259571617443574,24.903574711900863,60,383.4,8.405835670025306,532,-0.9313540083236792
2300,uva,packing_C,T08,largo,20,G2,4.2876741302331025,0.6712553259304718,1.04510360092469,True,639,306.0230660779901,108.80778961843045,-0.4259571617443574,24.903574711900863,60,383.4,8.405835670025306,533,-1.0051862919559067
2300,uva,packing_C,T08,largo,20,G2,4.2876741302331025,0.6712553259304718,1.04510360092469,True,639,306.0230660779901,108.80778961843045,-0.4259571617443574,24.903574711900863,60,383.4,8.405835670025306,534,-0.9840192222537679
2300,uva,packing_C,T08,largo,20,G2,4.2876741302331025,0.6712553259304718,1.04510360092469,True,639,306.0230660779901,108.80778961843045,-0.4259571617443574,24.903574711900863,60,383.4,8.405835670025306,535,-0.7985053996365125
2300,uva,packing_C,T08,largo,20,G2,4.2876741302331025,0.6712553259304718,1.04510360092469,True,639,306.0230660779901,108.80778961843045,-0.4259571617443574,24.903574711900863,60,383.4,8.405835670025306,536,-0.7901887373745831
2300,uva,packing_C,T08,largo,20,G2,4.2876741302331025,0.6712553259304718,1.04510360092469,True,639,306.0230660779901,108.80778961843045,-0.4259571617443574,24.903574711900863,60,383.4,8.405835670025306,537,-0.5783050555197784
2300,uva,packing_C,T08,largo,20,G2,4.2876741302331025,0.6712553259304718,1.04510360092469,True,639,306.0230660779901,108.80778961843045,-0.4259571617443574,24.903574711900863,60,383.4,8.405835670025306,538,-0.5050757497398041
2300,uva,packing_C,T08,largo,20,G2,4.2876741302331025,0.6712553259304718,1.04510360092469,True,639,306.0230660779901,108.80778961843045,-0.4259571617443574,24.903574711900863,60,383.4,8.405835670025306,539,-0.5190276921348486
2300,uva,packing_C,T08,largo,20,G2,4.2876741302331025,0.6712553259304718,1.04510360092469,True,639,306.0230660779901,108.80778961843045,-0.4259571617443574,24.903574711900863,60,383.4,8.405835670025306,540,-0.28498875800284273
2300,uva,packing_C,T08,largo,20,G2,4.2876741302331025,0.6712553259304718,1.04510360092469,True,639,306.0230660779901,108.80778961843045,-0.4259571617443574,24.903574711900863,60,383.4,8.405835670025306,541,-0.3398997725938614
2300,uva,packing_C,T08,largo,20,G2,4.2876741302331025,0.6712553259304718,1.04510360092469,True,639,306.0230660779901,108.80778961843045,-0.4259571617443574,24.903574711900863,60,383.4,8.405835670025306,542,-0.25868897359364657
2300,uva,packing_C,T08,largo,20,G2,4.2876741302331025,0.6712553259304718,1.04510360092469,True,639,306.0230660779901,108.80778961843045,-0.4259571617443574,24.903574711900863,60,383.4,8.405835670025306,543,-0.24019834748213537
2300,uva,packing_C,T08,largo,20,G2,4.2876741302331025,0.6712553259304718,1.04510360092469,True,639,306.0230660779901,108.80778961843045,-0.4259571617443574,24.903574711900863,60,383.4,8.405835670025306,544,-0.13389500918873354
2300,uva,packing_C,T08,largo,20,G2,4.2876741302331025,0.6712553259304718,1.04510360092469,True,639,306.0230660779901,108.80778961843045,-0.4259571617443574,24.903574711900863,60,383.4,8.405835670025306,545,0.15414730739130048
2300,uva,packing_C,T08,largo,20,G2,4.2876741302331025,0.6712553259304718,1.04510360092469,True,639,306.0230660779901,108.80778961843045,-0.4259571617443574,24.903574711900863,60,383.4,8.405835670025306,546,-0.04042349097982337
2300,uva,packing_C,T08,largo,20,G2,4.2876741302331025,0.6712553259304718,1.04510360092469,True,639,306.0230660779901,108.80778961843045,-0.4259571617443574,24.903574711900863,60,383.4,8.405835670025306,547,0.08732073555610576
2300,uva,packing_C,T08,largo,20,G2,4.2876741302331025,0.6712553259304718,1.04510360092469,True,639,306.0230660779901,108.80778961843045,-0.4259571617443574,24.903574711900863,60,383.4,8.405835670025306,548,0.24577899069955553
2300,uva,packing_C,T08,largo,20,G2,4.2876741302331025,0.6712553259304718,1.04510360092469,True,639,306.0230660779901,108.80778961843045,-0.4259571617443574,24.903574711900863,60,383.4,8.405835670025306,549,-0.03850323927013685
2300,uva,packing_C,T08,largo,20,G2,4.2876741302331025,0.6712553259304718,1.04510360092469,True,639,306.0230660779901,108.80778961843045,-0.4259571617443574,24.903574711900863,60,383.4,8.405835670025306,550,0.05704595417419972
2300,uva,packing_C,T08,largo,20,G2,4.2876741302331025,0.6712553259304718,1.04510360092469,True,639,306.0230660779901,108.80778961843045,-0.4259571617443574,24.903574711900863,60,383.4,8.405835670025306,551,-0.04957878644785266
2300,uva,packing_C,T08,largo,20,G2,4.2876741302331025,0.6712553259304718,1.04510360092469,True,639,306.0230660779901,108.80778961843045,-0.4259571617443574,24.903574711900863,60,383.4,8.405835670025306,552,-0.12938657883245042
2300,uva,packing_C,T08,largo,20,G2,4.2876741302331025,0.6712553259304718,1.04510360092469,True,639,306.0230660779901,108.80778961843045,-0.4259571617443574,24.903574711900863,60,383.4,8.405835670025306,553,-0.14027088170760071
2300,uva,packing_C,T08,largo,20,G2,4.2876741302331025,0.6712553259304718,1.04510360092469,True,639,306.0230660779901,108.80778961843045,-0.4259571617443574,24.903574711900863,60,383.4,8.405835670025306,554,-0.4097234030946126
2300,uva,packing_C,T08,largo,20,G2,4.2876741302331025,0.6712553259304718,1.04510360092469,True,639,306.0230660779901,108.80778961843045,-0.4259571617443574,24.903574711900863,60,383.4,8.405835670025306,555,-0.41713250451627587
2300,uva,packing_C,T08,largo,20,G2,4.2876741302331025,0.6712553259304718,1.04510360092469,True,639,306.0230660779901,108.80778961843045,-0.4259571617443574,24.903574711900863,60,383.4,8.405835670025306,556,-0.6188223024694381
2300,uva,packing_C,T08,largo,20,G2,4.2876741302331025,0.6712553259304718,1.04510360092469,True,639,306.0230660779901,108.80778961843045,-0.4259571617443574,24.903574711900863,60,383.4,8.405835670025306,557,-0.776042978690868
2300,uva,packing_C,T08,largo,20,G2,4.2876741302331025,0.6712553259304718,1.04510360092469,True,639,306.0230660779901,108.80778961843045,-0.4259571617443574,24.903574711900863,60,383.4,8.405835670025306,558,-0.693615191742493
2300,uva,packing_C,T08,largo,20,G2,4.2876741302331025,0.6712553259304718,1.04510360092469,True,639,306.0230660779901,108.80778961843045,-0.4259571617443574,24.903574711900863,60,383.4,8.405835670025306,559,-0.7948995260668635
2300,uva,packing_C,T08,largo,20,G2,4.2876741302331025,0.6712553259304718,1.04510360092469,True,639,306.0230660779901,108.80778961843045,-0.4259571617443574,24.903574711900863,60,383.4,8.405835670025306,560,-0.8241220523763768
2300,uva,packing_C,T08,largo,20,G2,4.2876741302331025,0.6712553259304718,1.04510360092469,True,639,306.0230660779901,108.80778961843045,-0.4259571617443574,24.903574711900863,60,383.4,8.405835670025306,561,-0.8315724536018158
2300,uva,packing_C,T08,largo,20,G2,4.2876741302331025,0.6712553259304718,1.04510360092469,True,639,306.0230660779901,108.80778961843045,-0.4259571617443574,24.903574711900863,60,383.4,8.405835670025306,562,-0.8189269038572317
2300,uva,packing_C,T08,largo,20,G2,4.2876741302331025,0.6712553259304718,1.04510360092469,True,639,306.0230660779901,108.80778961843045,-0.4259571617443574,24.903574711900863,60,383.4,8.405835670025306,563,-0.9195125400857803
2300,uva,packing_C,T08,largo,20,G2,4.2876741302331025,0.6712553259304718,1.04510360092469,True,639,306.0230660779901,108.80778961843045,-0.4259571617443574,24.903574711900863,60,383.4,8.405835670025306,564,-0.8893150838879769
2300,uva,packing_C,T08,largo,20,G2,4.2876741302331025,0.6712553259304718,1.04510360092469,True,639,306.0230660779901,108.80778961843045,-0.4259571617443574,24.903574711900863,60,383.4,8.405835670025306,565,-0.7548557738633164
2300,uva,packing_C,T08,largo,20,G2,4.2876741302331025,0.6712553259304718,1.04510360092469,True,639,306.0230660779901,108.80778961843045,-0.4259571617443574,24.903574711900863,60,383.4,8.405835670025306,566,-0.8746673102817129
2300,uva,packing_C,T08,largo,20,G2,4.2876741302331025,0.6712553259304718,1.04510360092469,True,639,306.0230660779901,108.80778961843045,-0.4259571617443574,24.903574711900863,60,383.4,8.405835670025306,567,-0.7046729540094225
2300,uva,packing_C,T08,largo,20,G2,4.2876741302331025,0.6712553259304718,1.04510360092469,True,639,306.0230660779901,108.80778961843045,-0.4259571617443574,24.903574711900863,60,383.4,8.405835670025306,568,-0.5483586012278366
2300,uva,packing_C,T08,largo,20,G2,4.2876741302331025,0.6712553259304718,1.04510360092469,True,639,306.0230660779901,108.80778961843045,-0.4259571617443574,24.903574711900863,60,383.4,8.405835670025306,569,-0.5356127982698138
2300,uva,packing_C,T08,largo,20,G2,4.2876741302331025,0.6712553259304718,1.04510360092469,True,639,306.0230660779901,108.80778961843045,-0.4259571617443574,24.903574711900863,60,383.4,8.405835670025306,570,-0.34185303846175474
2300,uva,packing_C,T08,largo,20,G2,4.2876741302331025,0.6712553259304718,1.04510360092469,True,639,306.0230660779901,108.80778961843045,-0.4259571617443574,24.903574711900863,60,383.4,8.405835670025306,571,-0.24493089664152984
2300,uva,packing_C,T08,largo,20,G2,4.2876741302331025,0.6712553259304718,1.04510360092469,True,639,306.0230660779901,108.80778961843045,-0.4259571617443574,24.903574711900863,60,383.4,8.405835670025306,572,-0.3012468871075484
2300,uva,packing_C,T08,largo,20,G2,4.2876741302331025,0.6712553259304718,1.04510360092469,True,639,306.0230660779901,108.80778961843045,-0.4259571617443574,24.903574711900863,60,383.4,8.405835670025306,573,-0.1495616842369886
2300,uva,packing_C,T08,largo,20,G2,4.2876741302331025,0.6712553259304718,1.04510360092469,True,639,306.0230660779901,108.80778961843045,-0.4259571617443574,24.903574711900863,60,383.4,8.405835670025306,574,-0.14490886575763212
2300,uva,packing_C,T08,largo,20,G2,4.2876741302331025,0.6712553259304718,1.04510360092469,True,639,306.0230660779901,108.80778961843045,-0.4259571617443574,24.903574711900863,60,383.4,8.405835670025306,575,0.047738160576359955
2300,uva,packing_C,T08,largo,20,G2,4.2876741302331025,0.6712553259304718,1.04510360092469,True,639,306.0230660779901,108.80778961843045,-0.4259571617443574,24.903574711900863,60,383.4,8.405835670025306,576,0.16562840570332366
2300,uva,packing_C,T08,largo,20,G2,4.2876741302331025,0.6712553259304718,1.04510360092469,True,639,306.0230660779901,108.80778961843045,-0.4259571617443574,24.903574711900863,60,383.4,8.405835670025306,577,0.005495634545144429
2300,uva,packing_C,T08,largo,20,G2,4.2876741302331025,0.6712553259304718,1.04510360092469,True,639,306.0230660779901,108.80778961843045,-0.4259571617443574,24.903574711900863,60,383.4,8.405835670025306,578,0.04851651497400673
2300,uva,packing_C,T08,largo,20,G2,4.2876741302331025,0.6712553259304718,1.04510360092469,True,639,306.0230660779901,108.80778961843045,-0.4259571617443574,24.903574711900863,60,383.4,8.405835670025306,579,0.02869415706257153
2300,uva,packing_C,T08,largo,20,G2,4.2876741302331025,0.6712553259304718,1.04510360092469,True,639,306.0230660779901,108.80778961843045,-0.4259571617443574,24.903574711900863,60,383.4,8.405835670025306,580,0.06546845063568064
2300,uva,packing_C,T08,largo,20,G2,4.2876741302331025,0.6712553259304718,1.04510360092469,True,639,306.0230660779901,108.80778961843045,-0.4259571617443574,24.903574711900863,60,383.4,8.405835670025306,581,0.0921781883588006
2300,uva,packing_C,T08,largo,20,G2,4.2876741302331025,0.6712553259304718,1.04510360092469,True,639,306.0230660779901,108.80778961843045,-0.4259571617443574,24.903574711900863,60,383.4,8.405835670025306,582,-0.027089290400754806
2300,uva,packing_C,T08,largo,20,G2,4.2876741302331025,0.6712553259304718,1.04510360092469,True,639,306.0230660779901,108.80778961843045,-0.4259571617443574,24.903574711900863,60,383.4,8.405835670025306,583,-0.18577649461117499
2300,uva,packing_C,T08,largo,20,G2,4.2876741302331025,0.6712553259304718,1.04510360092469,True,639,306.0230660779901,108.80778961843045,-0.4259571617443574,24.903574711900863,60,383.4,8.405835670025306,584,-0.45941128244572565
2300,uva,packing_C,T08,largo,20,G2,4.2876741302331025,0.6712553259304718,1.04510360092469,True,639,306.0230660779901,108.80778961843045,-0.4259571617443574,24.903574711900863,60,383.4,8.405835670025306,585,-0.5079201580448638
2300,uva,packing_C,T08,largo,20,G2,4.2876741302331025,0.6712553259304718,1.04510360092469,True,639,306.0230660779901,108.80778961843045,-0.4259571617443574,24.903574711900863,60,383.4,8.405835670025306,586,-0.5236500848988069
2300,uva,packing_C,T08,largo,20,G2,4.2876741302331025,0.6712553259304718,1.04510360092469,True,639,306.0230660779901,108.80778961843045,-0.4259571617443574,24.903574711900863,60,383.4,8.405835670025306,587,-0.5610883418079067
2300,uva,packing_C,T08,largo,20,G2,4.2876741302331025,0.6712553259304718,1.04510360092469,True,639,306.0230660779901,108.80778961843045,-0.4259571617443574,24.903574711900863,60,383.4,8.405835670025306,588,-0.5773227153961591
2300,uva,packing_C,T08,largo,20,G2,4.2876741302331025,0.6712553259304718,1.04510360092469,True,639,306.0230660779901,108.80778961843045,-0.4259571617443574,24.903574711900863,60,383.4,8.405835670025306,589,-0.7254653879997941
2300,uva,packing_C,T08,largo,20,G2,4.2876741302331025,0.6712553259304718,1.04510360092469,True,639,306.0230660779901,108.80778961843045,-0.4259571617443574,24.903574711900863,60,383.4,8.405835670025306,590,-0.912218741706167
2300,uva,packing_C,T08,largo,20,G2,4.2876741302331025,0.6712553259304718,1.04510360092469,True,639,306.0230660779901,108.80778961843045,-0.4259571617443574,24.903574711900863,60,383.4,8.405835670025306,591,-0.7623411404483027
2300,uva,packing_C,T08,largo,20,G2,4.2876741302331025,0.6712553259304718,1.04510360092469,True,639,306.0230660779901,108.80778961843045,-0.4259571617443574,24.903574711900863,60,383.4,8.405835670025306,592,-0.9462627769852583
2300,uva,packing_C,T08,largo,20,G2,4.2876741302331025,0.6712553259304718,1.04510360092469,True,639,306.0230660779901,108.80778961843045,-0.4259571617443574,24.903574711900863,60,383.4,8.405835670025306,593,-0.8918100122960665
2300,uva,packing_C,T08,largo,20,G2,4.2876741302331025,0.6712553259304718,1.04510360092469,True,639,306.0230660779901,108.80778961843045,-0.4259571617443574,24.903574711900863,60,383.4,8.405835670025306,594,-1.028094118688786
2300,uva,packing_C,T08,largo,20,G2,4.2876741302331025,0.6712553259304718,1.04510360092469,True,639,306.0230660779901,108.80778961843045,-0.4259571617443574,24.903574711900863,60,383.4,8.405835670025306,595,-0.8966000056029568
2300,uva,packing_C,T08,largo,20,G2,4.2876741302331025,0.6712553259304718,1.04510360092469,True,639,306.0230660779901,108.80778961843045,-0.4259571617443574,24.903574711900863,60,383.4,8.405835670025306,596,-0.879173303777991
2300,uva,packing_C,T08,largo,20,G2,4.2876741302331025,0.6712553259304718,1.04510360092469,True,639,306.0230660779901,108.80778961843045,-0.4259571617443574,24.903574711900863,60,383.4,8.405835670025306,597,-0.593952525593714
2300,uva,packing_C,T08,largo,20,G2,4.2876741302331025,0.6712553259304718,1.04510360092469,True,639,306.0230660779901,108.80778961843045,-0.4259571617443574,24.903574711900863,60,383.4,8.405835670025306,598,-0.7799733338304411
2300,uva,packing_C,T08,largo,20,G2,4.2876741302331025,0.6712553259304718,1.04510360092469,True,639,306.0230660779901,108.80778961843045,-0.4259571617443574,24.903574711900863,60,383.4,8.405835670025306,599,-0.4128128483346908
2300,uva,packing_C,T08,largo,20,G2,4.2876741302331025,0.6712553259304718,1.04510360092469,True,639,306.0230660779901,108.80778961843045,-0.4259571617443574,24.903574711900863,60,383.4,8.405835670025306,600,-0.3448120412098691
2300,uva,packing_C,T08,largo,20,G2,4.2876741302331025,0.6712553259304718,1.04510360092469,True,639,306.0230660779901,108.80778961843045,-0.4259571617443574,24.903574711900863,60,383.4,8.405835670025306,601,-0.12062217383738133
2300,uva,packing_C,T08,largo,20,G2,4.2876741302331025,0.6712553259304718,1.04510360092469,True,639,306.0230660779901,108.80778961843045,-0.4259571617443574,24.903574711900863,60,383.4,8.405835670025306,602,-0.29510166772632684
2300,uva,packing_C,T08,largo,20,G2,4.2876741302331025,0.6712553259304718,1.04510360092469,True,639,306.0230660779901,108.80778961843045,-0.4259571617443574,24.903574711900863,60,383.4,8.405835670025306,603,-0.161144595695781
2300,uva,packing_C,T08,largo,20,G2,4.2876741302331025,0.6712553259304718,1.04510360092469,True,639,306.0230660779901,108.80778961843045,-0.4259571617443574,24.903574711900863,60,383.4,8.405835670025306,604,-0.19636055746267664
2300,uva,packing_C,T08,largo,20,G2,4.2876741302331025,0.6712553259304718,1.04510360092469,True,639,306.0230660779901,108.80778961843045,-0.4259571617443574,24.903574711900863,60,383.4,8.405835670025306,605,0.059788526656819385
2300,uva,packing_C,T08,largo,20,G2,4.2876741302331025,0.6712553259304718,1.04510360092469,True,639,306.0230660779901,108.80778961843045,-0.4259571617443574,24.903574711900863,60,383.4,8.405835670025306,606,0.09041740848071525
2300,uva,packing_C,T08,largo,20,G2,4.2876741302331025,0.6712553259304718,1.04510360092469,True,639,306.0230660779901,108.80778961843045,-0.4259571617443574,24.903574711900863,60,383.4,8.405835670025306,607,0.18062622315654392
2300,uva,packing_C,T08,largo,20,G2,4.2876741302331025,0.6712553259304718,1.04510360092469,True,639,306.0230660779901,108.80778961843045,-0.4259571617443574,24.903574711900863,60,383.4,8.405835670025306,608,0.16759597915451924
2300,uva,packing_C,T08,largo,20,G2,4.2876741302331025,0.6712553259304718,1.04510360092469,True,639,306.0230660779901,108.80778961843045,-0.4259571617443574,24.903574711900863,60,383.4,8.405835670025306,609,0.0686151265616064
2300,uva,packing_C,T08,largo,20,G2,4.2876741302331025,0.6712553259304718,1.04510360092469,True,639,306.0230660779901,108.80778961843045,-0.4259571617443574,24.903574711900863,60,383.4,8.405835670025306,610,-0.009858452553547517
2300,uva,packing_C,T08,largo,20,G2,4.2876741302331025,0.6712553259304718,1.04510360092469,True,639,306.0230660779901,108.80778961843045,-0.4259571617443574,24.903574711900863,60,383.4,8.405835670025306,611,0.08063316156530098
2300,uva,packing_C,T08,largo,20,G2,4.2876741302331025,0.6712553259304718,1.04510360092469,True,639,306.0230660779901,108.80778961843045,-0.4259571617443574,24.903574711900863,60,383.4,8.405835670025306,612,-0.21325571660628023
2300,uva,packing_C,T08,largo,20,G2,4.2876741302331025,0.6712553259304718,1.04510360092469,True,639,306.0230660779901,108.80778961843045,-0.4259571617443574,24.903574711900863,60,383.4,8.405835670025306,613,-0.24700368476908857
2300,uva,packing_C,T08,largo,20,G2,4.2876741302331025,0.6712553259304718,1.04510360092469,True,639,306.0230660779901,108.80778961843045,-0.4259571617443574,24.903574711900863,60,383.4,8.405835670025306,614,-0.4228208126522476
2300,uva,packing_C,T08,largo,20,G2,4.2876741302331025,0.6712553259304718,1.04510360092469,True,639,306.0230660779901,108.80778961843045,-0.4259571617443574,24.903574711900863,60,383.4,8.405835670025306,615,-0.37809455938461745
2300,uva,packing_C,T08,largo,20,G2,4.2876741302331025,0.6712553259304718,1.04510360092469,True,639,306.0230660779901,108.80778961843045,-0.4259571617443574,24.903574711900863,60,383.4,8.405835670025306,616,-0.4504141624412815
2300,uva,packing_C,T08,largo,20,G2,4.2876741302331025,0.6712553259304718,1.04510360092469,True,639,306.0230660779901,108.80778961843045,-0.4259571617443574,24.903574711900863,60,383.4,8.405835670025306,617,-0.4914819193455111
2300,uva,packing_C,T08,largo,20,G2,4.2876741302331025,0.6712553259304718,1.04510360092469,True,639,306.0230660779901,108.80778961843045,-0.4259571617443574,24.903574711900863,60,383.4,8.405835670025306,618,-0.6488735207277508
2300,uva,packing_C,T08,largo,20,G2,4.2876741302331025,0.6712553259304718,1.04510360092469,True,639,306.0230660779901,108.80778961843045,-0.4259571617443574,24.903574711900863,60,383.4,8.405835670025306,619,-0.9821515934769555
2300,uva,packing_C,T08,largo,20,G2,4.2876741302331025,0.6712553259304718,1.04510360092469,True,639,306.0230660779901,108.80778961843045,-0.4259571617443574,24.903574711900863,60,383.4,8.405835670025306,620,-1.145326252984358
2300,uva,packing_C,T08,largo,20,G2,4.2876741302331025,0.6712553259304718,1.04510360092469,True,639,306.0230660779901,108.80778961843045,-0.4259571617443574,24.903574711900863,60,383.4,8.405835670025306,621,-0.9851504421914287
2300,uva,packing_C,T08,largo,20,G2,4.2876741302331025,0.6712553259304718,1.04510360092469,True,639,306.0230660779901,108.80778961843045,-0.4259571617443574,24.903574711900863,60,383.4,8.405835670025306,622,-0.8831121263227341
2300,uva,packing_C,T08,largo,20,G2,4.2876741302331025,0.6712553259304718,1.04510360092469,True,639,306.0230660779901,108.80778961843045,-0.4259571617443574,24.903574711900863,60,383.4,8.405835670025306,623,-0.9422615318554298
2300,uva,packing_C,T08,largo,20,G2,4.2876741302331025,0.6712553259304718,1.04510360092469,True,639,306.0230660779901,108.80778961843045,-0.4259571617443574,24.903574711900863,60,383.4,8.405835670025306,624,-1.0041152725585745
2300,uva,packing_C,T08,largo,20,G2,4.2876741302331025,0.6712553259304718,1.04510360092469,True,639,306.0230660779901,108.80778961843045,-0.4259571617443574,24.903574711900863,60,383.4,8.405835670025306,625,-0.8112576294788161
2300,uva,packing_C,T08,largo,20,G2,4.2876741302331025,0.6712553259304718,1.04510360092469,True,639,306.0230660779901,108.80778961843045,-0.4259571617443574,24.903574711900863,60,383.4,8.405835670025306,626,-0.778139955426327
2300,uva,packing_C,T08,largo,20,G2,4.2876741302331025,0.6712553259304718,1.04510360092469,True,639,306.0230660779901,108.80778961843045,-0.4259571617443574,24.903574711900863,60,383.4,8.405835670025306,627,-0.9211247915242204
2300,uva,packing_C,T08,largo,20,G2,4.2876741302331025,0.6712553259304718,1.04510360092469,True,639,306.0230660779901,108.80778961843045,-0.4259571617443574,24.903574711900863,60,383.4,8.405835670025306,628,-0.5718006637673559
2300,uva,packing_C,T08,largo,20,G2,4.2876741302331025,0.6712553259304718,1.04510360092469,True,639,306.0230660779901,108.80778961843045,-0.4259571617443574,24.903574711900863,60,383.4,8.405835670025306,629,-0.66300472624972
2300,uva,packing_C,T08,largo,20,G2,4.2876741302331025,0.6712553259304718,1.04510360092469,True,639,306.0230660779901,108.80778961843045,-0.4259571617443574,24.903574711900863,60,383.4,8.405835670025306,630,-0.6091435398165187
2300,uva,packing_C,T08,largo,20,G2,4.2876741302331025,0.6712553259304718,1.04510360092469,True,639,306.0230660779901,108.80778961843045,-0.4259571617443574,24.903574711900863,60,383.4,8.405835670025306,631,-0.3379103564106028
2300,uva,packing_C,T08,largo,20,G2,4.2876741302331025,0.6712553259304718,1.04510360092469,True,639,306.0230660779901,108.80778961843045,-0.4259571617443574,24.903574711900863,60,383.4,8.405835670025306,632,-0.21109339099779456
2300,uva,packing_C,T08,largo,20,G2,4.2876741302331025,0.6712553259304718,1.04510360092469,True,639,306.0230660779901,108.80778961843045,-0.4259571617443574,24.903574711900863,60,383.4,8.405835670025306,633,-0.07745941911441101
2300,uva,packing_C,T08,largo,20,G2,4.2876741302331025,0.6712553259304718,1.04510360092469,True,639,306.0230660779901,108.80778961843045,-0.4259571617443574,24.903574711900863,60,383.4,8.405835670025306,634,-0.22052108952458466
2300,uva,packing_C,T08,largo,20,G2,4.2876741302331025,0.6712553259304718,1.04510360092469,True,639,306.0230660779901,108.80778961843045,-0.4259571617443574,24.903574711900863,60,383.4,8.405835670025306,635,0.026599329385897923
2300,uva,packing_C,T08,largo,20,G2,4.2876741302331025,0.6712553259304718,1.04510360092469,True,639,306.0230660779901,108.80778961843045,-0.4259571617443574,24.903574711900863,60,383.4,8.405835670025306,636,0.10446817069964608
2300,uva,packing_C,T08,largo,20,G2,4.2876741302331025,0.6712553259304718,1.04510360092469,True,639,306.0230660779901,108.80778961843045,-0.4259571617443574,24.903574711900863,60,383.4,8.405835670025306,637,0.11561106403357925
2300,uva,packing_C,T08,largo,20,G2,4.2876741302331025,0.6712553259304718,1.04510360092469,True,639,306.0230660779901,108.80778961843045,-0.4259571617443574,24.903574711900863,60,383.4,8.405835670025306,638,0.0811009798335252
