proceso_id,epoca,packing,tunel,tipo_tunel,iteracion,mass_group,masa_ton,ocupabilidad,caudal_factor,anomalia_duracion,duracion_min,duracion_esperada_min,delta_duracion_pct,setpoint,T0,pct_transitorio,t_trans_min,overshoot_pct,tiempo_min,temperatura
2288,uva,packing_C,T08,largo,8,G4,8.286753941118661,0.8939647480859474,1.102924542258449,False,454,398.9197338085359,13.807355596477015,-0.3913169969335448,23.926185682861774,60,272.4,9.29932408636862,0,24.012059532960837
2288,uva,packing_C,T08,largo,8,G4,8.286753941118661,0.8939647480859474,1.102924542258449,False,454,398.9197338085359,13.807355596477015,-0.3913169969335448,23.926185682861774,60,272.4,9.29932408636862,1,23.57047593931487
2288,uva,packing_C,T08,largo,8,G4,8.286753941118661,0.8939647480859474,1.102924542258449,False,454,398.9197338085359,13.807355596477015,-0.3913169969335448,23.926185682861774,60,272.4,9.29932408636862,2,23.41911807565453
2288,uva,packing_C,T08,largo,8,G4,8.286753941118661,0.8939647480859474,1.102924542258449,False,454,398.9197338085359,13.807355596477015,-0.3913169969335448,23.926185682861774,60,272.4,9.29932408636862,3,23.26018293461276
2288,uva,packing_C,T08,largo,8,G4,8.286753941118661,0.8939647480859474,1.102924542258449,False,454,398.9197338085359,13.807355596477015,-0.3913169969335448,23.926185682861774,60,272.4,9.29932408636862,4,23.02907702498265
2288,uva,packing_C,T08,largo,8,G4,8.286753941118661,0.8939647480859474,1.102924542258449,False,454,398.9197338085359,13.807355596477015,-0.3913169969335448,23.926185682861774,60,272.4,9.29932408636862,5,22.85332906032495
2288,uva,packing_C,T08,largo,8,G4,8.286753941118661,0.8939647480859474,1.102924542258449,False,454,398.9197338085359,13.807355596477015,-0.3913169969335448,23.926185682861774,60,272.4,9.29932408636862,6,22.533109468256217
2288,uva,packing_C,T08,largo,8,G4,8.286753941118661,0.8939647480859474,1.102924542258449,False,454,398.9197338085359,13.807355596477015,-0.3913169969335448,23.926185682861774,60,272.4,9.29932408636862,7,22.444894785231636
2288,uva,packing_C,T08,largo,8,G4,8.286753941118661,0.8939647480859474,1.102924542258449,False,454,398.9197338085359,13.807355596477015,-0.3913169969335448,23.926185682861774,60,272.4,9.29932408636862,8,22.090079131125883
2288,uva,packing_C,T08,largo,8,G4,8.286753941118661,0.8939647480859474,1.102924542258449,False,454,398.9197338085359,13.807355596477015,-0.3913169969335448,23.926185682861774,60,272.4,9.29932408636862,9,21.86800897663305
2288,uva,packing_C,T08,largo,8,G4,8.286753941118661,0.8939647480859474,1.102924542258449,False,454,398.9197338085359,13.807355596477015,-0.3913169969335448,23.926185682861774,60,272.4,9.29932408636862,10,21.603471640181716
2288,uva,packing_C,T08,largo,8,G4,8.286753941118661,0.8939647480859474,1.102924542258449,False,454,398.9197338085359,13.807355596477015,-0.3913169969335448,23.926185682861774,60,272.4,9.29932408636862,11,21.38303890869851
2288,uva,packing_C,T08,largo,8,G4,8.286753941118661,0.8939647480859474,1.102924542258449,False,454,398.9197338085359,13.807355596477015,-0.3913169969335448,23.926185682861774,60,272.4,9.29932408636862,12,20.86897510792942
2288,uva,packing_C,T08,largo,8,G4,8.286753941118661,0.8939647480859474,1.102924542258449,False,454,398.9197338085359,13.807355596477015,-0.3913169969335448,23.926185682861774,60,272.4,9.29932408636862,13,20.832975825707813
2288,uva,packing_C,T08,largo,8,G4,8.286753941118661,0.8939647480859474,1.102924542258449,False,454,398.9197338085359,13.807355596477015,-0.3913169969335448,23.926185682861774,60,272.4,9.29932408636862,14,20.64550688475926
2288,uva,packing_C,T08,largo,8,G4,8.286753941118661,0.8939647480859474,1.102924542258449,False,454,398.9197338085359,13.807355596477015,-0.3913169969335448,23.926185682861774,60,272.4,9.29932408636862,15,20.228981682970186
2288,uva,packing_C,T08,largo,8,G4,8.286753941118661,0.8939647480859474,1.102924542258449,False,454,398.9197338085359,13.807355596477015,-0.3913169969335448,23.926185682861774,60,272.4,9.29932408636862,16,19.733762609682284
2288,uva,packing_C,T08,largo,8,G4,8.286753941118661,0.8939647480859474,1.102924542258449,False,454,398.9197338085359,13.807355596477015,-0.3913169969335448,23.926185682861774,60,272.4,9.29932408636862,17,19.55875551324395
2288,uva,packing_C,T08,largo,8,G4,8.286753941118661,0.8939647480859474,1.102924542258449,False,454,398.9197338085359,13.807355596477015,-0.3913169969335448,23.926185682861774,60,272.4,9.29932408636862,18,19.530962328362357
2288,uva,packing_C,T08,largo,8,G4,8.286753941118661,0.8939647480859474,1.102924542258449,False,454,398.9197338085359,13.807355596477015,-0.3913169969335448,23.926185682861774,60,272.4,9.29932408636862,19,18.95957462573759
2288,uva,packing_C,T08,largo,8,G4,8.286753941118661,0.8939647480859474,1.102924542258449,False,454,398.9197338085359,13.807355596477015,-0.3913169969335448,23.926185682861774,60,272.4,9.29932408636862,20,18.806298918729496
2288,uva,packing_C,T08,largo,8,G4,8.286753941118661,0.8939647480859474,1.102924542258449,False,454,398.9197338085359,13.807355596477015,-0.3913169969335448,23.926185682861774,60,272.4,9.29932408636862,21,18.646677492966028
2288,uva,packing_C,T08,largo,8,G4,8.286753941118661,0.8939647480859474,1.102924542258449,False,454,398.9197338085359,13.807355596477015,-0.3913169969335448,23.926185682861774,60,272.4,9.29932408636862,22,18.147331793677587
2288,uva,packing_C,T08,largo,8,G4,8.286753941118661,0.8939647480859474,1.102924542258449,False,454,398.9197338085359,13.807355596477015,-0.3913169969335448,23.926185682861774,60,272.4,9.29932408636862,23,17.935610745399803
2288,uva,packing_C,T08,largo,8,G4,8.286753941118661,0.8939647480859474,1.102924542258449,False,454,398.9197338085359,13.807355596477015,-0.3913169969335448,23.926185682861774,60,272.4,9.29932408636862,24,17.69251977276638
2288,uva,packing_C,T08,largo,8,G4,8.286753941118661,0.8939647480859474,1.102924542258449,False,454,398.9197338085359,13.807355596477015,-0.3913169969335448,23.926185682861774,60,272.4,9.29932408636862,25,17.254736541120224
2288,uva,packing_C,T08,largo,8,G4,8.286753941118661,0.8939647480859474,1.102924542258449,False,454,398.9197338085359,13.807355596477015,-0.3913169969335448,23.926185682861774,60,272.4,9.29932408636862,26,16.94926970071168
2288,uva,packing_C,T08,largo,8,G4,8.286753941118661,0.8939647480859474,1.102924542258449,False,454,398.9197338085359,13.807355596477015,-0.3913169969335448,23.926185682861774,60,272.4,9.29932408636862,27,16.79301153298711
2288,uva,packing_C,T08,largo,8,G4,8.286753941118661,0.8939647480859474,1.102924542258449,False,454,398.9197338085359,13.807355596477015,-0.3913169969335448,23.926185682861774,60,272.4,9.29932408636862,28,16.424380126189615
2288,uva,packing_C,T08,largo,8,G4,8.286753941118661,0.8939647480859474,1.102924542258449,False,454,398.9197338085359,13.807355596477015,-0.3913169969335448,23.926185682861774,60,272.4,9.29932408636862,29,16.23116709469451
2288,uva,packing_C,T08,largo,8,G4,8.286753941118661,0.8939647480859474,1.102924542258449,False,454,398.9197338085359,13.807355596477015,-0.3913169969335448,23.926185682861774,60,272.4,9.29932408636862,30,15.854304510187518
2288,uva,packing_C,T08,largo,8,G4,8.286753941118661,0.8939647480859474,1.102924542258449,False,454,398.9197338085359,13.807355596477015,-0.3913169969335448,23.926185682861774,60,272.4,9.29932408636862,31,15.588576973708669
2288,uva,packing_C,T08,largo,8,G4,8.286753941118661,0.8939647480859474,1.102924542258449,False,454,398.9197338085359,13.807355596477015,-0.3913169969335448,23.926185682861774,60,272.4,9.29932408636862,32,15.286919918308048
2288,uva,packing_C,T08,largo,8,G4,8.286753941118661,0.8939647480859474,1.102924542258449,False,454,398.9197338085359,13.807355596477015,-0.3913169969335448,23.926185682861774,60,272.4,9.29932408636862,33,14.963857376975893
2288,uva,packing_C,T08,largo,8,G4,8.286753941118661,0.8939647480859474,1.102924542258449,False,454,398.9197338085359,13.807355596477015,-0.3913169969335448,23.926185682861774,60,272.4,9.29932408636862,34,14.575550521127404
2288,uva,packing_C,T08,largo,8,G4,8.286753941118661,0.8939647480859474,1.102924542258449,False,454,398.9197338085359,13.807355596477015,-0.3913169969335448,23.926185682861774,60,272.4,9.29932408636862,35,14.22969566370142
2288,uva,packing_C,T08,largo,8,G4,8.286753941118661,0.8939647480859474,1.102924542258449,False,454,398.9197338085359,13.807355596477015,-0.3913169969335448,23.926185682861774,60,272.4,9.29932408636862,36,14.113985464591266
2288,uva,packing_C,T08,largo,8,G4,8.286753941118661,0.8939647480859474,1.102924542258449,False,454,398.9197338085359,13.807355596477015,-0.3913169969335448,23.926185682861774,60,272.4,9.29932408636862,37,13.710621272930144
2288,uva,packing_C,T08,largo,8,G4,8.286753941118661,0.8939647480859474,1.102924542258449,False,454,398.9197338085359,13.807355596477015,-0.3913169969335448,23.926185682861774,60,272.4,9.29932408636862,38,13.24373327676619
2288,uva,packing_C,T08,largo,8,G4,8.286753941118661,0.8939647480859474,1.102924542258449,False,454,398.9197338085359,13.807355596477015,-0.3913169969335448,23.926185682861774,60,272.4,9.29932408636862,39,12.81694289806177
2288,uva,packing_C,T08,largo,8,G4,8.286753941118661,0.8939647480859474,1.102924542258449,False,454,398.9197338085359,13.807355596477015,-0.3913169969335448,23.926185682861774,60,272.4,9.29932408636862,40,12.878817567462242
2288,uva,packing_C,T08,largo,8,G4,8.286753941118661,0.8939647480859474,1.102924542258449,False,454,398.9197338085359,13.807355596477015,-0.3913169969335448,23.926185682861774,60,272.4,9.29932408636862,41,12.490052282495895
2288,uva,packing_C,T08,largo,8,G4,8.286753941118661,0.8939647480859474,1.102924542258449,False,454,398.9197338085359,13.807355596477015,-0.3913169969335448,23.926185682861774,60,272.4,9.29932408636862,42,11.98916095236155
2288,uva,packing_C,T08,largo,8,G4,8.286753941118661,0.8939647480859474,1.102924542258449,False,454,398.9197338085359,13.807355596477015,-0.3913169969335448,23.926185682861774,60,272.4,9.29932408636862,43,12.032950658867165
2288,uva,packing_C,T08,largo,8,G4,8.286753941118661,0.8939647480859474,1.102924542258449,False,454,398.9197338085359,13.807355596477015,-0.3913169969335448,23.926185682861774,60,272.4,9.29932408636862,44,11.330189989064499
2288,uva,packing_C,T08,largo,8,G4,8.286753941118661,0.8939647480859474,1.102924542258449,False,454,398.9197338085359,13.807355596477015,-0.3913169969335448,23.926185682861774,60,272.4,9.29932408636862,45,11.1893168740547
2288,uva,packing_C,T08,largo,8,G4,8.286753941118661,0.8939647480859474,1.102924542258449,False,454,398.9197338085359,13.807355596477015,-0.3913169969335448,23.926185682861774,60,272.4,9.29932408636862,46,10.88690881934389
2288,uva,packing_C,T08,largo,8,G4,8.286753941118661,0.8939647480859474,1.102924542258449,False,454,398.9197338085359,13.807355596477015,-0.3913169969335448,23.926185682861774,60,272.4,9.29932408636862,47,10.530772621056247
2288,uva,packing_C,T08,largo,8,G4,8.286753941118661,0.8939647480859474,1.102924542258449,False,454,398.9197338085359,13.807355596477015,-0.3913169969335448,23.926185682861774,60,272.4,9.29932408636862,48,10.289382434388308
2288,uva,packing_C,T08,largo,8,G4,8.286753941118661,0.8939647480859474,1.102924542258449,False,454,398.9197338085359,13.807355596477015,-0.3913169969335448,23.926185682861774,60,272.4,9.29932408636862,49,10.07287933787492
2288,uva,packing_C,T08,largo,8,G4,8.286753941118661,0.8939647480859474,1.102924542258449,False,454,398.9197338085359,13.807355596477015,-0.3913169969335448,23.926185682861774,60,272.4,9.29932408636862,50,9.876731135874305
2288,uva,packing_C,T08,largo,8,G4,8.286753941118661,0.8939647480859474,1.102924542258449,False,454,398.9197338085359,13.807355596477015,-0.3913169969335448,23.926185682861774,60,272.4,9.29932408636862,51,9.339431940280864
2288,uva,packing_C,T08,largo,8,G4,8.286753941118661,0.8939647480859474,1.102924542258449,False,454,398.9197338085359,13.807355596477015,-0.3913169969335448,23.926185682861774,60,272.4,9.29932408636862,52,9.116021354498034
2288,uva,packing_C,T08,largo,8,G4,8.286753941118661,0.8939647480859474,1.102924542258449,False,454,398.9197338085359,13.807355596477015,-0.3913169969335448,23.926185682861774,60,272.4,9.29932408636862,53,8.983512450358933
2288,uva,packing_C,T08,largo,8,G4,8.286753941118661,0.8939647480859474,1.102924542258449,False,454,398.9197338085359,13.807355596477015,-0.3913169969335448,23.926185682861774,60,272.4,9.29932408636862,54,8.421096885652084
2288,uva,packing_C,T08,largo,8,G4,8.286753941118661,0.8939647480859474,1.102924542258449,False,454,398.9197338085359,13.807355596477015,-0.3913169969335448,23.926185682861774,60,272.4,9.29932408636862,55,8.064863883577539
2288,uva,packing_C,T08,largo,8,G4,8.286753941118661,0.8939647480859474,1.102924542258449,False,454,398.9197338085359,13.807355596477015,-0.3913169969335448,23.926185682861774,60,272.4,9.29932408636862,56,7.925088476226057
2288,uva,packing_C,T08,largo,8,G4,8.286753941118661,0.8939647480859474,1.102924542258449,False,454,398.9197338085359,13.807355596477015,-0.3913169969335448,23.926185682861774,60,272.4,9.29932408636862,57,7.532479261220786
2288,uva,packing_C,T08,largo,8,G4,8.286753941118661,0.8939647480859474,1.102924542258449,False,454,398.9197338085359,13.807355596477015,-0.3913169969335448,23.926185682861774,60,272.4,9.29932408636862,58,7.35238807978374
2288,uva,packing_C,T08,largo,8,G4,8.286753941118661,0.8939647480859474,1.102924542258449,False,454,398.9197338085359,13.807355596477015,-0.3913169969335448,23.926185682861774,60,272.4,9.29932408636862,59,7.0182543626423035
2288,uva,packing_C,T08,largo,8,G4,8.286753941118661,0.8939647480859474,1.102924542258449,False,454,398.9197338085359,13.807355596477015,-0.3913169969335448,23.926185682861774,60,272.4,9.29932408636862,60,6.727076544714675
2288,uva,packing_C,T08,largo,8,G4,8.286753941118661,0.8939647480859474,1.102924542258449,False,454,398.9197338085359,13.807355596477015,-0.3913169969335448,23.926185682861774,60,272.4,9.29932408636862,61,6.307176081486938
2288,uva,packing_C,T08,largo,8,G4,8.286753941118661,0.8939647480859474,1.102924542258449,False,454,398.9197338085359,13.807355596477015,-0.3913169969335448,23.926185682861774,60,272.4,9.29932408636862,62,6.053078525370311
2288,uva,packing_C,T08,largo,8,G4,8.286753941118661,0.8939647480859474,1.102924542258449,False,454,398.9197338085359,13.807355596477015,-0.3913169969335448,23.926185682861774,60,272.4,9.29932408636862,63,5.747191621278923
2288,uva,packing_C,T08,largo,8,G4,8.286753941118661,0.8939647480859474,1.102924542258449,False,454,398.9197338085359,13.807355596477015,-0.3913169969335448,23.926185682861774,60,272.4,9.29932408636862,64,5.496362383336586
2288,uva,packing_C,T08,largo,8,G4,8.286753941118661,0.8939647480859474,1.102924542258449,False,454,398.9197338085359,13.807355596477015,-0.3913169969335448,23.926185682861774,60,272.4,9.29932408636862,65,5.210907822477246
2288,uva,packing_C,T08,largo,8,G4,8.286753941118661,0.8939647480859474,1.102924542258449,False,454,398.9197338085359,13.807355596477015,-0.3913169969335448,23.926185682861774,60,272.4,9.29932408636862,66,4.972175404004892
2288,uva,packing_C,T08,largo,8,G4,8.286753941118661,0.8939647480859474,1.102924542258449,False,454,398.9197338085359,13.807355596477015,-0.3913169969335448,23.926185682861774,60,272.4,9.29932408636862,67,4.666057200027241
2288,uva,packing_C,T08,largo,8,G4,8.286753941118661,0.8939647480859474,1.102924542258449,False,454,398.9197338085359,13.807355596477015,-0.3913169969335448,23.926185682861774,60,272.4,9.29932408636862,68,4.498753320552746
2288,uva,packing_C,T08,largo,8,G4,8.286753941118661,0.8939647480859474,1.102924542258449,False,454,398.9197338085359,13.807355596477015,-0.3913169969335448,23.926185682861774,60,272.4,9.29932408636862,69,4.276632812921169
2288,uva,packing_C,T08,largo,8,G4,8.286753941118661,0.8939647480859474,1.102924542258449,False,454,398.9197338085359,13.807355596477015,-0.3913169969335448,23.926185682861774,60,272.4,9.29932408636862,70,3.8412340417860826
2288,uva,packing_C,T08,largo,8,G4,8.286753941118661,0.8939647480859474,1.102924542258449,False,454,398.9197338085359,13.807355596477015,-0.3913169969335448,23.926185682861774,60,272.4,9.29932408636862,71,3.629476211871255
2288,uva,packing_C,T08,largo,8,G4,8.286753941118661,0.8939647480859474,1.102924542258449,False,454,398.9197338085359,13.807355596477015,-0.3913169969335448,23.926185682861774,60,272.4,9.29932408636862,72,3.481283488743096
2288,uva,packing_C,T08,largo,8,G4,8.286753941118661,0.8939647480859474,1.102924542258449,False,454,398.9197338085359,13.807355596477015,-0.3913169969335448,23.926185682861774,60,272.4,9.29932408636862,73,3.2776387328653955
2288,uva,packing_C,T08,largo,8,G4,8.286753941118661,0.8939647480859474,1.102924542258449,False,454,398.9197338085359,13.807355596477015,-0.3913169969335448,23.926185682861774,60,272.4,9.29932408636862,74,3.110809310011992
2288,uva,packing_C,T08,largo,8,G4,8.286753941118661,0.8939647480859474,1.102924542258449,False,454,398.9197338085359,13.807355596477015,-0.3913169969335448,23.926185682861774,60,272.4,9.29932408636862,75,2.6938497862208677
2288,uva,packing_C,T08,largo,8,G4,8.286753941118661,0.8939647480859474,1.102924542258449,False,454,398.9197338085359,13.807355596477015,-0.3913169969335448,23.926185682861774,60,272.4,9.29932408636862,76,2.435494640523306
2288,uva,packing_C,T08,largo,8,G4,8.286753941118661,0.8939647480859474,1.102924542258449,False,454,398.9197338085359,13.807355596477015,-0.3913169969335448,23.926185682861774,60,272.4,9.29932408636862,77,2.200440598105362
2288,uva,packing_C,T08,largo,8,G4,8.286753941118661,0.8939647480859474,1.102924542258449,False,454,398.9197338085359,13.807355596477015,-0.3913169969335448,23.926185682861774,60,272.4,9.29932408636862,78,1.930070482156019
2288,uva,packing_C,T08,largo,8,G4,8.286753941118661,0.8939647480859474,1.102924542258449,False,454,398.9197338085359,13.807355596477015,-0.3913169969335448,23.926185682861774,60,272.4,9.29932408636862,79,1.6830090939336908
2288,uva,packing_C,T08,largo,8,G4,8.286753941118661,0.8939647480859474,1.102924542258449,False,454,398.9197338085359,13.807355596477015,-0.3913169969335448,23.926185682861774,60,272.4,9.29932408636862,80,1.1188863853562119
2288,uva,packing_C,T08,largo,8,G4,8.286753941118661,0.8939647480859474,1.102924542258449,False,454,398.9197338085359,13.807355596477015,-0.3913169969335448,23.926185682861774,60,272.4,9.29932408636862,81,1.1483633493602905
2288,uva,packing_C,T08,largo,8,G4,8.286753941118661,0.8939647480859474,1.102924542258449,False,454,398.9197338085359,13.807355596477015,-0.3913169969335448,23.926185682861774,60,272.4,9.29932408636862,82,0.9794022104055692
2288,uva,packing_C,T08,largo,8,G4,8.286753941118661,0.8939647480859474,1.102924542258449,False,454,398.9197338085359,13.807355596477015,-0.3913169969335448,23.926185682861774,60,272.4,9.29932408636862,83,0.8117260094173211
2288,uva,packing_C,T08,largo,8,G4,8.286753941118661,0.8939647480859474,1.102924542258449,False,454,398.9197338085359,13.807355596477015,-0.3913169969335448,23.926185682861774,60,272.4,9.29932408636862,84,0.4658109757173525
2288,uva,packing_C,T08,largo,8,G4,8.286753941118661,0.8939647480859474,1.102924542258449,False,454,398.9197338085359,13.807355596477015,-0.3913169969335448,23.926185682861774,60,272.4,9.29932408636862,85,0.28857090202177094
2288,uva,packing_C,T08,largo,8,G4,8.286753941118661,0.8939647480859474,1.102924542258449,False,454,398.9197338085359,13.807355596477015,-0.3913169969335448,23.926185682861774,60,272.4,9.29932408636862,86,0.00920651214340953
2288,uva,packing_C,T08,largo,8,G4,8.286753941118661,0.8939647480859474,1.102924542258449,False,454,398.9197338085359,13.807355596477015,-0.3913169969335448,23.926185682861774,60,272.4,9.29932408636862,87,-0.03027248111374381
2288,uva,packing_C,T08,largo,8,G4,8.286753941118661,0.8939647480859474,1.102924542258449,False,454,398.9197338085359,13.807355596477015,-0.3913169969335448,23.926185682861774,60,272.4,9.29932408636862,88,-0.488478692923624
2288,uva,packing_C,T08,largo,8,G4,8.286753941118661,0.8939647480859474,1.102924542258449,False,454,398.9197338085359,13.807355596477015,-0.3913169969335448,23.926185682861774,60,272.4,9.29932408636862,89,-0.5763369544887676
2288,uva,packing_C,T08,largo,8,G4,8.286753941118661,0.8939647480859474,1.102924542258449,False,454,398.9197338085359,13.807355596477015,-0.3913169969335448,23.926185682861774,60,272.4,9.29932408636862,90,-0.7714494104602093
2288,uva,packing_C,T08,largo,8,G4,8.286753941118661,0.8939647480859474,1.102924542258449,False,454,398.9197338085359,13.807355596477015,-0.3913169969335448,23.926185682861774,60,272.4,9.29932408636862,91,-1.092718491429794
2288,uva,packing_C,T08,largo,8,G4,8.286753941118661,0.8939647480859474,1.102924542258449,False,454,398.9197338085359,13.807355596477015,-0.3913169969335448,23.926185682861774,60,272.4,9.29932408636862,92,-1.1209163187831674
2288,uva,packing_C,T08,largo,8,G4,8.286753941118661,0.8939647480859474,1.102924542258449,False,454,398.9197338085359,13.807355596477015,-0.3913169969335448,23.926185682861774,60,272.4,9.29932408636862,93,-1.3603948100297094
2288,uva,packing_C,T08,largo,8,G4,8.286753941118661,0.8939647480859474,1.102924542258449,False,454,398.9197338085359,13.807355596477015,-0.3913169969335448,23.926185682861774,60,272.4,9.29932408636862,94,-1.7562624090077494
2288,uva,packing_C,T08,largo,8,G4,8.286753941118661,0.8939647480859474,1.102924542258449,False,454,398.9197338085359,13.807355596477015,-0.3913169969335448,23.926185682861774,60,272.4,9.29932408636862,95,-1.8471350185877655
2288,uva,packing_C,T08,largo,8,G4,8.286753941118661,0.8939647480859474,1.102924542258449,False,454,398.9197338085359,13.807355596477015,-0.3913169969335448,23.926185682861774,60,272.4,9.29932408636862,96,-1.9521976104881418
2288,uva,packing_C,T08,largo,8,G4,8.286753941118661,0.8939647480859474,1.102924542258449,False,454,398.9197338085359,13.807355596477015,-0.3913169969335448,23.926185682861774,60,272.4,9.29932408636862,97,-1.9827682119365617
2288,uva,packing_C,T08,largo,8,G4,8.286753941118661,0.8939647480859474,1.102924542258449,False,454,398.9197338085359,13.807355596477015,-0.3913169969335448,23.926185682861774,60,272.4,9.29932408636862,98,-2.490849254862562
2288,uva,packing_C,T08,largo,8,G4,8.286753941118661,0.8939647480859474,1.102924542258449,False,454,398.9197338085359,13.807355596477015,-0.3913169969335448,23.926185682861774,60,272.4,9.29932408636862,99,-2.6782438831707016
2288,uva,packing_C,T08,largo,8,G4,8.286753941118661,0.8939647480859474,1.102924542258449,False,454,398.9197338085359,13.807355596477015,-0.3913169969335448,23.926185682861774,60,272.4,9.29932408636862,100,-2.7009888267888083
2288,uva,packing_C,T08,largo,8,G4,8.286753941118661,0.8939647480859474,1.102924542258449,False,454,398.9197338085359,13.807355596477015,-0.3913169969335448,23.926185682861774,60,272.4,9.29932408636862,101,-3.0060409088603173
2288,uva,packing_C,T08,largo,8,G4,8.286753941118661,0.8939647480859474,1.102924542258449,False,454,398.9197338085359,13.807355596477015,-0.3913169969335448,23.926185682861774,60,272.4,9.29932408636862,102,-3.3288720151648947
2288,uva,packing_C,T08,largo,8,G4,8.286753941118661,0.8939647480859474,1.102924542258449,False,454,398.9197338085359,13.807355596477015,-0.3913169969335448,23.926185682861774,60,272.4,9.29932408636862,103,-3.314670459053012
2288,uva,packing_C,T08,largo,8,G4,8.286753941118661,0.8939647480859474,1.102924542258449,False,454,398.9197338085359,13.807355596477015,-0.3913169969335448,23.926185682861774,60,272.4,9.29932408636862,104,-3.3700647531926275
2288,uva,packing_C,T08,largo,8,G4,8.286753941118661,0.8939647480859474,1.102924542258449,False,454,398.9197338085359,13.807355596477015,-0.3913169969335448,23.926185682861774,60,272.4,9.29932408636862,105,-3.7040068908680053
2288,uva,packing_C,T08,largo,8,G4,8.286753941118661,0.8939647480859474,1.102924542258449,False,454,398.9197338085359,13.807355596477015,-0.3913169969335448,23.926185682861774,60,272.4,9.29932408636862,106,-3.844012381812342
2288,uva,packing_C,T08,largo,8,G4,8.286753941118661,0.8939647480859474,1.102924542258449,False,454,398.9197338085359,13.807355596477015,-0.3913169969335448,23.926185682861774,60,272.4,9.29932408636862,107,-4.015911727232709
2288,uva,packing_C,T08,largo,8,G4,8.286753941118661,0.8939647480859474,1.102924542258449,False,454,398.9197338085359,13.807355596477015,-0.3913169969335448,23.926185682861774,60,272.4,9.29932408636862,108,-4.1653715236676625
2288,uva,packing_C,T08,largo,8,G4,8.286753941118661,0.8939647480859474,1.102924542258449,False,454,398.9197338085359,13.807355596477015,-0.3913169969335448,23.926185682861774,60,272.4,9.29932408636862,109,-4.062738127065696
2288,uva,packing_C,T08,largo,8,G4,8.286753941118661,0.8939647480859474,1.102924542258449,False,454,398.9197338085359,13.807355596477015,-0.3913169969335448,23.926185682861774,60,272.4,9.29932408636862,110,-4.30747937528807
2288,uva,packing_C,T08,largo,8,G4,8.286753941118661,0.8939647480859474,1.102924542258449,False,454,398.9197338085359,13.807355596477015,-0.3913169969335448,23.926185682861774,60,272.4,9.29932408636862,111,-4.4967817752748855
2288,uva,packing_C,T08,largo,8,G4,8.286753941118661,0.8939647480859474,1.102924542258449,False,454,398.9197338085359,13.807355596477015,-0.3913169969335448,23.926185682861774,60,272.4,9.29932408636862,112,-4.597652722969485
2288,uva,packing_C,T08,largo,8,G4,8.286753941118661,0.8939647480859474,1.102924542258449,False,454,398.9197338085359,13.807355596477015,-0.3913169969335448,23.926185682861774,60,272.4,9.29932408636862,113,-4.6276992684143545
2288,uva,packing_C,T08,largo,8,G4,8.286753941118661,0.8939647480859474,1.102924542258449,False,454,398.9197338085359,13.807355596477015,-0.3913169969335448,23.926185682861774,60,272.4,9.29932408636862,114,-4.900951428612863
2288,uva,packing_C,T08,largo,8,G4,8.286753941118661,0.8939647480859474,1.102924542258449,False,454,398.9197338085359,13.807355596477015,-0.3913169969335448,23.926185682861774,60,272.4,9.29932408636862,115,-4.968450971495901
2288,uva,packing_C,T08,largo,8,G4,8.286753941118661,0.8939647480859474,1.102924542258449,False,454,398.9197338085359,13.807355596477015,-0.3913169969335448,23.926185682861774,60,272.4,9.29932408636862,116,-5.07792788384159
2288,uva,packing_C,T08,largo,8,G4,8.286753941118661,0.8939647480859474,1.102924542258449,False,454,398.9197338085359,13.807355596477015,-0.3913169969335448,23.926185682861774,60,272.4,9.29932408636862,117,-5.201070840007222
2288,uva,packing_C,T08,largo,8,G4,8.286753941118661,0.8939647480859474,1.102924542258449,False,454,398.9197338085359,13.807355596477015,-0.3913169969335448,23.926185682861774,60,272.4,9.29932408636862,118,-5.173329585106968
2288,uva,packing_C,T08,largo,8,G4,8.286753941118661,0.8939647480859474,1.102924542258449,False,454,398.9197338085359,13.807355596477015,-0.3913169969335448,23.926185682861774,60,272.4,9.29932408636862,119,-5.589469314797273
2288,uva,packing_C,T08,largo,8,G4,8.286753941118661,0.8939647480859474,1.102924542258449,False,454,398.9197338085359,13.807355596477015,-0.3913169969335448,23.926185682861774,60,272.4,9.29932408636862,120,-5.573719850588908
2288,uva,packing_C,T08,largo,8,G4,8.286753941118661,0.8939647480859474,1.102924542258449,False,454,398.9197338085359,13.807355596477015,-0.3913169969335448,23.926185682861774,60,272.4,9.29932408636862,121,-5.790089428450953
2288,uva,packing_C,T08,largo,8,G4,8.286753941118661,0.8939647480859474,1.102924542258449,False,454,398.9197338085359,13.807355596477015,-0.3913169969335448,23.926185682861774,60,272.4,9.29932408636862,122,-5.865556499268782
2288,uva,packing_C,T08,largo,8,G4,8.286753941118661,0.8939647480859474,1.102924542258449,False,454,398.9197338085359,13.807355596477015,-0.3913169969335448,23.926185682861774,60,272.4,9.29932408636862,123,-5.836013049944586
2288,uva,packing_C,T08,largo,8,G4,8.286753941118661,0.8939647480859474,1.102924542258449,False,454,398.9197338085359,13.807355596477015,-0.3913169969335448,23.926185682861774,60,272.4,9.29932408636862,124,-6.0402972242979915
2288,uva,packing_C,T08,largo,8,G4,8.286753941118661,0.8939647480859474,1.102924542258449,False,454,398.9197338085359,13.807355596477015,-0.3913169969335448,23.926185682861774,60,272.4,9.29932408636862,125,-6.340058200978734
2288,uva,packing_C,T08,largo,8,G4,8.286753941118661,0.8939647480859474,1.102924542258449,False,454,398.9197338085359,13.807355596477015,-0.3913169969335448,23.926185682861774,60,272.4,9.29932408636862,126,-6.367739682359862
2288,uva,packing_C,T08,largo,8,G4,8.286753941118661,0.8939647480859474,1.102924542258449,False,454,398.9197338085359,13.807355596477015,-0.3913169969335448,23.926185682861774,60,272.4,9.29932408636862,127,-6.442965279722406
2288,uva,packing_C,T08,largo,8,G4,8.286753941118661,0.8939647480859474,1.102924542258449,False,454,398.9197338085359,13.807355596477015,-0.3913169969335448,23.926185682861774,60,272.4,9.29932408636862,128,-6.335598682774794
2288,uva,packing_C,T08,largo,8,G4,8.286753941118661,0.8939647480859474,1.102924542258449,False,454,398.9197338085359,13.807355596477015,-0.3913169969335448,23.926185682861774,60,272.4,9.29932408636862,129,-6.455289124414133
2288,uva,packing_C,T08,largo,8,G4,8.286753941118661,0.8939647480859474,1.102924542258449,False,454,398.9197338085359,13.807355596477015,-0.3913169969335448,23.926185682861774,60,272.4,9.29932408636862,130,-6.388438640134016
2288,uva,packing_C,T08,largo,8,G4,8.286753941118661,0.8939647480859474,1.102924542258449,False,454,398.9197338085359,13.807355596477015,-0.3913169969335448,23.926185682861774,60,272.4,9.29932408636862,131,-6.630041282002455
2288,uva,packing_C,T08,largo,8,G4,8.286753941118661,0.8939647480859474,1.102924542258449,False,454,398.9197338085359,13.807355596477015,-0.3913169969335448,23.926185682861774,60,272.4,9.29932408636862,132,-6.687345405060101
2288,uva,packing_C,T08,largo,8,G4,8.286753941118661,0.8939647480859474,1.102924542258449,False,454,398.9197338085359,13.807355596477015,-0.3913169969335448,23.926185682861774,60,272.4,9.29932408636862,133,-6.74176767579745
2288,uva,packing_C,T08,largo,8,G4,8.286753941118661,0.8939647480859474,1.102924542258449,False,454,398.9197338085359,13.807355596477015,-0.3913169969335448,23.926185682861774,60,272.4,9.29932408636862,134,-6.75901134575251
2288,uva,packing_C,T08,largo,8,G4,8.286753941118661,0.8939647480859474,1.102924542258449,False,454,398.9197338085359,13.807355596477015,-0.3913169969335448,23.926185682861774,60,272.4,9.29932408636862,135,-6.764238978257302
2288,uva,packing_C,T08,largo,8,G4,8.286753941118661,0.8939647480859474,1.102924542258449,False,454,398.9197338085359,13.807355596477015,-0.3913169969335448,23.926185682861774,60,272.4,9.29932408636862,136,-6.891631228301459
2288,uva,packing_C,T08,largo,8,G4,8.286753941118661,0.8939647480859474,1.102924542258449,False,454,398.9197338085359,13.807355596477015,-0.3913169969335448,23.926185682861774,60,272.4,9.29932408636862,137,-6.963526461446386
2288,uva,packing_C,T08,largo,8,G4,8.286753941118661,0.8939647480859474,1.102924542258449,False,454,398.9197338085359,13.807355596477015,-0.3913169969335448,23.926185682861774,60,272.4,9.29932408636862,138,-7.024375356199686
2288,uva,packing_C,T08,largo,8,G4,8.286753941118661,0.8939647480859474,1.102924542258449,False,454,398.9197338085359,13.807355596477015,-0.3913169969335448,23.926185682861774,60,272.4,9.29932408636862,139,-7.167229619835109
2288,uva,packing_C,T08,largo,8,G4,8.286753941118661,0.8939647480859474,1.102924542258449,False,454,398.9197338085359,13.807355596477015,-0.3913169969335448,23.926185682861774,60,272.4,9.29932408636862,140,-7.019058699565398
2288,uva,packing_C,T08,largo,8,G4,8.286753941118661,0.8939647480859474,1.102924542258449,False,454,398.9197338085359,13.807355596477015,-0.3913169969335448,23.926185682861774,60,272.4,9.29932408636862,141,-7.034193070216002
2288,uva,packing_C,T08,largo,8,G4,8.286753941118661,0.8939647480859474,1.102924542258449,False,454,398.9197338085359,13.807355596477015,-0.3913169969335448,23.926185682861774,60,272.4,9.29932408636862,142,-7.034058649255001
2288,uva,packing_C,T08,largo,8,G4,8.286753941118661,0.8939647480859474,1.102924542258449,False,454,398.9197338085359,13.807355596477015,-0.3913169969335448,23.926185682861774,60,272.4,9.29932408636862,143,-7.249356390356981
2288,uva,packing_C,T08,largo,8,G4,8.286753941118661,0.8939647480859474,1.102924542258449,False,454,398.9197338085359,13.807355596477015,-0.3913169969335448,23.926185682861774,60,272.4,9.29932408636862,144,-7.22416157722429
2288,uva,packing_C,T08,largo,8,G4,8.286753941118661,0.8939647480859474,1.102924542258449,False,454,398.9197338085359,13.807355596477015,-0.3913169969335448,23.926185682861774,60,272.4,9.29932408636862,145,-7.09717815858198
2288,uva,packing_C,T08,largo,8,G4,8.286753941118661,0.8939647480859474,1.102924542258449,False,454,398.9197338085359,13.807355596477015,-0.3913169969335448,23.926185682861774,60,272.4,9.29932408636862,146,-7.2838595904080625
2288,uva,packing_C,T08,largo,8,G4,8.286753941118661,0.8939647480859474,1.102924542258449,False,454,398.9197338085359,13.807355596477015,-0.3913169969335448,23.926185682861774,60,272.4,9.29932408636862,147,-7.24919759571565
2288,uva,packing_C,T08,largo,8,G4,8.286753941118661,0.8939647480859474,1.102924542258449,False,454,398.9197338085359,13.807355596477015,-0.3913169969335448,23.926185682861774,60,272.4,9.29932408636862,148,-7.295519986239982
2288,uva,packing_C,T08,largo,8,G4,8.286753941118661,0.8939647480859474,1.102924542258449,False,454,398.9197338085359,13.807355596477015,-0.3913169969335448,23.926185682861774,60,272.4,9.29932408636862,149,-7.333252136516757
2288,uva,packing_C,T08,largo,8,G4,8.286753941118661,0.8939647480859474,1.102924542258449,False,454,398.9197338085359,13.807355596477015,-0.3913169969335448,23.926185682861774,60,272.4,9.29932408636862,150,-7.390088705950277
2288,uva,packing_C,T08,largo,8,G4,8.286753941118661,0.8939647480859474,1.102924542258449,False,454,398.9197338085359,13.807355596477015,-0.3913169969335448,23.926185682861774,60,272.4,9.29932408636862,151,-7.392932724193021
2288,uva,packing_C,T08,largo,8,G4,8.286753941118661,0.8939647480859474,1.102924542258449,False,454,398.9197338085359,13.807355596477015,-0.3913169969335448,23.926185682861774,60,272.4,9.29932408636862,152,-7.365969533877211
2288,uva,packing_C,T08,largo,8,G4,8.286753941118661,0.8939647480859474,1.102924542258449,False,454,398.9197338085359,13.807355596477015,-0.3913169969335448,23.926185682861774,60,272.4,9.29932408636862,153,-7.309956401924993
2288,uva,packing_C,T08,largo,8,G4,8.286753941118661,0.8939647480859474,1.102924542258449,False,454,398.9197338085359,13.807355596477015,-0.3913169969335448,23.926185682861774,60,272.4,9.29932408636862,154,-7.209387645929052
2288,uva,packing_C,T08,largo,8,G4,8.286753941118661,0.8939647480859474,1.102924542258449,False,454,398.9197338085359,13.807355596477015,-0.3913169969335448,23.926185682861774,60,272.4,9.29932408636862,155,-7.598152586875956
2288,uva,packing_C,T08,largo,8,G4,8.286753941118661,0.8939647480859474,1.102924542258449,False,454,398.9197338085359,13.807355596477015,-0.3913169969335448,23.926185682861774,60,272.4,9.29932408636862,156,-7.380348771257178
2288,uva,packing_C,T08,largo,8,G4,8.286753941118661,0.8939647480859474,1.102924542258449,False,454,398.9197338085359,13.807355596477015,-0.3913169969335448,23.926185682861774,60,272.4,9.29932408636862,157,-7.5661409055646285
2288,uva,packing_C,T08,largo,8,G4,8.286753941118661,0.8939647480859474,1.102924542258449,False,454,398.9197338085359,13.807355596477015,-0.3913169969335448,23.926185682861774,60,272.4,9.29932408636862,158,-7.422086106410367
2288,uva,packing_C,T08,largo,8,G4,8.286753941118661,0.8939647480859474,1.102924542258449,False,454,398.9197338085359,13.807355596477015,-0.3913169969335448,23.926185682861774,60,272.4,9.29932408636862,159,-7.460042962089614
2288,uva,packing_C,T08,largo,8,G4,8.286753941118661,0.8939647480859474,1.102924542258449,False,454,398.9197338085359,13.807355596477015,-0.3913169969335448,23.926185682861774,60,272.4,9.29932408636862,160,-7.394355646607189
2288,uva,packing_C,T08,largo,8,G4,8.286753941118661,0.8939647480859474,1.102924542258449,False,454,398.9197338085359,13.807355596477015,-0.3913169969335448,23.926185682861774,60,272.4,9.29932408636862,161,-7.462829280812429
2288,uva,packing_C,T08,largo,8,G4,8.286753941118661,0.8939647480859474,1.102924542258449,False,454,398.9197338085359,13.807355596477015,-0.3913169969335448,23.926185682861774,60,272.4,9.29932408636862,162,-7.520137037328842
2288,uva,packing_C,T08,largo,8,G4,8.286753941118661,0.8939647480859474,1.102924542258449,False,454,398.9197338085359,13.807355596477015,-0.3913169969335448,23.926185682861774,60,272.4,9.29932408636862,163,-7.5295875820916365
2288,uva,packing_C,T08,largo,8,G4,8.286753941118661,0.8939647480859474,1.102924542258449,False,454,398.9197338085359,13.807355596477015,-0.3913169969335448,23.926185682861774,60,272.4,9.29932408636862,164,-7.3252792271038425
2288,uva,packing_C,T08,largo,8,G4,8.286753941118661,0.8939647480859474,1.102924542258449,False,454,398.9197338085359,13.807355596477015,-0.3913169969335448,23.926185682861774,60,272.4,9.29932408636862,165,-7.370512378344588
2288,uva,packing_C,T08,largo,8,G4,8.286753941118661,0.8939647480859474,1.102924542258449,False,454,398.9197338085359,13.807355596477015,-0.3913169969335448,23.926185682861774,60,272.4,9.29932408636862,166,-7.506939856692788
2288,uva,packing_C,T08,largo,8,G4,8.286753941118661,0.8939647480859474,1.102924542258449,False,454,398.9197338085359,13.807355596477015,-0.3913169969335448,23.926185682861774,60,272.4,9.29932408636862,167,-7.309632175152685
2288,uva,packing_C,T08,largo,8,G4,8.286753941118661,0.8939647480859474,1.102924542258449,False,454,398.9197338085359,13.807355596477015,-0.3913169969335448,23.926185682861774,60,272.4,9.29932408636862,168,-7.305557805572441
2288,uva,packing_C,T08,largo,8,G4,8.286753941118661,0.8939647480859474,1.102924542258449,False,454,398.9197338085359,13.807355596477015,-0.3913169969335448,23.926185682861774,60,272.4,9.29932408636862,169,-7.442498090657909
2288,uva,packing_C,T08,largo,8,G4,8.286753941118661,0.8939647480859474,1.102924542258449,False,454,398.9197338085359,13.807355596477015,-0.3913169969335448,23.926185682861774,60,272.4,9.29932408636862,170,-7.229057128855958
2288,uva,packing_C,T08,largo,8,G4,8.286753941118661,0.8939647480859474,1.102924542258449,False,454,398.9197338085359,13.807355596477015,-0.3913169969335448,23.926185682861774,60,272.4,9.29932408636862,171,-7.178097253175058
2288,uva,packing_C,T08,largo,8,G4,8.286753941118661,0.8939647480859474,1.102924542258449,False,454,398.9197338085359,13.807355596477015,-0.3913169969335448,23.926185682861774,60,272.4,9.29932408636862,172,-7.182482381929579
2288,uva,packing_C,T08,largo,8,G4,8.286753941118661,0.8939647480859474,1.102924542258449,False,454,398.9197338085359,13.807355596477015,-0.3913169969335448,23.926185682861774,60,272.4,9.29932408636862,173,-7.006968377692993
2288,uva,packing_C,T08,largo,8,G4,8.286753941118661,0.8939647480859474,1.102924542258449,False,454,398.9197338085359,13.807355596477015,-0.3913169969335448,23.926185682861774,60,272.4,9.29932408636862,174,-6.982706854428557
2288,uva,packing_C,T08,largo,8,G4,8.286753941118661,0.8939647480859474,1.102924542258449,False,454,398.9197338085359,13.807355596477015,-0.3913169969335448,23.926185682861774,60,272.4,9.29932408636862,175,-7.085971164697296
2288,uva,packing_C,T08,largo,8,G4,8.286753941118661,0.8939647480859474,1.102924542258449,False,454,398.9197338085359,13.807355596477015,-0.3913169969335448,23.926185682861774,60,272.4,9.29932408636862,176,-7.039745739204464
2288,uva,packing_C,T08,largo,8,G4,8.286753941118661,0.8939647480859474,1.102924542258449,False,454,398.9197338085359,13.807355596477015,-0.3913169969335448,23.926185682861774,60,272.4,9.29932408636862,177,-7.00985177833812
2288,uva,packing_C,T08,largo,8,G4,8.286753941118661,0.8939647480859474,1.102924542258449,False,454,398.9197338085359,13.807355596477015,-0.3913169969335448,23.926185682861774,60,272.4,9.29932408636862,178,-6.808788913790065
2288,uva,packing_C,T08,largo,8,G4,8.286753941118661,0.8939647480859474,1.102924542258449,False,454,398.9197338085359,13.807355596477015,-0.3913169969335448,23.926185682861774,60,272.4,9.29932408636862,179,-6.850451896859328
2288,uva,packing_C,T08,largo,8,G4,8.286753941118661,0.8939647480859474,1.102924542258449,False,454,398.9197338085359,13.807355596477015,-0.3913169969335448,23.926185682861774,60,272.4,9.29932408636862,180,-6.752017101886793
2288,uva,packing_C,T08,largo,8,G4,8.286753941118661,0.8939647480859474,1.102924542258449,False,454,398.9197338085359,13.807355596477015,-0.3913169969335448,23.926185682861774,60,272.4,9.29932408636862,181,-6.713634111366234
2288,uva,packing_C,T08,largo,8,G4,8.286753941118661,0.8939647480859474,1.102924542258449,False,454,398.9197338085359,13.807355596477015,-0.3913169969335448,23.926185682861774,60,272.4,9.29932408636862,182,-6.803590228653797
2288,uva,packing_C,T08,largo,8,G4,8.286753941118661,0.8939647480859474,1.102924542258449,False,454,398.9197338085359,13.807355596477015,-0.3913169969335448,23.926185682861774,60,272.4,9.29932408636862,183,-6.90572442876642
2288,uva,packing_C,T08,largo,8,G4,8.286753941118661,0.8939647480859474,1.102924542258449,False,454,398.9197338085359,13.807355596477015,-0.3913169969335448,23.926185682861774,60,272.4,9.29932408636862,184,-6.746716537554586
2288,uva,packing_C,T08,largo,8,G4,8.286753941118661,0.8939647480859474,1.102924542258449,False,454,398.9197338085359,13.807355596477015,-0.3913169969335448,23.926185682861774,60,272.4,9.29932408636862,185,-6.844916452176781
2288,uva,packing_C,T08,largo,8,G4,8.286753941118661,0.8939647480859474,1.102924542258449,False,454,398.9197338085359,13.807355596477015,-0.3913169969335448,23.926185682861774,60,272.4,9.29932408636862,186,-6.642882634944952
2288,uva,packing_C,T08,largo,8,G4,8.286753941118661,0.8939647480859474,1.102924542258449,False,454,398.9197338085359,13.807355596477015,-0.3913169969335448,23.926185682861774,60,272.4,9.29932408636862,187,-6.82307236152608
2288,uva,packing_C,T08,largo,8,G4,8.286753941118661,0.8939647480859474,1.102924542258449,False,454,398.9197338085359,13.807355596477015,-0.3913169969335448,23.926185682861774,60,272.4,9.29932408636862,188,-6.500815509661273
2288,uva,packing_C,T08,largo,8,G4,8.286753941118661,0.8939647480859474,1.102924542258449,False,454,398.9197338085359,13.807355596477015,-0.3913169969335448,23.926185682861774,60,272.4,9.29932408636862,189,-6.432791412203422
2288,uva,packing_C,T08,largo,8,G4,8.286753941118661,0.8939647480859474,1.102924542258449,False,454,398.9197338085359,13.807355596477015,-0.3913169969335448,23.926185682861774,60,272.4,9.29932408636862,190,-6.373461704381538
2288,uva,packing_C,T08,largo,8,G4,8.286753941118661,0.8939647480859474,1.102924542258449,False,454,398.9197338085359,13.807355596477015,-0.3913169969335448,23.926185682861774,60,272.4,9.29932408636862,191,-6.305441837009775
2288,uva,packing_C,T08,largo,8,G4,8.286753941118661,0.8939647480859474,1.102924542258449,False,454,398.9197338085359,13.807355596477015,-0.3913169969335448,23.926185682861774,60,272.4,9.29932408636862,192,-6.252007427399679
2288,uva,packing_C,T08,largo,8,G4,8.286753941118661,0.8939647480859474,1.102924542258449,False,454,398.9197338085359,13.807355596477015,-0.3913169969335448,23.926185682861774,60,272.4,9.29932408636862,193,-6.305323723757262
2288,uva,packing_C,T08,largo,8,G4,8.286753941118661,0.8939647480859474,1.102924542258449,False,454,398.9197338085359,13.807355596477015,-0.3913169969335448,23.926185682861774,60,272.4,9.29932408636862,194,-6.302639536185047
2288,uva,packing_C,T08,largo,8,G4,8.286753941118661,0.8939647480859474,1.102924542258449,False,454,398.9197338085359,13.807355596477015,-0.3913169969335448,23.926185682861774,60,272.4,9.29932408636862,195,-6.005242280568087
2288,uva,packing_C,T08,largo,8,G4,8.286753941118661,0.8939647480859474,1.102924542258449,False,454,398.9197338085359,13.807355596477015,-0.3913169969335448,23.926185682861774,60,272.4,9.29932408636862,196,-5.910604046379181
2288,uva,packing_C,T08,largo,8,G4,8.286753941118661,0.8939647480859474,1.102924542258449,False,454,398.9197338085359,13.807355596477015,-0.3913169969335448,23.926185682861774,60,272.4,9.29932408636862,197,-6.007734035960602
2288,uva,packing_C,T08,largo,8,G4,8.286753941118661,0.8939647480859474,1.102924542258449,False,454,398.9197338085359,13.807355596477015,-0.3913169969335448,23.926185682861774,60,272.4,9.29932408636862,198,-5.9092982342324625
2288,uva,packing_C,T08,largo,8,G4,8.286753941118661,0.8939647480859474,1.102924542258449,False,454,398.9197338085359,13.807355596477015,-0.3913169969335448,23.926185682861774,60,272.4,9.29932408636862,199,-5.631498816168936
2288,uva,packing_C,T08,largo,8,G4,8.286753941118661,0.8939647480859474,1.102924542258449,False,454,398.9197338085359,13.807355596477015,-0.3913169969335448,23.926185682861774,60,272.4,9.29932408636862,200,-5.800144671096251
2288,uva,packing_C,T08,largo,8,G4,8.286753941118661,0.8939647480859474,1.102924542258449,False,454,398.9197338085359,13.807355596477015,-0.3913169969335448,23.926185682861774,60,272.4,9.29932408636862,201,-5.525762594711752
2288,uva,packing_C,T08,largo,8,G4,8.286753941118661,0.8939647480859474,1.102924542258449,False,454,398.9197338085359,13.807355596477015,-0.3913169969335448,23.926185682861774,60,272.4,9.29932408636862,202,-5.666599055390282
2288,uva,packing_C,T08,largo,8,G4,8.286753941118661,0.8939647480859474,1.102924542258449,False,454,398.9197338085359,13.807355596477015,-0.3913169969335448,23.926185682861774,60,272.4,9.29932408636862,203,-5.5056662095234845
2288,uva,packing_C,T08,largo,8,G4,8.286753941118661,0.8939647480859474,1.102924542258449,False,454,398.9197338085359,13.807355596477015,-0.3913169969335448,23.926185682861774,60,272.4,9.29932408636862,204,-5.475031309040906
2288,uva,packing_C,T08,largo,8,G4,8.286753941118661,0.8939647480859474,1.102924542258449,False,454,398.9197338085359,13.807355596477015,-0.3913169969335448,23.926185682861774,60,272.4,9.29932408636862,205,-5.4217247317547
2288,uva,packing_C,T08,largo,8,G4,8.286753941118661,0.8939647480859474,1.102924542258449,False,454,398.9197338085359,13.807355596477015,-0.3913169969335448,23.926185682861774,60,272.4,9.29932408636862,206,-5.396218261405853
2288,uva,packing_C,T08,largo,8,G4,8.286753941118661,0.8939647480859474,1.102924542258449,False,454,398.9197338085359,13.807355596477015,-0.3913169969335448,23.926185682861774,60,272.4,9.29932408636862,207,-5.229480518654859
2288,uva,packing_C,T08,largo,8,G4,8.286753941118661,0.8939647480859474,1.102924542258449,False,454,398.9197338085359,13.807355596477015,-0.3913169969335448,23.926185682861774,60,272.4,9.29932408636862,208,-5.240056371323815
2288,uva,packing_C,T08,largo,8,G4,8.286753941118661,0.8939647480859474,1.102924542258449,False,454,398.9197338085359,13.807355596477015,-0.3913169969335448,23.926185682861774,60,272.4,9.29932408636862,209,-5.057665489867274
2288,uva,packing_C,T08,largo,8,G4,8.286753941118661,0.8939647480859474,1.102924542258449,False,454,398.9197338085359,13.807355596477015,-0.3913169969335448,23.926185682861774,60,272.4,9.29932408636862,210,-5.137391642347296
2288,uva,packing_C,T08,largo,8,G4,8.286753941118661,0.8939647480859474,1.102924542258449,False,454,398.9197338085359,13.807355596477015,-0.3913169969335448,23.926185682861774,60,272.4,9.29932408636862,211,-4.983397852426676
2288,uva,packing_C,T08,largo,8,G4,8.286753941118661,0.8939647480859474,1.102924542258449,False,454,398.9197338085359,13.807355596477015,-0.3913169969335448,23.926185682861774,60,272.4,9.29932408636862,212,-5.074305809775698
2288,uva,packing_C,T08,largo,8,G4,8.286753941118661,0.8939647480859474,1.102924542258449,False,454,398.9197338085359,13.807355596477015,-0.3913169969335448,23.926185682861774,60,272.4,9.29932408636862,213,-4.666801102282992
2288,uva,packing_C,T08,largo,8,G4,8.286753941118661,0.8939647480859474,1.102924542258449,False,454,398.9197338085359,13.807355596477015,-0.3913169969335448,23.926185682861774,60,272.4,9.29932408636862,214,-4.720461917579059
2288,uva,packing_C,T08,largo,8,G4,8.286753941118661,0.8939647480859474,1.102924542258449,False,454,398.9197338085359,13.807355596477015,-0.3913169969335448,23.926185682861774,60,272.4,9.29932408636862,215,-4.4164596410683705
2288,uva,packing_C,T08,largo,8,G4,8.286753941118661,0.8939647480859474,1.102924542258449,False,454,398.9197338085359,13.807355596477015,-0.3913169969335448,23.926185682861774,60,272.4,9.29932408636862,216,-4.539259968709122
2288,uva,packing_C,T08,largo,8,G4,8.286753941118661,0.8939647480859474,1.102924542258449,False,454,398.9197338085359,13.807355596477015,-0.3913169969335448,23.926185682861774,60,272.4,9.29932408636862,217,-4.315880154256198
2288,uva,packing_C,T08,largo,8,G4,8.286753941118661,0.8939647480859474,1.102924542258449,False,454,398.9197338085359,13.807355596477015,-0.3913169969335448,23.926185682861774,60,272.4,9.29932408636862,218,-4.260545273873225
2288,uva,packing_C,T08,largo,8,G4,8.286753941118661,0.8939647480859474,1.102924542258449,False,454,398.9197338085359,13.807355596477015,-0.3913169969335448,23.926185682861774,60,272.4,9.29932408636862,219,-4.337646574696277
2288,uva,packing_C,T08,largo,8,G4,8.286753941118661,0.8939647480859474,1.102924542258449,False,454,398.9197338085359,13.807355596477015,-0.3913169969335448,23.926185682861774,60,272.4,9.29932408636862,220,-4.149259661041964
2288,uva,packing_C,T08,largo,8,G4,8.286753941118661,0.8939647480859474,1.102924542258449,False,454,398.9197338085359,13.807355596477015,-0.3913169969335448,23.926185682861774,60,272.4,9.29932408636862,221,-3.9820257860920507
2288,uva,packing_C,T08,largo,8,G4,8.286753941118661,0.8939647480859474,1.102924542258449,False,454,398.9197338085359,13.807355596477015,-0.3913169969335448,23.926185682861774,60,272.4,9.29932408636862,222,-4.159331959798892
2288,uva,packing_C,T08,largo,8,G4,8.286753941118661,0.8939647480859474,1.102924542258449,False,454,398.9197338085359,13.807355596477015,-0.3913169969335448,23.926185682861774,60,272.4,9.29932408636862,223,-4.12578104847841
2288,uva,packing_C,T08,largo,8,G4,8.286753941118661,0.8939647480859474,1.102924542258449,False,454,398.9197338085359,13.807355596477015,-0.3913169969335448,23.926185682861774,60,272.4,9.29932408636862,224,-3.9514315551305867
2288,uva,packing_C,T08,largo,8,G4,8.286753941118661,0.8939647480859474,1.102924542258449,False,454,398.9197338085359,13.807355596477015,-0.3913169969335448,23.926185682861774,60,272.4,9.29932408636862,225,-3.9346503856938977
2288,uva,packing_C,T08,largo,8,G4,8.286753941118661,0.8939647480859474,1.102924542258449,False,454,398.9197338085359,13.807355596477015,-0.3913169969335448,23.926185682861774,60,272.4,9.29932408636862,226,-3.7843535599017764
2288,uva,packing_C,T08,largo,8,G4,8.286753941118661,0.8939647480859474,1.102924542258449,False,454,398.9197338085359,13.807355596477015,-0.3913169969335448,23.926185682861774,60,272.4,9.29932408636862,227,-3.7384662248761016
2288,uva,packing_C,T08,largo,8,G4,8.286753941118661,0.8939647480859474,1.102924542258449,False,454,398.9197338085359,13.807355596477015,-0.3913169969335448,23.926185682861774,60,272.4,9.29932408636862,228,-3.661229024394463
2288,uva,packing_C,T08,largo,8,G4,8.286753941118661,0.8939647480859474,1.102924542258449,False,454,398.9197338085359,13.807355596477015,-0.3913169969335448,23.926185682861774,60,272.4,9.29932408636862,229,-3.57296141676654
2288,uva,packing_C,T08,largo,8,G4,8.286753941118661,0.8939647480859474,1.102924542258449,False,454,398.9197338085359,13.807355596477015,-0.3913169969335448,23.926185682861774,60,272.4,9.29932408636862,230,-3.5033077990542485
2288,uva,packing_C,T08,largo,8,G4,8.286753941118661,0.8939647480859474,1.102924542258449,False,454,398.9197338085359,13.807355596477015,-0.3913169969335448,23.926185682861774,60,272.4,9.29932408636862,231,-3.261595390477288
2288,uva,packing_C,T08,largo,8,G4,8.286753941118661,0.8939647480859474,1.102924542258449,False,454,398.9197338085359,13.807355596477015,-0.3913169969335448,23.926185682861774,60,272.4,9.29932408636862,232,-3.2517348101110013
2288,uva,packing_C,T08,largo,8,G4,8.286753941118661,0.8939647480859474,1.102924542258449,False,454,398.9197338085359,13.807355596477015,-0.3913169969335448,23.926185682861774,60,272.4,9.29932408636862,233,-3.2267835100370545
2288,uva,packing_C,T08,largo,8,G4,8.286753941118661,0.8939647480859474,1.102924542258449,False,454,398.9197338085359,13.807355596477015,-0.3913169969335448,23.926185682861774,60,272.4,9.29932408636862,234,-3.1313572204715916
2288,uva,packing_C,T08,largo,8,G4,8.286753941118661,0.8939647480859474,1.102924542258449,False,454,398.9197338085359,13.807355596477015,-0.3913169969335448,23.926185682861774,60,272.4,9.29932408636862,235,-3.2813028125632675
2288,uva,packing_C,T08,largo,8,G4,8.286753941118661,0.8939647480859474,1.102924542258449,False,454,398.9197338085359,13.807355596477015,-0.3913169969335448,23.926185682861774,60,272.4,9.29932408636862,236,-3.0425445578111354
2288,uva,packing_C,T08,largo,8,G4,8.286753941118661,0.8939647480859474,1.102924542258449,False,454,398.9197338085359,13.807355596477015,-0.3913169969335448,23.926185682861774,60,272.4,9.29932408636862,237,-2.864915401406398
2288,uva,packing_C,T08,largo,8,G4,8.286753941118661,0.8939647480859474,1.102924542258449,False,454,398.9197338085359,13.807355596477015,-0.3913169969335448,23.926185682861774,60,272.4,9.29932408636862,238,-2.854932546167245
2288,uva,packing_C,T08,largo,8,G4,8.286753941118661,0.8939647480859474,1.102924542258449,False,454,398.9197338085359,13.807355596477015,-0.3913169969335448,23.926185682861774,60,272.4,9.29932408636862,239,-2.5951955576732018
2288,uva,packing_C,T08,largo,8,G4,8.286753941118661,0.8939647480859474,1.102924542258449,False,454,398.9197338085359,13.807355596477015,-0.3913169969335448,23.926185682861774,60,272.4,9.29932408636862,240,-2.805246877803516
2288,uva,packing_C,T08,largo,8,G4,8.286753941118661,0.8939647480859474,1.102924542258449,False,454,398.9197338085359,13.807355596477015,-0.3913169969335448,23.926185682861774,60,272.4,9.29932408636862,241,-2.74182172280276
2288,uva,packing_C,T08,largo,8,G4,8.286753941118661,0.8939647480859474,1.102924542258449,False,454,398.9197338085359,13.807355596477015,-0.3913169969335448,23.926185682861774,60,272.4,9.29932408636862,242,-2.669411443658133
2288,uva,packing_C,T08,largo,8,G4,8.286753941118661,0.8939647480859474,1.102924542258449,False,454,398.9197338085359,13.807355596477015,-0.3913169969335448,23.926185682861774,60,272.4,9.29932408636862,243,-2.446493291970661
2288,uva,packing_C,T08,largo,8,G4,8.286753941118661,0.8939647480859474,1.102924542258449,False,454,398.9197338085359,13.807355596477015,-0.3913169969335448,23.926185682861774,60,272.4,9.29932408636862,244,-2.3411803695018665
2288,uva,packing_C,T08,largo,8,G4,8.286753941118661,0.8939647480859474,1.102924542258449,False,454,398.9197338085359,13.807355596477015,-0.3913169969335448,23.926185682861774,60,272.4,9.29932408636862,245,-2.239512440537059
2288,uva,packing_C,T08,largo,8,G4,8.286753941118661,0.8939647480859474,1.102924542258449,False,454,398.9197338085359,13.807355596477015,-0.3913169969335448,23.926185682861774,60,272.4,9.29932408636862,246,-2.222144864170018
2288,uva,packing_C,T08,largo,8,G4,8.286753941118661,0.8939647480859474,1.102924542258449,False,454,398.9197338085359,13.807355596477015,-0.3913169969335448,23.926185682861774,60,272.4,9.29932408636862,247,-2.293869679057662
2288,uva,packing_C,T08,largo,8,G4,8.286753941118661,0.8939647480859474,1.102924542258449,False,454,398.9197338085359,13.807355596477015,-0.3913169969335448,23.926185682861774,60,272.4,9.29932408636862,248,-2.117727162349696
2288,uva,packing_C,T08,largo,8,G4,8.286753941118661,0.8939647480859474,1.102924542258449,False,454,398.9197338085359,13.807355596477015,-0.3913169969335448,23.926185682861774,60,272.4,9.29932408636862,249,-2.0655821609004965
2288,uva,packing_C,T08,largo,8,G4,8.286753941118661,0.8939647480859474,1.102924542258449,False,454,398.9197338085359,13.807355596477015,-0.3913169969335448,23.926185682861774,60,272.4,9.29932408636862,250,-1.9769163989779093
2288,uva,packing_C,T08,largo,8,G4,8.286753941118661,0.8939647480859474,1.102924542258449,False,454,398.9197338085359,13.807355596477015,-0.3913169969335448,23.926185682861774,60,272.4,9.29932408636862,251,-1.8901896232212496
2288,uva,packing_C,T08,largo,8,G4,8.286753941118661,0.8939647480859474,1.102924542258449,False,454,398.9197338085359,13.807355596477015,-0.3913169969335448,23.926185682861774,60,272.4,9.29932408636862,252,-1.9116254351579878
2288,uva,packing_C,T08,largo,8,G4,8.286753941118661,0.8939647480859474,1.102924542258449,False,454,398.9197338085359,13.807355596477015,-0.3913169969335448,23.926185682861774,60,272.4,9.29932408636862,253,-1.8082365039294337
2288,uva,packing_C,T08,largo,8,G4,8.286753941118661,0.8939647480859474,1.102924542258449,False,454,398.9197338085359,13.807355596477015,-0.3913169969335448,23.926185682861774,60,272.4,9.29932408636862,254,-1.700432569396873
2288,uva,packing_C,T08,largo,8,G4,8.286753941118661,0.8939647480859474,1.102924542258449,False,454,398.9197338085359,13.807355596477015,-0.3913169969335448,23.926185682861774,60,272.4,9.29932408636862,255,-1.6533580187864345
2288,uva,packing_C,T08,largo,8,G4,8.286753941118661,0.8939647480859474,1.102924542258449,False,454,398.9197338085359,13.807355596477015,-0.3913169969335448,23.926185682861774,60,272.4,9.29932408636862,256,-1.6141965858686556
2288,uva,packing_C,T08,largo,8,G4,8.286753941118661,0.8939647480859474,1.102924542258449,False,454,398.9197338085359,13.807355596477015,-0.3913169969335448,23.926185682861774,60,272.4,9.29932408636862,257,-1.4206710167219683
2288,uva,packing_C,T08,largo,8,G4,8.286753941118661,0.8939647480859474,1.102924542258449,False,454,398.9197338085359,13.807355596477015,-0.3913169969335448,23.926185682861774,60,272.4,9.29932408636862,258,-1.4069568700837185
2288,uva,packing_C,T08,largo,8,G4,8.286753941118661,0.8939647480859474,1.102924542258449,False,454,398.9197338085359,13.807355596477015,-0.3913169969335448,23.926185682861774,60,272.4,9.29932408636862,259,-1.4150690653011007
2288,uva,packing_C,T08,largo,8,G4,8.286753941118661,0.8939647480859474,1.102924542258449,False,454,398.9197338085359,13.807355596477015,-0.3913169969335448,23.926185682861774,60,272.4,9.29932408636862,260,-1.3145330886604092
2288,uva,packing_C,T08,largo,8,G4,8.286753941118661,0.8939647480859474,1.102924542258449,False,454,398.9197338085359,13.807355596477015,-0.3913169969335448,23.926185682861774,60,272.4,9.29932408636862,261,-1.3559729664466569
2288,uva,packing_C,T08,largo,8,G4,8.286753941118661,0.8939647480859474,1.102924542258449,False,454,398.9197338085359,13.807355596477015,-0.3913169969335448,23.926185682861774,60,272.4,9.29932408636862,262,-1.2557828090404821
2288,uva,packing_C,T08,largo,8,G4,8.286753941118661,0.8939647480859474,1.102924542258449,False,454,398.9197338085359,13.807355596477015,-0.3913169969335448,23.926185682861774,60,272.4,9.29932408636862,263,-0.9481461040701846
2288,uva,packing_C,T08,largo,8,G4,8.286753941118661,0.8939647480859474,1.102924542258449,False,454,398.9197338085359,13.807355596477015,-0.3913169969335448,23.926185682861774,60,272.4,9.29932408636862,264,-0.997507363857158
2288,uva,packing_C,T08,largo,8,G4,8.286753941118661,0.8939647480859474,1.102924542258449,False,454,398.9197338085359,13.807355596477015,-0.3913169969335448,23.926185682861774,60,272.4,9.29932408636862,265,-1.026440473860929
2288,uva,packing_C,T08,largo,8,G4,8.286753941118661,0.8939647480859474,1.102924542258449,False,454,398.9197338085359,13.807355596477015,-0.3913169969335448,23.926185682861774,60,272.4,9.29932408636862,266,-0.8036568369150958
2288,uva,packing_C,T08,largo,8,G4,8.286753941118661,0.8939647480859474,1.102924542258449,False,454,398.9197338085359,13.807355596477015,-0.3913169969335448,23.926185682861774,60,272.4,9.29932408636862,267,-0.7500740777806649
2288,uva,packing_C,T08,largo,8,G4,8.286753941118661,0.8939647480859474,1.102924542258449,False,454,398.9197338085359,13.807355596477015,-0.3913169969335448,23.926185682861774,60,272.4,9.29932408636862,268,-0.8154111856341635
2288,uva,packing_C,T08,largo,8,G4,8.286753941118661,0.8939647480859474,1.102924542258449,False,454,398.9197338085359,13.807355596477015,-0.3913169969335448,23.926185682861774,60,272.4,9.29932408636862,269,-0.8854125816296377
2288,uva,packing_C,T08,largo,8,G4,8.286753941118661,0.8939647480859474,1.102924542258449,False,454,398.9197338085359,13.807355596477015,-0.3913169969335448,23.926185682861774,60,272.4,9.29932408636862,270,-0.6610434178486913
2288,uva,packing_C,T08,largo,8,G4,8.286753941118661,0.8939647480859474,1.102924542258449,False,454,398.9197338085359,13.807355596477015,-0.3913169969335448,23.926185682861774,60,272.4,9.29932408636862,271,-0.6494647632372336
2288,uva,packing_C,T08,largo,8,G4,8.286753941118661,0.8939647480859474,1.102924542258449,False,454,398.9197338085359,13.807355596477015,-0.3913169969335448,23.926185682861774,60,272.4,9.29932408636862,272,-0.5816394743488861
2288,uva,packing_C,T08,largo,8,G4,8.286753941118661,0.8939647480859474,1.102924542258449,False,454,398.9197338085359,13.807355596477015,-0.3913169969335448,23.926185682861774,60,272.4,9.29932408636862,273,-0.1864274978566839
2288,uva,packing_C,T08,largo,8,G4,8.286753941118661,0.8939647480859474,1.102924542258449,False,454,398.9197338085359,13.807355596477015,-0.3913169969335448,23.926185682861774,60,272.4,9.29932408636862,274,-0.04976519689575189
2288,uva,packing_C,T08,largo,8,G4,8.286753941118661,0.8939647480859474,1.102924542258449,False,454,398.9197338085359,13.807355596477015,-0.3913169969335448,23.926185682861774,60,272.4,9.29932408636862,275,0.07292366504996833
2288,uva,packing_C,T08,largo,8,G4,8.286753941118661,0.8939647480859474,1.102924542258449,False,454,398.9197338085359,13.807355596477015,-0.3913169969335448,23.926185682861774,60,272.4,9.29932408636862,276,-0.03584066617700997
2288,uva,packing_C,T08,largo,8,G4,8.286753941118661,0.8939647480859474,1.102924542258449,False,454,398.9197338085359,13.807355596477015,-0.3913169969335448,23.926185682861774,60,272.4,9.29932408636862,277,0.07456731502052165
2288,uva,packing_C,T08,largo,8,G4,8.286753941118661,0.8939647480859474,1.102924542258449,False,454,398.9197338085359,13.807355596477015,-0.3913169969335448,23.926185682861774,60,272.4,9.29932408636862,278,0.154689845057026
2288,uva,packing_C,T08,largo,8,G4,8.286753941118661,0.8939647480859474,1.102924542258449,False,454,398.9197338085359,13.807355596477015,-0.3913169969335448,23.926185682861774,60,272.4,9.29932408636862,279,0.15461681071649194
2288,uva,packing_C,T08,largo,8,G4,8.286753941118661,0.8939647480859474,1.102924542258449,False,454,398.9197338085359,13.807355596477015,-0.3913169969335448,23.926185682861774,60,272.4,9.29932408636862,280,0.10479358096871132
2288,uva,packing_C,T08,largo,8,G4,8.286753941118661,0.8939647480859474,1.102924542258449,False,454,398.9197338085359,13.807355596477015,-0.3913169969335448,23.926185682861774,60,272.4,9.29932408636862,281,-0.08201114425593115
2288,uva,packing_C,T08,largo,8,G4,8.286753941118661,0.8939647480859474,1.102924542258449,False,454,398.9197338085359,13.807355596477015,-0.3913169969335448,23.926185682861774,60,272.4,9.29932408636862,282,-0.20803340731440317
2288,uva,packing_C,T08,largo,8,G4,8.286753941118661,0.8939647480859474,1.102924542258449,False,454,398.9197338085359,13.807355596477015,-0.3913169969335448,23.926185682861774,60,272.4,9.29932408636862,283,-0.27078390983233214
2288,uva,packing_C,T08,largo,8,G4,8.286753941118661,0.8939647480859474,1.102924542258449,False,454,398.9197338085359,13.807355596477015,-0.3913169969335448,23.926185682861774,60,272.4,9.29932408636862,284,-0.17525627495666657
2288,uva,packing_C,T08,largo,8,G4,8.286753941118661,0.8939647480859474,1.102924542258449,False,454,398.9197338085359,13.807355596477015,-0.3913169969335448,23.926185682861774,60,272.4,9.29932408636862,285,-0.5248458728452807
2288,uva,packing_C,T08,largo,8,G4,8.286753941118661,0.8939647480859474,1.102924542258449,False,454,398.9197338085359,13.807355596477015,-0.3913169969335448,23.926185682861774,60,272.4,9.29932408636862,286,-0.5907973543876914
2288,uva,packing_C,T08,largo,8,G4,8.286753941118661,0.8939647480859474,1.102924542258449,False,454,398.9197338085359,13.807355596477015,-0.3913169969335448,23.926185682861774,60,272.4,9.29932408636862,287,-0.512879414638448
2288,uva,packing_C,T08,largo,8,G4,8.286753941118661,0.8939647480859474,1.102924542258449,False,454,398.9197338085359,13.807355596477015,-0.3913169969335448,23.926185682861774,60,272.4,9.29932408636862,288,-0.6152532788851022
2288,uva,packing_C,T08,largo,8,G4,8.286753941118661,0.8939647480859474,1.102924542258449,False,454,398.9197338085359,13.807355596477015,-0.3913169969335448,23.926185682861774,60,272.4,9.29932408636862,289,-0.8078053413780211
2288,uva,packing_C,T08,largo,8,G4,8.286753941118661,0.8939647480859474,1.102924542258449,False,454,398.9197338085359,13.807355596477015,-0.3913169969335448,23.926185682861774,60,272.4,9.29932408636862,290,-0.637619208968106
2288,uva,packing_C,T08,largo,8,G4,8.286753941118661,0.8939647480859474,1.102924542258449,False,454,398.9197338085359,13.807355596477015,-0.3913169969335448,23.926185682861774,60,272.4,9.29932408636862,291,-0.9359483921823705
2288,uva,packing_C,T08,largo,8,G4,8.286753941118661,0.8939647480859474,1.102924542258449,False,454,398.9197338085359,13.807355596477015,-0.3913169969335448,23.926185682861774,60,272.4,9.29932408636862,292,-0.5792228058064461
2288,uva,packing_C,T08,largo,8,G4,8.286753941118661,0.8939647480859474,1.102924542258449,False,454,398.9197338085359,13.807355596477015,-0.3913169969335448,23.926185682861774,60,272.4,9.29932408636862,293,-0.9944875401159088
2288,uva,packing_C,T08,largo,8,G4,8.286753941118661,0.8939647480859474,1.102924542258449,False,454,398.9197338085359,13.807355596477015,-0.3913169969335448,23.926185682861774,60,272.4,9.29932408636862,294,-1.0235329584438093
2288,uva,packing_C,T08,largo,8,G4,8.286753941118661,0.8939647480859474,1.102924542258449,False,454,398.9197338085359,13.807355596477015,-0.3913169969335448,23.926185682861774,60,272.4,9.29932408636862,295,-0.8798967335750939
2288,uva,packing_C,T08,largo,8,G4,8.286753941118661,0.8939647480859474,1.102924542258449,False,454,398.9197338085359,13.807355596477015,-0.3913169969335448,23.926185682861774,60,272.4,9.29932408636862,296,-0.551890943963294
2288,uva,packing_C,T08,largo,8,G4,8.286753941118661,0.8939647480859474,1.102924542258449,False,454,398.9197338085359,13.807355596477015,-0.3913169969335448,23.926185682861774,60,272.4,9.29932408636862,297,-0.7207925437935326
2288,uva,packing_C,T08,largo,8,G4,8.286753941118661,0.8939647480859474,1.102924542258449,False,454,398.9197338085359,13.807355596477015,-0.3913169969335448,23.926185682861774,60,272.4,9.29932408636862,298,-0.8405966620487524
2288,uva,packing_C,T08,largo,8,G4,8.286753941118661,0.8939647480859474,1.102924542258449,False,454,398.9197338085359,13.807355596477015,-0.3913169969335448,23.926185682861774,60,272.4,9.29932408636862,299,-0.318322381447008
2288,uva,packing_C,T08,largo,8,G4,8.286753941118661,0.8939647480859474,1.102924542258449,False,454,398.9197338085359,13.807355596477015,-0.3913169969335448,23.926185682861774,60,272.4,9.29932408636862,300,-0.28591752334487847
2288,uva,packing_C,T08,largo,8,G4,8.286753941118661,0.8939647480859474,1.102924542258449,False,454,398.9197338085359,13.807355596477015,-0.3913169969335448,23.926185682861774,60,272.4,9.29932408636862,301,-0.29463177339435614
2288,uva,packing_C,T08,largo,8,G4,8.286753941118661,0.8939647480859474,1.102924542258449,False,454,398.9197338085359,13.807355596477015,-0.3913169969335448,23.926185682861774,60,272.4,9.29932408636862,302,-0.28215418521063296
2288,uva,packing_C,T08,largo,8,G4,8.286753941118661,0.8939647480859474,1.102924542258449,False,454,398.9197338085359,13.807355596477015,-0.3913169969335448,23.926185682861774,60,272.4,9.29932408636862,303,-0.27536627754898163
2288,uva,packing_C,T08,largo,8,G4,8.286753941118661,0.8939647480859474,1.102924542258449,False,454,398.9197338085359,13.807355596477015,-0.3913169969335448,23.926185682861774,60,272.4,9.29932408636862,304,-0.14098041713513604
2288,uva,packing_C,T08,largo,8,G4,8.286753941118661,0.8939647480859474,1.102924542258449,False,454,398.9197338085359,13.807355596477015,-0.3913169969335448,23.926185682861774,60,272.4,9.29932408636862,305,0.036780671215099335
2288,uva,packing_C,T08,largo,8,G4,8.286753941118661,0.8939647480859474,1.102924542258449,False,454,398.9197338085359,13.807355596477015,-0.3913169969335448,23.926185682861774,60,272.4,9.29932408636862,306,0.14136893586517213
2288,uva,packing_C,T08,largo,8,G4,8.286753941118661,0.8939647480859474,1.102924542258449,False,454,398.9197338085359,13.807355596477015,-0.3913169969335448,23.926185682861774,60,272.4,9.29932408636862,307,-0.013918047502239586
2288,uva,packing_C,T08,largo,8,G4,8.286753941118661,0.8939647480859474,1.102924542258449,False,454,398.9197338085359,13.807355596477015,-0.3913169969335448,23.926185682861774,60,272.4,9.29932408636862,308,0.03500951076146039
2288,uva,packing_C,T08,largo,8,G4,8.286753941118661,0.8939647480859474,1.102924542258449,False,454,398.9197338085359,13.807355596477015,-0.3913169969335448,23.926185682861774,60,272.4,9.29932408636862,309,0.20622865998787945
2288,uva,packing_C,T08,largo,8,G4,8.286753941118661,0.8939647480859474,1.102924542258449,False,454,398.9197338085359,13.807355596477015,-0.3913169969335448,23.926185682861774,60,272.4,9.29932408636862,310,0.15218598776416564
2288,uva,packing_C,T08,largo,8,G4,8.286753941118661,0.8939647480859474,1.102924542258449,False,454,398.9197338085359,13.807355596477015,-0.3913169969335448,23.926185682861774,60,272.4,9.29932408636862,311,0.015138619161738552
2288,uva,packing_C,T08,largo,8,G4,8.286753941118661,0.8939647480859474,1.102924542258449,False,454,398.9197338085359,13.807355596477015,-0.3913169969335448,23.926185682861774,60,272.4,9.29932408636862,312,0.024875895841877882
2288,uva,packing_C,T08,largo,8,G4,8.286753941118661,0.8939647480859474,1.102924542258449,False,454,398.9197338085359,13.807355596477015,-0.3913169969335448,23.926185682861774,60,272.4,9.29932408636862,313,-0.1630593033640168
2288,uva,packing_C,T08,largo,8,G4,8.286753941118661,0.8939647480859474,1.102924542258449,False,454,398.9197338085359,13.807355596477015,-0.3913169969335448,23.926185682861774,60,272.4,9.29932408636862,314,-0.2278582278544548
2288,uva,packing_C,T08,largo,8,G4,8.286753941118661,0.8939647480859474,1.102924542258449,False,454,398.9197338085359,13.807355596477015,-0.3913169969335448,23.926185682861774,60,272.4,9.29932408636862,315,-0.3078682911026662
2288,uva,packing_C,T08,largo,8,G4,8.286753941118661,0.8939647480859474,1.102924542258449,False,454,398.9197338085359,13.807355596477015,-0.3913169969335448,23.926185682861774,60,272.4,9.29932408636862,316,-0.38811381417682306
2288,uva,packing_C,T08,largo,8,G4,8.286753941118661,0.8939647480859474,1.102924542258449,False,454,398.9197338085359,13.807355596477015,-0.3913169969335448,23.926185682861774,60,272.4,9.29932408636862,317,-0.6767609019798878
2288,uva,packing_C,T08,largo,8,G4,8.286753941118661,0.8939647480859474,1.102924542258449,False,454,398.9197338085359,13.807355596477015,-0.3913169969335448,23.926185682861774,60,272.4,9.29932408636862,318,-0.5467903845535924
2288,uva,packing_C,T08,largo,8,G4,8.286753941118661,0.8939647480859474,1.102924542258449,False,454,398.9197338085359,13.807355596477015,-0.3913169969335448,23.926185682861774,60,272.4,9.29932408636862,319,-0.4708687168892875
2288,uva,packing_C,T08,largo,8,G4,8.286753941118661,0.8939647480859474,1.102924542258449,False,454,398.9197338085359,13.807355596477015,-0.3913169969335448,23.926185682861774,60,272.4,9.29932408636862,320,-0.9907934388872461
2288,uva,packing_C,T08,largo,8,G4,8.286753941118661,0.8939647480859474,1.102924542258449,False,454,398.9197338085359,13.807355596477015,-0.3913169969335448,23.926185682861774,60,272.4,9.29932408636862,321,-0.7375477489438516
2288,uva,packing_C,T08,largo,8,G4,8.286753941118661,0.8939647480859474,1.102924542258449,False,454,398.9197338085359,13.807355596477015,-0.3913169969335448,23.926185682861774,60,272.4,9.29932408636862,322,-1.0210170960107052
2288,uva,packing_C,T08,largo,8,G4,8.286753941118661,0.8939647480859474,1.102924542258449,False,454,398.9197338085359,13.807355596477015,-0.3913169969335448,23.926185682861774,60,272.4,9.29932408636862,323,-0.9172126010718705
2288,uva,packing_C,T08,largo,8,G4,8.286753941118661,0.8939647480859474,1.102924542258449,False,454,398.9197338085359,13.807355596477015,-0.3913169969335448,23.926185682861774,60,272.4,9.29932408636862,324,-0.9113395060286229
2288,uva,packing_C,T08,largo,8,G4,8.286753941118661,0.8939647480859474,1.102924542258449,False,454,398.9197338085359,13.807355596477015,-0.3913169969335448,23.926185682861774,60,272.4,9.29932408636862,325,-0.8633987193497662
2288,uva,packing_C,T08,largo,8,G4,8.286753941118661,0.8939647480859474,1.102924542258449,False,454,398.9197338085359,13.807355596477015,-0.3913169969335448,23.926185682861774,60,272.4,9.29932408636862,326,-0.7040952604979533
2288,uva,packing_C,T08,largo,8,G4,8.286753941118661,0.8939647480859474,1.102924542258449,False,454,398.9197338085359,13.807355596477015,-0.3913169969335448,23.926185682861774,60,272.4,9.29932408636862,327,-0.6597548189984835
2288,uva,packing_C,T08,largo,8,G4,8.286753941118661,0.8939647480859474,1.102924542258449,False,454,398.9197338085359,13.807355596477015,-0.3913169969335448,23.926185682861774,60,272.4,9.29932408636862,328,-0.6039478369542741
2288,uva,packing_C,T08,largo,8,G4,8.286753941118661,0.8939647480859474,1.102924542258449,False,454,398.9197338085359,13.807355596477015,-0.3913169969335448,23.926185682861774,60,272.4,9.29932408636862,329,-0.6071934703394735
2288,uva,packing_C,T08,largo,8,G4,8.286753941118661,0.8939647480859474,1.102924542258449,False,454,398.9197338085359,13.807355596477015,-0.3913169969335448,23.926185682861774,60,272.4,9.29932408636862,330,-0.5332346970883097
2288,uva,packing_C,T08,largo,8,G4,8.286753941118661,0.8939647480859474,1.102924542258449,False,454,398.9197338085359,13.807355596477015,-0.3913169969335448,23.926185682861774,60,272.4,9.29932408636862,331,-0.2033566715916675
2288,uva,packing_C,T08,largo,8,G4,8.286753941118661,0.8939647480859474,1.102924542258449,False,454,398.9197338085359,13.807355596477015,-0.3913169969335448,23.926185682861774,60,272.4,9.29932408636862,332,-0.13097084121254257
2288,uva,packing_C,T08,largo,8,G4,8.286753941118661,0.8939647480859474,1.102924542258449,False,454,398.9197338085359,13.807355596477015,-0.3913169969335448,23.926185682861774,60,272.4,9.29932408636862,333,0.03109890037473098
2288,uva,packing_C,T08,largo,8,G4,8.286753941118661,0.8939647480859474,1.102924542258449,False,454,398.9197338085359,13.807355596477015,-0.3913169969335448,23.926185682861774,60,272.4,9.29932408636862,334,0.10857528411693723
2288,uva,packing_C,T08,largo,8,G4,8.286753941118661,0.8939647480859474,1.102924542258449,False,454,398.9197338085359,13.807355596477015,-0.3913169969335448,23.926185682861774,60,272.4,9.29932408636862,335,0.061156261094910604
2288,uva,packing_C,T08,largo,8,G4,8.286753941118661,0.8939647480859474,1.102924542258449,False,454,398.9197338085359,13.807355596477015,-0.3913169969335448,23.926185682861774,60,272.4,9.29932408636862,336,-0.013096756116025648
2288,uva,packing_C,T08,largo,8,G4,8.286753941118661,0.8939647480859474,1.102924542258449,False,454,398.9197338085359,13.807355596477015,-0.3913169969335448,23.926185682861774,60,272.4,9.29932408636862,337,-0.015651509579678202
2288,uva,packing_C,T08,largo,8,G4,8.286753941118661,0.8939647480859474,1.102924542258449,False,454,398.9197338085359,13.807355596477015,-0.3913169969335448,23.926185682861774,60,272.4,9.29932408636862,338,0.2451649766235928
2288,uva,packing_C,T08,largo,8,G4,8.286753941118661,0.8939647480859474,1.102924542258449,False,454,398.9197338085359,13.807355596477015,-0.3913169969335448,23.926185682861774,60,272.4,9.29932408636862,339,0.12209968254525785
2288,uva,packing_C,T08,largo,8,G4,8.286753941118661,0.8939647480859474,1.102924542258449,False,454,398.9197338085359,13.807355596477015,-0.3913169969335448,23.926185682861774,60,272.4,9.29932408636862,340,-0.027465119624776595
2288,uva,packing_C,T08,largo,8,G4,8.286753941118661,0.8939647480859474,1.102924542258449,False,454,398.9197338085359,13.807355596477015,-0.3913169969335448,23.926185682861774,60,272.4,9.29932408636862,341,-0.08476867498408866
2288,uva,packing_C,T08,largo,8,G4,8.286753941118661,0.8939647480859474,1.102924542258449,False,454,398.9197338085359,13.807355596477015,-0.3913169969335448,23.926185682861774,60,272.4,9.29932408636862,342,-0.1292181708895535
2288,uva,packing_C,T08,largo,8,G4,8.286753941118661,0.8939647480859474,1.102924542258449,False,454,398.9197338085359,13.807355596477015,-0.3913169969335448,23.926185682861774,60,272.4,9.29932408636862,343,-0.16834536030062203
2288,uva,packing_C,T08,largo,8,G4,8.286753941118661,0.8939647480859474,1.102924542258449,False,454,398.9197338085359,13.807355596477015,-0.3913169969335448,23.926185682861774,60,272.4,9.29932408636862,344,-0.17485877317615942
2288,uva,packing_C,T08,largo,8,G4,8.286753941118661,0.8939647480859474,1.102924542258449,False,454,398.9197338085359,13.807355596477015,-0.3913169969335448,23.926185682861774,60,272.4,9.29932408636862,345,-0.3789617951869333
2288,uva,packing_C,T08,largo,8,G4,8.286753941118661,0.8939647480859474,1.102924542258449,False,454,398.9197338085359,13.807355596477015,-0.3913169969335448,23.926185682861774,60,272.4,9.29932408636862,346,-0.4929714377473891
2288,uva,packing_C,T08,largo,8,G4,8.286753941118661,0.8939647480859474,1.102924542258449,False,454,398.9197338085359,13.807355596477015,-0.3913169969335448,23.926185682861774,60,272.4,9.29932408636862,347,-0.5423366477522501
2288,uva,packing_C,T08,largo,8,G4,8.286753941118661,0.8939647480859474,1.102924542258449,False,454,398.9197338085359,13.807355596477015,-0.3913169969335448,23.926185682861774,60,272.4,9.29932408636862,348,-0.6302836725320593
2288,uva,packing_C,T08,largo,8,G4,8.286753941118661,0.8939647480859474,1.102924542258449,False,454,398.9197338085359,13.807355596477015,-0.3913169969335448,23.926185682861774,60,272.4,9.29932408636862,349,-0.8192042413195763
2288,uva,packing_C,T08,largo,8,G4,8.286753941118661,0.8939647480859474,1.102924542258449,False,454,398.9197338085359,13.807355596477015,-0.3913169969335448,23.926185682861774,60,272.4,9.29932408636862,350,-0.8657699797410353
2288,uva,packing_C,T08,largo,8,G4,8.286753941118661,0.8939647480859474,1.102924542258449,False,454,398.9197338085359,13.807355596477015,-0.3913169969335448,23.926185682861774,60,272.4,9.29932408636862,351,-1.0773417548508724
2288,uva,packing_C,T08,largo,8,G4,8.286753941118661,0.8939647480859474,1.102924542258449,False,454,398.9197338085359,13.807355596477015,-0.3913169969335448,23.926185682861774,60,272.4,9.29932408636862,352,-1.0930138600763808
2288,uva,packing_C,T08,largo,8,G4,8.286753941118661,0.8939647480859474,1.102924542258449,False,454,398.9197338085359,13.807355596477015,-0.3913169969335448,23.926185682861774,60,272.4,9.29932408636862,353,-0.6375528332978206
2288,uva,packing_C,T08,largo,8,G4,8.286753941118661,0.8939647480859474,1.102924542258449,False,454,398.9197338085359,13.807355596477015,-0.3913169969335448,23.926185682861774,60,272.4,9.29932408636862,354,-0.9096463796701669
2288,uva,packing_C,T08,largo,8,G4,8.286753941118661,0.8939647480859474,1.102924542258449,False,454,398.9197338085359,13.807355596477015,-0.3913169969335448,23.926185682861774,60,272.4,9.29932408636862,355,-0.7380708390218442
2288,uva,packing_C,T08,largo,8,G4,8.286753941118661,0.8939647480859474,1.102924542258449,False,454,398.9197338085359,13.807355596477015,-0.3913169969335448,23.926185682861774,60,272.4,9.29932408636862,356,-0.8880021345291533
2288,uva,packing_C,T08,largo,8,G4,8.286753941118661,0.8939647480859474,1.102924542258449,False,454,398.9197338085359,13.807355596477015,-0.3913169969335448,23.926185682861774,60,272.4,9.29932408636862,357,-0.5964937094012736
2288,uva,packing_C,T08,largo,8,G4,8.286753941118661,0.8939647480859474,1.102924542258449,False,454,398.9197338085359,13.807355596477015,-0.3913169969335448,23.926185682861774,60,272.4,9.29932408636862,358,-0.5952111354565659
2288,uva,packing_C,T08,largo,8,G4,8.286753941118661,0.8939647480859474,1.102924542258449,False,454,398.9197338085359,13.807355596477015,-0.3913169969335448,23.926185682861774,60,272.4,9.29932408636862,359,-0.41001714520437693
2288,uva,packing_C,T08,largo,8,G4,8.286753941118661,0.8939647480859474,1.102924542258449,False,454,398.9197338085359,13.807355596477015,-0.3913169969335448,23.926185682861774,60,272.4,9.29932408636862,360,-0.34816115428190997
2288,uva,packing_C,T08,largo,8,G4,8.286753941118661,0.8939647480859474,1.102924542258449,False,454,398.9197338085359,13.807355596477015,-0.3913169969335448,23.926185682861774,60,272.4,9.29932408636862,361,-0.34463387369430615
2288,uva,packing_C,T08,largo,8,G4,8.286753941118661,0.8939647480859474,1.102924542258449,False,454,398.9197338085359,13.807355596477015,-0.3913169969335448,23.926185682861774,60,272.4,9.29932408636862,362,-0.20664678039031767
2288,uva,packing_C,T08,largo,8,G4,8.286753941118661,0.8939647480859474,1.102924542258449,False,454,398.9197338085359,13.807355596477015,-0.3913169969335448,23.926185682861774,60,272.4,9.29932408636862,363,-0.03608447981947317
2288,uva,packing_C,T08,largo,8,G4,8.286753941118661,0.8939647480859474,1.102924542258449,False,454,398.9197338085359,13.807355596477015,-0.3913169969335448,23.926185682861774,60,272.4,9.29932408636862,364,0.016158025278622812
2288,uva,packing_C,T08,largo,8,G4,8.286753941118661,0.8939647480859474,1.102924542258449,False,454,398.9197338085359,13.807355596477015,-0.3913169969335448,23.926185682861774,60,272.4,9.29932408636862,365,0.00342171163369415
2288,uva,packing_C,T08,largo,8,G4,8.286753941118661,0.8939647480859474,1.102924542258449,False,454,398.9197338085359,13.807355596477015,-0.3913169969335448,23.926185682861774,60,272.4,9.29932408636862,366,0.05010882217483843
2288,uva,packing_C,T08,largo,8,G4,8.286753941118661,0.8939647480859474,1.102924542258449,False,454,398.9197338085359,13.807355596477015,-0.3913169969335448,23.926185682861774,60,272.4,9.29932408636862,367,0.22723531029761632
2288,uva,packing_C,T08,largo,8,G4,8.286753941118661,0.8939647480859474,1.102924542258449,False,454,398.9197338085359,13.807355596477015,-0.3913169969335448,23.926185682861774,60,272.4,9.29932408636862,368,0.3967546217541043
2288,uva,packing_C,T08,largo,8,G4,8.286753941118661,0.8939647480859474,1.102924542258449,False,454,398.9197338085359,13.807355596477015,-0.3913169969335448,23.926185682861774,60,272.4,9.29932408636862,369,0.12703259722028007
2288,uva,packing_C,T08,largo,8,G4,8.286753941118661,0.8939647480859474,1.102924542258449,False,454,398.9197338085359,13.807355596477015,-0.3913169969335448,23.926185682861774,60,272.4,9.29932408636862,370,0.33299615428590024
2288,uva,packing_C,T08,largo,8,G4,8.286753941118661,0.8939647480859474,1.102924542258449,False,454,398.9197338085359,13.807355596477015,-0.3913169969335448,23.926185682861774,60,272.4,9.29932408636862,371,-0.15051477843527916
2288,uva,packing_C,T08,largo,8,G4,8.286753941118661,0.8939647480859474,1.102924542258449,False,454,398.9197338085359,13.807355596477015,-0.3913169969335448,23.926185682861774,60,272.4,9.29932408636862,372,-0.15968314454445195
2288,uva,packing_C,T08,largo,8,G4,8.286753941118661,0.8939647480859474,1.102924542258449,False,454,398.9197338085359,13.807355596477015,-0.3913169969335448,23.926185682861774,60,272.4,9.29932408636862,373,-0.18268243667414588
2288,uva,packing_C,T08,largo,8,G4,8.286753941118661,0.8939647480859474,1.102924542258449,False,454,398.9197338085359,13.807355596477015,-0.3913169969335448,23.926185682861774,60,272.4,9.29932408636862,374,-0.39015541990967345
2288,uva,packing_C,T08,largo,8,G4,8.286753941118661,0.8939647480859474,1.102924542258449,False,454,398.9197338085359,13.807355596477015,-0.3913169969335448,23.926185682861774,60,272.4,9.29932408636862,375,-0.4550430307548919
2288,uva,packing_C,T08,largo,8,G4,8.286753941118661,0.8939647480859474,1.102924542258449,False,454,398.9197338085359,13.807355596477015,-0.3913169969335448,23.926185682861774,60,272.4,9.29932408636862,376,-0.5032861186348105
2288,uva,packing_C,T08,largo,8,G4,8.286753941118661,0.8939647480859474,1.102924542258449,False,454,398.9197338085359,13.807355596477015,-0.3913169969335448,23.926185682861774,60,272.4,9.29932408636862,377,-0.6864534272696209
2288,uva,packing_C,T08,largo,8,G4,8.286753941118661,0.8939647480859474,1.102924542258449,False,454,398.9197338085359,13.807355596477015,-0.3913169969335448,23.926185682861774,60,272.4,9.29932408636862,378,-0.6380785879432929
2288,uva,packing_C,T08,largo,8,G4,8.286753941118661,0.8939647480859474,1.102924542258449,False,454,398.9197338085359,13.807355596477015,-0.3913169969335448,23.926185682861774,60,272.4,9.29932408636862,379,-0.7842733242175597
2288,uva,packing_C,T08,largo,8,G4,8.286753941118661,0.8939647480859474,1.102924542258449,False,454,398.9197338085359,13.807355596477015,-0.3913169969335448,23.926185682861774,60,272.4,9.29932408636862,380,-0.8267543555607519
2288,uva,packing_C,T08,largo,8,G4,8.286753941118661,0.8939647480859474,1.102924542258449,False,454,398.9197338085359,13.807355596477015,-0.3913169969335448,23.926185682861774,60,272.4,9.29932408636862,381,-0.8702120958107973
2288,uva,packing_C,T08,largo,8,G4,8.286753941118661,0.8939647480859474,1.102924542258449,False,454,398.9197338085359,13.807355596477015,-0.3913169969335448,23.926185682861774,60,272.4,9.29932408636862,382,-1.0195544069235012
2288,uva,packing_C,T08,largo,8,G4,8.286753941118661,0.8939647480859474,1.102924542258449,False,454,398.9197338085359,13.807355596477015,-0.3913169969335448,23.926185682861774,60,272.4,9.29932408636862,383,-0.8661059959245058
2288,uva,packing_C,T08,largo,8,G4,8.286753941118661,0.8939647480859474,1.102924542258449,False,454,398.9197338085359,13.807355596477015,-0.3913169969335448,23.926185682861774,60,272.4,9.29932408636862,384,-0.7970049766413845
2288,uva,packing_C,T08,largo,8,G4,8.286753941118661,0.8939647480859474,1.102924542258449,False,454,398.9197338085359,13.807355596477015,-0.3913169969335448,23.926185682861774,60,272.4,9.29932408636862,385,-0.8502339943485239
2288,uva,packing_C,T08,largo,8,G4,8.286753941118661,0.8939647480859474,1.102924542258449,False,454,398.9197338085359,13.807355596477015,-0.3913169969335448,23.926185682861774,60,272.4,9.29932408636862,386,-0.6327769882701724
2288,uva,packing_C,T08,largo,8,G4,8.286753941118661,0.8939647480859474,1.102924542258449,False,454,398.9197338085359,13.807355596477015,-0.3913169969335448,23.926185682861774,60,272.4,9.29932408636862,387,-0.6656257676222934
2288,uva,packing_C,T08,largo,8,G4,8.286753941118661,0.8939647480859474,1.102924542258449,False,454,398.9197338085359,13.807355596477015,-0.3913169969335448,23.926185682861774,60,272.4,9.29932408636862,388,-0.474351498096148
2288,uva,packing_C,T08,largo,8,G4,8.286753941118661,0.8939647480859474,1.102924542258449,False,454,398.9197338085359,13.807355596477015,-0.3913169969335448,23.926185682861774,60,272.4,9.29932408636862,389,-0.5927165607502889
2288,uva,packing_C,T08,largo,8,G4,8.286753941118661,0.8939647480859474,1.102924542258449,False,454,398.9197338085359,13.807355596477015,-0.3913169969335448,23.926185682861774,60,272.4,9.29932408636862,390,-0.3533958655615191
2288,uva,packing_C,T08,largo,8,G4,8.286753941118661,0.8939647480859474,1.102924542258449,False,454,398.9197338085359,13.807355596477015,-0.3913169969335448,23.926185682861774,60,272.4,9.29932408636862,391,-0.2918010908262256
2288,uva,packing_C,T08,largo,8,G4,8.286753941118661,0.8939647480859474,1.102924542258449,False,454,398.9197338085359,13.807355596477015,-0.3913169969335448,23.926185682861774,60,272.4,9.29932408636862,392,-0.3083747626077273
2288,uva,packing_C,T08,largo,8,G4,8.286753941118661,0.8939647480859474,1.102924542258449,False,454,398.9197338085359,13.807355596477015,-0.3913169969335448,23.926185682861774,60,272.4,9.29932408636862,393,-0.14955632610416383
2288,uva,packing_C,T08,largo,8,G4,8.286753941118661,0.8939647480859474,1.102924542258449,False,454,398.9197338085359,13.807355596477015,-0.3913169969335448,23.926185682861774,60,272.4,9.29932408636862,394,-0.13795929994298817
2288,uva,packing_C,T08,largo,8,G4,8.286753941118661,0.8939647480859474,1.102924542258449,False,454,398.9197338085359,13.807355596477015,-0.3913169969335448,23.926185682861774,60,272.4,9.29932408636862,395,0.0544175383678049
2288,uva,packing_C,T08,largo,8,G4,8.286753941118661,0.8939647480859474,1.102924542258449,False,454,398.9197338085359,13.807355596477015,-0.3913169969335448,23.926185682861774,60,272.4,9.29932408636862,396,0.001608144184757257
2288,uva,packing_C,T08,largo,8,G4,8.286753941118661,0.8939647480859474,1.102924542258449,False,454,398.9197338085359,13.807355596477015,-0.3913169969335448,23.926185682861774,60,272.4,9.29932408636862,397,-0.07210911789761554
2288,uva,packing_C,T08,largo,8,G4,8.286753941118661,0.8939647480859474,1.102924542258449,False,454,398.9197338085359,13.807355596477015,-0.3913169969335448,23.926185682861774,60,272.4,9.29932408636862,398,0.14973898796347598
2288,uva,packing_C,T08,largo,8,G4,8.286753941118661,0.8939647480859474,1.102924542258449,False,454,398.9197338085359,13.807355596477015,-0.3913169969335448,23.926185682861774,60,272.4,9.29932408636862,399,0.07388969239994403
2288,uva,packing_C,T08,largo,8,G4,8.286753941118661,0.8939647480859474,1.102924542258449,False,454,398.9197338085359,13.807355596477015,-0.3913169969335448,23.926185682861774,60,272.4,9.29932408636862,400,0.07918097781326713
2288,uva,packing_C,T08,largo,8,G4,8.286753941118661,0.8939647480859474,1.102924542258449,False,454,398.9197338085359,13.807355596477015,-0.3913169969335448,23.926185682861774,60,272.4,9.29932408636862,401,0.030676891003972334
2288,uva,packing_C,T08,largo,8,G4,8.286753941118661,0.8939647480859474,1.102924542258449,False,454,398.9197338085359,13.807355596477015,-0.3913169969335448,23.926185682861774,60,272.4,9.29932408636862,402,-0.07980257256010416
2288,uva,packing_C,T08,largo,8,G4,8.286753941118661,0.8939647480859474,1.102924542258449,False,454,398.9197338085359,13.807355596477015,-0.3913169969335448,23.926185682861774,60,272.4,9.29932408636862,403,-0.18651032010962773
2288,uva,packing_C,T08,largo,8,G4,8.286753941118661,0.8939647480859474,1.102924542258449,False,454,398.9197338085359,13.807355596477015,-0.3913169969335448,23.926185682861774,60,272.4,9.29932408636862,404,-0.3030402613767507
2288,uva,packing_C,T08,largo,8,G4,8.286753941118661,0.8939647480859474,1.102924542258449,False,454,398.9197338085359,13.807355596477015,-0.3913169969335448,23.926185682861774,60,272.4,9.29932408636862,405,-0.4546836138332032
2288,uva,packing_C,T08,largo,8,G4,8.286753941118661,0.8939647480859474,1.102924542258449,False,454,398.9197338085359,13.807355596477015,-0.3913169969335448,23.926185682861774,60,272.4,9.29932408636862,406,-0.502496764116322
2288,uva,packing_C,T08,largo,8,G4,8.286753941118661,0.8939647480859474,1.102924542258449,False,454,398.9197338085359,13.807355596477015,-0.3913169969335448,23.926185682861774,60,272.4,9.29932408636862,407,-0.5204825954190756
2288,uva,packing_C,T08,largo,8,G4,8.286753941118661,0.8939647480859474,1.102924542258449,False,454,398.9197338085359,13.807355596477015,-0.3913169969335448,23.926185682861774,60,272.4,9.29932408636862,408,-0.7377038662094388
2288,uva,packing_C,T08,largo,8,G4,8.286753941118661,0.8939647480859474,1.102924542258449,False,454,398.9197338085359,13.807355596477015,-0.3913169969335448,23.926185682861774,60,272.4,9.29932408636862,409,-0.7172867458331809
2288,uva,packing_C,T08,largo,8,G4,8.286753941118661,0.8939647480859474,1.102924542258449,False,454,398.9197338085359,13.807355596477015,-0.3913169969335448,23.926185682861774,60,272.4,9.29932408636862,410,-0.7527375678897231
2288,uva,packing_C,T08,largo,8,G4,8.286753941118661,0.8939647480859474,1.102924542258449,False,454,398.9197338085359,13.807355596477015,-0.3913169969335448,23.926185682861774,60,272.4,9.29932408636862,411,-0.8393777171383164
2288,uva,packing_C,T08,largo,8,G4,8.286753941118661,0.8939647480859474,1.102924542258449,False,454,398.9197338085359,13.807355596477015,-0.3913169969335448,23.926185682861774,60,272.4,9.29932408636862,412,-0.7256968239305108
2288,uva,packing_C,T08,largo,8,G4,8.286753941118661,0.8939647480859474,1.102924542258449,False,454,398.9197338085359,13.807355596477015,-0.3913169969335448,23.926185682861774,60,272.4,9.29932408636862,413,-1.0925322898982748
2288,uva,packing_C,T08,largo,8,G4,8.286753941118661,0.8939647480859474,1.102924542258449,False,454,398.9197338085359,13.807355596477015,-0.3913169969335448,23.926185682861774,60,272.4,9.29932408636862,414,-0.8019908186580197
2288,uva,packing_C,T08,largo,8,G4,8.286753941118661,0.8939647480859474,1.102924542258449,False,454,398.9197338085359,13.807355596477015,-0.3913169969335448,23.926185682861774,60,272.4,9.29932408636862,415,-0.8615434139591867
2288,uva,packing_C,T08,largo,8,G4,8.286753941118661,0.8939647480859474,1.102924542258449,False,454,398.9197338085359,13.807355596477015,-0.3913169969335448,23.926185682861774,60,272.4,9.29932408636862,416,-0.516315170644116
2288,uva,packing_C,T08,largo,8,G4,8.286753941118661,0.8939647480859474,1.102924542258449,False,454,398.9197338085359,13.807355596477015,-0.3913169969335448,23.926185682861774,60,272.4,9.29932408636862,417,-0.8459978798460404
2288,uva,packing_C,T08,largo,8,G4,8.286753941118661,0.8939647480859474,1.102924542258449,False,454,398.9197338085359,13.807355596477015,-0.3913169969335448,23.926185682861774,60,272.4,9.29932408636862,418,-0.5324552763076686
2288,uva,packing_C,T08,largo,8,G4,8.286753941118661,0.8939647480859474,1.102924542258449,False,454,398.9197338085359,13.807355596477015,-0.3913169969335448,23.926185682861774,60,272.4,9.29932408636862,419,-0.5123718108941188
2288,uva,packing_C,T08,largo,8,G4,8.286753941118661,0.8939647480859474,1.102924542258449,False,454,398.9197338085359,13.807355596477015,-0.3913169969335448,23.926185682861774,60,272.4,9.29932408636862,420,-0.46510033542091994
2288,uva,packing_C,T08,largo,8,G4,8.286753941118661,0.8939647480859474,1.102924542258449,False,454,398.9197338085359,13.807355596477015,-0.3913169969335448,23.926185682861774,60,272.4,9.29932408636862,421,-0.4293539151007395
2288,uva,packing_C,T08,largo,8,G4,8.286753941118661,0.8939647480859474,1.102924542258449,False,454,398.9197338085359,13.807355596477015,-0.3913169969335448,23.926185682861774,60,272.4,9.29932408636862,422,-0.30305833839167723
2288,uva,packing_C,T08,largo,8,G4,8.286753941118661,0.8939647480859474,1.102924542258449,False,454,398.9197338085359,13.807355596477015,-0.3913169969335448,23.926185682861774,60,272.4,9.29932408636862,423,0.024592975361226177
2288,uva,packing_C,T08,largo,8,G4,8.286753941118661,0.8939647480859474,1.102924542258449,False,454,398.9197338085359,13.807355596477015,-0.3913169969335448,23.926185682861774,60,272.4,9.29932408636862,424,-0.18534051264511509
2288,uva,packing_C,T08,largo,8,G4,8.286753941118661,0.8939647480859474,1.102924542258449,False,454,398.9197338085359,13.807355596477015,-0.3913169969335448,23.926185682861774,60,272.4,9.29932408636862,425,0.056110863917404226
2288,uva,packing_C,T08,largo,8,G4,8.286753941118661,0.8939647480859474,1.102924542258449,False,454,398.9197338085359,13.807355596477015,-0.3913169969335448,23.926185682861774,60,272.4,9.29932408636862,426,-0.0709362668479071
2288,uva,packing_C,T08,largo,8,G4,8.286753941118661,0.8939647480859474,1.102924542258449,False,454,398.9197338085359,13.807355596477015,-0.3913169969335448,23.926185682861774,60,272.4,9.29932408636862,427,0.22847385600650247
2288,uva,packing_C,T08,largo,8,G4,8.286753941118661,0.8939647480859474,1.102924542258449,False,454,398.9197338085359,13.807355596477015,-0.3913169969335448,23.926185682861774,60,272.4,9.29932408636862,428,0.17861223182860392
2288,uva,packing_C,T08,largo,8,G4,8.286753941118661,0.8939647480859474,1.102924542258449,False,454,398.9197338085359,13.807355596477015,-0.3913169969335448,23.926185682861774,60,272.4,9.29932408636862,429,0.014718707256536921
2288,uva,packing_C,T08,largo,8,G4,8.286753941118661,0.8939647480859474,1.102924542258449,False,454,398.9197338085359,13.807355596477015,-0.3913169969335448,23.926185682861774,60,272.4,9.29932408636862,430,0.09516630788951881
2288,uva,packing_C,T08,largo,8,G4,8.286753941118661,0.8939647480859474,1.102924542258449,False,454,398.9197338085359,13.807355596477015,-0.3913169969335448,23.926185682861774,60,272.4,9.29932408636862,431,-0.03102608487726277
2288,uva,packing_C,T08,largo,8,G4,8.286753941118661,0.8939647480859474,1.102924542258449,False,454,398.9197338085359,13.807355596477015,-0.3913169969335448,23.926185682861774,60,272.4,9.29932408636862,432,-0.14669237045323952
2288,uva,packing_C,T08,largo,8,G4,8.286753941118661,0.8939647480859474,1.102924542258449,False,454,398.9197338085359,13.807355596477015,-0.3913169969335448,23.926185682861774,60,272.4,9.29932408636862,433,-0.05348605504651016
2288,uva,packing_C,T08,largo,8,G4,8.286753941118661,0.8939647480859474,1.102924542258449,False,454,398.9197338085359,13.807355596477015,-0.3913169969335448,23.926185682861774,60,272.4,9.29932408636862,434,-0.2124775841352147
2288,uva,packing_C,T08,largo,8,G4,8.286753941118661,0.8939647480859474,1.102924542258449,False,454,398.9197338085359,13.807355596477015,-0.3913169969335448,23.926185682861774,60,272.4,9.29932408636862,435,-0.5275194494853087
2288,uva,packing_C,T08,largo,8,G4,8.286753941118661,0.8939647480859474,1.102924542258449,False,454,398.9197338085359,13.807355596477015,-0.3913169969335448,23.926185682861774,60,272.4,9.29932408636862,436,-0.3978895049849704
2288,uva,packing_C,T08,largo,8,G4,8.286753941118661,0.8939647480859474,1.102924542258449,False,454,398.9197338085359,13.807355596477015,-0.3913169969335448,23.926185682861774,60,272.4,9.29932408636862,437,-0.46563452122782534
2288,uva,packing_C,T08,largo,8,G4,8.286753941118661,0.8939647480859474,1.102924542258449,False,454,398.9197338085359,13.807355596477015,-0.3913169969335448,23.926185682861774,60,272.4,9.29932408636862,438,-0.8038453885375976
2288,uva,packing_C,T08,largo,8,G4,8.286753941118661,0.8939647480859474,1.102924542258449,False,454,398.9197338085359,13.807355596477015,-0.3913169969335448,23.926185682861774,60,272.4,9.29932408636862,439,-0.634749603904252
2288,uva,packing_C,T08,largo,8,G4,8.286753941118661,0.8939647480859474,1.102924542258449,False,454,398.9197338085359,13.807355596477015,-0.3913169969335448,23.926185682861774,60,272.4,9.29932408636862,440,-0.8267937528424815
2288,uva,packing_C,T08,largo,8,G4,8.286753941118661,0.8939647480859474,1.102924542258449,False,454,398.9197338085359,13.807355596477015,-0.3913169969335448,23.926185682861774,60,272.4,9.29932408636862,441,-0.8462016560390458
2288,uva,packing_C,T08,largo,8,G4,8.286753941118661,0.8939647480859474,1.102924542258449,False,454,398.9197338085359,13.807355596477015,-0.3913169969335448,23.926185682861774,60,272.4,9.29932408636862,442,-0.7342526773619094
2288,uva,packing_C,T08,largo,8,G4,8.286753941118661,0.8939647480859474,1.102924542258449,False,454,398.9197338085359,13.807355596477015,-0.3913169969335448,23.926185682861774,60,272.4,9.29932408636862,443,-0.8625135988457293
2288,uva,packing_C,T08,largo,8,G4,8.286753941118661,0.8939647480859474,1.102924542258449,False,454,398.9197338085359,13.807355596477015,-0.3913169969335448,23.926185682861774,60,272.4,9.29932408636862,444,-0.846319703394792
2288,uva,packing_C,T08,largo,8,G4,8.286753941118661,0.8939647480859474,1.102924542258449,False,454,398.9197338085359,13.807355596477015,-0.3913169969335448,23.926185682861774,60,272.4,9.29932408636862,445,-0.7853951705780641
2288,uva,packing_C,T08,largo,8,G4,8.286753941118661,0.8939647480859474,1.102924542258449,False,454,398.9197338085359,13.807355596477015,-0.3913169969335448,23.926185682861774,60,272.4,9.29932408636862,446,-0.7705169181286414
2288,uva,packing_C,T08,largo,8,G4,8.286753941118661,0.8939647480859474,1.102924542258449,False,454,398.9197338085359,13.807355596477015,-0.3913169969335448,23.926185682861774,60,272.4,9.29932408636862,447,-0.7018484074013778
2288,uva,packing_C,T08,largo,8,G4,8.286753941118661,0.8939647480859474,1.102924542258449,False,454,398.9197338085359,13.807355596477015,-0.3913169969335448,23.926185682861774,60,272.4,9.29932408636862,448,-0.6205236217032577
2288,uva,packing_C,T08,largo,8,G4,8.286753941118661,0.8939647480859474,1.102924542258449,False,454,398.9197338085359,13.807355596477015,-0.3913169969335448,23.926185682861774,60,272.4,9.29932408636862,449,-0.6179067356779256
2288,uva,packing_C,T08,largo,8,G4,8.286753941118661,0.8939647480859474,1.102924542258449,False,454,398.9197338085359,13.807355596477015,-0.3913169969335448,23.926185682861774,60,272.4,9.29932408636862,450,-0.3725698246436242
2288,uva,packing_C,T08,largo,8,G4,8.286753941118661,0.8939647480859474,1.102924542258449,False,454,398.9197338085359,13.807355596477015,-0.3913169969335448,23.926185682861774,60,272.4,9.29932408636862,451,-0.2405182244052434
2288,uva,packing_C,T08,largo,8,G4,8.286753941118661,0.8939647480859474,1.102924542258449,False,454,398.9197338085359,13.807355596477015,-0.3913169969335448,23.926185682861774,60,272.4,9.29932408636862,452,-0.23683075503009418
2288,uva,packing_C,T08,largo,8,G4,8.286753941118661,0.8939647480859474,1.102924542258449,False,454,398.9197338085359,13.807355596477015,-0.3913169969335448,23.926185682861774,60,272.4,9.29932408636862,453,-0.07456872980712699
