proceso_id,epoca,packing,tunel,tipo_tunel,iteracion,mass_group,masa_ton,ocupabilidad,caudal_factor,anomalia_duracion,duracion_min,duracion_esperada_min,delta_duracion_pct,setpoint,T0,pct_transitorio,t_trans_min,overshoot_pct,tiempo_min,temperatura
768,mora,packing_B,T10,largo,8,G4,8.904035730002535,0.5127628987690168,0.8286521406417539,False,508,449.89804319176807,12.914471998151388,0.39919860972120175,24.817938976554302,60,304.8,10.370296255356557,0,24.95579598230612
768,mora,packing_B,T10,largo,8,G4,8.904035730002535,0.5127628987690168,0.8286521406417539,False,508,449.89804319176807,12.914471998151388,0.39919860972120175,24.817938976554302,60,304.8,10.370296255356557,1,24.561747098482883
768,mora,packing_B,T10,largo,8,G4,8.904035730002535,0.5127628987690168,0.8286521406417539,False,508,449.89804319176807,12.914471998151388,0.39919860972120175,24.817938976554302,60,304.8,10.370296255356557,2,24.34340954056998
768,mora,packing_B,T10,largo,8,G4,8.904035730002535,0.5127628987690168,0.8286521406417539,False,508,449.89804319176807,12.914471998151388,0.39919860972120175,24.817938976554302,60,304.8,10.370296255356557,3,24.190527871782347
768,mora,packing_B,T10,largo,8,G4,8.904035730002535,0.5127628987690168,0.8286521406417539,False,508,449.89804319176807,12.914471998151388,0.39919860972120175,24.817938976554302,60,304.8,10.370296255356557,4,24.154171482294913
768,mora,packing_B,T10,largo,8,G4,8.904035730002535,0.5127628987690168,0.8286521406417539,False,508,449.89804319176807,12.914471998151388,0.39919860972120175,24.817938976554302,60,304.8,10.370296255356557,5,23.539344924087253
768,mora,packing_B,T10,largo,8,G4,8.904035730002535,0.5127628987690168,0.8286521406417539,False,508,449.89804319176807,12.914471998151388,0.39919860972120175,24.817938976554302,60,304.8,10.370296255356557,6,23.59206474075204
768,mora,packing_B,T10,largo,8,G4,8.904035730002535,0.5127628987690168,0.8286521406417539,False,508,449.89804319176807,12.914471998151388,0.39919860972120175,24.817938976554302,60,304.8,10.370296255356557,7,23.225462387090896
768,mora,packing_B,T10,largo,8,G4,8.904035730002535,0.5127628987690168,0.8286521406417539,False,508,449.89804319176807,12.914471998151388,0.39919860972120175,24.817938976554302,60,304.8,10.370296255356557,8,23.167177363842942
768,mora,packing_B,T10,largo,8,G4,8.904035730002535,0.5127628987690168,0.8286521406417539,False,508,449.89804319176807,12.914471998151388,0.39919860972120175,24.817938976554302,60,304.8,10.370296255356557,9,22.770629619860483
768,mora,packing_B,T10,largo,8,G4,8.904035730002535,0.5127628987690168,0.8286521406417539,False,508,449.89804319176807,12.914471998151388,0.39919860972120175,24.817938976554302,60,304.8,10.370296255356557,10,22.59059994166738
768,mora,packing_B,T10,largo,8,G4,8.904035730002535,0.5127628987690168,0.8286521406417539,False,508,449.89804319176807,12.914471998151388,0.39919860972120175,24.817938976554302,60,304.8,10.370296255356557,11,22.572979860634778
768,mora,packing_B,T10,largo,8,G4,8.904035730002535,0.5127628987690168,0.8286521406417539,False,508,449.89804319176807,12.914471998151388,0.39919860972120175,24.817938976554302,60,304.8,10.370296255356557,12,21.980855173172355
768,mora,packing_B,T10,largo,8,G4,8.904035730002535,0.5127628987690168,0.8286521406417539,False,508,449.89804319176807,12.914471998151388,0.39919860972120175,24.817938976554302,60,304.8,10.370296255356557,13,22.082734380129644
768,mora,packing_B,T10,largo,8,G4,8.904035730002535,0.5127628987690168,0.8286521406417539,False,508,449.89804319176807,12.914471998151388,0.39919860972120175,24.817938976554302,60,304.8,10.370296255356557,14,21.775290456164452
768,mora,packing_B,T10,largo,8,G4,8.904035730002535,0.5127628987690168,0.8286521406417539,False,508,449.89804319176807,12.914471998151388,0.39919860972120175,24.817938976554302,60,304.8,10.370296255356557,15,21.441872058068764
768,mora,packing_B,T10,largo,8,G4,8.904035730002535,0.5127628987690168,0.8286521406417539,False,508,449.89804319176807,12.914471998151388,0.39919860972120175,24.817938976554302,60,304.8,10.370296255356557,16,21.17083228141879
768,mora,packing_B,T10,largo,8,G4,8.904035730002535,0.5127628987690168,0.8286521406417539,False,508,449.89804319176807,12.914471998151388,0.39919860972120175,24.817938976554302,60,304.8,10.370296255356557,17,20.924296490249965
768,mora,packing_B,T10,largo,8,G4,8.904035730002535,0.5127628987690168,0.8286521406417539,False,508,449.89804319176807,12.914471998151388,0.39919860972120175,24.817938976554302,60,304.8,10.370296255356557,18,20.68098504939997
768,mora,packing_B,T10,largo,8,G4,8.904035730002535,0.5127628987690168,0.8286521406417539,False,508,449.89804319176807,12.914471998151388,0.39919860972120175,24.817938976554302,60,304.8,10.370296255356557,19,20.620369309914025
768,mora,packing_B,T10,largo,8,G4,8.904035730002535,0.5127628987690168,0.8286521406417539,False,508,449.89804319176807,12.914471998151388,0.39919860972120175,24.817938976554302,60,304.8,10.370296255356557,20,20.164813645221642
768,mora,packing_B,T10,largo,8,G4,8.904035730002535,0.5127628987690168,0.8286521406417539,False,508,449.89804319176807,12.914471998151388,0.39919860972120175,24.817938976554302,60,304.8,10.370296255356557,21,19.664252848880654
768,mora,packing_B,T10,largo,8,G4,8.904035730002535,0.5127628987690168,0.8286521406417539,False,508,449.89804319176807,12.914471998151388,0.39919860972120175,24.817938976554302,60,304.8,10.370296255356557,22,19.63168190631462
768,mora,packing_B,T10,largo,8,G4,8.904035730002535,0.5127628987690168,0.8286521406417539,False,508,449.89804319176807,12.914471998151388,0.39919860972120175,24.817938976554302,60,304.8,10.370296255356557,23,19.172403702043297
768,mora,packing_B,T10,largo,8,G4,8.904035730002535,0.5127628987690168,0.8286521406417539,False,508,449.89804319176807,12.914471998151388,0.39919860972120175,24.817938976554302,60,304.8,10.370296255356557,24,19.223897480489356
768,mora,packing_B,T10,largo,8,G4,8.904035730002535,0.5127628987690168,0.8286521406417539,False,508,449.89804319176807,12.914471998151388,0.39919860972120175,24.817938976554302,60,304.8,10.370296255356557,25,18.909197161540956
768,mora,packing_B,T10,largo,8,G4,8.904035730002535,0.5127628987690168,0.8286521406417539,False,508,449.89804319176807,12.914471998151388,0.39919860972120175,24.817938976554302,60,304.8,10.370296255356557,26,18.67659297253494
768,mora,packing_B,T10,largo,8,G4,8.904035730002535,0.5127628987690168,0.8286521406417539,False,508,449.89804319176807,12.914471998151388,0.39919860972120175,24.817938976554302,60,304.8,10.370296255356557,27,18.407888231229546
768,mora,packing_B,T10,largo,8,G4,8.904035730002535,0.5127628987690168,0.8286521406417539,False,508,449.89804319176807,12.914471998151388,0.39919860972120175,24.817938976554302,60,304.8,10.370296255356557,28,18.069148502424483
768,mora,packing_B,T10,largo,8,G4,8.904035730002535,0.5127628987690168,0.8286521406417539,False,508,449.89804319176807,12.914471998151388,0.39919860972120175,24.817938976554302,60,304.8,10.370296255356557,29,17.861674176999685
768,mora,packing_B,T10,largo,8,G4,8.904035730002535,0.5127628987690168,0.8286521406417539,False,508,449.89804319176807,12.914471998151388,0.39919860972120175,24.817938976554302,60,304.8,10.370296255356557,30,17.554445952020497
768,mora,packing_B,T10,largo,8,G4,8.904035730002535,0.5127628987690168,0.8286521406417539,False,508,449.89804319176807,12.914471998151388,0.39919860972120175,24.817938976554302,60,304.8,10.370296255356557,31,17.201578460213465
768,mora,packing_B,T10,largo,8,G4,8.904035730002535,0.5127628987690168,0.8286521406417539,False,508,449.89804319176807,12.914471998151388,0.39919860972120175,24.817938976554302,60,304.8,10.370296255356557,32,16.896085723777684
768,mora,packing_B,T10,largo,8,G4,8.904035730002535,0.5127628987690168,0.8286521406417539,False,508,449.89804319176807,12.914471998151388,0.39919860972120175,24.817938976554302,60,304.8,10.370296255356557,33,16.74353212136337
768,mora,packing_B,T10,largo,8,G4,8.904035730002535,0.5127628987690168,0.8286521406417539,False,508,449.89804319176807,12.914471998151388,0.39919860972120175,24.817938976554302,60,304.8,10.370296255356557,34,16.518218719747086
768,mora,packing_B,T10,largo,8,G4,8.904035730002535,0.5127628987690168,0.8286521406417539,False,508,449.89804319176807,12.914471998151388,0.39919860972120175,24.817938976554302,60,304.8,10.370296255356557,35,16.146802734076555
768,mora,packing_B,T10,largo,8,G4,8.904035730002535,0.5127628987690168,0.8286521406417539,False,508,449.89804319176807,12.914471998151388,0.39919860972120175,24.817938976554302,60,304.8,10.370296255356557,36,15.951720742390116
768,mora,packing_B,T10,largo,8,G4,8.904035730002535,0.5127628987690168,0.8286521406417539,False,508,449.89804319176807,12.914471998151388,0.39919860972120175,24.817938976554302,60,304.8,10.370296255356557,37,15.55385125974162
768,mora,packing_B,T10,largo,8,G4,8.904035730002535,0.5127628987690168,0.8286521406417539,False,508,449.89804319176807,12.914471998151388,0.39919860972120175,24.817938976554302,60,304.8,10.370296255356557,38,15.28670453997663
768,mora,packing_B,T10,largo,8,G4,8.904035730002535,0.5127628987690168,0.8286521406417539,False,508,449.89804319176807,12.914471998151388,0.39919860972120175,24.817938976554302,60,304.8,10.370296255356557,39,15.077104184291452
768,mora,packing_B,T10,largo,8,G4,8.904035730002535,0.5127628987690168,0.8286521406417539,False,508,449.89804319176807,12.914471998151388,0.39919860972120175,24.817938976554302,60,304.8,10.370296255356557,40,14.64707297752182
768,mora,packing_B,T10,largo,8,G4,8.904035730002535,0.5127628987690168,0.8286521406417539,False,508,449.89804319176807,12.914471998151388,0.39919860972120175,24.817938976554302,60,304.8,10.370296255356557,41,14.50722233030418
768,mora,packing_B,T10,largo,8,G4,8.904035730002535,0.5127628987690168,0.8286521406417539,False,508,449.89804319176807,12.914471998151388,0.39919860972120175,24.817938976554302,60,304.8,10.370296255356557,42,14.294080079840397
768,mora,packing_B,T10,largo,8,G4,8.904035730002535,0.5127628987690168,0.8286521406417539,False,508,449.89804319176807,12.914471998151388,0.39919860972120175,24.817938976554302,60,304.8,10.370296255356557,43,14.07014473847978
768,mora,packing_B,T10,largo,8,G4,8.904035730002535,0.5127628987690168,0.8286521406417539,False,508,449.89804319176807,12.914471998151388,0.39919860972120175,24.817938976554302,60,304.8,10.370296255356557,44,13.655519843920594
768,mora,packing_B,T10,largo,8,G4,8.904035730002535,0.5127628987690168,0.8286521406417539,False,508,449.89804319176807,12.914471998151388,0.39919860972120175,24.817938976554302,60,304.8,10.370296255356557,45,13.46615648080145
768,mora,packing_B,T10,largo,8,G4,8.904035730002535,0.5127628987690168,0.8286521406417539,False,508,449.89804319176807,12.914471998151388,0.39919860972120175,24.817938976554302,60,304.8,10.370296255356557,46,12.94803624659238
768,mora,packing_B,T10,largo,8,G4,8.904035730002535,0.5127628987690168,0.8286521406417539,False,508,449.89804319176807,12.914471998151388,0.39919860972120175,24.817938976554302,60,304.8,10.370296255356557,47,12.78999080506655
768,mora,packing_B,T10,largo,8,G4,8.904035730002535,0.5127628987690168,0.8286521406417539,False,508,449.89804319176807,12.914471998151388,0.39919860972120175,24.817938976554302,60,304.8,10.370296255356557,48,12.47449803291465
768,mora,packing_B,T10,largo,8,G4,8.904035730002535,0.5127628987690168,0.8286521406417539,False,508,449.89804319176807,12.914471998151388,0.39919860972120175,24.817938976554302,60,304.8,10.370296255356557,49,12.134198780640137
768,mora,packing_B,T10,largo,8,G4,8.904035730002535,0.5127628987690168,0.8286521406417539,False,508,449.89804319176807,12.914471998151388,0.39919860972120175,24.817938976554302,60,304.8,10.370296255356557,50,11.99860613315947
768,mora,packing_B,T10,largo,8,G4,8.904035730002535,0.5127628987690168,0.8286521406417539,False,508,449.89804319176807,12.914471998151388,0.39919860972120175,24.817938976554302,60,304.8,10.370296255356557,51,11.783752795309313
768,mora,packing_B,T10,largo,8,G4,8.904035730002535,0.5127628987690168,0.8286521406417539,False,508,449.89804319176807,12.914471998151388,0.39919860972120175,24.817938976554302,60,304.8,10.370296255356557,52,11.769558015234903
768,mora,packing_B,T10,largo,8,G4,8.904035730002535,0.5127628987690168,0.8286521406417539,False,508,449.89804319176807,12.914471998151388,0.39919860972120175,24.817938976554302,60,304.8,10.370296255356557,53,11.145408678924026
768,mora,packing_B,T10,largo,8,G4,8.904035730002535,0.5127628987690168,0.8286521406417539,False,508,449.89804319176807,12.914471998151388,0.39919860972120175,24.817938976554302,60,304.8,10.370296255356557,54,10.810867539131873
768,mora,packing_B,T10,largo,8,G4,8.904035730002535,0.5127628987690168,0.8286521406417539,False,508,449.89804319176807,12.914471998151388,0.39919860972120175,24.817938976554302,60,304.8,10.370296255356557,55,10.680773565959946
768,mora,packing_B,T10,largo,8,G4,8.904035730002535,0.5127628987690168,0.8286521406417539,False,508,449.89804319176807,12.914471998151388,0.39919860972120175,24.817938976554302,60,304.8,10.370296255356557,56,10.315222413400123
768,mora,packing_B,T10,largo,8,G4,8.904035730002535,0.5127628987690168,0.8286521406417539,False,508,449.89804319176807,12.914471998151388,0.39919860972120175,24.817938976554302,60,304.8,10.370296255356557,57,9.98334095423628
768,mora,packing_B,T10,largo,8,G4,8.904035730002535,0.5127628987690168,0.8286521406417539,False,508,449.89804319176807,12.914471998151388,0.39919860972120175,24.817938976554302,60,304.8,10.370296255356557,58,9.925504640330535
768,mora,packing_B,T10,largo,8,G4,8.904035730002535,0.5127628987690168,0.8286521406417539,False,508,449.89804319176807,12.914471998151388,0.39919860972120175,24.817938976554302,60,304.8,10.370296255356557,59,9.521417517601245
768,mora,packing_B,T10,largo,8,G4,8.904035730002535,0.5127628987690168,0.8286521406417539,False,508,449.89804319176807,12.914471998151388,0.39919860972120175,24.817938976554302,60,304.8,10.370296255356557,60,9.203094591414875
768,mora,packing_B,T10,largo,8,G4,8.904035730002535,0.5127628987690168,0.8286521406417539,False,508,449.89804319176807,12.914471998151388,0.39919860972120175,24.817938976554302,60,304.8,10.370296255356557,61,9.058175641519737
768,mora,packing_B,T10,largo,8,G4,8.904035730002535,0.5127628987690168,0.8286521406417539,False,508,449.89804319176807,12.914471998151388,0.39919860972120175,24.817938976554302,60,304.8,10.370296255356557,62,8.697902089864359
768,mora,packing_B,T10,largo,8,G4,8.904035730002535,0.5127628987690168,0.8286521406417539,False,508,449.89804319176807,12.914471998151388,0.39919860972120175,24.817938976554302,60,304.8,10.370296255356557,63,8.428805819117272
768,mora,packing_B,T10,largo,8,G4,8.904035730002535,0.5127628987690168,0.8286521406417539,False,508,449.89804319176807,12.914471998151388,0.39919860972120175,24.817938976554302,60,304.8,10.370296255356557,64,8.143615321048363
768,mora,packing_B,T10,largo,8,G4,8.904035730002535,0.5127628987690168,0.8286521406417539,False,508,449.89804319176807,12.914471998151388,0.39919860972120175,24.817938976554302,60,304.8,10.370296255356557,65,7.922880761783237
768,mora,packing_B,T10,largo,8,G4,8.904035730002535,0.5127628987690168,0.8286521406417539,False,508,449.89804319176807,12.914471998151388,0.39919860972120175,24.817938976554302,60,304.8,10.370296255356557,66,7.767447902799486
768,mora,packing_B,T10,largo,8,G4,8.904035730002535,0.5127628987690168,0.8286521406417539,False,508,449.89804319176807,12.914471998151388,0.39919860972120175,24.817938976554302,60,304.8,10.370296255356557,67,7.4368288955428055
768,mora,packing_B,T10,largo,8,G4,8.904035730002535,0.5127628987690168,0.8286521406417539,False,508,449.89804319176807,12.914471998151388,0.39919860972120175,24.817938976554302,60,304.8,10.370296255356557,68,7.230898763054666
768,mora,packing_B,T10,largo,8,G4,8.904035730002535,0.5127628987690168,0.8286521406417539,False,508,449.89804319176807,12.914471998151388,0.39919860972120175,24.817938976554302,60,304.8,10.370296255356557,69,6.8694719930322306
768,mora,packing_B,T10,largo,8,G4,8.904035730002535,0.5127628987690168,0.8286521406417539,False,508,449.89804319176807,12.914471998151388,0.39919860972120175,24.817938976554302,60,304.8,10.370296255356557,70,6.572614093318028
768,mora,packing_B,T10,largo,8,G4,8.904035730002535,0.5127628987690168,0.8286521406417539,False,508,449.89804319176807,12.914471998151388,0.39919860972120175,24.817938976554302,60,304.8,10.370296255356557,71,6.19198353871827
768,mora,packing_B,T10,largo,8,G4,8.904035730002535,0.5127628987690168,0.8286521406417539,False,508,449.89804319176807,12.914471998151388,0.39919860972120175,24.817938976554302,60,304.8,10.370296255356557,72,6.029825837530569
768,mora,packing_B,T10,largo,8,G4,8.904035730002535,0.5127628987690168,0.8286521406417539,False,508,449.89804319176807,12.914471998151388,0.39919860972120175,24.817938976554302,60,304.8,10.370296255356557,73,5.96366221639616
768,mora,packing_B,T10,largo,8,G4,8.904035730002535,0.5127628987690168,0.8286521406417539,False,508,449.89804319176807,12.914471998151388,0.39919860972120175,24.817938976554302,60,304.8,10.370296255356557,74,5.668529010514414
768,mora,packing_B,T10,largo,8,G4,8.904035730002535,0.5127628987690168,0.8286521406417539,False,508,449.89804319176807,12.914471998151388,0.39919860972120175,24.817938976554302,60,304.8,10.370296255356557,75,5.534269849423022
768,mora,packing_B,T10,largo,8,G4,8.904035730002535,0.5127628987690168,0.8286521406417539,False,508,449.89804319176807,12.914471998151388,0.39919860972120175,24.817938976554302,60,304.8,10.370296255356557,76,5.1625407225049615
768,mora,packing_B,T10,largo,8,G4,8.904035730002535,0.5127628987690168,0.8286521406417539,False,508,449.89804319176807,12.914471998151388,0.39919860972120175,24.817938976554302,60,304.8,10.370296255356557,77,4.906484210690059
768,mora,packing_B,T10,largo,8,G4,8.904035730002535,0.5127628987690168,0.8286521406417539,False,508,449.89804319176807,12.914471998151388,0.39919860972120175,24.817938976554302,60,304.8,10.370296255356557,78,4.576688226741348
768,mora,packing_B,T10,largo,8,G4,8.904035730002535,0.5127628987690168,0.8286521406417539,False,508,449.89804319176807,12.914471998151388,0.39919860972120175,24.817938976554302,60,304.8,10.370296255356557,79,4.687972950649209
768,mora,packing_B,T10,largo,8,G4,8.904035730002535,0.5127628987690168,0.8286521406417539,False,508,449.89804319176807,12.914471998151388,0.39919860972120175,24.817938976554302,60,304.8,10.370296255356557,80,4.24838361314291
768,mora,packing_B,T10,largo,8,G4,8.904035730002535,0.5127628987690168,0.8286521406417539,False,508,449.89804319176807,12.914471998151388,0.39919860972120175,24.817938976554302,60,304.8,10.370296255356557,81,3.8594632986947803
768,mora,packing_B,T10,largo,8,G4,8.904035730002535,0.5127628987690168,0.8286521406417539,False,508,449.89804319176807,12.914471998151388,0.39919860972120175,24.817938976554302,60,304.8,10.370296255356557,82,3.9365438936202346
768,mora,packing_B,T10,largo,8,G4,8.904035730002535,0.5127628987690168,0.8286521406417539,False,508,449.89804319176807,12.914471998151388,0.39919860972120175,24.817938976554302,60,304.8,10.370296255356557,83,3.469293743831099
768,mora,packing_B,T10,largo,8,G4,8.904035730002535,0.5127628987690168,0.8286521406417539,False,508,449.89804319176807,12.914471998151388,0.39919860972120175,24.817938976554302,60,304.8,10.370296255356557,84,3.171059984217734
768,mora,packing_B,T10,largo,8,G4,8.904035730002535,0.5127628987690168,0.8286521406417539,False,508,449.89804319176807,12.914471998151388,0.39919860972120175,24.817938976554302,60,304.8,10.370296255356557,85,3.1305169961500763
768,mora,packing_B,T10,largo,8,G4,8.904035730002535,0.5127628987690168,0.8286521406417539,False,508,449.89804319176807,12.914471998151388,0.39919860972120175,24.817938976554302,60,304.8,10.370296255356557,86,2.886075069755154
768,mora,packing_B,T10,largo,8,G4,8.904035730002535,0.5127628987690168,0.8286521406417539,False,508,449.89804319176807,12.914471998151388,0.39919860972120175,24.817938976554302,60,304.8,10.370296255356557,87,2.5087624542364315
768,mora,packing_B,T10,largo,8,G4,8.904035730002535,0.5127628987690168,0.8286521406417539,False,508,449.89804319176807,12.914471998151388,0.39919860972120175,24.817938976554302,60,304.8,10.370296255356557,88,2.3190188065137316
768,mora,packing_B,T10,largo,8,G4,8.904035730002535,0.5127628987690168,0.8286521406417539,False,508,449.89804319176807,12.914471998151388,0.39919860972120175,24.817938976554302,60,304.8,10.370296255356557,89,2.2699335895968966
768,mora,packing_B,T10,largo,8,G4,8.904035730002535,0.5127628987690168,0.8286521406417539,False,508,449.89804319176807,12.914471998151388,0.39919860972120175,24.817938976554302,60,304.8,10.370296255356557,90,2.0277953374401645
768,mora,packing_B,T10,largo,8,G4,8.904035730002535,0.5127628987690168,0.8286521406417539,False,508,449.89804319176807,12.914471998151388,0.39919860972120175,24.817938976554302,60,304.8,10.370296255356557,91,1.7882293044303421
768,mora,packing_B,T10,largo,8,G4,8.904035730002535,0.5127628987690168,0.8286521406417539,False,508,449.89804319176807,12.914471998151388,0.39919860972120175,24.817938976554302,60,304.8,10.370296255356557,92,1.663645520915751
768,mora,packing_B,T10,largo,8,G4,8.904035730002535,0.5127628987690168,0.8286521406417539,False,508,449.89804319176807,12.914471998151388,0.39919860972120175,24.817938976554302,60,304.8,10.370296255356557,93,1.3132490302210968
768,mora,packing_B,T10,largo,8,G4,8.904035730002535,0.5127628987690168,0.8286521406417539,False,508,449.89804319176807,12.914471998151388,0.39919860972120175,24.817938976554302,60,304.8,10.370296255356557,94,1.2479175510826963
768,mora,packing_B,T10,largo,8,G4,8.904035730002535,0.5127628987690168,0.8286521406417539,False,508,449.89804319176807,12.914471998151388,0.39919860972120175,24.817938976554302,60,304.8,10.370296255356557,95,0.793635490069525
768,mora,packing_B,T10,largo,8,G4,8.904035730002535,0.5127628987690168,0.8286521406417539,False,508,449.89804319176807,12.914471998151388,0.39919860972120175,24.817938976554302,60,304.8,10.370296255356557,96,0.7282416547182263
768,mora,packing_B,T10,largo,8,G4,8.904035730002535,0.5127628987690168,0.8286521406417539,False,508,449.89804319176807,12.914471998151388,0.39919860972120175,24.817938976554302,60,304.8,10.370296255356557,97,0.5409807669156463
768,mora,packing_B,T10,largo,8,G4,8.904035730002535,0.5127628987690168,0.8286521406417539,False,508,449.89804319176807,12.914471998151388,0.39919860972120175,24.817938976554302,60,304.8,10.370296255356557,98,0.4845303120003367
768,mora,packing_B,T10,largo,8,G4,8.904035730002535,0.5127628987690168,0.8286521406417539,False,508,449.89804319176807,12.914471998151388,0.39919860972120175,24.817938976554302,60,304.8,10.370296255356557,99,0.034344966775123956
768,mora,packing_B,T10,largo,8,G4,8.904035730002535,0.5127628987690168,0.8286521406417539,False,508,449.89804319176807,12.914471998151388,0.39919860972120175,24.817938976554302,60,304.8,10.370296255356557,100,-0.07201206567247649
768,mora,packing_B,T10,largo,8,G4,8.904035730002535,0.5127628987690168,0.8286521406417539,False,508,449.89804319176807,12.914471998151388,0.39919860972120175,24.817938976554302,60,304.8,10.370296255356557,101,-0.2667484960802182
768,mora,packing_B,T10,largo,8,G4,8.904035730002535,0.5127628987690168,0.8286521406417539,False,508,449.89804319176807,12.914471998151388,0.39919860972120175,24.817938976554302,60,304.8,10.370296255356557,102,-0.46281212165332297
768,mora,packing_B,T10,largo,8,G4,8.904035730002535,0.5127628987690168,0.8286521406417539,False,508,449.89804319176807,12.914471998151388,0.39919860972120175,24.817938976554302,60,304.8,10.370296255356557,103,-0.6155434555540574
768,mora,packing_B,T10,largo,8,G4,8.904035730002535,0.5127628987690168,0.8286521406417539,False,508,449.89804319176807,12.914471998151388,0.39919860972120175,24.817938976554302,60,304.8,10.370296255356557,104,-0.7584776399500558
768,mora,packing_B,T10,largo,8,G4,8.904035730002535,0.5127628987690168,0.8286521406417539,False,508,449.89804319176807,12.914471998151388,0.39919860972120175,24.817938976554302,60,304.8,10.370296255356557,105,-0.8814288234967366
768,mora,packing_B,T10,largo,8,G4,8.904035730002535,0.5127628987690168,0.8286521406417539,False,508,449.89804319176807,12.914471998151388,0.39919860972120175,24.817938976554302,60,304.8,10.370296255356557,106,-1.2745085480468399
768,mora,packing_B,T10,largo,8,G4,8.904035730002535,0.5127628987690168,0.8286521406417539,False,508,449.89804319176807,12.914471998151388,0.39919860972120175,24.817938976554302,60,304.8,10.370296255356557,107,-1.2076799380459355
768,mora,packing_B,T10,largo,8,G4,8.904035730002535,0.5127628987690168,0.8286521406417539,False,508,449.89804319176807,12.914471998151388,0.39919860972120175,24.817938976554302,60,304.8,10.370296255356557,108,-1.4966356003947636
768,mora,packing_B,T10,largo,8,G4,8.904035730002535,0.5127628987690168,0.8286521406417539,False,508,449.89804319176807,12.914471998151388,0.39919860972120175,24.817938976554302,60,304.8,10.370296255356557,109,-1.7780077066644449
768,mora,packing_B,T10,largo,8,G4,8.904035730002535,0.5127628987690168,0.8286521406417539,False,508,449.89804319176807,12.914471998151388,0.39919860972120175,24.817938976554302,60,304.8,10.370296255356557,110,-1.7349559690060081
768,mora,packing_B,T10,largo,8,G4,8.904035730002535,0.5127628987690168,0.8286521406417539,False,508,449.89804319176807,12.914471998151388,0.39919860972120175,24.817938976554302,60,304.8,10.370296255356557,111,-1.9802938851452996
768,mora,packing_B,T10,largo,8,G4,8.904035730002535,0.5127628987690168,0.8286521406417539,False,508,449.89804319176807,12.914471998151388,0.39919860972120175,24.817938976554302,60,304.8,10.370296255356557,112,-2.182323796241302
768,mora,packing_B,T10,largo,8,G4,8.904035730002535,0.5127628987690168,0.8286521406417539,False,508,449.89804319176807,12.914471998151388,0.39919860972120175,24.817938976554302,60,304.8,10.370296255356557,113,-2.4890395093063975
768,mora,packing_B,T10,largo,8,G4,8.904035730002535,0.5127628987690168,0.8286521406417539,False,508,449.89804319176807,12.914471998151388,0.39919860972120175,24.817938976554302,60,304.8,10.370296255356557,114,-2.3641073218465705
768,mora,packing_B,T10,largo,8,G4,8.904035730002535,0.5127628987690168,0.8286521406417539,False,508,449.89804319176807,12.914471998151388,0.39919860972120175,24.817938976554302,60,304.8,10.370296255356557,115,-2.5604708879957276
768,mora,packing_B,T10,largo,8,G4,8.904035730002535,0.5127628987690168,0.8286521406417539,False,508,449.89804319176807,12.914471998151388,0.39919860972120175,24.817938976554302,60,304.8,10.370296255356557,116,-2.6097517943111983
768,mora,packing_B,T10,largo,8,G4,8.904035730002535,0.5127628987690168,0.8286521406417539,False,508,449.89804319176807,12.914471998151388,0.39919860972120175,24.817938976554302,60,304.8,10.370296255356557,117,-2.850885522522513
768,mora,packing_B,T10,largo,8,G4,8.904035730002535,0.5127628987690168,0.8286521406417539,False,508,449.89804319176807,12.914471998151388,0.39919860972120175,24.817938976554302,60,304.8,10.370296255356557,118,-3.0018075161414846
768,mora,packing_B,T10,largo,8,G4,8.904035730002535,0.5127628987690168,0.8286521406417539,False,508,449.89804319176807,12.914471998151388,0.39919860972120175,24.817938976554302,60,304.8,10.370296255356557,119,-3.2542629647888766
768,mora,packing_B,T10,largo,8,G4,8.904035730002535,0.5127628987690168,0.8286521406417539,False,508,449.89804319176807,12.914471998151388,0.39919860972120175,24.817938976554302,60,304.8,10.370296255356557,120,-3.4432535838407734
768,mora,packing_B,T10,largo,8,G4,8.904035730002535,0.5127628987690168,0.8286521406417539,False,508,449.89804319176807,12.914471998151388,0.39919860972120175,24.817938976554302,60,304.8,10.370296255356557,121,-3.46960302720625
768,mora,packing_B,T10,largo,8,G4,8.904035730002535,0.5127628987690168,0.8286521406417539,False,508,449.89804319176807,12.914471998151388,0.39919860972120175,24.817938976554302,60,304.8,10.370296255356557,122,-3.7120059133149623
768,mora,packing_B,T10,largo,8,G4,8.904035730002535,0.5127628987690168,0.8286521406417539,False,508,449.89804319176807,12.914471998151388,0.39919860972120175,24.817938976554302,60,304.8,10.370296255356557,123,-3.7080669597953246
768,mora,packing_B,T10,largo,8,G4,8.904035730002535,0.5127628987690168,0.8286521406417539,False,508,449.89804319176807,12.914471998151388,0.39919860972120175,24.817938976554302,60,304.8,10.370296255356557,124,-3.835391480120267
768,mora,packing_B,T10,largo,8,G4,8.904035730002535,0.5127628987690168,0.8286521406417539,False,508,449.89804319176807,12.914471998151388,0.39919860972120175,24.817938976554302,60,304.8,10.370296255356557,125,-3.7668510550103185
768,mora,packing_B,T10,largo,8,G4,8.904035730002535,0.5127628987690168,0.8286521406417539,False,508,449.89804319176807,12.914471998151388,0.39919860972120175,24.817938976554302,60,304.8,10.370296255356557,126,-4.1211939326335925
768,mora,packing_B,T10,largo,8,G4,8.904035730002535,0.5127628987690168,0.8286521406417539,False,508,449.89804319176807,12.914471998151388,0.39919860972120175,24.817938976554302,60,304.8,10.370296255356557,127,-4.105116756826475
768,mora,packing_B,T10,largo,8,G4,8.904035730002535,0.5127628987690168,0.8286521406417539,False,508,449.89804319176807,12.914471998151388,0.39919860972120175,24.817938976554302,60,304.8,10.370296255356557,128,-4.388542028692529
768,mora,packing_B,T10,largo,8,G4,8.904035730002535,0.5127628987690168,0.8286521406417539,False,508,449.89804319176807,12.914471998151388,0.39919860972120175,24.817938976554302,60,304.8,10.370296255356557,129,-4.277964349099303
768,mora,packing_B,T10,largo,8,G4,8.904035730002535,0.5127628987690168,0.8286521406417539,False,508,449.89804319176807,12.914471998151388,0.39919860972120175,24.817938976554302,60,304.8,10.370296255356557,130,-4.54231413894735
768,mora,packing_B,T10,largo,8,G4,8.904035730002535,0.5127628987690168,0.8286521406417539,False,508,449.89804319176807,12.914471998151388,0.39919860972120175,24.817938976554302,60,304.8,10.370296255356557,131,-4.645606405973628
768,mora,packing_B,T10,largo,8,G4,8.904035730002535,0.5127628987690168,0.8286521406417539,False,508,449.89804319176807,12.914471998151388,0.39919860972120175,24.817938976554302,60,304.8,10.370296255356557,132,-4.626702923694868
768,mora,packing_B,T10,largo,8,G4,8.904035730002535,0.5127628987690168,0.8286521406417539,False,508,449.89804319176807,12.914471998151388,0.39919860972120175,24.817938976554302,60,304.8,10.370296255356557,133,-5.015170615477989
768,mora,packing_B,T10,largo,8,G4,8.904035730002535,0.5127628987690168,0.8286521406417539,False,508,449.89804319176807,12.914471998151388,0.39919860972120175,24.817938976554302,60,304.8,10.370296255356557,134,-4.834014241576054
768,mora,packing_B,T10,largo,8,G4,8.904035730002535,0.5127628987690168,0.8286521406417539,False,508,449.89804319176807,12.914471998151388,0.39919860972120175,24.817938976554302,60,304.8,10.370296255356557,135,-5.0054064348610146
768,mora,packing_B,T10,largo,8,G4,8.904035730002535,0.5127628987690168,0.8286521406417539,False,508,449.89804319176807,12.914471998151388,0.39919860972120175,24.817938976554302,60,304.8,10.370296255356557,136,-5.149539098333747
768,mora,packing_B,T10,largo,8,G4,8.904035730002535,0.5127628987690168,0.8286521406417539,False,508,449.89804319176807,12.914471998151388,0.39919860972120175,24.817938976554302,60,304.8,10.370296255356557,137,-5.131346855531982
768,mora,packing_B,T10,largo,8,G4,8.904035730002535,0.5127628987690168,0.8286521406417539,False,508,449.89804319176807,12.914471998151388,0.39919860972120175,24.817938976554302,60,304.8,10.370296255356557,138,-5.3899197141793485
768,mora,packing_B,T10,largo,8,G4,8.904035730002535,0.5127628987690168,0.8286521406417539,False,508,449.89804319176807,12.914471998151388,0.39919860972120175,24.817938976554302,60,304.8,10.370296255356557,139,-5.3198102331435715
768,mora,packing_B,T10,largo,8,G4,8.904035730002535,0.5127628987690168,0.8286521406417539,False,508,449.89804319176807,12.914471998151388,0.39919860972120175,24.817938976554302,60,304.8,10.370296255356557,140,-5.422835422959636
768,mora,packing_B,T10,largo,8,G4,8.904035730002535,0.5127628987690168,0.8286521406417539,False,508,449.89804319176807,12.914471998151388,0.39919860972120175,24.817938976554302,60,304.8,10.370296255356557,141,-5.528081329493607
768,mora,packing_B,T10,largo,8,G4,8.904035730002535,0.5127628987690168,0.8286521406417539,False,508,449.89804319176807,12.914471998151388,0.39919860972120175,24.817938976554302,60,304.8,10.370296255356557,142,-5.535399356569207
768,mora,packing_B,T10,largo,8,G4,8.904035730002535,0.5127628987690168,0.8286521406417539,False,508,449.89804319176807,12.914471998151388,0.39919860972120175,24.817938976554302,60,304.8,10.370296255356557,143,-5.697883164234197
768,mora,packing_B,T10,largo,8,G4,8.904035730002535,0.5127628987690168,0.8286521406417539,False,508,449.89804319176807,12.914471998151388,0.39919860972120175,24.817938976554302,60,304.8,10.370296255356557,144,-5.8585511162101875
768,mora,packing_B,T10,largo,8,G4,8.904035730002535,0.5127628987690168,0.8286521406417539,False,508,449.89804319176807,12.914471998151388,0.39919860972120175,24.817938976554302,60,304.8,10.370296255356557,145,-5.871930477606765
768,mora,packing_B,T10,largo,8,G4,8.904035730002535,0.5127628987690168,0.8286521406417539,False,508,449.89804319176807,12.914471998151388,0.39919860972120175,24.817938976554302,60,304.8,10.370296255356557,146,-5.907880215851801
768,mora,packing_B,T10,largo,8,G4,8.904035730002535,0.5127628987690168,0.8286521406417539,False,508,449.89804319176807,12.914471998151388,0.39919860972120175,24.817938976554302,60,304.8,10.370296255356557,147,-5.863777542451438
768,mora,packing_B,T10,largo,8,G4,8.904035730002535,0.5127628987690168,0.8286521406417539,False,508,449.89804319176807,12.914471998151388,0.39919860972120175,24.817938976554302,60,304.8,10.370296255356557,148,-5.961438890992729
768,mora,packing_B,T10,largo,8,G4,8.904035730002535,0.5127628987690168,0.8286521406417539,False,508,449.89804319176807,12.914471998151388,0.39919860972120175,24.817938976554302,60,304.8,10.370296255356557,149,-6.070639592787967
768,mora,packing_B,T10,largo,8,G4,8.904035730002535,0.5127628987690168,0.8286521406417539,False,508,449.89804319176807,12.914471998151388,0.39919860972120175,24.817938976554302,60,304.8,10.370296255356557,150,-6.044019647038878
768,mora,packing_B,T10,largo,8,G4,8.904035730002535,0.5127628987690168,0.8286521406417539,False,508,449.89804319176807,12.914471998151388,0.39919860972120175,24.817938976554302,60,304.8,10.370296255356557,151,-6.071338520200762
768,mora,packing_B,T10,largo,8,G4,8.904035730002535,0.5127628987690168,0.8286521406417539,False,508,449.89804319176807,12.914471998151388,0.39919860972120175,24.817938976554302,60,304.8,10.370296255356557,152,-6.369408549457241
768,mora,packing_B,T10,largo,8,G4,8.904035730002535,0.5127628987690168,0.8286521406417539,False,508,449.89804319176807,12.914471998151388,0.39919860972120175,24.817938976554302,60,304.8,10.370296255356557,153,-6.3460048648403244
768,mora,packing_B,T10,largo,8,G4,8.904035730002535,0.5127628987690168,0.8286521406417539,False,508,449.89804319176807,12.914471998151388,0.39919860972120175,24.817938976554302,60,304.8,10.370296255356557,154,-6.4334553248642905
768,mora,packing_B,T10,largo,8,G4,8.904035730002535,0.5127628987690168,0.8286521406417539,False,508,449.89804319176807,12.914471998151388,0.39919860972120175,24.817938976554302,60,304.8,10.370296255356557,155,-6.445749737304872
768,mora,packing_B,T10,largo,8,G4,8.904035730002535,0.5127628987690168,0.8286521406417539,False,508,449.89804319176807,12.914471998151388,0.39919860972120175,24.817938976554302,60,304.8,10.370296255356557,156,-6.578419577908887
768,mora,packing_B,T10,largo,8,G4,8.904035730002535,0.5127628987690168,0.8286521406417539,False,508,449.89804319176807,12.914471998151388,0.39919860972120175,24.817938976554302,60,304.8,10.370296255356557,157,-6.34420846835028
768,mora,packing_B,T10,largo,8,G4,8.904035730002535,0.5127628987690168,0.8286521406417539,False,508,449.89804319176807,12.914471998151388,0.39919860972120175,24.817938976554302,60,304.8,10.370296255356557,158,-6.513654312713795
768,mora,packing_B,T10,largo,8,G4,8.904035730002535,0.5127628987690168,0.8286521406417539,False,508,449.89804319176807,12.914471998151388,0.39919860972120175,24.817938976554302,60,304.8,10.370296255356557,159,-6.579617427897911
768,mora,packing_B,T10,largo,8,G4,8.904035730002535,0.5127628987690168,0.8286521406417539,False,508,449.89804319176807,12.914471998151388,0.39919860972120175,24.817938976554302,60,304.8,10.370296255356557,160,-6.461323618526352
768,mora,packing_B,T10,largo,8,G4,8.904035730002535,0.5127628987690168,0.8286521406417539,False,508,449.89804319176807,12.914471998151388,0.39919860972120175,24.817938976554302,60,304.8,10.370296255356557,161,-6.509619393978869
768,mora,packing_B,T10,largo,8,G4,8.904035730002535,0.5127628987690168,0.8286521406417539,False,508,449.89804319176807,12.914471998151388,0.39919860972120175,24.817938976554302,60,304.8,10.370296255356557,162,-6.532055419229549
768,mora,packing_B,T10,largo,8,G4,8.904035730002535,0.5127628987690168,0.8286521406417539,False,508,449.89804319176807,12.914471998151388,0.39919860972120175,24.817938976554302,60,304.8,10.370296255356557,163,-6.679423591640272
768,mora,packing_B,T10,largo,8,G4,8.904035730002535,0.5127628987690168,0.8286521406417539,False,508,449.89804319176807,12.914471998151388,0.39919860972120175,24.817938976554302,60,304.8,10.370296255356557,164,-6.722710456615466
768,mora,packing_B,T10,largo,8,G4,8.904035730002535,0.5127628987690168,0.8286521406417539,False,508,449.89804319176807,12.914471998151388,0.39919860972120175,24.817938976554302,60,304.8,10.370296255356557,165,-6.680929938775131
768,mora,packing_B,T10,largo,8,G4,8.904035730002535,0.5127628987690168,0.8286521406417539,False,508,449.89804319176807,12.914471998151388,0.39919860972120175,24.817938976554302,60,304.8,10.370296255356557,166,-6.573831252118679
768,mora,packing_B,T10,largo,8,G4,8.904035730002535,0.5127628987690168,0.8286521406417539,False,508,449.89804319176807,12.914471998151388,0.39919860972120175,24.817938976554302,60,304.8,10.370296255356557,167,-6.6315662900169965
768,mora,packing_B,T10,largo,8,G4,8.904035730002535,0.5127628987690168,0.8286521406417539,False,508,449.89804319176807,12.914471998151388,0.39919860972120175,24.817938976554302,60,304.8,10.370296255356557,168,-6.528382730592819
768,mora,packing_B,T10,largo,8,G4,8.904035730002535,0.5127628987690168,0.8286521406417539,False,508,449.89804319176807,12.914471998151388,0.39919860972120175,24.817938976554302,60,304.8,10.370296255356557,169,-6.771298063921007
768,mora,packing_B,T10,largo,8,G4,8.904035730002535,0.5127628987690168,0.8286521406417539,False,508,449.89804319176807,12.914471998151388,0.39919860972120175,24.817938976554302,60,304.8,10.370296255356557,170,-6.740908895854965
768,mora,packing_B,T10,largo,8,G4,8.904035730002535,0.5127628987690168,0.8286521406417539,False,508,449.89804319176807,12.914471998151388,0.39919860972120175,24.817938976554302,60,304.8,10.370296255356557,171,-6.6780856401805675
768,mora,packing_B,T10,largo,8,G4,8.904035730002535,0.5127628987690168,0.8286521406417539,False,508,449.89804319176807,12.914471998151388,0.39919860972120175,24.817938976554302,60,304.8,10.370296255356557,172,-6.84112036203501
768,mora,packing_B,T10,largo,8,G4,8.904035730002535,0.5127628987690168,0.8286521406417539,False,508,449.89804319176807,12.914471998151388,0.39919860972120175,24.817938976554302,60,304.8,10.370296255356557,173,-6.647371988319678
768,mora,packing_B,T10,largo,8,G4,8.904035730002535,0.5127628987690168,0.8286521406417539,False,508,449.89804319176807,12.914471998151388,0.39919860972120175,24.817938976554302,60,304.8,10.370296255356557,174,-7.007626786165061
768,mora,packing_B,T10,largo,8,G4,8.904035730002535,0.5127628987690168,0.8286521406417539,False,508,449.89804319176807,12.914471998151388,0.39919860972120175,24.817938976554302,60,304.8,10.370296255356557,175,-6.65949384280698
768,mora,packing_B,T10,largo,8,G4,8.904035730002535,0.5127628987690168,0.8286521406417539,False,508,449.89804319176807,12.914471998151388,0.39919860972120175,24.817938976554302,60,304.8,10.370296255356557,176,-6.913176063512763
768,mora,packing_B,T10,largo,8,G4,8.904035730002535,0.5127628987690168,0.8286521406417539,False,508,449.89804319176807,12.914471998151388,0.39919860972120175,24.817938976554302,60,304.8,10.370296255356557,177,-6.805143471424708
768,mora,packing_B,T10,largo,8,G4,8.904035730002535,0.5127628987690168,0.8286521406417539,False,508,449.89804319176807,12.914471998151388,0.39919860972120175,24.817938976554302,60,304.8,10.370296255356557,178,-6.619222190870058
768,mora,packing_B,T10,largo,8,G4,8.904035730002535,0.5127628987690168,0.8286521406417539,False,508,449.89804319176807,12.914471998151388,0.39919860972120175,24.817938976554302,60,304.8,10.370296255356557,179,-6.9863215284983795
768,mora,packing_B,T10,largo,8,G4,8.904035730002535,0.5127628987690168,0.8286521406417539,False,508,449.89804319176807,12.914471998151388,0.39919860972120175,24.817938976554302,60,304.8,10.370296255356557,180,-6.821948754763513
768,mora,packing_B,T10,largo,8,G4,8.904035730002535,0.5127628987690168,0.8286521406417539,False,508,449.89804319176807,12.914471998151388,0.39919860972120175,24.817938976554302,60,304.8,10.370296255356557,181,-6.717097613015665
768,mora,packing_B,T10,largo,8,G4,8.904035730002535,0.5127628987690168,0.8286521406417539,False,508,449.89804319176807,12.914471998151388,0.39919860972120175,24.817938976554302,60,304.8,10.370296255356557,182,-6.771983824595428
768,mora,packing_B,T10,largo,8,G4,8.904035730002535,0.5127628987690168,0.8286521406417539,False,508,449.89804319176807,12.914471998151388,0.39919860972120175,24.817938976554302,60,304.8,10.370296255356557,183,-6.523195479516772
768,mora,packing_B,T10,largo,8,G4,8.904035730002535,0.5127628987690168,0.8286521406417539,False,508,449.89804319176807,12.914471998151388,0.39919860972120175,24.817938976554302,60,304.8,10.370296255356557,184,-6.745940767876901
768,mora,packing_B,T10,largo,8,G4,8.904035730002535,0.5127628987690168,0.8286521406417539,False,508,449.89804319176807,12.914471998151388,0.39919860972120175,24.817938976554302,60,304.8,10.370296255356557,185,-6.633040358096478
768,mora,packing_B,T10,largo,8,G4,8.904035730002535,0.5127628987690168,0.8286521406417539,False,508,449.89804319176807,12.914471998151388,0.39919860972120175,24.817938976554302,60,304.8,10.370296255356557,186,-6.651001681287632
768,mora,packing_B,T10,largo,8,G4,8.904035730002535,0.5127628987690168,0.8286521406417539,False,508,449.89804319176807,12.914471998151388,0.39919860972120175,24.817938976554302,60,304.8,10.370296255356557,187,-6.471490118335761
768,mora,packing_B,T10,largo,8,G4,8.904035730002535,0.5127628987690168,0.8286521406417539,False,508,449.89804319176807,12.914471998151388,0.39919860972120175,24.817938976554302,60,304.8,10.370296255356557,188,-6.530880230633672
768,mora,packing_B,T10,largo,8,G4,8.904035730002535,0.5127628987690168,0.8286521406417539,False,508,449.89804319176807,12.914471998151388,0.39919860972120175,24.817938976554302,60,304.8,10.370296255356557,189,-6.699284540172507
768,mora,packing_B,T10,largo,8,G4,8.904035730002535,0.5127628987690168,0.8286521406417539,False,508,449.89804319176807,12.914471998151388,0.39919860972120175,24.817938976554302,60,304.8,10.370296255356557,190,-6.710102355594354
768,mora,packing_B,T10,largo,8,G4,8.904035730002535,0.5127628987690168,0.8286521406417539,False,508,449.89804319176807,12.914471998151388,0.39919860972120175,24.817938976554302,60,304.8,10.370296255356557,191,-6.762686747712901
768,mora,packing_B,T10,largo,8,G4,8.904035730002535,0.5127628987690168,0.8286521406417539,False,508,449.89804319176807,12.914471998151388,0.39919860972120175,24.817938976554302,60,304.8,10.370296255356557,192,-6.387324811675581
768,mora,packing_B,T10,largo,8,G4,8.904035730002535,0.5127628987690168,0.8286521406417539,False,508,449.89804319176807,12.914471998151388,0.39919860972120175,24.817938976554302,60,304.8,10.370296255356557,193,-6.393367443899697
768,mora,packing_B,T10,largo,8,G4,8.904035730002535,0.5127628987690168,0.8286521406417539,False,508,449.89804319176807,12.914471998151388,0.39919860972120175,24.817938976554302,60,304.8,10.370296255356557,194,-6.415098265774455
768,mora,packing_B,T10,largo,8,G4,8.904035730002535,0.5127628987690168,0.8286521406417539,False,508,449.89804319176807,12.914471998151388,0.39919860972120175,24.817938976554302,60,304.8,10.370296255356557,195,-6.392924490583275
768,mora,packing_B,T10,largo,8,G4,8.904035730002535,0.5127628987690168,0.8286521406417539,False,508,449.89804319176807,12.914471998151388,0.39919860972120175,24.817938976554302,60,304.8,10.370296255356557,196,-6.406377362325906
768,mora,packing_B,T10,largo,8,G4,8.904035730002535,0.5127628987690168,0.8286521406417539,False,508,449.89804319176807,12.914471998151388,0.39919860972120175,24.817938976554302,60,304.8,10.370296255356557,197,-6.306988427546064
768,mora,packing_B,T10,largo,8,G4,8.904035730002535,0.5127628987690168,0.8286521406417539,False,508,449.89804319176807,12.914471998151388,0.39919860972120175,24.817938976554302,60,304.8,10.370296255356557,198,-6.2750481379778495
768,mora,packing_B,T10,largo,8,G4,8.904035730002535,0.5127628987690168,0.8286521406417539,False,508,449.89804319176807,12.914471998151388,0.39919860972120175,24.817938976554302,60,304.8,10.370296255356557,199,-6.202062150494743
768,mora,packing_B,T10,largo,8,G4,8.904035730002535,0.5127628987690168,0.8286521406417539,False,508,449.89804319176807,12.914471998151388,0.39919860972120175,24.817938976554302,60,304.8,10.370296255356557,200,-6.186590760267296
768,mora,packing_B,T10,largo,8,G4,8.904035730002535,0.5127628987690168,0.8286521406417539,False,508,449.89804319176807,12.914471998151388,0.39919860972120175,24.817938976554302,60,304.8,10.370296255356557,201,-6.024504831683986
768,mora,packing_B,T10,largo,8,G4,8.904035730002535,0.5127628987690168,0.8286521406417539,False,508,449.89804319176807,12.914471998151388,0.39919860972120175,24.817938976554302,60,304.8,10.370296255356557,202,-6.014647674306079
768,mora,packing_B,T10,largo,8,G4,8.904035730002535,0.5127628987690168,0.8286521406417539,False,508,449.89804319176807,12.914471998151388,0.39919860972120175,24.817938976554302,60,304.8,10.370296255356557,203,-5.964247519881943
768,mora,packing_B,T10,largo,8,G4,8.904035730002535,0.5127628987690168,0.8286521406417539,False,508,449.89804319176807,12.914471998151388,0.39919860972120175,24.817938976554302,60,304.8,10.370296255356557,204,-6.000212779013924
768,mora,packing_B,T10,largo,8,G4,8.904035730002535,0.5127628987690168,0.8286521406417539,False,508,449.89804319176807,12.914471998151388,0.39919860972120175,24.817938976554302,60,304.8,10.370296255356557,205,-6.123669977947741
768,mora,packing_B,T10,largo,8,G4,8.904035730002535,0.5127628987690168,0.8286521406417539,False,508,449.89804319176807,12.914471998151388,0.39919860972120175,24.817938976554302,60,304.8,10.370296255356557,206,-5.855999796462293
768,mora,packing_B,T10,largo,8,G4,8.904035730002535,0.5127628987690168,0.8286521406417539,False,508,449.89804319176807,12.914471998151388,0.39919860972120175,24.817938976554302,60,304.8,10.370296255356557,207,-5.831041312522543
768,mora,packing_B,T10,largo,8,G4,8.904035730002535,0.5127628987690168,0.8286521406417539,False,508,449.89804319176807,12.914471998151388,0.39919860972120175,24.817938976554302,60,304.8,10.370296255356557,208,-5.913488274712324
768,mora,packing_B,T10,largo,8,G4,8.904035730002535,0.5127628987690168,0.8286521406417539,False,508,449.89804319176807,12.914471998151388,0.39919860972120175,24.817938976554302,60,304.8,10.370296255356557,209,-5.825395431605004
768,mora,packing_B,T10,largo,8,G4,8.904035730002535,0.5127628987690168,0.8286521406417539,False,508,449.89804319176807,12.914471998151388,0.39919860972120175,24.817938976554302,60,304.8,10.370296255356557,210,-5.6769908611544855
768,mora,packing_B,T10,largo,8,G4,8.904035730002535,0.5127628987690168,0.8286521406417539,False,508,449.89804319176807,12.914471998151388,0.39919860972120175,24.817938976554302,60,304.8,10.370296255356557,211,-5.7551501221899395
768,mora,packing_B,T10,largo,8,G4,8.904035730002535,0.5127628987690168,0.8286521406417539,False,508,449.89804319176807,12.914471998151388,0.39919860972120175,24.817938976554302,60,304.8,10.370296255356557,212,-5.610887383068065
768,mora,packing_B,T10,largo,8,G4,8.904035730002535,0.5127628987690168,0.8286521406417539,False,508,449.89804319176807,12.914471998151388,0.39919860972120175,24.817938976554302,60,304.8,10.370296255356557,213,-5.686880099301944
768,mora,packing_B,T10,largo,8,G4,8.904035730002535,0.5127628987690168,0.8286521406417539,False,508,449.89804319176807,12.914471998151388,0.39919860972120175,24.817938976554302,60,304.8,10.370296255356557,214,-5.615519130619417
768,mora,packing_B,T10,largo,8,G4,8.904035730002535,0.5127628987690168,0.8286521406417539,False,508,449.89804319176807,12.914471998151388,0.39919860972120175,24.817938976554302,60,304.8,10.370296255356557,215,-5.478137999762248
768,mora,packing_B,T10,largo,8,G4,8.904035730002535,0.5127628987690168,0.8286521406417539,False,508,449.89804319176807,12.914471998151388,0.39919860972120175,24.817938976554302,60,304.8,10.370296255356557,216,-5.607119922697226
768,mora,packing_B,T10,largo,8,G4,8.904035730002535,0.5127628987690168,0.8286521406417539,False,508,449.89804319176807,12.914471998151388,0.39919860972120175,24.817938976554302,60,304.8,10.370296255356557,217,-5.401130417370954
768,mora,packing_B,T10,largo,8,G4,8.904035730002535,0.5127628987690168,0.8286521406417539,False,508,449.89804319176807,12.914471998151388,0.39919860972120175,24.817938976554302,60,304.8,10.370296255356557,218,-5.18418675265784
768,mora,packing_B,T10,largo,8,G4,8.904035730002535,0.5127628987690168,0.8286521406417539,False,508,449.89804319176807,12.914471998151388,0.39919860972120175,24.817938976554302,60,304.8,10.370296255356557,219,-5.323583012558778
768,mora,packing_B,T10,largo,8,G4,8.904035730002535,0.5127628987690168,0.8286521406417539,False,508,449.89804319176807,12.914471998151388,0.39919860972120175,24.817938976554302,60,304.8,10.370296255356557,220,-5.144576791485412
768,mora,packing_B,T10,largo,8,G4,8.904035730002535,0.5127628987690168,0.8286521406417539,False,508,449.89804319176807,12.914471998151388,0.39919860972120175,24.817938976554302,60,304.8,10.370296255356557,221,-5.133697101852485
768,mora,packing_B,T10,largo,8,G4,8.904035730002535,0.5127628987690168,0.8286521406417539,False,508,449.89804319176807,12.914471998151388,0.39919860972120175,24.817938976554302,60,304.8,10.370296255356557,222,-5.170239909632082
768,mora,packing_B,T10,largo,8,G4,8.904035730002535,0.5127628987690168,0.8286521406417539,False,508,449.89804319176807,12.914471998151388,0.39919860972120175,24.817938976554302,60,304.8,10.370296255356557,223,-5.0099527783992
768,mora,packing_B,T10,largo,8,G4,8.904035730002535,0.5127628987690168,0.8286521406417539,False,508,449.89804319176807,12.914471998151388,0.39919860972120175,24.817938976554302,60,304.8,10.370296255356557,224,-4.964239410972029
768,mora,packing_B,T10,largo,8,G4,8.904035730002535,0.5127628987690168,0.8286521406417539,False,508,449.89804319176807,12.914471998151388,0.39919860972120175,24.817938976554302,60,304.8,10.370296255356557,225,-4.754156514166584
768,mora,packing_B,T10,largo,8,G4,8.904035730002535,0.5127628987690168,0.8286521406417539,False,508,449.89804319176807,12.914471998151388,0.39919860972120175,24.817938976554302,60,304.8,10.370296255356557,226,-4.768261822904695
768,mora,packing_B,T10,largo,8,G4,8.904035730002535,0.5127628987690168,0.8286521406417539,False,508,449.89804319176807,12.914471998151388,0.39919860972120175,24.817938976554302,60,304.8,10.370296255356557,227,-4.780401404194212
768,mora,packing_B,T10,largo,8,G4,8.904035730002535,0.5127628987690168,0.8286521406417539,False,508,449.89804319176807,12.914471998151388,0.39919860972120175,24.817938976554302,60,304.8,10.370296255356557,228,-4.500267279917865
768,mora,packing_B,T10,largo,8,G4,8.904035730002535,0.5127628987690168,0.8286521406417539,False,508,449.89804319176807,12.914471998151388,0.39919860972120175,24.817938976554302,60,304.8,10.370296255356557,229,-4.48879973610155
768,mora,packing_B,T10,largo,8,G4,8.904035730002535,0.5127628987690168,0.8286521406417539,False,508,449.89804319176807,12.914471998151388,0.39919860972120175,24.817938976554302,60,304.8,10.370296255356557,230,-4.536920482569332
768,mora,packing_B,T10,largo,8,G4,8.904035730002535,0.5127628987690168,0.8286521406417539,False,508,449.89804319176807,12.914471998151388,0.39919860972120175,24.817938976554302,60,304.8,10.370296255356557,231,-4.527689121346111
768,mora,packing_B,T10,largo,8,G4,8.904035730002535,0.5127628987690168,0.8286521406417539,False,508,449.89804319176807,12.914471998151388,0.39919860972120175,24.817938976554302,60,304.8,10.370296255356557,232,-4.451480198181674
768,mora,packing_B,T10,largo,8,G4,8.904035730002535,0.5127628987690168,0.8286521406417539,False,508,449.89804319176807,12.914471998151388,0.39919860972120175,24.817938976554302,60,304.8,10.370296255356557,233,-4.370621447649469
768,mora,packing_B,T10,largo,8,G4,8.904035730002535,0.5127628987690168,0.8286521406417539,False,508,449.89804319176807,12.914471998151388,0.39919860972120175,24.817938976554302,60,304.8,10.370296255356557,234,-4.407903613039822
768,mora,packing_B,T10,largo,8,G4,8.904035730002535,0.5127628987690168,0.8286521406417539,False,508,449.89804319176807,12.914471998151388,0.39919860972120175,24.817938976554302,60,304.8,10.370296255356557,235,-4.1227673675679215
768,mora,packing_B,T10,largo,8,G4,8.904035730002535,0.5127628987690168,0.8286521406417539,False,508,449.89804319176807,12.914471998151388,0.39919860972120175,24.817938976554302,60,304.8,10.370296255356557,236,-4.277112722737525
768,mora,packing_B,T10,largo,8,G4,8.904035730002535,0.5127628987690168,0.8286521406417539,False,508,449.89804319176807,12.914471998151388,0.39919860972120175,24.817938976554302,60,304.8,10.370296255356557,237,-3.918195214178315
768,mora,packing_B,T10,largo,8,G4,8.904035730002535,0.5127628987690168,0.8286521406417539,False,508,449.89804319176807,12.914471998151388,0.39919860972120175,24.817938976554302,60,304.8,10.370296255356557,238,-4.008665229981046
768,mora,packing_B,T10,largo,8,G4,8.904035730002535,0.5127628987690168,0.8286521406417539,False,508,449.89804319176807,12.914471998151388,0.39919860972120175,24.817938976554302,60,304.8,10.370296255356557,239,-3.801905097023201
768,mora,packing_B,T10,largo,8,G4,8.904035730002535,0.5127628987690168,0.8286521406417539,False,508,449.89804319176807,12.914471998151388,0.39919860972120175,24.817938976554302,60,304.8,10.370296255356557,240,-3.8090370666327495
768,mora,packing_B,T10,largo,8,G4,8.904035730002535,0.5127628987690168,0.8286521406417539,False,508,449.89804319176807,12.914471998151388,0.39919860972120175,24.817938976554302,60,304.8,10.370296255356557,241,-3.7050969290427154
768,mora,packing_B,T10,largo,8,G4,8.904035730002535,0.5127628987690168,0.8286521406417539,False,508,449.89804319176807,12.914471998151388,0.39919860972120175,24.817938976554302,60,304.8,10.370296255356557,242,-3.7459843442274003
768,mora,packing_B,T10,largo,8,G4,8.904035730002535,0.5127628987690168,0.8286521406417539,False,508,449.89804319176807,12.914471998151388,0.39919860972120175,24.817938976554302,60,304.8,10.370296255356557,243,-3.560519102487692
768,mora,packing_B,T10,largo,8,G4,8.904035730002535,0.5127628987690168,0.8286521406417539,False,508,449.89804319176807,12.914471998151388,0.39919860972120175,24.817938976554302,60,304.8,10.370296255356557,244,-3.73057691954446
768,mora,packing_B,T10,largo,8,G4,8.904035730002535,0.5127628987690168,0.8286521406417539,False,508,449.89804319176807,12.914471998151388,0.39919860972120175,24.817938976554302,60,304.8,10.370296255356557,245,-3.4198553045950835
768,mora,packing_B,T10,largo,8,G4,8.904035730002535,0.5127628987690168,0.8286521406417539,False,508,449.89804319176807,12.914471998151388,0.39919860972120175,24.817938976554302,60,304.8,10.370296255356557,246,-3.4628039085344997
768,mora,packing_B,T10,largo,8,G4,8.904035730002535,0.5127628987690168,0.8286521406417539,False,508,449.89804319176807,12.914471998151388,0.39919860972120175,24.817938976554302,60,304.8,10.370296255356557,247,-3.357348031953097
768,mora,packing_B,T10,largo,8,G4,8.904035730002535,0.5127628987690168,0.8286521406417539,False,508,449.89804319176807,12.914471998151388,0.39919860972120175,24.817938976554302,60,304.8,10.370296255356557,248,-3.437547749071462
768,mora,packing_B,T10,largo,8,G4,8.904035730002535,0.5127628987690168,0.8286521406417539,False,508,449.89804319176807,12.914471998151388,0.39919860972120175,24.817938976554302,60,304.8,10.370296255356557,249,-3.0635726418330305
768,mora,packing_B,T10,largo,8,G4,8.904035730002535,0.5127628987690168,0.8286521406417539,False,508,449.89804319176807,12.914471998151388,0.39919860972120175,24.817938976554302,60,304.8,10.370296255356557,250,-3.158579819740617
768,mora,packing_B,T10,largo,8,G4,8.904035730002535,0.5127628987690168,0.8286521406417539,False,508,449.89804319176807,12.914471998151388,0.39919860972120175,24.817938976554302,60,304.8,10.370296255356557,251,-3.2413607296802804
768,mora,packing_B,T10,largo,8,G4,8.904035730002535,0.5127628987690168,0.8286521406417539,False,508,449.89804319176807,12.914471998151388,0.39919860972120175,24.817938976554302,60,304.8,10.370296255356557,252,-3.1286394018643797
768,mora,packing_B,T10,largo,8,G4,8.904035730002535,0.5127628987690168,0.8286521406417539,False,508,449.89804319176807,12.914471998151388,0.39919860972120175,24.817938976554302,60,304.8,10.370296255356557,253,-3.0095259540406394
768,mora,packing_B,T10,largo,8,G4,8.904035730002535,0.5127628987690168,0.8286521406417539,False,508,449.89804319176807,12.914471998151388,0.39919860972120175,24.817938976554302,60,304.8,10.370296255356557,254,-2.9313505508170965
768,mora,packing_B,T10,largo,8,G4,8.904035730002535,0.5127628987690168,0.8286521406417539,False,508,449.89804319176807,12.914471998151388,0.39919860972120175,24.817938976554302,60,304.8,10.370296255356557,255,-2.73920304023725
768,mora,packing_B,T10,largo,8,G4,8.904035730002535,0.5127628987690168,0.8286521406417539,False,508,449.89804319176807,12.914471998151388,0.39919860972120175,24.817938976554302,60,304.8,10.370296255356557,256,-2.8204522075626057
768,mora,packing_B,T10,largo,8,G4,8.904035730002535,0.5127628987690168,0.8286521406417539,False,508,449.89804319176807,12.914471998151388,0.39919860972120175,24.817938976554302,60,304.8,10.370296255356557,257,-2.6297851607738467
768,mora,packing_B,T10,largo,8,G4,8.904035730002535,0.5127628987690168,0.8286521406417539,False,508,449.89804319176807,12.914471998151388,0.39919860972120175,24.817938976554302,60,304.8,10.370296255356557,258,-2.644410336160268
768,mora,packing_B,T10,largo,8,G4,8.904035730002535,0.5127628987690168,0.8286521406417539,False,508,449.89804319176807,12.914471998151388,0.39919860972120175,24.817938976554302,60,304.8,10.370296255356557,259,-2.4665485774723956
768,mora,packing_B,T10,largo,8,G4,8.904035730002535,0.5127628987690168,0.8286521406417539,False,508,449.89804319176807,12.914471998151388,0.39919860972120175,24.817938976554302,60,304.8,10.370296255356557,260,-2.654965582107321
768,mora,packing_B,T10,largo,8,G4,8.904035730002535,0.5127628987690168,0.8286521406417539,False,508,449.89804319176807,12.914471998151388,0.39919860972120175,24.817938976554302,60,304.8,10.370296255356557,261,-2.3838287692143996
768,mora,packing_B,T10,largo,8,G4,8.904035730002535,0.5127628987690168,0.8286521406417539,False,508,449.89804319176807,12.914471998151388,0.39919860972120175,24.817938976554302,60,304.8,10.370296255356557,262,-2.5085780639663113
768,mora,packing_B,T10,largo,8,G4,8.904035730002535,0.5127628987690168,0.8286521406417539,False,508,449.89804319176807,12.914471998151388,0.39919860972120175,24.817938976554302,60,304.8,10.370296255356557,263,-2.2306528834537906
768,mora,packing_B,T10,largo,8,G4,8.904035730002535,0.5127628987690168,0.8286521406417539,False,508,449.89804319176807,12.914471998151388,0.39919860972120175,24.817938976554302,60,304.8,10.370296255356557,264,-2.0819349902204705
768,mora,packing_B,T10,largo,8,G4,8.904035730002535,0.5127628987690168,0.8286521406417539,False,508,449.89804319176807,12.914471998151388,0.39919860972120175,24.817938976554302,60,304.8,10.370296255356557,265,-1.9366702436046697
768,mora,packing_B,T10,largo,8,G4,8.904035730002535,0.5127628987690168,0.8286521406417539,False,508,449.89804319176807,12.914471998151388,0.39919860972120175,24.817938976554302,60,304.8,10.370296255356557,266,-2.050972983467927
768,mora,packing_B,T10,largo,8,G4,8.904035730002535,0.5127628987690168,0.8286521406417539,False,508,449.89804319176807,12.914471998151388,0.39919860972120175,24.817938976554302,60,304.8,10.370296255356557,267,-2.0326487091656387
768,mora,packing_B,T10,largo,8,G4,8.904035730002535,0.5127628987690168,0.8286521406417539,False,508,449.89804319176807,12.914471998151388,0.39919860972120175,24.817938976554302,60,304.8,10.370296255356557,268,-1.890599636645772
768,mora,packing_B,T10,largo,8,G4,8.904035730002535,0.5127628987690168,0.8286521406417539,False,508,449.89804319176807,12.914471998151388,0.39919860972120175,24.817938976554302,60,304.8,10.370296255356557,269,-1.6458886869249223
768,mora,packing_B,T10,largo,8,G4,8.904035730002535,0.5127628987690168,0.8286521406417539,False,508,449.89804319176807,12.914471998151388,0.39919860972120175,24.817938976554302,60,304.8,10.370296255356557,270,-1.7798698103311
768,mora,packing_B,T10,largo,8,G4,8.904035730002535,0.5127628987690168,0.8286521406417539,False,508,449.89804319176807,12.914471998151388,0.39919860972120175,24.817938976554302,60,304.8,10.370296255356557,271,-1.6456218063258823
768,mora,packing_B,T10,largo,8,G4,8.904035730002535,0.5127628987690168,0.8286521406417539,False,508,449.89804319176807,12.914471998151388,0.39919860972120175,24.817938976554302,60,304.8,10.370296255356557,272,-1.5046033509895924
768,mora,packing_B,T10,largo,8,G4,8.904035730002535,0.5127628987690168,0.8286521406417539,False,508,449.89804319176807,12.914471998151388,0.39919860972120175,24.817938976554302,60,304.8,10.370296255356557,273,-1.5302922895739306
768,mora,packing_B,T10,largo,8,G4,8.904035730002535,0.5127628987690168,0.8286521406417539,False,508,449.89804319176807,12.914471998151388,0.39919860972120175,24.817938976554302,60,304.8,10.370296255356557,274,-1.6937589884543307
768,mora,packing_B,T10,largo,8,G4,8.904035730002535,0.5127628987690168,0.8286521406417539,False,508,449.89804319176807,12.914471998151388,0.39919860972120175,24.817938976554302,60,304.8,10.370296255356557,275,-1.549684577496447
768,mora,packing_B,T10,largo,8,G4,8.904035730002535,0.5127628987690168,0.8286521406417539,False,508,449.89804319176807,12.914471998151388,0.39919860972120175,24.817938976554302,60,304.8,10.370296255356557,276,-1.4173059781407222
768,mora,packing_B,T10,largo,8,G4,8.904035730002535,0.5127628987690168,0.8286521406417539,False,508,449.89804319176807,12.914471998151388,0.39919860972120175,24.817938976554302,60,304.8,10.370296255356557,277,-1.1923217509114934
768,mora,packing_B,T10,largo,8,G4,8.904035730002535,0.5127628987690168,0.8286521406417539,False,508,449.89804319176807,12.914471998151388,0.39919860972120175,24.817938976554302,60,304.8,10.370296255356557,278,-1.0660102823835405
768,mora,packing_B,T10,largo,8,G4,8.904035730002535,0.5127628987690168,0.8286521406417539,False,508,449.89804319176807,12.914471998151388,0.39919860972120175,24.817938976554302,60,304.8,10.370296255356557,279,-1.3230943490379086
768,mora,packing_B,T10,largo,8,G4,8.904035730002535,0.5127628987690168,0.8286521406417539,False,508,449.89804319176807,12.914471998151388,0.39919860972120175,24.817938976554302,60,304.8,10.370296255356557,280,-1.1139286667747952
768,mora,packing_B,T10,largo,8,G4,8.904035730002535,0.5127628987690168,0.8286521406417539,False,508,449.89804319176807,12.914471998151388,0.39919860972120175,24.817938976554302,60,304.8,10.370296255356557,281,-1.0854783397190966
768,mora,packing_B,T10,largo,8,G4,8.904035730002535,0.5127628987690168,0.8286521406417539,False,508,449.89804319176807,12.914471998151388,0.39919860972120175,24.817938976554302,60,304.8,10.370296255356557,282,-0.9264358257649359
768,mora,packing_B,T10,largo,8,G4,8.904035730002535,0.5127628987690168,0.8286521406417539,False,508,449.89804319176807,12.914471998151388,0.39919860972120175,24.817938976554302,60,304.8,10.370296255356557,283,-0.9919542212739116
768,mora,packing_B,T10,largo,8,G4,8.904035730002535,0.5127628987690168,0.8286521406417539,False,508,449.89804319176807,12.914471998151388,0.39919860972120175,24.817938976554302,60,304.8,10.370296255356557,284,-0.8788982221454773
768,mora,packing_B,T10,largo,8,G4,8.904035730002535,0.5127628987690168,0.8286521406417539,False,508,449.89804319176807,12.914471998151388,0.39919860972120175,24.817938976554302,60,304.8,10.370296255356557,285,-0.7647167173751416
768,mora,packing_B,T10,largo,8,G4,8.904035730002535,0.5127628987690168,0.8286521406417539,False,508,449.89804319176807,12.914471998151388,0.39919860972120175,24.817938976554302,60,304.8,10.370296255356557,286,-0.4908000407230199
768,mora,packing_B,T10,largo,8,G4,8.904035730002535,0.5127628987690168,0.8286521406417539,False,508,449.89804319176807,12.914471998151388,0.39919860972120175,24.817938976554302,60,304.8,10.370296255356557,287,-0.6989340048012316
768,mora,packing_B,T10,largo,8,G4,8.904035730002535,0.5127628987690168,0.8286521406417539,False,508,449.89804319176807,12.914471998151388,0.39919860972120175,24.817938976554302,60,304.8,10.370296255356557,288,-0.6673479122304041
768,mora,packing_B,T10,largo,8,G4,8.904035730002535,0.5127628987690168,0.8286521406417539,False,508,449.89804319176807,12.914471998151388,0.39919860972120175,24.817938976554302,60,304.8,10.370296255356557,289,-0.6440444472719946
768,mora,packing_B,T10,largo,8,G4,8.904035730002535,0.5127628987690168,0.8286521406417539,False,508,449.89804319176807,12.914471998151388,0.39919860972120175,24.817938976554302,60,304.8,10.370296255356557,290,-0.4467952738616806
768,mora,packing_B,T10,largo,8,G4,8.904035730002535,0.5127628987690168,0.8286521406417539,False,508,449.89804319176807,12.914471998151388,0.39919860972120175,24.817938976554302,60,304.8,10.370296255356557,291,-0.49364561093418496
768,mora,packing_B,T10,largo,8,G4,8.904035730002535,0.5127628987690168,0.8286521406417539,False,508,449.89804319176807,12.914471998151388,0.39919860972120175,24.817938976554302,60,304.8,10.370296255356557,292,-0.21131891916952508
768,mora,packing_B,T10,largo,8,G4,8.904035730002535,0.5127628987690168,0.8286521406417539,False,508,449.89804319176807,12.914471998151388,0.39919860972120175,24.817938976554302,60,304.8,10.370296255356557,293,-0.38295089965642376
768,mora,packing_B,T10,largo,8,G4,8.904035730002535,0.5127628987690168,0.8286521406417539,False,508,449.89804319176807,12.914471998151388,0.39919860972120175,24.817938976554302,60,304.8,10.370296255356557,294,-0.28392192380282727
768,mora,packing_B,T10,largo,8,G4,8.904035730002535,0.5127628987690168,0.8286521406417539,False,508,449.89804319176807,12.914471998151388,0.39919860972120175,24.817938976554302,60,304.8,10.370296255356557,295,-0.35022142806501055
768,mora,packing_B,T10,largo,8,G4,8.904035730002535,0.5127628987690168,0.8286521406417539,False,508,449.89804319176807,12.914471998151388,0.39919860972120175,24.817938976554302,60,304.8,10.370296255356557,296,-0.23050474977794078
768,mora,packing_B,T10,largo,8,G4,8.904035730002535,0.5127628987690168,0.8286521406417539,False,508,449.89804319176807,12.914471998151388,0.39919860972120175,24.817938976554302,60,304.8,10.370296255356557,297,-0.07639062770327501
768,mora,packing_B,T10,largo,8,G4,8.904035730002535,0.5127628987690168,0.8286521406417539,False,508,449.89804319176807,12.914471998151388,0.39919860972120175,24.817938976554302,60,304.8,10.370296255356557,298,0.13863177548537015
768,mora,packing_B,T10,largo,8,G4,8.904035730002535,0.5127628987690168,0.8286521406417539,False,508,449.89804319176807,12.914471998151388,0.39919860972120175,24.817938976554302,60,304.8,10.370296255356557,299,0.13962806775892533
768,mora,packing_B,T10,largo,8,G4,8.904035730002535,0.5127628987690168,0.8286521406417539,False,508,449.89804319176807,12.914471998151388,0.39919860972120175,24.817938976554302,60,304.8,10.370296255356557,300,0.03724675073086166
768,mora,packing_B,T10,largo,8,G4,8.904035730002535,0.5127628987690168,0.8286521406417539,False,508,449.89804319176807,12.914471998151388,0.39919860972120175,24.817938976554302,60,304.8,10.370296255356557,301,0.05441387126322704
768,mora,packing_B,T10,largo,8,G4,8.904035730002535,0.5127628987690168,0.8286521406417539,False,508,449.89804319176807,12.914471998151388,0.39919860972120175,24.817938976554302,60,304.8,10.370296255356557,302,0.12025294046462182
768,mora,packing_B,T10,largo,8,G4,8.904035730002535,0.5127628987690168,0.8286521406417539,False,508,449.89804319176807,12.914471998151388,0.39919860972120175,24.817938976554302,60,304.8,10.370296255356557,303,0.289622467503465
768,mora,packing_B,T10,largo,8,G4,8.904035730002535,0.5127628987690168,0.8286521406417539,False,508,449.89804319176807,12.914471998151388,0.39919860972120175,24.817938976554302,60,304.8,10.370296255356557,304,0.2477715116602462
768,mora,packing_B,T10,largo,8,G4,8.904035730002535,0.5127628987690168,0.8286521406417539,False,508,449.89804319176807,12.914471998151388,0.39919860972120175,24.817938976554302,60,304.8,10.370296255356557,305,0.7544089561259574
768,mora,packing_B,T10,largo,8,G4,8.904035730002535,0.5127628987690168,0.8286521406417539,False,508,449.89804319176807,12.914471998151388,0.39919860972120175,24.817938976554302,60,304.8,10.370296255356557,306,0.863034911505786
768,mora,packing_B,T10,largo,8,G4,8.904035730002535,0.5127628987690168,0.8286521406417539,False,508,449.89804319176807,12.914471998151388,0.39919860972120175,24.817938976554302,60,304.8,10.370296255356557,307,0.7890447695868995
768,mora,packing_B,T10,largo,8,G4,8.904035730002535,0.5127628987690168,0.8286521406417539,False,508,449.89804319176807,12.914471998151388,0.39919860972120175,24.817938976554302,60,304.8,10.370296255356557,308,0.976404694267886
768,mora,packing_B,T10,largo,8,G4,8.904035730002535,0.5127628987690168,0.8286521406417539,False,508,449.89804319176807,12.914471998151388,0.39919860972120175,24.817938976554302,60,304.8,10.370296255356557,309,0.7064357912642933
768,mora,packing_B,T10,largo,8,G4,8.904035730002535,0.5127628987690168,0.8286521406417539,False,508,449.89804319176807,12.914471998151388,0.39919860972120175,24.817938976554302,60,304.8,10.370296255356557,310,0.9747655906039479
768,mora,packing_B,T10,largo,8,G4,8.904035730002535,0.5127628987690168,0.8286521406417539,False,508,449.89804319176807,12.914471998151388,0.39919860972120175,24.817938976554302,60,304.8,10.370296255356557,311,0.7977564351792404
768,mora,packing_B,T10,largo,8,G4,8.904035730002535,0.5127628987690168,0.8286521406417539,False,508,449.89804319176807,12.914471998151388,0.39919860972120175,24.817938976554302,60,304.8,10.370296255356557,312,0.48593012223031995
768,mora,packing_B,T10,largo,8,G4,8.904035730002535,0.5127628987690168,0.8286521406417539,False,508,449.89804319176807,12.914471998151388,0.39919860972120175,24.817938976554302,60,304.8,10.370296255356557,313,0.5905319045035493
768,mora,packing_B,T10,largo,8,G4,8.904035730002535,0.5127628987690168,0.8286521406417539,False,508,449.89804319176807,12.914471998151388,0.39919860972120175,24.817938976554302,60,304.8,10.370296255356557,314,0.4845283019774269
768,mora,packing_B,T10,largo,8,G4,8.904035730002535,0.5127628987690168,0.8286521406417539,False,508,449.89804319176807,12.914471998151388,0.39919860972120175,24.817938976554302,60,304.8,10.370296255356557,315,0.6104812447647083
768,mora,packing_B,T10,largo,8,G4,8.904035730002535,0.5127628987690168,0.8286521406417539,False,508,449.89804319176807,12.914471998151388,0.39919860972120175,24.817938976554302,60,304.8,10.370296255356557,316,0.21376972222515134
768,mora,packing_B,T10,largo,8,G4,8.904035730002535,0.5127628987690168,0.8286521406417539,False,508,449.89804319176807,12.914471998151388,0.39919860972120175,24.817938976554302,60,304.8,10.370296255356557,317,0.17761080668890658
768,mora,packing_B,T10,largo,8,G4,8.904035730002535,0.5127628987690168,0.8286521406417539,False,508,449.89804319176807,12.914471998151388,0.39919860972120175,24.817938976554302,60,304.8,10.370296255356557,318,0.14767690616425616
768,mora,packing_B,T10,largo,8,G4,8.904035730002535,0.5127628987690168,0.8286521406417539,False,508,449.89804319176807,12.914471998151388,0.39919860972120175,24.817938976554302,60,304.8,10.370296255356557,319,-0.04617734664653536
768,mora,packing_B,T10,largo,8,G4,8.904035730002535,0.5127628987690168,0.8286521406417539,False,508,449.89804319176807,12.914471998151388,0.39919860972120175,24.817938976554302,60,304.8,10.370296255356557,320,-0.058550758622768484
768,mora,packing_B,T10,largo,8,G4,8.904035730002535,0.5127628987690168,0.8286521406417539,False,508,449.89804319176807,12.914471998151388,0.39919860972120175,24.817938976554302,60,304.8,10.370296255356557,321,-0.15399031846182948
768,mora,packing_B,T10,largo,8,G4,8.904035730002535,0.5127628987690168,0.8286521406417539,False,508,449.89804319176807,12.914471998151388,0.39919860972120175,24.817938976554302,60,304.8,10.370296255356557,322,-0.17187731861872715
768,mora,packing_B,T10,largo,8,G4,8.904035730002535,0.5127628987690168,0.8286521406417539,False,508,449.89804319176807,12.914471998151388,0.39919860972120175,24.817938976554302,60,304.8,10.370296255356557,323,-0.12102596722418899
768,mora,packing_B,T10,largo,8,G4,8.904035730002535,0.5127628987690168,0.8286521406417539,False,508,449.89804319176807,12.914471998151388,0.39919860972120175,24.817938976554302,60,304.8,10.370296255356557,324,-0.10199296745615602
768,mora,packing_B,T10,largo,8,G4,8.904035730002535,0.5127628987690168,0.8286521406417539,False,508,449.89804319176807,12.914471998151388,0.39919860972120175,24.817938976554302,60,304.8,10.370296255356557,325,0.03644895589629374
768,mora,packing_B,T10,largo,8,G4,8.904035730002535,0.5127628987690168,0.8286521406417539,False,508,449.89804319176807,12.914471998151388,0.39919860972120175,24.817938976554302,60,304.8,10.370296255356557,326,0.1320789168259326
768,mora,packing_B,T10,largo,8,G4,8.904035730002535,0.5127628987690168,0.8286521406417539,False,508,449.89804319176807,12.914471998151388,0.39919860972120175,24.817938976554302,60,304.8,10.370296255356557,327,0.06534765024163974
768,mora,packing_B,T10,largo,8,G4,8.904035730002535,0.5127628987690168,0.8286521406417539,False,508,449.89804319176807,12.914471998151388,0.39919860972120175,24.817938976554302,60,304.8,10.370296255356557,328,0.2114018325208083
768,mora,packing_B,T10,largo,8,G4,8.904035730002535,0.5127628987690168,0.8286521406417539,False,508,449.89804319176807,12.914471998151388,0.39919860972120175,24.817938976554302,60,304.8,10.370296255356557,329,0.34628156760220874
768,mora,packing_B,T10,largo,8,G4,8.904035730002535,0.5127628987690168,0.8286521406417539,False,508,449.89804319176807,12.914471998151388,0.39919860972120175,24.817938976554302,60,304.8,10.370296255356557,330,0.37390305158829923
768,mora,packing_B,T10,largo,8,G4,8.904035730002535,0.5127628987690168,0.8286521406417539,False,508,449.89804319176807,12.914471998151388,0.39919860972120175,24.817938976554302,60,304.8,10.370296255356557,331,0.5159937377045775
768,mora,packing_B,T10,largo,8,G4,8.904035730002535,0.5127628987690168,0.8286521406417539,False,508,449.89804319176807,12.914471998151388,0.39919860972120175,24.817938976554302,60,304.8,10.370296255356557,332,0.4444149169605075
768,mora,packing_B,T10,largo,8,G4,8.904035730002535,0.5127628987690168,0.8286521406417539,False,508,449.89804319176807,12.914471998151388,0.39919860972120175,24.817938976554302,60,304.8,10.370296255356557,333,0.7753755427584161
768,mora,packing_B,T10,largo,8,G4,8.904035730002535,0.5127628987690168,0.8286521406417539,False,508,449.89804319176807,12.914471998151388,0.39919860972120175,24.817938976554302,60,304.8,10.370296255356557,334,0.7495243957819505
768,mora,packing_B,T10,largo,8,G4,8.904035730002535,0.5127628987690168,0.8286521406417539,False,508,449.89804319176807,12.914471998151388,0.39919860972120175,24.817938976554302,60,304.8,10.370296255356557,335,0.7233093057108947
768,mora,packing_B,T10,largo,8,G4,8.904035730002535,0.5127628987690168,0.8286521406417539,False,508,449.89804319176807,12.914471998151388,0.39919860972120175,24.817938976554302,60,304.8,10.370296255356557,336,0.8645707045451835
768,mora,packing_B,T10,largo,8,G4,8.904035730002535,0.5127628987690168,0.8286521406417539,False,508,449.89804319176807,12.914471998151388,0.39919860972120175,24.817938976554302,60,304.8,10.370296255356557,337,0.9651081915530884
768,mora,packing_B,T10,largo,8,G4,8.904035730002535,0.5127628987690168,0.8286521406417539,False,508,449.89804319176807,12.914471998151388,0.39919860972120175,24.817938976554302,60,304.8,10.370296255356557,338,0.8819307417539738
768,mora,packing_B,T10,largo,8,G4,8.904035730002535,0.5127628987690168,0.8286521406417539,False,508,449.89804319176807,12.914471998151388,0.39919860972120175,24.817938976554302,60,304.8,10.370296255356557,339,0.8050200083924407
768,mora,packing_B,T10,largo,8,G4,8.904035730002535,0.5127628987690168,0.8286521406417539,False,508,449.89804319176807,12.914471998151388,0.39919860972120175,24.817938976554302,60,304.8,10.370296255356557,340,0.7373585235285443
768,mora,packing_B,T10,largo,8,G4,8.904035730002535,0.5127628987690168,0.8286521406417539,False,508,449.89804319176807,12.914471998151388,0.39919860972120175,24.817938976554302,60,304.8,10.370296255356557,341,0.8726829435796569
768,mora,packing_B,T10,largo,8,G4,8.904035730002535,0.5127628987690168,0.8286521406417539,False,508,449.89804319176807,12.914471998151388,0.39919860972120175,24.817938976554302,60,304.8,10.370296255356557,342,0.7760092539967981
768,mora,packing_B,T10,largo,8,G4,8.904035730002535,0.5127628987690168,0.8286521406417539,False,508,449.89804319176807,12.914471998151388,0.39919860972120175,24.817938976554302,60,304.8,10.370296255356557,343,0.4591464433822878
768,mora,packing_B,T10,largo,8,G4,8.904035730002535,0.5127628987690168,0.8286521406417539,False,508,449.89804319176807,12.914471998151388,0.39919860972120175,24.817938976554302,60,304.8,10.370296255356557,344,0.7139523519283841
768,mora,packing_B,T10,largo,8,G4,8.904035730002535,0.5127628987690168,0.8286521406417539,False,508,449.89804319176807,12.914471998151388,0.39919860972120175,24.817938976554302,60,304.8,10.370296255356557,345,0.2857671708027675
768,mora,packing_B,T10,largo,8,G4,8.904035730002535,0.5127628987690168,0.8286521406417539,False,508,449.89804319176807,12.914471998151388,0.39919860972120175,24.817938976554302,60,304.8,10.370296255356557,346,0.35792752820760776
768,mora,packing_B,T10,largo,8,G4,8.904035730002535,0.5127628987690168,0.8286521406417539,False,508,449.89804319176807,12.914471998151388,0.39919860972120175,24.817938976554302,60,304.8,10.370296255356557,347,0.19876468030284003
768,mora,packing_B,T10,largo,8,G4,8.904035730002535,0.5127628987690168,0.8286521406417539,False,508,449.89804319176807,12.914471998151388,0.39919860972120175,24.817938976554302,60,304.8,10.370296255356557,348,0.03364252126148548
768,mora,packing_B,T10,largo,8,G4,8.904035730002535,0.5127628987690168,0.8286521406417539,False,508,449.89804319176807,12.914471998151388,0.39919860972120175,24.817938976554302,60,304.8,10.370296255356557,349,0.13389344622413607
768,mora,packing_B,T10,largo,8,G4,8.904035730002535,0.5127628987690168,0.8286521406417539,False,508,449.89804319176807,12.914471998151388,0.39919860972120175,24.817938976554302,60,304.8,10.370296255356557,350,-0.1464072060454265
768,mora,packing_B,T10,largo,8,G4,8.904035730002535,0.5127628987690168,0.8286521406417539,False,508,449.89804319176807,12.914471998151388,0.39919860972120175,24.817938976554302,60,304.8,10.370296255356557,351,0.0090531439593695
768,mora,packing_B,T10,largo,8,G4,8.904035730002535,0.5127628987690168,0.8286521406417539,False,508,449.89804319176807,12.914471998151388,0.39919860972120175,24.817938976554302,60,304.8,10.370296255356557,352,-0.2116957327686358
768,mora,packing_B,T10,largo,8,G4,8.904035730002535,0.5127628987690168,0.8286521406417539,False,508,449.89804319176807,12.914471998151388,0.39919860972120175,24.817938976554302,60,304.8,10.370296255356557,353,-0.15885944001333735
768,mora,packing_B,T10,largo,8,G4,8.904035730002535,0.5127628987690168,0.8286521406417539,False,508,449.89804319176807,12.914471998151388,0.39919860972120175,24.817938976554302,60,304.8,10.370296255356557,354,0.002914940878449873
768,mora,packing_B,T10,largo,8,G4,8.904035730002535,0.5127628987690168,0.8286521406417539,False,508,449.89804319176807,12.914471998151388,0.39919860972120175,24.817938976554302,60,304.8,10.370296255356557,355,-0.042515974118805575
768,mora,packing_B,T10,largo,8,G4,8.904035730002535,0.5127628987690168,0.8286521406417539,False,508,449.89804319176807,12.914471998151388,0.39919860972120175,24.817938976554302,60,304.8,10.370296255356557,356,0.1169588681959805
768,mora,packing_B,T10,largo,8,G4,8.904035730002535,0.5127628987690168,0.8286521406417539,False,508,449.89804319176807,12.914471998151388,0.39919860972120175,24.817938976554302,60,304.8,10.370296255356557,357,0.2012074428448615
768,mora,packing_B,T10,largo,8,G4,8.904035730002535,0.5127628987690168,0.8286521406417539,False,508,449.89804319176807,12.914471998151388,0.39919860972120175,24.817938976554302,60,304.8,10.370296255356557,358,0.1674156129140228
768,mora,packing_B,T10,largo,8,G4,8.904035730002535,0.5127628987690168,0.8286521406417539,False,508,449.89804319176807,12.914471998151388,0.39919860972120175,24.817938976554302,60,304.8,10.370296255356557,359,0.30896321564741624
768,mora,packing_B,T10,largo,8,G4,8.904035730002535,0.5127628987690168,0.8286521406417539,False,508,449.89804319176807,12.914471998151388,0.39919860972120175,24.817938976554302,60,304.8,10.370296255356557,360,0.4922811312354111
768,mora,packing_B,T10,largo,8,G4,8.904035730002535,0.5127628987690168,0.8286521406417539,False,508,449.89804319176807,12.914471998151388,0.39919860972120175,24.817938976554302,60,304.8,10.370296255356557,361,0.46259414010484334
768,mora,packing_B,T10,largo,8,G4,8.904035730002535,0.5127628987690168,0.8286521406417539,False,508,449.89804319176807,12.914471998151388,0.39919860972120175,24.817938976554302,60,304.8,10.370296255356557,362,0.46232926706891786
768,mora,packing_B,T10,largo,8,G4,8.904035730002535,0.5127628987690168,0.8286521406417539,False,508,449.89804319176807,12.914471998151388,0.39919860972120175,24.817938976554302,60,304.8,10.370296255356557,363,0.6969897025918947
768,mora,packing_B,T10,largo,8,G4,8.904035730002535,0.5127628987690168,0.8286521406417539,False,508,449.89804319176807,12.914471998151388,0.39919860972120175,24.817938976554302,60,304.8,10.370296255356557,364,0.6994787428717986
768,mora,packing_B,T10,largo,8,G4,8.904035730002535,0.5127628987690168,0.8286521406417539,False,508,449.89804319176807,12.914471998151388,0.39919860972120175,24.817938976554302,60,304.8,10.370296255356557,365,0.7571732143313487
768,mora,packing_B,T10,largo,8,G4,8.904035730002535,0.5127628987690168,0.8286521406417539,False,508,449.89804319176807,12.914471998151388,0.39919860972120175,24.817938976554302,60,304.8,10.370296255356557,366,0.8111663796568097
768,mora,packing_B,T10,largo,8,G4,8.904035730002535,0.5127628987690168,0.8286521406417539,False,508,449.89804319176807,12.914471998151388,0.39919860972120175,24.817938976554302,60,304.8,10.370296255356557,367,0.8151049190028375
768,mora,packing_B,T10,largo,8,G4,8.904035730002535,0.5127628987690168,0.8286521406417539,False,508,449.89804319176807,12.914471998151388,0.39919860972120175,24.817938976554302,60,304.8,10.370296255356557,368,0.833401303914305
768,mora,packing_B,T10,largo,8,G4,8.904035730002535,0.5127628987690168,0.8286521406417539,False,508,449.89804319176807,12.914471998151388,0.39919860972120175,24.817938976554302,60,304.8,10.370296255356557,369,0.7483792231147969
768,mora,packing_B,T10,largo,8,G4,8.904035730002535,0.5127628987690168,0.8286521406417539,False,508,449.89804319176807,12.914471998151388,0.39919860972120175,24.817938976554302,60,304.8,10.370296255356557,370,0.8711952804083798
768,mora,packing_B,T10,largo,8,G4,8.904035730002535,0.5127628987690168,0.8286521406417539,False,508,449.89804319176807,12.914471998151388,0.39919860972120175,24.817938976554302,60,304.8,10.370296255356557,371,0.9107824796165174
768,mora,packing_B,T10,largo,8,G4,8.904035730002535,0.5127628987690168,0.8286521406417539,False,508,449.89804319176807,12.914471998151388,0.39919860972120175,24.817938976554302,60,304.8,10.370296255356557,372,0.6593009208565589
768,mora,packing_B,T10,largo,8,G4,8.904035730002535,0.5127628987690168,0.8286521406417539,False,508,449.89804319176807,12.914471998151388,0.39919860972120175,24.817938976554302,60,304.8,10.370296255356557,373,0.651148685603378
768,mora,packing_B,T10,largo,8,G4,8.904035730002535,0.5127628987690168,0.8286521406417539,False,508,449.89804319176807,12.914471998151388,0.39919860972120175,24.817938976554302,60,304.8,10.370296255356557,374,0.36049766541201617
768,mora,packing_B,T10,largo,8,G4,8.904035730002535,0.5127628987690168,0.8286521406417539,False,508,449.89804319176807,12.914471998151388,0.39919860972120175,24.817938976554302,60,304.8,10.370296255356557,375,0.4917779427748876
768,mora,packing_B,T10,largo,8,G4,8.904035730002535,0.5127628987690168,0.8286521406417539,False,508,449.89804319176807,12.914471998151388,0.39919860972120175,24.817938976554302,60,304.8,10.370296255356557,376,0.2119797740381763
768,mora,packing_B,T10,largo,8,G4,8.904035730002535,0.5127628987690168,0.8286521406417539,False,508,449.89804319176807,12.914471998151388,0.39919860972120175,24.817938976554302,60,304.8,10.370296255356557,377,0.20201934666486965
768,mora,packing_B,T10,largo,8,G4,8.904035730002535,0.5127628987690168,0.8286521406417539,False,508,449.89804319176807,12.914471998151388,0.39919860972120175,24.817938976554302,60,304.8,10.370296255356557,378,0.03911213428353247
768,mora,packing_B,T10,largo,8,G4,8.904035730002535,0.5127628987690168,0.8286521406417539,False,508,449.89804319176807,12.914471998151388,0.39919860972120175,24.817938976554302,60,304.8,10.370296255356557,379,-0.013709859135042364
768,mora,packing_B,T10,largo,8,G4,8.904035730002535,0.5127628987690168,0.8286521406417539,False,508,449.89804319176807,12.914471998151388,0.39919860972120175,24.817938976554302,60,304.8,10.370296255356557,380,-0.011522427735481837
768,mora,packing_B,T10,largo,8,G4,8.904035730002535,0.5127628987690168,0.8286521406417539,False,508,449.89804319176807,12.914471998151388,0.39919860972120175,24.817938976554302,60,304.8,10.370296255356557,381,-0.04614454978415609
768,mora,packing_B,T10,largo,8,G4,8.904035730002535,0.5127628987690168,0.8286521406417539,False,508,449.89804319176807,12.914471998151388,0.39919860972120175,24.817938976554302,60,304.8,10.370296255356557,382,-0.19918160432673704
768,mora,packing_B,T10,largo,8,G4,8.904035730002535,0.5127628987690168,0.8286521406417539,False,508,449.89804319176807,12.914471998151388,0.39919860972120175,24.817938976554302,60,304.8,10.370296255356557,383,0.054307632779330345
768,mora,packing_B,T10,largo,8,G4,8.904035730002535,0.5127628987690168,0.8286521406417539,False,508,449.89804319176807,12.914471998151388,0.39919860972120175,24.817938976554302,60,304.8,10.370296255356557,384,-0.06349660998011723
768,mora,packing_B,T10,largo,8,G4,8.904035730002535,0.5127628987690168,0.8286521406417539,False,508,449.89804319176807,12.914471998151388,0.39919860972120175,24.817938976554302,60,304.8,10.370296255356557,385,-0.19931476750742783
768,mora,packing_B,T10,largo,8,G4,8.904035730002535,0.5127628987690168,0.8286521406417539,False,508,449.89804319176807,12.914471998151388,0.39919860972120175,24.817938976554302,60,304.8,10.370296255356557,386,0.0020998650045602266
768,mora,packing_B,T10,largo,8,G4,8.904035730002535,0.5127628987690168,0.8286521406417539,False,508,449.89804319176807,12.914471998151388,0.39919860972120175,24.817938976554302,60,304.8,10.370296255356557,387,-0.10824659085429017
768,mora,packing_B,T10,largo,8,G4,8.904035730002535,0.5127628987690168,0.8286521406417539,False,508,449.89804319176807,12.914471998151388,0.39919860972120175,24.817938976554302,60,304.8,10.370296255356557,388,0.22360446677080054
768,mora,packing_B,T10,largo,8,G4,8.904035730002535,0.5127628987690168,0.8286521406417539,False,508,449.89804319176807,12.914471998151388,0.39919860972120175,24.817938976554302,60,304.8,10.370296255356557,389,0.27348159876645567
768,mora,packing_B,T10,largo,8,G4,8.904035730002535,0.5127628987690168,0.8286521406417539,False,508,449.89804319176807,12.914471998151388,0.39919860972120175,24.817938976554302,60,304.8,10.370296255356557,390,0.5783435503629539
768,mora,packing_B,T10,largo,8,G4,8.904035730002535,0.5127628987690168,0.8286521406417539,False,508,449.89804319176807,12.914471998151388,0.39919860972120175,24.817938976554302,60,304.8,10.370296255356557,391,0.4377694536743972
768,mora,packing_B,T10,largo,8,G4,8.904035730002535,0.5127628987690168,0.8286521406417539,False,508,449.89804319176807,12.914471998151388,0.39919860972120175,24.817938976554302,60,304.8,10.370296255356557,392,0.8139641980152095
768,mora,packing_B,T10,largo,8,G4,8.904035730002535,0.5127628987690168,0.8286521406417539,False,508,449.89804319176807,12.914471998151388,0.39919860972120175,24.817938976554302,60,304.8,10.370296255356557,393,0.6013015044796789
768,mora,packing_B,T10,largo,8,G4,8.904035730002535,0.5127628987690168,0.8286521406417539,False,508,449.89804319176807,12.914471998151388,0.39919860972120175,24.817938976554302,60,304.8,10.370296255356557,394,0.6572141780332961
768,mora,packing_B,T10,largo,8,G4,8.904035730002535,0.5127628987690168,0.8286521406417539,False,508,449.89804319176807,12.914471998151388,0.39919860972120175,24.817938976554302,60,304.8,10.370296255356557,395,0.8568133797144678
768,mora,packing_B,T10,largo,8,G4,8.904035730002535,0.5127628987690168,0.8286521406417539,False,508,449.89804319176807,12.914471998151388,0.39919860972120175,24.817938976554302,60,304.8,10.370296255356557,396,0.687352242944091
768,mora,packing_B,T10,largo,8,G4,8.904035730002535,0.5127628987690168,0.8286521406417539,False,508,449.89804319176807,12.914471998151388,0.39919860972120175,24.817938976554302,60,304.8,10.370296255356557,397,0.9759383218778446
768,mora,packing_B,T10,largo,8,G4,8.904035730002535,0.5127628987690168,0.8286521406417539,False,508,449.89804319176807,12.914471998151388,0.39919860972120175,24.817938976554302,60,304.8,10.370296255356557,398,0.8873733855968633
768,mora,packing_B,T10,largo,8,G4,8.904035730002535,0.5127628987690168,0.8286521406417539,False,508,449.89804319176807,12.914471998151388,0.39919860972120175,24.817938976554302,60,304.8,10.370296255356557,399,0.8824182152631508
768,mora,packing_B,T10,largo,8,G4,8.904035730002535,0.5127628987690168,0.8286521406417539,False,508,449.89804319176807,12.914471998151388,0.39919860972120175,24.817938976554302,60,304.8,10.370296255356557,400,0.7169948836865612
768,mora,packing_B,T10,largo,8,G4,8.904035730002535,0.5127628987690168,0.8286521406417539,False,508,449.89804319176807,12.914471998151388,0.39919860972120175,24.817938976554302,60,304.8,10.370296255356557,401,0.7019114868379843
768,mora,packing_B,T10,largo,8,G4,8.904035730002535,0.5127628987690168,0.8286521406417539,False,508,449.89804319176807,12.914471998151388,0.39919860972120175,24.817938976554302,60,304.8,10.370296255356557,402,0.6696815834755202
768,mora,packing_B,T10,largo,8,G4,8.904035730002535,0.5127628987690168,0.8286521406417539,False,508,449.89804319176807,12.914471998151388,0.39919860972120175,24.817938976554302,60,304.8,10.370296255356557,403,0.5373259787848657
768,mora,packing_B,T10,largo,8,G4,8.904035730002535,0.5127628987690168,0.8286521406417539,False,508,449.89804319176807,12.914471998151388,0.39919860972120175,24.817938976554302,60,304.8,10.370296255356557,404,0.48926205577422
768,mora,packing_B,T10,largo,8,G4,8.904035730002535,0.5127628987690168,0.8286521406417539,False,508,449.89804319176807,12.914471998151388,0.39919860972120175,24.817938976554302,60,304.8,10.370296255356557,405,0.3552890012485781
768,mora,packing_B,T10,largo,8,G4,8.904035730002535,0.5127628987690168,0.8286521406417539,False,508,449.89804319176807,12.914471998151388,0.39919860972120175,24.817938976554302,60,304.8,10.370296255356557,406,0.3992042467840095
768,mora,packing_B,T10,largo,8,G4,8.904035730002535,0.5127628987690168,0.8286521406417539,False,508,449.89804319176807,12.914471998151388,0.39919860972120175,24.817938976554302,60,304.8,10.370296255356557,407,0.3104423933415279
768,mora,packing_B,T10,largo,8,G4,8.904035730002535,0.5127628987690168,0.8286521406417539,False,508,449.89804319176807,12.914471998151388,0.39919860972120175,24.817938976554302,60,304.8,10.370296255356557,408,0.18957532518017672
768,mora,packing_B,T10,largo,8,G4,8.904035730002535,0.5127628987690168,0.8286521406417539,False,508,449.89804319176807,12.914471998151388,0.39919860972120175,24.817938976554302,60,304.8,10.370296255356557,409,-0.05140994371392957
768,mora,packing_B,T10,largo,8,G4,8.904035730002535,0.5127628987690168,0.8286521406417539,False,508,449.89804319176807,12.914471998151388,0.39919860972120175,24.817938976554302,60,304.8,10.370296255356557,410,-0.11262371659166637
768,mora,packing_B,T10,largo,8,G4,8.904035730002535,0.5127628987690168,0.8286521406417539,False,508,449.89804319176807,12.914471998151388,0.39919860972120175,24.817938976554302,60,304.8,10.370296255356557,411,0.12380097866315759
768,mora,packing_B,T10,largo,8,G4,8.904035730002535,0.5127628987690168,0.8286521406417539,False,508,449.89804319176807,12.914471998151388,0.39919860972120175,24.817938976554302,60,304.8,10.370296255356557,412,-0.12937120270898772
768,mora,packing_B,T10,largo,8,G4,8.904035730002535,0.5127628987690168,0.8286521406417539,False,508,449.89804319176807,12.914471998151388,0.39919860972120175,24.817938976554302,60,304.8,10.370296255356557,413,0.004706193104212927
768,mora,packing_B,T10,largo,8,G4,8.904035730002535,0.5127628987690168,0.8286521406417539,False,508,449.89804319176807,12.914471998151388,0.39919860972120175,24.817938976554302,60,304.8,10.370296255356557,414,0.1664637413853664
768,mora,packing_B,T10,largo,8,G4,8.904035730002535,0.5127628987690168,0.8286521406417539,False,508,449.89804319176807,12.914471998151388,0.39919860972120175,24.817938976554302,60,304.8,10.370296255356557,415,-0.1028872506672368
768,mora,packing_B,T10,largo,8,G4,8.904035730002535,0.5127628987690168,0.8286521406417539,False,508,449.89804319176807,12.914471998151388,0.39919860972120175,24.817938976554302,60,304.8,10.370296255356557,416,0.07012044649337576
768,mora,packing_B,T10,largo,8,G4,8.904035730002535,0.5127628987690168,0.8286521406417539,False,508,449.89804319176807,12.914471998151388,0.39919860972120175,24.817938976554302,60,304.8,10.370296255356557,417,0.08452960237223939
768,mora,packing_B,T10,largo,8,G4,8.904035730002535,0.5127628987690168,0.8286521406417539,False,508,449.89804319176807,12.914471998151388,0.39919860972120175,24.817938976554302,60,304.8,10.370296255356557,418,0.2557666130910316
768,mora,packing_B,T10,largo,8,G4,8.904035730002535,0.5127628987690168,0.8286521406417539,False,508,449.89804319176807,12.914471998151388,0.39919860972120175,24.817938976554302,60,304.8,10.370296255356557,419,0.36223274746917705
768,mora,packing_B,T10,largo,8,G4,8.904035730002535,0.5127628987690168,0.8286521406417539,False,508,449.89804319176807,12.914471998151388,0.39919860972120175,24.817938976554302,60,304.8,10.370296255356557,420,0.43244681560551307
768,mora,packing_B,T10,largo,8,G4,8.904035730002535,0.5127628987690168,0.8286521406417539,False,508,449.89804319176807,12.914471998151388,0.39919860972120175,24.817938976554302,60,304.8,10.370296255356557,421,0.40697052774488635
768,mora,packing_B,T10,largo,8,G4,8.904035730002535,0.5127628987690168,0.8286521406417539,False,508,449.89804319176807,12.914471998151388,0.39919860972120175,24.817938976554302,60,304.8,10.370296255356557,422,0.5888517315609458
768,mora,packing_B,T10,largo,8,G4,8.904035730002535,0.5127628987690168,0.8286521406417539,False,508,449.89804319176807,12.914471998151388,0.39919860972120175,24.817938976554302,60,304.8,10.370296255356557,423,0.7040153975189257
768,mora,packing_B,T10,largo,8,G4,8.904035730002535,0.5127628987690168,0.8286521406417539,False,508,449.89804319176807,12.914471998151388,0.39919860972120175,24.817938976554302,60,304.8,10.370296255356557,424,0.7171728431648402
768,mora,packing_B,T10,largo,8,G4,8.904035730002535,0.5127628987690168,0.8286521406417539,False,508,449.89804319176807,12.914471998151388,0.39919860972120175,24.817938976554302,60,304.8,10.370296255356557,425,0.7509666843988454
768,mora,packing_B,T10,largo,8,G4,8.904035730002535,0.5127628987690168,0.8286521406417539,False,508,449.89804319176807,12.914471998151388,0.39919860972120175,24.817938976554302,60,304.8,10.370296255356557,426,0.986723114491438
768,mora,packing_B,T10,largo,8,G4,8.904035730002535,0.5127628987690168,0.8286521406417539,False,508,449.89804319176807,12.914471998151388,0.39919860972120175,24.817938976554302,60,304.8,10.370296255356557,427,0.8468276781412014
768,mora,packing_B,T10,largo,8,G4,8.904035730002535,0.5127628987690168,0.8286521406417539,False,508,449.89804319176807,12.914471998151388,0.39919860972120175,24.817938976554302,60,304.8,10.370296255356557,428,1.0192975705654255
768,mora,packing_B,T10,largo,8,G4,8.904035730002535,0.5127628987690168,0.8286521406417539,False,508,449.89804319176807,12.914471998151388,0.39919860972120175,24.817938976554302,60,304.8,10.370296255356557,429,0.8945195934871468
768,mora,packing_B,T10,largo,8,G4,8.904035730002535,0.5127628987690168,0.8286521406417539,False,508,449.89804319176807,12.914471998151388,0.39919860972120175,24.817938976554302,60,304.8,10.370296255356557,430,0.8385520346596858
768,mora,packing_B,T10,largo,8,G4,8.904035730002535,0.5127628987690168,0.8286521406417539,False,508,449.89804319176807,12.914471998151388,0.39919860972120175,24.817938976554302,60,304.8,10.370296255356557,431,0.860558142056937
768,mora,packing_B,T10,largo,8,G4,8.904035730002535,0.5127628987690168,0.8286521406417539,False,508,449.89804319176807,12.914471998151388,0.39919860972120175,24.817938976554302,60,304.8,10.370296255356557,432,0.6638654841928091
768,mora,packing_B,T10,largo,8,G4,8.904035730002535,0.5127628987690168,0.8286521406417539,False,508,449.89804319176807,12.914471998151388,0.39919860972120175,24.817938976554302,60,304.8,10.370296255356557,433,0.6007633111206158
768,mora,packing_B,T10,largo,8,G4,8.904035730002535,0.5127628987690168,0.8286521406417539,False,508,449.89804319176807,12.914471998151388,0.39919860972120175,24.817938976554302,60,304.8,10.370296255356557,434,0.4768443666149177
768,mora,packing_B,T10,largo,8,G4,8.904035730002535,0.5127628987690168,0.8286521406417539,False,508,449.89804319176807,12.914471998151388,0.39919860972120175,24.817938976554302,60,304.8,10.370296255356557,435,0.2956327621489199
768,mora,packing_B,T10,largo,8,G4,8.904035730002535,0.5127628987690168,0.8286521406417539,False,508,449.89804319176807,12.914471998151388,0.39919860972120175,24.817938976554302,60,304.8,10.370296255356557,436,0.2414264749441526
768,mora,packing_B,T10,largo,8,G4,8.904035730002535,0.5127628987690168,0.8286521406417539,False,508,449.89804319176807,12.914471998151388,0.39919860972120175,24.817938976554302,60,304.8,10.370296255356557,437,0.20270499960011185
768,mora,packing_B,T10,largo,8,G4,8.904035730002535,0.5127628987690168,0.8286521406417539,False,508,449.89804319176807,12.914471998151388,0.39919860972120175,24.817938976554302,60,304.8,10.370296255356557,438,0.1601202439451486
768,mora,packing_B,T10,largo,8,G4,8.904035730002535,0.5127628987690168,0.8286521406417539,False,508,449.89804319176807,12.914471998151388,0.39919860972120175,24.817938976554302,60,304.8,10.370296255356557,439,-0.06698431882314228
768,mora,packing_B,T10,largo,8,G4,8.904035730002535,0.5127628987690168,0.8286521406417539,False,508,449.89804319176807,12.914471998151388,0.39919860972120175,24.817938976554302,60,304.8,10.370296255356557,440,0.08187411535632642
768,mora,packing_B,T10,largo,8,G4,8.904035730002535,0.5127628987690168,0.8286521406417539,False,508,449.89804319176807,12.914471998151388,0.39919860972120175,24.817938976554302,60,304.8,10.370296255356557,441,-0.17686013804212172
768,mora,packing_B,T10,largo,8,G4,8.904035730002535,0.5127628987690168,0.8286521406417539,False,508,449.89804319176807,12.914471998151388,0.39919860972120175,24.817938976554302,60,304.8,10.370296255356557,442,-0.22070267517306505
768,mora,packing_B,T10,largo,8,G4,8.904035730002535,0.5127628987690168,0.8286521406417539,False,508,449.89804319176807,12.914471998151388,0.39919860972120175,24.817938976554302,60,304.8,10.370296255356557,443,-0.028898755930328278
768,mora,packing_B,T10,largo,8,G4,8.904035730002535,0.5127628987690168,0.8286521406417539,False,508,449.89804319176807,12.914471998151388,0.39919860972120175,24.817938976554302,60,304.8,10.370296255356557,444,-0.07844689416113232
768,mora,packing_B,T10,largo,8,G4,8.904035730002535,0.5127628987690168,0.8286521406417539,False,508,449.89804319176807,12.914471998151388,0.39919860972120175,24.817938976554302,60,304.8,10.370296255356557,445,-0.04835725512252838
768,mora,packing_B,T10,largo,8,G4,8.904035730002535,0.5127628987690168,0.8286521406417539,False,508,449.89804319176807,12.914471998151388,0.39919860972120175,24.817938976554302,60,304.8,10.370296255356557,446,0.116867188819826
768,mora,packing_B,T10,largo,8,G4,8.904035730002535,0.5127628987690168,0.8286521406417539,False,508,449.89804319176807,12.914471998151388,0.39919860972120175,24.817938976554302,60,304.8,10.370296255356557,447,0.007345616803417693
768,mora,packing_B,T10,largo,8,G4,8.904035730002535,0.5127628987690168,0.8286521406417539,False,508,449.89804319176807,12.914471998151388,0.39919860972120175,24.817938976554302,60,304.8,10.370296255356557,448,0.2068691118883722
768,mora,packing_B,T10,largo,8,G4,8.904035730002535,0.5127628987690168,0.8286521406417539,False,508,449.89804319176807,12.914471998151388,0.39919860972120175,24.817938976554302,60,304.8,10.370296255356557,449,0.32640393256381894
768,mora,packing_B,T10,largo,8,G4,8.904035730002535,0.5127628987690168,0.8286521406417539,False,508,449.89804319176807,12.914471998151388,0.39919860972120175,24.817938976554302,60,304.8,10.370296255356557,450,0.5429859289340813
768,mora,packing_B,T10,largo,8,G4,8.904035730002535,0.5127628987690168,0.8286521406417539,False,508,449.89804319176807,12.914471998151388,0.39919860972120175,24.817938976554302,60,304.8,10.370296255356557,451,0.4257650177150304
768,mora,packing_B,T10,largo,8,G4,8.904035730002535,0.5127628987690168,0.8286521406417539,False,508,449.89804319176807,12.914471998151388,0.39919860972120175,24.817938976554302,60,304.8,10.370296255356557,452,0.5766773458656707
768,mora,packing_B,T10,largo,8,G4,8.904035730002535,0.5127628987690168,0.8286521406417539,False,508,449.89804319176807,12.914471998151388,0.39919860972120175,24.817938976554302,60,304.8,10.370296255356557,453,0.6900770143656093
768,mora,packing_B,T10,largo,8,G4,8.904035730002535,0.5127628987690168,0.8286521406417539,False,508,449.89804319176807,12.914471998151388,0.39919860972120175,24.817938976554302,60,304.8,10.370296255356557,454,0.6480064394122318
768,mora,packing_B,T10,largo,8,G4,8.904035730002535,0.5127628987690168,0.8286521406417539,False,508,449.89804319176807,12.914471998151388,0.39919860972120175,24.817938976554302,60,304.8,10.370296255356557,455,0.8595358959071421
768,mora,packing_B,T10,largo,8,G4,8.904035730002535,0.5127628987690168,0.8286521406417539,False,508,449.89804319176807,12.914471998151388,0.39919860972120175,24.817938976554302,60,304.8,10.370296255356557,456,0.8567548965535625
768,mora,packing_B,T10,largo,8,G4,8.904035730002535,0.5127628987690168,0.8286521406417539,False,508,449.89804319176807,12.914471998151388,0.39919860972120175,24.817938976554302,60,304.8,10.370296255356557,457,0.9522612310916794
768,mora,packing_B,T10,largo,8,G4,8.904035730002535,0.5127628987690168,0.8286521406417539,False,508,449.89804319176807,12.914471998151388,0.39919860972120175,24.817938976554302,60,304.8,10.370296255356557,458,0.8132142360321806
768,mora,packing_B,T10,largo,8,G4,8.904035730002535,0.5127628987690168,0.8286521406417539,False,508,449.89804319176807,12.914471998151388,0.39919860972120175,24.817938976554302,60,304.8,10.370296255356557,459,0.8587331420442235
768,mora,packing_B,T10,largo,8,G4,8.904035730002535,0.5127628987690168,0.8286521406417539,False,508,449.89804319176807,12.914471998151388,0.39919860972120175,24.817938976554302,60,304.8,10.370296255356557,460,0.7732187325265292
768,mora,packing_B,T10,largo,8,G4,8.904035730002535,0.5127628987690168,0.8286521406417539,False,508,449.89804319176807,12.914471998151388,0.39919860972120175,24.817938976554302,60,304.8,10.370296255356557,461,0.8485110478402993
768,mora,packing_B,T10,largo,8,G4,8.904035730002535,0.5127628987690168,0.8286521406417539,False,508,449.89804319176807,12.914471998151388,0.39919860972120175,24.817938976554302,60,304.8,10.370296255356557,462,0.884884143232327
768,mora,packing_B,T10,largo,8,G4,8.904035730002535,0.5127628987690168,0.8286521406417539,False,508,449.89804319176807,12.914471998151388,0.39919860972120175,24.817938976554302,60,304.8,10.370296255356557,463,0.5625304422470954
768,mora,packing_B,T10,largo,8,G4,8.904035730002535,0.5127628987690168,0.8286521406417539,False,508,449.89804319176807,12.914471998151388,0.39919860972120175,24.817938976554302,60,304.8,10.370296255356557,464,0.5273028148569204
768,mora,packing_B,T10,largo,8,G4,8.904035730002535,0.5127628987690168,0.8286521406417539,False,508,449.89804319176807,12.914471998151388,0.39919860972120175,24.817938976554302,60,304.8,10.370296255356557,465,0.47640815982009177
768,mora,packing_B,T10,largo,8,G4,8.904035730002535,0.5127628987690168,0.8286521406417539,False,508,449.89804319176807,12.914471998151388,0.39919860972120175,24.817938976554302,60,304.8,10.370296255356557,466,0.231800427613197
768,mora,packing_B,T10,largo,8,G4,8.904035730002535,0.5127628987690168,0.8286521406417539,False,508,449.89804319176807,12.914471998151388,0.39919860972120175,24.817938976554302,60,304.8,10.370296255356557,467,0.30650489093808014
768,mora,packing_B,T10,largo,8,G4,8.904035730002535,0.5127628987690168,0.8286521406417539,False,508,449.89804319176807,12.914471998151388,0.39919860972120175,24.817938976554302,60,304.8,10.370296255356557,468,0.04220817070628238
768,mora,packing_B,T10,largo,8,G4,8.904035730002535,0.5127628987690168,0.8286521406417539,False,508,449.89804319176807,12.914471998151388,0.39919860972120175,24.817938976554302,60,304.8,10.370296255356557,469,0.02524448365997611
768,mora,packing_B,T10,largo,8,G4,8.904035730002535,0.5127628987690168,0.8286521406417539,False,508,449.89804319176807,12.914471998151388,0.39919860972120175,24.817938976554302,60,304.8,10.370296255356557,470,-0.06673400260573437
768,mora,packing_B,T10,largo,8,G4,8.904035730002535,0.5127628987690168,0.8286521406417539,False,508,449.89804319176807,12.914471998151388,0.39919860972120175,24.817938976554302,60,304.8,10.370296255356557,471,-0.007165977021467235
768,mora,packing_B,T10,largo,8,G4,8.904035730002535,0.5127628987690168,0.8286521406417539,False,508,449.89804319176807,12.914471998151388,0.39919860972120175,24.817938976554302,60,304.8,10.370296255356557,472,-0.07515293894908093
768,mora,packing_B,T10,largo,8,G4,8.904035730002535,0.5127628987690168,0.8286521406417539,False,508,449.89804319176807,12.914471998151388,0.39919860972120175,24.817938976554302,60,304.8,10.370296255356557,473,-0.01039130599365097
768,mora,packing_B,T10,largo,8,G4,8.904035730002535,0.5127628987690168,0.8286521406417539,False,508,449.89804319176807,12.914471998151388,0.39919860972120175,24.817938976554302,60,304.8,10.370296255356557,474,-0.055921556982480365
768,mora,packing_B,T10,largo,8,G4,8.904035730002535,0.5127628987690168,0.8286521406417539,False,508,449.89804319176807,12.914471998151388,0.39919860972120175,24.817938976554302,60,304.8,10.370296255356557,475,-0.10082671710308451
768,mora,packing_B,T10,largo,8,G4,8.904035730002535,0.5127628987690168,0.8286521406417539,False,508,449.89804319176807,12.914471998151388,0.39919860972120175,24.817938976554302,60,304.8,10.370296255356557,476,0.22192646644500746
768,mora,packing_B,T10,largo,8,G4,8.904035730002535,0.5127628987690168,0.8286521406417539,False,508,449.89804319176807,12.914471998151388,0.39919860972120175,24.817938976554302,60,304.8,10.370296255356557,477,0.2285185136410613
768,mora,packing_B,T10,largo,8,G4,8.904035730002535,0.5127628987690168,0.8286521406417539,False,508,449.89804319176807,12.914471998151388,0.39919860972120175,24.817938976554302,60,304.8,10.370296255356557,478,0.0432236905323653
768,mora,packing_B,T10,largo,8,G4,8.904035730002535,0.5127628987690168,0.8286521406417539,False,508,449.89804319176807,12.914471998151388,0.39919860972120175,24.817938976554302,60,304.8,10.370296255356557,479,0.18700973684351135
768,mora,packing_B,T10,largo,8,G4,8.904035730002535,0.5127628987690168,0.8286521406417539,False,508,449.89804319176807,12.914471998151388,0.39919860972120175,24.817938976554302,60,304.8,10.370296255356557,480,0.4320304504195608
768,mora,packing_B,T10,largo,8,G4,8.904035730002535,0.5127628987690168,0.8286521406417539,False,508,449.89804319176807,12.914471998151388,0.39919860972120175,24.817938976554302,60,304.8,10.370296255356557,481,0.5049162969928007
768,mora,packing_B,T10,largo,8,G4,8.904035730002535,0.5127628987690168,0.8286521406417539,False,508,449.89804319176807,12.914471998151388,0.39919860972120175,24.817938976554302,60,304.8,10.370296255356557,482,0.5972954730665817
768,mora,packing_B,T10,largo,8,G4,8.904035730002535,0.5127628987690168,0.8286521406417539,False,508,449.89804319176807,12.914471998151388,0.39919860972120175,24.817938976554302,60,304.8,10.370296255356557,483,0.6206243730967668
768,mora,packing_B,T10,largo,8,G4,8.904035730002535,0.5127628987690168,0.8286521406417539,False,508,449.89804319176807,12.914471998151388,0.39919860972120175,24.817938976554302,60,304.8,10.370296255356557,484,0.7775083168394601
768,mora,packing_B,T10,largo,8,G4,8.904035730002535,0.5127628987690168,0.8286521406417539,False,508,449.89804319176807,12.914471998151388,0.39919860972120175,24.817938976554302,60,304.8,10.370296255356557,485,0.9055709769631013
768,mora,packing_B,T10,largo,8,G4,8.904035730002535,0.5127628987690168,0.8286521406417539,False,508,449.89804319176807,12.914471998151388,0.39919860972120175,24.817938976554302,60,304.8,10.370296255356557,486,0.9064415852767486
768,mora,packing_B,T10,largo,8,G4,8.904035730002535,0.5127628987690168,0.8286521406417539,False,508,449.89804319176807,12.914471998151388,0.39919860972120175,24.817938976554302,60,304.8,10.370296255356557,487,0.7710354582785289
768,mora,packing_B,T10,largo,8,G4,8.904035730002535,0.5127628987690168,0.8286521406417539,False,508,449.89804319176807,12.914471998151388,0.39919860972120175,24.817938976554302,60,304.8,10.370296255356557,488,0.8843915900312647
768,mora,packing_B,T10,largo,8,G4,8.904035730002535,0.5127628987690168,0.8286521406417539,False,508,449.89804319176807,12.914471998151388,0.39919860972120175,24.817938976554302,60,304.8,10.370296255356557,489,0.9672796678442332
768,mora,packing_B,T10,largo,8,G4,8.904035730002535,0.5127628987690168,0.8286521406417539,False,508,449.89804319176807,12.914471998151388,0.39919860972120175,24.817938976554302,60,304.8,10.370296255356557,490,0.9466004443883821
768,mora,packing_B,T10,largo,8,G4,8.904035730002535,0.5127628987690168,0.8286521406417539,False,508,449.89804319176807,12.914471998151388,0.39919860972120175,24.817938976554302,60,304.8,10.370296255356557,491,0.6748464013535198
768,mora,packing_B,T10,largo,8,G4,8.904035730002535,0.5127628987690168,0.8286521406417539,False,508,449.89804319176807,12.914471998151388,0.39919860972120175,24.817938976554302,60,304.8,10.370296255356557,492,0.8046133702761686
768,mora,packing_B,T10,largo,8,G4,8.904035730002535,0.5127628987690168,0.8286521406417539,False,508,449.89804319176807,12.914471998151388,0.39919860972120175,24.817938976554302,60,304.8,10.370296255356557,493,0.6482628413424719
768,mora,packing_B,T10,largo,8,G4,8.904035730002535,0.5127628987690168,0.8286521406417539,False,508,449.89804319176807,12.914471998151388,0.39919860972120175,24.817938976554302,60,304.8,10.370296255356557,494,0.5519973526213952
768,mora,packing_B,T10,largo,8,G4,8.904035730002535,0.5127628987690168,0.8286521406417539,False,508,449.89804319176807,12.914471998151388,0.39919860972120175,24.817938976554302,60,304.8,10.370296255356557,495,0.4457603425959157
768,mora,packing_B,T10,largo,8,G4,8.904035730002535,0.5127628987690168,0.8286521406417539,False,508,449.89804319176807,12.914471998151388,0.39919860972120175,24.817938976554302,60,304.8,10.370296255356557,496,0.43054278456399553
768,mora,packing_B,T10,largo,8,G4,8.904035730002535,0.5127628987690168,0.8286521406417539,False,508,449.89804319176807,12.914471998151388,0.39919860972120175,24.817938976554302,60,304.8,10.370296255356557,497,0.2708894195078736
768,mora,packing_B,T10,largo,8,G4,8.904035730002535,0.5127628987690168,0.8286521406417539,False,508,449.89804319176807,12.914471998151388,0.39919860972120175,24.817938976554302,60,304.8,10.370296255356557,498,0.13503735099644623
768,mora,packing_B,T10,largo,8,G4,8.904035730002535,0.5127628987690168,0.8286521406417539,False,508,449.89804319176807,12.914471998151388,0.39919860972120175,24.817938976554302,60,304.8,10.370296255356557,499,0.05346649648439977
768,mora,packing_B,T10,largo,8,G4,8.904035730002535,0.5127628987690168,0.8286521406417539,False,508,449.89804319176807,12.914471998151388,0.39919860972120175,24.817938976554302,60,304.8,10.370296255356557,500,-0.3290482043219417
768,mora,packing_B,T10,largo,8,G4,8.904035730002535,0.5127628987690168,0.8286521406417539,False,508,449.89804319176807,12.914471998151388,0.39919860972120175,24.817938976554302,60,304.8,10.370296255356557,501,0.00999689537065751
768,mora,packing_B,T10,largo,8,G4,8.904035730002535,0.5127628987690168,0.8286521406417539,False,508,449.89804319176807,12.914471998151388,0.39919860972120175,24.817938976554302,60,304.8,10.370296255356557,502,0.03936599913203795
768,mora,packing_B,T10,largo,8,G4,8.904035730002535,0.5127628987690168,0.8286521406417539,False,508,449.89804319176807,12.914471998151388,0.39919860972120175,24.817938976554302,60,304.8,10.370296255356557,503,-0.18036996102725636
768,mora,packing_B,T10,largo,8,G4,8.904035730002535,0.5127628987690168,0.8286521406417539,False,508,449.89804319176807,12.914471998151388,0.39919860972120175,24.817938976554302,60,304.8,10.370296255356557,504,-0.07846357707275091
768,mora,packing_B,T10,largo,8,G4,8.904035730002535,0.5127628987690168,0.8286521406417539,False,508,449.89804319176807,12.914471998151388,0.39919860972120175,24.817938976554302,60,304.8,10.370296255356557,505,0.016444835254434596
768,mora,packing_B,T10,largo,8,G4,8.904035730002535,0.5127628987690168,0.8286521406417539,False,508,449.89804319176807,12.914471998151388,0.39919860972120175,24.817938976554302,60,304.8,10.370296255356557,506,-0.05225064590040181
768,mora,packing_B,T10,largo,8,G4,8.904035730002535,0.5127628987690168,0.8286521406417539,False,508,449.89804319176807,12.914471998151388,0.39919860972120175,24.817938976554302,60,304.8,10.370296255356557,507,0.268850321799408
