proceso_id,epoca,packing,tunel,tipo_tunel,iteracion,mass_group,masa_ton,ocupabilidad,caudal_factor,anomalia_duracion,duracion_min,duracion_esperada_min,delta_duracion_pct,setpoint,T0,pct_transitorio,t_trans_min,overshoot_pct,tiempo_min,temperatura
2706,mixtura,packing_A,T08,largo,26,G3,6.159873687949769,0.7544233187181508,0.8747755161551389,False,443,406.6702778843333,8.933458895660856,0.017553035940177125,24.500116576727226,60,265.8,11.496188905862597,0,24.63100804370658
2706,mixtura,packing_A,T08,largo,26,G3,6.159873687949769,0.7544233187181508,0.8747755161551389,False,443,406.6702778843333,8.933458895660856,0.017553035940177125,24.500116576727226,60,265.8,11.496188905862597,1,24.141226362674765
2706,mixtura,packing_A,T08,largo,26,G3,6.159873687949769,0.7544233187181508,0.8747755161551389,False,443,406.6702778843333,8.933458895660856,0.017553035940177125,24.500116576727226,60,265.8,11.496188905862597,2,24.031419047020808
2706,mixtura,packing_A,T08,largo,26,G3,6.159873687949769,0.7544233187181508,0.8747755161551389,False,443,406.6702778843333,8.933458895660856,0.017553035940177125,24.500116576727226,60,265.8,11.496188905862597,3,23.63190954070326
2706,mixtura,packing_A,T08,largo,26,G3,6.159873687949769,0.7544233187181508,0.8747755161551389,False,443,406.6702778843333,8.933458895660856,0.017553035940177125,24.500116576727226,60,265.8,11.496188905862597,4,23.47947708494275
2706,mixtura,packing_A,T08,largo,26,G3,6.159873687949769,0.7544233187181508,0.8747755161551389,False,443,406.6702778843333,8.933458895660856,0.017553035940177125,24.500116576727226,60,265.8,11.496188905862597,5,23.22856880696484
2706,mixtura,packing_A,T08,largo,26,G3,6.159873687949769,0.7544233187181508,0.8747755161551389,False,443,406.6702778843333,8.933458895660856,0.017553035940177125,24.500116576727226,60,265.8,11.496188905862597,6,23.096972880471466
2706,mixtura,packing_A,T08,largo,26,G3,6.159873687949769,0.7544233187181508,0.8747755161551389,False,443,406.6702778843333,8.933458895660856,0.017553035940177125,24.500116576727226,60,265.8,11.496188905862597,7,22.677978932230307
2706,mixtura,packing_A,T08,largo,26,G3,6.159873687949769,0.7544233187181508,0.8747755161551389,False,443,406.6702778843333,8.933458895660856,0.017553035940177125,24.500116576727226,60,265.8,11.496188905862597,8,22.64785660765558
2706,mixtura,packing_A,T08,largo,26,G3,6.159873687949769,0.7544233187181508,0.8747755161551389,False,443,406.6702778843333,8.933458895660856,0.017553035940177125,24.500116576727226,60,265.8,11.496188905862597,9,22.090197356698706
2706,mixtura,packing_A,T08,largo,26,G3,6.159873687949769,0.7544233187181508,0.8747755161551389,False,443,406.6702778843333,8.933458895660856,0.017553035940177125,24.500116576727226,60,265.8,11.496188905862597,10,21.901235062284158
2706,mixtura,packing_A,T08,largo,26,G3,6.159873687949769,0.7544233187181508,0.8747755161551389,False,443,406.6702778843333,8.933458895660856,0.017553035940177125,24.500116576727226,60,265.8,11.496188905862597,11,21.719785397135055
2706,mixtura,packing_A,T08,largo,26,G3,6.159873687949769,0.7544233187181508,0.8747755161551389,False,443,406.6702778843333,8.933458895660856,0.017553035940177125,24.500116576727226,60,265.8,11.496188905862597,12,21.305184274197543
2706,mixtura,packing_A,T08,largo,26,G3,6.159873687949769,0.7544233187181508,0.8747755161551389,False,443,406.6702778843333,8.933458895660856,0.017553035940177125,24.500116576727226,60,265.8,11.496188905862597,13,21.171754955496482
2706,mixtura,packing_A,T08,largo,26,G3,6.159873687949769,0.7544233187181508,0.8747755161551389,False,443,406.6702778843333,8.933458895660856,0.017553035940177125,24.500116576727226,60,265.8,11.496188905862597,14,20.872403087462658
2706,mixtura,packing_A,T08,largo,26,G3,6.159873687949769,0.7544233187181508,0.8747755161551389,False,443,406.6702778843333,8.933458895660856,0.017553035940177125,24.500116576727226,60,265.8,11.496188905862597,15,20.488563330391234
2706,mixtura,packing_A,T08,largo,26,G3,6.159873687949769,0.7544233187181508,0.8747755161551389,False,443,406.6702778843333,8.933458895660856,0.017553035940177125,24.500116576727226,60,265.8,11.496188905862597,16,20.17991942288275
2706,mixtura,packing_A,T08,largo,26,G3,6.159873687949769,0.7544233187181508,0.8747755161551389,False,443,406.6702778843333,8.933458895660856,0.017553035940177125,24.500116576727226,60,265.8,11.496188905862597,17,19.971822258162778
2706,mixtura,packing_A,T08,largo,26,G3,6.159873687949769,0.7544233187181508,0.8747755161551389,False,443,406.6702778843333,8.933458895660856,0.017553035940177125,24.500116576727226,60,265.8,11.496188905862597,18,19.543998535283162
2706,mixtura,packing_A,T08,largo,26,G3,6.159873687949769,0.7544233187181508,0.8747755161551389,False,443,406.6702778843333,8.933458895660856,0.017553035940177125,24.500116576727226,60,265.8,11.496188905862597,19,19.30740520503697
2706,mixtura,packing_A,T08,largo,26,G3,6.159873687949769,0.7544233187181508,0.8747755161551389,False,443,406.6702778843333,8.933458895660856,0.017553035940177125,24.500116576727226,60,265.8,11.496188905862597,20,19.148792488498188
2706,mixtura,packing_A,T08,largo,26,G3,6.159873687949769,0.7544233187181508,0.8747755161551389,False,443,406.6702778843333,8.933458895660856,0.017553035940177125,24.500116576727226,60,265.8,11.496188905862597,21,18.730964633633953
2706,mixtura,packing_A,T08,largo,26,G3,6.159873687949769,0.7544233187181508,0.8747755161551389,False,443,406.6702778843333,8.933458895660856,0.017553035940177125,24.500116576727226,60,265.8,11.496188905862597,22,18.311808363606325
2706,mixtura,packing_A,T08,largo,26,G3,6.159873687949769,0.7544233187181508,0.8747755161551389,False,443,406.6702778843333,8.933458895660856,0.017553035940177125,24.500116576727226,60,265.8,11.496188905862597,23,18.149692584388482
2706,mixtura,packing_A,T08,largo,26,G3,6.159873687949769,0.7544233187181508,0.8747755161551389,False,443,406.6702778843333,8.933458895660856,0.017553035940177125,24.500116576727226,60,265.8,11.496188905862597,24,17.79709886651137
2706,mixtura,packing_A,T08,largo,26,G3,6.159873687949769,0.7544233187181508,0.8747755161551389,False,443,406.6702778843333,8.933458895660856,0.017553035940177125,24.500116576727226,60,265.8,11.496188905862597,25,17.437644146490708
2706,mixtura,packing_A,T08,largo,26,G3,6.159873687949769,0.7544233187181508,0.8747755161551389,False,443,406.6702778843333,8.933458895660856,0.017553035940177125,24.500116576727226,60,265.8,11.496188905862597,26,17.28524076509257
2706,mixtura,packing_A,T08,largo,26,G3,6.159873687949769,0.7544233187181508,0.8747755161551389,False,443,406.6702778843333,8.933458895660856,0.017553035940177125,24.500116576727226,60,265.8,11.496188905862597,27,16.93457889796689
2706,mixtura,packing_A,T08,largo,26,G3,6.159873687949769,0.7544233187181508,0.8747755161551389,False,443,406.6702778843333,8.933458895660856,0.017553035940177125,24.500116576727226,60,265.8,11.496188905862597,28,16.412026740847576
2706,mixtura,packing_A,T08,largo,26,G3,6.159873687949769,0.7544233187181508,0.8747755161551389,False,443,406.6702778843333,8.933458895660856,0.017553035940177125,24.500116576727226,60,265.8,11.496188905862597,29,16.192479261880802
2706,mixtura,packing_A,T08,largo,26,G3,6.159873687949769,0.7544233187181508,0.8747755161551389,False,443,406.6702778843333,8.933458895660856,0.017553035940177125,24.500116576727226,60,265.8,11.496188905862597,30,15.818824924916246
2706,mixtura,packing_A,T08,largo,26,G3,6.159873687949769,0.7544233187181508,0.8747755161551389,False,443,406.6702778843333,8.933458895660856,0.017553035940177125,24.500116576727226,60,265.8,11.496188905862597,31,15.579804100726616
2706,mixtura,packing_A,T08,largo,26,G3,6.159873687949769,0.7544233187181508,0.8747755161551389,False,443,406.6702778843333,8.933458895660856,0.017553035940177125,24.500116576727226,60,265.8,11.496188905862597,32,15.313636249783048
2706,mixtura,packing_A,T08,largo,26,G3,6.159873687949769,0.7544233187181508,0.8747755161551389,False,443,406.6702778843333,8.933458895660856,0.017553035940177125,24.500116576727226,60,265.8,11.496188905862597,33,14.874787353069742
2706,mixtura,packing_A,T08,largo,26,G3,6.159873687949769,0.7544233187181508,0.8747755161551389,False,443,406.6702778843333,8.933458895660856,0.017553035940177125,24.500116576727226,60,265.8,11.496188905862597,34,14.741034233504417
2706,mixtura,packing_A,T08,largo,26,G3,6.159873687949769,0.7544233187181508,0.8747755161551389,False,443,406.6702778843333,8.933458895660856,0.017553035940177125,24.500116576727226,60,265.8,11.496188905862597,35,14.2062373379734
2706,mixtura,packing_A,T08,largo,26,G3,6.159873687949769,0.7544233187181508,0.8747755161551389,False,443,406.6702778843333,8.933458895660856,0.017553035940177125,24.500116576727226,60,265.8,11.496188905862597,36,13.847950470809028
2706,mixtura,packing_A,T08,largo,26,G3,6.159873687949769,0.7544233187181508,0.8747755161551389,False,443,406.6702778843333,8.933458895660856,0.017553035940177125,24.500116576727226,60,265.8,11.496188905862597,37,13.60344147605526
2706,mixtura,packing_A,T08,largo,26,G3,6.159873687949769,0.7544233187181508,0.8747755161551389,False,443,406.6702778843333,8.933458895660856,0.017553035940177125,24.500116576727226,60,265.8,11.496188905862597,38,13.38764197353273
2706,mixtura,packing_A,T08,largo,26,G3,6.159873687949769,0.7544233187181508,0.8747755161551389,False,443,406.6702778843333,8.933458895660856,0.017553035940177125,24.500116576727226,60,265.8,11.496188905862597,39,13.132107957088229
2706,mixtura,packing_A,T08,largo,26,G3,6.159873687949769,0.7544233187181508,0.8747755161551389,False,443,406.6702778843333,8.933458895660856,0.017553035940177125,24.500116576727226,60,265.8,11.496188905862597,40,12.6254856500839
2706,mixtura,packing_A,T08,largo,26,G3,6.159873687949769,0.7544233187181508,0.8747755161551389,False,443,406.6702778843333,8.933458895660856,0.017553035940177125,24.500116576727226,60,265.8,11.496188905862597,41,12.417783023601077
2706,mixtura,packing_A,T08,largo,26,G3,6.159873687949769,0.7544233187181508,0.8747755161551389,False,443,406.6702778843333,8.933458895660856,0.017553035940177125,24.500116576727226,60,265.8,11.496188905862597,42,11.794723186205022
2706,mixtura,packing_A,T08,largo,26,G3,6.159873687949769,0.7544233187181508,0.8747755161551389,False,443,406.6702778843333,8.933458895660856,0.017553035940177125,24.500116576727226,60,265.8,11.496188905862597,43,11.617038644458486
2706,mixtura,packing_A,T08,largo,26,G3,6.159873687949769,0.7544233187181508,0.8747755161551389,False,443,406.6702778843333,8.933458895660856,0.017553035940177125,24.500116576727226,60,265.8,11.496188905862597,44,11.60564510944463
2706,mixtura,packing_A,T08,largo,26,G3,6.159873687949769,0.7544233187181508,0.8747755161551389,False,443,406.6702778843333,8.933458895660856,0.017553035940177125,24.500116576727226,60,265.8,11.496188905862597,45,11.17616810665963
2706,mixtura,packing_A,T08,largo,26,G3,6.159873687949769,0.7544233187181508,0.8747755161551389,False,443,406.6702778843333,8.933458895660856,0.017553035940177125,24.500116576727226,60,265.8,11.496188905862597,46,10.527608846331265
2706,mixtura,packing_A,T08,largo,26,G3,6.159873687949769,0.7544233187181508,0.8747755161551389,False,443,406.6702778843333,8.933458895660856,0.017553035940177125,24.500116576727226,60,265.8,11.496188905862597,47,10.535481444420908
2706,mixtura,packing_A,T08,largo,26,G3,6.159873687949769,0.7544233187181508,0.8747755161551389,False,443,406.6702778843333,8.933458895660856,0.017553035940177125,24.500116576727226,60,265.8,11.496188905862597,48,10.066420934351676
2706,mixtura,packing_A,T08,largo,26,G3,6.159873687949769,0.7544233187181508,0.8747755161551389,False,443,406.6702778843333,8.933458895660856,0.017553035940177125,24.500116576727226,60,265.8,11.496188905862597,49,9.648937778374258
2706,mixtura,packing_A,T08,largo,26,G3,6.159873687949769,0.7544233187181508,0.8747755161551389,False,443,406.6702778843333,8.933458895660856,0.017553035940177125,24.500116576727226,60,265.8,11.496188905862597,50,9.518575301672172
2706,mixtura,packing_A,T08,largo,26,G3,6.159873687949769,0.7544233187181508,0.8747755161551389,False,443,406.6702778843333,8.933458895660856,0.017553035940177125,24.500116576727226,60,265.8,11.496188905862597,51,9.24965877202937
2706,mixtura,packing_A,T08,largo,26,G3,6.159873687949769,0.7544233187181508,0.8747755161551389,False,443,406.6702778843333,8.933458895660856,0.017553035940177125,24.500116576727226,60,265.8,11.496188905862597,52,8.944863530485062
2706,mixtura,packing_A,T08,largo,26,G3,6.159873687949769,0.7544233187181508,0.8747755161551389,False,443,406.6702778843333,8.933458895660856,0.017553035940177125,24.500116576727226,60,265.8,11.496188905862597,53,8.572724673852704
2706,mixtura,packing_A,T08,largo,26,G3,6.159873687949769,0.7544233187181508,0.8747755161551389,False,443,406.6702778843333,8.933458895660856,0.017553035940177125,24.500116576727226,60,265.8,11.496188905862597,54,8.205150273704225
2706,mixtura,packing_A,T08,largo,26,G3,6.159873687949769,0.7544233187181508,0.8747755161551389,False,443,406.6702778843333,8.933458895660856,0.017553035940177125,24.500116576727226,60,265.8,11.496188905862597,55,7.955075242456001
2706,mixtura,packing_A,T08,largo,26,G3,6.159873687949769,0.7544233187181508,0.8747755161551389,False,443,406.6702778843333,8.933458895660856,0.017553035940177125,24.500116576727226,60,265.8,11.496188905862597,56,7.448520870513115
2706,mixtura,packing_A,T08,largo,26,G3,6.159873687949769,0.7544233187181508,0.8747755161551389,False,443,406.6702778843333,8.933458895660856,0.017553035940177125,24.500116576727226,60,265.8,11.496188905862597,57,7.198101451498843
2706,mixtura,packing_A,T08,largo,26,G3,6.159873687949769,0.7544233187181508,0.8747755161551389,False,443,406.6702778843333,8.933458895660856,0.017553035940177125,24.500116576727226,60,265.8,11.496188905862597,58,6.8366776006622265
2706,mixtura,packing_A,T08,largo,26,G3,6.159873687949769,0.7544233187181508,0.8747755161551389,False,443,406.6702778843333,8.933458895660856,0.017553035940177125,24.500116576727226,60,265.8,11.496188905862597,59,6.824431968039037
2706,mixtura,packing_A,T08,largo,26,G3,6.159873687949769,0.7544233187181508,0.8747755161551389,False,443,406.6702778843333,8.933458895660856,0.017553035940177125,24.500116576727226,60,265.8,11.496188905862597,60,6.328913861141762
2706,mixtura,packing_A,T08,largo,26,G3,6.159873687949769,0.7544233187181508,0.8747755161551389,False,443,406.6702778843333,8.933458895660856,0.017553035940177125,24.500116576727226,60,265.8,11.496188905862597,61,6.084049593849007
2706,mixtura,packing_A,T08,largo,26,G3,6.159873687949769,0.7544233187181508,0.8747755161551389,False,443,406.6702778843333,8.933458895660856,0.017553035940177125,24.500116576727226,60,265.8,11.496188905862597,62,5.797253076277989
2706,mixtura,packing_A,T08,largo,26,G3,6.159873687949769,0.7544233187181508,0.8747755161551389,False,443,406.6702778843333,8.933458895660856,0.017553035940177125,24.500116576727226,60,265.8,11.496188905862597,63,5.461050824788988
2706,mixtura,packing_A,T08,largo,26,G3,6.159873687949769,0.7544233187181508,0.8747755161551389,False,443,406.6702778843333,8.933458895660856,0.017553035940177125,24.500116576727226,60,265.8,11.496188905862597,64,5.137934453280759
2706,mixtura,packing_A,T08,largo,26,G3,6.159873687949769,0.7544233187181508,0.8747755161551389,False,443,406.6702778843333,8.933458895660856,0.017553035940177125,24.500116576727226,60,265.8,11.496188905862597,65,4.870051774107142
2706,mixtura,packing_A,T08,largo,26,G3,6.159873687949769,0.7544233187181508,0.8747755161551389,False,443,406.6702778843333,8.933458895660856,0.017553035940177125,24.500116576727226,60,265.8,11.496188905862597,66,4.495287816830403
2706,mixtura,packing_A,T08,largo,26,G3,6.159873687949769,0.7544233187181508,0.8747755161551389,False,443,406.6702778843333,8.933458895660856,0.017553035940177125,24.500116576727226,60,265.8,11.496188905862597,67,4.394100974150863
2706,mixtura,packing_A,T08,largo,26,G3,6.159873687949769,0.7544233187181508,0.8747755161551389,False,443,406.6702778843333,8.933458895660856,0.017553035940177125,24.500116576727226,60,265.8,11.496188905862597,68,4.2382462577171935
2706,mixtura,packing_A,T08,largo,26,G3,6.159873687949769,0.7544233187181508,0.8747755161551389,False,443,406.6702778843333,8.933458895660856,0.017553035940177125,24.500116576727226,60,265.8,11.496188905862597,69,3.761241856691769
2706,mixtura,packing_A,T08,largo,26,G3,6.159873687949769,0.7544233187181508,0.8747755161551389,False,443,406.6702778843333,8.933458895660856,0.017553035940177125,24.500116576727226,60,265.8,11.496188905862597,70,3.3709641804888957
2706,mixtura,packing_A,T08,largo,26,G3,6.159873687949769,0.7544233187181508,0.8747755161551389,False,443,406.6702778843333,8.933458895660856,0.017553035940177125,24.500116576727226,60,265.8,11.496188905862597,71,3.250306284651847
2706,mixtura,packing_A,T08,largo,26,G3,6.159873687949769,0.7544233187181508,0.8747755161551389,False,443,406.6702778843333,8.933458895660856,0.017553035940177125,24.500116576727226,60,265.8,11.496188905862597,72,3.1393539314269683
2706,mixtura,packing_A,T08,largo,26,G3,6.159873687949769,0.7544233187181508,0.8747755161551389,False,443,406.6702778843333,8.933458895660856,0.017553035940177125,24.500116576727226,60,265.8,11.496188905862597,73,3.007950528235976
2706,mixtura,packing_A,T08,largo,26,G3,6.159873687949769,0.7544233187181508,0.8747755161551389,False,443,406.6702778843333,8.933458895660856,0.017553035940177125,24.500116576727226,60,265.8,11.496188905862597,74,2.552267830568065
2706,mixtura,packing_A,T08,largo,26,G3,6.159873687949769,0.7544233187181508,0.8747755161551389,False,443,406.6702778843333,8.933458895660856,0.017553035940177125,24.500116576727226,60,265.8,11.496188905862597,75,2.4647917468506004
2706,mixtura,packing_A,T08,largo,26,G3,6.159873687949769,0.7544233187181508,0.8747755161551389,False,443,406.6702778843333,8.933458895660856,0.017553035940177125,24.500116576727226,60,265.8,11.496188905862597,76,2.162739445435534
2706,mixtura,packing_A,T08,largo,26,G3,6.159873687949769,0.7544233187181508,0.8747755161551389,False,443,406.6702778843333,8.933458895660856,0.017553035940177125,24.500116576727226,60,265.8,11.496188905862597,77,1.7012974905433986
2706,mixtura,packing_A,T08,largo,26,G3,6.159873687949769,0.7544233187181508,0.8747755161551389,False,443,406.6702778843333,8.933458895660856,0.017553035940177125,24.500116576727226,60,265.8,11.496188905862597,78,1.3849233773120702
2706,mixtura,packing_A,T08,largo,26,G3,6.159873687949769,0.7544233187181508,0.8747755161551389,False,443,406.6702778843333,8.933458895660856,0.017553035940177125,24.500116576727226,60,265.8,11.496188905862597,79,1.3496409462136565
2706,mixtura,packing_A,T08,largo,26,G3,6.159873687949769,0.7544233187181508,0.8747755161551389,False,443,406.6702778843333,8.933458895660856,0.017553035940177125,24.500116576727226,60,265.8,11.496188905862597,80,1.0230819619346794
2706,mixtura,packing_A,T08,largo,26,G3,6.159873687949769,0.7544233187181508,0.8747755161551389,False,443,406.6702778843333,8.933458895660856,0.017553035940177125,24.500116576727226,60,265.8,11.496188905862597,81,0.9619250287804981
2706,mixtura,packing_A,T08,largo,26,G3,6.159873687949769,0.7544233187181508,0.8747755161551389,False,443,406.6702778843333,8.933458895660856,0.017553035940177125,24.500116576727226,60,265.8,11.496188905862597,82,0.7253861747050926
2706,mixtura,packing_A,T08,largo,26,G3,6.159873687949769,0.7544233187181508,0.8747755161551389,False,443,406.6702778843333,8.933458895660856,0.017553035940177125,24.500116576727226,60,265.8,11.496188905862597,83,0.24026046363231712
2706,mixtura,packing_A,T08,largo,26,G3,6.159873687949769,0.7544233187181508,0.8747755161551389,False,443,406.6702778843333,8.933458895660856,0.017553035940177125,24.500116576727226,60,265.8,11.496188905862597,84,0.02481092439957941
2706,mixtura,packing_A,T08,largo,26,G3,6.159873687949769,0.7544233187181508,0.8747755161551389,False,443,406.6702778843333,8.933458895660856,0.017553035940177125,24.500116576727226,60,265.8,11.496188905862597,85,-0.17882328411899823
2706,mixtura,packing_A,T08,largo,26,G3,6.159873687949769,0.7544233187181508,0.8747755161551389,False,443,406.6702778843333,8.933458895660856,0.017553035940177125,24.500116576727226,60,265.8,11.496188905862597,86,-0.35149511901081043
2706,mixtura,packing_A,T08,largo,26,G3,6.159873687949769,0.7544233187181508,0.8747755161551389,False,443,406.6702778843333,8.933458895660856,0.017553035940177125,24.500116576727226,60,265.8,11.496188905862597,87,-0.5839408486527304
2706,mixtura,packing_A,T08,largo,26,G3,6.159873687949769,0.7544233187181508,0.8747755161551389,False,443,406.6702778843333,8.933458895660856,0.017553035940177125,24.500116576727226,60,265.8,11.496188905862597,88,-0.7658247659008969
2706,mixtura,packing_A,T08,largo,26,G3,6.159873687949769,0.7544233187181508,0.8747755161551389,False,443,406.6702778843333,8.933458895660856,0.017553035940177125,24.500116576727226,60,265.8,11.496188905862597,89,-0.8959509154357079
2706,mixtura,packing_A,T08,largo,26,G3,6.159873687949769,0.7544233187181508,0.8747755161551389,False,443,406.6702778843333,8.933458895660856,0.017553035940177125,24.500116576727226,60,265.8,11.496188905862597,90,-1.0011589028463805
2706,mixtura,packing_A,T08,largo,26,G3,6.159873687949769,0.7544233187181508,0.8747755161551389,False,443,406.6702778843333,8.933458895660856,0.017553035940177125,24.500116576727226,60,265.8,11.496188905862597,91,-1.4248549491722662
2706,mixtura,packing_A,T08,largo,26,G3,6.159873687949769,0.7544233187181508,0.8747755161551389,False,443,406.6702778843333,8.933458895660856,0.017553035940177125,24.500116576727226,60,265.8,11.496188905862597,92,-1.7089394909292748
2706,mixtura,packing_A,T08,largo,26,G3,6.159873687949769,0.7544233187181508,0.8747755161551389,False,443,406.6702778843333,8.933458895660856,0.017553035940177125,24.500116576727226,60,265.8,11.496188905862597,93,-1.904810021219805
2706,mixtura,packing_A,T08,largo,26,G3,6.159873687949769,0.7544233187181508,0.8747755161551389,False,443,406.6702778843333,8.933458895660856,0.017553035940177125,24.500116576727226,60,265.8,11.496188905862597,94,-2.0011859734055317
2706,mixtura,packing_A,T08,largo,26,G3,6.159873687949769,0.7544233187181508,0.8747755161551389,False,443,406.6702778843333,8.933458895660856,0.017553035940177125,24.500116576727226,60,265.8,11.496188905862597,95,-2.0506999243286974
2706,mixtura,packing_A,T08,largo,26,G3,6.159873687949769,0.7544233187181508,0.8747755161551389,False,443,406.6702778843333,8.933458895660856,0.017553035940177125,24.500116576727226,60,265.8,11.496188905862597,96,-2.29131880691672
2706,mixtura,packing_A,T08,largo,26,G3,6.159873687949769,0.7544233187181508,0.8747755161551389,False,443,406.6702778843333,8.933458895660856,0.017553035940177125,24.500116576727226,60,265.8,11.496188905862597,97,-2.342294405894571
2706,mixtura,packing_A,T08,largo,26,G3,6.159873687949769,0.7544233187181508,0.8747755161551389,False,443,406.6702778843333,8.933458895660856,0.017553035940177125,24.500116576727226,60,265.8,11.496188905862597,98,-2.702938691260216
2706,mixtura,packing_A,T08,largo,26,G3,6.159873687949769,0.7544233187181508,0.8747755161551389,False,443,406.6702778843333,8.933458895660856,0.017553035940177125,24.500116576727226,60,265.8,11.496188905862597,99,-2.8407360764083114
2706,mixtura,packing_A,T08,largo,26,G3,6.159873687949769,0.7544233187181508,0.8747755161551389,False,443,406.6702778843333,8.933458895660856,0.017553035940177125,24.500116576727226,60,265.8,11.496188905862597,100,-3.0696022088763253
2706,mixtura,packing_A,T08,largo,26,G3,6.159873687949769,0.7544233187181508,0.8747755161551389,False,443,406.6702778843333,8.933458895660856,0.017553035940177125,24.500116576727226,60,265.8,11.496188905862597,101,-3.2337898496231423
2706,mixtura,packing_A,T08,largo,26,G3,6.159873687949769,0.7544233187181508,0.8747755161551389,False,443,406.6702778843333,8.933458895660856,0.017553035940177125,24.500116576727226,60,265.8,11.496188905862597,102,-3.2236412558100946
2706,mixtura,packing_A,T08,largo,26,G3,6.159873687949769,0.7544233187181508,0.8747755161551389,False,443,406.6702778843333,8.933458895660856,0.017553035940177125,24.500116576727226,60,265.8,11.496188905862597,103,-3.4818104308755347
2706,mixtura,packing_A,T08,largo,26,G3,6.159873687949769,0.7544233187181508,0.8747755161551389,False,443,406.6702778843333,8.933458895660856,0.017553035940177125,24.500116576727226,60,265.8,11.496188905862597,104,-3.7028347505408057
2706,mixtura,packing_A,T08,largo,26,G3,6.159873687949769,0.7544233187181508,0.8747755161551389,False,443,406.6702778843333,8.933458895660856,0.017553035940177125,24.500116576727226,60,265.8,11.496188905862597,105,-4.034021588003946
2706,mixtura,packing_A,T08,largo,26,G3,6.159873687949769,0.7544233187181508,0.8747755161551389,False,443,406.6702778843333,8.933458895660856,0.017553035940177125,24.500116576727226,60,265.8,11.496188905862597,106,-3.9082724068069115
2706,mixtura,packing_A,T08,largo,26,G3,6.159873687949769,0.7544233187181508,0.8747755161551389,False,443,406.6702778843333,8.933458895660856,0.017553035940177125,24.500116576727226,60,265.8,11.496188905862597,107,-4.10734193719068
2706,mixtura,packing_A,T08,largo,26,G3,6.159873687949769,0.7544233187181508,0.8747755161551389,False,443,406.6702778843333,8.933458895660856,0.017553035940177125,24.500116576727226,60,265.8,11.496188905862597,108,-4.382855127201816
2706,mixtura,packing_A,T08,largo,26,G3,6.159873687949769,0.7544233187181508,0.8747755161551389,False,443,406.6702778843333,8.933458895660856,0.017553035940177125,24.500116576727226,60,265.8,11.496188905862597,109,-4.402549015260637
2706,mixtura,packing_A,T08,largo,26,G3,6.159873687949769,0.7544233187181508,0.8747755161551389,False,443,406.6702778843333,8.933458895660856,0.017553035940177125,24.500116576727226,60,265.8,11.496188905862597,110,-4.4311148769129725
2706,mixtura,packing_A,T08,largo,26,G3,6.159873687949769,0.7544233187181508,0.8747755161551389,False,443,406.6702778843333,8.933458895660856,0.017553035940177125,24.500116576727226,60,265.8,11.496188905862597,111,-4.658140780273512
2706,mixtura,packing_A,T08,largo,26,G3,6.159873687949769,0.7544233187181508,0.8747755161551389,False,443,406.6702778843333,8.933458895660856,0.017553035940177125,24.500116576727226,60,265.8,11.496188905862597,112,-4.870730995002775
2706,mixtura,packing_A,T08,largo,26,G3,6.159873687949769,0.7544233187181508,0.8747755161551389,False,443,406.6702778843333,8.933458895660856,0.017553035940177125,24.500116576727226,60,265.8,11.496188905862597,113,-4.976095459470997
2706,mixtura,packing_A,T08,largo,26,G3,6.159873687949769,0.7544233187181508,0.8747755161551389,False,443,406.6702778843333,8.933458895660856,0.017553035940177125,24.500116576727226,60,265.8,11.496188905862597,114,-4.961129587760359
2706,mixtura,packing_A,T08,largo,26,G3,6.159873687949769,0.7544233187181508,0.8747755161551389,False,443,406.6702778843333,8.933458895660856,0.017553035940177125,24.500116576727226,60,265.8,11.496188905862597,115,-5.258150397279428
2706,mixtura,packing_A,T08,largo,26,G3,6.159873687949769,0.7544233187181508,0.8747755161551389,False,443,406.6702778843333,8.933458895660856,0.017553035940177125,24.500116576727226,60,265.8,11.496188905862597,116,-5.264713206394674
2706,mixtura,packing_A,T08,largo,26,G3,6.159873687949769,0.7544233187181508,0.8747755161551389,False,443,406.6702778843333,8.933458895660856,0.017553035940177125,24.500116576727226,60,265.8,11.496188905862597,117,-5.536637364714261
2706,mixtura,packing_A,T08,largo,26,G3,6.159873687949769,0.7544233187181508,0.8747755161551389,False,443,406.6702778843333,8.933458895660856,0.017553035940177125,24.500116576727226,60,265.8,11.496188905862597,118,-5.565924379924299
2706,mixtura,packing_A,T08,largo,26,G3,6.159873687949769,0.7544233187181508,0.8747755161551389,False,443,406.6702778843333,8.933458895660856,0.017553035940177125,24.500116576727226,60,265.8,11.496188905862597,119,-5.712004859064586
2706,mixtura,packing_A,T08,largo,26,G3,6.159873687949769,0.7544233187181508,0.8747755161551389,False,443,406.6702778843333,8.933458895660856,0.017553035940177125,24.500116576727226,60,265.8,11.496188905862597,120,-5.540405812548172
2706,mixtura,packing_A,T08,largo,26,G3,6.159873687949769,0.7544233187181508,0.8747755161551389,False,443,406.6702778843333,8.933458895660856,0.017553035940177125,24.500116576727226,60,265.8,11.496188905862597,121,-6.000308040473649
2706,mixtura,packing_A,T08,largo,26,G3,6.159873687949769,0.7544233187181508,0.8747755161551389,False,443,406.6702778843333,8.933458895660856,0.017553035940177125,24.500116576727226,60,265.8,11.496188905862597,122,-5.934674384821332
2706,mixtura,packing_A,T08,largo,26,G3,6.159873687949769,0.7544233187181508,0.8747755161551389,False,443,406.6702778843333,8.933458895660856,0.017553035940177125,24.500116576727226,60,265.8,11.496188905862597,123,-5.89134092364075
2706,mixtura,packing_A,T08,largo,26,G3,6.159873687949769,0.7544233187181508,0.8747755161551389,False,443,406.6702778843333,8.933458895660856,0.017553035940177125,24.500116576727226,60,265.8,11.496188905862597,124,-5.8534214756463285
2706,mixtura,packing_A,T08,largo,26,G3,6.159873687949769,0.7544233187181508,0.8747755161551389,False,443,406.6702778843333,8.933458895660856,0.017553035940177125,24.500116576727226,60,265.8,11.496188905862597,125,-6.316706666815169
2706,mixtura,packing_A,T08,largo,26,G3,6.159873687949769,0.7544233187181508,0.8747755161551389,False,443,406.6702778843333,8.933458895660856,0.017553035940177125,24.500116576727226,60,265.8,11.496188905862597,126,-6.104921438727251
2706,mixtura,packing_A,T08,largo,26,G3,6.159873687949769,0.7544233187181508,0.8747755161551389,False,443,406.6702778843333,8.933458895660856,0.017553035940177125,24.500116576727226,60,265.8,11.496188905862597,127,-6.2675352047835995
2706,mixtura,packing_A,T08,largo,26,G3,6.159873687949769,0.7544233187181508,0.8747755161551389,False,443,406.6702778843333,8.933458895660856,0.017553035940177125,24.500116576727226,60,265.8,11.496188905862597,128,-6.328015883915643
2706,mixtura,packing_A,T08,largo,26,G3,6.159873687949769,0.7544233187181508,0.8747755161551389,False,443,406.6702778843333,8.933458895660856,0.017553035940177125,24.500116576727226,60,265.8,11.496188905862597,129,-6.435822484959451
2706,mixtura,packing_A,T08,largo,26,G3,6.159873687949769,0.7544233187181508,0.8747755161551389,False,443,406.6702778843333,8.933458895660856,0.017553035940177125,24.500116576727226,60,265.8,11.496188905862597,130,-6.487921313882117
2706,mixtura,packing_A,T08,largo,26,G3,6.159873687949769,0.7544233187181508,0.8747755161551389,False,443,406.6702778843333,8.933458895660856,0.017553035940177125,24.500116576727226,60,265.8,11.496188905862597,131,-6.639489828589415
2706,mixtura,packing_A,T08,largo,26,G3,6.159873687949769,0.7544233187181508,0.8747755161551389,False,443,406.6702778843333,8.933458895660856,0.017553035940177125,24.500116576727226,60,265.8,11.496188905862597,132,-6.703390710110091
2706,mixtura,packing_A,T08,largo,26,G3,6.159873687949769,0.7544233187181508,0.8747755161551389,False,443,406.6702778843333,8.933458895660856,0.017553035940177125,24.500116576727226,60,265.8,11.496188905862597,133,-6.8115942008203865
2706,mixtura,packing_A,T08,largo,26,G3,6.159873687949769,0.7544233187181508,0.8747755161551389,False,443,406.6702778843333,8.933458895660856,0.017553035940177125,24.500116576727226,60,265.8,11.496188905862597,134,-6.786118488662788
2706,mixtura,packing_A,T08,largo,26,G3,6.159873687949769,0.7544233187181508,0.8747755161551389,False,443,406.6702778843333,8.933458895660856,0.017553035940177125,24.500116576727226,60,265.8,11.496188905862597,135,-6.881009834949896
2706,mixtura,packing_A,T08,largo,26,G3,6.159873687949769,0.7544233187181508,0.8747755161551389,False,443,406.6702778843333,8.933458895660856,0.017553035940177125,24.500116576727226,60,265.8,11.496188905862597,136,-6.800854808029574
2706,mixtura,packing_A,T08,largo,26,G3,6.159873687949769,0.7544233187181508,0.8747755161551389,False,443,406.6702778843333,8.933458895660856,0.017553035940177125,24.500116576727226,60,265.8,11.496188905862597,137,-6.795689369836409
2706,mixtura,packing_A,T08,largo,26,G3,6.159873687949769,0.7544233187181508,0.8747755161551389,False,443,406.6702778843333,8.933458895660856,0.017553035940177125,24.500116576727226,60,265.8,11.496188905862597,138,-6.825623939992729
2706,mixtura,packing_A,T08,largo,26,G3,6.159873687949769,0.7544233187181508,0.8747755161551389,False,443,406.6702778843333,8.933458895660856,0.017553035940177125,24.500116576727226,60,265.8,11.496188905862597,139,-7.044135591661639
2706,mixtura,packing_A,T08,largo,26,G3,6.159873687949769,0.7544233187181508,0.8747755161551389,False,443,406.6702778843333,8.933458895660856,0.017553035940177125,24.500116576727226,60,265.8,11.496188905862597,140,-6.955340408467653
2706,mixtura,packing_A,T08,largo,26,G3,6.159873687949769,0.7544233187181508,0.8747755161551389,False,443,406.6702778843333,8.933458895660856,0.017553035940177125,24.500116576727226,60,265.8,11.496188905862597,141,-7.0983515992705675
2706,mixtura,packing_A,T08,largo,26,G3,6.159873687949769,0.7544233187181508,0.8747755161551389,False,443,406.6702778843333,8.933458895660856,0.017553035940177125,24.500116576727226,60,265.8,11.496188905862597,142,-7.066945246406822
2706,mixtura,packing_A,T08,largo,26,G3,6.159873687949769,0.7544233187181508,0.8747755161551389,False,443,406.6702778843333,8.933458895660856,0.017553035940177125,24.500116576727226,60,265.8,11.496188905862597,143,-6.97707511894341
2706,mixtura,packing_A,T08,largo,26,G3,6.159873687949769,0.7544233187181508,0.8747755161551389,False,443,406.6702778843333,8.933458895660856,0.017553035940177125,24.500116576727226,60,265.8,11.496188905862597,144,-6.995412341473557
2706,mixtura,packing_A,T08,largo,26,G3,6.159873687949769,0.7544233187181508,0.8747755161551389,False,443,406.6702778843333,8.933458895660856,0.017553035940177125,24.500116576727226,60,265.8,11.496188905862597,145,-7.064662446918636
2706,mixtura,packing_A,T08,largo,26,G3,6.159873687949769,0.7544233187181508,0.8747755161551389,False,443,406.6702778843333,8.933458895660856,0.017553035940177125,24.500116576727226,60,265.8,11.496188905862597,146,-7.198382213979144
2706,mixtura,packing_A,T08,largo,26,G3,6.159873687949769,0.7544233187181508,0.8747755161551389,False,443,406.6702778843333,8.933458895660856,0.017553035940177125,24.500116576727226,60,265.8,11.496188905862597,147,-7.19221450162183
2706,mixtura,packing_A,T08,largo,26,G3,6.159873687949769,0.7544233187181508,0.8747755161551389,False,443,406.6702778843333,8.933458895660856,0.017553035940177125,24.500116576727226,60,265.8,11.496188905862597,148,-6.999227388892197
2706,mixtura,packing_A,T08,largo,26,G3,6.159873687949769,0.7544233187181508,0.8747755161551389,False,443,406.6702778843333,8.933458895660856,0.017553035940177125,24.500116576727226,60,265.8,11.496188905862597,149,-7.186674204407749
2706,mixtura,packing_A,T08,largo,26,G3,6.159873687949769,0.7544233187181508,0.8747755161551389,False,443,406.6702778843333,8.933458895660856,0.017553035940177125,24.500116576727226,60,265.8,11.496188905862597,150,-7.048822990231765
2706,mixtura,packing_A,T08,largo,26,G3,6.159873687949769,0.7544233187181508,0.8747755161551389,False,443,406.6702778843333,8.933458895660856,0.017553035940177125,24.500116576727226,60,265.8,11.496188905862597,151,-7.313303681261553
2706,mixtura,packing_A,T08,largo,26,G3,6.159873687949769,0.7544233187181508,0.8747755161551389,False,443,406.6702778843333,8.933458895660856,0.017553035940177125,24.500116576727226,60,265.8,11.496188905862597,152,-7.221482919355868
2706,mixtura,packing_A,T08,largo,26,G3,6.159873687949769,0.7544233187181508,0.8747755161551389,False,443,406.6702778843333,8.933458895660856,0.017553035940177125,24.500116576727226,60,265.8,11.496188905862597,153,-7.078958335961223
2706,mixtura,packing_A,T08,largo,26,G3,6.159873687949769,0.7544233187181508,0.8747755161551389,False,443,406.6702778843333,8.933458895660856,0.017553035940177125,24.500116576727226,60,265.8,11.496188905862597,154,-7.1471375246563085
2706,mixtura,packing_A,T08,largo,26,G3,6.159873687949769,0.7544233187181508,0.8747755161551389,False,443,406.6702778843333,8.933458895660856,0.017553035940177125,24.500116576727226,60,265.8,11.496188905862597,155,-6.97177136128859
2706,mixtura,packing_A,T08,largo,26,G3,6.159873687949769,0.7544233187181508,0.8747755161551389,False,443,406.6702778843333,8.933458895660856,0.017553035940177125,24.500116576727226,60,265.8,11.496188905862597,156,-7.14663310901615
2706,mixtura,packing_A,T08,largo,26,G3,6.159873687949769,0.7544233187181508,0.8747755161551389,False,443,406.6702778843333,8.933458895660856,0.017553035940177125,24.500116576727226,60,265.8,11.496188905862597,157,-7.263462556299049
2706,mixtura,packing_A,T08,largo,26,G3,6.159873687949769,0.7544233187181508,0.8747755161551389,False,443,406.6702778843333,8.933458895660856,0.017553035940177125,24.500116576727226,60,265.8,11.496188905862597,158,-7.070329617518677
2706,mixtura,packing_A,T08,largo,26,G3,6.159873687949769,0.7544233187181508,0.8747755161551389,False,443,406.6702778843333,8.933458895660856,0.017553035940177125,24.500116576727226,60,265.8,11.496188905862597,159,-7.238320984731076
2706,mixtura,packing_A,T08,largo,26,G3,6.159873687949769,0.7544233187181508,0.8747755161551389,False,443,406.6702778843333,8.933458895660856,0.017553035940177125,24.500116576727226,60,265.8,11.496188905862597,160,-7.162948527181682
2706,mixtura,packing_A,T08,largo,26,G3,6.159873687949769,0.7544233187181508,0.8747755161551389,False,443,406.6702778843333,8.933458895660856,0.017553035940177125,24.500116576727226,60,265.8,11.496188905862597,161,-7.111015021382896
2706,mixtura,packing_A,T08,largo,26,G3,6.159873687949769,0.7544233187181508,0.8747755161551389,False,443,406.6702778843333,8.933458895660856,0.017553035940177125,24.500116576727226,60,265.8,11.496188905862597,162,-7.029375574169478
2706,mixtura,packing_A,T08,largo,26,G3,6.159873687949769,0.7544233187181508,0.8747755161551389,False,443,406.6702778843333,8.933458895660856,0.017553035940177125,24.500116576727226,60,265.8,11.496188905862597,163,-7.131752930676384
2706,mixtura,packing_A,T08,largo,26,G3,6.159873687949769,0.7544233187181508,0.8747755161551389,False,443,406.6702778843333,8.933458895660856,0.017553035940177125,24.500116576727226,60,265.8,11.496188905862597,164,-7.221420711058348
2706,mixtura,packing_A,T08,largo,26,G3,6.159873687949769,0.7544233187181508,0.8747755161551389,False,443,406.6702778843333,8.933458895660856,0.017553035940177125,24.500116576727226,60,265.8,11.496188905862597,165,-6.970922999033395
2706,mixtura,packing_A,T08,largo,26,G3,6.159873687949769,0.7544233187181508,0.8747755161551389,False,443,406.6702778843333,8.933458895660856,0.017553035940177125,24.500116576727226,60,265.8,11.496188905862597,166,-6.874008110922911
2706,mixtura,packing_A,T08,largo,26,G3,6.159873687949769,0.7544233187181508,0.8747755161551389,False,443,406.6702778843333,8.933458895660856,0.017553035940177125,24.500116576727226,60,265.8,11.496188905862597,167,-6.917518578253032
2706,mixtura,packing_A,T08,largo,26,G3,6.159873687949769,0.7544233187181508,0.8747755161551389,False,443,406.6702778843333,8.933458895660856,0.017553035940177125,24.500116576727226,60,265.8,11.496188905862597,168,-6.790735692736933
2706,mixtura,packing_A,T08,largo,26,G3,6.159873687949769,0.7544233187181508,0.8747755161551389,False,443,406.6702778843333,8.933458895660856,0.017553035940177125,24.500116576727226,60,265.8,11.496188905862597,169,-6.85854548888072
2706,mixtura,packing_A,T08,largo,26,G3,6.159873687949769,0.7544233187181508,0.8747755161551389,False,443,406.6702778843333,8.933458895660856,0.017553035940177125,24.500116576727226,60,265.8,11.496188905862597,170,-6.843895332120065
2706,mixtura,packing_A,T08,largo,26,G3,6.159873687949769,0.7544233187181508,0.8747755161551389,False,443,406.6702778843333,8.933458895660856,0.017553035940177125,24.500116576727226,60,265.8,11.496188905862597,171,-6.84016628456682
2706,mixtura,packing_A,T08,largo,26,G3,6.159873687949769,0.7544233187181508,0.8747755161551389,False,443,406.6702778843333,8.933458895660856,0.017553035940177125,24.500116576727226,60,265.8,11.496188905862597,172,-6.793164510986316
2706,mixtura,packing_A,T08,largo,26,G3,6.159873687949769,0.7544233187181508,0.8747755161551389,False,443,406.6702778843333,8.933458895660856,0.017553035940177125,24.500116576727226,60,265.8,11.496188905862597,173,-6.618689809447894
2706,mixtura,packing_A,T08,largo,26,G3,6.159873687949769,0.7544233187181508,0.8747755161551389,False,443,406.6702778843333,8.933458895660856,0.017553035940177125,24.500116576727226,60,265.8,11.496188905862597,174,-6.677027566117205
2706,mixtura,packing_A,T08,largo,26,G3,6.159873687949769,0.7544233187181508,0.8747755161551389,False,443,406.6702778843333,8.933458895660856,0.017553035940177125,24.500116576727226,60,265.8,11.496188905862597,175,-6.5765974215688905
2706,mixtura,packing_A,T08,largo,26,G3,6.159873687949769,0.7544233187181508,0.8747755161551389,False,443,406.6702778843333,8.933458895660856,0.017553035940177125,24.500116576727226,60,265.8,11.496188905862597,176,-6.507458145759117
2706,mixtura,packing_A,T08,largo,26,G3,6.159873687949769,0.7544233187181508,0.8747755161551389,False,443,406.6702778843333,8.933458895660856,0.017553035940177125,24.500116576727226,60,265.8,11.496188905862597,177,-6.511336860114159
2706,mixtura,packing_A,T08,largo,26,G3,6.159873687949769,0.7544233187181508,0.8747755161551389,False,443,406.6702778843333,8.933458895660856,0.017553035940177125,24.500116576727226,60,265.8,11.496188905862597,178,-6.459958901641453
2706,mixtura,packing_A,T08,largo,26,G3,6.159873687949769,0.7544233187181508,0.8747755161551389,False,443,406.6702778843333,8.933458895660856,0.017553035940177125,24.500116576727226,60,265.8,11.496188905862597,179,-6.3913931946984786
2706,mixtura,packing_A,T08,largo,26,G3,6.159873687949769,0.7544233187181508,0.8747755161551389,False,443,406.6702778843333,8.933458895660856,0.017553035940177125,24.500116576727226,60,265.8,11.496188905862597,180,-6.386345197890548
2706,mixtura,packing_A,T08,largo,26,G3,6.159873687949769,0.7544233187181508,0.8747755161551389,False,443,406.6702778843333,8.933458895660856,0.017553035940177125,24.500116576727226,60,265.8,11.496188905862597,181,-6.135405165220439
2706,mixtura,packing_A,T08,largo,26,G3,6.159873687949769,0.7544233187181508,0.8747755161551389,False,443,406.6702778843333,8.933458895660856,0.017553035940177125,24.500116576727226,60,265.8,11.496188905862597,182,-6.269343872059127
2706,mixtura,packing_A,T08,largo,26,G3,6.159873687949769,0.7544233187181508,0.8747755161551389,False,443,406.6702778843333,8.933458895660856,0.017553035940177125,24.500116576727226,60,265.8,11.496188905862597,183,-6.2321037492156
2706,mixtura,packing_A,T08,largo,26,G3,6.159873687949769,0.7544233187181508,0.8747755161551389,False,443,406.6702778843333,8.933458895660856,0.017553035940177125,24.500116576727226,60,265.8,11.496188905862597,184,-6.117597625678967
2706,mixtura,packing_A,T08,largo,26,G3,6.159873687949769,0.7544233187181508,0.8747755161551389,False,443,406.6702778843333,8.933458895660856,0.017553035940177125,24.500116576727226,60,265.8,11.496188905862597,185,-5.927118729023744
2706,mixtura,packing_A,T08,largo,26,G3,6.159873687949769,0.7544233187181508,0.8747755161551389,False,443,406.6702778843333,8.933458895660856,0.017553035940177125,24.500116576727226,60,265.8,11.496188905862597,186,-5.898918551029106
2706,mixtura,packing_A,T08,largo,26,G3,6.159873687949769,0.7544233187181508,0.8747755161551389,False,443,406.6702778843333,8.933458895660856,0.017553035940177125,24.500116576727226,60,265.8,11.496188905862597,187,-5.945529621706669
2706,mixtura,packing_A,T08,largo,26,G3,6.159873687949769,0.7544233187181508,0.8747755161551389,False,443,406.6702778843333,8.933458895660856,0.017553035940177125,24.500116576727226,60,265.8,11.496188905862597,188,-5.8306404759861055
2706,mixtura,packing_A,T08,largo,26,G3,6.159873687949769,0.7544233187181508,0.8747755161551389,False,443,406.6702778843333,8.933458895660856,0.017553035940177125,24.500116576727226,60,265.8,11.496188905862597,189,-5.788991580329908
2706,mixtura,packing_A,T08,largo,26,G3,6.159873687949769,0.7544233187181508,0.8747755161551389,False,443,406.6702778843333,8.933458895660856,0.017553035940177125,24.500116576727226,60,265.8,11.496188905862597,190,-5.492122063490661
2706,mixtura,packing_A,T08,largo,26,G3,6.159873687949769,0.7544233187181508,0.8747755161551389,False,443,406.6702778843333,8.933458895660856,0.017553035940177125,24.500116576727226,60,265.8,11.496188905862597,191,-5.4978459372853345
2706,mixtura,packing_A,T08,largo,26,G3,6.159873687949769,0.7544233187181508,0.8747755161551389,False,443,406.6702778843333,8.933458895660856,0.017553035940177125,24.500116576727226,60,265.8,11.496188905862597,192,-5.697170224319086
2706,mixtura,packing_A,T08,largo,26,G3,6.159873687949769,0.7544233187181508,0.8747755161551389,False,443,406.6702778843333,8.933458895660856,0.017553035940177125,24.500116576727226,60,265.8,11.496188905862597,193,-5.437466769567436
2706,mixtura,packing_A,T08,largo,26,G3,6.159873687949769,0.7544233187181508,0.8747755161551389,False,443,406.6702778843333,8.933458895660856,0.017553035940177125,24.500116576727226,60,265.8,11.496188905862597,194,-5.277326664020296
2706,mixtura,packing_A,T08,largo,26,G3,6.159873687949769,0.7544233187181508,0.8747755161551389,False,443,406.6702778843333,8.933458895660856,0.017553035940177125,24.500116576727226,60,265.8,11.496188905862597,195,-5.298597142631609
2706,mixtura,packing_A,T08,largo,26,G3,6.159873687949769,0.7544233187181508,0.8747755161551389,False,443,406.6702778843333,8.933458895660856,0.017553035940177125,24.500116576727226,60,265.8,11.496188905862597,196,-5.287719317977909
2706,mixtura,packing_A,T08,largo,26,G3,6.159873687949769,0.7544233187181508,0.8747755161551389,False,443,406.6702778843333,8.933458895660856,0.017553035940177125,24.500116576727226,60,265.8,11.496188905862597,197,-5.193355929805944
2706,mixtura,packing_A,T08,largo,26,G3,6.159873687949769,0.7544233187181508,0.8747755161551389,False,443,406.6702778843333,8.933458895660856,0.017553035940177125,24.500116576727226,60,265.8,11.496188905862597,198,-5.180605129886181
2706,mixtura,packing_A,T08,largo,26,G3,6.159873687949769,0.7544233187181508,0.8747755161551389,False,443,406.6702778843333,8.933458895660856,0.017553035940177125,24.500116576727226,60,265.8,11.496188905862597,199,-5.040464982842424
2706,mixtura,packing_A,T08,largo,26,G3,6.159873687949769,0.7544233187181508,0.8747755161551389,False,443,406.6702778843333,8.933458895660856,0.017553035940177125,24.500116576727226,60,265.8,11.496188905862597,200,-4.949277894469092
2706,mixtura,packing_A,T08,largo,26,G3,6.159873687949769,0.7544233187181508,0.8747755161551389,False,443,406.6702778843333,8.933458895660856,0.017553035940177125,24.500116576727226,60,265.8,11.496188905862597,201,-4.826987904906996
2706,mixtura,packing_A,T08,largo,26,G3,6.159873687949769,0.7544233187181508,0.8747755161551389,False,443,406.6702778843333,8.933458895660856,0.017553035940177125,24.500116576727226,60,265.8,11.496188905862597,202,-4.808805647380957
2706,mixtura,packing_A,T08,largo,26,G3,6.159873687949769,0.7544233187181508,0.8747755161551389,False,443,406.6702778843333,8.933458895660856,0.017553035940177125,24.500116576727226,60,265.8,11.496188905862597,203,-4.939973658253005
2706,mixtura,packing_A,T08,largo,26,G3,6.159873687949769,0.7544233187181508,0.8747755161551389,False,443,406.6702778843333,8.933458895660856,0.017553035940177125,24.500116576727226,60,265.8,11.496188905862597,204,-4.546170830174413
2706,mixtura,packing_A,T08,largo,26,G3,6.159873687949769,0.7544233187181508,0.8747755161551389,False,443,406.6702778843333,8.933458895660856,0.017553035940177125,24.500116576727226,60,265.8,11.496188905862597,205,-4.601807675672798
2706,mixtura,packing_A,T08,largo,26,G3,6.159873687949769,0.7544233187181508,0.8747755161551389,False,443,406.6702778843333,8.933458895660856,0.017553035940177125,24.500116576727226,60,265.8,11.496188905862597,206,-4.70538993931428
2706,mixtura,packing_A,T08,largo,26,G3,6.159873687949769,0.7544233187181508,0.8747755161551389,False,443,406.6702778843333,8.933458895660856,0.017553035940177125,24.500116576727226,60,265.8,11.496188905862597,207,-4.227889338783436
2706,mixtura,packing_A,T08,largo,26,G3,6.159873687949769,0.7544233187181508,0.8747755161551389,False,443,406.6702778843333,8.933458895660856,0.017553035940177125,24.500116576727226,60,265.8,11.496188905862597,208,-4.484423184048245
2706,mixtura,packing_A,T08,largo,26,G3,6.159873687949769,0.7544233187181508,0.8747755161551389,False,443,406.6702778843333,8.933458895660856,0.017553035940177125,24.500116576727226,60,265.8,11.496188905862597,209,-4.326312138629662
2706,mixtura,packing_A,T08,largo,26,G3,6.159873687949769,0.7544233187181508,0.8747755161551389,False,443,406.6702778843333,8.933458895660856,0.017553035940177125,24.500116576727226,60,265.8,11.496188905862597,210,-4.126599988687054
2706,mixtura,packing_A,T08,largo,26,G3,6.159873687949769,0.7544233187181508,0.8747755161551389,False,443,406.6702778843333,8.933458895660856,0.017553035940177125,24.500116576727226,60,265.8,11.496188905862597,211,-4.152111953764344
2706,mixtura,packing_A,T08,largo,26,G3,6.159873687949769,0.7544233187181508,0.8747755161551389,False,443,406.6702778843333,8.933458895660856,0.017553035940177125,24.500116576727226,60,265.8,11.496188905862597,212,-3.9734591435144804
2706,mixtura,packing_A,T08,largo,26,G3,6.159873687949769,0.7544233187181508,0.8747755161551389,False,443,406.6702778843333,8.933458895660856,0.017553035940177125,24.500116576727226,60,265.8,11.496188905862597,213,-3.8668633448663527
2706,mixtura,packing_A,T08,largo,26,G3,6.159873687949769,0.7544233187181508,0.8747755161551389,False,443,406.6702778843333,8.933458895660856,0.017553035940177125,24.500116576727226,60,265.8,11.496188905862597,214,-3.7239121290207042
2706,mixtura,packing_A,T08,largo,26,G3,6.159873687949769,0.7544233187181508,0.8747755161551389,False,443,406.6702778843333,8.933458895660856,0.017553035940177125,24.500116576727226,60,265.8,11.496188905862597,215,-3.822292699961487
2706,mixtura,packing_A,T08,largo,26,G3,6.159873687949769,0.7544233187181508,0.8747755161551389,False,443,406.6702778843333,8.933458895660856,0.017553035940177125,24.500116576727226,60,265.8,11.496188905862597,216,-3.777859113376726
2706,mixtura,packing_A,T08,largo,26,G3,6.159873687949769,0.7544233187181508,0.8747755161551389,False,443,406.6702778843333,8.933458895660856,0.017553035940177125,24.500116576727226,60,265.8,11.496188905862597,217,-3.3380792278787745
2706,mixtura,packing_A,T08,largo,26,G3,6.159873687949769,0.7544233187181508,0.8747755161551389,False,443,406.6702778843333,8.933458895660856,0.017553035940177125,24.500116576727226,60,265.8,11.496188905862597,218,-3.5804025571586737
2706,mixtura,packing_A,T08,largo,26,G3,6.159873687949769,0.7544233187181508,0.8747755161551389,False,443,406.6702778843333,8.933458895660856,0.017553035940177125,24.500116576727226,60,265.8,11.496188905862597,219,-3.6544694844106838
2706,mixtura,packing_A,T08,largo,26,G3,6.159873687949769,0.7544233187181508,0.8747755161551389,False,443,406.6702778843333,8.933458895660856,0.017553035940177125,24.500116576727226,60,265.8,11.496188905862597,220,-3.6075168880907387
2706,mixtura,packing_A,T08,largo,26,G3,6.159873687949769,0.7544233187181508,0.8747755161551389,False,443,406.6702778843333,8.933458895660856,0.017553035940177125,24.500116576727226,60,265.8,11.496188905862597,221,-3.4078348073444555
2706,mixtura,packing_A,T08,largo,26,G3,6.159873687949769,0.7544233187181508,0.8747755161551389,False,443,406.6702778843333,8.933458895660856,0.017553035940177125,24.500116576727226,60,265.8,11.496188905862597,222,-3.3842897373731824
2706,mixtura,packing_A,T08,largo,26,G3,6.159873687949769,0.7544233187181508,0.8747755161551389,False,443,406.6702778843333,8.933458895660856,0.017553035940177125,24.500116576727226,60,265.8,11.496188905862597,223,-3.121913509406818
2706,mixtura,packing_A,T08,largo,26,G3,6.159873687949769,0.7544233187181508,0.8747755161551389,False,443,406.6702778843333,8.933458895660856,0.017553035940177125,24.500116576727226,60,265.8,11.496188905862597,224,-3.0218541867499065
2706,mixtura,packing_A,T08,largo,26,G3,6.159873687949769,0.7544233187181508,0.8747755161551389,False,443,406.6702778843333,8.933458895660856,0.017553035940177125,24.500116576727226,60,265.8,11.496188905862597,225,-2.953965565771915
2706,mixtura,packing_A,T08,largo,26,G3,6.159873687949769,0.7544233187181508,0.8747755161551389,False,443,406.6702778843333,8.933458895660856,0.017553035940177125,24.500116576727226,60,265.8,11.496188905862597,226,-2.8044302454433567
2706,mixtura,packing_A,T08,largo,26,G3,6.159873687949769,0.7544233187181508,0.8747755161551389,False,443,406.6702778843333,8.933458895660856,0.017553035940177125,24.500116576727226,60,265.8,11.496188905862597,227,-2.7062763468238504
2706,mixtura,packing_A,T08,largo,26,G3,6.159873687949769,0.7544233187181508,0.8747755161551389,False,443,406.6702778843333,8.933458895660856,0.017553035940177125,24.500116576727226,60,265.8,11.496188905862597,228,-2.62822747517085
2706,mixtura,packing_A,T08,largo,26,G3,6.159873687949769,0.7544233187181508,0.8747755161551389,False,443,406.6702778843333,8.933458895660856,0.017553035940177125,24.500116576727226,60,265.8,11.496188905862597,229,-2.5683684773736135
2706,mixtura,packing_A,T08,largo,26,G3,6.159873687949769,0.7544233187181508,0.8747755161551389,False,443,406.6702778843333,8.933458895660856,0.017553035940177125,24.500116576727226,60,265.8,11.496188905862597,230,-2.69371890504542
2706,mixtura,packing_A,T08,largo,26,G3,6.159873687949769,0.7544233187181508,0.8747755161551389,False,443,406.6702778843333,8.933458895660856,0.017553035940177125,24.500116576727226,60,265.8,11.496188905862597,231,-2.6563991524521215
2706,mixtura,packing_A,T08,largo,26,G3,6.159873687949769,0.7544233187181508,0.8747755161551389,False,443,406.6702778843333,8.933458895660856,0.017553035940177125,24.500116576727226,60,265.8,11.496188905862597,232,-2.56577210668859
2706,mixtura,packing_A,T08,largo,26,G3,6.159873687949769,0.7544233187181508,0.8747755161551389,False,443,406.6702778843333,8.933458895660856,0.017553035940177125,24.500116576727226,60,265.8,11.496188905862597,233,-2.2713060661681745
2706,mixtura,packing_A,T08,largo,26,G3,6.159873687949769,0.7544233187181508,0.8747755161551389,False,443,406.6702778843333,8.933458895660856,0.017553035940177125,24.500116576727226,60,265.8,11.496188905862597,234,-2.205433651557717
2706,mixtura,packing_A,T08,largo,26,G3,6.159873687949769,0.7544233187181508,0.8747755161551389,False,443,406.6702778843333,8.933458895660856,0.017553035940177125,24.500116576727226,60,265.8,11.496188905862597,235,-2.138900671350157
2706,mixtura,packing_A,T08,largo,26,G3,6.159873687949769,0.7544233187181508,0.8747755161551389,False,443,406.6702778843333,8.933458895660856,0.017553035940177125,24.500116576727226,60,265.8,11.496188905862597,236,-1.9501519122277007
2706,mixtura,packing_A,T08,largo,26,G3,6.159873687949769,0.7544233187181508,0.8747755161551389,False,443,406.6702778843333,8.933458895660856,0.017553035940177125,24.500116576727226,60,265.8,11.496188905862597,237,-2.257559895764314
2706,mixtura,packing_A,T08,largo,26,G3,6.159873687949769,0.7544233187181508,0.8747755161551389,False,443,406.6702778843333,8.933458895660856,0.017553035940177125,24.500116576727226,60,265.8,11.496188905862597,238,-1.9449747624183493
2706,mixtura,packing_A,T08,largo,26,G3,6.159873687949769,0.7544233187181508,0.8747755161551389,False,443,406.6702778843333,8.933458895660856,0.017553035940177125,24.500116576727226,60,265.8,11.496188905862597,239,-1.9024236743818936
2706,mixtura,packing_A,T08,largo,26,G3,6.159873687949769,0.7544233187181508,0.8747755161551389,False,443,406.6702778843333,8.933458895660856,0.017553035940177125,24.500116576727226,60,265.8,11.496188905862597,240,-1.775393574696474
2706,mixtura,packing_A,T08,largo,26,G3,6.159873687949769,0.7544233187181508,0.8747755161551389,False,443,406.6702778843333,8.933458895660856,0.017553035940177125,24.500116576727226,60,265.8,11.496188905862597,241,-1.7072448701064291
2706,mixtura,packing_A,T08,largo,26,G3,6.159873687949769,0.7544233187181508,0.8747755161551389,False,443,406.6702778843333,8.933458895660856,0.017553035940177125,24.500116576727226,60,265.8,11.496188905862597,242,-1.5128672332484558
2706,mixtura,packing_A,T08,largo,26,G3,6.159873687949769,0.7544233187181508,0.8747755161551389,False,443,406.6702778843333,8.933458895660856,0.017553035940177125,24.500116576727226,60,265.8,11.496188905862597,243,-1.4062380063035091
2706,mixtura,packing_A,T08,largo,26,G3,6.159873687949769,0.7544233187181508,0.8747755161551389,False,443,406.6702778843333,8.933458895660856,0.017553035940177125,24.500116576727226,60,265.8,11.496188905862597,244,-1.4718893409984941
2706,mixtura,packing_A,T08,largo,26,G3,6.159873687949769,0.7544233187181508,0.8747755161551389,False,443,406.6702778843333,8.933458895660856,0.017553035940177125,24.500116576727226,60,265.8,11.496188905862597,245,-1.1899512126690968
2706,mixtura,packing_A,T08,largo,26,G3,6.159873687949769,0.7544233187181508,0.8747755161551389,False,443,406.6702778843333,8.933458895660856,0.017553035940177125,24.500116576727226,60,265.8,11.496188905862597,246,-1.4622773294888567
2706,mixtura,packing_A,T08,largo,26,G3,6.159873687949769,0.7544233187181508,0.8747755161551389,False,443,406.6702778843333,8.933458895660856,0.017553035940177125,24.500116576727226,60,265.8,11.496188905862597,247,-1.5093992963281448
2706,mixtura,packing_A,T08,largo,26,G3,6.159873687949769,0.7544233187181508,0.8747755161551389,False,443,406.6702778843333,8.933458895660856,0.017553035940177125,24.500116576727226,60,265.8,11.496188905862597,248,-1.2382709055226007
2706,mixtura,packing_A,T08,largo,26,G3,6.159873687949769,0.7544233187181508,0.8747755161551389,False,443,406.6702778843333,8.933458895660856,0.017553035940177125,24.500116576727226,60,265.8,11.496188905862597,249,-1.349616764865721
2706,mixtura,packing_A,T08,largo,26,G3,6.159873687949769,0.7544233187181508,0.8747755161551389,False,443,406.6702778843333,8.933458895660856,0.017553035940177125,24.500116576727226,60,265.8,11.496188905862597,250,-0.9783954580157783
2706,mixtura,packing_A,T08,largo,26,G3,6.159873687949769,0.7544233187181508,0.8747755161551389,False,443,406.6702778843333,8.933458895660856,0.017553035940177125,24.500116576727226,60,265.8,11.496188905862597,251,-1.1718865245187198
2706,mixtura,packing_A,T08,largo,26,G3,6.159873687949769,0.7544233187181508,0.8747755161551389,False,443,406.6702778843333,8.933458895660856,0.017553035940177125,24.500116576727226,60,265.8,11.496188905862597,252,-0.888637129761755
2706,mixtura,packing_A,T08,largo,26,G3,6.159873687949769,0.7544233187181508,0.8747755161551389,False,443,406.6702778843333,8.933458895660856,0.017553035940177125,24.500116576727226,60,265.8,11.496188905862597,253,-1.034094496839725
2706,mixtura,packing_A,T08,largo,26,G3,6.159873687949769,0.7544233187181508,0.8747755161551389,False,443,406.6702778843333,8.933458895660856,0.017553035940177125,24.500116576727226,60,265.8,11.496188905862597,254,-0.7996065454471454
2706,mixtura,packing_A,T08,largo,26,G3,6.159873687949769,0.7544233187181508,0.8747755161551389,False,443,406.6702778843333,8.933458895660856,0.017553035940177125,24.500116576727226,60,265.8,11.496188905862597,255,-0.7777435589867233
2706,mixtura,packing_A,T08,largo,26,G3,6.159873687949769,0.7544233187181508,0.8747755161551389,False,443,406.6702778843333,8.933458895660856,0.017553035940177125,24.500116576727226,60,265.8,11.496188905862597,256,-0.5761782984464123
2706,mixtura,packing_A,T08,largo,26,G3,6.159873687949769,0.7544233187181508,0.8747755161551389,False,443,406.6702778843333,8.933458895660856,0.017553035940177125,24.500116576727226,60,265.8,11.496188905862597,257,-0.36541440947385895
2706,mixtura,packing_A,T08,largo,26,G3,6.159873687949769,0.7544233187181508,0.8747755161551389,False,443,406.6702778843333,8.933458895660856,0.017553035940177125,24.500116576727226,60,265.8,11.496188905862597,258,-0.5141708958459495
2706,mixtura,packing_A,T08,largo,26,G3,6.159873687949769,0.7544233187181508,0.8747755161551389,False,443,406.6702778843333,8.933458895660856,0.017553035940177125,24.500116576727226,60,265.8,11.496188905862597,259,-0.4155410095090557
2706,mixtura,packing_A,T08,largo,26,G3,6.159873687949769,0.7544233187181508,0.8747755161551389,False,443,406.6702778843333,8.933458895660856,0.017553035940177125,24.500116576727226,60,265.8,11.496188905862597,260,-0.4833198672108996
2706,mixtura,packing_A,T08,largo,26,G3,6.159873687949769,0.7544233187181508,0.8747755161551389,False,443,406.6702778843333,8.933458895660856,0.017553035940177125,24.500116576727226,60,265.8,11.496188905862597,261,-0.25390456032267944
2706,mixtura,packing_A,T08,largo,26,G3,6.159873687949769,0.7544233187181508,0.8747755161551389,False,443,406.6702778843333,8.933458895660856,0.017553035940177125,24.500116576727226,60,265.8,11.496188905862597,262,-0.2911952582503346
2706,mixtura,packing_A,T08,largo,26,G3,6.159873687949769,0.7544233187181508,0.8747755161551389,False,443,406.6702778843333,8.933458895660856,0.017553035940177125,24.500116576727226,60,265.8,11.496188905862597,263,-0.26349892791528606
2706,mixtura,packing_A,T08,largo,26,G3,6.159873687949769,0.7544233187181508,0.8747755161551389,False,443,406.6702778843333,8.933458895660856,0.017553035940177125,24.500116576727226,60,265.8,11.496188905862597,264,-0.2088204633545197
2706,mixtura,packing_A,T08,largo,26,G3,6.159873687949769,0.7544233187181508,0.8747755161551389,False,443,406.6702778843333,8.933458895660856,0.017553035940177125,24.500116576727226,60,265.8,11.496188905862597,265,-0.22872076476983916
2706,mixtura,packing_A,T08,largo,26,G3,6.159873687949769,0.7544233187181508,0.8747755161551389,False,443,406.6702778843333,8.933458895660856,0.017553035940177125,24.500116576727226,60,265.8,11.496188905862597,266,-0.25277043180465003
2706,mixtura,packing_A,T08,largo,26,G3,6.159873687949769,0.7544233187181508,0.8747755161551389,False,443,406.6702778843333,8.933458895660856,0.017553035940177125,24.500116576727226,60,265.8,11.496188905862597,267,-0.2235684442955817
2706,mixtura,packing_A,T08,largo,26,G3,6.159873687949769,0.7544233187181508,0.8747755161551389,False,443,406.6702778843333,8.933458895660856,0.017553035940177125,24.500116576727226,60,265.8,11.496188905862597,268,-0.4176253364151262
2706,mixtura,packing_A,T08,largo,26,G3,6.159873687949769,0.7544233187181508,0.8747755161551389,False,443,406.6702778843333,8.933458895660856,0.017553035940177125,24.500116576727226,60,265.8,11.496188905862597,269,0.03982905893784633
2706,mixtura,packing_A,T08,largo,26,G3,6.159873687949769,0.7544233187181508,0.8747755161551389,False,443,406.6702778843333,8.933458895660856,0.017553035940177125,24.500116576727226,60,265.8,11.496188905862597,270,0.0253051376145087
2706,mixtura,packing_A,T08,largo,26,G3,6.159873687949769,0.7544233187181508,0.8747755161551389,False,443,406.6702778843333,8.933458895660856,0.017553035940177125,24.500116576727226,60,265.8,11.496188905862597,271,0.07854624923012017
2706,mixtura,packing_A,T08,largo,26,G3,6.159873687949769,0.7544233187181508,0.8747755161551389,False,443,406.6702778843333,8.933458895660856,0.017553035940177125,24.500116576727226,60,265.8,11.496188905862597,272,0.3381424852186702
2706,mixtura,packing_A,T08,largo,26,G3,6.159873687949769,0.7544233187181508,0.8747755161551389,False,443,406.6702778843333,8.933458895660856,0.017553035940177125,24.500116576727226,60,265.8,11.496188905862597,273,0.24623583733712073
2706,mixtura,packing_A,T08,largo,26,G3,6.159873687949769,0.7544233187181508,0.8747755161551389,False,443,406.6702778843333,8.933458895660856,0.017553035940177125,24.500116576727226,60,265.8,11.496188905862597,274,0.35152056353301175
2706,mixtura,packing_A,T08,largo,26,G3,6.159873687949769,0.7544233187181508,0.8747755161551389,False,443,406.6702778843333,8.933458895660856,0.017553035940177125,24.500116576727226,60,265.8,11.496188905862597,275,0.3360126663924564
2706,mixtura,packing_A,T08,largo,26,G3,6.159873687949769,0.7544233187181508,0.8747755161551389,False,443,406.6702778843333,8.933458895660856,0.017553035940177125,24.500116576727226,60,265.8,11.496188905862597,276,0.6429899856693966
2706,mixtura,packing_A,T08,largo,26,G3,6.159873687949769,0.7544233187181508,0.8747755161551389,False,443,406.6702778843333,8.933458895660856,0.017553035940177125,24.500116576727226,60,265.8,11.496188905862597,277,0.47802159272892697
2706,mixtura,packing_A,T08,largo,26,G3,6.159873687949769,0.7544233187181508,0.8747755161551389,False,443,406.6702778843333,8.933458895660856,0.017553035940177125,24.500116576727226,60,265.8,11.496188905862597,278,0.492190938307707
2706,mixtura,packing_A,T08,largo,26,G3,6.159873687949769,0.7544233187181508,0.8747755161551389,False,443,406.6702778843333,8.933458895660856,0.017553035940177125,24.500116576727226,60,265.8,11.496188905862597,279,0.7778107994667482
2706,mixtura,packing_A,T08,largo,26,G3,6.159873687949769,0.7544233187181508,0.8747755161551389,False,443,406.6702778843333,8.933458895660856,0.017553035940177125,24.500116576727226,60,265.8,11.496188905862597,280,0.4069843254661516
2706,mixtura,packing_A,T08,largo,26,G3,6.159873687949769,0.7544233187181508,0.8747755161551389,False,443,406.6702778843333,8.933458895660856,0.017553035940177125,24.500116576727226,60,265.8,11.496188905862597,281,0.26883557999877916
2706,mixtura,packing_A,T08,largo,26,G3,6.159873687949769,0.7544233187181508,0.8747755161551389,False,443,406.6702778843333,8.933458895660856,0.017553035940177125,24.500116576727226,60,265.8,11.496188905862597,282,0.2868390736119372
2706,mixtura,packing_A,T08,largo,26,G3,6.159873687949769,0.7544233187181508,0.8747755161551389,False,443,406.6702778843333,8.933458895660856,0.017553035940177125,24.500116576727226,60,265.8,11.496188905862597,283,0.36625575315093417
2706,mixtura,packing_A,T08,largo,26,G3,6.159873687949769,0.7544233187181508,0.8747755161551389,False,443,406.6702778843333,8.933458895660856,0.017553035940177125,24.500116576727226,60,265.8,11.496188905862597,284,0.09409637705155433
2706,mixtura,packing_A,T08,largo,26,G3,6.159873687949769,0.7544233187181508,0.8747755161551389,False,443,406.6702778843333,8.933458895660856,0.017553035940177125,24.500116576727226,60,265.8,11.496188905862597,285,-0.1556169140383666
2706,mixtura,packing_A,T08,largo,26,G3,6.159873687949769,0.7544233187181508,0.8747755161551389,False,443,406.6702778843333,8.933458895660856,0.017553035940177125,24.500116576727226,60,265.8,11.496188905862597,286,-0.0815407700944289
2706,mixtura,packing_A,T08,largo,26,G3,6.159873687949769,0.7544233187181508,0.8747755161551389,False,443,406.6702778843333,8.933458895660856,0.017553035940177125,24.500116576727226,60,265.8,11.496188905862597,287,-0.12527178266188543
2706,mixtura,packing_A,T08,largo,26,G3,6.159873687949769,0.7544233187181508,0.8747755161551389,False,443,406.6702778843333,8.933458895660856,0.017553035940177125,24.500116576727226,60,265.8,11.496188905862597,288,-0.33698737763423325
2706,mixtura,packing_A,T08,largo,26,G3,6.159873687949769,0.7544233187181508,0.8747755161551389,False,443,406.6702778843333,8.933458895660856,0.017553035940177125,24.500116576727226,60,265.8,11.496188905862597,289,-0.306018614049221
2706,mixtura,packing_A,T08,largo,26,G3,6.159873687949769,0.7544233187181508,0.8747755161551389,False,443,406.6702778843333,8.933458895660856,0.017553035940177125,24.500116576727226,60,265.8,11.496188905862597,290,-0.2365260688277974
2706,mixtura,packing_A,T08,largo,26,G3,6.159873687949769,0.7544233187181508,0.8747755161551389,False,443,406.6702778843333,8.933458895660856,0.017553035940177125,24.500116576727226,60,265.8,11.496188905862597,291,-0.5690426589989581
2706,mixtura,packing_A,T08,largo,26,G3,6.159873687949769,0.7544233187181508,0.8747755161551389,False,443,406.6702778843333,8.933458895660856,0.017553035940177125,24.500116576727226,60,265.8,11.496188905862597,292,-0.4506058719855879
2706,mixtura,packing_A,T08,largo,26,G3,6.159873687949769,0.7544233187181508,0.8747755161551389,False,443,406.6702778843333,8.933458895660856,0.017553035940177125,24.500116576727226,60,265.8,11.496188905862597,293,-0.35546892227454563
2706,mixtura,packing_A,T08,largo,26,G3,6.159873687949769,0.7544233187181508,0.8747755161551389,False,443,406.6702778843333,8.933458895660856,0.017553035940177125,24.500116576727226,60,265.8,11.496188905862597,294,-0.5009834774529512
2706,mixtura,packing_A,T08,largo,26,G3,6.159873687949769,0.7544233187181508,0.8747755161551389,False,443,406.6702778843333,8.933458895660856,0.017553035940177125,24.500116576727226,60,265.8,11.496188905862597,295,-0.5449861428412968
2706,mixtura,packing_A,T08,largo,26,G3,6.159873687949769,0.7544233187181508,0.8747755161551389,False,443,406.6702778843333,8.933458895660856,0.017553035940177125,24.500116576727226,60,265.8,11.496188905862597,296,-0.2572118707796329
2706,mixtura,packing_A,T08,largo,26,G3,6.159873687949769,0.7544233187181508,0.8747755161551389,False,443,406.6702778843333,8.933458895660856,0.017553035940177125,24.500116576727226,60,265.8,11.496188905862597,297,-0.12377917129887592
2706,mixtura,packing_A,T08,largo,26,G3,6.159873687949769,0.7544233187181508,0.8747755161551389,False,443,406.6702778843333,8.933458895660856,0.017553035940177125,24.500116576727226,60,265.8,11.496188905862597,298,-0.18716873476325302
2706,mixtura,packing_A,T08,largo,26,G3,6.159873687949769,0.7544233187181508,0.8747755161551389,False,443,406.6702778843333,8.933458895660856,0.017553035940177125,24.500116576727226,60,265.8,11.496188905862597,299,-0.25010431185671156
2706,mixtura,packing_A,T08,largo,26,G3,6.159873687949769,0.7544233187181508,0.8747755161551389,False,443,406.6702778843333,8.933458895660856,0.017553035940177125,24.500116576727226,60,265.8,11.496188905862597,300,0.03437654562109066
2706,mixtura,packing_A,T08,largo,26,G3,6.159873687949769,0.7544233187181508,0.8747755161551389,False,443,406.6702778843333,8.933458895660856,0.017553035940177125,24.500116576727226,60,265.8,11.496188905862597,301,0.01940557335058618
2706,mixtura,packing_A,T08,largo,26,G3,6.159873687949769,0.7544233187181508,0.8747755161551389,False,443,406.6702778843333,8.933458895660856,0.017553035940177125,24.500116576727226,60,265.8,11.496188905862597,302,0.14858891563196272
2706,mixtura,packing_A,T08,largo,26,G3,6.159873687949769,0.7544233187181508,0.8747755161551389,False,443,406.6702778843333,8.933458895660856,0.017553035940177125,24.500116576727226,60,265.8,11.496188905862597,303,0.2946836171219748
2706,mixtura,packing_A,T08,largo,26,G3,6.159873687949769,0.7544233187181508,0.8747755161551389,False,443,406.6702778843333,8.933458895660856,0.017553035940177125,24.500116576727226,60,265.8,11.496188905862597,304,0.37350049383127326
2706,mixtura,packing_A,T08,largo,26,G3,6.159873687949769,0.7544233187181508,0.8747755161551389,False,443,406.6702778843333,8.933458895660856,0.017553035940177125,24.500116576727226,60,265.8,11.496188905862597,305,0.6200115630894264
2706,mixtura,packing_A,T08,largo,26,G3,6.159873687949769,0.7544233187181508,0.8747755161551389,False,443,406.6702778843333,8.933458895660856,0.017553035940177125,24.500116576727226,60,265.8,11.496188905862597,306,0.5508534683412665
2706,mixtura,packing_A,T08,largo,26,G3,6.159873687949769,0.7544233187181508,0.8747755161551389,False,443,406.6702778843333,8.933458895660856,0.017553035940177125,24.500116576727226,60,265.8,11.496188905862597,307,0.5499945141997743
2706,mixtura,packing_A,T08,largo,26,G3,6.159873687949769,0.7544233187181508,0.8747755161551389,False,443,406.6702778843333,8.933458895660856,0.017553035940177125,24.500116576727226,60,265.8,11.496188905862597,308,0.647117382282522
2706,mixtura,packing_A,T08,largo,26,G3,6.159873687949769,0.7544233187181508,0.8747755161551389,False,443,406.6702778843333,8.933458895660856,0.017553035940177125,24.500116576727226,60,265.8,11.496188905862597,309,0.5305153560097737
2706,mixtura,packing_A,T08,largo,26,G3,6.159873687949769,0.7544233187181508,0.8747755161551389,False,443,406.6702778843333,8.933458895660856,0.017553035940177125,24.500116576727226,60,265.8,11.496188905862597,310,0.44304081933133527
2706,mixtura,packing_A,T08,largo,26,G3,6.159873687949769,0.7544233187181508,0.8747755161551389,False,443,406.6702778843333,8.933458895660856,0.017553035940177125,24.500116576727226,60,265.8,11.496188905862597,311,0.43896037793334386
2706,mixtura,packing_A,T08,largo,26,G3,6.159873687949769,0.7544233187181508,0.8747755161551389,False,443,406.6702778843333,8.933458895660856,0.017553035940177125,24.500116576727226,60,265.8,11.496188905862597,312,0.4713350930382785
2706,mixtura,packing_A,T08,largo,26,G3,6.159873687949769,0.7544233187181508,0.8747755161551389,False,443,406.6702778843333,8.933458895660856,0.017553035940177125,24.500116576727226,60,265.8,11.496188905862597,313,0.0639001855442847
2706,mixtura,packing_A,T08,largo,26,G3,6.159873687949769,0.7544233187181508,0.8747755161551389,False,443,406.6702778843333,8.933458895660856,0.017553035940177125,24.500116576727226,60,265.8,11.496188905862597,314,0.1570832526123965
2706,mixtura,packing_A,T08,largo,26,G3,6.159873687949769,0.7544233187181508,0.8747755161551389,False,443,406.6702778843333,8.933458895660856,0.017553035940177125,24.500116576727226,60,265.8,11.496188905862597,315,0.04785658755731348
2706,mixtura,packing_A,T08,largo,26,G3,6.159873687949769,0.7544233187181508,0.8747755161551389,False,443,406.6702778843333,8.933458895660856,0.017553035940177125,24.500116576727226,60,265.8,11.496188905862597,316,-0.0742776170078985
2706,mixtura,packing_A,T08,largo,26,G3,6.159873687949769,0.7544233187181508,0.8747755161551389,False,443,406.6702778843333,8.933458895660856,0.017553035940177125,24.500116576727226,60,265.8,11.496188905862597,317,-0.033173835894390075
2706,mixtura,packing_A,T08,largo,26,G3,6.159873687949769,0.7544233187181508,0.8747755161551389,False,443,406.6702778843333,8.933458895660856,0.017553035940177125,24.500116576727226,60,265.8,11.496188905862597,318,-0.36910561633706407
2706,mixtura,packing_A,T08,largo,26,G3,6.159873687949769,0.7544233187181508,0.8747755161551389,False,443,406.6702778843333,8.933458895660856,0.017553035940177125,24.500116576727226,60,265.8,11.496188905862597,319,-0.32510422485691565
2706,mixtura,packing_A,T08,largo,26,G3,6.159873687949769,0.7544233187181508,0.8747755161551389,False,443,406.6702778843333,8.933458895660856,0.017553035940177125,24.500116576727226,60,265.8,11.496188905862597,320,-0.3219769783953211
2706,mixtura,packing_A,T08,largo,26,G3,6.159873687949769,0.7544233187181508,0.8747755161551389,False,443,406.6702778843333,8.933458895660856,0.017553035940177125,24.500116576727226,60,265.8,11.496188905862597,321,-0.4332823580987941
2706,mixtura,packing_A,T08,largo,26,G3,6.159873687949769,0.7544233187181508,0.8747755161551389,False,443,406.6702778843333,8.933458895660856,0.017553035940177125,24.500116576727226,60,265.8,11.496188905862597,322,-0.3910740339252065
2706,mixtura,packing_A,T08,largo,26,G3,6.159873687949769,0.7544233187181508,0.8747755161551389,False,443,406.6702778843333,8.933458895660856,0.017553035940177125,24.500116576727226,60,265.8,11.496188905862597,323,-0.5048145029241075
2706,mixtura,packing_A,T08,largo,26,G3,6.159873687949769,0.7544233187181508,0.8747755161551389,False,443,406.6702778843333,8.933458895660856,0.017553035940177125,24.500116576727226,60,265.8,11.496188905862597,324,-0.43450101837323
2706,mixtura,packing_A,T08,largo,26,G3,6.159873687949769,0.7544233187181508,0.8747755161551389,False,443,406.6702778843333,8.933458895660856,0.017553035940177125,24.500116576727226,60,265.8,11.496188905862597,325,-0.32023851067741876
2706,mixtura,packing_A,T08,largo,26,G3,6.159873687949769,0.7544233187181508,0.8747755161551389,False,443,406.6702778843333,8.933458895660856,0.017553035940177125,24.500116576727226,60,265.8,11.496188905862597,326,-0.3312294172889425
2706,mixtura,packing_A,T08,largo,26,G3,6.159873687949769,0.7544233187181508,0.8747755161551389,False,443,406.6702778843333,8.933458895660856,0.017553035940177125,24.500116576727226,60,265.8,11.496188905862597,327,-0.1691517941570244
2706,mixtura,packing_A,T08,largo,26,G3,6.159873687949769,0.7544233187181508,0.8747755161551389,False,443,406.6702778843333,8.933458895660856,0.017553035940177125,24.500116576727226,60,265.8,11.496188905862597,328,-0.4000679255706235
2706,mixtura,packing_A,T08,largo,26,G3,6.159873687949769,0.7544233187181508,0.8747755161551389,False,443,406.6702778843333,8.933458895660856,0.017553035940177125,24.500116576727226,60,265.8,11.496188905862597,329,-0.08676026755071328
2706,mixtura,packing_A,T08,largo,26,G3,6.159873687949769,0.7544233187181508,0.8747755161551389,False,443,406.6702778843333,8.933458895660856,0.017553035940177125,24.500116576727226,60,265.8,11.496188905862597,330,-0.039306915362681646
2706,mixtura,packing_A,T08,largo,26,G3,6.159873687949769,0.7544233187181508,0.8747755161551389,False,443,406.6702778843333,8.933458895660856,0.017553035940177125,24.500116576727226,60,265.8,11.496188905862597,331,0.0955592745656168
2706,mixtura,packing_A,T08,largo,26,G3,6.159873687949769,0.7544233187181508,0.8747755161551389,False,443,406.6702778843333,8.933458895660856,0.017553035940177125,24.500116576727226,60,265.8,11.496188905862597,332,0.14610990934684742
2706,mixtura,packing_A,T08,largo,26,G3,6.159873687949769,0.7544233187181508,0.8747755161551389,False,443,406.6702778843333,8.933458895660856,0.017553035940177125,24.500116576727226,60,265.8,11.496188905862597,333,0.48100070903439257
2706,mixtura,packing_A,T08,largo,26,G3,6.159873687949769,0.7544233187181508,0.8747755161551389,False,443,406.6702778843333,8.933458895660856,0.017553035940177125,24.500116576727226,60,265.8,11.496188905862597,334,0.40499634774051396
2706,mixtura,packing_A,T08,largo,26,G3,6.159873687949769,0.7544233187181508,0.8747755161551389,False,443,406.6702778843333,8.933458895660856,0.017553035940177125,24.500116576727226,60,265.8,11.496188905862597,335,0.5936709295591447
2706,mixtura,packing_A,T08,largo,26,G3,6.159873687949769,0.7544233187181508,0.8747755161551389,False,443,406.6702778843333,8.933458895660856,0.017553035940177125,24.500116576727226,60,265.8,11.496188905862597,336,0.48688755538031947
2706,mixtura,packing_A,T08,largo,26,G3,6.159873687949769,0.7544233187181508,0.8747755161551389,False,443,406.6702778843333,8.933458895660856,0.017553035940177125,24.500116576727226,60,265.8,11.496188905862597,337,0.6177484352322583
2706,mixtura,packing_A,T08,largo,26,G3,6.159873687949769,0.7544233187181508,0.8747755161551389,False,443,406.6702778843333,8.933458895660856,0.017553035940177125,24.500116576727226,60,265.8,11.496188905862597,338,0.5961896112223625
2706,mixtura,packing_A,T08,largo,26,G3,6.159873687949769,0.7544233187181508,0.8747755161551389,False,443,406.6702778843333,8.933458895660856,0.017553035940177125,24.500116576727226,60,265.8,11.496188905862597,339,0.41693523963048085
2706,mixtura,packing_A,T08,largo,26,G3,6.159873687949769,0.7544233187181508,0.8747755161551389,False,443,406.6702778843333,8.933458895660856,0.017553035940177125,24.500116576727226,60,265.8,11.496188905862597,340,0.4623973038147254
2706,mixtura,packing_A,T08,largo,26,G3,6.159873687949769,0.7544233187181508,0.8747755161551389,False,443,406.6702778843333,8.933458895660856,0.017553035940177125,24.500116576727226,60,265.8,11.496188905862597,341,0.521933357910275
2706,mixtura,packing_A,T08,largo,26,G3,6.159873687949769,0.7544233187181508,0.8747755161551389,False,443,406.6702778843333,8.933458895660856,0.017553035940177125,24.500116576727226,60,265.8,11.496188905862597,342,0.39223077518835264
2706,mixtura,packing_A,T08,largo,26,G3,6.159873687949769,0.7544233187181508,0.8747755161551389,False,443,406.6702778843333,8.933458895660856,0.017553035940177125,24.500116576727226,60,265.8,11.496188905862597,343,0.21786220418663998
2706,mixtura,packing_A,T08,largo,26,G3,6.159873687949769,0.7544233187181508,0.8747755161551389,False,443,406.6702778843333,8.933458895660856,0.017553035940177125,24.500116576727226,60,265.8,11.496188905862597,344,0.1525792176464289
2706,mixtura,packing_A,T08,largo,26,G3,6.159873687949769,0.7544233187181508,0.8747755161551389,False,443,406.6702778843333,8.933458895660856,0.017553035940177125,24.500116576727226,60,265.8,11.496188905862597,345,0.15110646408697057
2706,mixtura,packing_A,T08,largo,26,G3,6.159873687949769,0.7544233187181508,0.8747755161551389,False,443,406.6702778843333,8.933458895660856,0.017553035940177125,24.500116576727226,60,265.8,11.496188905862597,346,-0.18806135506451926
2706,mixtura,packing_A,T08,largo,26,G3,6.159873687949769,0.7544233187181508,0.8747755161551389,False,443,406.6702778843333,8.933458895660856,0.017553035940177125,24.500116576727226,60,265.8,11.496188905862597,347,-0.1567611013623423
2706,mixtura,packing_A,T08,largo,26,G3,6.159873687949769,0.7544233187181508,0.8747755161551389,False,443,406.6702778843333,8.933458895660856,0.017553035940177125,24.500116576727226,60,265.8,11.496188905862597,348,-0.381493629988385
2706,mixtura,packing_A,T08,largo,26,G3,6.159873687949769,0.7544233187181508,0.8747755161551389,False,443,406.6702778843333,8.933458895660856,0.017553035940177125,24.500116576727226,60,265.8,11.496188905862597,349,-0.37932478344970855
2706,mixtura,packing_A,T08,largo,26,G3,6.159873687949769,0.7544233187181508,0.8747755161551389,False,443,406.6702778843333,8.933458895660856,0.017553035940177125,24.500116576727226,60,265.8,11.496188905862597,350,-0.557296593443623
2706,mixtura,packing_A,T08,largo,26,G3,6.159873687949769,0.7544233187181508,0.8747755161551389,False,443,406.6702778843333,8.933458895660856,0.017553035940177125,24.500116576727226,60,265.8,11.496188905862597,351,-0.36677404172186767
2706,mixtura,packing_A,T08,largo,26,G3,6.159873687949769,0.7544233187181508,0.8747755161551389,False,443,406.6702778843333,8.933458895660856,0.017553035940177125,24.500116576727226,60,265.8,11.496188905862597,352,-0.3832594417743902
2706,mixtura,packing_A,T08,largo,26,G3,6.159873687949769,0.7544233187181508,0.8747755161551389,False,443,406.6702778843333,8.933458895660856,0.017553035940177125,24.500116576727226,60,265.8,11.496188905862597,353,-0.5001221871977001
2706,mixtura,packing_A,T08,largo,26,G3,6.159873687949769,0.7544233187181508,0.8747755161551389,False,443,406.6702778843333,8.933458895660856,0.017553035940177125,24.500116576727226,60,265.8,11.496188905862597,354,-0.4581521663435876
2706,mixtura,packing_A,T08,largo,26,G3,6.159873687949769,0.7544233187181508,0.8747755161551389,False,443,406.6702778843333,8.933458895660856,0.017553035940177125,24.500116576727226,60,265.8,11.496188905862597,355,-0.5089933204557703
2706,mixtura,packing_A,T08,largo,26,G3,6.159873687949769,0.7544233187181508,0.8747755161551389,False,443,406.6702778843333,8.933458895660856,0.017553035940177125,24.500116576727226,60,265.8,11.496188905862597,356,-0.40992875712628213
2706,mixtura,packing_A,T08,largo,26,G3,6.159873687949769,0.7544233187181508,0.8747755161551389,False,443,406.6702778843333,8.933458895660856,0.017553035940177125,24.500116576727226,60,265.8,11.496188905862597,357,-0.3839286960774623
2706,mixtura,packing_A,T08,largo,26,G3,6.159873687949769,0.7544233187181508,0.8747755161551389,False,443,406.6702778843333,8.933458895660856,0.017553035940177125,24.500116576727226,60,265.8,11.496188905862597,358,-0.035171013745349866
2706,mixtura,packing_A,T08,largo,26,G3,6.159873687949769,0.7544233187181508,0.8747755161551389,False,443,406.6702778843333,8.933458895660856,0.017553035940177125,24.500116576727226,60,265.8,11.496188905862597,359,-0.031068381786681733
2706,mixtura,packing_A,T08,largo,26,G3,6.159873687949769,0.7544233187181508,0.8747755161551389,False,443,406.6702778843333,8.933458895660856,0.017553035940177125,24.500116576727226,60,265.8,11.496188905862597,360,-0.0643896103710691
2706,mixtura,packing_A,T08,largo,26,G3,6.159873687949769,0.7544233187181508,0.8747755161551389,False,443,406.6702778843333,8.933458895660856,0.017553035940177125,24.500116576727226,60,265.8,11.496188905862597,361,0.20006765918231717
2706,mixtura,packing_A,T08,largo,26,G3,6.159873687949769,0.7544233187181508,0.8747755161551389,False,443,406.6702778843333,8.933458895660856,0.017553035940177125,24.500116576727226,60,265.8,11.496188905862597,362,-0.07043849186921389
2706,mixtura,packing_A,T08,largo,26,G3,6.159873687949769,0.7544233187181508,0.8747755161551389,False,443,406.6702778843333,8.933458895660856,0.017553035940177125,24.500116576727226,60,265.8,11.496188905862597,363,0.4189799941569755
2706,mixtura,packing_A,T08,largo,26,G3,6.159873687949769,0.7544233187181508,0.8747755161551389,False,443,406.6702778843333,8.933458895660856,0.017553035940177125,24.500116576727226,60,265.8,11.496188905862597,364,0.45547324734724215
2706,mixtura,packing_A,T08,largo,26,G3,6.159873687949769,0.7544233187181508,0.8747755161551389,False,443,406.6702778843333,8.933458895660856,0.017553035940177125,24.500116576727226,60,265.8,11.496188905862597,365,0.4272470084384474
2706,mixtura,packing_A,T08,largo,26,G3,6.159873687949769,0.7544233187181508,0.8747755161551389,False,443,406.6702778843333,8.933458895660856,0.017553035940177125,24.500116576727226,60,265.8,11.496188905862597,366,0.4231914228475486
2706,mixtura,packing_A,T08,largo,26,G3,6.159873687949769,0.7544233187181508,0.8747755161551389,False,443,406.6702778843333,8.933458895660856,0.017553035940177125,24.500116576727226,60,265.8,11.496188905862597,367,0.29278271474840123
2706,mixtura,packing_A,T08,largo,26,G3,6.159873687949769,0.7544233187181508,0.8747755161551389,False,443,406.6702778843333,8.933458895660856,0.017553035940177125,24.500116576727226,60,265.8,11.496188905862597,368,0.5258076627081152
2706,mixtura,packing_A,T08,largo,26,G3,6.159873687949769,0.7544233187181508,0.8747755161551389,False,443,406.6702778843333,8.933458895660856,0.017553035940177125,24.500116576727226,60,265.8,11.496188905862597,369,0.3149421829288872
2706,mixtura,packing_A,T08,largo,26,G3,6.159873687949769,0.7544233187181508,0.8747755161551389,False,443,406.6702778843333,8.933458895660856,0.017553035940177125,24.500116576727226,60,265.8,11.496188905862597,370,0.5570236269746983
2706,mixtura,packing_A,T08,largo,26,G3,6.159873687949769,0.7544233187181508,0.8747755161551389,False,443,406.6702778843333,8.933458895660856,0.017553035940177125,24.500116576727226,60,265.8,11.496188905862597,371,0.5423364524839757
2706,mixtura,packing_A,T08,largo,26,G3,6.159873687949769,0.7544233187181508,0.8747755161551389,False,443,406.6702778843333,8.933458895660856,0.017553035940177125,24.500116576727226,60,265.8,11.496188905862597,372,0.20417260481285926
2706,mixtura,packing_A,T08,largo,26,G3,6.159873687949769,0.7544233187181508,0.8747755161551389,False,443,406.6702778843333,8.933458895660856,0.017553035940177125,24.500116576727226,60,265.8,11.496188905862597,373,-0.020276934482754888
2706,mixtura,packing_A,T08,largo,26,G3,6.159873687949769,0.7544233187181508,0.8747755161551389,False,443,406.6702778843333,8.933458895660856,0.017553035940177125,24.500116576727226,60,265.8,11.496188905862597,374,0.3116390269310028
2706,mixtura,packing_A,T08,largo,26,G3,6.159873687949769,0.7544233187181508,0.8747755161551389,False,443,406.6702778843333,8.933458895660856,0.017553035940177125,24.500116576727226,60,265.8,11.496188905862597,375,0.18912695943955649
2706,mixtura,packing_A,T08,largo,26,G3,6.159873687949769,0.7544233187181508,0.8747755161551389,False,443,406.6702778843333,8.933458895660856,0.017553035940177125,24.500116576727226,60,265.8,11.496188905862597,376,-0.1882048968497249
2706,mixtura,packing_A,T08,largo,26,G3,6.159873687949769,0.7544233187181508,0.8747755161551389,False,443,406.6702778843333,8.933458895660856,0.017553035940177125,24.500116576727226,60,265.8,11.496188905862597,377,-0.3047192470821071
2706,mixtura,packing_A,T08,largo,26,G3,6.159873687949769,0.7544233187181508,0.8747755161551389,False,443,406.6702778843333,8.933458895660856,0.017553035940177125,24.500116576727226,60,265.8,11.496188905862597,378,-0.22595033479916937
2706,mixtura,packing_A,T08,largo,26,G3,6.159873687949769,0.7544233187181508,0.8747755161551389,False,443,406.6702778843333,8.933458895660856,0.017553035940177125,24.500116576727226,60,265.8,11.496188905862597,379,-0.28780916591711164
2706,mixtura,packing_A,T08,largo,26,G3,6.159873687949769,0.7544233187181508,0.8747755161551389,False,443,406.6702778843333,8.933458895660856,0.017553035940177125,24.500116576727226,60,265.8,11.496188905862597,380,-0.3012855053793245
2706,mixtura,packing_A,T08,largo,26,G3,6.159873687949769,0.7544233187181508,0.8747755161551389,False,443,406.6702778843333,8.933458895660856,0.017553035940177125,24.500116576727226,60,265.8,11.496188905862597,381,-0.4106669950681336
2706,mixtura,packing_A,T08,largo,26,G3,6.159873687949769,0.7544233187181508,0.8747755161551389,False,443,406.6702778843333,8.933458895660856,0.017553035940177125,24.500116576727226,60,265.8,11.496188905862597,382,-0.5343738910042966
2706,mixtura,packing_A,T08,largo,26,G3,6.159873687949769,0.7544233187181508,0.8747755161551389,False,443,406.6702778843333,8.933458895660856,0.017553035940177125,24.500116576727226,60,265.8,11.496188905862597,383,-0.34808766294087246
2706,mixtura,packing_A,T08,largo,26,G3,6.159873687949769,0.7544233187181508,0.8747755161551389,False,443,406.6702778843333,8.933458895660856,0.017553035940177125,24.500116576727226,60,265.8,11.496188905862597,384,-0.46494981042312333
2706,mixtura,packing_A,T08,largo,26,G3,6.159873687949769,0.7544233187181508,0.8747755161551389,False,443,406.6702778843333,8.933458895660856,0.017553035940177125,24.500116576727226,60,265.8,11.496188905862597,385,-0.20643456688249895
2706,mixtura,packing_A,T08,largo,26,G3,6.159873687949769,0.7544233187181508,0.8747755161551389,False,443,406.6702778843333,8.933458895660856,0.017553035940177125,24.500116576727226,60,265.8,11.496188905862597,386,-0.5377791521456842
2706,mixtura,packing_A,T08,largo,26,G3,6.159873687949769,0.7544233187181508,0.8747755161551389,False,443,406.6702778843333,8.933458895660856,0.017553035940177125,24.500116576727226,60,265.8,11.496188905862597,387,-0.19719707332481062
2706,mixtura,packing_A,T08,largo,26,G3,6.159873687949769,0.7544233187181508,0.8747755161551389,False,443,406.6702778843333,8.933458895660856,0.017553035940177125,24.500116576727226,60,265.8,11.496188905862597,388,-0.035911011500462275
2706,mixtura,packing_A,T08,largo,26,G3,6.159873687949769,0.7544233187181508,0.8747755161551389,False,443,406.6702778843333,8.933458895660856,0.017553035940177125,24.500116576727226,60,265.8,11.496188905862597,389,0.046566955775135574
2706,mixtura,packing_A,T08,largo,26,G3,6.159873687949769,0.7544233187181508,0.8747755161551389,False,443,406.6702778843333,8.933458895660856,0.017553035940177125,24.500116576727226,60,265.8,11.496188905862597,390,-0.18649633505598406
2706,mixtura,packing_A,T08,largo,26,G3,6.159873687949769,0.7544233187181508,0.8747755161551389,False,443,406.6702778843333,8.933458895660856,0.017553035940177125,24.500116576727226,60,265.8,11.496188905862597,391,0.18658620159323464
2706,mixtura,packing_A,T08,largo,26,G3,6.159873687949769,0.7544233187181508,0.8747755161551389,False,443,406.6702778843333,8.933458895660856,0.017553035940177125,24.500116576727226,60,265.8,11.496188905862597,392,0.14363826410673428
2706,mixtura,packing_A,T08,largo,26,G3,6.159873687949769,0.7544233187181508,0.8747755161551389,False,443,406.6702778843333,8.933458895660856,0.017553035940177125,24.500116576727226,60,265.8,11.496188905862597,393,0.5061552584553428
2706,mixtura,packing_A,T08,largo,26,G3,6.159873687949769,0.7544233187181508,0.8747755161551389,False,443,406.6702778843333,8.933458895660856,0.017553035940177125,24.500116576727226,60,265.8,11.496188905862597,394,0.46482757286000087
2706,mixtura,packing_A,T08,largo,26,G3,6.159873687949769,0.7544233187181508,0.8747755161551389,False,443,406.6702778843333,8.933458895660856,0.017553035940177125,24.500116576727226,60,265.8,11.496188905862597,395,0.5429976840835866
2706,mixtura,packing_A,T08,largo,26,G3,6.159873687949769,0.7544233187181508,0.8747755161551389,False,443,406.6702778843333,8.933458895660856,0.017553035940177125,24.500116576727226,60,265.8,11.496188905862597,396,0.5058473931529726
2706,mixtura,packing_A,T08,largo,26,G3,6.159873687949769,0.7544233187181508,0.8747755161551389,False,443,406.6702778843333,8.933458895660856,0.017553035940177125,24.500116576727226,60,265.8,11.496188905862597,397,0.29694001116878155
2706,mixtura,packing_A,T08,largo,26,G3,6.159873687949769,0.7544233187181508,0.8747755161551389,False,443,406.6702778843333,8.933458895660856,0.017553035940177125,24.500116576727226,60,265.8,11.496188905862597,398,0.5916816968017444
2706,mixtura,packing_A,T08,largo,26,G3,6.159873687949769,0.7544233187181508,0.8747755161551389,False,443,406.6702778843333,8.933458895660856,0.017553035940177125,24.500116576727226,60,265.8,11.496188905862597,399,0.5505044865343081
2706,mixtura,packing_A,T08,largo,26,G3,6.159873687949769,0.7544233187181508,0.8747755161551389,False,443,406.6702778843333,8.933458895660856,0.017553035940177125,24.500116576727226,60,265.8,11.496188905862597,400,0.5197478676345686
2706,mixtura,packing_A,T08,largo,26,G3,6.159873687949769,0.7544233187181508,0.8747755161551389,False,443,406.6702778843333,8.933458895660856,0.017553035940177125,24.500116576727226,60,265.8,11.496188905862597,401,0.5012154548889798
2706,mixtura,packing_A,T08,largo,26,G3,6.159873687949769,0.7544233187181508,0.8747755161551389,False,443,406.6702778843333,8.933458895660856,0.017553035940177125,24.500116576727226,60,265.8,11.496188905862597,402,0.2916215745729414
2706,mixtura,packing_A,T08,largo,26,G3,6.159873687949769,0.7544233187181508,0.8747755161551389,False,443,406.6702778843333,8.933458895660856,0.017553035940177125,24.500116576727226,60,265.8,11.496188905862597,403,0.11473444638641488
2706,mixtura,packing_A,T08,largo,26,G3,6.159873687949769,0.7544233187181508,0.8747755161551389,False,443,406.6702778843333,8.933458895660856,0.017553035940177125,24.500116576727226,60,265.8,11.496188905862597,404,0.29011906460375764
2706,mixtura,packing_A,T08,largo,26,G3,6.159873687949769,0.7544233187181508,0.8747755161551389,False,443,406.6702778843333,8.933458895660856,0.017553035940177125,24.500116576727226,60,265.8,11.496188905862597,405,-0.0445391329184901
2706,mixtura,packing_A,T08,largo,26,G3,6.159873687949769,0.7544233187181508,0.8747755161551389,False,443,406.6702778843333,8.933458895660856,0.017553035940177125,24.500116576727226,60,265.8,11.496188905862597,406,0.04451049264804231
2706,mixtura,packing_A,T08,largo,26,G3,6.159873687949769,0.7544233187181508,0.8747755161551389,False,443,406.6702778843333,8.933458895660856,0.017553035940177125,24.500116576727226,60,265.8,11.496188905862597,407,-0.39423992937271285
2706,mixtura,packing_A,T08,largo,26,G3,6.159873687949769,0.7544233187181508,0.8747755161551389,False,443,406.6702778843333,8.933458895660856,0.017553035940177125,24.500116576727226,60,265.8,11.496188905862597,408,-0.1478744432424508
2706,mixtura,packing_A,T08,largo,26,G3,6.159873687949769,0.7544233187181508,0.8747755161551389,False,443,406.6702778843333,8.933458895660856,0.017553035940177125,24.500116576727226,60,265.8,11.496188905862597,409,-0.27300269242537323
2706,mixtura,packing_A,T08,largo,26,G3,6.159873687949769,0.7544233187181508,0.8747755161551389,False,443,406.6702778843333,8.933458895660856,0.017553035940177125,24.500116576727226,60,265.8,11.496188905862597,410,-0.5984181173875858
2706,mixtura,packing_A,T08,largo,26,G3,6.159873687949769,0.7544233187181508,0.8747755161551389,False,443,406.6702778843333,8.933458895660856,0.017553035940177125,24.500116576727226,60,265.8,11.496188905862597,411,-0.46177638698085577
2706,mixtura,packing_A,T08,largo,26,G3,6.159873687949769,0.7544233187181508,0.8747755161551389,False,443,406.6702778843333,8.933458895660856,0.017553035940177125,24.500116576727226,60,265.8,11.496188905862597,412,-0.5604791934695601
2706,mixtura,packing_A,T08,largo,26,G3,6.159873687949769,0.7544233187181508,0.8747755161551389,False,443,406.6702778843333,8.933458895660856,0.017553035940177125,24.500116576727226,60,265.8,11.496188905862597,413,-0.4625914248039508
2706,mixtura,packing_A,T08,largo,26,G3,6.159873687949769,0.7544233187181508,0.8747755161551389,False,443,406.6702778843333,8.933458895660856,0.017553035940177125,24.500116576727226,60,265.8,11.496188905862597,414,-0.7523028757835974
2706,mixtura,packing_A,T08,largo,26,G3,6.159873687949769,0.7544233187181508,0.8747755161551389,False,443,406.6702778843333,8.933458895660856,0.017553035940177125,24.500116576727226,60,265.8,11.496188905862597,415,-0.5570644264576597
2706,mixtura,packing_A,T08,largo,26,G3,6.159873687949769,0.7544233187181508,0.8747755161551389,False,443,406.6702778843333,8.933458895660856,0.017553035940177125,24.500116576727226,60,265.8,11.496188905862597,416,-0.3211033805523359
2706,mixtura,packing_A,T08,largo,26,G3,6.159873687949769,0.7544233187181508,0.8747755161551389,False,443,406.6702778843333,8.933458895660856,0.017553035940177125,24.500116576727226,60,265.8,11.496188905862597,417,-0.2621506882112367
2706,mixtura,packing_A,T08,largo,26,G3,6.159873687949769,0.7544233187181508,0.8747755161551389,False,443,406.6702778843333,8.933458895660856,0.017553035940177125,24.500116576727226,60,265.8,11.496188905862597,418,-0.21058523212222405
2706,mixtura,packing_A,T08,largo,26,G3,6.159873687949769,0.7544233187181508,0.8747755161551389,False,443,406.6702778843333,8.933458895660856,0.017553035940177125,24.500116576727226,60,265.8,11.496188905862597,419,-0.04179845511304658
2706,mixtura,packing_A,T08,largo,26,G3,6.159873687949769,0.7544233187181508,0.8747755161551389,False,443,406.6702778843333,8.933458895660856,0.017553035940177125,24.500116576727226,60,265.8,11.496188905862597,420,-0.08309286686945665
2706,mixtura,packing_A,T08,largo,26,G3,6.159873687949769,0.7544233187181508,0.8747755161551389,False,443,406.6702778843333,8.933458895660856,0.017553035940177125,24.500116576727226,60,265.8,11.496188905862597,421,-0.052476019848867225
2706,mixtura,packing_A,T08,largo,26,G3,6.159873687949769,0.7544233187181508,0.8747755161551389,False,443,406.6702778843333,8.933458895660856,0.017553035940177125,24.500116576727226,60,265.8,11.496188905862597,422,0.10775795125375029
2706,mixtura,packing_A,T08,largo,26,G3,6.159873687949769,0.7544233187181508,0.8747755161551389,False,443,406.6702778843333,8.933458895660856,0.017553035940177125,24.500116576727226,60,265.8,11.496188905862597,423,0.2656533639729142
2706,mixtura,packing_A,T08,largo,26,G3,6.159873687949769,0.7544233187181508,0.8747755161551389,False,443,406.6702778843333,8.933458895660856,0.017553035940177125,24.500116576727226,60,265.8,11.496188905862597,424,0.46135146315241854
2706,mixtura,packing_A,T08,largo,26,G3,6.159873687949769,0.7544233187181508,0.8747755161551389,False,443,406.6702778843333,8.933458895660856,0.017553035940177125,24.500116576727226,60,265.8,11.496188905862597,425,0.5163327232553615
2706,mixtura,packing_A,T08,largo,26,G3,6.159873687949769,0.7544233187181508,0.8747755161551389,False,443,406.6702778843333,8.933458895660856,0.017553035940177125,24.500116576727226,60,265.8,11.496188905862597,426,0.49578981397893673
2706,mixtura,packing_A,T08,largo,26,G3,6.159873687949769,0.7544233187181508,0.8747755161551389,False,443,406.6702778843333,8.933458895660856,0.017553035940177125,24.500116576727226,60,265.8,11.496188905862597,427,0.4432029073547369
2706,mixtura,packing_A,T08,largo,26,G3,6.159873687949769,0.7544233187181508,0.8747755161551389,False,443,406.6702778843333,8.933458895660856,0.017553035940177125,24.500116576727226,60,265.8,11.496188905862597,428,0.7133455071375594
2706,mixtura,packing_A,T08,largo,26,G3,6.159873687949769,0.7544233187181508,0.8747755161551389,False,443,406.6702778843333,8.933458895660856,0.017553035940177125,24.500116576727226,60,265.8,11.496188905862597,429,0.7109528918965422
2706,mixtura,packing_A,T08,largo,26,G3,6.159873687949769,0.7544233187181508,0.8747755161551389,False,443,406.6702778843333,8.933458895660856,0.017553035940177125,24.500116576727226,60,265.8,11.496188905862597,430,0.3628989622761721
2706,mixtura,packing_A,T08,largo,26,G3,6.159873687949769,0.7544233187181508,0.8747755161551389,False,443,406.6702778843333,8.933458895660856,0.017553035940177125,24.500116576727226,60,265.8,11.496188905862597,431,0.5117327258596487
2706,mixtura,packing_A,T08,largo,26,G3,6.159873687949769,0.7544233187181508,0.8747755161551389,False,443,406.6702778843333,8.933458895660856,0.017553035940177125,24.500116576727226,60,265.8,11.496188905862597,432,0.3246118530163731
2706,mixtura,packing_A,T08,largo,26,G3,6.159873687949769,0.7544233187181508,0.8747755161551389,False,443,406.6702778843333,8.933458895660856,0.017553035940177125,24.500116576727226,60,265.8,11.496188905862597,433,0.14358873006817058
2706,mixtura,packing_A,T08,largo,26,G3,6.159873687949769,0.7544233187181508,0.8747755161551389,False,443,406.6702778843333,8.933458895660856,0.017553035940177125,24.500116576727226,60,265.8,11.496188905862597,434,0.08725552016161213
2706,mixtura,packing_A,T08,largo,26,G3,6.159873687949769,0.7544233187181508,0.8747755161551389,False,443,406.6702778843333,8.933458895660856,0.017553035940177125,24.500116576727226,60,265.8,11.496188905862597,435,-0.20392381170703033
2706,mixtura,packing_A,T08,largo,26,G3,6.159873687949769,0.7544233187181508,0.8747755161551389,False,443,406.6702778843333,8.933458895660856,0.017553035940177125,24.500116576727226,60,265.8,11.496188905862597,436,-0.050617657013042626
2706,mixtura,packing_A,T08,largo,26,G3,6.159873687949769,0.7544233187181508,0.8747755161551389,False,443,406.6702778843333,8.933458895660856,0.017553035940177125,24.500116576727226,60,265.8,11.496188905862597,437,-0.17428185885081293
2706,mixtura,packing_A,T08,largo,26,G3,6.159873687949769,0.7544233187181508,0.8747755161551389,False,443,406.6702778843333,8.933458895660856,0.017553035940177125,24.500116576727226,60,265.8,11.496188905862597,438,-0.19458889320472106
2706,mixtura,packing_A,T08,largo,26,G3,6.159873687949769,0.7544233187181508,0.8747755161551389,False,443,406.6702778843333,8.933458895660856,0.017553035940177125,24.500116576727226,60,265.8,11.496188905862597,439,-0.3094467971831586
2706,mixtura,packing_A,T08,largo,26,G3,6.159873687949769,0.7544233187181508,0.8747755161551389,False,443,406.6702778843333,8.933458895660856,0.017553035940177125,24.500116576727226,60,265.8,11.496188905862597,440,-0.4151765300899703
2706,mixtura,packing_A,T08,largo,26,G3,6.159873687949769,0.7544233187181508,0.8747755161551389,False,443,406.6702778843333,8.933458895660856,0.017553035940177125,24.500116576727226,60,265.8,11.496188905862597,441,-0.3272703665839073
2706,mixtura,packing_A,T08,largo,26,G3,6.159873687949769,0.7544233187181508,0.8747755161551389,False,443,406.6702778843333,8.933458895660856,0.017553035940177125,24.500116576727226,60,265.8,11.496188905862597,442,-0.4850166201087236
