proceso_id,epoca,packing,tunel,tipo_tunel,iteracion,mass_group,masa_ton,ocupabilidad,caudal_factor,anomalia_duracion,duracion_min,duracion_esperada_min,delta_duracion_pct,setpoint,T0,pct_transitorio,t_trans_min,overshoot_pct,tiempo_min,temperatura
3589,mixtura,packing_C,T10,largo,29,G4,8.722037023146411,0.4424770332610221,0.9574267033176027,False,453,394.5079457345229,14.826584584138722,-0.0039538900045693465,24.292592964741946,60,271.8,10.902520689704426,0,24.3167932495421
3589,mixtura,packing_C,T10,largo,29,G4,8.722037023146411,0.4424770332610221,0.9574267033176027,False,453,394.5079457345229,14.826584584138722,-0.0039538900045693465,24.292592964741946,60,271.8,10.902520689704426,1,24.162795110846314
3589,mixtura,packing_C,T10,largo,29,G4,8.722037023146411,0.4424770332610221,0.9574267033176027,False,453,394.5079457345229,14.826584584138722,-0.0039538900045693465,24.292592964741946,60,271.8,10.902520689704426,2,23.901536196117203
3589,mixtura,packing_C,T10,largo,29,G4,8.722037023146411,0.4424770332610221,0.9574267033176027,False,453,394.5079457345229,14.826584584138722,-0.0039538900045693465,24.292592964741946,60,271.8,10.902520689704426,3,23.632211996580317
3589,mixtura,packing_C,T10,largo,29,G4,8.722037023146411,0.4424770332610221,0.9574267033176027,False,453,394.5079457345229,14.826584584138722,-0.0039538900045693465,24.292592964741946,60,271.8,10.902520689704426,4,23.53342224158205
3589,mixtura,packing_C,T10,largo,29,G4,8.722037023146411,0.4424770332610221,0.9574267033176027,False,453,394.5079457345229,14.826584584138722,-0.0039538900045693465,24.292592964741946,60,271.8,10.902520689704426,5,22.910890609547817
3589,mixtura,packing_C,T10,largo,29,G4,8.722037023146411,0.4424770332610221,0.9574267033176027,False,453,394.5079457345229,14.826584584138722,-0.0039538900045693465,24.292592964741946,60,271.8,10.902520689704426,6,22.71313475559995
3589,mixtura,packing_C,T10,largo,29,G4,8.722037023146411,0.4424770332610221,0.9574267033176027,False,453,394.5079457345229,14.826584584138722,-0.0039538900045693465,24.292592964741946,60,271.8,10.902520689704426,7,22.477053915722713
3589,mixtura,packing_C,T10,largo,29,G4,8.722037023146411,0.4424770332610221,0.9574267033176027,False,453,394.5079457345229,14.826584584138722,-0.0039538900045693465,24.292592964741946,60,271.8,10.902520689704426,8,22.39489262890521
3589,mixtura,packing_C,T10,largo,29,G4,8.722037023146411,0.4424770332610221,0.9574267033176027,False,453,394.5079457345229,14.826584584138722,-0.0039538900045693465,24.292592964741946,60,271.8,10.902520689704426,9,22.07719334517995
3589,mixtura,packing_C,T10,largo,29,G4,8.722037023146411,0.4424770332610221,0.9574267033176027,False,453,394.5079457345229,14.826584584138722,-0.0039538900045693465,24.292592964741946,60,271.8,10.902520689704426,10,21.738034331651487
3589,mixtura,packing_C,T10,largo,29,G4,8.722037023146411,0.4424770332610221,0.9574267033176027,False,453,394.5079457345229,14.826584584138722,-0.0039538900045693465,24.292592964741946,60,271.8,10.902520689704426,11,21.37492104522431
3589,mixtura,packing_C,T10,largo,29,G4,8.722037023146411,0.4424770332610221,0.9574267033176027,False,453,394.5079457345229,14.826584584138722,-0.0039538900045693465,24.292592964741946,60,271.8,10.902520689704426,12,21.2035921821335
3589,mixtura,packing_C,T10,largo,29,G4,8.722037023146411,0.4424770332610221,0.9574267033176027,False,453,394.5079457345229,14.826584584138722,-0.0039538900045693465,24.292592964741946,60,271.8,10.902520689704426,13,20.978134046387474
3589,mixtura,packing_C,T10,largo,29,G4,8.722037023146411,0.4424770332610221,0.9574267033176027,False,453,394.5079457345229,14.826584584138722,-0.0039538900045693465,24.292592964741946,60,271.8,10.902520689704426,14,20.746497574893915
3589,mixtura,packing_C,T10,largo,29,G4,8.722037023146411,0.4424770332610221,0.9574267033176027,False,453,394.5079457345229,14.826584584138722,-0.0039538900045693465,24.292592964741946,60,271.8,10.902520689704426,15,20.571085427487517
3589,mixtura,packing_C,T10,largo,29,G4,8.722037023146411,0.4424770332610221,0.9574267033176027,False,453,394.5079457345229,14.826584584138722,-0.0039538900045693465,24.292592964741946,60,271.8,10.902520689704426,16,20.25002915620484
3589,mixtura,packing_C,T10,largo,29,G4,8.722037023146411,0.4424770332610221,0.9574267033176027,False,453,394.5079457345229,14.826584584138722,-0.0039538900045693465,24.292592964741946,60,271.8,10.902520689704426,17,20.02775632918179
3589,mixtura,packing_C,T10,largo,29,G4,8.722037023146411,0.4424770332610221,0.9574267033176027,False,453,394.5079457345229,14.826584584138722,-0.0039538900045693465,24.292592964741946,60,271.8,10.902520689704426,18,19.756882562938124
3589,mixtura,packing_C,T10,largo,29,G4,8.722037023146411,0.4424770332610221,0.9574267033176027,False,453,394.5079457345229,14.826584584138722,-0.0039538900045693465,24.292592964741946,60,271.8,10.902520689704426,19,19.387177267448404
3589,mixtura,packing_C,T10,largo,29,G4,8.722037023146411,0.4424770332610221,0.9574267033176027,False,453,394.5079457345229,14.826584584138722,-0.0039538900045693465,24.292592964741946,60,271.8,10.902520689704426,20,18.80608690558118
3589,mixtura,packing_C,T10,largo,29,G4,8.722037023146411,0.4424770332610221,0.9574267033176027,False,453,394.5079457345229,14.826584584138722,-0.0039538900045693465,24.292592964741946,60,271.8,10.902520689704426,21,18.746204376646936
3589,mixtura,packing_C,T10,largo,29,G4,8.722037023146411,0.4424770332610221,0.9574267033176027,False,453,394.5079457345229,14.826584584138722,-0.0039538900045693465,24.292592964741946,60,271.8,10.902520689704426,22,18.259182304401868
3589,mixtura,packing_C,T10,largo,29,G4,8.722037023146411,0.4424770332610221,0.9574267033176027,False,453,394.5079457345229,14.826584584138722,-0.0039538900045693465,24.292592964741946,60,271.8,10.902520689704426,23,18.28560128876447
3589,mixtura,packing_C,T10,largo,29,G4,8.722037023146411,0.4424770332610221,0.9574267033176027,False,453,394.5079457345229,14.826584584138722,-0.0039538900045693465,24.292592964741946,60,271.8,10.902520689704426,24,17.918345847277287
3589,mixtura,packing_C,T10,largo,29,G4,8.722037023146411,0.4424770332610221,0.9574267033176027,False,453,394.5079457345229,14.826584584138722,-0.0039538900045693465,24.292592964741946,60,271.8,10.902520689704426,25,17.470503603433812
3589,mixtura,packing_C,T10,largo,29,G4,8.722037023146411,0.4424770332610221,0.9574267033176027,False,453,394.5079457345229,14.826584584138722,-0.0039538900045693465,24.292592964741946,60,271.8,10.902520689704426,26,17.33569585654626
3589,mixtura,packing_C,T10,largo,29,G4,8.722037023146411,0.4424770332610221,0.9574267033176027,False,453,394.5079457345229,14.826584584138722,-0.0039538900045693465,24.292592964741946,60,271.8,10.902520689704426,27,16.903097238993627
3589,mixtura,packing_C,T10,largo,29,G4,8.722037023146411,0.4424770332610221,0.9574267033176027,False,453,394.5079457345229,14.826584584138722,-0.0039538900045693465,24.292592964741946,60,271.8,10.902520689704426,28,16.544880676453626
3589,mixtura,packing_C,T10,largo,29,G4,8.722037023146411,0.4424770332610221,0.9574267033176027,False,453,394.5079457345229,14.826584584138722,-0.0039538900045693465,24.292592964741946,60,271.8,10.902520689704426,29,16.43186412499982
3589,mixtura,packing_C,T10,largo,29,G4,8.722037023146411,0.4424770332610221,0.9574267033176027,False,453,394.5079457345229,14.826584584138722,-0.0039538900045693465,24.292592964741946,60,271.8,10.902520689704426,30,15.998143970082632
3589,mixtura,packing_C,T10,largo,29,G4,8.722037023146411,0.4424770332610221,0.9574267033176027,False,453,394.5079457345229,14.826584584138722,-0.0039538900045693465,24.292592964741946,60,271.8,10.902520689704426,31,15.640735233683023
3589,mixtura,packing_C,T10,largo,29,G4,8.722037023146411,0.4424770332610221,0.9574267033176027,False,453,394.5079457345229,14.826584584138722,-0.0039538900045693465,24.292592964741946,60,271.8,10.902520689704426,32,15.402535415647948
3589,mixtura,packing_C,T10,largo,29,G4,8.722037023146411,0.4424770332610221,0.9574267033176027,False,453,394.5079457345229,14.826584584138722,-0.0039538900045693465,24.292592964741946,60,271.8,10.902520689704426,33,15.176512272107441
3589,mixtura,packing_C,T10,largo,29,G4,8.722037023146411,0.4424770332610221,0.9574267033176027,False,453,394.5079457345229,14.826584584138722,-0.0039538900045693465,24.292592964741946,60,271.8,10.902520689704426,34,14.70436193623056
3589,mixtura,packing_C,T10,largo,29,G4,8.722037023146411,0.4424770332610221,0.9574267033176027,False,453,394.5079457345229,14.826584584138722,-0.0039538900045693465,24.292592964741946,60,271.8,10.902520689704426,35,14.466765971737763
3589,mixtura,packing_C,T10,largo,29,G4,8.722037023146411,0.4424770332610221,0.9574267033176027,False,453,394.5079457345229,14.826584584138722,-0.0039538900045693465,24.292592964741946,60,271.8,10.902520689704426,36,14.059657020892363
3589,mixtura,packing_C,T10,largo,29,G4,8.722037023146411,0.4424770332610221,0.9574267033176027,False,453,394.5079457345229,14.826584584138722,-0.0039538900045693465,24.292592964741946,60,271.8,10.902520689704426,37,13.925022195534023
3589,mixtura,packing_C,T10,largo,29,G4,8.722037023146411,0.4424770332610221,0.9574267033176027,False,453,394.5079457345229,14.826584584138722,-0.0039538900045693465,24.292592964741946,60,271.8,10.902520689704426,38,13.47795456199168
3589,mixtura,packing_C,T10,largo,29,G4,8.722037023146411,0.4424770332610221,0.9574267033176027,False,453,394.5079457345229,14.826584584138722,-0.0039538900045693465,24.292592964741946,60,271.8,10.902520689704426,39,13.084013343943035
3589,mixtura,packing_C,T10,largo,29,G4,8.722037023146411,0.4424770332610221,0.9574267033176027,False,453,394.5079457345229,14.826584584138722,-0.0039538900045693465,24.292592964741946,60,271.8,10.902520689704426,40,12.834369048098207
3589,mixtura,packing_C,T10,largo,29,G4,8.722037023146411,0.4424770332610221,0.9574267033176027,False,453,394.5079457345229,14.826584584138722,-0.0039538900045693465,24.292592964741946,60,271.8,10.902520689704426,41,12.643205263471904
3589,mixtura,packing_C,T10,largo,29,G4,8.722037023146411,0.4424770332610221,0.9574267033176027,False,453,394.5079457345229,14.826584584138722,-0.0039538900045693465,24.292592964741946,60,271.8,10.902520689704426,42,12.242140483522364
3589,mixtura,packing_C,T10,largo,29,G4,8.722037023146411,0.4424770332610221,0.9574267033176027,False,453,394.5079457345229,14.826584584138722,-0.0039538900045693465,24.292592964741946,60,271.8,10.902520689704426,43,12.042370653262633
3589,mixtura,packing_C,T10,largo,29,G4,8.722037023146411,0.4424770332610221,0.9574267033176027,False,453,394.5079457345229,14.826584584138722,-0.0039538900045693465,24.292592964741946,60,271.8,10.902520689704426,44,11.53288068851309
3589,mixtura,packing_C,T10,largo,29,G4,8.722037023146411,0.4424770332610221,0.9574267033176027,False,453,394.5079457345229,14.826584584138722,-0.0039538900045693465,24.292592964741946,60,271.8,10.902520689704426,45,11.382538611443849
3589,mixtura,packing_C,T10,largo,29,G4,8.722037023146411,0.4424770332610221,0.9574267033176027,False,453,394.5079457345229,14.826584584138722,-0.0039538900045693465,24.292592964741946,60,271.8,10.902520689704426,46,10.951733237908055
3589,mixtura,packing_C,T10,largo,29,G4,8.722037023146411,0.4424770332610221,0.9574267033176027,False,453,394.5079457345229,14.826584584138722,-0.0039538900045693465,24.292592964741946,60,271.8,10.902520689704426,47,10.765912342294977
3589,mixtura,packing_C,T10,largo,29,G4,8.722037023146411,0.4424770332610221,0.9574267033176027,False,453,394.5079457345229,14.826584584138722,-0.0039538900045693465,24.292592964741946,60,271.8,10.902520689704426,48,10.378882695005279
3589,mixtura,packing_C,T10,largo,29,G4,8.722037023146411,0.4424770332610221,0.9574267033176027,False,453,394.5079457345229,14.826584584138722,-0.0039538900045693465,24.292592964741946,60,271.8,10.902520689704426,49,10.107539135735472
3589,mixtura,packing_C,T10,largo,29,G4,8.722037023146411,0.4424770332610221,0.9574267033176027,False,453,394.5079457345229,14.826584584138722,-0.0039538900045693465,24.292592964741946,60,271.8,10.902520689704426,50,9.8030594126696
3589,mixtura,packing_C,T10,largo,29,G4,8.722037023146411,0.4424770332610221,0.9574267033176027,False,453,394.5079457345229,14.826584584138722,-0.0039538900045693465,24.292592964741946,60,271.8,10.902520689704426,51,9.557725681289018
3589,mixtura,packing_C,T10,largo,29,G4,8.722037023146411,0.4424770332610221,0.9574267033176027,False,453,394.5079457345229,14.826584584138722,-0.0039538900045693465,24.292592964741946,60,271.8,10.902520689704426,52,9.125457608788977
3589,mixtura,packing_C,T10,largo,29,G4,8.722037023146411,0.4424770332610221,0.9574267033176027,False,453,394.5079457345229,14.826584584138722,-0.0039538900045693465,24.292592964741946,60,271.8,10.902520689704426,53,8.771952517213528
3589,mixtura,packing_C,T10,largo,29,G4,8.722037023146411,0.4424770332610221,0.9574267033176027,False,453,394.5079457345229,14.826584584138722,-0.0039538900045693465,24.292592964741946,60,271.8,10.902520689704426,54,8.668280515270732
3589,mixtura,packing_C,T10,largo,29,G4,8.722037023146411,0.4424770332610221,0.9574267033176027,False,453,394.5079457345229,14.826584584138722,-0.0039538900045693465,24.292592964741946,60,271.8,10.902520689704426,55,8.275956194067286
3589,mixtura,packing_C,T10,largo,29,G4,8.722037023146411,0.4424770332610221,0.9574267033176027,False,453,394.5079457345229,14.826584584138722,-0.0039538900045693465,24.292592964741946,60,271.8,10.902520689704426,56,8.180010892310209
3589,mixtura,packing_C,T10,largo,29,G4,8.722037023146411,0.4424770332610221,0.9574267033176027,False,453,394.5079457345229,14.826584584138722,-0.0039538900045693465,24.292592964741946,60,271.8,10.902520689704426,57,7.599595677894725
3589,mixtura,packing_C,T10,largo,29,G4,8.722037023146411,0.4424770332610221,0.9574267033176027,False,453,394.5079457345229,14.826584584138722,-0.0039538900045693465,24.292592964741946,60,271.8,10.902520689704426,58,7.431807616307534
3589,mixtura,packing_C,T10,largo,29,G4,8.722037023146411,0.4424770332610221,0.9574267033176027,False,453,394.5079457345229,14.826584584138722,-0.0039538900045693465,24.292592964741946,60,271.8,10.902520689704426,59,7.0541582674223555
3589,mixtura,packing_C,T10,largo,29,G4,8.722037023146411,0.4424770332610221,0.9574267033176027,False,453,394.5079457345229,14.826584584138722,-0.0039538900045693465,24.292592964741946,60,271.8,10.902520689704426,60,6.789969785084489
3589,mixtura,packing_C,T10,largo,29,G4,8.722037023146411,0.4424770332610221,0.9574267033176027,False,453,394.5079457345229,14.826584584138722,-0.0039538900045693465,24.292592964741946,60,271.8,10.902520689704426,61,6.639964589515569
3589,mixtura,packing_C,T10,largo,29,G4,8.722037023146411,0.4424770332610221,0.9574267033176027,False,453,394.5079457345229,14.826584584138722,-0.0039538900045693465,24.292592964741946,60,271.8,10.902520689704426,62,6.303232536338359
3589,mixtura,packing_C,T10,largo,29,G4,8.722037023146411,0.4424770332610221,0.9574267033176027,False,453,394.5079457345229,14.826584584138722,-0.0039538900045693465,24.292592964741946,60,271.8,10.902520689704426,63,5.925031163881882
3589,mixtura,packing_C,T10,largo,29,G4,8.722037023146411,0.4424770332610221,0.9574267033176027,False,453,394.5079457345229,14.826584584138722,-0.0039538900045693465,24.292592964741946,60,271.8,10.902520689704426,64,5.677263253258126
3589,mixtura,packing_C,T10,largo,29,G4,8.722037023146411,0.4424770332610221,0.9574267033176027,False,453,394.5079457345229,14.826584584138722,-0.0039538900045693465,24.292592964741946,60,271.8,10.902520689704426,65,5.3494252467052235
3589,mixtura,packing_C,T10,largo,29,G4,8.722037023146411,0.4424770332610221,0.9574267033176027,False,453,394.5079457345229,14.826584584138722,-0.0039538900045693465,24.292592964741946,60,271.8,10.902520689704426,66,5.049143948875472
3589,mixtura,packing_C,T10,largo,29,G4,8.722037023146411,0.4424770332610221,0.9574267033176027,False,453,394.5079457345229,14.826584584138722,-0.0039538900045693465,24.292592964741946,60,271.8,10.902520689704426,67,4.85602898961392
3589,mixtura,packing_C,T10,largo,29,G4,8.722037023146411,0.4424770332610221,0.9574267033176027,False,453,394.5079457345229,14.826584584138722,-0.0039538900045693465,24.292592964741946,60,271.8,10.902520689704426,68,4.544386985116152
3589,mixtura,packing_C,T10,largo,29,G4,8.722037023146411,0.4424770332610221,0.9574267033176027,False,453,394.5079457345229,14.826584584138722,-0.0039538900045693465,24.292592964741946,60,271.8,10.902520689704426,69,4.37681810938264
3589,mixtura,packing_C,T10,largo,29,G4,8.722037023146411,0.4424770332610221,0.9574267033176027,False,453,394.5079457345229,14.826584584138722,-0.0039538900045693465,24.292592964741946,60,271.8,10.902520689704426,70,3.882168371229673
3589,mixtura,packing_C,T10,largo,29,G4,8.722037023146411,0.4424770332610221,0.9574267033176027,False,453,394.5079457345229,14.826584584138722,-0.0039538900045693465,24.292592964741946,60,271.8,10.902520689704426,71,3.7461493748470946
3589,mixtura,packing_C,T10,largo,29,G4,8.722037023146411,0.4424770332610221,0.9574267033176027,False,453,394.5079457345229,14.826584584138722,-0.0039538900045693465,24.292592964741946,60,271.8,10.902520689704426,72,3.6819664885125674
3589,mixtura,packing_C,T10,largo,29,G4,8.722037023146411,0.4424770332610221,0.9574267033176027,False,453,394.5079457345229,14.826584584138722,-0.0039538900045693465,24.292592964741946,60,271.8,10.902520689704426,73,3.254025673544316
3589,mixtura,packing_C,T10,largo,29,G4,8.722037023146411,0.4424770332610221,0.9574267033176027,False,453,394.5079457345229,14.826584584138722,-0.0039538900045693465,24.292592964741946,60,271.8,10.902520689704426,74,3.0917317453514777
3589,mixtura,packing_C,T10,largo,29,G4,8.722037023146411,0.4424770332610221,0.9574267033176027,False,453,394.5079457345229,14.826584584138722,-0.0039538900045693465,24.292592964741946,60,271.8,10.902520689704426,75,2.731672450725908
3589,mixtura,packing_C,T10,largo,29,G4,8.722037023146411,0.4424770332610221,0.9574267033176027,False,453,394.5079457345229,14.826584584138722,-0.0039538900045693465,24.292592964741946,60,271.8,10.902520689704426,76,2.4650041128165263
3589,mixtura,packing_C,T10,largo,29,G4,8.722037023146411,0.4424770332610221,0.9574267033176027,False,453,394.5079457345229,14.826584584138722,-0.0039538900045693465,24.292592964741946,60,271.8,10.902520689704426,77,2.2778019897812167
3589,mixtura,packing_C,T10,largo,29,G4,8.722037023146411,0.4424770332610221,0.9574267033176027,False,453,394.5079457345229,14.826584584138722,-0.0039538900045693465,24.292592964741946,60,271.8,10.902520689704426,78,2.0282825686702513
3589,mixtura,packing_C,T10,largo,29,G4,8.722037023146411,0.4424770332610221,0.9574267033176027,False,453,394.5079457345229,14.826584584138722,-0.0039538900045693465,24.292592964741946,60,271.8,10.902520689704426,79,1.678924482997981
3589,mixtura,packing_C,T10,largo,29,G4,8.722037023146411,0.4424770332610221,0.9574267033176027,False,453,394.5079457345229,14.826584584138722,-0.0039538900045693465,24.292592964741946,60,271.8,10.902520689704426,80,1.3809209111304799
3589,mixtura,packing_C,T10,largo,29,G4,8.722037023146411,0.4424770332610221,0.9574267033176027,False,453,394.5079457345229,14.826584584138722,-0.0039538900045693465,24.292592964741946,60,271.8,10.902520689704426,81,1.28495699410423
3589,mixtura,packing_C,T10,largo,29,G4,8.722037023146411,0.4424770332610221,0.9574267033176027,False,453,394.5079457345229,14.826584584138722,-0.0039538900045693465,24.292592964741946,60,271.8,10.902520689704426,82,1.0854043796322632
3589,mixtura,packing_C,T10,largo,29,G4,8.722037023146411,0.4424770332610221,0.9574267033176027,False,453,394.5079457345229,14.826584584138722,-0.0039538900045693465,24.292592964741946,60,271.8,10.902520689704426,83,0.9244798328716199
3589,mixtura,packing_C,T10,largo,29,G4,8.722037023146411,0.4424770332610221,0.9574267033176027,False,453,394.5079457345229,14.826584584138722,-0.0039538900045693465,24.292592964741946,60,271.8,10.902520689704426,84,0.6481719457021584
3589,mixtura,packing_C,T10,largo,29,G4,8.722037023146411,0.4424770332610221,0.9574267033176027,False,453,394.5079457345229,14.826584584138722,-0.0039538900045693465,24.292592964741946,60,271.8,10.902520689704426,85,0.4532368991510759
3589,mixtura,packing_C,T10,largo,29,G4,8.722037023146411,0.4424770332610221,0.9574267033176027,False,453,394.5079457345229,14.826584584138722,-0.0039538900045693465,24.292592964741946,60,271.8,10.902520689704426,86,0.24102888525767477
3589,mixtura,packing_C,T10,largo,29,G4,8.722037023146411,0.4424770332610221,0.9574267033176027,False,453,394.5079457345229,14.826584584138722,-0.0039538900045693465,24.292592964741946,60,271.8,10.902520689704426,87,0.030304449627715904
3589,mixtura,packing_C,T10,largo,29,G4,8.722037023146411,0.4424770332610221,0.9574267033176027,False,453,394.5079457345229,14.826584584138722,-0.0039538900045693465,24.292592964741946,60,271.8,10.902520689704426,88,-0.1281472790017566
3589,mixtura,packing_C,T10,largo,29,G4,8.722037023146411,0.4424770332610221,0.9574267033176027,False,453,394.5079457345229,14.826584584138722,-0.0039538900045693465,24.292592964741946,60,271.8,10.902520689704426,89,-0.6323567825895837
3589,mixtura,packing_C,T10,largo,29,G4,8.722037023146411,0.4424770332610221,0.9574267033176027,False,453,394.5079457345229,14.826584584138722,-0.0039538900045693465,24.292592964741946,60,271.8,10.902520689704426,90,-0.7671049389589624
3589,mixtura,packing_C,T10,largo,29,G4,8.722037023146411,0.4424770332610221,0.9574267033176027,False,453,394.5079457345229,14.826584584138722,-0.0039538900045693465,24.292592964741946,60,271.8,10.902520689704426,91,-0.8195044060780602
3589,mixtura,packing_C,T10,largo,29,G4,8.722037023146411,0.4424770332610221,0.9574267033176027,False,453,394.5079457345229,14.826584584138722,-0.0039538900045693465,24.292592964741946,60,271.8,10.902520689704426,92,-1.1031016453914728
3589,mixtura,packing_C,T10,largo,29,G4,8.722037023146411,0.4424770332610221,0.9574267033176027,False,453,394.5079457345229,14.826584584138722,-0.0039538900045693465,24.292592964741946,60,271.8,10.902520689704426,93,-1.2177725970414006
3589,mixtura,packing_C,T10,largo,29,G4,8.722037023146411,0.4424770332610221,0.9574267033176027,False,453,394.5079457345229,14.826584584138722,-0.0039538900045693465,24.292592964741946,60,271.8,10.902520689704426,94,-1.5787765173568182
3589,mixtura,packing_C,T10,largo,29,G4,8.722037023146411,0.4424770332610221,0.9574267033176027,False,453,394.5079457345229,14.826584584138722,-0.0039538900045693465,24.292592964741946,60,271.8,10.902520689704426,95,-1.7648065778271473
3589,mixtura,packing_C,T10,largo,29,G4,8.722037023146411,0.4424770332610221,0.9574267033176027,False,453,394.5079457345229,14.826584584138722,-0.0039538900045693465,24.292592964741946,60,271.8,10.902520689704426,96,-1.8919624664947883
3589,mixtura,packing_C,T10,largo,29,G4,8.722037023146411,0.4424770332610221,0.9574267033176027,False,453,394.5079457345229,14.826584584138722,-0.0039538900045693465,24.292592964741946,60,271.8,10.902520689704426,97,-2.1174339648025247
3589,mixtura,packing_C,T10,largo,29,G4,8.722037023146411,0.4424770332610221,0.9574267033176027,False,453,394.5079457345229,14.826584584138722,-0.0039538900045693465,24.292592964741946,60,271.8,10.902520689704426,98,-2.274081838077384
3589,mixtura,packing_C,T10,largo,29,G4,8.722037023146411,0.4424770332610221,0.9574267033176027,False,453,394.5079457345229,14.826584584138722,-0.0039538900045693465,24.292592964741946,60,271.8,10.902520689704426,99,-2.301281595162978
3589,mixtura,packing_C,T10,largo,29,G4,8.722037023146411,0.4424770332610221,0.9574267033176027,False,453,394.5079457345229,14.826584584138722,-0.0039538900045693465,24.292592964741946,60,271.8,10.902520689704426,100,-2.690028309119927
3589,mixtura,packing_C,T10,largo,29,G4,8.722037023146411,0.4424770332610221,0.9574267033176027,False,453,394.5079457345229,14.826584584138722,-0.0039538900045693465,24.292592964741946,60,271.8,10.902520689704426,101,-2.9711054697416457
3589,mixtura,packing_C,T10,largo,29,G4,8.722037023146411,0.4424770332610221,0.9574267033176027,False,453,394.5079457345229,14.826584584138722,-0.0039538900045693465,24.292592964741946,60,271.8,10.902520689704426,102,-3.0928955284032913
3589,mixtura,packing_C,T10,largo,29,G4,8.722037023146411,0.4424770332610221,0.9574267033176027,False,453,394.5079457345229,14.826584584138722,-0.0039538900045693465,24.292592964741946,60,271.8,10.902520689704426,103,-3.0248858725819896
3589,mixtura,packing_C,T10,largo,29,G4,8.722037023146411,0.4424770332610221,0.9574267033176027,False,453,394.5079457345229,14.826584584138722,-0.0039538900045693465,24.292592964741946,60,271.8,10.902520689704426,104,-3.2682789243719066
3589,mixtura,packing_C,T10,largo,29,G4,8.722037023146411,0.4424770332610221,0.9574267033176027,False,453,394.5079457345229,14.826584584138722,-0.0039538900045693465,24.292592964741946,60,271.8,10.902520689704426,105,-3.4519937842192414
3589,mixtura,packing_C,T10,largo,29,G4,8.722037023146411,0.4424770332610221,0.9574267033176027,False,453,394.5079457345229,14.826584584138722,-0.0039538900045693465,24.292592964741946,60,271.8,10.902520689704426,106,-3.5995550586606373
3589,mixtura,packing_C,T10,largo,29,G4,8.722037023146411,0.4424770332610221,0.9574267033176027,False,453,394.5079457345229,14.826584584138722,-0.0039538900045693465,24.292592964741946,60,271.8,10.902520689704426,107,-3.6934650598288012
3589,mixtura,packing_C,T10,largo,29,G4,8.722037023146411,0.4424770332610221,0.9574267033176027,False,453,394.5079457345229,14.826584584138722,-0.0039538900045693465,24.292592964741946,60,271.8,10.902520689704426,108,-3.8073197436697104
3589,mixtura,packing_C,T10,largo,29,G4,8.722037023146411,0.4424770332610221,0.9574267033176027,False,453,394.5079457345229,14.826584584138722,-0.0039538900045693465,24.292592964741946,60,271.8,10.902520689704426,109,-4.039653144579826
3589,mixtura,packing_C,T10,largo,29,G4,8.722037023146411,0.4424770332610221,0.9574267033176027,False,453,394.5079457345229,14.826584584138722,-0.0039538900045693465,24.292592964741946,60,271.8,10.902520689704426,110,-4.177157602203901
3589,mixtura,packing_C,T10,largo,29,G4,8.722037023146411,0.4424770332610221,0.9574267033176027,False,453,394.5079457345229,14.826584584138722,-0.0039538900045693465,24.292592964741946,60,271.8,10.902520689704426,111,-4.210645924252076
3589,mixtura,packing_C,T10,largo,29,G4,8.722037023146411,0.4424770332610221,0.9574267033176027,False,453,394.5079457345229,14.826584584138722,-0.0039538900045693465,24.292592964741946,60,271.8,10.902520689704426,112,-4.349171684583028
3589,mixtura,packing_C,T10,largo,29,G4,8.722037023146411,0.4424770332610221,0.9574267033176027,False,453,394.5079457345229,14.826584584138722,-0.0039538900045693465,24.292592964741946,60,271.8,10.902520689704426,113,-4.433085537262799
3589,mixtura,packing_C,T10,largo,29,G4,8.722037023146411,0.4424770332610221,0.9574267033176027,False,453,394.5079457345229,14.826584584138722,-0.0039538900045693465,24.292592964741946,60,271.8,10.902520689704426,114,-4.725063623139189
3589,mixtura,packing_C,T10,largo,29,G4,8.722037023146411,0.4424770332610221,0.9574267033176027,False,453,394.5079457345229,14.826584584138722,-0.0039538900045693465,24.292592964741946,60,271.8,10.902520689704426,115,-4.82853413932548
3589,mixtura,packing_C,T10,largo,29,G4,8.722037023146411,0.4424770332610221,0.9574267033176027,False,453,394.5079457345229,14.826584584138722,-0.0039538900045693465,24.292592964741946,60,271.8,10.902520689704426,116,-4.92276252636593
3589,mixtura,packing_C,T10,largo,29,G4,8.722037023146411,0.4424770332610221,0.9574267033176027,False,453,394.5079457345229,14.826584584138722,-0.0039538900045693465,24.292592964741946,60,271.8,10.902520689704426,117,-4.9756041016946
3589,mixtura,packing_C,T10,largo,29,G4,8.722037023146411,0.4424770332610221,0.9574267033176027,False,453,394.5079457345229,14.826584584138722,-0.0039538900045693465,24.292592964741946,60,271.8,10.902520689704426,118,-5.216089235422716
3589,mixtura,packing_C,T10,largo,29,G4,8.722037023146411,0.4424770332610221,0.9574267033176027,False,453,394.5079457345229,14.826584584138722,-0.0039538900045693465,24.292592964741946,60,271.8,10.902520689704426,119,-5.377570406151809
3589,mixtura,packing_C,T10,largo,29,G4,8.722037023146411,0.4424770332610221,0.9574267033176027,False,453,394.5079457345229,14.826584584138722,-0.0039538900045693465,24.292592964741946,60,271.8,10.902520689704426,120,-5.492501997324452
3589,mixtura,packing_C,T10,largo,29,G4,8.722037023146411,0.4424770332610221,0.9574267033176027,False,453,394.5079457345229,14.826584584138722,-0.0039538900045693465,24.292592964741946,60,271.8,10.902520689704426,121,-5.4817390555883065
3589,mixtura,packing_C,T10,largo,29,G4,8.722037023146411,0.4424770332610221,0.9574267033176027,False,453,394.5079457345229,14.826584584138722,-0.0039538900045693465,24.292592964741946,60,271.8,10.902520689704426,122,-5.452475429323788
3589,mixtura,packing_C,T10,largo,29,G4,8.722037023146411,0.4424770332610221,0.9574267033176027,False,453,394.5079457345229,14.826584584138722,-0.0039538900045693465,24.292592964741946,60,271.8,10.902520689704426,123,-5.641684301992957
3589,mixtura,packing_C,T10,largo,29,G4,8.722037023146411,0.4424770332610221,0.9574267033176027,False,453,394.5079457345229,14.826584584138722,-0.0039538900045693465,24.292592964741946,60,271.8,10.902520689704426,124,-5.80861249903286
3589,mixtura,packing_C,T10,largo,29,G4,8.722037023146411,0.4424770332610221,0.9574267033176027,False,453,394.5079457345229,14.826584584138722,-0.0039538900045693465,24.292592964741946,60,271.8,10.902520689704426,125,-6.013272747269894
3589,mixtura,packing_C,T10,largo,29,G4,8.722037023146411,0.4424770332610221,0.9574267033176027,False,453,394.5079457345229,14.826584584138722,-0.0039538900045693465,24.292592964741946,60,271.8,10.902520689704426,126,-5.975111225611504
3589,mixtura,packing_C,T10,largo,29,G4,8.722037023146411,0.4424770332610221,0.9574267033176027,False,453,394.5079457345229,14.826584584138722,-0.0039538900045693465,24.292592964741946,60,271.8,10.902520689704426,127,-6.064448336848445
3589,mixtura,packing_C,T10,largo,29,G4,8.722037023146411,0.4424770332610221,0.9574267033176027,False,453,394.5079457345229,14.826584584138722,-0.0039538900045693465,24.292592964741946,60,271.8,10.902520689704426,128,-6.185344886276767
3589,mixtura,packing_C,T10,largo,29,G4,8.722037023146411,0.4424770332610221,0.9574267033176027,False,453,394.5079457345229,14.826584584138722,-0.0039538900045693465,24.292592964741946,60,271.8,10.902520689704426,129,-6.191632121927465
3589,mixtura,packing_C,T10,largo,29,G4,8.722037023146411,0.4424770332610221,0.9574267033176027,False,453,394.5079457345229,14.826584584138722,-0.0039538900045693465,24.292592964741946,60,271.8,10.902520689704426,130,-6.300295441038021
3589,mixtura,packing_C,T10,largo,29,G4,8.722037023146411,0.4424770332610221,0.9574267033176027,False,453,394.5079457345229,14.826584584138722,-0.0039538900045693465,24.292592964741946,60,271.8,10.902520689704426,131,-6.385327787184049
3589,mixtura,packing_C,T10,largo,29,G4,8.722037023146411,0.4424770332610221,0.9574267033176027,False,453,394.5079457345229,14.826584584138722,-0.0039538900045693465,24.292592964741946,60,271.8,10.902520689704426,132,-6.241724143165496
3589,mixtura,packing_C,T10,largo,29,G4,8.722037023146411,0.4424770332610221,0.9574267033176027,False,453,394.5079457345229,14.826584584138722,-0.0039538900045693465,24.292592964741946,60,271.8,10.902520689704426,133,-6.427783858064904
3589,mixtura,packing_C,T10,largo,29,G4,8.722037023146411,0.4424770332610221,0.9574267033176027,False,453,394.5079457345229,14.826584584138722,-0.0039538900045693465,24.292592964741946,60,271.8,10.902520689704426,134,-6.50743117379161
3589,mixtura,packing_C,T10,largo,29,G4,8.722037023146411,0.4424770332610221,0.9574267033176027,False,453,394.5079457345229,14.826584584138722,-0.0039538900045693465,24.292592964741946,60,271.8,10.902520689704426,135,-6.522234110019346
3589,mixtura,packing_C,T10,largo,29,G4,8.722037023146411,0.4424770332610221,0.9574267033176027,False,453,394.5079457345229,14.826584584138722,-0.0039538900045693465,24.292592964741946,60,271.8,10.902520689704426,136,-6.788657579350736
3589,mixtura,packing_C,T10,largo,29,G4,8.722037023146411,0.4424770332610221,0.9574267033176027,False,453,394.5079457345229,14.826584584138722,-0.0039538900045693465,24.292592964741946,60,271.8,10.902520689704426,137,-6.565492754873926
3589,mixtura,packing_C,T10,largo,29,G4,8.722037023146411,0.4424770332610221,0.9574267033176027,False,453,394.5079457345229,14.826584584138722,-0.0039538900045693465,24.292592964741946,60,271.8,10.902520689704426,138,-6.69114326387628
3589,mixtura,packing_C,T10,largo,29,G4,8.722037023146411,0.4424770332610221,0.9574267033176027,False,453,394.5079457345229,14.826584584138722,-0.0039538900045693465,24.292592964741946,60,271.8,10.902520689704426,139,-6.799900246344808
3589,mixtura,packing_C,T10,largo,29,G4,8.722037023146411,0.4424770332610221,0.9574267033176027,False,453,394.5079457345229,14.826584584138722,-0.0039538900045693465,24.292592964741946,60,271.8,10.902520689704426,140,-6.634404609670972
3589,mixtura,packing_C,T10,largo,29,G4,8.722037023146411,0.4424770332610221,0.9574267033176027,False,453,394.5079457345229,14.826584584138722,-0.0039538900045693465,24.292592964741946,60,271.8,10.902520689704426,141,-6.855557255800752
3589,mixtura,packing_C,T10,largo,29,G4,8.722037023146411,0.4424770332610221,0.9574267033176027,False,453,394.5079457345229,14.826584584138722,-0.0039538900045693465,24.292592964741946,60,271.8,10.902520689704426,142,-6.815373762855612
3589,mixtura,packing_C,T10,largo,29,G4,8.722037023146411,0.4424770332610221,0.9574267033176027,False,453,394.5079457345229,14.826584584138722,-0.0039538900045693465,24.292592964741946,60,271.8,10.902520689704426,143,-6.975005257721531
3589,mixtura,packing_C,T10,largo,29,G4,8.722037023146411,0.4424770332610221,0.9574267033176027,False,453,394.5079457345229,14.826584584138722,-0.0039538900045693465,24.292592964741946,60,271.8,10.902520689704426,144,-7.045866096190347
3589,mixtura,packing_C,T10,largo,29,G4,8.722037023146411,0.4424770332610221,0.9574267033176027,False,453,394.5079457345229,14.826584584138722,-0.0039538900045693465,24.292592964741946,60,271.8,10.902520689704426,145,-7.129300349859463
3589,mixtura,packing_C,T10,largo,29,G4,8.722037023146411,0.4424770332610221,0.9574267033176027,False,453,394.5079457345229,14.826584584138722,-0.0039538900045693465,24.292592964741946,60,271.8,10.902520689704426,146,-7.024353667662996
3589,mixtura,packing_C,T10,largo,29,G4,8.722037023146411,0.4424770332610221,0.9574267033176027,False,453,394.5079457345229,14.826584584138722,-0.0039538900045693465,24.292592964741946,60,271.8,10.902520689704426,147,-7.020443580879133
3589,mixtura,packing_C,T10,largo,29,G4,8.722037023146411,0.4424770332610221,0.9574267033176027,False,453,394.5079457345229,14.826584584138722,-0.0039538900045693465,24.292592964741946,60,271.8,10.902520689704426,148,-6.935730931357836
3589,mixtura,packing_C,T10,largo,29,G4,8.722037023146411,0.4424770332610221,0.9574267033176027,False,453,394.5079457345229,14.826584584138722,-0.0039538900045693465,24.292592964741946,60,271.8,10.902520689704426,149,-7.055491588308484
3589,mixtura,packing_C,T10,largo,29,G4,8.722037023146411,0.4424770332610221,0.9574267033176027,False,453,394.5079457345229,14.826584584138722,-0.0039538900045693465,24.292592964741946,60,271.8,10.902520689704426,150,-7.100619927479041
3589,mixtura,packing_C,T10,largo,29,G4,8.722037023146411,0.4424770332610221,0.9574267033176027,False,453,394.5079457345229,14.826584584138722,-0.0039538900045693465,24.292592964741946,60,271.8,10.902520689704426,151,-7.067157861278634
3589,mixtura,packing_C,T10,largo,29,G4,8.722037023146411,0.4424770332610221,0.9574267033176027,False,453,394.5079457345229,14.826584584138722,-0.0039538900045693465,24.292592964741946,60,271.8,10.902520689704426,152,-7.103441861029422
3589,mixtura,packing_C,T10,largo,29,G4,8.722037023146411,0.4424770332610221,0.9574267033176027,False,453,394.5079457345229,14.826584584138722,-0.0039538900045693465,24.292592964741946,60,271.8,10.902520689704426,153,-7.043826639855663
3589,mixtura,packing_C,T10,largo,29,G4,8.722037023146411,0.4424770332610221,0.9574267033176027,False,453,394.5079457345229,14.826584584138722,-0.0039538900045693465,24.292592964741946,60,271.8,10.902520689704426,154,-7.083377713174171
3589,mixtura,packing_C,T10,largo,29,G4,8.722037023146411,0.4424770332610221,0.9574267033176027,False,453,394.5079457345229,14.826584584138722,-0.0039538900045693465,24.292592964741946,60,271.8,10.902520689704426,155,-7.148240582564849
3589,mixtura,packing_C,T10,largo,29,G4,8.722037023146411,0.4424770332610221,0.9574267033176027,False,453,394.5079457345229,14.826584584138722,-0.0039538900045693465,24.292592964741946,60,271.8,10.902520689704426,156,-7.012084232489507
3589,mixtura,packing_C,T10,largo,29,G4,8.722037023146411,0.4424770332610221,0.9574267033176027,False,453,394.5079457345229,14.826584584138722,-0.0039538900045693465,24.292592964741946,60,271.8,10.902520689704426,157,-7.203003981944889
3589,mixtura,packing_C,T10,largo,29,G4,8.722037023146411,0.4424770332610221,0.9574267033176027,False,453,394.5079457345229,14.826584584138722,-0.0039538900045693465,24.292592964741946,60,271.8,10.902520689704426,158,-7.248043090043873
3589,mixtura,packing_C,T10,largo,29,G4,8.722037023146411,0.4424770332610221,0.9574267033176027,False,453,394.5079457345229,14.826584584138722,-0.0039538900045693465,24.292592964741946,60,271.8,10.902520689704426,159,-7.18736307291149
3589,mixtura,packing_C,T10,largo,29,G4,8.722037023146411,0.4424770332610221,0.9574267033176027,False,453,394.5079457345229,14.826584584138722,-0.0039538900045693465,24.292592964741946,60,271.8,10.902520689704426,160,-7.063459749485065
3589,mixtura,packing_C,T10,largo,29,G4,8.722037023146411,0.4424770332610221,0.9574267033176027,False,453,394.5079457345229,14.826584584138722,-0.0039538900045693465,24.292592964741946,60,271.8,10.902520689704426,161,-7.102365275577592
3589,mixtura,packing_C,T10,largo,29,G4,8.722037023146411,0.4424770332610221,0.9574267033176027,False,453,394.5079457345229,14.826584584138722,-0.0039538900045693465,24.292592964741946,60,271.8,10.902520689704426,162,-7.040339912310499
3589,mixtura,packing_C,T10,largo,29,G4,8.722037023146411,0.4424770332610221,0.9574267033176027,False,453,394.5079457345229,14.826584584138722,-0.0039538900045693465,24.292592964741946,60,271.8,10.902520689704426,163,-7.027728608286212
3589,mixtura,packing_C,T10,largo,29,G4,8.722037023146411,0.4424770332610221,0.9574267033176027,False,453,394.5079457345229,14.826584584138722,-0.0039538900045693465,24.292592964741946,60,271.8,10.902520689704426,164,-7.157475372515964
3589,mixtura,packing_C,T10,largo,29,G4,8.722037023146411,0.4424770332610221,0.9574267033176027,False,453,394.5079457345229,14.826584584138722,-0.0039538900045693465,24.292592964741946,60,271.8,10.902520689704426,165,-6.88681216921995
3589,mixtura,packing_C,T10,largo,29,G4,8.722037023146411,0.4424770332610221,0.9574267033176027,False,453,394.5079457345229,14.826584584138722,-0.0039538900045693465,24.292592964741946,60,271.8,10.902520689704426,166,-7.125273515412005
3589,mixtura,packing_C,T10,largo,29,G4,8.722037023146411,0.4424770332610221,0.9574267033176027,False,453,394.5079457345229,14.826584584138722,-0.0039538900045693465,24.292592964741946,60,271.8,10.902520689704426,167,-7.040639333533852
3589,mixtura,packing_C,T10,largo,29,G4,8.722037023146411,0.4424770332610221,0.9574267033176027,False,453,394.5079457345229,14.826584584138722,-0.0039538900045693465,24.292592964741946,60,271.8,10.902520689704426,168,-7.00762749490241
3589,mixtura,packing_C,T10,largo,29,G4,8.722037023146411,0.4424770332610221,0.9574267033176027,False,453,394.5079457345229,14.826584584138722,-0.0039538900045693465,24.292592964741946,60,271.8,10.902520689704426,169,-6.869048458432875
3589,mixtura,packing_C,T10,largo,29,G4,8.722037023146411,0.4424770332610221,0.9574267033176027,False,453,394.5079457345229,14.826584584138722,-0.0039538900045693465,24.292592964741946,60,271.8,10.902520689704426,170,-6.932401860159557
3589,mixtura,packing_C,T10,largo,29,G4,8.722037023146411,0.4424770332610221,0.9574267033176027,False,453,394.5079457345229,14.826584584138722,-0.0039538900045693465,24.292592964741946,60,271.8,10.902520689704426,171,-6.868345754229112
3589,mixtura,packing_C,T10,largo,29,G4,8.722037023146411,0.4424770332610221,0.9574267033176027,False,453,394.5079457345229,14.826584584138722,-0.0039538900045693465,24.292592964741946,60,271.8,10.902520689704426,172,-6.932911568451816
3589,mixtura,packing_C,T10,largo,29,G4,8.722037023146411,0.4424770332610221,0.9574267033176027,False,453,394.5079457345229,14.826584584138722,-0.0039538900045693465,24.292592964741946,60,271.8,10.902520689704426,173,-6.791406086425656
3589,mixtura,packing_C,T10,largo,29,G4,8.722037023146411,0.4424770332610221,0.9574267033176027,False,453,394.5079457345229,14.826584584138722,-0.0039538900045693465,24.292592964741946,60,271.8,10.902520689704426,174,-6.814982343834532
3589,mixtura,packing_C,T10,largo,29,G4,8.722037023146411,0.4424770332610221,0.9574267033176027,False,453,394.5079457345229,14.826584584138722,-0.0039538900045693465,24.292592964741946,60,271.8,10.902520689704426,175,-6.7743697371080875
3589,mixtura,packing_C,T10,largo,29,G4,8.722037023146411,0.4424770332610221,0.9574267033176027,False,453,394.5079457345229,14.826584584138722,-0.0039538900045693465,24.292592964741946,60,271.8,10.902520689704426,176,-6.751569212927058
3589,mixtura,packing_C,T10,largo,29,G4,8.722037023146411,0.4424770332610221,0.9574267033176027,False,453,394.5079457345229,14.826584584138722,-0.0039538900045693465,24.292592964741946,60,271.8,10.902520689704426,177,-6.692012997951854
3589,mixtura,packing_C,T10,largo,29,G4,8.722037023146411,0.4424770332610221,0.9574267033176027,False,453,394.5079457345229,14.826584584138722,-0.0039538900045693465,24.292592964741946,60,271.8,10.902520689704426,178,-6.675263750580575
3589,mixtura,packing_C,T10,largo,29,G4,8.722037023146411,0.4424770332610221,0.9574267033176027,False,453,394.5079457345229,14.826584584138722,-0.0039538900045693465,24.292592964741946,60,271.8,10.902520689704426,179,-6.616876071348756
3589,mixtura,packing_C,T10,largo,29,G4,8.722037023146411,0.4424770332610221,0.9574267033176027,False,453,394.5079457345229,14.826584584138722,-0.0039538900045693465,24.292592964741946,60,271.8,10.902520689704426,180,-6.536571761656845
3589,mixtura,packing_C,T10,largo,29,G4,8.722037023146411,0.4424770332610221,0.9574267033176027,False,453,394.5079457345229,14.826584584138722,-0.0039538900045693465,24.292592964741946,60,271.8,10.902520689704426,181,-6.302919382662031
3589,mixtura,packing_C,T10,largo,29,G4,8.722037023146411,0.4424770332610221,0.9574267033176027,False,453,394.5079457345229,14.826584584138722,-0.0039538900045693465,24.292592964741946,60,271.8,10.902520689704426,182,-6.277778899148319
3589,mixtura,packing_C,T10,largo,29,G4,8.722037023146411,0.4424770332610221,0.9574267033176027,False,453,394.5079457345229,14.826584584138722,-0.0039538900045693465,24.292592964741946,60,271.8,10.902520689704426,183,-6.426506280606725
3589,mixtura,packing_C,T10,largo,29,G4,8.722037023146411,0.4424770332610221,0.9574267033176027,False,453,394.5079457345229,14.826584584138722,-0.0039538900045693465,24.292592964741946,60,271.8,10.902520689704426,184,-6.373361358398081
3589,mixtura,packing_C,T10,largo,29,G4,8.722037023146411,0.4424770332610221,0.9574267033176027,False,453,394.5079457345229,14.826584584138722,-0.0039538900045693465,24.292592964741946,60,271.8,10.902520689704426,185,-6.1581937603542265
3589,mixtura,packing_C,T10,largo,29,G4,8.722037023146411,0.4424770332610221,0.9574267033176027,False,453,394.5079457345229,14.826584584138722,-0.0039538900045693465,24.292592964741946,60,271.8,10.902520689704426,186,-6.152596299165846
3589,mixtura,packing_C,T10,largo,29,G4,8.722037023146411,0.4424770332610221,0.9574267033176027,False,453,394.5079457345229,14.826584584138722,-0.0039538900045693465,24.292592964741946,60,271.8,10.902520689704426,187,-6.164981777920864
3589,mixtura,packing_C,T10,largo,29,G4,8.722037023146411,0.4424770332610221,0.9574267033176027,False,453,394.5079457345229,14.826584584138722,-0.0039538900045693465,24.292592964741946,60,271.8,10.902520689704426,188,-5.9289320073285845
3589,mixtura,packing_C,T10,largo,29,G4,8.722037023146411,0.4424770332610221,0.9574267033176027,False,453,394.5079457345229,14.826584584138722,-0.0039538900045693465,24.292592964741946,60,271.8,10.902520689704426,189,-5.887842747241532
3589,mixtura,packing_C,T10,largo,29,G4,8.722037023146411,0.4424770332610221,0.9574267033176027,False,453,394.5079457345229,14.826584584138722,-0.0039538900045693465,24.292592964741946,60,271.8,10.902520689704426,190,-6.021813808819465
3589,mixtura,packing_C,T10,largo,29,G4,8.722037023146411,0.4424770332610221,0.9574267033176027,False,453,394.5079457345229,14.826584584138722,-0.0039538900045693465,24.292592964741946,60,271.8,10.902520689704426,191,-5.757894518064809
3589,mixtura,packing_C,T10,largo,29,G4,8.722037023146411,0.4424770332610221,0.9574267033176027,False,453,394.5079457345229,14.826584584138722,-0.0039538900045693465,24.292592964741946,60,271.8,10.902520689704426,192,-5.857640999989037
3589,mixtura,packing_C,T10,largo,29,G4,8.722037023146411,0.4424770332610221,0.9574267033176027,False,453,394.5079457345229,14.826584584138722,-0.0039538900045693465,24.292592964741946,60,271.8,10.902520689704426,193,-5.599204254046616
3589,mixtura,packing_C,T10,largo,29,G4,8.722037023146411,0.4424770332610221,0.9574267033176027,False,453,394.5079457345229,14.826584584138722,-0.0039538900045693465,24.292592964741946,60,271.8,10.902520689704426,194,-5.674441623222397
3589,mixtura,packing_C,T10,largo,29,G4,8.722037023146411,0.4424770332610221,0.9574267033176027,False,453,394.5079457345229,14.826584584138722,-0.0039538900045693465,24.292592964741946,60,271.8,10.902520689704426,195,-5.677317612205678
3589,mixtura,packing_C,T10,largo,29,G4,8.722037023146411,0.4424770332610221,0.9574267033176027,False,453,394.5079457345229,14.826584584138722,-0.0039538900045693465,24.292592964741946,60,271.8,10.902520689704426,196,-5.562612846496711
3589,mixtura,packing_C,T10,largo,29,G4,8.722037023146411,0.4424770332610221,0.9574267033176027,False,453,394.5079457345229,14.826584584138722,-0.0039538900045693465,24.292592964741946,60,271.8,10.902520689704426,197,-5.463832586010125
3589,mixtura,packing_C,T10,largo,29,G4,8.722037023146411,0.4424770332610221,0.9574267033176027,False,453,394.5079457345229,14.826584584138722,-0.0039538900045693465,24.292592964741946,60,271.8,10.902520689704426,198,-5.344665959256517
3589,mixtura,packing_C,T10,largo,29,G4,8.722037023146411,0.4424770332610221,0.9574267033176027,False,453,394.5079457345229,14.826584584138722,-0.0039538900045693465,24.292592964741946,60,271.8,10.902520689704426,199,-5.363624279351658
3589,mixtura,packing_C,T10,largo,29,G4,8.722037023146411,0.4424770332610221,0.9574267033176027,False,453,394.5079457345229,14.826584584138722,-0.0039538900045693465,24.292592964741946,60,271.8,10.902520689704426,200,-5.3397316377400745
3589,mixtura,packing_C,T10,largo,29,G4,8.722037023146411,0.4424770332610221,0.9574267033176027,False,453,394.5079457345229,14.826584584138722,-0.0039538900045693465,24.292592964741946,60,271.8,10.902520689704426,201,-5.051410763962905
3589,mixtura,packing_C,T10,largo,29,G4,8.722037023146411,0.4424770332610221,0.9574267033176027,False,453,394.5079457345229,14.826584584138722,-0.0039538900045693465,24.292592964741946,60,271.8,10.902520689704426,202,-5.089806952539639
3589,mixtura,packing_C,T10,largo,29,G4,8.722037023146411,0.4424770332610221,0.9574267033176027,False,453,394.5079457345229,14.826584584138722,-0.0039538900045693465,24.292592964741946,60,271.8,10.902520689704426,203,-4.940249838030829
3589,mixtura,packing_C,T10,largo,29,G4,8.722037023146411,0.4424770332610221,0.9574267033176027,False,453,394.5079457345229,14.826584584138722,-0.0039538900045693465,24.292592964741946,60,271.8,10.902520689704426,204,-5.224404114777441
3589,mixtura,packing_C,T10,largo,29,G4,8.722037023146411,0.4424770332610221,0.9574267033176027,False,453,394.5079457345229,14.826584584138722,-0.0039538900045693465,24.292592964741946,60,271.8,10.902520689704426,205,-5.247727899866533
3589,mixtura,packing_C,T10,largo,29,G4,8.722037023146411,0.4424770332610221,0.9574267033176027,False,453,394.5079457345229,14.826584584138722,-0.0039538900045693465,24.292592964741946,60,271.8,10.902520689704426,206,-4.822980245657319
3589,mixtura,packing_C,T10,largo,29,G4,8.722037023146411,0.4424770332610221,0.9574267033176027,False,453,394.5079457345229,14.826584584138722,-0.0039538900045693465,24.292592964741946,60,271.8,10.902520689704426,207,-4.97049361654795
3589,mixtura,packing_C,T10,largo,29,G4,8.722037023146411,0.4424770332610221,0.9574267033176027,False,453,394.5079457345229,14.826584584138722,-0.0039538900045693465,24.292592964741946,60,271.8,10.902520689704426,208,-4.672361766905288
3589,mixtura,packing_C,T10,largo,29,G4,8.722037023146411,0.4424770332610221,0.9574267033176027,False,453,394.5079457345229,14.826584584138722,-0.0039538900045693465,24.292592964741946,60,271.8,10.902520689704426,209,-4.672458720955472
3589,mixtura,packing_C,T10,largo,29,G4,8.722037023146411,0.4424770332610221,0.9574267033176027,False,453,394.5079457345229,14.826584584138722,-0.0039538900045693465,24.292592964741946,60,271.8,10.902520689704426,210,-4.594713642259895
3589,mixtura,packing_C,T10,largo,29,G4,8.722037023146411,0.4424770332610221,0.9574267033176027,False,453,394.5079457345229,14.826584584138722,-0.0039538900045693465,24.292592964741946,60,271.8,10.902520689704426,211,-4.607763993100284
3589,mixtura,packing_C,T10,largo,29,G4,8.722037023146411,0.4424770332610221,0.9574267033176027,False,453,394.5079457345229,14.826584584138722,-0.0039538900045693465,24.292592964741946,60,271.8,10.902520689704426,212,-4.439590528025736
3589,mixtura,packing_C,T10,largo,29,G4,8.722037023146411,0.4424770332610221,0.9574267033176027,False,453,394.5079457345229,14.826584584138722,-0.0039538900045693465,24.292592964741946,60,271.8,10.902520689704426,213,-4.311886123381279
3589,mixtura,packing_C,T10,largo,29,G4,8.722037023146411,0.4424770332610221,0.9574267033176027,False,453,394.5079457345229,14.826584584138722,-0.0039538900045693465,24.292592964741946,60,271.8,10.902520689704426,214,-4.045479536487449
3589,mixtura,packing_C,T10,largo,29,G4,8.722037023146411,0.4424770332610221,0.9574267033176027,False,453,394.5079457345229,14.826584584138722,-0.0039538900045693465,24.292592964741946,60,271.8,10.902520689704426,215,-4.243584296479232
3589,mixtura,packing_C,T10,largo,29,G4,8.722037023146411,0.4424770332610221,0.9574267033176027,False,453,394.5079457345229,14.826584584138722,-0.0039538900045693465,24.292592964741946,60,271.8,10.902520689704426,216,-4.163424425964472
3589,mixtura,packing_C,T10,largo,29,G4,8.722037023146411,0.4424770332610221,0.9574267033176027,False,453,394.5079457345229,14.826584584138722,-0.0039538900045693465,24.292592964741946,60,271.8,10.902520689704426,217,-4.032529706627581
3589,mixtura,packing_C,T10,largo,29,G4,8.722037023146411,0.4424770332610221,0.9574267033176027,False,453,394.5079457345229,14.826584584138722,-0.0039538900045693465,24.292592964741946,60,271.8,10.902520689704426,218,-3.9817939875334076
3589,mixtura,packing_C,T10,largo,29,G4,8.722037023146411,0.4424770332610221,0.9574267033176027,False,453,394.5079457345229,14.826584584138722,-0.0039538900045693465,24.292592964741946,60,271.8,10.902520689704426,219,-4.057947045210407
3589,mixtura,packing_C,T10,largo,29,G4,8.722037023146411,0.4424770332610221,0.9574267033176027,False,453,394.5079457345229,14.826584584138722,-0.0039538900045693465,24.292592964741946,60,271.8,10.902520689704426,220,-3.815155500287099
3589,mixtura,packing_C,T10,largo,29,G4,8.722037023146411,0.4424770332610221,0.9574267033176027,False,453,394.5079457345229,14.826584584138722,-0.0039538900045693465,24.292592964741946,60,271.8,10.902520689704426,221,-3.6568322701873193
3589,mixtura,packing_C,T10,largo,29,G4,8.722037023146411,0.4424770332610221,0.9574267033176027,False,453,394.5079457345229,14.826584584138722,-0.0039538900045693465,24.292592964741946,60,271.8,10.902520689704426,222,-3.714542345499874
3589,mixtura,packing_C,T10,largo,29,G4,8.722037023146411,0.4424770332610221,0.9574267033176027,False,453,394.5079457345229,14.826584584138722,-0.0039538900045693465,24.292592964741946,60,271.8,10.902520689704426,223,-3.505593144038028
3589,mixtura,packing_C,T10,largo,29,G4,8.722037023146411,0.4424770332610221,0.9574267033176027,False,453,394.5079457345229,14.826584584138722,-0.0039538900045693465,24.292592964741946,60,271.8,10.902520689704426,224,-3.393790755254456
3589,mixtura,packing_C,T10,largo,29,G4,8.722037023146411,0.4424770332610221,0.9574267033176027,False,453,394.5079457345229,14.826584584138722,-0.0039538900045693465,24.292592964741946,60,271.8,10.902520689704426,225,-3.3872651465118144
3589,mixtura,packing_C,T10,largo,29,G4,8.722037023146411,0.4424770332610221,0.9574267033176027,False,453,394.5079457345229,14.826584584138722,-0.0039538900045693465,24.292592964741946,60,271.8,10.902520689704426,226,-3.1484599727666946
3589,mixtura,packing_C,T10,largo,29,G4,8.722037023146411,0.4424770332610221,0.9574267033176027,False,453,394.5079457345229,14.826584584138722,-0.0039538900045693465,24.292592964741946,60,271.8,10.902520689704426,227,-3.210740414034462
3589,mixtura,packing_C,T10,largo,29,G4,8.722037023146411,0.4424770332610221,0.9574267033176027,False,453,394.5079457345229,14.826584584138722,-0.0039538900045693465,24.292592964741946,60,271.8,10.902520689704426,228,-3.1943868643084854
3589,mixtura,packing_C,T10,largo,29,G4,8.722037023146411,0.4424770332610221,0.9574267033176027,False,453,394.5079457345229,14.826584584138722,-0.0039538900045693465,24.292592964741946,60,271.8,10.902520689704426,229,-3.076869499262646
3589,mixtura,packing_C,T10,largo,29,G4,8.722037023146411,0.4424770332610221,0.9574267033176027,False,453,394.5079457345229,14.826584584138722,-0.0039538900045693465,24.292592964741946,60,271.8,10.902520689704426,230,-3.0197038531670506
3589,mixtura,packing_C,T10,largo,29,G4,8.722037023146411,0.4424770332610221,0.9574267033176027,False,453,394.5079457345229,14.826584584138722,-0.0039538900045693465,24.292592964741946,60,271.8,10.902520689704426,231,-2.960165110073491
3589,mixtura,packing_C,T10,largo,29,G4,8.722037023146411,0.4424770332610221,0.9574267033176027,False,453,394.5079457345229,14.826584584138722,-0.0039538900045693465,24.292592964741946,60,271.8,10.902520689704426,232,-2.856183873960148
3589,mixtura,packing_C,T10,largo,29,G4,8.722037023146411,0.4424770332610221,0.9574267033176027,False,453,394.5079457345229,14.826584584138722,-0.0039538900045693465,24.292592964741946,60,271.8,10.902520689704426,233,-2.7748048536935404
3589,mixtura,packing_C,T10,largo,29,G4,8.722037023146411,0.4424770332610221,0.9574267033176027,False,453,394.5079457345229,14.826584584138722,-0.0039538900045693465,24.292592964741946,60,271.8,10.902520689704426,234,-2.8330453641100277
3589,mixtura,packing_C,T10,largo,29,G4,8.722037023146411,0.4424770332610221,0.9574267033176027,False,453,394.5079457345229,14.826584584138722,-0.0039538900045693465,24.292592964741946,60,271.8,10.902520689704426,235,-2.7485762387205783
3589,mixtura,packing_C,T10,largo,29,G4,8.722037023146411,0.4424770332610221,0.9574267033176027,False,453,394.5079457345229,14.826584584138722,-0.0039538900045693465,24.292592964741946,60,271.8,10.902520689704426,236,-2.6484798757984596
3589,mixtura,packing_C,T10,largo,29,G4,8.722037023146411,0.4424770332610221,0.9574267033176027,False,453,394.5079457345229,14.826584584138722,-0.0039538900045693465,24.292592964741946,60,271.8,10.902520689704426,237,-2.610108700055822
3589,mixtura,packing_C,T10,largo,29,G4,8.722037023146411,0.4424770332610221,0.9574267033176027,False,453,394.5079457345229,14.826584584138722,-0.0039538900045693465,24.292592964741946,60,271.8,10.902520689704426,238,-2.4217920108061533
3589,mixtura,packing_C,T10,largo,29,G4,8.722037023146411,0.4424770332610221,0.9574267033176027,False,453,394.5079457345229,14.826584584138722,-0.0039538900045693465,24.292592964741946,60,271.8,10.902520689704426,239,-2.205553701847195
3589,mixtura,packing_C,T10,largo,29,G4,8.722037023146411,0.4424770332610221,0.9574267033176027,False,453,394.5079457345229,14.826584584138722,-0.0039538900045693465,24.292592964741946,60,271.8,10.902520689704426,240,-2.361209580174473
3589,mixtura,packing_C,T10,largo,29,G4,8.722037023146411,0.4424770332610221,0.9574267033176027,False,453,394.5079457345229,14.826584584138722,-0.0039538900045693465,24.292592964741946,60,271.8,10.902520689704426,241,-2.190250926072052
3589,mixtura,packing_C,T10,largo,29,G4,8.722037023146411,0.4424770332610221,0.9574267033176027,False,453,394.5079457345229,14.826584584138722,-0.0039538900045693465,24.292592964741946,60,271.8,10.902520689704426,242,-1.9855793899203398
3589,mixtura,packing_C,T10,largo,29,G4,8.722037023146411,0.4424770332610221,0.9574267033176027,False,453,394.5079457345229,14.826584584138722,-0.0039538900045693465,24.292592964741946,60,271.8,10.902520689704426,243,-2.055219429953114
3589,mixtura,packing_C,T10,largo,29,G4,8.722037023146411,0.4424770332610221,0.9574267033176027,False,453,394.5079457345229,14.826584584138722,-0.0039538900045693465,24.292592964741946,60,271.8,10.902520689704426,244,-1.8163968034200049
3589,mixtura,packing_C,T10,largo,29,G4,8.722037023146411,0.4424770332610221,0.9574267033176027,False,453,394.5079457345229,14.826584584138722,-0.0039538900045693465,24.292592964741946,60,271.8,10.902520689704426,245,-1.805928779400471
3589,mixtura,packing_C,T10,largo,29,G4,8.722037023146411,0.4424770332610221,0.9574267033176027,False,453,394.5079457345229,14.826584584138722,-0.0039538900045693465,24.292592964741946,60,271.8,10.902520689704426,246,-1.5456345896815147
3589,mixtura,packing_C,T10,largo,29,G4,8.722037023146411,0.4424770332610221,0.9574267033176027,False,453,394.5079457345229,14.826584584138722,-0.0039538900045693465,24.292592964741946,60,271.8,10.902520689704426,247,-1.8625411114202637
3589,mixtura,packing_C,T10,largo,29,G4,8.722037023146411,0.4424770332610221,0.9574267033176027,False,453,394.5079457345229,14.826584584138722,-0.0039538900045693465,24.292592964741946,60,271.8,10.902520689704426,248,-1.7475747493344493
3589,mixtura,packing_C,T10,largo,29,G4,8.722037023146411,0.4424770332610221,0.9574267033176027,False,453,394.5079457345229,14.826584584138722,-0.0039538900045693465,24.292592964741946,60,271.8,10.902520689704426,249,-1.7201517988173753
3589,mixtura,packing_C,T10,largo,29,G4,8.722037023146411,0.4424770332610221,0.9574267033176027,False,453,394.5079457345229,14.826584584138722,-0.0039538900045693465,24.292592964741946,60,271.8,10.902520689704426,250,-1.4949585675265888
3589,mixtura,packing_C,T10,largo,29,G4,8.722037023146411,0.4424770332610221,0.9574267033176027,False,453,394.5079457345229,14.826584584138722,-0.0039538900045693465,24.292592964741946,60,271.8,10.902520689704426,251,-1.2264037065697955
3589,mixtura,packing_C,T10,largo,29,G4,8.722037023146411,0.4424770332610221,0.9574267033176027,False,453,394.5079457345229,14.826584584138722,-0.0039538900045693465,24.292592964741946,60,271.8,10.902520689704426,252,-1.3040836092858992
3589,mixtura,packing_C,T10,largo,29,G4,8.722037023146411,0.4424770332610221,0.9574267033176027,False,453,394.5079457345229,14.826584584138722,-0.0039538900045693465,24.292592964741946,60,271.8,10.902520689704426,253,-1.24955510346513
3589,mixtura,packing_C,T10,largo,29,G4,8.722037023146411,0.4424770332610221,0.9574267033176027,False,453,394.5079457345229,14.826584584138722,-0.0039538900045693465,24.292592964741946,60,271.8,10.902520689704426,254,-1.1235930607584645
3589,mixtura,packing_C,T10,largo,29,G4,8.722037023146411,0.4424770332610221,0.9574267033176027,False,453,394.5079457345229,14.826584584138722,-0.0039538900045693465,24.292592964741946,60,271.8,10.902520689704426,255,-1.067063228703522
3589,mixtura,packing_C,T10,largo,29,G4,8.722037023146411,0.4424770332610221,0.9574267033176027,False,453,394.5079457345229,14.826584584138722,-0.0039538900045693465,24.292592964741946,60,271.8,10.902520689704426,256,-1.1702143743989746
3589,mixtura,packing_C,T10,largo,29,G4,8.722037023146411,0.4424770332610221,0.9574267033176027,False,453,394.5079457345229,14.826584584138722,-0.0039538900045693465,24.292592964741946,60,271.8,10.902520689704426,257,-0.8288249401566068
3589,mixtura,packing_C,T10,largo,29,G4,8.722037023146411,0.4424770332610221,0.9574267033176027,False,453,394.5079457345229,14.826584584138722,-0.0039538900045693465,24.292592964741946,60,271.8,10.902520689704426,258,-0.9809327694277955
3589,mixtura,packing_C,T10,largo,29,G4,8.722037023146411,0.4424770332610221,0.9574267033176027,False,453,394.5079457345229,14.826584584138722,-0.0039538900045693465,24.292592964741946,60,271.8,10.902520689704426,259,-0.7333435212587104
3589,mixtura,packing_C,T10,largo,29,G4,8.722037023146411,0.4424770332610221,0.9574267033176027,False,453,394.5079457345229,14.826584584138722,-0.0039538900045693465,24.292592964741946,60,271.8,10.902520689704426,260,-0.7737568666084844
3589,mixtura,packing_C,T10,largo,29,G4,8.722037023146411,0.4424770332610221,0.9574267033176027,False,453,394.5079457345229,14.826584584138722,-0.0039538900045693465,24.292592964741946,60,271.8,10.902520689704426,261,-0.7851161911394823
3589,mixtura,packing_C,T10,largo,29,G4,8.722037023146411,0.4424770332610221,0.9574267033176027,False,453,394.5079457345229,14.826584584138722,-0.0039538900045693465,24.292592964741946,60,271.8,10.902520689704426,262,-0.6954143706938763
3589,mixtura,packing_C,T10,largo,29,G4,8.722037023146411,0.4424770332610221,0.9574267033176027,False,453,394.5079457345229,14.826584584138722,-0.0039538900045693465,24.292592964741946,60,271.8,10.902520689704426,263,-0.63829843916638
3589,mixtura,packing_C,T10,largo,29,G4,8.722037023146411,0.4424770332610221,0.9574267033176027,False,453,394.5079457345229,14.826584584138722,-0.0039538900045693465,24.292592964741946,60,271.8,10.902520689704426,264,-0.5829139901789523
3589,mixtura,packing_C,T10,largo,29,G4,8.722037023146411,0.4424770332610221,0.9574267033176027,False,453,394.5079457345229,14.826584584138722,-0.0039538900045693465,24.292592964741946,60,271.8,10.902520689704426,265,-0.49343332568413073
3589,mixtura,packing_C,T10,largo,29,G4,8.722037023146411,0.4424770332610221,0.9574267033176027,False,453,394.5079457345229,14.826584584138722,-0.0039538900045693465,24.292592964741946,60,271.8,10.902520689704426,266,-0.4408308756996565
3589,mixtura,packing_C,T10,largo,29,G4,8.722037023146411,0.4424770332610221,0.9574267033176027,False,453,394.5079457345229,14.826584584138722,-0.0039538900045693465,24.292592964741946,60,271.8,10.902520689704426,267,-0.52158204897662
3589,mixtura,packing_C,T10,largo,29,G4,8.722037023146411,0.4424770332610221,0.9574267033176027,False,453,394.5079457345229,14.826584584138722,-0.0039538900045693465,24.292592964741946,60,271.8,10.902520689704426,268,-0.22486053414523682
3589,mixtura,packing_C,T10,largo,29,G4,8.722037023146411,0.4424770332610221,0.9574267033176027,False,453,394.5079457345229,14.826584584138722,-0.0039538900045693465,24.292592964741946,60,271.8,10.902520689704426,269,-0.4159438380955844
3589,mixtura,packing_C,T10,largo,29,G4,8.722037023146411,0.4424770332610221,0.9574267033176027,False,453,394.5079457345229,14.826584584138722,-0.0039538900045693465,24.292592964741946,60,271.8,10.902520689704426,270,-0.08972063625568924
3589,mixtura,packing_C,T10,largo,29,G4,8.722037023146411,0.4424770332610221,0.9574267033176027,False,453,394.5079457345229,14.826584584138722,-0.0039538900045693465,24.292592964741946,60,271.8,10.902520689704426,271,0.007479481019752571
3589,mixtura,packing_C,T10,largo,29,G4,8.722037023146411,0.4424770332610221,0.9574267033176027,False,453,394.5079457345229,14.826584584138722,-0.0039538900045693465,24.292592964741946,60,271.8,10.902520689704426,272,0.15302036973757874
3589,mixtura,packing_C,T10,largo,29,G4,8.722037023146411,0.4424770332610221,0.9574267033176027,False,453,394.5079457345229,14.826584584138722,-0.0039538900045693465,24.292592964741946,60,271.8,10.902520689704426,273,0.2380257729082305
3589,mixtura,packing_C,T10,largo,29,G4,8.722037023146411,0.4424770332610221,0.9574267033176027,False,453,394.5079457345229,14.826584584138722,-0.0039538900045693465,24.292592964741946,60,271.8,10.902520689704426,274,0.3767337123781328
3589,mixtura,packing_C,T10,largo,29,G4,8.722037023146411,0.4424770332610221,0.9574267033176027,False,453,394.5079457345229,14.826584584138722,-0.0039538900045693465,24.292592964741946,60,271.8,10.902520689704426,275,0.40583144235643637
3589,mixtura,packing_C,T10,largo,29,G4,8.722037023146411,0.4424770332610221,0.9574267033176027,False,453,394.5079457345229,14.826584584138722,-0.0039538900045693465,24.292592964741946,60,271.8,10.902520689704426,276,0.49914476586807494
3589,mixtura,packing_C,T10,largo,29,G4,8.722037023146411,0.4424770332610221,0.9574267033176027,False,453,394.5079457345229,14.826584584138722,-0.0039538900045693465,24.292592964741946,60,271.8,10.902520689704426,277,0.49935817063413246
3589,mixtura,packing_C,T10,largo,29,G4,8.722037023146411,0.4424770332610221,0.9574267033176027,False,453,394.5079457345229,14.826584584138722,-0.0039538900045693465,24.292592964741946,60,271.8,10.902520689704426,278,0.6197334800038017
3589,mixtura,packing_C,T10,largo,29,G4,8.722037023146411,0.4424770332610221,0.9574267033176027,False,453,394.5079457345229,14.826584584138722,-0.0039538900045693465,24.292592964741946,60,271.8,10.902520689704426,279,0.4715707610797637
3589,mixtura,packing_C,T10,largo,29,G4,8.722037023146411,0.4424770332610221,0.9574267033176027,False,453,394.5079457345229,14.826584584138722,-0.0039538900045693465,24.292592964741946,60,271.8,10.902520689704426,280,0.43584647915216557
3589,mixtura,packing_C,T10,largo,29,G4,8.722037023146411,0.4424770332610221,0.9574267033176027,False,453,394.5079457345229,14.826584584138722,-0.0039538900045693465,24.292592964741946,60,271.8,10.902520689704426,281,0.5558053139638457
3589,mixtura,packing_C,T10,largo,29,G4,8.722037023146411,0.4424770332610221,0.9574267033176027,False,453,394.5079457345229,14.826584584138722,-0.0039538900045693465,24.292592964741946,60,271.8,10.902520689704426,282,0.2876339363018803
3589,mixtura,packing_C,T10,largo,29,G4,8.722037023146411,0.4424770332610221,0.9574267033176027,False,453,394.5079457345229,14.826584584138722,-0.0039538900045693465,24.292592964741946,60,271.8,10.902520689704426,283,0.2739168862977099
3589,mixtura,packing_C,T10,largo,29,G4,8.722037023146411,0.4424770332610221,0.9574267033176027,False,453,394.5079457345229,14.826584584138722,-0.0039538900045693465,24.292592964741946,60,271.8,10.902520689704426,284,-0.01548755977738514
3589,mixtura,packing_C,T10,largo,29,G4,8.722037023146411,0.4424770332610221,0.9574267033176027,False,453,394.5079457345229,14.826584584138722,-0.0039538900045693465,24.292592964741946,60,271.8,10.902520689704426,285,-0.04718571756984045
3589,mixtura,packing_C,T10,largo,29,G4,8.722037023146411,0.4424770332610221,0.9574267033176027,False,453,394.5079457345229,14.826584584138722,-0.0039538900045693465,24.292592964741946,60,271.8,10.902520689704426,286,-0.0010999387333905514
3589,mixtura,packing_C,T10,largo,29,G4,8.722037023146411,0.4424770332610221,0.9574267033176027,False,453,394.5079457345229,14.826584584138722,-0.0039538900045693465,24.292592964741946,60,271.8,10.902520689704426,287,-0.21011659696088858
3589,mixtura,packing_C,T10,largo,29,G4,8.722037023146411,0.4424770332610221,0.9574267033176027,False,453,394.5079457345229,14.826584584138722,-0.0039538900045693465,24.292592964741946,60,271.8,10.902520689704426,288,-0.27085545877447204
3589,mixtura,packing_C,T10,largo,29,G4,8.722037023146411,0.4424770332610221,0.9574267033176027,False,453,394.5079457345229,14.826584584138722,-0.0039538900045693465,24.292592964741946,60,271.8,10.902520689704426,289,-0.18047842131398745
3589,mixtura,packing_C,T10,largo,29,G4,8.722037023146411,0.4424770332610221,0.9574267033176027,False,453,394.5079457345229,14.826584584138722,-0.0039538900045693465,24.292592964741946,60,271.8,10.902520689704426,290,-0.6145729555809825
3589,mixtura,packing_C,T10,largo,29,G4,8.722037023146411,0.4424770332610221,0.9574267033176027,False,453,394.5079457345229,14.826584584138722,-0.0039538900045693465,24.292592964741946,60,271.8,10.902520689704426,291,-0.40925171316732567
3589,mixtura,packing_C,T10,largo,29,G4,8.722037023146411,0.4424770332610221,0.9574267033176027,False,453,394.5079457345229,14.826584584138722,-0.0039538900045693465,24.292592964741946,60,271.8,10.902520689704426,292,-0.6799406878966496
3589,mixtura,packing_C,T10,largo,29,G4,8.722037023146411,0.4424770332610221,0.9574267033176027,False,453,394.5079457345229,14.826584584138722,-0.0039538900045693465,24.292592964741946,60,271.8,10.902520689704426,293,-0.5396885950385637
3589,mixtura,packing_C,T10,largo,29,G4,8.722037023146411,0.4424770332610221,0.9574267033176027,False,453,394.5079457345229,14.826584584138722,-0.0039538900045693465,24.292592964741946,60,271.8,10.902520689704426,294,-0.39316692117297924
3589,mixtura,packing_C,T10,largo,29,G4,8.722037023146411,0.4424770332610221,0.9574267033176027,False,453,394.5079457345229,14.826584584138722,-0.0039538900045693465,24.292592964741946,60,271.8,10.902520689704426,295,-0.29034016650104183
3589,mixtura,packing_C,T10,largo,29,G4,8.722037023146411,0.4424770332610221,0.9574267033176027,False,453,394.5079457345229,14.826584584138722,-0.0039538900045693465,24.292592964741946,60,271.8,10.902520689704426,296,-0.22869154747810816
3589,mixtura,packing_C,T10,largo,29,G4,8.722037023146411,0.4424770332610221,0.9574267033176027,False,453,394.5079457345229,14.826584584138722,-0.0039538900045693465,24.292592964741946,60,271.8,10.902520689704426,297,-0.13941190150242835
3589,mixtura,packing_C,T10,largo,29,G4,8.722037023146411,0.4424770332610221,0.9574267033176027,False,453,394.5079457345229,14.826584584138722,-0.0039538900045693465,24.292592964741946,60,271.8,10.902520689704426,298,-0.2746746818829896
3589,mixtura,packing_C,T10,largo,29,G4,8.722037023146411,0.4424770332610221,0.9574267033176027,False,453,394.5079457345229,14.826584584138722,-0.0039538900045693465,24.292592964741946,60,271.8,10.902520689704426,299,-0.14009421553168402
3589,mixtura,packing_C,T10,largo,29,G4,8.722037023146411,0.4424770332610221,0.9574267033176027,False,453,394.5079457345229,14.826584584138722,-0.0039538900045693465,24.292592964741946,60,271.8,10.902520689704426,300,0.01255114679237683
3589,mixtura,packing_C,T10,largo,29,G4,8.722037023146411,0.4424770332610221,0.9574267033176027,False,453,394.5079457345229,14.826584584138722,-0.0039538900045693465,24.292592964741946,60,271.8,10.902520689704426,301,0.2775790502921798
3589,mixtura,packing_C,T10,largo,29,G4,8.722037023146411,0.4424770332610221,0.9574267033176027,False,453,394.5079457345229,14.826584584138722,-0.0039538900045693465,24.292592964741946,60,271.8,10.902520689704426,302,0.3610946420734066
3589,mixtura,packing_C,T10,largo,29,G4,8.722037023146411,0.4424770332610221,0.9574267033176027,False,453,394.5079457345229,14.826584584138722,-0.0039538900045693465,24.292592964741946,60,271.8,10.902520689704426,303,0.2190303515505434
3589,mixtura,packing_C,T10,largo,29,G4,8.722037023146411,0.4424770332610221,0.9574267033176027,False,453,394.5079457345229,14.826584584138722,-0.0039538900045693465,24.292592964741946,60,271.8,10.902520689704426,304,0.2823036746640769
3589,mixtura,packing_C,T10,largo,29,G4,8.722037023146411,0.4424770332610221,0.9574267033176027,False,453,394.5079457345229,14.826584584138722,-0.0039538900045693465,24.292592964741946,60,271.8,10.902520689704426,305,0.471660022239968
3589,mixtura,packing_C,T10,largo,29,G4,8.722037023146411,0.4424770332610221,0.9574267033176027,False,453,394.5079457345229,14.826584584138722,-0.0039538900045693465,24.292592964741946,60,271.8,10.902520689704426,306,0.4888967520379047
3589,mixtura,packing_C,T10,largo,29,G4,8.722037023146411,0.4424770332610221,0.9574267033176027,False,453,394.5079457345229,14.826584584138722,-0.0039538900045693465,24.292592964741946,60,271.8,10.902520689704426,307,0.5143309469968242
3589,mixtura,packing_C,T10,largo,29,G4,8.722037023146411,0.4424770332610221,0.9574267033176027,False,453,394.5079457345229,14.826584584138722,-0.0039538900045693465,24.292592964741946,60,271.8,10.902520689704426,308,0.3632538695489789
3589,mixtura,packing_C,T10,largo,29,G4,8.722037023146411,0.4424770332610221,0.9574267033176027,False,453,394.5079457345229,14.826584584138722,-0.0039538900045693465,24.292592964741946,60,271.8,10.902520689704426,309,0.5710947836291044
3589,mixtura,packing_C,T10,largo,29,G4,8.722037023146411,0.4424770332610221,0.9574267033176027,False,453,394.5079457345229,14.826584584138722,-0.0039538900045693465,24.292592964741946,60,271.8,10.902520689704426,310,0.6146983151181372
3589,mixtura,packing_C,T10,largo,29,G4,8.722037023146411,0.4424770332610221,0.9574267033176027,False,453,394.5079457345229,14.826584584138722,-0.0039538900045693465,24.292592964741946,60,271.8,10.902520689704426,311,0.22440984369778208
3589,mixtura,packing_C,T10,largo,29,G4,8.722037023146411,0.4424770332610221,0.9574267033176027,False,453,394.5079457345229,14.826584584138722,-0.0039538900045693465,24.292592964741946,60,271.8,10.902520689704426,312,0.19679779843937056
3589,mixtura,packing_C,T10,largo,29,G4,8.722037023146411,0.4424770332610221,0.9574267033176027,False,453,394.5079457345229,14.826584584138722,-0.0039538900045693465,24.292592964741946,60,271.8,10.902520689704426,313,0.35460750873278224
3589,mixtura,packing_C,T10,largo,29,G4,8.722037023146411,0.4424770332610221,0.9574267033176027,False,453,394.5079457345229,14.826584584138722,-0.0039538900045693465,24.292592964741946,60,271.8,10.902520689704426,314,0.019097601617476923
3589,mixtura,packing_C,T10,largo,29,G4,8.722037023146411,0.4424770332610221,0.9574267033176027,False,453,394.5079457345229,14.826584584138722,-0.0039538900045693465,24.292592964741946,60,271.8,10.902520689704426,315,0.10158326689826307
3589,mixtura,packing_C,T10,largo,29,G4,8.722037023146411,0.4424770332610221,0.9574267033176027,False,453,394.5079457345229,14.826584584138722,-0.0039538900045693465,24.292592964741946,60,271.8,10.902520689704426,316,-0.12073881065858144
3589,mixtura,packing_C,T10,largo,29,G4,8.722037023146411,0.4424770332610221,0.9574267033176027,False,453,394.5079457345229,14.826584584138722,-0.0039538900045693465,24.292592964741946,60,271.8,10.902520689704426,317,-0.15921456659617755
3589,mixtura,packing_C,T10,largo,29,G4,8.722037023146411,0.4424770332610221,0.9574267033176027,False,453,394.5079457345229,14.826584584138722,-0.0039538900045693465,24.292592964741946,60,271.8,10.902520689704426,318,-0.2465306156551288
3589,mixtura,packing_C,T10,largo,29,G4,8.722037023146411,0.4424770332610221,0.9574267033176027,False,453,394.5079457345229,14.826584584138722,-0.0039538900045693465,24.292592964741946,60,271.8,10.902520689704426,319,-0.2617647271413369
3589,mixtura,packing_C,T10,largo,29,G4,8.722037023146411,0.4424770332610221,0.9574267033176027,False,453,394.5079457345229,14.826584584138722,-0.0039538900045693465,24.292592964741946,60,271.8,10.902520689704426,320,-0.2660842545350999
3589,mixtura,packing_C,T10,largo,29,G4,8.722037023146411,0.4424770332610221,0.9574267033176027,False,453,394.5079457345229,14.826584584138722,-0.0039538900045693465,24.292592964741946,60,271.8,10.902520689704426,321,-0.41210589547137516
3589,mixtura,packing_C,T10,largo,29,G4,8.722037023146411,0.4424770332610221,0.9574267033176027,False,453,394.5079457345229,14.826584584138722,-0.0039538900045693465,24.292592964741946,60,271.8,10.902520689704426,322,-0.5618104668482478
3589,mixtura,packing_C,T10,largo,29,G4,8.722037023146411,0.4424770332610221,0.9574267033176027,False,453,394.5079457345229,14.826584584138722,-0.0039538900045693465,24.292592964741946,60,271.8,10.902520689704426,323,-0.4440380085246538
3589,mixtura,packing_C,T10,largo,29,G4,8.722037023146411,0.4424770332610221,0.9574267033176027,False,453,394.5079457345229,14.826584584138722,-0.0039538900045693465,24.292592964741946,60,271.8,10.902520689704426,324,-0.3614688591898933
3589,mixtura,packing_C,T10,largo,29,G4,8.722037023146411,0.4424770332610221,0.9574267033176027,False,453,394.5079457345229,14.826584584138722,-0.0039538900045693465,24.292592964741946,60,271.8,10.902520689704426,325,-0.354925339819481
3589,mixtura,packing_C,T10,largo,29,G4,8.722037023146411,0.4424770332610221,0.9574267033176027,False,453,394.5079457345229,14.826584584138722,-0.0039538900045693465,24.292592964741946,60,271.8,10.902520689704426,326,-0.23507734756573467
3589,mixtura,packing_C,T10,largo,29,G4,8.722037023146411,0.4424770332610221,0.9574267033176027,False,453,394.5079457345229,14.826584584138722,-0.0039538900045693465,24.292592964741946,60,271.8,10.902520689704426,327,-0.3022606041945132
3589,mixtura,packing_C,T10,largo,29,G4,8.722037023146411,0.4424770332610221,0.9574267033176027,False,453,394.5079457345229,14.826584584138722,-0.0039538900045693465,24.292592964741946,60,271.8,10.902520689704426,328,-0.18360909266479264
3589,mixtura,packing_C,T10,largo,29,G4,8.722037023146411,0.4424770332610221,0.9574267033176027,False,453,394.5079457345229,14.826584584138722,-0.0039538900045693465,24.292592964741946,60,271.8,10.902520689704426,329,-0.03932673858858203
3589,mixtura,packing_C,T10,largo,29,G4,8.722037023146411,0.4424770332610221,0.9574267033176027,False,453,394.5079457345229,14.826584584138722,-0.0039538900045693465,24.292592964741946,60,271.8,10.902520689704426,330,-0.11594497270016908
3589,mixtura,packing_C,T10,largo,29,G4,8.722037023146411,0.4424770332610221,0.9574267033176027,False,453,394.5079457345229,14.826584584138722,-0.0039538900045693465,24.292592964741946,60,271.8,10.902520689704426,331,0.08937941485192213
3589,mixtura,packing_C,T10,largo,29,G4,8.722037023146411,0.4424770332610221,0.9574267033176027,False,453,394.5079457345229,14.826584584138722,-0.0039538900045693465,24.292592964741946,60,271.8,10.902520689704426,332,0.12564318072182412
3589,mixtura,packing_C,T10,largo,29,G4,8.722037023146411,0.4424770332610221,0.9574267033176027,False,453,394.5079457345229,14.826584584138722,-0.0039538900045693465,24.292592964741946,60,271.8,10.902520689704426,333,0.22729942844859322
3589,mixtura,packing_C,T10,largo,29,G4,8.722037023146411,0.4424770332610221,0.9574267033176027,False,453,394.5079457345229,14.826584584138722,-0.0039538900045693465,24.292592964741946,60,271.8,10.902520689704426,334,0.48110857149217934
3589,mixtura,packing_C,T10,largo,29,G4,8.722037023146411,0.4424770332610221,0.9574267033176027,False,453,394.5079457345229,14.826584584138722,-0.0039538900045693465,24.292592964741946,60,271.8,10.902520689704426,335,0.44085486413789626
3589,mixtura,packing_C,T10,largo,29,G4,8.722037023146411,0.4424770332610221,0.9574267033176027,False,453,394.5079457345229,14.826584584138722,-0.0039538900045693465,24.292592964741946,60,271.8,10.902520689704426,336,0.46471080064549086
3589,mixtura,packing_C,T10,largo,29,G4,8.722037023146411,0.4424770332610221,0.9574267033176027,False,453,394.5079457345229,14.826584584138722,-0.0039538900045693465,24.292592964741946,60,271.8,10.902520689704426,337,0.43948156689152135
3589,mixtura,packing_C,T10,largo,29,G4,8.722037023146411,0.4424770332610221,0.9574267033176027,False,453,394.5079457345229,14.826584584138722,-0.0039538900045693465,24.292592964741946,60,271.8,10.902520689704426,338,0.5444943668029306
3589,mixtura,packing_C,T10,largo,29,G4,8.722037023146411,0.4424770332610221,0.9574267033176027,False,453,394.5079457345229,14.826584584138722,-0.0039538900045693465,24.292592964741946,60,271.8,10.902520689704426,339,0.5944331501784851
3589,mixtura,packing_C,T10,largo,29,G4,8.722037023146411,0.4424770332610221,0.9574267033176027,False,453,394.5079457345229,14.826584584138722,-0.0039538900045693465,24.292592964741946,60,271.8,10.902520689704426,340,0.424224017230501
3589,mixtura,packing_C,T10,largo,29,G4,8.722037023146411,0.4424770332610221,0.9574267033176027,False,453,394.5079457345229,14.826584584138722,-0.0039538900045693465,24.292592964741946,60,271.8,10.902520689704426,341,0.31615621842976943
3589,mixtura,packing_C,T10,largo,29,G4,8.722037023146411,0.4424770332610221,0.9574267033176027,False,453,394.5079457345229,14.826584584138722,-0.0039538900045693465,24.292592964741946,60,271.8,10.902520689704426,342,0.230524270166111
3589,mixtura,packing_C,T10,largo,29,G4,8.722037023146411,0.4424770332610221,0.9574267033176027,False,453,394.5079457345229,14.826584584138722,-0.0039538900045693465,24.292592964741946,60,271.8,10.902520689704426,343,0.07291293451196126
3589,mixtura,packing_C,T10,largo,29,G4,8.722037023146411,0.4424770332610221,0.9574267033176027,False,453,394.5079457345229,14.826584584138722,-0.0039538900045693465,24.292592964741946,60,271.8,10.902520689704426,344,-0.1269706134757918
3589,mixtura,packing_C,T10,largo,29,G4,8.722037023146411,0.4424770332610221,0.9574267033176027,False,453,394.5079457345229,14.826584584138722,-0.0039538900045693465,24.292592964741946,60,271.8,10.902520689704426,345,0.1194676126399376
3589,mixtura,packing_C,T10,largo,29,G4,8.722037023146411,0.4424770332610221,0.9574267033176027,False,453,394.5079457345229,14.826584584138722,-0.0039538900045693465,24.292592964741946,60,271.8,10.902520689704426,346,-0.1794335324164999
3589,mixtura,packing_C,T10,largo,29,G4,8.722037023146411,0.4424770332610221,0.9574267033176027,False,453,394.5079457345229,14.826584584138722,-0.0039538900045693465,24.292592964741946,60,271.8,10.902520689704426,347,-0.19267003606314118
3589,mixtura,packing_C,T10,largo,29,G4,8.722037023146411,0.4424770332610221,0.9574267033176027,False,453,394.5079457345229,14.826584584138722,-0.0039538900045693465,24.292592964741946,60,271.8,10.902520689704426,348,-0.3191489230910874
3589,mixtura,packing_C,T10,largo,29,G4,8.722037023146411,0.4424770332610221,0.9574267033176027,False,453,394.5079457345229,14.826584584138722,-0.0039538900045693465,24.292592964741946,60,271.8,10.902520689704426,349,-0.5748656397713914
3589,mixtura,packing_C,T10,largo,29,G4,8.722037023146411,0.4424770332610221,0.9574267033176027,False,453,394.5079457345229,14.826584584138722,-0.0039538900045693465,24.292592964741946,60,271.8,10.902520689704426,350,-0.6145463059036357
3589,mixtura,packing_C,T10,largo,29,G4,8.722037023146411,0.4424770332610221,0.9574267033176027,False,453,394.5079457345229,14.826584584138722,-0.0039538900045693465,24.292592964741946,60,271.8,10.902520689704426,351,-0.5061627337459762
3589,mixtura,packing_C,T10,largo,29,G4,8.722037023146411,0.4424770332610221,0.9574267033176027,False,453,394.5079457345229,14.826584584138722,-0.0039538900045693465,24.292592964741946,60,271.8,10.902520689704426,352,-0.330988877898966
3589,mixtura,packing_C,T10,largo,29,G4,8.722037023146411,0.4424770332610221,0.9574267033176027,False,453,394.5079457345229,14.826584584138722,-0.0039538900045693465,24.292592964741946,60,271.8,10.902520689704426,353,-0.5343803264730171
3589,mixtura,packing_C,T10,largo,29,G4,8.722037023146411,0.4424770332610221,0.9574267033176027,False,453,394.5079457345229,14.826584584138722,-0.0039538900045693465,24.292592964741946,60,271.8,10.902520689704426,354,-0.422691492017168
3589,mixtura,packing_C,T10,largo,29,G4,8.722037023146411,0.4424770332610221,0.9574267033176027,False,453,394.5079457345229,14.826584584138722,-0.0039538900045693465,24.292592964741946,60,271.8,10.902520689704426,355,-0.40330557471152384
3589,mixtura,packing_C,T10,largo,29,G4,8.722037023146411,0.4424770332610221,0.9574267033176027,False,453,394.5079457345229,14.826584584138722,-0.0039538900045693465,24.292592964741946,60,271.8,10.902520689704426,356,-0.2103125855249805
3589,mixtura,packing_C,T10,largo,29,G4,8.722037023146411,0.4424770332610221,0.9574267033176027,False,453,394.5079457345229,14.826584584138722,-0.0039538900045693465,24.292592964741946,60,271.8,10.902520689704426,357,-0.4241932017556467
3589,mixtura,packing_C,T10,largo,29,G4,8.722037023146411,0.4424770332610221,0.9574267033176027,False,453,394.5079457345229,14.826584584138722,-0.0039538900045693465,24.292592964741946,60,271.8,10.902520689704426,358,-0.16622210287121109
3589,mixtura,packing_C,T10,largo,29,G4,8.722037023146411,0.4424770332610221,0.9574267033176027,False,453,394.5079457345229,14.826584584138722,-0.0039538900045693465,24.292592964741946,60,271.8,10.902520689704426,359,-0.058558291935013856
3589,mixtura,packing_C,T10,largo,29,G4,8.722037023146411,0.4424770332610221,0.9574267033176027,False,453,394.5079457345229,14.826584584138722,-0.0039538900045693465,24.292592964741946,60,271.8,10.902520689704426,360,-0.08008259398797256
3589,mixtura,packing_C,T10,largo,29,G4,8.722037023146411,0.4424770332610221,0.9574267033176027,False,453,394.5079457345229,14.826584584138722,-0.0039538900045693465,24.292592964741946,60,271.8,10.902520689704426,361,0.05566158800773517
3589,mixtura,packing_C,T10,largo,29,G4,8.722037023146411,0.4424770332610221,0.9574267033176027,False,453,394.5079457345229,14.826584584138722,-0.0039538900045693465,24.292592964741946,60,271.8,10.902520689704426,362,0.14256984957348262
3589,mixtura,packing_C,T10,largo,29,G4,8.722037023146411,0.4424770332610221,0.9574267033176027,False,453,394.5079457345229,14.826584584138722,-0.0039538900045693465,24.292592964741946,60,271.8,10.902520689704426,363,0.1372214363931789
3589,mixtura,packing_C,T10,largo,29,G4,8.722037023146411,0.4424770332610221,0.9574267033176027,False,453,394.5079457345229,14.826584584138722,-0.0039538900045693465,24.292592964741946,60,271.8,10.902520689704426,364,0.5109125609479608
3589,mixtura,packing_C,T10,largo,29,G4,8.722037023146411,0.4424770332610221,0.9574267033176027,False,453,394.5079457345229,14.826584584138722,-0.0039538900045693465,24.292592964741946,60,271.8,10.902520689704426,365,0.35634590760702
3589,mixtura,packing_C,T10,largo,29,G4,8.722037023146411,0.4424770332610221,0.9574267033176027,False,453,394.5079457345229,14.826584584138722,-0.0039538900045693465,24.292592964741946,60,271.8,10.902520689704426,366,0.39027177693783877
3589,mixtura,packing_C,T10,largo,29,G4,8.722037023146411,0.4424770332610221,0.9574267033176027,False,453,394.5079457345229,14.826584584138722,-0.0039538900045693465,24.292592964741946,60,271.8,10.902520689704426,367,0.48365818165816277
3589,mixtura,packing_C,T10,largo,29,G4,8.722037023146411,0.4424770332610221,0.9574267033176027,False,453,394.5079457345229,14.826584584138722,-0.0039538900045693465,24.292592964741946,60,271.8,10.902520689704426,368,0.4303317461404159
3589,mixtura,packing_C,T10,largo,29,G4,8.722037023146411,0.4424770332610221,0.9574267033176027,False,453,394.5079457345229,14.826584584138722,-0.0039538900045693465,24.292592964741946,60,271.8,10.902520689704426,369,0.43357989264801733
3589,mixtura,packing_C,T10,largo,29,G4,8.722037023146411,0.4424770332610221,0.9574267033176027,False,453,394.5079457345229,14.826584584138722,-0.0039538900045693465,24.292592964741946,60,271.8,10.902520689704426,370,0.39764640125076156
3589,mixtura,packing_C,T10,largo,29,G4,8.722037023146411,0.4424770332610221,0.9574267033176027,False,453,394.5079457345229,14.826584584138722,-0.0039538900045693465,24.292592964741946,60,271.8,10.902520689704426,371,0.37655977524364076
3589,mixtura,packing_C,T10,largo,29,G4,8.722037023146411,0.4424770332610221,0.9574267033176027,False,453,394.5079457345229,14.826584584138722,-0.0039538900045693465,24.292592964741946,60,271.8,10.902520689704426,372,0.317757144197911
3589,mixtura,packing_C,T10,largo,29,G4,8.722037023146411,0.4424770332610221,0.9574267033176027,False,453,394.5079457345229,14.826584584138722,-0.0039538900045693465,24.292592964741946,60,271.8,10.902520689704426,373,0.17651166720398237
3589,mixtura,packing_C,T10,largo,29,G4,8.722037023146411,0.4424770332610221,0.9574267033176027,False,453,394.5079457345229,14.826584584138722,-0.0039538900045693465,24.292592964741946,60,271.8,10.902520689704426,374,0.16268322319804196
3589,mixtura,packing_C,T10,largo,29,G4,8.722037023146411,0.4424770332610221,0.9574267033176027,False,453,394.5079457345229,14.826584584138722,-0.0039538900045693465,24.292592964741946,60,271.8,10.902520689704426,375,-0.13402116577501352
3589,mixtura,packing_C,T10,largo,29,G4,8.722037023146411,0.4424770332610221,0.9574267033176027,False,453,394.5079457345229,14.826584584138722,-0.0039538900045693465,24.292592964741946,60,271.8,10.902520689704426,376,-0.2400410182616855
3589,mixtura,packing_C,T10,largo,29,G4,8.722037023146411,0.4424770332610221,0.9574267033176027,False,453,394.5079457345229,14.826584584138722,-0.0039538900045693465,24.292592964741946,60,271.8,10.902520689704426,377,-0.1979706808654698
3589,mixtura,packing_C,T10,largo,29,G4,8.722037023146411,0.4424770332610221,0.9574267033176027,False,453,394.5079457345229,14.826584584138722,-0.0039538900045693465,24.292592964741946,60,271.8,10.902520689704426,378,-0.2525987907553463
3589,mixtura,packing_C,T10,largo,29,G4,8.722037023146411,0.4424770332610221,0.9574267033176027,False,453,394.5079457345229,14.826584584138722,-0.0039538900045693465,24.292592964741946,60,271.8,10.902520689704426,379,-0.26222025789019265
3589,mixtura,packing_C,T10,largo,29,G4,8.722037023146411,0.4424770332610221,0.9574267033176027,False,453,394.5079457345229,14.826584584138722,-0.0039538900045693465,24.292592964741946,60,271.8,10.902520689704426,380,-0.341381654027682
3589,mixtura,packing_C,T10,largo,29,G4,8.722037023146411,0.4424770332610221,0.9574267033176027,False,453,394.5079457345229,14.826584584138722,-0.0039538900045693465,24.292592964741946,60,271.8,10.902520689704426,381,-0.4765048123537086
3589,mixtura,packing_C,T10,largo,29,G4,8.722037023146411,0.4424770332610221,0.9574267033176027,False,453,394.5079457345229,14.826584584138722,-0.0039538900045693465,24.292592964741946,60,271.8,10.902520689704426,382,-0.36868442528411854
3589,mixtura,packing_C,T10,largo,29,G4,8.722037023146411,0.4424770332610221,0.9574267033176027,False,453,394.5079457345229,14.826584584138722,-0.0039538900045693465,24.292592964741946,60,271.8,10.902520689704426,383,-0.5369569506430364
3589,mixtura,packing_C,T10,largo,29,G4,8.722037023146411,0.4424770332610221,0.9574267033176027,False,453,394.5079457345229,14.826584584138722,-0.0039538900045693465,24.292592964741946,60,271.8,10.902520689704426,384,-0.525616440524916
3589,mixtura,packing_C,T10,largo,29,G4,8.722037023146411,0.4424770332610221,0.9574267033176027,False,453,394.5079457345229,14.826584584138722,-0.0039538900045693465,24.292592964741946,60,271.8,10.902520689704426,385,-0.3449617022609931
3589,mixtura,packing_C,T10,largo,29,G4,8.722037023146411,0.4424770332610221,0.9574267033176027,False,453,394.5079457345229,14.826584584138722,-0.0039538900045693465,24.292592964741946,60,271.8,10.902520689704426,386,-0.3782625965519113
3589,mixtura,packing_C,T10,largo,29,G4,8.722037023146411,0.4424770332610221,0.9574267033176027,False,453,394.5079457345229,14.826584584138722,-0.0039538900045693465,24.292592964741946,60,271.8,10.902520689704426,387,-0.2843637644214065
3589,mixtura,packing_C,T10,largo,29,G4,8.722037023146411,0.4424770332610221,0.9574267033176027,False,453,394.5079457345229,14.826584584138722,-0.0039538900045693465,24.292592964741946,60,271.8,10.902520689704426,388,-0.21024520739348948
3589,mixtura,packing_C,T10,largo,29,G4,8.722037023146411,0.4424770332610221,0.9574267033176027,False,453,394.5079457345229,14.826584584138722,-0.0039538900045693465,24.292592964741946,60,271.8,10.902520689704426,389,-0.06501531842002085
3589,mixtura,packing_C,T10,largo,29,G4,8.722037023146411,0.4424770332610221,0.9574267033176027,False,453,394.5079457345229,14.826584584138722,-0.0039538900045693465,24.292592964741946,60,271.8,10.902520689704426,390,-0.08240708237436581
3589,mixtura,packing_C,T10,largo,29,G4,8.722037023146411,0.4424770332610221,0.9574267033176027,False,453,394.5079457345229,14.826584584138722,-0.0039538900045693465,24.292592964741946,60,271.8,10.902520689704426,391,0.207522588181822
3589,mixtura,packing_C,T10,largo,29,G4,8.722037023146411,0.4424770332610221,0.9574267033176027,False,453,394.5079457345229,14.826584584138722,-0.0039538900045693465,24.292592964741946,60,271.8,10.902520689704426,392,0.26856953195960304
3589,mixtura,packing_C,T10,largo,29,G4,8.722037023146411,0.4424770332610221,0.9574267033176027,False,453,394.5079457345229,14.826584584138722,-0.0039538900045693465,24.292592964741946,60,271.8,10.902520689704426,393,0.508048245639499
3589,mixtura,packing_C,T10,largo,29,G4,8.722037023146411,0.4424770332610221,0.9574267033176027,False,453,394.5079457345229,14.826584584138722,-0.0039538900045693465,24.292592964741946,60,271.8,10.902520689704426,394,0.39689064447778655
3589,mixtura,packing_C,T10,largo,29,G4,8.722037023146411,0.4424770332610221,0.9574267033176027,False,453,394.5079457345229,14.826584584138722,-0.0039538900045693465,24.292592964741946,60,271.8,10.902520689704426,395,0.35254053729431045
3589,mixtura,packing_C,T10,largo,29,G4,8.722037023146411,0.4424770332610221,0.9574267033176027,False,453,394.5079457345229,14.826584584138722,-0.0039538900045693465,24.292592964741946,60,271.8,10.902520689704426,396,0.312613829647568
3589,mixtura,packing_C,T10,largo,29,G4,8.722037023146411,0.4424770332610221,0.9574267033176027,False,453,394.5079457345229,14.826584584138722,-0.0039538900045693465,24.292592964741946,60,271.8,10.902520689704426,397,0.3876881167200288
3589,mixtura,packing_C,T10,largo,29,G4,8.722037023146411,0.4424770332610221,0.9574267033176027,False,453,394.5079457345229,14.826584584138722,-0.0039538900045693465,24.292592964741946,60,271.8,10.902520689704426,398,0.568043443436297
3589,mixtura,packing_C,T10,largo,29,G4,8.722037023146411,0.4424770332610221,0.9574267033176027,False,453,394.5079457345229,14.826584584138722,-0.0039538900045693465,24.292592964741946,60,271.8,10.902520689704426,399,0.4023545207591367
3589,mixtura,packing_C,T10,largo,29,G4,8.722037023146411,0.4424770332610221,0.9574267033176027,False,453,394.5079457345229,14.826584584138722,-0.0039538900045693465,24.292592964741946,60,271.8,10.902520689704426,400,0.44785356821452
3589,mixtura,packing_C,T10,largo,29,G4,8.722037023146411,0.4424770332610221,0.9574267033176027,False,453,394.5079457345229,14.826584584138722,-0.0039538900045693465,24.292592964741946,60,271.8,10.902520689704426,401,0.2712315457352239
3589,mixtura,packing_C,T10,largo,29,G4,8.722037023146411,0.4424770332610221,0.9574267033176027,False,453,394.5079457345229,14.826584584138722,-0.0039538900045693465,24.292592964741946,60,271.8,10.902520689704426,402,0.13660877263897753
3589,mixtura,packing_C,T10,largo,29,G4,8.722037023146411,0.4424770332610221,0.9574267033176027,False,453,394.5079457345229,14.826584584138722,-0.0039538900045693465,24.292592964741946,60,271.8,10.902520689704426,403,0.22297818885556783
3589,mixtura,packing_C,T10,largo,29,G4,8.722037023146411,0.4424770332610221,0.9574267033176027,False,453,394.5079457345229,14.826584584138722,-0.0039538900045693465,24.292592964741946,60,271.8,10.902520689704426,404,0.2330385510033337
3589,mixtura,packing_C,T10,largo,29,G4,8.722037023146411,0.4424770332610221,0.9574267033176027,False,453,394.5079457345229,14.826584584138722,-0.0039538900045693465,24.292592964741946,60,271.8,10.902520689704426,405,-0.0337538179607533
3589,mixtura,packing_C,T10,largo,29,G4,8.722037023146411,0.4424770332610221,0.9574267033176027,False,453,394.5079457345229,14.826584584138722,-0.0039538900045693465,24.292592964741946,60,271.8,10.902520689704426,406,-0.04460956565910562
3589,mixtura,packing_C,T10,largo,29,G4,8.722037023146411,0.4424770332610221,0.9574267033176027,False,453,394.5079457345229,14.826584584138722,-0.0039538900045693465,24.292592964741946,60,271.8,10.902520689704426,407,-0.42472652695289964
3589,mixtura,packing_C,T10,largo,29,G4,8.722037023146411,0.4424770332610221,0.9574267033176027,False,453,394.5079457345229,14.826584584138722,-0.0039538900045693465,24.292592964741946,60,271.8,10.902520689704426,408,-0.02784675270106618
3589,mixtura,packing_C,T10,largo,29,G4,8.722037023146411,0.4424770332610221,0.9574267033176027,False,453,394.5079457345229,14.826584584138722,-0.0039538900045693465,24.292592964741946,60,271.8,10.902520689704426,409,-0.45132611992895777
3589,mixtura,packing_C,T10,largo,29,G4,8.722037023146411,0.4424770332610221,0.9574267033176027,False,453,394.5079457345229,14.826584584138722,-0.0039538900045693465,24.292592964741946,60,271.8,10.902520689704426,410,-0.40561048595747484
3589,mixtura,packing_C,T10,largo,29,G4,8.722037023146411,0.4424770332610221,0.9574267033176027,False,453,394.5079457345229,14.826584584138722,-0.0039538900045693465,24.292592964741946,60,271.8,10.902520689704426,411,-0.5213176969147435
3589,mixtura,packing_C,T10,largo,29,G4,8.722037023146411,0.4424770332610221,0.9574267033176027,False,453,394.5079457345229,14.826584584138722,-0.0039538900045693465,24.292592964741946,60,271.8,10.902520689704426,412,-0.5670148155407791
3589,mixtura,packing_C,T10,largo,29,G4,8.722037023146411,0.4424770332610221,0.9574267033176027,False,453,394.5079457345229,14.826584584138722,-0.0039538900045693465,24.292592964741946,60,271.8,10.902520689704426,413,-0.4633538835783777
3589,mixtura,packing_C,T10,largo,29,G4,8.722037023146411,0.4424770332610221,0.9574267033176027,False,453,394.5079457345229,14.826584584138722,-0.0039538900045693465,24.292592964741946,60,271.8,10.902520689704426,414,-0.43493299613367714
3589,mixtura,packing_C,T10,largo,29,G4,8.722037023146411,0.4424770332610221,0.9574267033176027,False,453,394.5079457345229,14.826584584138722,-0.0039538900045693465,24.292592964741946,60,271.8,10.902520689704426,415,-0.28069398314306343
3589,mixtura,packing_C,T10,largo,29,G4,8.722037023146411,0.4424770332610221,0.9574267033176027,False,453,394.5079457345229,14.826584584138722,-0.0039538900045693465,24.292592964741946,60,271.8,10.902520689704426,416,-0.38258037783075455
3589,mixtura,packing_C,T10,largo,29,G4,8.722037023146411,0.4424770332610221,0.9574267033176027,False,453,394.5079457345229,14.826584584138722,-0.0039538900045693465,24.292592964741946,60,271.8,10.902520689704426,417,-0.35020436268984556
3589,mixtura,packing_C,T10,largo,29,G4,8.722037023146411,0.4424770332610221,0.9574267033176027,False,453,394.5079457345229,14.826584584138722,-0.0039538900045693465,24.292592964741946,60,271.8,10.902520689704426,418,-0.31949471168331306
3589,mixtura,packing_C,T10,largo,29,G4,8.722037023146411,0.4424770332610221,0.9574267033176027,False,453,394.5079457345229,14.826584584138722,-0.0039538900045693465,24.292592964741946,60,271.8,10.902520689704426,419,0.0038085835551850133
3589,mixtura,packing_C,T10,largo,29,G4,8.722037023146411,0.4424770332610221,0.9574267033176027,False,453,394.5079457345229,14.826584584138722,-0.0039538900045693465,24.292592964741946,60,271.8,10.902520689704426,420,-0.10342614360242651
3589,mixtura,packing_C,T10,largo,29,G4,8.722037023146411,0.4424770332610221,0.9574267033176027,False,453,394.5079457345229,14.826584584138722,-0.0039538900045693465,24.292592964741946,60,271.8,10.902520689704426,421,0.060149714514023254
3589,mixtura,packing_C,T10,largo,29,G4,8.722037023146411,0.4424770332610221,0.9574267033176027,False,453,394.5079457345229,14.826584584138722,-0.0039538900045693465,24.292592964741946,60,271.8,10.902520689704426,422,0.01812500921937618
3589,mixtura,packing_C,T10,largo,29,G4,8.722037023146411,0.4424770332610221,0.9574267033176027,False,453,394.5079457345229,14.826584584138722,-0.0039538900045693465,24.292592964741946,60,271.8,10.902520689704426,423,0.17337262084011268
3589,mixtura,packing_C,T10,largo,29,G4,8.722037023146411,0.4424770332610221,0.9574267033176027,False,453,394.5079457345229,14.826584584138722,-0.0039538900045693465,24.292592964741946,60,271.8,10.902520689704426,424,0.2682463008583973
3589,mixtura,packing_C,T10,largo,29,G4,8.722037023146411,0.4424770332610221,0.9574267033176027,False,453,394.5079457345229,14.826584584138722,-0.0039538900045693465,24.292592964741946,60,271.8,10.902520689704426,425,0.4056291025334512
3589,mixtura,packing_C,T10,largo,29,G4,8.722037023146411,0.4424770332610221,0.9574267033176027,False,453,394.5079457345229,14.826584584138722,-0.0039538900045693465,24.292592964741946,60,271.8,10.902520689704426,426,0.49530244139104085
3589,mixtura,packing_C,T10,largo,29,G4,8.722037023146411,0.4424770332610221,0.9574267033176027,False,453,394.5079457345229,14.826584584138722,-0.0039538900045693465,24.292592964741946,60,271.8,10.902520689704426,427,0.463747790604024
3589,mixtura,packing_C,T10,largo,29,G4,8.722037023146411,0.4424770332610221,0.9574267033176027,False,453,394.5079457345229,14.826584584138722,-0.0039538900045693465,24.292592964741946,60,271.8,10.902520689704426,428,0.41331103917611306
3589,mixtura,packing_C,T10,largo,29,G4,8.722037023146411,0.4424770332610221,0.9574267033176027,False,453,394.5079457345229,14.826584584138722,-0.0039538900045693465,24.292592964741946,60,271.8,10.902520689704426,429,0.5336721295458178
3589,mixtura,packing_C,T10,largo,29,G4,8.722037023146411,0.4424770332610221,0.9574267033176027,False,453,394.5079457345229,14.826584584138722,-0.0039538900045693465,24.292592964741946,60,271.8,10.902520689704426,430,0.5463000364479176
3589,mixtura,packing_C,T10,largo,29,G4,8.722037023146411,0.4424770332610221,0.9574267033176027,False,453,394.5079457345229,14.826584584138722,-0.0039538900045693465,24.292592964741946,60,271.8,10.902520689704426,431,0.37025073063242775
3589,mixtura,packing_C,T10,largo,29,G4,8.722037023146411,0.4424770332610221,0.9574267033176027,False,453,394.5079457345229,14.826584584138722,-0.0039538900045693465,24.292592964741946,60,271.8,10.902520689704426,432,0.29197429788275037
3589,mixtura,packing_C,T10,largo,29,G4,8.722037023146411,0.4424770332610221,0.9574267033176027,False,453,394.5079457345229,14.826584584138722,-0.0039538900045693465,24.292592964741946,60,271.8,10.902520689704426,433,0.3741491956293804
3589,mixtura,packing_C,T10,largo,29,G4,8.722037023146411,0.4424770332610221,0.9574267033176027,False,453,394.5079457345229,14.826584584138722,-0.0039538900045693465,24.292592964741946,60,271.8,10.902520689704426,434,0.19314830028993932
3589,mixtura,packing_C,T10,largo,29,G4,8.722037023146411,0.4424770332610221,0.9574267033176027,False,453,394.5079457345229,14.826584584138722,-0.0039538900045693465,24.292592964741946,60,271.8,10.902520689704426,435,-0.056630929424059805
3589,mixtura,packing_C,T10,largo,29,G4,8.722037023146411,0.4424770332610221,0.9574267033176027,False,453,394.5079457345229,14.826584584138722,-0.0039538900045693465,24.292592964741946,60,271.8,10.902520689704426,436,0.004783127640141924
3589,mixtura,packing_C,T10,largo,29,G4,8.722037023146411,0.4424770332610221,0.9574267033176027,False,453,394.5079457345229,14.826584584138722,-0.0039538900045693465,24.292592964741946,60,271.8,10.902520689704426,437,-0.17678312847197183
3589,mixtura,packing_C,T10,largo,29,G4,8.722037023146411,0.4424770332610221,0.9574267033176027,False,453,394.5079457345229,14.826584584138722,-0.0039538900045693465,24.292592964741946,60,271.8,10.902520689704426,438,-0.34990465688545297
3589,mixtura,packing_C,T10,largo,29,G4,8.722037023146411,0.4424770332610221,0.9574267033176027,False,453,394.5079457345229,14.826584584138722,-0.0039538900045693465,24.292592964741946,60,271.8,10.902520689704426,439,-0.4810109574651104
3589,mixtura,packing_C,T10,largo,29,G4,8.722037023146411,0.4424770332610221,0.9574267033176027,False,453,394.5079457345229,14.826584584138722,-0.0039538900045693465,24.292592964741946,60,271.8,10.902520689704426,440,-0.34081506394374056
3589,mixtura,packing_C,T10,largo,29,G4,8.722037023146411,0.4424770332610221,0.9574267033176027,False,453,394.5079457345229,14.826584584138722,-0.0039538900045693465,24.292592964741946,60,271.8,10.902520689704426,441,-0.42834217708800193
3589,mixtura,packing_C,T10,largo,29,G4,8.722037023146411,0.4424770332610221,0.9574267033176027,False,453,394.5079457345229,14.826584584138722,-0.0039538900045693465,24.292592964741946,60,271.8,10.902520689704426,442,-0.43870353290751407
3589,mixtura,packing_C,T10,largo,29,G4,8.722037023146411,0.4424770332610221,0.9574267033176027,False,453,394.5079457345229,14.826584584138722,-0.0039538900045693465,24.292592964741946,60,271.8,10.902520689704426,443,-0.569531758662648
3589,mixtura,packing_C,T10,largo,29,G4,8.722037023146411,0.4424770332610221,0.9574267033176027,False,453,394.5079457345229,14.826584584138722,-0.0039538900045693465,24.292592964741946,60,271.8,10.902520689704426,444,-0.5907699335187135
3589,mixtura,packing_C,T10,largo,29,G4,8.722037023146411,0.4424770332610221,0.9574267033176027,False,453,394.5079457345229,14.826584584138722,-0.0039538900045693465,24.292592964741946,60,271.8,10.902520689704426,445,-0.3077442507444479
3589,mixtura,packing_C,T10,largo,29,G4,8.722037023146411,0.4424770332610221,0.9574267033176027,False,453,394.5079457345229,14.826584584138722,-0.0039538900045693465,24.292592964741946,60,271.8,10.902520689704426,446,-0.3954009189131001
3589,mixtura,packing_C,T10,largo,29,G4,8.722037023146411,0.4424770332610221,0.9574267033176027,False,453,394.5079457345229,14.826584584138722,-0.0039538900045693465,24.292592964741946,60,271.8,10.902520689704426,447,-0.3737199082723245
3589,mixtura,packing_C,T10,largo,29,G4,8.722037023146411,0.4424770332610221,0.9574267033176027,False,453,394.5079457345229,14.826584584138722,-0.0039538900045693465,24.292592964741946,60,271.8,10.902520689704426,448,-0.18507593156673993
3589,mixtura,packing_C,T10,largo,29,G4,8.722037023146411,0.4424770332610221,0.9574267033176027,False,453,394.5079457345229,14.826584584138722,-0.0039538900045693465,24.292592964741946,60,271.8,10.902520689704426,449,-0.25210606132206353
3589,mixtura,packing_C,T10,largo,29,G4,8.722037023146411,0.4424770332610221,0.9574267033176027,False,453,394.5079457345229,14.826584584138722,-0.0039538900045693465,24.292592964741946,60,271.8,10.902520689704426,450,0.2865754627324894
3589,mixtura,packing_C,T10,largo,29,G4,8.722037023146411,0.4424770332610221,0.9574267033176027,False,453,394.5079457345229,14.826584584138722,-0.0039538900045693465,24.292592964741946,60,271.8,10.902520689704426,451,0.23173739877769545
3589,mixtura,packing_C,T10,largo,29,G4,8.722037023146411,0.4424770332610221,0.9574267033176027,False,453,394.5079457345229,14.826584584138722,-0.0039538900045693465,24.292592964741946,60,271.8,10.902520689704426,452,0.09068102071306064
