proceso_id,epoca,packing,tunel,tipo_tunel,iteracion,mass_group,masa_ton,ocupabilidad,caudal_factor,anomalia_duracion,duracion_min,duracion_esperada_min,delta_duracion_pct,setpoint,T0,pct_transitorio,t_trans_min,overshoot_pct,tiempo_min,temperatura
368,mora,packing_A,T10,largo,8,G4,8.517943688628131,0.9273550931719117,0.9241234556434336,False,519,472.75184949271977,9.782754008663574,0.36966719208775245,23.46403065045481,60,311.4,8.801810049135115,0,23.350649494553846
368,mora,packing_A,T10,largo,8,G4,8.517943688628131,0.9273550931719117,0.9241234556434336,False,519,472.75184949271977,9.782754008663574,0.36966719208775245,23.46403065045481,60,311.4,8.801810049135115,1,23.394385652066905
368,mora,packing_A,T10,largo,8,G4,8.517943688628131,0.9273550931719117,0.9241234556434336,False,519,472.75184949271977,9.782754008663574,0.36966719208775245,23.46403065045481,60,311.4,8.801810049135115,2,23.033258370427717
368,mora,packing_A,T10,largo,8,G4,8.517943688628131,0.9273550931719117,0.9241234556434336,False,519,472.75184949271977,9.782754008663574,0.36966719208775245,23.46403065045481,60,311.4,8.801810049135115,3,22.875561311002357
368,mora,packing_A,T10,largo,8,G4,8.517943688628131,0.9273550931719117,0.9241234556434336,False,519,472.75184949271977,9.782754008663574,0.36966719208775245,23.46403065045481,60,311.4,8.801810049135115,4,22.76501095501046
368,mora,packing_A,T10,largo,8,G4,8.517943688628131,0.9273550931719117,0.9241234556434336,False,519,472.75184949271977,9.782754008663574,0.36966719208775245,23.46403065045481,60,311.4,8.801810049135115,5,22.58170612772644
368,mora,packing_A,T10,largo,8,G4,8.517943688628131,0.9273550931719117,0.9241234556434336,False,519,472.75184949271977,9.782754008663574,0.36966719208775245,23.46403065045481,60,311.4,8.801810049135115,6,22.433667511144314
368,mora,packing_A,T10,largo,8,G4,8.517943688628131,0.9273550931719117,0.9241234556434336,False,519,472.75184949271977,9.782754008663574,0.36966719208775245,23.46403065045481,60,311.4,8.801810049135115,7,22.17496869268814
368,mora,packing_A,T10,largo,8,G4,8.517943688628131,0.9273550931719117,0.9241234556434336,False,519,472.75184949271977,9.782754008663574,0.36966719208775245,23.46403065045481,60,311.4,8.801810049135115,8,22.048178273090706
368,mora,packing_A,T10,largo,8,G4,8.517943688628131,0.9273550931719117,0.9241234556434336,False,519,472.75184949271977,9.782754008663574,0.36966719208775245,23.46403065045481,60,311.4,8.801810049135115,9,21.7476733027978
368,mora,packing_A,T10,largo,8,G4,8.517943688628131,0.9273550931719117,0.9241234556434336,False,519,472.75184949271977,9.782754008663574,0.36966719208775245,23.46403065045481,60,311.4,8.801810049135115,10,21.406663970547662
368,mora,packing_A,T10,largo,8,G4,8.517943688628131,0.9273550931719117,0.9241234556434336,False,519,472.75184949271977,9.782754008663574,0.36966719208775245,23.46403065045481,60,311.4,8.801810049135115,11,21.245303823302407
368,mora,packing_A,T10,largo,8,G4,8.517943688628131,0.9273550931719117,0.9241234556434336,False,519,472.75184949271977,9.782754008663574,0.36966719208775245,23.46403065045481,60,311.4,8.801810049135115,12,21.03488441700788
368,mora,packing_A,T10,largo,8,G4,8.517943688628131,0.9273550931719117,0.9241234556434336,False,519,472.75184949271977,9.782754008663574,0.36966719208775245,23.46403065045481,60,311.4,8.801810049135115,13,20.995574832320628
368,mora,packing_A,T10,largo,8,G4,8.517943688628131,0.9273550931719117,0.9241234556434336,False,519,472.75184949271977,9.782754008663574,0.36966719208775245,23.46403065045481,60,311.4,8.801810049135115,14,20.74663680060905
368,mora,packing_A,T10,largo,8,G4,8.517943688628131,0.9273550931719117,0.9241234556434336,False,519,472.75184949271977,9.782754008663574,0.36966719208775245,23.46403065045481,60,311.4,8.801810049135115,15,20.537589045715556
368,mora,packing_A,T10,largo,8,G4,8.517943688628131,0.9273550931719117,0.9241234556434336,False,519,472.75184949271977,9.782754008663574,0.36966719208775245,23.46403065045481,60,311.4,8.801810049135115,16,20.351409787536912
368,mora,packing_A,T10,largo,8,G4,8.517943688628131,0.9273550931719117,0.9241234556434336,False,519,472.75184949271977,9.782754008663574,0.36966719208775245,23.46403065045481,60,311.4,8.801810049135115,17,20.119243432432707
368,mora,packing_A,T10,largo,8,G4,8.517943688628131,0.9273550931719117,0.9241234556434336,False,519,472.75184949271977,9.782754008663574,0.36966719208775245,23.46403065045481,60,311.4,8.801810049135115,18,19.710567781698458
368,mora,packing_A,T10,largo,8,G4,8.517943688628131,0.9273550931719117,0.9241234556434336,False,519,472.75184949271977,9.782754008663574,0.36966719208775245,23.46403065045481,60,311.4,8.801810049135115,19,19.55508414371249
368,mora,packing_A,T10,largo,8,G4,8.517943688628131,0.9273550931719117,0.9241234556434336,False,519,472.75184949271977,9.782754008663574,0.36966719208775245,23.46403065045481,60,311.4,8.801810049135115,20,19.285929941260832
368,mora,packing_A,T10,largo,8,G4,8.517943688628131,0.9273550931719117,0.9241234556434336,False,519,472.75184949271977,9.782754008663574,0.36966719208775245,23.46403065045481,60,311.4,8.801810049135115,21,19.125674882898533
368,mora,packing_A,T10,largo,8,G4,8.517943688628131,0.9273550931719117,0.9241234556434336,False,519,472.75184949271977,9.782754008663574,0.36966719208775245,23.46403065045481,60,311.4,8.801810049135115,22,18.80162954351441
368,mora,packing_A,T10,largo,8,G4,8.517943688628131,0.9273550931719117,0.9241234556434336,False,519,472.75184949271977,9.782754008663574,0.36966719208775245,23.46403065045481,60,311.4,8.801810049135115,23,18.631876009633068
368,mora,packing_A,T10,largo,8,G4,8.517943688628131,0.9273550931719117,0.9241234556434336,False,519,472.75184949271977,9.782754008663574,0.36966719208775245,23.46403065045481,60,311.4,8.801810049135115,24,18.288090663686805
368,mora,packing_A,T10,largo,8,G4,8.517943688628131,0.9273550931719117,0.9241234556434336,False,519,472.75184949271977,9.782754008663574,0.36966719208775245,23.46403065045481,60,311.4,8.801810049135115,25,18.06991177367877
368,mora,packing_A,T10,largo,8,G4,8.517943688628131,0.9273550931719117,0.9241234556434336,False,519,472.75184949271977,9.782754008663574,0.36966719208775245,23.46403065045481,60,311.4,8.801810049135115,26,17.80944378702742
368,mora,packing_A,T10,largo,8,G4,8.517943688628131,0.9273550931719117,0.9241234556434336,False,519,472.75184949271977,9.782754008663574,0.36966719208775245,23.46403065045481,60,311.4,8.801810049135115,27,17.658460153007194
368,mora,packing_A,T10,largo,8,G4,8.517943688628131,0.9273550931719117,0.9241234556434336,False,519,472.75184949271977,9.782754008663574,0.36966719208775245,23.46403065045481,60,311.4,8.801810049135115,28,17.46277454641459
368,mora,packing_A,T10,largo,8,G4,8.517943688628131,0.9273550931719117,0.9241234556434336,False,519,472.75184949271977,9.782754008663574,0.36966719208775245,23.46403065045481,60,311.4,8.801810049135115,29,17.135401664701988
368,mora,packing_A,T10,largo,8,G4,8.517943688628131,0.9273550931719117,0.9241234556434336,False,519,472.75184949271977,9.782754008663574,0.36966719208775245,23.46403065045481,60,311.4,8.801810049135115,30,16.83362550725271
368,mora,packing_A,T10,largo,8,G4,8.517943688628131,0.9273550931719117,0.9241234556434336,False,519,472.75184949271977,9.782754008663574,0.36966719208775245,23.46403065045481,60,311.4,8.801810049135115,31,16.682830009024016
368,mora,packing_A,T10,largo,8,G4,8.517943688628131,0.9273550931719117,0.9241234556434336,False,519,472.75184949271977,9.782754008663574,0.36966719208775245,23.46403065045481,60,311.4,8.801810049135115,32,16.457421744835354
368,mora,packing_A,T10,largo,8,G4,8.517943688628131,0.9273550931719117,0.9241234556434336,False,519,472.75184949271977,9.782754008663574,0.36966719208775245,23.46403065045481,60,311.4,8.801810049135115,33,16.20862981005946
368,mora,packing_A,T10,largo,8,G4,8.517943688628131,0.9273550931719117,0.9241234556434336,False,519,472.75184949271977,9.782754008663574,0.36966719208775245,23.46403065045481,60,311.4,8.801810049135115,34,15.882085334199656
368,mora,packing_A,T10,largo,8,G4,8.517943688628131,0.9273550931719117,0.9241234556434336,False,519,472.75184949271977,9.782754008663574,0.36966719208775245,23.46403065045481,60,311.4,8.801810049135115,35,15.596275191120812
368,mora,packing_A,T10,largo,8,G4,8.517943688628131,0.9273550931719117,0.9241234556434336,False,519,472.75184949271977,9.782754008663574,0.36966719208775245,23.46403065045481,60,311.4,8.801810049135115,36,15.396931872917827
368,mora,packing_A,T10,largo,8,G4,8.517943688628131,0.9273550931719117,0.9241234556434336,False,519,472.75184949271977,9.782754008663574,0.36966719208775245,23.46403065045481,60,311.4,8.801810049135115,37,15.325525193003878
368,mora,packing_A,T10,largo,8,G4,8.517943688628131,0.9273550931719117,0.9241234556434336,False,519,472.75184949271977,9.782754008663574,0.36966719208775245,23.46403065045481,60,311.4,8.801810049135115,38,14.724528806288173
368,mora,packing_A,T10,largo,8,G4,8.517943688628131,0.9273550931719117,0.9241234556434336,False,519,472.75184949271977,9.782754008663574,0.36966719208775245,23.46403065045481,60,311.4,8.801810049135115,39,14.435018692877401
368,mora,packing_A,T10,largo,8,G4,8.517943688628131,0.9273550931719117,0.9241234556434336,False,519,472.75184949271977,9.782754008663574,0.36966719208775245,23.46403065045481,60,311.4,8.801810049135115,40,14.503474678177502
368,mora,packing_A,T10,largo,8,G4,8.517943688628131,0.9273550931719117,0.9241234556434336,False,519,472.75184949271977,9.782754008663574,0.36966719208775245,23.46403065045481,60,311.4,8.801810049135115,41,14.083227689872503
368,mora,packing_A,T10,largo,8,G4,8.517943688628131,0.9273550931719117,0.9241234556434336,False,519,472.75184949271977,9.782754008663574,0.36966719208775245,23.46403065045481,60,311.4,8.801810049135115,42,13.73463087082684
368,mora,packing_A,T10,largo,8,G4,8.517943688628131,0.9273550931719117,0.9241234556434336,False,519,472.75184949271977,9.782754008663574,0.36966719208775245,23.46403065045481,60,311.4,8.801810049135115,43,13.601150143234399
368,mora,packing_A,T10,largo,8,G4,8.517943688628131,0.9273550931719117,0.9241234556434336,False,519,472.75184949271977,9.782754008663574,0.36966719208775245,23.46403065045481,60,311.4,8.801810049135115,44,13.45406422983909
368,mora,packing_A,T10,largo,8,G4,8.517943688628131,0.9273550931719117,0.9241234556434336,False,519,472.75184949271977,9.782754008663574,0.36966719208775245,23.46403065045481,60,311.4,8.801810049135115,45,13.27267351216366
368,mora,packing_A,T10,largo,8,G4,8.517943688628131,0.9273550931719117,0.9241234556434336,False,519,472.75184949271977,9.782754008663574,0.36966719208775245,23.46403065045481,60,311.4,8.801810049135115,46,12.88994814677885
368,mora,packing_A,T10,largo,8,G4,8.517943688628131,0.9273550931719117,0.9241234556434336,False,519,472.75184949271977,9.782754008663574,0.36966719208775245,23.46403065045481,60,311.4,8.801810049135115,47,12.695969295236397
368,mora,packing_A,T10,largo,8,G4,8.517943688628131,0.9273550931719117,0.9241234556434336,False,519,472.75184949271977,9.782754008663574,0.36966719208775245,23.46403065045481,60,311.4,8.801810049135115,48,12.283300495337507
368,mora,packing_A,T10,largo,8,G4,8.517943688628131,0.9273550931719117,0.9241234556434336,False,519,472.75184949271977,9.782754008663574,0.36966719208775245,23.46403065045481,60,311.4,8.801810049135115,49,11.855556429902713
368,mora,packing_A,T10,largo,8,G4,8.517943688628131,0.9273550931719117,0.9241234556434336,False,519,472.75184949271977,9.782754008663574,0.36966719208775245,23.46403065045481,60,311.4,8.801810049135115,50,11.718115931545736
368,mora,packing_A,T10,largo,8,G4,8.517943688628131,0.9273550931719117,0.9241234556434336,False,519,472.75184949271977,9.782754008663574,0.36966719208775245,23.46403065045481,60,311.4,8.801810049135115,51,11.689312742992922
368,mora,packing_A,T10,largo,8,G4,8.517943688628131,0.9273550931719117,0.9241234556434336,False,519,472.75184949271977,9.782754008663574,0.36966719208775245,23.46403065045481,60,311.4,8.801810049135115,52,11.35418484653026
368,mora,packing_A,T10,largo,8,G4,8.517943688628131,0.9273550931719117,0.9241234556434336,False,519,472.75184949271977,9.782754008663574,0.36966719208775245,23.46403065045481,60,311.4,8.801810049135115,53,10.919368516563356
368,mora,packing_A,T10,largo,8,G4,8.517943688628131,0.9273550931719117,0.9241234556434336,False,519,472.75184949271977,9.782754008663574,0.36966719208775245,23.46403065045481,60,311.4,8.801810049135115,54,10.679006182836803
368,mora,packing_A,T10,largo,8,G4,8.517943688628131,0.9273550931719117,0.9241234556434336,False,519,472.75184949271977,9.782754008663574,0.36966719208775245,23.46403065045481,60,311.4,8.801810049135115,55,10.507520538452304
368,mora,packing_A,T10,largo,8,G4,8.517943688628131,0.9273550931719117,0.9241234556434336,False,519,472.75184949271977,9.782754008663574,0.36966719208775245,23.46403065045481,60,311.4,8.801810049135115,56,10.083413500589309
368,mora,packing_A,T10,largo,8,G4,8.517943688628131,0.9273550931719117,0.9241234556434336,False,519,472.75184949271977,9.782754008663574,0.36966719208775245,23.46403065045481,60,311.4,8.801810049135115,57,9.908059364208148
368,mora,packing_A,T10,largo,8,G4,8.517943688628131,0.9273550931719117,0.9241234556434336,False,519,472.75184949271977,9.782754008663574,0.36966719208775245,23.46403065045481,60,311.4,8.801810049135115,58,9.68370110495278
368,mora,packing_A,T10,largo,8,G4,8.517943688628131,0.9273550931719117,0.9241234556434336,False,519,472.75184949271977,9.782754008663574,0.36966719208775245,23.46403065045481,60,311.4,8.801810049135115,59,9.500137325095054
368,mora,packing_A,T10,largo,8,G4,8.517943688628131,0.9273550931719117,0.9241234556434336,False,519,472.75184949271977,9.782754008663574,0.36966719208775245,23.46403065045481,60,311.4,8.801810049135115,60,9.348521669051502
368,mora,packing_A,T10,largo,8,G4,8.517943688628131,0.9273550931719117,0.9241234556434336,False,519,472.75184949271977,9.782754008663574,0.36966719208775245,23.46403065045481,60,311.4,8.801810049135115,61,9.096354944817618
368,mora,packing_A,T10,largo,8,G4,8.517943688628131,0.9273550931719117,0.9241234556434336,False,519,472.75184949271977,9.782754008663574,0.36966719208775245,23.46403065045481,60,311.4,8.801810049135115,62,8.763022010448493
368,mora,packing_A,T10,largo,8,G4,8.517943688628131,0.9273550931719117,0.9241234556434336,False,519,472.75184949271977,9.782754008663574,0.36966719208775245,23.46403065045481,60,311.4,8.801810049135115,63,8.598578250657544
368,mora,packing_A,T10,largo,8,G4,8.517943688628131,0.9273550931719117,0.9241234556434336,False,519,472.75184949271977,9.782754008663574,0.36966719208775245,23.46403065045481,60,311.4,8.801810049135115,64,8.314141047969976
368,mora,packing_A,T10,largo,8,G4,8.517943688628131,0.9273550931719117,0.9241234556434336,False,519,472.75184949271977,9.782754008663574,0.36966719208775245,23.46403065045481,60,311.4,8.801810049135115,65,7.9116164404010965
368,mora,packing_A,T10,largo,8,G4,8.517943688628131,0.9273550931719117,0.9241234556434336,False,519,472.75184949271977,9.782754008663574,0.36966719208775245,23.46403065045481,60,311.4,8.801810049135115,66,7.859645825441265
368,mora,packing_A,T10,largo,8,G4,8.517943688628131,0.9273550931719117,0.9241234556434336,False,519,472.75184949271977,9.782754008663574,0.36966719208775245,23.46403065045481,60,311.4,8.801810049135115,67,7.648076240594592
368,mora,packing_A,T10,largo,8,G4,8.517943688628131,0.9273550931719117,0.9241234556434336,False,519,472.75184949271977,9.782754008663574,0.36966719208775245,23.46403065045481,60,311.4,8.801810049135115,68,7.422214509763454
368,mora,packing_A,T10,largo,8,G4,8.517943688628131,0.9273550931719117,0.9241234556434336,False,519,472.75184949271977,9.782754008663574,0.36966719208775245,23.46403065045481,60,311.4,8.801810049135115,69,6.893469306367253
368,mora,packing_A,T10,largo,8,G4,8.517943688628131,0.9273550931719117,0.9241234556434336,False,519,472.75184949271977,9.782754008663574,0.36966719208775245,23.46403065045481,60,311.4,8.801810049135115,70,6.826234582933689
368,mora,packing_A,T10,largo,8,G4,8.517943688628131,0.9273550931719117,0.9241234556434336,False,519,472.75184949271977,9.782754008663574,0.36966719208775245,23.46403065045481,60,311.4,8.801810049135115,71,6.643025823762253
368,mora,packing_A,T10,largo,8,G4,8.517943688628131,0.9273550931719117,0.9241234556434336,False,519,472.75184949271977,9.782754008663574,0.36966719208775245,23.46403065045481,60,311.4,8.801810049135115,72,6.413034942157539
368,mora,packing_A,T10,largo,8,G4,8.517943688628131,0.9273550931719117,0.9241234556434336,False,519,472.75184949271977,9.782754008663574,0.36966719208775245,23.46403065045481,60,311.4,8.801810049135115,73,6.18524522042867
368,mora,packing_A,T10,largo,8,G4,8.517943688628131,0.9273550931719117,0.9241234556434336,False,519,472.75184949271977,9.782754008663574,0.36966719208775245,23.46403065045481,60,311.4,8.801810049135115,74,5.829199730479161
368,mora,packing_A,T10,largo,8,G4,8.517943688628131,0.9273550931719117,0.9241234556434336,False,519,472.75184949271977,9.782754008663574,0.36966719208775245,23.46403065045481,60,311.4,8.801810049135115,75,5.3831978285763835
368,mora,packing_A,T10,largo,8,G4,8.517943688628131,0.9273550931719117,0.9241234556434336,False,519,472.75184949271977,9.782754008663574,0.36966719208775245,23.46403065045481,60,311.4,8.801810049135115,76,5.360410118437263
368,mora,packing_A,T10,largo,8,G4,8.517943688628131,0.9273550931719117,0.9241234556434336,False,519,472.75184949271977,9.782754008663574,0.36966719208775245,23.46403065045481,60,311.4,8.801810049135115,77,4.95407467412781
368,mora,packing_A,T10,largo,8,G4,8.517943688628131,0.9273550931719117,0.9241234556434336,False,519,472.75184949271977,9.782754008663574,0.36966719208775245,23.46403065045481,60,311.4,8.801810049135115,78,4.998401292505979
368,mora,packing_A,T10,largo,8,G4,8.517943688628131,0.9273550931719117,0.9241234556434336,False,519,472.75184949271977,9.782754008663574,0.36966719208775245,23.46403065045481,60,311.4,8.801810049135115,79,4.826246976143986
368,mora,packing_A,T10,largo,8,G4,8.517943688628131,0.9273550931719117,0.9241234556434336,False,519,472.75184949271977,9.782754008663574,0.36966719208775245,23.46403065045481,60,311.4,8.801810049135115,80,4.457692349835014
368,mora,packing_A,T10,largo,8,G4,8.517943688628131,0.9273550931719117,0.9241234556434336,False,519,472.75184949271977,9.782754008663574,0.36966719208775245,23.46403065045481,60,311.4,8.801810049135115,81,4.340806339144112
368,mora,packing_A,T10,largo,8,G4,8.517943688628131,0.9273550931719117,0.9241234556434336,False,519,472.75184949271977,9.782754008663574,0.36966719208775245,23.46403065045481,60,311.4,8.801810049135115,82,4.013603206132078
368,mora,packing_A,T10,largo,8,G4,8.517943688628131,0.9273550931719117,0.9241234556434336,False,519,472.75184949271977,9.782754008663574,0.36966719208775245,23.46403065045481,60,311.4,8.801810049135115,83,3.89991973379686
368,mora,packing_A,T10,largo,8,G4,8.517943688628131,0.9273550931719117,0.9241234556434336,False,519,472.75184949271977,9.782754008663574,0.36966719208775245,23.46403065045481,60,311.4,8.801810049135115,84,3.5341193277737077
368,mora,packing_A,T10,largo,8,G4,8.517943688628131,0.9273550931719117,0.9241234556434336,False,519,472.75184949271977,9.782754008663574,0.36966719208775245,23.46403065045481,60,311.4,8.801810049135115,85,3.3842427800979316
368,mora,packing_A,T10,largo,8,G4,8.517943688628131,0.9273550931719117,0.9241234556434336,False,519,472.75184949271977,9.782754008663574,0.36966719208775245,23.46403065045481,60,311.4,8.801810049135115,86,3.2886373705358434
368,mora,packing_A,T10,largo,8,G4,8.517943688628131,0.9273550931719117,0.9241234556434336,False,519,472.75184949271977,9.782754008663574,0.36966719208775245,23.46403065045481,60,311.4,8.801810049135115,87,2.9879519393535166
368,mora,packing_A,T10,largo,8,G4,8.517943688628131,0.9273550931719117,0.9241234556434336,False,519,472.75184949271977,9.782754008663574,0.36966719208775245,23.46403065045481,60,311.4,8.801810049135115,88,2.9825948924126644
368,mora,packing_A,T10,largo,8,G4,8.517943688628131,0.9273550931719117,0.9241234556434336,False,519,472.75184949271977,9.782754008663574,0.36966719208775245,23.46403065045481,60,311.4,8.801810049135115,89,2.766509513109576
368,mora,packing_A,T10,largo,8,G4,8.517943688628131,0.9273550931719117,0.9241234556434336,False,519,472.75184949271977,9.782754008663574,0.36966719208775245,23.46403065045481,60,311.4,8.801810049135115,90,2.4993360087706256
368,mora,packing_A,T10,largo,8,G4,8.517943688628131,0.9273550931719117,0.9241234556434336,False,519,472.75184949271977,9.782754008663574,0.36966719208775245,23.46403065045481,60,311.4,8.801810049135115,91,2.2298884597343003
368,mora,packing_A,T10,largo,8,G4,8.517943688628131,0.9273550931719117,0.9241234556434336,False,519,472.75184949271977,9.782754008663574,0.36966719208775245,23.46403065045481,60,311.4,8.801810049135115,92,2.2301267955298067
368,mora,packing_A,T10,largo,8,G4,8.517943688628131,0.9273550931719117,0.9241234556434336,False,519,472.75184949271977,9.782754008663574,0.36966719208775245,23.46403065045481,60,311.4,8.801810049135115,93,1.9616781692192171
368,mora,packing_A,T10,largo,8,G4,8.517943688628131,0.9273550931719117,0.9241234556434336,False,519,472.75184949271977,9.782754008663574,0.36966719208775245,23.46403065045481,60,311.4,8.801810049135115,94,1.5760186079518153
368,mora,packing_A,T10,largo,8,G4,8.517943688628131,0.9273550931719117,0.9241234556434336,False,519,472.75184949271977,9.782754008663574,0.36966719208775245,23.46403065045481,60,311.4,8.801810049135115,95,1.4506462050826678
368,mora,packing_A,T10,largo,8,G4,8.517943688628131,0.9273550931719117,0.9241234556434336,False,519,472.75184949271977,9.782754008663574,0.36966719208775245,23.46403065045481,60,311.4,8.801810049135115,96,1.0777208162464773
368,mora,packing_A,T10,largo,8,G4,8.517943688628131,0.9273550931719117,0.9241234556434336,False,519,472.75184949271977,9.782754008663574,0.36966719208775245,23.46403065045481,60,311.4,8.801810049135115,97,1.3900314838968602
368,mora,packing_A,T10,largo,8,G4,8.517943688628131,0.9273550931719117,0.9241234556434336,False,519,472.75184949271977,9.782754008663574,0.36966719208775245,23.46403065045481,60,311.4,8.801810049135115,98,0.9824514178256777
368,mora,packing_A,T10,largo,8,G4,8.517943688628131,0.9273550931719117,0.9241234556434336,False,519,472.75184949271977,9.782754008663574,0.36966719208775245,23.46403065045481,60,311.4,8.801810049135115,99,0.7165407850855404
368,mora,packing_A,T10,largo,8,G4,8.517943688628131,0.9273550931719117,0.9241234556434336,False,519,472.75184949271977,9.782754008663574,0.36966719208775245,23.46403065045481,60,311.4,8.801810049135115,100,0.40133072282505805
368,mora,packing_A,T10,largo,8,G4,8.517943688628131,0.9273550931719117,0.9241234556434336,False,519,472.75184949271977,9.782754008663574,0.36966719208775245,23.46403065045481,60,311.4,8.801810049135115,101,0.22731260855081276
368,mora,packing_A,T10,largo,8,G4,8.517943688628131,0.9273550931719117,0.9241234556434336,False,519,472.75184949271977,9.782754008663574,0.36966719208775245,23.46403065045481,60,311.4,8.801810049135115,102,0.2140328836064693
368,mora,packing_A,T10,largo,8,G4,8.517943688628131,0.9273550931719117,0.9241234556434336,False,519,472.75184949271977,9.782754008663574,0.36966719208775245,23.46403065045481,60,311.4,8.801810049135115,103,-0.07576804870930838
368,mora,packing_A,T10,largo,8,G4,8.517943688628131,0.9273550931719117,0.9241234556434336,False,519,472.75184949271977,9.782754008663574,0.36966719208775245,23.46403065045481,60,311.4,8.801810049135115,104,-0.12286815300049157
368,mora,packing_A,T10,largo,8,G4,8.517943688628131,0.9273550931719117,0.9241234556434336,False,519,472.75184949271977,9.782754008663574,0.36966719208775245,23.46403065045481,60,311.4,8.801810049135115,105,-0.5182962752735134
368,mora,packing_A,T10,largo,8,G4,8.517943688628131,0.9273550931719117,0.9241234556434336,False,519,472.75184949271977,9.782754008663574,0.36966719208775245,23.46403065045481,60,311.4,8.801810049135115,106,-0.5239324136486155
368,mora,packing_A,T10,largo,8,G4,8.517943688628131,0.9273550931719117,0.9241234556434336,False,519,472.75184949271977,9.782754008663574,0.36966719208775245,23.46403065045481,60,311.4,8.801810049135115,107,-0.6864564824025472
368,mora,packing_A,T10,largo,8,G4,8.517943688628131,0.9273550931719117,0.9241234556434336,False,519,472.75184949271977,9.782754008663574,0.36966719208775245,23.46403065045481,60,311.4,8.801810049135115,108,-0.9572956655829231
368,mora,packing_A,T10,largo,8,G4,8.517943688628131,0.9273550931719117,0.9241234556434336,False,519,472.75184949271977,9.782754008663574,0.36966719208775245,23.46403065045481,60,311.4,8.801810049135115,109,-1.134178075641945
368,mora,packing_A,T10,largo,8,G4,8.517943688628131,0.9273550931719117,0.9241234556434336,False,519,472.75184949271977,9.782754008663574,0.36966719208775245,23.46403065045481,60,311.4,8.801810049135115,110,-1.1708123103938994
368,mora,packing_A,T10,largo,8,G4,8.517943688628131,0.9273550931719117,0.9241234556434336,False,519,472.75184949271977,9.782754008663574,0.36966719208775245,23.46403065045481,60,311.4,8.801810049135115,111,-1.329437063760996
368,mora,packing_A,T10,largo,8,G4,8.517943688628131,0.9273550931719117,0.9241234556434336,False,519,472.75184949271977,9.782754008663574,0.36966719208775245,23.46403065045481,60,311.4,8.801810049135115,112,-1.6152836141503282
368,mora,packing_A,T10,largo,8,G4,8.517943688628131,0.9273550931719117,0.9241234556434336,False,519,472.75184949271977,9.782754008663574,0.36966719208775245,23.46403065045481,60,311.4,8.801810049135115,113,-1.7818217624588293
368,mora,packing_A,T10,largo,8,G4,8.517943688628131,0.9273550931719117,0.9241234556434336,False,519,472.75184949271977,9.782754008663574,0.36966719208775245,23.46403065045481,60,311.4,8.801810049135115,114,-1.7960450534575199
368,mora,packing_A,T10,largo,8,G4,8.517943688628131,0.9273550931719117,0.9241234556434336,False,519,472.75184949271977,9.782754008663574,0.36966719208775245,23.46403065045481,60,311.4,8.801810049135115,115,-1.8962059959036848
368,mora,packing_A,T10,largo,8,G4,8.517943688628131,0.9273550931719117,0.9241234556434336,False,519,472.75184949271977,9.782754008663574,0.36966719208775245,23.46403065045481,60,311.4,8.801810049135115,116,-2.2019727133891496
368,mora,packing_A,T10,largo,8,G4,8.517943688628131,0.9273550931719117,0.9241234556434336,False,519,472.75184949271977,9.782754008663574,0.36966719208775245,23.46403065045481,60,311.4,8.801810049135115,117,-2.3239276268005566
368,mora,packing_A,T10,largo,8,G4,8.517943688628131,0.9273550931719117,0.9241234556434336,False,519,472.75184949271977,9.782754008663574,0.36966719208775245,23.46403065045481,60,311.4,8.801810049135115,118,-2.3978635674917594
368,mora,packing_A,T10,largo,8,G4,8.517943688628131,0.9273550931719117,0.9241234556434336,False,519,472.75184949271977,9.782754008663574,0.36966719208775245,23.46403065045481,60,311.4,8.801810049135115,119,-2.6773530101281495
368,mora,packing_A,T10,largo,8,G4,8.517943688628131,0.9273550931719117,0.9241234556434336,False,519,472.75184949271977,9.782754008663574,0.36966719208775245,23.46403065045481,60,311.4,8.801810049135115,120,-2.527386899472373
368,mora,packing_A,T10,largo,8,G4,8.517943688628131,0.9273550931719117,0.9241234556434336,False,519,472.75184949271977,9.782754008663574,0.36966719208775245,23.46403065045481,60,311.4,8.801810049135115,121,-2.8685252779909693
368,mora,packing_A,T10,largo,8,G4,8.517943688628131,0.9273550931719117,0.9241234556434336,False,519,472.75184949271977,9.782754008663574,0.36966719208775245,23.46403065045481,60,311.4,8.801810049135115,122,-2.805916022235729
368,mora,packing_A,T10,largo,8,G4,8.517943688628131,0.9273550931719117,0.9241234556434336,False,519,472.75184949271977,9.782754008663574,0.36966719208775245,23.46403065045481,60,311.4,8.801810049135115,123,-3.1129459230835175
368,mora,packing_A,T10,largo,8,G4,8.517943688628131,0.9273550931719117,0.9241234556434336,False,519,472.75184949271977,9.782754008663574,0.36966719208775245,23.46403065045481,60,311.4,8.801810049135115,124,-3.1930672786156147
368,mora,packing_A,T10,largo,8,G4,8.517943688628131,0.9273550931719117,0.9241234556434336,False,519,472.75184949271977,9.782754008663574,0.36966719208775245,23.46403065045481,60,311.4,8.801810049135115,125,-3.4026077759514304
368,mora,packing_A,T10,largo,8,G4,8.517943688628131,0.9273550931719117,0.9241234556434336,False,519,472.75184949271977,9.782754008663574,0.36966719208775245,23.46403065045481,60,311.4,8.801810049135115,126,-3.4002713687870023
368,mora,packing_A,T10,largo,8,G4,8.517943688628131,0.9273550931719117,0.9241234556434336,False,519,472.75184949271977,9.782754008663574,0.36966719208775245,23.46403065045481,60,311.4,8.801810049135115,127,-3.4912311694093257
368,mora,packing_A,T10,largo,8,G4,8.517943688628131,0.9273550931719117,0.9241234556434336,False,519,472.75184949271977,9.782754008663574,0.36966719208775245,23.46403065045481,60,311.4,8.801810049135115,128,-3.79929713395541
368,mora,packing_A,T10,largo,8,G4,8.517943688628131,0.9273550931719117,0.9241234556434336,False,519,472.75184949271977,9.782754008663574,0.36966719208775245,23.46403065045481,60,311.4,8.801810049135115,129,-3.7148135963383084
368,mora,packing_A,T10,largo,8,G4,8.517943688628131,0.9273550931719117,0.9241234556434336,False,519,472.75184949271977,9.782754008663574,0.36966719208775245,23.46403065045481,60,311.4,8.801810049135115,130,-3.7952364675216894
368,mora,packing_A,T10,largo,8,G4,8.517943688628131,0.9273550931719117,0.9241234556434336,False,519,472.75184949271977,9.782754008663574,0.36966719208775245,23.46403065045481,60,311.4,8.801810049135115,131,-4.020239019992727
368,mora,packing_A,T10,largo,8,G4,8.517943688628131,0.9273550931719117,0.9241234556434336,False,519,472.75184949271977,9.782754008663574,0.36966719208775245,23.46403065045481,60,311.4,8.801810049135115,132,-4.023350393885966
368,mora,packing_A,T10,largo,8,G4,8.517943688628131,0.9273550931719117,0.9241234556434336,False,519,472.75184949271977,9.782754008663574,0.36966719208775245,23.46403065045481,60,311.4,8.801810049135115,133,-4.075238529839807
368,mora,packing_A,T10,largo,8,G4,8.517943688628131,0.9273550931719117,0.9241234556434336,False,519,472.75184949271977,9.782754008663574,0.36966719208775245,23.46403065045481,60,311.4,8.801810049135115,134,-4.12444505472482
368,mora,packing_A,T10,largo,8,G4,8.517943688628131,0.9273550931719117,0.9241234556434336,False,519,472.75184949271977,9.782754008663574,0.36966719208775245,23.46403065045481,60,311.4,8.801810049135115,135,-4.190852684272992
368,mora,packing_A,T10,largo,8,G4,8.517943688628131,0.9273550931719117,0.9241234556434336,False,519,472.75184949271977,9.782754008663574,0.36966719208775245,23.46403065045481,60,311.4,8.801810049135115,136,-4.453450840050176
368,mora,packing_A,T10,largo,8,G4,8.517943688628131,0.9273550931719117,0.9241234556434336,False,519,472.75184949271977,9.782754008663574,0.36966719208775245,23.46403065045481,60,311.4,8.801810049135115,137,-4.696345432685148
368,mora,packing_A,T10,largo,8,G4,8.517943688628131,0.9273550931719117,0.9241234556434336,False,519,472.75184949271977,9.782754008663574,0.36966719208775245,23.46403065045481,60,311.4,8.801810049135115,138,-4.577973634854813
368,mora,packing_A,T10,largo,8,G4,8.517943688628131,0.9273550931719117,0.9241234556434336,False,519,472.75184949271977,9.782754008663574,0.36966719208775245,23.46403065045481,60,311.4,8.801810049135115,139,-4.906782412272955
368,mora,packing_A,T10,largo,8,G4,8.517943688628131,0.9273550931719117,0.9241234556434336,False,519,472.75184949271977,9.782754008663574,0.36966719208775245,23.46403065045481,60,311.4,8.801810049135115,140,-4.774059176820876
368,mora,packing_A,T10,largo,8,G4,8.517943688628131,0.9273550931719117,0.9241234556434336,False,519,472.75184949271977,9.782754008663574,0.36966719208775245,23.46403065045481,60,311.4,8.801810049135115,141,-4.73772737444335
368,mora,packing_A,T10,largo,8,G4,8.517943688628131,0.9273550931719117,0.9241234556434336,False,519,472.75184949271977,9.782754008663574,0.36966719208775245,23.46403065045481,60,311.4,8.801810049135115,142,-5.057978232022184
368,mora,packing_A,T10,largo,8,G4,8.517943688628131,0.9273550931719117,0.9241234556434336,False,519,472.75184949271977,9.782754008663574,0.36966719208775245,23.46403065045481,60,311.4,8.801810049135115,143,-5.161232727091059
368,mora,packing_A,T10,largo,8,G4,8.517943688628131,0.9273550931719117,0.9241234556434336,False,519,472.75184949271977,9.782754008663574,0.36966719208775245,23.46403065045481,60,311.4,8.801810049135115,144,-5.066180504481425
368,mora,packing_A,T10,largo,8,G4,8.517943688628131,0.9273550931719117,0.9241234556434336,False,519,472.75184949271977,9.782754008663574,0.36966719208775245,23.46403065045481,60,311.4,8.801810049135115,145,-5.421364744768042
368,mora,packing_A,T10,largo,8,G4,8.517943688628131,0.9273550931719117,0.9241234556434336,False,519,472.75184949271977,9.782754008663574,0.36966719208775245,23.46403065045481,60,311.4,8.801810049135115,146,-5.344369086029059
368,mora,packing_A,T10,largo,8,G4,8.517943688628131,0.9273550931719117,0.9241234556434336,False,519,472.75184949271977,9.782754008663574,0.36966719208775245,23.46403065045481,60,311.4,8.801810049135115,147,-5.214502511026466
368,mora,packing_A,T10,largo,8,G4,8.517943688628131,0.9273550931719117,0.9241234556434336,False,519,472.75184949271977,9.782754008663574,0.36966719208775245,23.46403065045481,60,311.4,8.801810049135115,148,-5.503763593223517
368,mora,packing_A,T10,largo,8,G4,8.517943688628131,0.9273550931719117,0.9241234556434336,False,519,472.75184949271977,9.782754008663574,0.36966719208775245,23.46403065045481,60,311.4,8.801810049135115,149,-5.438661562671316
368,mora,packing_A,T10,largo,8,G4,8.517943688628131,0.9273550931719117,0.9241234556434336,False,519,472.75184949271977,9.782754008663574,0.36966719208775245,23.46403065045481,60,311.4,8.801810049135115,150,-5.502563719582374
368,mora,packing_A,T10,largo,8,G4,8.517943688628131,0.9273550931719117,0.9241234556434336,False,519,472.75184949271977,9.782754008663574,0.36966719208775245,23.46403065045481,60,311.4,8.801810049135115,151,-5.596574788295342
368,mora,packing_A,T10,largo,8,G4,8.517943688628131,0.9273550931719117,0.9241234556434336,False,519,472.75184949271977,9.782754008663574,0.36966719208775245,23.46403065045481,60,311.4,8.801810049135115,152,-5.65675016465558
368,mora,packing_A,T10,largo,8,G4,8.517943688628131,0.9273550931719117,0.9241234556434336,False,519,472.75184949271977,9.782754008663574,0.36966719208775245,23.46403065045481,60,311.4,8.801810049135115,153,-5.5390106583934715
368,mora,packing_A,T10,largo,8,G4,8.517943688628131,0.9273550931719117,0.9241234556434336,False,519,472.75184949271977,9.782754008663574,0.36966719208775245,23.46403065045481,60,311.4,8.801810049135115,154,-5.892959980274127
368,mora,packing_A,T10,largo,8,G4,8.517943688628131,0.9273550931719117,0.9241234556434336,False,519,472.75184949271977,9.782754008663574,0.36966719208775245,23.46403065045481,60,311.4,8.801810049135115,155,-5.808940132625582
368,mora,packing_A,T10,largo,8,G4,8.517943688628131,0.9273550931719117,0.9241234556434336,False,519,472.75184949271977,9.782754008663574,0.36966719208775245,23.46403065045481,60,311.4,8.801810049135115,156,-5.89167878468564
368,mora,packing_A,T10,largo,8,G4,8.517943688628131,0.9273550931719117,0.9241234556434336,False,519,472.75184949271977,9.782754008663574,0.36966719208775245,23.46403065045481,60,311.4,8.801810049135115,157,-5.930205378349986
368,mora,packing_A,T10,largo,8,G4,8.517943688628131,0.9273550931719117,0.9241234556434336,False,519,472.75184949271977,9.782754008663574,0.36966719208775245,23.46403065045481,60,311.4,8.801810049135115,158,-5.919652313327442
368,mora,packing_A,T10,largo,8,G4,8.517943688628131,0.9273550931719117,0.9241234556434336,False,519,472.75184949271977,9.782754008663574,0.36966719208775245,23.46403065045481,60,311.4,8.801810049135115,159,-6.143558231747972
368,mora,packing_A,T10,largo,8,G4,8.517943688628131,0.9273550931719117,0.9241234556434336,False,519,472.75184949271977,9.782754008663574,0.36966719208775245,23.46403065045481,60,311.4,8.801810049135115,160,-5.968429470680472
368,mora,packing_A,T10,largo,8,G4,8.517943688628131,0.9273550931719117,0.9241234556434336,False,519,472.75184949271977,9.782754008663574,0.36966719208775245,23.46403065045481,60,311.4,8.801810049135115,161,-5.889224179713879
368,mora,packing_A,T10,largo,8,G4,8.517943688628131,0.9273550931719117,0.9241234556434336,False,519,472.75184949271977,9.782754008663574,0.36966719208775245,23.46403065045481,60,311.4,8.801810049135115,162,-6.204539297505383
368,mora,packing_A,T10,largo,8,G4,8.517943688628131,0.9273550931719117,0.9241234556434336,False,519,472.75184949271977,9.782754008663574,0.36966719208775245,23.46403065045481,60,311.4,8.801810049135115,163,-6.231978266274728
368,mora,packing_A,T10,largo,8,G4,8.517943688628131,0.9273550931719117,0.9241234556434336,False,519,472.75184949271977,9.782754008663574,0.36966719208775245,23.46403065045481,60,311.4,8.801810049135115,164,-6.036751450100359
368,mora,packing_A,T10,largo,8,G4,8.517943688628131,0.9273550931719117,0.9241234556434336,False,519,472.75184949271977,9.782754008663574,0.36966719208775245,23.46403065045481,60,311.4,8.801810049135115,165,-6.289528233834581
368,mora,packing_A,T10,largo,8,G4,8.517943688628131,0.9273550931719117,0.9241234556434336,False,519,472.75184949271977,9.782754008663574,0.36966719208775245,23.46403065045481,60,311.4,8.801810049135115,166,-6.107923905664503
368,mora,packing_A,T10,largo,8,G4,8.517943688628131,0.9273550931719117,0.9241234556434336,False,519,472.75184949271977,9.782754008663574,0.36966719208775245,23.46403065045481,60,311.4,8.801810049135115,167,-6.203971815811443
368,mora,packing_A,T10,largo,8,G4,8.517943688628131,0.9273550931719117,0.9241234556434336,False,519,472.75184949271977,9.782754008663574,0.36966719208775245,23.46403065045481,60,311.4,8.801810049135115,168,-6.196638660293414
368,mora,packing_A,T10,largo,8,G4,8.517943688628131,0.9273550931719117,0.9241234556434336,False,519,472.75184949271977,9.782754008663574,0.36966719208775245,23.46403065045481,60,311.4,8.801810049135115,169,-6.217012875091794
368,mora,packing_A,T10,largo,8,G4,8.517943688628131,0.9273550931719117,0.9241234556434336,False,519,472.75184949271977,9.782754008663574,0.36966719208775245,23.46403065045481,60,311.4,8.801810049135115,170,-6.282884131582923
368,mora,packing_A,T10,largo,8,G4,8.517943688628131,0.9273550931719117,0.9241234556434336,False,519,472.75184949271977,9.782754008663574,0.36966719208775245,23.46403065045481,60,311.4,8.801810049135115,171,-6.261359337262336
368,mora,packing_A,T10,largo,8,G4,8.517943688628131,0.9273550931719117,0.9241234556434336,False,519,472.75184949271977,9.782754008663574,0.36966719208775245,23.46403065045481,60,311.4,8.801810049135115,172,-6.2806928613511825
368,mora,packing_A,T10,largo,8,G4,8.517943688628131,0.9273550931719117,0.9241234556434336,False,519,472.75184949271977,9.782754008663574,0.36966719208775245,23.46403065045481,60,311.4,8.801810049135115,173,-6.27940787607485
368,mora,packing_A,T10,largo,8,G4,8.517943688628131,0.9273550931719117,0.9241234556434336,False,519,472.75184949271977,9.782754008663574,0.36966719208775245,23.46403065045481,60,311.4,8.801810049135115,174,-6.414703488187486
368,mora,packing_A,T10,largo,8,G4,8.517943688628131,0.9273550931719117,0.9241234556434336,False,519,472.75184949271977,9.782754008663574,0.36966719208775245,23.46403065045481,60,311.4,8.801810049135115,175,-6.179430278690506
368,mora,packing_A,T10,largo,8,G4,8.517943688628131,0.9273550931719117,0.9241234556434336,False,519,472.75184949271977,9.782754008663574,0.36966719208775245,23.46403065045481,60,311.4,8.801810049135115,176,-6.311004085674439
368,mora,packing_A,T10,largo,8,G4,8.517943688628131,0.9273550931719117,0.9241234556434336,False,519,472.75184949271977,9.782754008663574,0.36966719208775245,23.46403065045481,60,311.4,8.801810049135115,177,-6.414670698312619
368,mora,packing_A,T10,largo,8,G4,8.517943688628131,0.9273550931719117,0.9241234556434336,False,519,472.75184949271977,9.782754008663574,0.36966719208775245,23.46403065045481,60,311.4,8.801810049135115,178,-6.400267064043981
368,mora,packing_A,T10,largo,8,G4,8.517943688628131,0.9273550931719117,0.9241234556434336,False,519,472.75184949271977,9.782754008663574,0.36966719208775245,23.46403065045481,60,311.4,8.801810049135115,179,-6.646582500507863
368,mora,packing_A,T10,largo,8,G4,8.517943688628131,0.9273550931719117,0.9241234556434336,False,519,472.75184949271977,9.782754008663574,0.36966719208775245,23.46403065045481,60,311.4,8.801810049135115,180,-6.358741781770618
368,mora,packing_A,T10,largo,8,G4,8.517943688628131,0.9273550931719117,0.9241234556434336,False,519,472.75184949271977,9.782754008663574,0.36966719208775245,23.46403065045481,60,311.4,8.801810049135115,181,-6.299107462504538
368,mora,packing_A,T10,largo,8,G4,8.517943688628131,0.9273550931719117,0.9241234556434336,False,519,472.75184949271977,9.782754008663574,0.36966719208775245,23.46403065045481,60,311.4,8.801810049135115,182,-6.294275562837797
368,mora,packing_A,T10,largo,8,G4,8.517943688628131,0.9273550931719117,0.9241234556434336,False,519,472.75184949271977,9.782754008663574,0.36966719208775245,23.46403065045481,60,311.4,8.801810049135115,183,-6.336386626239923
368,mora,packing_A,T10,largo,8,G4,8.517943688628131,0.9273550931719117,0.9241234556434336,False,519,472.75184949271977,9.782754008663574,0.36966719208775245,23.46403065045481,60,311.4,8.801810049135115,184,-6.332063774799171
368,mora,packing_A,T10,largo,8,G4,8.517943688628131,0.9273550931719117,0.9241234556434336,False,519,472.75184949271977,9.782754008663574,0.36966719208775245,23.46403065045481,60,311.4,8.801810049135115,185,-6.263953313564833
368,mora,packing_A,T10,largo,8,G4,8.517943688628131,0.9273550931719117,0.9241234556434336,False,519,472.75184949271977,9.782754008663574,0.36966719208775245,23.46403065045481,60,311.4,8.801810049135115,186,-6.471167123149965
368,mora,packing_A,T10,largo,8,G4,8.517943688628131,0.9273550931719117,0.9241234556434336,False,519,472.75184949271977,9.782754008663574,0.36966719208775245,23.46403065045481,60,311.4,8.801810049135115,187,-6.189964958339243
368,mora,packing_A,T10,largo,8,G4,8.517943688628131,0.9273550931719117,0.9241234556434336,False,519,472.75184949271977,9.782754008663574,0.36966719208775245,23.46403065045481,60,311.4,8.801810049135115,188,-6.3117614169667045
368,mora,packing_A,T10,largo,8,G4,8.517943688628131,0.9273550931719117,0.9241234556434336,False,519,472.75184949271977,9.782754008663574,0.36966719208775245,23.46403065045481,60,311.4,8.801810049135115,189,-6.151375849326668
368,mora,packing_A,T10,largo,8,G4,8.517943688628131,0.9273550931719117,0.9241234556434336,False,519,472.75184949271977,9.782754008663574,0.36966719208775245,23.46403065045481,60,311.4,8.801810049135115,190,-6.264802305647936
368,mora,packing_A,T10,largo,8,G4,8.517943688628131,0.9273550931719117,0.9241234556434336,False,519,472.75184949271977,9.782754008663574,0.36966719208775245,23.46403065045481,60,311.4,8.801810049135115,191,-6.228792657364063
368,mora,packing_A,T10,largo,8,G4,8.517943688628131,0.9273550931719117,0.9241234556434336,False,519,472.75184949271977,9.782754008663574,0.36966719208775245,23.46403065045481,60,311.4,8.801810049135115,192,-6.309954389322433
368,mora,packing_A,T10,largo,8,G4,8.517943688628131,0.9273550931719117,0.9241234556434336,False,519,472.75184949271977,9.782754008663574,0.36966719208775245,23.46403065045481,60,311.4,8.801810049135115,193,-6.20779084713916
368,mora,packing_A,T10,largo,8,G4,8.517943688628131,0.9273550931719117,0.9241234556434336,False,519,472.75184949271977,9.782754008663574,0.36966719208775245,23.46403065045481,60,311.4,8.801810049135115,194,-6.33689557739563
368,mora,packing_A,T10,largo,8,G4,8.517943688628131,0.9273550931719117,0.9241234556434336,False,519,472.75184949271977,9.782754008663574,0.36966719208775245,23.46403065045481,60,311.4,8.801810049135115,195,-6.192227772282267
368,mora,packing_A,T10,largo,8,G4,8.517943688628131,0.9273550931719117,0.9241234556434336,False,519,472.75184949271977,9.782754008663574,0.36966719208775245,23.46403065045481,60,311.4,8.801810049135115,196,-6.142885644089556
368,mora,packing_A,T10,largo,8,G4,8.517943688628131,0.9273550931719117,0.9241234556434336,False,519,472.75184949271977,9.782754008663574,0.36966719208775245,23.46403065045481,60,311.4,8.801810049135115,197,-6.048043741738708
368,mora,packing_A,T10,largo,8,G4,8.517943688628131,0.9273550931719117,0.9241234556434336,False,519,472.75184949271977,9.782754008663574,0.36966719208775245,23.46403065045481,60,311.4,8.801810049135115,198,-6.0240464139663334
368,mora,packing_A,T10,largo,8,G4,8.517943688628131,0.9273550931719117,0.9241234556434336,False,519,472.75184949271977,9.782754008663574,0.36966719208775245,23.46403065045481,60,311.4,8.801810049135115,199,-5.985211764017219
368,mora,packing_A,T10,largo,8,G4,8.517943688628131,0.9273550931719117,0.9241234556434336,False,519,472.75184949271977,9.782754008663574,0.36966719208775245,23.46403065045481,60,311.4,8.801810049135115,200,-6.07865224630998
368,mora,packing_A,T10,largo,8,G4,8.517943688628131,0.9273550931719117,0.9241234556434336,False,519,472.75184949271977,9.782754008663574,0.36966719208775245,23.46403065045481,60,311.4,8.801810049135115,201,-5.81889328244077
368,mora,packing_A,T10,largo,8,G4,8.517943688628131,0.9273550931719117,0.9241234556434336,False,519,472.75184949271977,9.782754008663574,0.36966719208775245,23.46403065045481,60,311.4,8.801810049135115,202,-6.006341019090539
368,mora,packing_A,T10,largo,8,G4,8.517943688628131,0.9273550931719117,0.9241234556434336,False,519,472.75184949271977,9.782754008663574,0.36966719208775245,23.46403065045481,60,311.4,8.801810049135115,203,-5.932448936007947
368,mora,packing_A,T10,largo,8,G4,8.517943688628131,0.9273550931719117,0.9241234556434336,False,519,472.75184949271977,9.782754008663574,0.36966719208775245,23.46403065045481,60,311.4,8.801810049135115,204,-5.900990325097857
368,mora,packing_A,T10,largo,8,G4,8.517943688628131,0.9273550931719117,0.9241234556434336,False,519,472.75184949271977,9.782754008663574,0.36966719208775245,23.46403065045481,60,311.4,8.801810049135115,205,-5.647802802713979
368,mora,packing_A,T10,largo,8,G4,8.517943688628131,0.9273550931719117,0.9241234556434336,False,519,472.75184949271977,9.782754008663574,0.36966719208775245,23.46403065045481,60,311.4,8.801810049135115,206,-5.8751125054278495
368,mora,packing_A,T10,largo,8,G4,8.517943688628131,0.9273550931719117,0.9241234556434336,False,519,472.75184949271977,9.782754008663574,0.36966719208775245,23.46403065045481,60,311.4,8.801810049135115,207,-5.715309158781892
368,mora,packing_A,T10,largo,8,G4,8.517943688628131,0.9273550931719117,0.9241234556434336,False,519,472.75184949271977,9.782754008663574,0.36966719208775245,23.46403065045481,60,311.4,8.801810049135115,208,-5.646344004481433
368,mora,packing_A,T10,largo,8,G4,8.517943688628131,0.9273550931719117,0.9241234556434336,False,519,472.75184949271977,9.782754008663574,0.36966719208775245,23.46403065045481,60,311.4,8.801810049135115,209,-5.6596261898909015
368,mora,packing_A,T10,largo,8,G4,8.517943688628131,0.9273550931719117,0.9241234556434336,False,519,472.75184949271977,9.782754008663574,0.36966719208775245,23.46403065045481,60,311.4,8.801810049135115,210,-5.705243285433145
368,mora,packing_A,T10,largo,8,G4,8.517943688628131,0.9273550931719117,0.9241234556434336,False,519,472.75184949271977,9.782754008663574,0.36966719208775245,23.46403065045481,60,311.4,8.801810049135115,211,-5.6893045106816835
368,mora,packing_A,T10,largo,8,G4,8.517943688628131,0.9273550931719117,0.9241234556434336,False,519,472.75184949271977,9.782754008663574,0.36966719208775245,23.46403065045481,60,311.4,8.801810049135115,212,-5.704671509828701
368,mora,packing_A,T10,largo,8,G4,8.517943688628131,0.9273550931719117,0.9241234556434336,False,519,472.75184949271977,9.782754008663574,0.36966719208775245,23.46403065045481,60,311.4,8.801810049135115,213,-5.614522326334975
368,mora,packing_A,T10,largo,8,G4,8.517943688628131,0.9273550931719117,0.9241234556434336,False,519,472.75184949271977,9.782754008663574,0.36966719208775245,23.46403065045481,60,311.4,8.801810049135115,214,-5.637161902112117
368,mora,packing_A,T10,largo,8,G4,8.517943688628131,0.9273550931719117,0.9241234556434336,False,519,472.75184949271977,9.782754008663574,0.36966719208775245,23.46403065045481,60,311.4,8.801810049135115,215,-5.404364685393947
368,mora,packing_A,T10,largo,8,G4,8.517943688628131,0.9273550931719117,0.9241234556434336,False,519,472.75184949271977,9.782754008663574,0.36966719208775245,23.46403065045481,60,311.4,8.801810049135115,216,-5.404762750397625
368,mora,packing_A,T10,largo,8,G4,8.517943688628131,0.9273550931719117,0.9241234556434336,False,519,472.75184949271977,9.782754008663574,0.36966719208775245,23.46403065045481,60,311.4,8.801810049135115,217,-5.249013044900558
368,mora,packing_A,T10,largo,8,G4,8.517943688628131,0.9273550931719117,0.9241234556434336,False,519,472.75184949271977,9.782754008663574,0.36966719208775245,23.46403065045481,60,311.4,8.801810049135115,218,-5.427295146683296
368,mora,packing_A,T10,largo,8,G4,8.517943688628131,0.9273550931719117,0.9241234556434336,False,519,472.75184949271977,9.782754008663574,0.36966719208775245,23.46403065045481,60,311.4,8.801810049135115,219,-5.334075797996927
368,mora,packing_A,T10,largo,8,G4,8.517943688628131,0.9273550931719117,0.9241234556434336,False,519,472.75184949271977,9.782754008663574,0.36966719208775245,23.46403065045481,60,311.4,8.801810049135115,220,-5.232802405154628
368,mora,packing_A,T10,largo,8,G4,8.517943688628131,0.9273550931719117,0.9241234556434336,False,519,472.75184949271977,9.782754008663574,0.36966719208775245,23.46403065045481,60,311.4,8.801810049135115,221,-5.206559429010654
368,mora,packing_A,T10,largo,8,G4,8.517943688628131,0.9273550931719117,0.9241234556434336,False,519,472.75184949271977,9.782754008663574,0.36966719208775245,23.46403065045481,60,311.4,8.801810049135115,222,-5.023226300992122
368,mora,packing_A,T10,largo,8,G4,8.517943688628131,0.9273550931719117,0.9241234556434336,False,519,472.75184949271977,9.782754008663574,0.36966719208775245,23.46403065045481,60,311.4,8.801810049135115,223,-4.957724811269436
368,mora,packing_A,T10,largo,8,G4,8.517943688628131,0.9273550931719117,0.9241234556434336,False,519,472.75184949271977,9.782754008663574,0.36966719208775245,23.46403065045481,60,311.4,8.801810049135115,224,-4.8480902148617595
368,mora,packing_A,T10,largo,8,G4,8.517943688628131,0.9273550931719117,0.9241234556434336,False,519,472.75184949271977,9.782754008663574,0.36966719208775245,23.46403065045481,60,311.4,8.801810049135115,225,-5.003792708685082
368,mora,packing_A,T10,largo,8,G4,8.517943688628131,0.9273550931719117,0.9241234556434336,False,519,472.75184949271977,9.782754008663574,0.36966719208775245,23.46403065045481,60,311.4,8.801810049135115,226,-4.935627163425068
368,mora,packing_A,T10,largo,8,G4,8.517943688628131,0.9273550931719117,0.9241234556434336,False,519,472.75184949271977,9.782754008663574,0.36966719208775245,23.46403065045481,60,311.4,8.801810049135115,227,-4.980441818205467
368,mora,packing_A,T10,largo,8,G4,8.517943688628131,0.9273550931719117,0.9241234556434336,False,519,472.75184949271977,9.782754008663574,0.36966719208775245,23.46403065045481,60,311.4,8.801810049135115,228,-4.842359306543157
368,mora,packing_A,T10,largo,8,G4,8.517943688628131,0.9273550931719117,0.9241234556434336,False,519,472.75184949271977,9.782754008663574,0.36966719208775245,23.46403065045481,60,311.4,8.801810049135115,229,-4.602488300453576
368,mora,packing_A,T10,largo,8,G4,8.517943688628131,0.9273550931719117,0.9241234556434336,False,519,472.75184949271977,9.782754008663574,0.36966719208775245,23.46403065045481,60,311.4,8.801810049135115,230,-4.625596957761216
368,mora,packing_A,T10,largo,8,G4,8.517943688628131,0.9273550931719117,0.9241234556434336,False,519,472.75184949271977,9.782754008663574,0.36966719208775245,23.46403065045481,60,311.4,8.801810049135115,231,-4.536113328059948
368,mora,packing_A,T10,largo,8,G4,8.517943688628131,0.9273550931719117,0.9241234556434336,False,519,472.75184949271977,9.782754008663574,0.36966719208775245,23.46403065045481,60,311.4,8.801810049135115,232,-4.4097600578291845
368,mora,packing_A,T10,largo,8,G4,8.517943688628131,0.9273550931719117,0.9241234556434336,False,519,472.75184949271977,9.782754008663574,0.36966719208775245,23.46403065045481,60,311.4,8.801810049135115,233,-4.58764183391666
368,mora,packing_A,T10,largo,8,G4,8.517943688628131,0.9273550931719117,0.9241234556434336,False,519,472.75184949271977,9.782754008663574,0.36966719208775245,23.46403065045481,60,311.4,8.801810049135115,234,-4.352982253320838
368,mora,packing_A,T10,largo,8,G4,8.517943688628131,0.9273550931719117,0.9241234556434336,False,519,472.75184949271977,9.782754008663574,0.36966719208775245,23.46403065045481,60,311.4,8.801810049135115,235,-4.410556933794135
368,mora,packing_A,T10,largo,8,G4,8.517943688628131,0.9273550931719117,0.9241234556434336,False,519,472.75184949271977,9.782754008663574,0.36966719208775245,23.46403065045481,60,311.4,8.801810049135115,236,-4.213936491035145
368,mora,packing_A,T10,largo,8,G4,8.517943688628131,0.9273550931719117,0.9241234556434336,False,519,472.75184949271977,9.782754008663574,0.36966719208775245,23.46403065045481,60,311.4,8.801810049135115,237,-4.3197686875434185
368,mora,packing_A,T10,largo,8,G4,8.517943688628131,0.9273550931719117,0.9241234556434336,False,519,472.75184949271977,9.782754008663574,0.36966719208775245,23.46403065045481,60,311.4,8.801810049135115,238,-4.0223342224004695
368,mora,packing_A,T10,largo,8,G4,8.517943688628131,0.9273550931719117,0.9241234556434336,False,519,472.75184949271977,9.782754008663574,0.36966719208775245,23.46403065045481,60,311.4,8.801810049135115,239,-4.187824576853239
368,mora,packing_A,T10,largo,8,G4,8.517943688628131,0.9273550931719117,0.9241234556434336,False,519,472.75184949271977,9.782754008663574,0.36966719208775245,23.46403065045481,60,311.4,8.801810049135115,240,-4.06283253844454
368,mora,packing_A,T10,largo,8,G4,8.517943688628131,0.9273550931719117,0.9241234556434336,False,519,472.75184949271977,9.782754008663574,0.36966719208775245,23.46403065045481,60,311.4,8.801810049135115,241,-4.00789670990481
368,mora,packing_A,T10,largo,8,G4,8.517943688628131,0.9273550931719117,0.9241234556434336,False,519,472.75184949271977,9.782754008663574,0.36966719208775245,23.46403065045481,60,311.4,8.801810049135115,242,-3.9391113907010133
368,mora,packing_A,T10,largo,8,G4,8.517943688628131,0.9273550931719117,0.9241234556434336,False,519,472.75184949271977,9.782754008663574,0.36966719208775245,23.46403065045481,60,311.4,8.801810049135115,243,-3.8856594405419194
368,mora,packing_A,T10,largo,8,G4,8.517943688628131,0.9273550931719117,0.9241234556434336,False,519,472.75184949271977,9.782754008663574,0.36966719208775245,23.46403065045481,60,311.4,8.801810049135115,244,-3.702909131393087
368,mora,packing_A,T10,largo,8,G4,8.517943688628131,0.9273550931719117,0.9241234556434336,False,519,472.75184949271977,9.782754008663574,0.36966719208775245,23.46403065045481,60,311.4,8.801810049135115,245,-3.62735685623792
368,mora,packing_A,T10,largo,8,G4,8.517943688628131,0.9273550931719117,0.9241234556434336,False,519,472.75184949271977,9.782754008663574,0.36966719208775245,23.46403065045481,60,311.4,8.801810049135115,246,-3.7266480713585612
368,mora,packing_A,T10,largo,8,G4,8.517943688628131,0.9273550931719117,0.9241234556434336,False,519,472.75184949271977,9.782754008663574,0.36966719208775245,23.46403065045481,60,311.4,8.801810049135115,247,-3.4998478684323064
368,mora,packing_A,T10,largo,8,G4,8.517943688628131,0.9273550931719117,0.9241234556434336,False,519,472.75184949271977,9.782754008663574,0.36966719208775245,23.46403065045481,60,311.4,8.801810049135115,248,-3.5348785850617954
368,mora,packing_A,T10,largo,8,G4,8.517943688628131,0.9273550931719117,0.9241234556434336,False,519,472.75184949271977,9.782754008663574,0.36966719208775245,23.46403065045481,60,311.4,8.801810049135115,249,-3.4131639946096497
368,mora,packing_A,T10,largo,8,G4,8.517943688628131,0.9273550931719117,0.9241234556434336,False,519,472.75184949271977,9.782754008663574,0.36966719208775245,23.46403065045481,60,311.4,8.801810049135115,250,-3.5088397363691937
368,mora,packing_A,T10,largo,8,G4,8.517943688628131,0.9273550931719117,0.9241234556434336,False,519,472.75184949271977,9.782754008663574,0.36966719208775245,23.46403065045481,60,311.4,8.801810049135115,251,-3.404211135593133
368,mora,packing_A,T10,largo,8,G4,8.517943688628131,0.9273550931719117,0.9241234556434336,False,519,472.75184949271977,9.782754008663574,0.36966719208775245,23.46403065045481,60,311.4,8.801810049135115,252,-3.266881720891836
368,mora,packing_A,T10,largo,8,G4,8.517943688628131,0.9273550931719117,0.9241234556434336,False,519,472.75184949271977,9.782754008663574,0.36966719208775245,23.46403065045481,60,311.4,8.801810049135115,253,-3.1702824100194182
368,mora,packing_A,T10,largo,8,G4,8.517943688628131,0.9273550931719117,0.9241234556434336,False,519,472.75184949271977,9.782754008663574,0.36966719208775245,23.46403065045481,60,311.4,8.801810049135115,254,-3.2714558964280203
368,mora,packing_A,T10,largo,8,G4,8.517943688628131,0.9273550931719117,0.9241234556434336,False,519,472.75184949271977,9.782754008663574,0.36966719208775245,23.46403065045481,60,311.4,8.801810049135115,255,-3.106071059223789
368,mora,packing_A,T10,largo,8,G4,8.517943688628131,0.9273550931719117,0.9241234556434336,False,519,472.75184949271977,9.782754008663574,0.36966719208775245,23.46403065045481,60,311.4,8.801810049135115,256,-2.9719783989228947
368,mora,packing_A,T10,largo,8,G4,8.517943688628131,0.9273550931719117,0.9241234556434336,False,519,472.75184949271977,9.782754008663574,0.36966719208775245,23.46403065045481,60,311.4,8.801810049135115,257,-2.9706040315343762
368,mora,packing_A,T10,largo,8,G4,8.517943688628131,0.9273550931719117,0.9241234556434336,False,519,472.75184949271977,9.782754008663574,0.36966719208775245,23.46403065045481,60,311.4,8.801810049135115,258,-2.7723779853379353
368,mora,packing_A,T10,largo,8,G4,8.517943688628131,0.9273550931719117,0.9241234556434336,False,519,472.75184949271977,9.782754008663574,0.36966719208775245,23.46403065045481,60,311.4,8.801810049135115,259,-2.722809060873564
368,mora,packing_A,T10,largo,8,G4,8.517943688628131,0.9273550931719117,0.9241234556434336,False,519,472.75184949271977,9.782754008663574,0.36966719208775245,23.46403065045481,60,311.4,8.801810049135115,260,-2.7343175756094196
368,mora,packing_A,T10,largo,8,G4,8.517943688628131,0.9273550931719117,0.9241234556434336,False,519,472.75184949271977,9.782754008663574,0.36966719208775245,23.46403065045481,60,311.4,8.801810049135115,261,-2.782783318872022
368,mora,packing_A,T10,largo,8,G4,8.517943688628131,0.9273550931719117,0.9241234556434336,False,519,472.75184949271977,9.782754008663574,0.36966719208775245,23.46403065045481,60,311.4,8.801810049135115,262,-2.695525712541255
368,mora,packing_A,T10,largo,8,G4,8.517943688628131,0.9273550931719117,0.9241234556434336,False,519,472.75184949271977,9.782754008663574,0.36966719208775245,23.46403065045481,60,311.4,8.801810049135115,263,-2.4496895479575764
368,mora,packing_A,T10,largo,8,G4,8.517943688628131,0.9273550931719117,0.9241234556434336,False,519,472.75184949271977,9.782754008663574,0.36966719208775245,23.46403065045481,60,311.4,8.801810049135115,264,-2.391603432922067
368,mora,packing_A,T10,largo,8,G4,8.517943688628131,0.9273550931719117,0.9241234556434336,False,519,472.75184949271977,9.782754008663574,0.36966719208775245,23.46403065045481,60,311.4,8.801810049135115,265,-2.371103529132049
368,mora,packing_A,T10,largo,8,G4,8.517943688628131,0.9273550931719117,0.9241234556434336,False,519,472.75184949271977,9.782754008663574,0.36966719208775245,23.46403065045481,60,311.4,8.801810049135115,266,-2.3465494200264607
368,mora,packing_A,T10,largo,8,G4,8.517943688628131,0.9273550931719117,0.9241234556434336,False,519,472.75184949271977,9.782754008663574,0.36966719208775245,23.46403065045481,60,311.4,8.801810049135115,267,-2.3576717843430863
368,mora,packing_A,T10,largo,8,G4,8.517943688628131,0.9273550931719117,0.9241234556434336,False,519,472.75184949271977,9.782754008663574,0.36966719208775245,23.46403065045481,60,311.4,8.801810049135115,268,-2.1403249891431244
368,mora,packing_A,T10,largo,8,G4,8.517943688628131,0.9273550931719117,0.9241234556434336,False,519,472.75184949271977,9.782754008663574,0.36966719208775245,23.46403065045481,60,311.4,8.801810049135115,269,-2.1803253409732384
368,mora,packing_A,T10,largo,8,G4,8.517943688628131,0.9273550931719117,0.9241234556434336,False,519,472.75184949271977,9.782754008663574,0.36966719208775245,23.46403065045481,60,311.4,8.801810049135115,270,-2.192375033764681
368,mora,packing_A,T10,largo,8,G4,8.517943688628131,0.9273550931719117,0.9241234556434336,False,519,472.75184949271977,9.782754008663574,0.36966719208775245,23.46403065045481,60,311.4,8.801810049135115,271,-2.048607243437216
368,mora,packing_A,T10,largo,8,G4,8.517943688628131,0.9273550931719117,0.9241234556434336,False,519,472.75184949271977,9.782754008663574,0.36966719208775245,23.46403065045481,60,311.4,8.801810049135115,272,-1.9071114159650102
368,mora,packing_A,T10,largo,8,G4,8.517943688628131,0.9273550931719117,0.9241234556434336,False,519,472.75184949271977,9.782754008663574,0.36966719208775245,23.46403065045481,60,311.4,8.801810049135115,273,-1.9015531323094854
368,mora,packing_A,T10,largo,8,G4,8.517943688628131,0.9273550931719117,0.9241234556434336,False,519,472.75184949271977,9.782754008663574,0.36966719208775245,23.46403065045481,60,311.4,8.801810049135115,274,-1.8099489299955336
368,mora,packing_A,T10,largo,8,G4,8.517943688628131,0.9273550931719117,0.9241234556434336,False,519,472.75184949271977,9.782754008663574,0.36966719208775245,23.46403065045481,60,311.4,8.801810049135115,275,-1.7819338391847308
368,mora,packing_A,T10,largo,8,G4,8.517943688628131,0.9273550931719117,0.9241234556434336,False,519,472.75184949271977,9.782754008663574,0.36966719208775245,23.46403065045481,60,311.4,8.801810049135115,276,-1.8367691885716102
368,mora,packing_A,T10,largo,8,G4,8.517943688628131,0.9273550931719117,0.9241234556434336,False,519,472.75184949271977,9.782754008663574,0.36966719208775245,23.46403065045481,60,311.4,8.801810049135115,277,-1.5271368987214025
368,mora,packing_A,T10,largo,8,G4,8.517943688628131,0.9273550931719117,0.9241234556434336,False,519,472.75184949271977,9.782754008663574,0.36966719208775245,23.46403065045481,60,311.4,8.801810049135115,278,-1.4801737263314132
368,mora,packing_A,T10,largo,8,G4,8.517943688628131,0.9273550931719117,0.9241234556434336,False,519,472.75184949271977,9.782754008663574,0.36966719208775245,23.46403065045481,60,311.4,8.801810049135115,279,-1.5102259383076526
368,mora,packing_A,T10,largo,8,G4,8.517943688628131,0.9273550931719117,0.9241234556434336,False,519,472.75184949271977,9.782754008663574,0.36966719208775245,23.46403065045481,60,311.4,8.801810049135115,280,-1.4063124388470074
368,mora,packing_A,T10,largo,8,G4,8.517943688628131,0.9273550931719117,0.9241234556434336,False,519,472.75184949271977,9.782754008663574,0.36966719208775245,23.46403065045481,60,311.4,8.801810049135115,281,-1.2960328059945518
368,mora,packing_A,T10,largo,8,G4,8.517943688628131,0.9273550931719117,0.9241234556434336,False,519,472.75184949271977,9.782754008663574,0.36966719208775245,23.46403065045481,60,311.4,8.801810049135115,282,-1.4855304630006636
368,mora,packing_A,T10,largo,8,G4,8.517943688628131,0.9273550931719117,0.9241234556434336,False,519,472.75184949271977,9.782754008663574,0.36966719208775245,23.46403065045481,60,311.4,8.801810049135115,283,-1.273280823199454
368,mora,packing_A,T10,largo,8,G4,8.517943688628131,0.9273550931719117,0.9241234556434336,False,519,472.75184949271977,9.782754008663574,0.36966719208775245,23.46403065045481,60,311.4,8.801810049135115,284,-1.3670092329811674
368,mora,packing_A,T10,largo,8,G4,8.517943688628131,0.9273550931719117,0.9241234556434336,False,519,472.75184949271977,9.782754008663574,0.36966719208775245,23.46403065045481,60,311.4,8.801810049135115,285,-1.2728822251203717
368,mora,packing_A,T10,largo,8,G4,8.517943688628131,0.9273550931719117,0.9241234556434336,False,519,472.75184949271977,9.782754008663574,0.36966719208775245,23.46403065045481,60,311.4,8.801810049135115,286,-1.0808558741385932
368,mora,packing_A,T10,largo,8,G4,8.517943688628131,0.9273550931719117,0.9241234556434336,False,519,472.75184949271977,9.782754008663574,0.36966719208775245,23.46403065045481,60,311.4,8.801810049135115,287,-1.0236002387950816
368,mora,packing_A,T10,largo,8,G4,8.517943688628131,0.9273550931719117,0.9241234556434336,False,519,472.75184949271977,9.782754008663574,0.36966719208775245,23.46403065045481,60,311.4,8.801810049135115,288,-1.039947558662365
368,mora,packing_A,T10,largo,8,G4,8.517943688628131,0.9273550931719117,0.9241234556434336,False,519,472.75184949271977,9.782754008663574,0.36966719208775245,23.46403065045481,60,311.4,8.801810049135115,289,-0.8894943850393127
368,mora,packing_A,T10,largo,8,G4,8.517943688628131,0.9273550931719117,0.9241234556434336,False,519,472.75184949271977,9.782754008663574,0.36966719208775245,23.46403065045481,60,311.4,8.801810049135115,290,-1.0732825936694894
368,mora,packing_A,T10,largo,8,G4,8.517943688628131,0.9273550931719117,0.9241234556434336,False,519,472.75184949271977,9.782754008663574,0.36966719208775245,23.46403065045481,60,311.4,8.801810049135115,291,-0.9476674966758916
368,mora,packing_A,T10,largo,8,G4,8.517943688628131,0.9273550931719117,0.9241234556434336,False,519,472.75184949271977,9.782754008663574,0.36966719208775245,23.46403065045481,60,311.4,8.801810049135115,292,-0.6598581766975695
368,mora,packing_A,T10,largo,8,G4,8.517943688628131,0.9273550931719117,0.9241234556434336,False,519,472.75184949271977,9.782754008663574,0.36966719208775245,23.46403065045481,60,311.4,8.801810049135115,293,-0.733870849638273
368,mora,packing_A,T10,largo,8,G4,8.517943688628131,0.9273550931719117,0.9241234556434336,False,519,472.75184949271977,9.782754008663574,0.36966719208775245,23.46403065045481,60,311.4,8.801810049135115,294,-0.5413868611290672
368,mora,packing_A,T10,largo,8,G4,8.517943688628131,0.9273550931719117,0.9241234556434336,False,519,472.75184949271977,9.782754008663574,0.36966719208775245,23.46403065045481,60,311.4,8.801810049135115,295,-0.7289852748778668
368,mora,packing_A,T10,largo,8,G4,8.517943688628131,0.9273550931719117,0.9241234556434336,False,519,472.75184949271977,9.782754008663574,0.36966719208775245,23.46403065045481,60,311.4,8.801810049135115,296,-0.6544790826111999
368,mora,packing_A,T10,largo,8,G4,8.517943688628131,0.9273550931719117,0.9241234556434336,False,519,472.75184949271977,9.782754008663574,0.36966719208775245,23.46403065045481,60,311.4,8.801810049135115,297,-0.372420284427574
368,mora,packing_A,T10,largo,8,G4,8.517943688628131,0.9273550931719117,0.9241234556434336,False,519,472.75184949271977,9.782754008663574,0.36966719208775245,23.46403065045481,60,311.4,8.801810049135115,298,-0.3952982833988621
368,mora,packing_A,T10,largo,8,G4,8.517943688628131,0.9273550931719117,0.9241234556434336,False,519,472.75184949271977,9.782754008663574,0.36966719208775245,23.46403065045481,60,311.4,8.801810049135115,299,-0.491146268332429
368,mora,packing_A,T10,largo,8,G4,8.517943688628131,0.9273550931719117,0.9241234556434336,False,519,472.75184949271977,9.782754008663574,0.36966719208775245,23.46403065045481,60,311.4,8.801810049135115,300,-0.4183659009040398
368,mora,packing_A,T10,largo,8,G4,8.517943688628131,0.9273550931719117,0.9241234556434336,False,519,472.75184949271977,9.782754008663574,0.36966719208775245,23.46403065045481,60,311.4,8.801810049135115,301,-0.15170497801268748
368,mora,packing_A,T10,largo,8,G4,8.517943688628131,0.9273550931719117,0.9241234556434336,False,519,472.75184949271977,9.782754008663574,0.36966719208775245,23.46403065045481,60,311.4,8.801810049135115,302,-0.21927502419482048
368,mora,packing_A,T10,largo,8,G4,8.517943688628131,0.9273550931719117,0.9241234556434336,False,519,472.75184949271977,9.782754008663574,0.36966719208775245,23.46403065045481,60,311.4,8.801810049135115,303,0.098710720684134
368,mora,packing_A,T10,largo,8,G4,8.517943688628131,0.9273550931719117,0.9241234556434336,False,519,472.75184949271977,9.782754008663574,0.36966719208775245,23.46403065045481,60,311.4,8.801810049135115,304,-0.07633116908698706
368,mora,packing_A,T10,largo,8,G4,8.517943688628131,0.9273550931719117,0.9241234556434336,False,519,472.75184949271977,9.782754008663574,0.36966719208775245,23.46403065045481,60,311.4,8.801810049135115,305,-0.02268732579679017
368,mora,packing_A,T10,largo,8,G4,8.517943688628131,0.9273550931719117,0.9241234556434336,False,519,472.75184949271977,9.782754008663574,0.36966719208775245,23.46403065045481,60,311.4,8.801810049135115,306,-0.04682299578139516
368,mora,packing_A,T10,largo,8,G4,8.517943688628131,0.9273550931719117,0.9241234556434336,False,519,472.75184949271977,9.782754008663574,0.36966719208775245,23.46403065045481,60,311.4,8.801810049135115,307,-0.027728987931120434
368,mora,packing_A,T10,largo,8,G4,8.517943688628131,0.9273550931719117,0.9241234556434336,False,519,472.75184949271977,9.782754008663574,0.36966719208775245,23.46403065045481,60,311.4,8.801810049135115,308,-0.021552811399322275
368,mora,packing_A,T10,largo,8,G4,8.517943688628131,0.9273550931719117,0.9241234556434336,False,519,472.75184949271977,9.782754008663574,0.36966719208775245,23.46403065045481,60,311.4,8.801810049135115,309,0.22840063835517088
368,mora,packing_A,T10,largo,8,G4,8.517943688628131,0.9273550931719117,0.9241234556434336,False,519,472.75184949271977,9.782754008663574,0.36966719208775245,23.46403065045481,60,311.4,8.801810049135115,310,0.107806495484872
368,mora,packing_A,T10,largo,8,G4,8.517943688628131,0.9273550931719117,0.9241234556434336,False,519,472.75184949271977,9.782754008663574,0.36966719208775245,23.46403065045481,60,311.4,8.801810049135115,311,0.26025563585105393
368,mora,packing_A,T10,largo,8,G4,8.517943688628131,0.9273550931719117,0.9241234556434336,False,519,472.75184949271977,9.782754008663574,0.36966719208775245,23.46403065045481,60,311.4,8.801810049135115,312,0.6565911744909237
368,mora,packing_A,T10,largo,8,G4,8.517943688628131,0.9273550931719117,0.9241234556434336,False,519,472.75184949271977,9.782754008663574,0.36966719208775245,23.46403065045481,60,311.4,8.801810049135115,313,0.6114913799230376
368,mora,packing_A,T10,largo,8,G4,8.517943688628131,0.9273550931719117,0.9241234556434336,False,519,472.75184949271977,9.782754008663574,0.36966719208775245,23.46403065045481,60,311.4,8.801810049135115,314,0.5389820655443016
368,mora,packing_A,T10,largo,8,G4,8.517943688628131,0.9273550931719117,0.9241234556434336,False,519,472.75184949271977,9.782754008663574,0.36966719208775245,23.46403065045481,60,311.4,8.801810049135115,315,0.29780474738749585
368,mora,packing_A,T10,largo,8,G4,8.517943688628131,0.9273550931719117,0.9241234556434336,False,519,472.75184949271977,9.782754008663574,0.36966719208775245,23.46403065045481,60,311.4,8.801810049135115,316,0.21872242092177313
368,mora,packing_A,T10,largo,8,G4,8.517943688628131,0.9273550931719117,0.9241234556434336,False,519,472.75184949271977,9.782754008663574,0.36966719208775245,23.46403065045481,60,311.4,8.801810049135115,317,0.2230999302108354
368,mora,packing_A,T10,largo,8,G4,8.517943688628131,0.9273550931719117,0.9241234556434336,False,519,472.75184949271977,9.782754008663574,0.36966719208775245,23.46403065045481,60,311.4,8.801810049135115,318,0.012335338504613921
368,mora,packing_A,T10,largo,8,G4,8.517943688628131,0.9273550931719117,0.9241234556434336,False,519,472.75184949271977,9.782754008663574,0.36966719208775245,23.46403065045481,60,311.4,8.801810049135115,319,0.08195548505724443
368,mora,packing_A,T10,largo,8,G4,8.517943688628131,0.9273550931719117,0.9241234556434336,False,519,472.75184949271977,9.782754008663574,0.36966719208775245,23.46403065045481,60,311.4,8.801810049135115,320,-0.023476943619680755
368,mora,packing_A,T10,largo,8,G4,8.517943688628131,0.9273550931719117,0.9241234556434336,False,519,472.75184949271977,9.782754008663574,0.36966719208775245,23.46403065045481,60,311.4,8.801810049135115,321,-0.11870736923783523
368,mora,packing_A,T10,largo,8,G4,8.517943688628131,0.9273550931719117,0.9241234556434336,False,519,472.75184949271977,9.782754008663574,0.36966719208775245,23.46403065045481,60,311.4,8.801810049135115,322,-0.06551559300262871
368,mora,packing_A,T10,largo,8,G4,8.517943688628131,0.9273550931719117,0.9241234556434336,False,519,472.75184949271977,9.782754008663574,0.36966719208775245,23.46403065045481,60,311.4,8.801810049135115,323,0.05795814060161272
368,mora,packing_A,T10,largo,8,G4,8.517943688628131,0.9273550931719117,0.9241234556434336,False,519,472.75184949271977,9.782754008663574,0.36966719208775245,23.46403065045481,60,311.4,8.801810049135115,324,-0.023249243315601867
368,mora,packing_A,T10,largo,8,G4,8.517943688628131,0.9273550931719117,0.9241234556434336,False,519,472.75184949271977,9.782754008663574,0.36966719208775245,23.46403065045481,60,311.4,8.801810049135115,325,0.13818647010641233
368,mora,packing_A,T10,largo,8,G4,8.517943688628131,0.9273550931719117,0.9241234556434336,False,519,472.75184949271977,9.782754008663574,0.36966719208775245,23.46403065045481,60,311.4,8.801810049135115,326,0.05655660762117535
368,mora,packing_A,T10,largo,8,G4,8.517943688628131,0.9273550931719117,0.9241234556434336,False,519,472.75184949271977,9.782754008663574,0.36966719208775245,23.46403065045481,60,311.4,8.801810049135115,327,0.21388809950464882
368,mora,packing_A,T10,largo,8,G4,8.517943688628131,0.9273550931719117,0.9241234556434336,False,519,472.75184949271977,9.782754008663574,0.36966719208775245,23.46403065045481,60,311.4,8.801810049135115,328,0.036036067517570075
368,mora,packing_A,T10,largo,8,G4,8.517943688628131,0.9273550931719117,0.9241234556434336,False,519,472.75184949271977,9.782754008663574,0.36966719208775245,23.46403065045481,60,311.4,8.801810049135115,329,0.2870321398439109
368,mora,packing_A,T10,largo,8,G4,8.517943688628131,0.9273550931719117,0.9241234556434336,False,519,472.75184949271977,9.782754008663574,0.36966719208775245,23.46403065045481,60,311.4,8.801810049135115,330,0.29036756787311047
368,mora,packing_A,T10,largo,8,G4,8.517943688628131,0.9273550931719117,0.9241234556434336,False,519,472.75184949271977,9.782754008663574,0.36966719208775245,23.46403065045481,60,311.4,8.801810049135115,331,0.4380787305380569
368,mora,packing_A,T10,largo,8,G4,8.517943688628131,0.9273550931719117,0.9241234556434336,False,519,472.75184949271977,9.782754008663574,0.36966719208775245,23.46403065045481,60,311.4,8.801810049135115,332,0.7472384385407338
368,mora,packing_A,T10,largo,8,G4,8.517943688628131,0.9273550931719117,0.9241234556434336,False,519,472.75184949271977,9.782754008663574,0.36966719208775245,23.46403065045481,60,311.4,8.801810049135115,333,0.6200897386630392
368,mora,packing_A,T10,largo,8,G4,8.517943688628131,0.9273550931719117,0.9241234556434336,False,519,472.75184949271977,9.782754008663574,0.36966719208775245,23.46403065045481,60,311.4,8.801810049135115,334,0.8727255029942382
368,mora,packing_A,T10,largo,8,G4,8.517943688628131,0.9273550931719117,0.9241234556434336,False,519,472.75184949271977,9.782754008663574,0.36966719208775245,23.46403065045481,60,311.4,8.801810049135115,335,0.7968534795256306
368,mora,packing_A,T10,largo,8,G4,8.517943688628131,0.9273550931719117,0.9241234556434336,False,519,472.75184949271977,9.782754008663574,0.36966719208775245,23.46403065045481,60,311.4,8.801810049135115,336,0.9646864076002033
368,mora,packing_A,T10,largo,8,G4,8.517943688628131,0.9273550931719117,0.9241234556434336,False,519,472.75184949271977,9.782754008663574,0.36966719208775245,23.46403065045481,60,311.4,8.801810049135115,337,0.8549878395817087
368,mora,packing_A,T10,largo,8,G4,8.517943688628131,0.9273550931719117,0.9241234556434336,False,519,472.75184949271977,9.782754008663574,0.36966719208775245,23.46403065045481,60,311.4,8.801810049135115,338,0.836844379000534
368,mora,packing_A,T10,largo,8,G4,8.517943688628131,0.9273550931719117,0.9241234556434336,False,519,472.75184949271977,9.782754008663574,0.36966719208775245,23.46403065045481,60,311.4,8.801810049135115,339,0.6755176418175342
368,mora,packing_A,T10,largo,8,G4,8.517943688628131,0.9273550931719117,0.9241234556434336,False,519,472.75184949271977,9.782754008663574,0.36966719208775245,23.46403065045481,60,311.4,8.801810049135115,340,0.7869647916296757
368,mora,packing_A,T10,largo,8,G4,8.517943688628131,0.9273550931719117,0.9241234556434336,False,519,472.75184949271977,9.782754008663574,0.36966719208775245,23.46403065045481,60,311.4,8.801810049135115,341,0.6217575226912373
368,mora,packing_A,T10,largo,8,G4,8.517943688628131,0.9273550931719117,0.9241234556434336,False,519,472.75184949271977,9.782754008663574,0.36966719208775245,23.46403065045481,60,311.4,8.801810049135115,342,0.7063617539466045
368,mora,packing_A,T10,largo,8,G4,8.517943688628131,0.9273550931719117,0.9241234556434336,False,519,472.75184949271977,9.782754008663574,0.36966719208775245,23.46403065045481,60,311.4,8.801810049135115,343,0.5226584113736085
368,mora,packing_A,T10,largo,8,G4,8.517943688628131,0.9273550931719117,0.9241234556434336,False,519,472.75184949271977,9.782754008663574,0.36966719208775245,23.46403065045481,60,311.4,8.801810049135115,344,0.42006587062200107
368,mora,packing_A,T10,largo,8,G4,8.517943688628131,0.9273550931719117,0.9241234556434336,False,519,472.75184949271977,9.782754008663574,0.36966719208775245,23.46403065045481,60,311.4,8.801810049135115,345,0.1628403208881763
368,mora,packing_A,T10,largo,8,G4,8.517943688628131,0.9273550931719117,0.9241234556434336,False,519,472.75184949271977,9.782754008663574,0.36966719208775245,23.46403065045481,60,311.4,8.801810049135115,346,0.046776064501033165
368,mora,packing_A,T10,largo,8,G4,8.517943688628131,0.9273550931719117,0.9241234556434336,False,519,472.75184949271977,9.782754008663574,0.36966719208775245,23.46403065045481,60,311.4,8.801810049135115,347,0.25950209297889776
368,mora,packing_A,T10,largo,8,G4,8.517943688628131,0.9273550931719117,0.9241234556434336,False,519,472.75184949271977,9.782754008663574,0.36966719208775245,23.46403065045481,60,311.4,8.801810049135115,348,-0.13213454323813584
368,mora,packing_A,T10,largo,8,G4,8.517943688628131,0.9273550931719117,0.9241234556434336,False,519,472.75184949271977,9.782754008663574,0.36966719208775245,23.46403065045481,60,311.4,8.801810049135115,349,-0.011113986534971053
368,mora,packing_A,T10,largo,8,G4,8.517943688628131,0.9273550931719117,0.9241234556434336,False,519,472.75184949271977,9.782754008663574,0.36966719208775245,23.46403065045481,60,311.4,8.801810049135115,350,-0.025769540650554645
368,mora,packing_A,T10,largo,8,G4,8.517943688628131,0.9273550931719117,0.9241234556434336,False,519,472.75184949271977,9.782754008663574,0.36966719208775245,23.46403065045481,60,311.4,8.801810049135115,351,-0.13346819366195806
368,mora,packing_A,T10,largo,8,G4,8.517943688628131,0.9273550931719117,0.9241234556434336,False,519,472.75184949271977,9.782754008663574,0.36966719208775245,23.46403065045481,60,311.4,8.801810049135115,352,0.045032530715706814
368,mora,packing_A,T10,largo,8,G4,8.517943688628131,0.9273550931719117,0.9241234556434336,False,519,472.75184949271977,9.782754008663574,0.36966719208775245,23.46403065045481,60,311.4,8.801810049135115,353,-0.14309271631183101
368,mora,packing_A,T10,largo,8,G4,8.517943688628131,0.9273550931719117,0.9241234556434336,False,519,472.75184949271977,9.782754008663574,0.36966719208775245,23.46403065045481,60,311.4,8.801810049135115,354,-0.09445820757628909
368,mora,packing_A,T10,largo,8,G4,8.517943688628131,0.9273550931719117,0.9241234556434336,False,519,472.75184949271977,9.782754008663574,0.36966719208775245,23.46403065045481,60,311.4,8.801810049135115,355,0.034976018755963734
368,mora,packing_A,T10,largo,8,G4,8.517943688628131,0.9273550931719117,0.9241234556434336,False,519,472.75184949271977,9.782754008663574,0.36966719208775245,23.46403065045481,60,311.4,8.801810049135115,356,0.010866471822707073
368,mora,packing_A,T10,largo,8,G4,8.517943688628131,0.9273550931719117,0.9241234556434336,False,519,472.75184949271977,9.782754008663574,0.36966719208775245,23.46403065045481,60,311.4,8.801810049135115,357,0.14372846926204877
368,mora,packing_A,T10,largo,8,G4,8.517943688628131,0.9273550931719117,0.9241234556434336,False,519,472.75184949271977,9.782754008663574,0.36966719208775245,23.46403065045481,60,311.4,8.801810049135115,358,0.28543988941326276
368,mora,packing_A,T10,largo,8,G4,8.517943688628131,0.9273550931719117,0.9241234556434336,False,519,472.75184949271977,9.782754008663574,0.36966719208775245,23.46403065045481,60,311.4,8.801810049135115,359,0.1798752425034888
368,mora,packing_A,T10,largo,8,G4,8.517943688628131,0.9273550931719117,0.9241234556434336,False,519,472.75184949271977,9.782754008663574,0.36966719208775245,23.46403065045481,60,311.4,8.801810049135115,360,0.24824074888253508
368,mora,packing_A,T10,largo,8,G4,8.517943688628131,0.9273550931719117,0.9241234556434336,False,519,472.75184949271977,9.782754008663574,0.36966719208775245,23.46403065045481,60,311.4,8.801810049135115,361,0.34283596817661505
368,mora,packing_A,T10,largo,8,G4,8.517943688628131,0.9273550931719117,0.9241234556434336,False,519,472.75184949271977,9.782754008663574,0.36966719208775245,23.46403065045481,60,311.4,8.801810049135115,362,0.4793172335432188
368,mora,packing_A,T10,largo,8,G4,8.517943688628131,0.9273550931719117,0.9241234556434336,False,519,472.75184949271977,9.782754008663574,0.36966719208775245,23.46403065045481,60,311.4,8.801810049135115,363,0.6408971569949056
368,mora,packing_A,T10,largo,8,G4,8.517943688628131,0.9273550931719117,0.9241234556434336,False,519,472.75184949271977,9.782754008663574,0.36966719208775245,23.46403065045481,60,311.4,8.801810049135115,364,0.6283053459402016
368,mora,packing_A,T10,largo,8,G4,8.517943688628131,0.9273550931719117,0.9241234556434336,False,519,472.75184949271977,9.782754008663574,0.36966719208775245,23.46403065045481,60,311.4,8.801810049135115,365,0.9748301961578473
368,mora,packing_A,T10,largo,8,G4,8.517943688628131,0.9273550931719117,0.9241234556434336,False,519,472.75184949271977,9.782754008663574,0.36966719208775245,23.46403065045481,60,311.4,8.801810049135115,366,0.9212582608064406
368,mora,packing_A,T10,largo,8,G4,8.517943688628131,0.9273550931719117,0.9241234556434336,False,519,472.75184949271977,9.782754008663574,0.36966719208775245,23.46403065045481,60,311.4,8.801810049135115,367,0.9530095652179029
368,mora,packing_A,T10,largo,8,G4,8.517943688628131,0.9273550931719117,0.9241234556434336,False,519,472.75184949271977,9.782754008663574,0.36966719208775245,23.46403065045481,60,311.4,8.801810049135115,368,0.7645733222432056
368,mora,packing_A,T10,largo,8,G4,8.517943688628131,0.9273550931719117,0.9241234556434336,False,519,472.75184949271977,9.782754008663574,0.36966719208775245,23.46403065045481,60,311.4,8.801810049135115,369,0.8770186602100565
368,mora,packing_A,T10,largo,8,G4,8.517943688628131,0.9273550931719117,0.9241234556434336,False,519,472.75184949271977,9.782754008663574,0.36966719208775245,23.46403065045481,60,311.4,8.801810049135115,370,0.8529811366421141
368,mora,packing_A,T10,largo,8,G4,8.517943688628131,0.9273550931719117,0.9241234556434336,False,519,472.75184949271977,9.782754008663574,0.36966719208775245,23.46403065045481,60,311.4,8.801810049135115,371,0.7146430626221191
368,mora,packing_A,T10,largo,8,G4,8.517943688628131,0.9273550931719117,0.9241234556434336,False,519,472.75184949271977,9.782754008663574,0.36966719208775245,23.46403065045481,60,311.4,8.801810049135115,372,0.7563955083971263
368,mora,packing_A,T10,largo,8,G4,8.517943688628131,0.9273550931719117,0.9241234556434336,False,519,472.75184949271977,9.782754008663574,0.36966719208775245,23.46403065045481,60,311.4,8.801810049135115,373,0.43973235189529436
368,mora,packing_A,T10,largo,8,G4,8.517943688628131,0.9273550931719117,0.9241234556434336,False,519,472.75184949271977,9.782754008663574,0.36966719208775245,23.46403065045481,60,311.4,8.801810049135115,374,0.44401966025105627
368,mora,packing_A,T10,largo,8,G4,8.517943688628131,0.9273550931719117,0.9241234556434336,False,519,472.75184949271977,9.782754008663574,0.36966719208775245,23.46403065045481,60,311.4,8.801810049135115,375,0.2817895638230086
368,mora,packing_A,T10,largo,8,G4,8.517943688628131,0.9273550931719117,0.9241234556434336,False,519,472.75184949271977,9.782754008663574,0.36966719208775245,23.46403065045481,60,311.4,8.801810049135115,376,0.26878204464373096
368,mora,packing_A,T10,largo,8,G4,8.517943688628131,0.9273550931719117,0.9241234556434336,False,519,472.75184949271977,9.782754008663574,0.36966719208775245,23.46403065045481,60,311.4,8.801810049135115,377,0.13286694173704663
368,mora,packing_A,T10,largo,8,G4,8.517943688628131,0.9273550931719117,0.9241234556434336,False,519,472.75184949271977,9.782754008663574,0.36966719208775245,23.46403065045481,60,311.4,8.801810049135115,378,0.19571449975762267
368,mora,packing_A,T10,largo,8,G4,8.517943688628131,0.9273550931719117,0.9241234556434336,False,519,472.75184949271977,9.782754008663574,0.36966719208775245,23.46403065045481,60,311.4,8.801810049135115,379,-0.12557107415522734
368,mora,packing_A,T10,largo,8,G4,8.517943688628131,0.9273550931719117,0.9241234556434336,False,519,472.75184949271977,9.782754008663574,0.36966719208775245,23.46403065045481,60,311.4,8.801810049135115,380,-0.12015930791028502
368,mora,packing_A,T10,largo,8,G4,8.517943688628131,0.9273550931719117,0.9241234556434336,False,519,472.75184949271977,9.782754008663574,0.36966719208775245,23.46403065045481,60,311.4,8.801810049135115,381,0.01042118934165398
368,mora,packing_A,T10,largo,8,G4,8.517943688628131,0.9273550931719117,0.9241234556434336,False,519,472.75184949271977,9.782754008663574,0.36966719208775245,23.46403065045481,60,311.4,8.801810049135115,382,-0.10954131002115758
368,mora,packing_A,T10,largo,8,G4,8.517943688628131,0.9273550931719117,0.9241234556434336,False,519,472.75184949271977,9.782754008663574,0.36966719208775245,23.46403065045481,60,311.4,8.801810049135115,383,-0.09963052388414047
368,mora,packing_A,T10,largo,8,G4,8.517943688628131,0.9273550931719117,0.9241234556434336,False,519,472.75184949271977,9.782754008663574,0.36966719208775245,23.46403065045481,60,311.4,8.801810049135115,384,-0.08865736715541472
368,mora,packing_A,T10,largo,8,G4,8.517943688628131,0.9273550931719117,0.9241234556434336,False,519,472.75184949271977,9.782754008663574,0.36966719208775245,23.46403065045481,60,311.4,8.801810049135115,385,-0.07280672692741653
368,mora,packing_A,T10,largo,8,G4,8.517943688628131,0.9273550931719117,0.9241234556434336,False,519,472.75184949271977,9.782754008663574,0.36966719208775245,23.46403065045481,60,311.4,8.801810049135115,386,0.14476347108720566
368,mora,packing_A,T10,largo,8,G4,8.517943688628131,0.9273550931719117,0.9241234556434336,False,519,472.75184949271977,9.782754008663574,0.36966719208775245,23.46403065045481,60,311.4,8.801810049135115,387,-0.007506636989790205
368,mora,packing_A,T10,largo,8,G4,8.517943688628131,0.9273550931719117,0.9241234556434336,False,519,472.75184949271977,9.782754008663574,0.36966719208775245,23.46403065045481,60,311.4,8.801810049135115,388,0.23459335947943075
368,mora,packing_A,T10,largo,8,G4,8.517943688628131,0.9273550931719117,0.9241234556434336,False,519,472.75184949271977,9.782754008663574,0.36966719208775245,23.46403065045481,60,311.4,8.801810049135115,389,0.29215236823207674
368,mora,packing_A,T10,largo,8,G4,8.517943688628131,0.9273550931719117,0.9241234556434336,False,519,472.75184949271977,9.782754008663574,0.36966719208775245,23.46403065045481,60,311.4,8.801810049135115,390,0.32310228851386136
368,mora,packing_A,T10,largo,8,G4,8.517943688628131,0.9273550931719117,0.9241234556434336,False,519,472.75184949271977,9.782754008663574,0.36966719208775245,23.46403065045481,60,311.4,8.801810049135115,391,0.5867509857904698
368,mora,packing_A,T10,largo,8,G4,8.517943688628131,0.9273550931719117,0.9241234556434336,False,519,472.75184949271977,9.782754008663574,0.36966719208775245,23.46403065045481,60,311.4,8.801810049135115,392,0.724509878516918
368,mora,packing_A,T10,largo,8,G4,8.517943688628131,0.9273550931719117,0.9241234556434336,False,519,472.75184949271977,9.782754008663574,0.36966719208775245,23.46403065045481,60,311.4,8.801810049135115,393,0.5501517354869521
368,mora,packing_A,T10,largo,8,G4,8.517943688628131,0.9273550931719117,0.9241234556434336,False,519,472.75184949271977,9.782754008663574,0.36966719208775245,23.46403065045481,60,311.4,8.801810049135115,394,0.6557050222215081
368,mora,packing_A,T10,largo,8,G4,8.517943688628131,0.9273550931719117,0.9241234556434336,False,519,472.75184949271977,9.782754008663574,0.36966719208775245,23.46403065045481,60,311.4,8.801810049135115,395,0.7326668850856423
368,mora,packing_A,T10,largo,8,G4,8.517943688628131,0.9273550931719117,0.9241234556434336,False,519,472.75184949271977,9.782754008663574,0.36966719208775245,23.46403065045481,60,311.4,8.801810049135115,396,0.8805722349875753
368,mora,packing_A,T10,largo,8,G4,8.517943688628131,0.9273550931719117,0.9241234556434336,False,519,472.75184949271977,9.782754008663574,0.36966719208775245,23.46403065045481,60,311.4,8.801810049135115,397,0.7586599674930712
368,mora,packing_A,T10,largo,8,G4,8.517943688628131,0.9273550931719117,0.9241234556434336,False,519,472.75184949271977,9.782754008663574,0.36966719208775245,23.46403065045481,60,311.4,8.801810049135115,398,0.8588705797046136
368,mora,packing_A,T10,largo,8,G4,8.517943688628131,0.9273550931719117,0.9241234556434336,False,519,472.75184949271977,9.782754008663574,0.36966719208775245,23.46403065045481,60,311.4,8.801810049135115,399,0.7316000071387042
368,mora,packing_A,T10,largo,8,G4,8.517943688628131,0.9273550931719117,0.9241234556434336,False,519,472.75184949271977,9.782754008663574,0.36966719208775245,23.46403065045481,60,311.4,8.801810049135115,400,0.801126940216794
368,mora,packing_A,T10,largo,8,G4,8.517943688628131,0.9273550931719117,0.9241234556434336,False,519,472.75184949271977,9.782754008663574,0.36966719208775245,23.46403065045481,60,311.4,8.801810049135115,401,0.6354471427472934
368,mora,packing_A,T10,largo,8,G4,8.517943688628131,0.9273550931719117,0.9241234556434336,False,519,472.75184949271977,9.782754008663574,0.36966719208775245,23.46403065045481,60,311.4,8.801810049135115,402,0.6278811967125134
368,mora,packing_A,T10,largo,8,G4,8.517943688628131,0.9273550931719117,0.9241234556434336,False,519,472.75184949271977,9.782754008663574,0.36966719208775245,23.46403065045481,60,311.4,8.801810049135115,403,0.7198391717850184
368,mora,packing_A,T10,largo,8,G4,8.517943688628131,0.9273550931719117,0.9241234556434336,False,519,472.75184949271977,9.782754008663574,0.36966719208775245,23.46403065045481,60,311.4,8.801810049135115,404,0.3659138793393231
368,mora,packing_A,T10,largo,8,G4,8.517943688628131,0.9273550931719117,0.9241234556434336,False,519,472.75184949271977,9.782754008663574,0.36966719208775245,23.46403065045481,60,311.4,8.801810049135115,405,0.38854581749049594
368,mora,packing_A,T10,largo,8,G4,8.517943688628131,0.9273550931719117,0.9241234556434336,False,519,472.75184949271977,9.782754008663574,0.36966719208775245,23.46403065045481,60,311.4,8.801810049135115,406,0.28368238013898167
368,mora,packing_A,T10,largo,8,G4,8.517943688628131,0.9273550931719117,0.9241234556434336,False,519,472.75184949271977,9.782754008663574,0.36966719208775245,23.46403065045481,60,311.4,8.801810049135115,407,0.10542223039387913
368,mora,packing_A,T10,largo,8,G4,8.517943688628131,0.9273550931719117,0.9241234556434336,False,519,472.75184949271977,9.782754008663574,0.36966719208775245,23.46403065045481,60,311.4,8.801810049135115,408,0.11414551227207091
368,mora,packing_A,T10,largo,8,G4,8.517943688628131,0.9273550931719117,0.9241234556434336,False,519,472.75184949271977,9.782754008663574,0.36966719208775245,23.46403065045481,60,311.4,8.801810049135115,409,-0.01349638943327465
368,mora,packing_A,T10,largo,8,G4,8.517943688628131,0.9273550931719117,0.9241234556434336,False,519,472.75184949271977,9.782754008663574,0.36966719208775245,23.46403065045481,60,311.4,8.801810049135115,410,0.08308023490979437
368,mora,packing_A,T10,largo,8,G4,8.517943688628131,0.9273550931719117,0.9241234556434336,False,519,472.75184949271977,9.782754008663574,0.36966719208775245,23.46403065045481,60,311.4,8.801810049135115,411,0.0507386243474552
368,mora,packing_A,T10,largo,8,G4,8.517943688628131,0.9273550931719117,0.9241234556434336,False,519,472.75184949271977,9.782754008663574,0.36966719208775245,23.46403065045481,60,311.4,8.801810049135115,412,-0.19948521234489947
368,mora,packing_A,T10,largo,8,G4,8.517943688628131,0.9273550931719117,0.9241234556434336,False,519,472.75184949271977,9.782754008663574,0.36966719208775245,23.46403065045481,60,311.4,8.801810049135115,413,0.025896204553004315
368,mora,packing_A,T10,largo,8,G4,8.517943688628131,0.9273550931719117,0.9241234556434336,False,519,472.75184949271977,9.782754008663574,0.36966719208775245,23.46403065045481,60,311.4,8.801810049135115,414,-0.07693280478754788
368,mora,packing_A,T10,largo,8,G4,8.517943688628131,0.9273550931719117,0.9241234556434336,False,519,472.75184949271977,9.782754008663574,0.36966719208775245,23.46403065045481,60,311.4,8.801810049135115,415,0.04192739988301512
368,mora,packing_A,T10,largo,8,G4,8.517943688628131,0.9273550931719117,0.9241234556434336,False,519,472.75184949271977,9.782754008663574,0.36966719208775245,23.46403065045481,60,311.4,8.801810049135115,416,0.07341882538269381
368,mora,packing_A,T10,largo,8,G4,8.517943688628131,0.9273550931719117,0.9241234556434336,False,519,472.75184949271977,9.782754008663574,0.36966719208775245,23.46403065045481,60,311.4,8.801810049135115,417,0.0022060807508996333
368,mora,packing_A,T10,largo,8,G4,8.517943688628131,0.9273550931719117,0.9241234556434336,False,519,472.75184949271977,9.782754008663574,0.36966719208775245,23.46403065045481,60,311.4,8.801810049135115,418,0.19106963410302316
368,mora,packing_A,T10,largo,8,G4,8.517943688628131,0.9273550931719117,0.9241234556434336,False,519,472.75184949271977,9.782754008663574,0.36966719208775245,23.46403065045481,60,311.4,8.801810049135115,419,0.45488261008687053
368,mora,packing_A,T10,largo,8,G4,8.517943688628131,0.9273550931719117,0.9241234556434336,False,519,472.75184949271977,9.782754008663574,0.36966719208775245,23.46403065045481,60,311.4,8.801810049135115,420,0.23951431072638008
368,mora,packing_A,T10,largo,8,G4,8.517943688628131,0.9273550931719117,0.9241234556434336,False,519,472.75184949271977,9.782754008663574,0.36966719208775245,23.46403065045481,60,311.4,8.801810049135115,421,0.24207824184433574
368,mora,packing_A,T10,largo,8,G4,8.517943688628131,0.9273550931719117,0.9241234556434336,False,519,472.75184949271977,9.782754008663574,0.36966719208775245,23.46403065045481,60,311.4,8.801810049135115,422,0.48675803219666736
368,mora,packing_A,T10,largo,8,G4,8.517943688628131,0.9273550931719117,0.9241234556434336,False,519,472.75184949271977,9.782754008663574,0.36966719208775245,23.46403065045481,60,311.4,8.801810049135115,423,0.610807527050735
368,mora,packing_A,T10,largo,8,G4,8.517943688628131,0.9273550931719117,0.9241234556434336,False,519,472.75184949271977,9.782754008663574,0.36966719208775245,23.46403065045481,60,311.4,8.801810049135115,424,0.7002007552577829
368,mora,packing_A,T10,largo,8,G4,8.517943688628131,0.9273550931719117,0.9241234556434336,False,519,472.75184949271977,9.782754008663574,0.36966719208775245,23.46403065045481,60,311.4,8.801810049135115,425,0.5578565311028891
368,mora,packing_A,T10,largo,8,G4,8.517943688628131,0.9273550931719117,0.9241234556434336,False,519,472.75184949271977,9.782754008663574,0.36966719208775245,23.46403065045481,60,311.4,8.801810049135115,426,0.8503530727148125
368,mora,packing_A,T10,largo,8,G4,8.517943688628131,0.9273550931719117,0.9241234556434336,False,519,472.75184949271977,9.782754008663574,0.36966719208775245,23.46403065045481,60,311.4,8.801810049135115,427,0.8555919533059375
368,mora,packing_A,T10,largo,8,G4,8.517943688628131,0.9273550931719117,0.9241234556434336,False,519,472.75184949271977,9.782754008663574,0.36966719208775245,23.46403065045481,60,311.4,8.801810049135115,428,0.923260552589085
368,mora,packing_A,T10,largo,8,G4,8.517943688628131,0.9273550931719117,0.9241234556434336,False,519,472.75184949271977,9.782754008663574,0.36966719208775245,23.46403065045481,60,311.4,8.801810049135115,429,0.8348293693725519
368,mora,packing_A,T10,largo,8,G4,8.517943688628131,0.9273550931719117,0.9241234556434336,False,519,472.75184949271977,9.782754008663574,0.36966719208775245,23.46403065045481,60,311.4,8.801810049135115,430,0.7667602126531093
368,mora,packing_A,T10,largo,8,G4,8.517943688628131,0.9273550931719117,0.9241234556434336,False,519,472.75184949271977,9.782754008663574,0.36966719208775245,23.46403065045481,60,311.4,8.801810049135115,431,0.7854068316370864
368,mora,packing_A,T10,largo,8,G4,8.517943688628131,0.9273550931719117,0.9241234556434336,False,519,472.75184949271977,9.782754008663574,0.36966719208775245,23.46403065045481,60,311.4,8.801810049135115,432,0.6271710429088662
368,mora,packing_A,T10,largo,8,G4,8.517943688628131,0.9273550931719117,0.9241234556434336,False,519,472.75184949271977,9.782754008663574,0.36966719208775245,23.46403065045481,60,311.4,8.801810049135115,433,0.45574980553126465
368,mora,packing_A,T10,largo,8,G4,8.517943688628131,0.9273550931719117,0.9241234556434336,False,519,472.75184949271977,9.782754008663574,0.36966719208775245,23.46403065045481,60,311.4,8.801810049135115,434,0.5867988657879905
368,mora,packing_A,T10,largo,8,G4,8.517943688628131,0.9273550931719117,0.9241234556434336,False,519,472.75184949271977,9.782754008663574,0.36966719208775245,23.46403065045481,60,311.4,8.801810049135115,435,0.13977678021429618
368,mora,packing_A,T10,largo,8,G4,8.517943688628131,0.9273550931719117,0.9241234556434336,False,519,472.75184949271977,9.782754008663574,0.36966719208775245,23.46403065045481,60,311.4,8.801810049135115,436,0.34355119976783294
368,mora,packing_A,T10,largo,8,G4,8.517943688628131,0.9273550931719117,0.9241234556434336,False,519,472.75184949271977,9.782754008663574,0.36966719208775245,23.46403065045481,60,311.4,8.801810049135115,437,0.09054648702152548
368,mora,packing_A,T10,largo,8,G4,8.517943688628131,0.9273550931719117,0.9241234556434336,False,519,472.75184949271977,9.782754008663574,0.36966719208775245,23.46403065045481,60,311.4,8.801810049135115,438,0.04692382437315383
368,mora,packing_A,T10,largo,8,G4,8.517943688628131,0.9273550931719117,0.9241234556434336,False,519,472.75184949271977,9.782754008663574,0.36966719208775245,23.46403065045481,60,311.4,8.801810049135115,439,-0.04420249715614129
368,mora,packing_A,T10,largo,8,G4,8.517943688628131,0.9273550931719117,0.9241234556434336,False,519,472.75184949271977,9.782754008663574,0.36966719208775245,23.46403065045481,60,311.4,8.801810049135115,440,0.1803556339221601
368,mora,packing_A,T10,largo,8,G4,8.517943688628131,0.9273550931719117,0.9241234556434336,False,519,472.75184949271977,9.782754008663574,0.36966719208775245,23.46403065045481,60,311.4,8.801810049135115,441,0.04936282815107931
368,mora,packing_A,T10,largo,8,G4,8.517943688628131,0.9273550931719117,0.9241234556434336,False,519,472.75184949271977,9.782754008663574,0.36966719208775245,23.46403065045481,60,311.4,8.801810049135115,442,-0.1421955038155323
368,mora,packing_A,T10,largo,8,G4,8.517943688628131,0.9273550931719117,0.9241234556434336,False,519,472.75184949271977,9.782754008663574,0.36966719208775245,23.46403065045481,60,311.4,8.801810049135115,443,-0.270416292529985
368,mora,packing_A,T10,largo,8,G4,8.517943688628131,0.9273550931719117,0.9241234556434336,False,519,472.75184949271977,9.782754008663574,0.36966719208775245,23.46403065045481,60,311.4,8.801810049135115,444,-0.06043645518731391
368,mora,packing_A,T10,largo,8,G4,8.517943688628131,0.9273550931719117,0.9241234556434336,False,519,472.75184949271977,9.782754008663574,0.36966719208775245,23.46403065045481,60,311.4,8.801810049135115,445,-0.0069487752416247835
368,mora,packing_A,T10,largo,8,G4,8.517943688628131,0.9273550931719117,0.9241234556434336,False,519,472.75184949271977,9.782754008663574,0.36966719208775245,23.46403065045481,60,311.4,8.801810049135115,446,-0.05465997477175234
368,mora,packing_A,T10,largo,8,G4,8.517943688628131,0.9273550931719117,0.9241234556434336,False,519,472.75184949271977,9.782754008663574,0.36966719208775245,23.46403065045481,60,311.4,8.801810049135115,447,0.18615265486387578
368,mora,packing_A,T10,largo,8,G4,8.517943688628131,0.9273550931719117,0.9241234556434336,False,519,472.75184949271977,9.782754008663574,0.36966719208775245,23.46403065045481,60,311.4,8.801810049135115,448,0.2199868964670825
368,mora,packing_A,T10,largo,8,G4,8.517943688628131,0.9273550931719117,0.9241234556434336,False,519,472.75184949271977,9.782754008663574,0.36966719208775245,23.46403065045481,60,311.4,8.801810049135115,449,0.3268052679212186
368,mora,packing_A,T10,largo,8,G4,8.517943688628131,0.9273550931719117,0.9241234556434336,False,519,472.75184949271977,9.782754008663574,0.36966719208775245,23.46403065045481,60,311.4,8.801810049135115,450,0.5000990837553729
368,mora,packing_A,T10,largo,8,G4,8.517943688628131,0.9273550931719117,0.9241234556434336,False,519,472.75184949271977,9.782754008663574,0.36966719208775245,23.46403065045481,60,311.4,8.801810049135115,451,0.44113029455969077
368,mora,packing_A,T10,largo,8,G4,8.517943688628131,0.9273550931719117,0.9241234556434336,False,519,472.75184949271977,9.782754008663574,0.36966719208775245,23.46403065045481,60,311.4,8.801810049135115,452,0.7004302231061517
368,mora,packing_A,T10,largo,8,G4,8.517943688628131,0.9273550931719117,0.9241234556434336,False,519,472.75184949271977,9.782754008663574,0.36966719208775245,23.46403065045481,60,311.4,8.801810049135115,453,0.6841809637308108
368,mora,packing_A,T10,largo,8,G4,8.517943688628131,0.9273550931719117,0.9241234556434336,False,519,472.75184949271977,9.782754008663574,0.36966719208775245,23.46403065045481,60,311.4,8.801810049135115,454,0.9502376750417163
368,mora,packing_A,T10,largo,8,G4,8.517943688628131,0.9273550931719117,0.9241234556434336,False,519,472.75184949271977,9.782754008663574,0.36966719208775245,23.46403065045481,60,311.4,8.801810049135115,455,0.7986208221325186
368,mora,packing_A,T10,largo,8,G4,8.517943688628131,0.9273550931719117,0.9241234556434336,False,519,472.75184949271977,9.782754008663574,0.36966719208775245,23.46403065045481,60,311.4,8.801810049135115,456,0.8289382072961694
368,mora,packing_A,T10,largo,8,G4,8.517943688628131,0.9273550931719117,0.9241234556434336,False,519,472.75184949271977,9.782754008663574,0.36966719208775245,23.46403065045481,60,311.4,8.801810049135115,457,0.8889221741309924
368,mora,packing_A,T10,largo,8,G4,8.517943688628131,0.9273550931719117,0.9241234556434336,False,519,472.75184949271977,9.782754008663574,0.36966719208775245,23.46403065045481,60,311.4,8.801810049135115,458,0.7905174484794308
368,mora,packing_A,T10,largo,8,G4,8.517943688628131,0.9273550931719117,0.9241234556434336,False,519,472.75184949271977,9.782754008663574,0.36966719208775245,23.46403065045481,60,311.4,8.801810049135115,459,0.8003240243705181
368,mora,packing_A,T10,largo,8,G4,8.517943688628131,0.9273550931719117,0.9241234556434336,False,519,472.75184949271977,9.782754008663574,0.36966719208775245,23.46403065045481,60,311.4,8.801810049135115,460,0.6855552475697898
368,mora,packing_A,T10,largo,8,G4,8.517943688628131,0.9273550931719117,0.9241234556434336,False,519,472.75184949271977,9.782754008663574,0.36966719208775245,23.46403065045481,60,311.4,8.801810049135115,461,0.4572116927561669
368,mora,packing_A,T10,largo,8,G4,8.517943688628131,0.9273550931719117,0.9241234556434336,False,519,472.75184949271977,9.782754008663574,0.36966719208775245,23.46403065045481,60,311.4,8.801810049135115,462,0.6229139184777239
368,mora,packing_A,T10,largo,8,G4,8.517943688628131,0.9273550931719117,0.9241234556434336,False,519,472.75184949271977,9.782754008663574,0.36966719208775245,23.46403065045481,60,311.4,8.801810049135115,463,0.5526778954776159
368,mora,packing_A,T10,largo,8,G4,8.517943688628131,0.9273550931719117,0.9241234556434336,False,519,472.75184949271977,9.782754008663574,0.36966719208775245,23.46403065045481,60,311.4,8.801810049135115,464,0.6662264355347188
368,mora,packing_A,T10,largo,8,G4,8.517943688628131,0.9273550931719117,0.9241234556434336,False,519,472.75184949271977,9.782754008663574,0.36966719208775245,23.46403065045481,60,311.4,8.801810049135115,465,0.2522223060426147
368,mora,packing_A,T10,largo,8,G4,8.517943688628131,0.9273550931719117,0.9241234556434336,False,519,472.75184949271977,9.782754008663574,0.36966719208775245,23.46403065045481,60,311.4,8.801810049135115,466,0.3860331331682916
368,mora,packing_A,T10,largo,8,G4,8.517943688628131,0.9273550931719117,0.9241234556434336,False,519,472.75184949271977,9.782754008663574,0.36966719208775245,23.46403065045481,60,311.4,8.801810049135115,467,0.1746952508205711
368,mora,packing_A,T10,largo,8,G4,8.517943688628131,0.9273550931719117,0.9241234556434336,False,519,472.75184949271977,9.782754008663574,0.36966719208775245,23.46403065045481,60,311.4,8.801810049135115,468,-0.03882887381134667
368,mora,packing_A,T10,largo,8,G4,8.517943688628131,0.9273550931719117,0.9241234556434336,False,519,472.75184949271977,9.782754008663574,0.36966719208775245,23.46403065045481,60,311.4,8.801810049135115,469,0.08124242066312799
368,mora,packing_A,T10,largo,8,G4,8.517943688628131,0.9273550931719117,0.9241234556434336,False,519,472.75184949271977,9.782754008663574,0.36966719208775245,23.46403065045481,60,311.4,8.801810049135115,470,-0.11514540561894655
368,mora,packing_A,T10,largo,8,G4,8.517943688628131,0.9273550931719117,0.9241234556434336,False,519,472.75184949271977,9.782754008663574,0.36966719208775245,23.46403065045481,60,311.4,8.801810049135115,471,-0.0438867080064455
368,mora,packing_A,T10,largo,8,G4,8.517943688628131,0.9273550931719117,0.9241234556434336,False,519,472.75184949271977,9.782754008663574,0.36966719208775245,23.46403065045481,60,311.4,8.801810049135115,472,-0.0405880067486741
368,mora,packing_A,T10,largo,8,G4,8.517943688628131,0.9273550931719117,0.9241234556434336,False,519,472.75184949271977,9.782754008663574,0.36966719208775245,23.46403065045481,60,311.4,8.801810049135115,473,-0.05114660352482356
368,mora,packing_A,T10,largo,8,G4,8.517943688628131,0.9273550931719117,0.9241234556434336,False,519,472.75184949271977,9.782754008663574,0.36966719208775245,23.46403065045481,60,311.4,8.801810049135115,474,-0.13013407197324445
368,mora,packing_A,T10,largo,8,G4,8.517943688628131,0.9273550931719117,0.9241234556434336,False,519,472.75184949271977,9.782754008663574,0.36966719208775245,23.46403065045481,60,311.4,8.801810049135115,475,0.023224839862466796
368,mora,packing_A,T10,largo,8,G4,8.517943688628131,0.9273550931719117,0.9241234556434336,False,519,472.75184949271977,9.782754008663574,0.36966719208775245,23.46403065045481,60,311.4,8.801810049135115,476,-0.002596739013630941
368,mora,packing_A,T10,largo,8,G4,8.517943688628131,0.9273550931719117,0.9241234556434336,False,519,472.75184949271977,9.782754008663574,0.36966719208775245,23.46403065045481,60,311.4,8.801810049135115,477,-0.018638027128307047
368,mora,packing_A,T10,largo,8,G4,8.517943688628131,0.9273550931719117,0.9241234556434336,False,519,472.75184949271977,9.782754008663574,0.36966719208775245,23.46403065045481,60,311.4,8.801810049135115,478,0.048143178149014115
368,mora,packing_A,T10,largo,8,G4,8.517943688628131,0.9273550931719117,0.9241234556434336,False,519,472.75184949271977,9.782754008663574,0.36966719208775245,23.46403065045481,60,311.4,8.801810049135115,479,0.14042825276644352
368,mora,packing_A,T10,largo,8,G4,8.517943688628131,0.9273550931719117,0.9241234556434336,False,519,472.75184949271977,9.782754008663574,0.36966719208775245,23.46403065045481,60,311.4,8.801810049135115,480,0.4572301601565086
368,mora,packing_A,T10,largo,8,G4,8.517943688628131,0.9273550931719117,0.9241234556434336,False,519,472.75184949271977,9.782754008663574,0.36966719208775245,23.46403065045481,60,311.4,8.801810049135115,481,0.548443660796361
368,mora,packing_A,T10,largo,8,G4,8.517943688628131,0.9273550931719117,0.9241234556434336,False,519,472.75184949271977,9.782754008663574,0.36966719208775245,23.46403065045481,60,311.4,8.801810049135115,482,0.6264240929281788
368,mora,packing_A,T10,largo,8,G4,8.517943688628131,0.9273550931719117,0.9241234556434336,False,519,472.75184949271977,9.782754008663574,0.36966719208775245,23.46403065045481,60,311.4,8.801810049135115,483,0.6646007054120338
368,mora,packing_A,T10,largo,8,G4,8.517943688628131,0.9273550931719117,0.9241234556434336,False,519,472.75184949271977,9.782754008663574,0.36966719208775245,23.46403065045481,60,311.4,8.801810049135115,484,0.6477674973518448
368,mora,packing_A,T10,largo,8,G4,8.517943688628131,0.9273550931719117,0.9241234556434336,False,519,472.75184949271977,9.782754008663574,0.36966719208775245,23.46403065045481,60,311.4,8.801810049135115,485,0.9484012700715045
368,mora,packing_A,T10,largo,8,G4,8.517943688628131,0.9273550931719117,0.9241234556434336,False,519,472.75184949271977,9.782754008663574,0.36966719208775245,23.46403065045481,60,311.4,8.801810049135115,486,0.651783794612957
368,mora,packing_A,T10,largo,8,G4,8.517943688628131,0.9273550931719117,0.9241234556434336,False,519,472.75184949271977,9.782754008663574,0.36966719208775245,23.46403065045481,60,311.4,8.801810049135115,487,0.8154585380869442
368,mora,packing_A,T10,largo,8,G4,8.517943688628131,0.9273550931719117,0.9241234556434336,False,519,472.75184949271977,9.782754008663574,0.36966719208775245,23.46403065045481,60,311.4,8.801810049135115,488,0.8196292790816092
368,mora,packing_A,T10,largo,8,G4,8.517943688628131,0.9273550931719117,0.9241234556434336,False,519,472.75184949271977,9.782754008663574,0.36966719208775245,23.46403065045481,60,311.4,8.801810049135115,489,0.7520509535143417
368,mora,packing_A,T10,largo,8,G4,8.517943688628131,0.9273550931719117,0.9241234556434336,False,519,472.75184949271977,9.782754008663574,0.36966719208775245,23.46403065045481,60,311.4,8.801810049135115,490,0.7640521651415612
368,mora,packing_A,T10,largo,8,G4,8.517943688628131,0.9273550931719117,0.9241234556434336,False,519,472.75184949271977,9.782754008663574,0.36966719208775245,23.46403065045481,60,311.4,8.801810049135115,491,0.8366110290802645
368,mora,packing_A,T10,largo,8,G4,8.517943688628131,0.9273550931719117,0.9241234556434336,False,519,472.75184949271977,9.782754008663574,0.36966719208775245,23.46403065045481,60,311.4,8.801810049135115,492,0.6517191333413852
368,mora,packing_A,T10,largo,8,G4,8.517943688628131,0.9273550931719117,0.9241234556434336,False,519,472.75184949271977,9.782754008663574,0.36966719208775245,23.46403065045481,60,311.4,8.801810049135115,493,0.6119879057659252
368,mora,packing_A,T10,largo,8,G4,8.517943688628131,0.9273550931719117,0.9241234556434336,False,519,472.75184949271977,9.782754008663574,0.36966719208775245,23.46403065045481,60,311.4,8.801810049135115,494,0.508606825612318
368,mora,packing_A,T10,largo,8,G4,8.517943688628131,0.9273550931719117,0.9241234556434336,False,519,472.75184949271977,9.782754008663574,0.36966719208775245,23.46403065045481,60,311.4,8.801810049135115,495,0.35011425839862165
368,mora,packing_A,T10,largo,8,G4,8.517943688628131,0.9273550931719117,0.9241234556434336,False,519,472.75184949271977,9.782754008663574,0.36966719208775245,23.46403065045481,60,311.4,8.801810049135115,496,0.31004371860589575
368,mora,packing_A,T10,largo,8,G4,8.517943688628131,0.9273550931719117,0.9241234556434336,False,519,472.75184949271977,9.782754008663574,0.36966719208775245,23.46403065045481,60,311.4,8.801810049135115,497,-0.08115231853542196
368,mora,packing_A,T10,largo,8,G4,8.517943688628131,0.9273550931719117,0.9241234556434336,False,519,472.75184949271977,9.782754008663574,0.36966719208775245,23.46403065045481,60,311.4,8.801810049135115,498,0.15824632641778677
368,mora,packing_A,T10,largo,8,G4,8.517943688628131,0.9273550931719117,0.9241234556434336,False,519,472.75184949271977,9.782754008663574,0.36966719208775245,23.46403065045481,60,311.4,8.801810049135115,499,0.07931319354387725
368,mora,packing_A,T10,largo,8,G4,8.517943688628131,0.9273550931719117,0.9241234556434336,False,519,472.75184949271977,9.782754008663574,0.36966719208775245,23.46403065045481,60,311.4,8.801810049135115,500,-0.10457086954847654
368,mora,packing_A,T10,largo,8,G4,8.517943688628131,0.9273550931719117,0.9241234556434336,False,519,472.75184949271977,9.782754008663574,0.36966719208775245,23.46403065045481,60,311.4,8.801810049135115,501,0.01006897938505856
368,mora,packing_A,T10,largo,8,G4,8.517943688628131,0.9273550931719117,0.9241234556434336,False,519,472.75184949271977,9.782754008663574,0.36966719208775245,23.46403065045481,60,311.4,8.801810049135115,502,-0.0366789403391814
368,mora,packing_A,T10,largo,8,G4,8.517943688628131,0.9273550931719117,0.9241234556434336,False,519,472.75184949271977,9.782754008663574,0.36966719208775245,23.46403065045481,60,311.4,8.801810049135115,503,-0.009364656173948799
368,mora,packing_A,T10,largo,8,G4,8.517943688628131,0.9273550931719117,0.9241234556434336,False,519,472.75184949271977,9.782754008663574,0.36966719208775245,23.46403065045481,60,311.4,8.801810049135115,504,-0.020862779666968048
368,mora,packing_A,T10,largo,8,G4,8.517943688628131,0.9273550931719117,0.9241234556434336,False,519,472.75184949271977,9.782754008663574,0.36966719208775245,23.46403065045481,60,311.4,8.801810049135115,505,0.010382471414503325
368,mora,packing_A,T10,largo,8,G4,8.517943688628131,0.9273550931719117,0.9241234556434336,False,519,472.75184949271977,9.782754008663574,0.36966719208775245,23.46403065045481,60,311.4,8.801810049135115,506,0.042672841963351416
368,mora,packing_A,T10,largo,8,G4,8.517943688628131,0.9273550931719117,0.9241234556434336,False,519,472.75184949271977,9.782754008663574,0.36966719208775245,23.46403065045481,60,311.4,8.801810049135115,507,0.012925662238360544
368,mora,packing_A,T10,largo,8,G4,8.517943688628131,0.9273550931719117,0.9241234556434336,False,519,472.75184949271977,9.782754008663574,0.36966719208775245,23.46403065045481,60,311.4,8.801810049135115,508,0.17140302709038857
368,mora,packing_A,T10,largo,8,G4,8.517943688628131,0.9273550931719117,0.9241234556434336,False,519,472.75184949271977,9.782754008663574,0.36966719208775245,23.46403065045481,60,311.4,8.801810049135115,509,0.3802084963678012
368,mora,packing_A,T10,largo,8,G4,8.517943688628131,0.9273550931719117,0.9241234556434336,False,519,472.75184949271977,9.782754008663574,0.36966719208775245,23.46403065045481,60,311.4,8.801810049135115,510,0.5011053217143
368,mora,packing_A,T10,largo,8,G4,8.517943688628131,0.9273550931719117,0.9241234556434336,False,519,472.75184949271977,9.782754008663574,0.36966719208775245,23.46403065045481,60,311.4,8.801810049135115,511,0.3948237890571674
368,mora,packing_A,T10,largo,8,G4,8.517943688628131,0.9273550931719117,0.9241234556434336,False,519,472.75184949271977,9.782754008663574,0.36966719208775245,23.46403065045481,60,311.4,8.801810049135115,512,0.40324265812710947
368,mora,packing_A,T10,largo,8,G4,8.517943688628131,0.9273550931719117,0.9241234556434336,False,519,472.75184949271977,9.782754008663574,0.36966719208775245,23.46403065045481,60,311.4,8.801810049135115,513,0.6283669760312464
368,mora,packing_A,T10,largo,8,G4,8.517943688628131,0.9273550931719117,0.9241234556434336,False,519,472.75184949271977,9.782754008663574,0.36966719208775245,23.46403065045481,60,311.4,8.801810049135115,514,0.7369321231989298
368,mora,packing_A,T10,largo,8,G4,8.517943688628131,0.9273550931719117,0.9241234556434336,False,519,472.75184949271977,9.782754008663574,0.36966719208775245,23.46403065045481,60,311.4,8.801810049135115,515,0.6647882558845676
368,mora,packing_A,T10,largo,8,G4,8.517943688628131,0.9273550931719117,0.9241234556434336,False,519,472.75184949271977,9.782754008663574,0.36966719208775245,23.46403065045481,60,311.4,8.801810049135115,516,0.7746659488084979
368,mora,packing_A,T10,largo,8,G4,8.517943688628131,0.9273550931719117,0.9241234556434336,False,519,472.75184949271977,9.782754008663574,0.36966719208775245,23.46403065045481,60,311.4,8.801810049135115,517,0.7267539920656009
368,mora,packing_A,T10,largo,8,G4,8.517943688628131,0.9273550931719117,0.9241234556434336,False,519,472.75184949271977,9.782754008663574,0.36966719208775245,23.46403065045481,60,311.4,8.801810049135115,518,0.8844439586687546
