proceso_id,epoca,packing,tunel,tipo_tunel,iteracion,mass_group,masa_ton,ocupabilidad,caudal_factor,anomalia_duracion,duracion_min,duracion_esperada_min,delta_duracion_pct,setpoint,T0,pct_transitorio,t_trans_min,overshoot_pct,tiempo_min,temperatura
3086,mixtura,packing_B,T08,largo,6,G3,5.817012112493165,0.8651773597621467,0.8090101344111399,False,444,432.9259529576939,2.557954071972278,-0.03037168931941836,23.93759171698614,60,266.4,10.449616111558006,0,23.765225979074394
3086,mixtura,packing_B,T08,largo,6,G3,5.817012112493165,0.8651773597621467,0.8090101344111399,False,444,432.9259529576939,2.557954071972278,-0.03037168931941836,23.93759171698614,60,266.4,10.449616111558006,1,23.683653182040654
3086,mixtura,packing_B,T08,largo,6,G3,5.817012112493165,0.8651773597621467,0.8090101344111399,False,444,432.9259529576939,2.557954071972278,-0.03037168931941836,23.93759171698614,60,266.4,10.449616111558006,2,23.542099365712147
3086,mixtura,packing_B,T08,largo,6,G3,5.817012112493165,0.8651773597621467,0.8090101344111399,False,444,432.9259529576939,2.557954071972278,-0.03037168931941836,23.93759171698614,60,266.4,10.449616111558006,3,23.217450802077746
3086,mixtura,packing_B,T08,largo,6,G3,5.817012112493165,0.8651773597621467,0.8090101344111399,False,444,432.9259529576939,2.557954071972278,-0.03037168931941836,23.93759171698614,60,266.4,10.449616111558006,4,22.80884404304945
3086,mixtura,packing_B,T08,largo,6,G3,5.817012112493165,0.8651773597621467,0.8090101344111399,False,444,432.9259529576939,2.557954071972278,-0.03037168931941836,23.93759171698614,60,266.4,10.449616111558006,5,22.75863527131963
3086,mixtura,packing_B,T08,largo,6,G3,5.817012112493165,0.8651773597621467,0.8090101344111399,False,444,432.9259529576939,2.557954071972278,-0.03037168931941836,23.93759171698614,60,266.4,10.449616111558006,6,22.691219649165905
3086,mixtura,packing_B,T08,largo,6,G3,5.817012112493165,0.8651773597621467,0.8090101344111399,False,444,432.9259529576939,2.557954071972278,-0.03037168931941836,23.93759171698614,60,266.4,10.449616111558006,7,22.210035385570592
3086,mixtura,packing_B,T08,largo,6,G3,5.817012112493165,0.8651773597621467,0.8090101344111399,False,444,432.9259529576939,2.557954071972278,-0.03037168931941836,23.93759171698614,60,266.4,10.449616111558006,8,22.011089875559392
3086,mixtura,packing_B,T08,largo,6,G3,5.817012112493165,0.8651773597621467,0.8090101344111399,False,444,432.9259529576939,2.557954071972278,-0.03037168931941836,23.93759171698614,60,266.4,10.449616111558006,9,21.721993577099244
3086,mixtura,packing_B,T08,largo,6,G3,5.817012112493165,0.8651773597621467,0.8090101344111399,False,444,432.9259529576939,2.557954071972278,-0.03037168931941836,23.93759171698614,60,266.4,10.449616111558006,10,21.701101984792114
3086,mixtura,packing_B,T08,largo,6,G3,5.817012112493165,0.8651773597621467,0.8090101344111399,False,444,432.9259529576939,2.557954071972278,-0.03037168931941836,23.93759171698614,60,266.4,10.449616111558006,11,21.16095883870793
3086,mixtura,packing_B,T08,largo,6,G3,5.817012112493165,0.8651773597621467,0.8090101344111399,False,444,432.9259529576939,2.557954071972278,-0.03037168931941836,23.93759171698614,60,266.4,10.449616111558006,12,20.941111726102925
3086,mixtura,packing_B,T08,largo,6,G3,5.817012112493165,0.8651773597621467,0.8090101344111399,False,444,432.9259529576939,2.557954071972278,-0.03037168931941836,23.93759171698614,60,266.4,10.449616111558006,13,20.718978051738958
3086,mixtura,packing_B,T08,largo,6,G3,5.817012112493165,0.8651773597621467,0.8090101344111399,False,444,432.9259529576939,2.557954071972278,-0.03037168931941836,23.93759171698614,60,266.4,10.449616111558006,14,20.405614497550207
3086,mixtura,packing_B,T08,largo,6,G3,5.817012112493165,0.8651773597621467,0.8090101344111399,False,444,432.9259529576939,2.557954071972278,-0.03037168931941836,23.93759171698614,60,266.4,10.449616111558006,15,19.980266023342278
3086,mixtura,packing_B,T08,largo,6,G3,5.817012112493165,0.8651773597621467,0.8090101344111399,False,444,432.9259529576939,2.557954071972278,-0.03037168931941836,23.93759171698614,60,266.4,10.449616111558006,16,19.739429427780323
3086,mixtura,packing_B,T08,largo,6,G3,5.817012112493165,0.8651773597621467,0.8090101344111399,False,444,432.9259529576939,2.557954071972278,-0.03037168931941836,23.93759171698614,60,266.4,10.449616111558006,17,19.356032987663554
3086,mixtura,packing_B,T08,largo,6,G3,5.817012112493165,0.8651773597621467,0.8090101344111399,False,444,432.9259529576939,2.557954071972278,-0.03037168931941836,23.93759171698614,60,266.4,10.449616111558006,18,19.113599799546858
3086,mixtura,packing_B,T08,largo,6,G3,5.817012112493165,0.8651773597621467,0.8090101344111399,False,444,432.9259529576939,2.557954071972278,-0.03037168931941836,23.93759171698614,60,266.4,10.449616111558006,19,18.872444468506963
3086,mixtura,packing_B,T08,largo,6,G3,5.817012112493165,0.8651773597621467,0.8090101344111399,False,444,432.9259529576939,2.557954071972278,-0.03037168931941836,23.93759171698614,60,266.4,10.449616111558006,20,18.745723615044216
3086,mixtura,packing_B,T08,largo,6,G3,5.817012112493165,0.8651773597621467,0.8090101344111399,False,444,432.9259529576939,2.557954071972278,-0.03037168931941836,23.93759171698614,60,266.4,10.449616111558006,21,18.43474682309468
3086,mixtura,packing_B,T08,largo,6,G3,5.817012112493165,0.8651773597621467,0.8090101344111399,False,444,432.9259529576939,2.557954071972278,-0.03037168931941836,23.93759171698614,60,266.4,10.449616111558006,22,18.169679091251933
3086,mixtura,packing_B,T08,largo,6,G3,5.817012112493165,0.8651773597621467,0.8090101344111399,False,444,432.9259529576939,2.557954071972278,-0.03037168931941836,23.93759171698614,60,266.4,10.449616111558006,23,17.951881574648453
3086,mixtura,packing_B,T08,largo,6,G3,5.817012112493165,0.8651773597621467,0.8090101344111399,False,444,432.9259529576939,2.557954071972278,-0.03037168931941836,23.93759171698614,60,266.4,10.449616111558006,24,17.213016737224375
3086,mixtura,packing_B,T08,largo,6,G3,5.817012112493165,0.8651773597621467,0.8090101344111399,False,444,432.9259529576939,2.557954071972278,-0.03037168931941836,23.93759171698614,60,266.4,10.449616111558006,25,17.194843729345845
3086,mixtura,packing_B,T08,largo,6,G3,5.817012112493165,0.8651773597621467,0.8090101344111399,False,444,432.9259529576939,2.557954071972278,-0.03037168931941836,23.93759171698614,60,266.4,10.449616111558006,26,16.709964487605728
3086,mixtura,packing_B,T08,largo,6,G3,5.817012112493165,0.8651773597621467,0.8090101344111399,False,444,432.9259529576939,2.557954071972278,-0.03037168931941836,23.93759171698614,60,266.4,10.449616111558006,27,16.500028454359274
3086,mixtura,packing_B,T08,largo,6,G3,5.817012112493165,0.8651773597621467,0.8090101344111399,False,444,432.9259529576939,2.557954071972278,-0.03037168931941836,23.93759171698614,60,266.4,10.449616111558006,28,16.247194808351015
3086,mixtura,packing_B,T08,largo,6,G3,5.817012112493165,0.8651773597621467,0.8090101344111399,False,444,432.9259529576939,2.557954071972278,-0.03037168931941836,23.93759171698614,60,266.4,10.449616111558006,29,16.070399038768407
3086,mixtura,packing_B,T08,largo,6,G3,5.817012112493165,0.8651773597621467,0.8090101344111399,False,444,432.9259529576939,2.557954071972278,-0.03037168931941836,23.93759171698614,60,266.4,10.449616111558006,30,15.62113412772672
3086,mixtura,packing_B,T08,largo,6,G3,5.817012112493165,0.8651773597621467,0.8090101344111399,False,444,432.9259529576939,2.557954071972278,-0.03037168931941836,23.93759171698614,60,266.4,10.449616111558006,31,15.519614119934133
3086,mixtura,packing_B,T08,largo,6,G3,5.817012112493165,0.8651773597621467,0.8090101344111399,False,444,432.9259529576939,2.557954071972278,-0.03037168931941836,23.93759171698614,60,266.4,10.449616111558006,32,15.020489052188866
3086,mixtura,packing_B,T08,largo,6,G3,5.817012112493165,0.8651773597621467,0.8090101344111399,False,444,432.9259529576939,2.557954071972278,-0.03037168931941836,23.93759171698614,60,266.4,10.449616111558006,33,14.776444561746494
3086,mixtura,packing_B,T08,largo,6,G3,5.817012112493165,0.8651773597621467,0.8090101344111399,False,444,432.9259529576939,2.557954071972278,-0.03037168931941836,23.93759171698614,60,266.4,10.449616111558006,34,14.288669042517263
3086,mixtura,packing_B,T08,largo,6,G3,5.817012112493165,0.8651773597621467,0.8090101344111399,False,444,432.9259529576939,2.557954071972278,-0.03037168931941836,23.93759171698614,60,266.4,10.449616111558006,35,14.174146029887478
3086,mixtura,packing_B,T08,largo,6,G3,5.817012112493165,0.8651773597621467,0.8090101344111399,False,444,432.9259529576939,2.557954071972278,-0.03037168931941836,23.93759171698614,60,266.4,10.449616111558006,36,13.893962362812125
3086,mixtura,packing_B,T08,largo,6,G3,5.817012112493165,0.8651773597621467,0.8090101344111399,False,444,432.9259529576939,2.557954071972278,-0.03037168931941836,23.93759171698614,60,266.4,10.449616111558006,37,13.46677624898798
3086,mixtura,packing_B,T08,largo,6,G3,5.817012112493165,0.8651773597621467,0.8090101344111399,False,444,432.9259529576939,2.557954071972278,-0.03037168931941836,23.93759171698614,60,266.4,10.449616111558006,38,12.923615847234757
3086,mixtura,packing_B,T08,largo,6,G3,5.817012112493165,0.8651773597621467,0.8090101344111399,False,444,432.9259529576939,2.557954071972278,-0.03037168931941836,23.93759171698614,60,266.4,10.449616111558006,39,12.892192394740682
3086,mixtura,packing_B,T08,largo,6,G3,5.817012112493165,0.8651773597621467,0.8090101344111399,False,444,432.9259529576939,2.557954071972278,-0.03037168931941836,23.93759171698614,60,266.4,10.449616111558006,40,12.692598998306739
3086,mixtura,packing_B,T08,largo,6,G3,5.817012112493165,0.8651773597621467,0.8090101344111399,False,444,432.9259529576939,2.557954071972278,-0.03037168931941836,23.93759171698614,60,266.4,10.449616111558006,41,12.166806119469936
3086,mixtura,packing_B,T08,largo,6,G3,5.817012112493165,0.8651773597621467,0.8090101344111399,False,444,432.9259529576939,2.557954071972278,-0.03037168931941836,23.93759171698614,60,266.4,10.449616111558006,42,11.698427781603739
3086,mixtura,packing_B,T08,largo,6,G3,5.817012112493165,0.8651773597621467,0.8090101344111399,False,444,432.9259529576939,2.557954071972278,-0.03037168931941836,23.93759171698614,60,266.4,10.449616111558006,43,11.462710770980793
3086,mixtura,packing_B,T08,largo,6,G3,5.817012112493165,0.8651773597621467,0.8090101344111399,False,444,432.9259529576939,2.557954071972278,-0.03037168931941836,23.93759171698614,60,266.4,10.449616111558006,44,11.277968561871345
3086,mixtura,packing_B,T08,largo,6,G3,5.817012112493165,0.8651773597621467,0.8090101344111399,False,444,432.9259529576939,2.557954071972278,-0.03037168931941836,23.93759171698614,60,266.4,10.449616111558006,45,11.072778434421801
3086,mixtura,packing_B,T08,largo,6,G3,5.817012112493165,0.8651773597621467,0.8090101344111399,False,444,432.9259529576939,2.557954071972278,-0.03037168931941836,23.93759171698614,60,266.4,10.449616111558006,46,10.592919443114196
3086,mixtura,packing_B,T08,largo,6,G3,5.817012112493165,0.8651773597621467,0.8090101344111399,False,444,432.9259529576939,2.557954071972278,-0.03037168931941836,23.93759171698614,60,266.4,10.449616111558006,47,10.55333906672741
3086,mixtura,packing_B,T08,largo,6,G3,5.817012112493165,0.8651773597621467,0.8090101344111399,False,444,432.9259529576939,2.557954071972278,-0.03037168931941836,23.93759171698614,60,266.4,10.449616111558006,48,10.107314204141096
3086,mixtura,packing_B,T08,largo,6,G3,5.817012112493165,0.8651773597621467,0.8090101344111399,False,444,432.9259529576939,2.557954071972278,-0.03037168931941836,23.93759171698614,60,266.4,10.449616111558006,49,9.809000930432187
3086,mixtura,packing_B,T08,largo,6,G3,5.817012112493165,0.8651773597621467,0.8090101344111399,False,444,432.9259529576939,2.557954071972278,-0.03037168931941836,23.93759171698614,60,266.4,10.449616111558006,50,9.347090791632699
3086,mixtura,packing_B,T08,largo,6,G3,5.817012112493165,0.8651773597621467,0.8090101344111399,False,444,432.9259529576939,2.557954071972278,-0.03037168931941836,23.93759171698614,60,266.4,10.449616111558006,51,9.088642222352286
3086,mixtura,packing_B,T08,largo,6,G3,5.817012112493165,0.8651773597621467,0.8090101344111399,False,444,432.9259529576939,2.557954071972278,-0.03037168931941836,23.93759171698614,60,266.4,10.449616111558006,52,8.742352631380054
3086,mixtura,packing_B,T08,largo,6,G3,5.817012112493165,0.8651773597621467,0.8090101344111399,False,444,432.9259529576939,2.557954071972278,-0.03037168931941836,23.93759171698614,60,266.4,10.449616111558006,53,8.417498163110274
3086,mixtura,packing_B,T08,largo,6,G3,5.817012112493165,0.8651773597621467,0.8090101344111399,False,444,432.9259529576939,2.557954071972278,-0.03037168931941836,23.93759171698614,60,266.4,10.449616111558006,54,8.069898159294008
3086,mixtura,packing_B,T08,largo,6,G3,5.817012112493165,0.8651773597621467,0.8090101344111399,False,444,432.9259529576939,2.557954071972278,-0.03037168931941836,23.93759171698614,60,266.4,10.449616111558006,55,7.999034716604939
3086,mixtura,packing_B,T08,largo,6,G3,5.817012112493165,0.8651773597621467,0.8090101344111399,False,444,432.9259529576939,2.557954071972278,-0.03037168931941836,23.93759171698614,60,266.4,10.449616111558006,56,7.511707701969065
3086,mixtura,packing_B,T08,largo,6,G3,5.817012112493165,0.8651773597621467,0.8090101344111399,False,444,432.9259529576939,2.557954071972278,-0.03037168931941836,23.93759171698614,60,266.4,10.449616111558006,57,7.3391908947839415
3086,mixtura,packing_B,T08,largo,6,G3,5.817012112493165,0.8651773597621467,0.8090101344111399,False,444,432.9259529576939,2.557954071972278,-0.03037168931941836,23.93759171698614,60,266.4,10.449616111558006,58,7.046982739470116
3086,mixtura,packing_B,T08,largo,6,G3,5.817012112493165,0.8651773597621467,0.8090101344111399,False,444,432.9259529576939,2.557954071972278,-0.03037168931941836,23.93759171698614,60,266.4,10.449616111558006,59,6.800412648362451
3086,mixtura,packing_B,T08,largo,6,G3,5.817012112493165,0.8651773597621467,0.8090101344111399,False,444,432.9259529576939,2.557954071972278,-0.03037168931941836,23.93759171698614,60,266.4,10.449616111558006,60,6.382013615554368
3086,mixtura,packing_B,T08,largo,6,G3,5.817012112493165,0.8651773597621467,0.8090101344111399,False,444,432.9259529576939,2.557954071972278,-0.03037168931941836,23.93759171698614,60,266.4,10.449616111558006,61,6.071374079016242
3086,mixtura,packing_B,T08,largo,6,G3,5.817012112493165,0.8651773597621467,0.8090101344111399,False,444,432.9259529576939,2.557954071972278,-0.03037168931941836,23.93759171698614,60,266.4,10.449616111558006,62,5.948043883159229
3086,mixtura,packing_B,T08,largo,6,G3,5.817012112493165,0.8651773597621467,0.8090101344111399,False,444,432.9259529576939,2.557954071972278,-0.03037168931941836,23.93759171698614,60,266.4,10.449616111558006,63,5.516092735650294
3086,mixtura,packing_B,T08,largo,6,G3,5.817012112493165,0.8651773597621467,0.8090101344111399,False,444,432.9259529576939,2.557954071972278,-0.03037168931941836,23.93759171698614,60,266.4,10.449616111558006,64,5.421898941287204
3086,mixtura,packing_B,T08,largo,6,G3,5.817012112493165,0.8651773597621467,0.8090101344111399,False,444,432.9259529576939,2.557954071972278,-0.03037168931941836,23.93759171698614,60,266.4,10.449616111558006,65,4.958245733491622
3086,mixtura,packing_B,T08,largo,6,G3,5.817012112493165,0.8651773597621467,0.8090101344111399,False,444,432.9259529576939,2.557954071972278,-0.03037168931941836,23.93759171698614,60,266.4,10.449616111558006,66,4.756915491835974
3086,mixtura,packing_B,T08,largo,6,G3,5.817012112493165,0.8651773597621467,0.8090101344111399,False,444,432.9259529576939,2.557954071972278,-0.03037168931941836,23.93759171698614,60,266.4,10.449616111558006,67,4.453419110032302
3086,mixtura,packing_B,T08,largo,6,G3,5.817012112493165,0.8651773597621467,0.8090101344111399,False,444,432.9259529576939,2.557954071972278,-0.03037168931941836,23.93759171698614,60,266.4,10.449616111558006,68,4.291354885502137
3086,mixtura,packing_B,T08,largo,6,G3,5.817012112493165,0.8651773597621467,0.8090101344111399,False,444,432.9259529576939,2.557954071972278,-0.03037168931941836,23.93759171698614,60,266.4,10.449616111558006,69,3.841089084978033
3086,mixtura,packing_B,T08,largo,6,G3,5.817012112493165,0.8651773597621467,0.8090101344111399,False,444,432.9259529576939,2.557954071972278,-0.03037168931941836,23.93759171698614,60,266.4,10.449616111558006,70,3.7294508826112054
3086,mixtura,packing_B,T08,largo,6,G3,5.817012112493165,0.8651773597621467,0.8090101344111399,False,444,432.9259529576939,2.557954071972278,-0.03037168931941836,23.93759171698614,60,266.4,10.449616111558006,71,3.3352905323433726
3086,mixtura,packing_B,T08,largo,6,G3,5.817012112493165,0.8651773597621467,0.8090101344111399,False,444,432.9259529576939,2.557954071972278,-0.03037168931941836,23.93759171698614,60,266.4,10.449616111558006,72,3.0879300882144984
3086,mixtura,packing_B,T08,largo,6,G3,5.817012112493165,0.8651773597621467,0.8090101344111399,False,444,432.9259529576939,2.557954071972278,-0.03037168931941836,23.93759171698614,60,266.4,10.449616111558006,73,2.8843398344140354
3086,mixtura,packing_B,T08,largo,6,G3,5.817012112493165,0.8651773597621467,0.8090101344111399,False,444,432.9259529576939,2.557954071972278,-0.03037168931941836,23.93759171698614,60,266.4,10.449616111558006,74,2.7966112613335725
3086,mixtura,packing_B,T08,largo,6,G3,5.817012112493165,0.8651773597621467,0.8090101344111399,False,444,432.9259529576939,2.557954071972278,-0.03037168931941836,23.93759171698614,60,266.4,10.449616111558006,75,2.438565548816331
3086,mixtura,packing_B,T08,largo,6,G3,5.817012112493165,0.8651773597621467,0.8090101344111399,False,444,432.9259529576939,2.557954071972278,-0.03037168931941836,23.93759171698614,60,266.4,10.449616111558006,76,2.216823831756267
3086,mixtura,packing_B,T08,largo,6,G3,5.817012112493165,0.8651773597621467,0.8090101344111399,False,444,432.9259529576939,2.557954071972278,-0.03037168931941836,23.93759171698614,60,266.4,10.449616111558006,77,1.933538578486473
3086,mixtura,packing_B,T08,largo,6,G3,5.817012112493165,0.8651773597621467,0.8090101344111399,False,444,432.9259529576939,2.557954071972278,-0.03037168931941836,23.93759171698614,60,266.4,10.449616111558006,78,1.4468909791055364
3086,mixtura,packing_B,T08,largo,6,G3,5.817012112493165,0.8651773597621467,0.8090101344111399,False,444,432.9259529576939,2.557954071972278,-0.03037168931941836,23.93759171698614,60,266.4,10.449616111558006,79,1.3688061774984577
3086,mixtura,packing_B,T08,largo,6,G3,5.817012112493165,0.8651773597621467,0.8090101344111399,False,444,432.9259529576939,2.557954071972278,-0.03037168931941836,23.93759171698614,60,266.4,10.449616111558006,80,0.9998523994460441
3086,mixtura,packing_B,T08,largo,6,G3,5.817012112493165,0.8651773597621467,0.8090101344111399,False,444,432.9259529576939,2.557954071972278,-0.03037168931941836,23.93759171698614,60,266.4,10.449616111558006,81,0.7853881242001801
3086,mixtura,packing_B,T08,largo,6,G3,5.817012112493165,0.8651773597621467,0.8090101344111399,False,444,432.9259529576939,2.557954071972278,-0.03037168931941836,23.93759171698614,60,266.4,10.449616111558006,82,0.8782073284580865
3086,mixtura,packing_B,T08,largo,6,G3,5.817012112493165,0.8651773597621467,0.8090101344111399,False,444,432.9259529576939,2.557954071972278,-0.03037168931941836,23.93759171698614,60,266.4,10.449616111558006,83,0.4497753662881331
3086,mixtura,packing_B,T08,largo,6,G3,5.817012112493165,0.8651773597621467,0.8090101344111399,False,444,432.9259529576939,2.557954071972278,-0.03037168931941836,23.93759171698614,60,266.4,10.449616111558006,84,0.2406910335482511
3086,mixtura,packing_B,T08,largo,6,G3,5.817012112493165,0.8651773597621467,0.8090101344111399,False,444,432.9259529576939,2.557954071972278,-0.03037168931941836,23.93759171698614,60,266.4,10.449616111558006,85,0.04861715271364962
3086,mixtura,packing_B,T08,largo,6,G3,5.817012112493165,0.8651773597621467,0.8090101344111399,False,444,432.9259529576939,2.557954071972278,-0.03037168931941836,23.93759171698614,60,266.4,10.449616111558006,86,-0.1417703784250805
3086,mixtura,packing_B,T08,largo,6,G3,5.817012112493165,0.8651773597621467,0.8090101344111399,False,444,432.9259529576939,2.557954071972278,-0.03037168931941836,23.93759171698614,60,266.4,10.449616111558006,87,-0.45556343581875286
3086,mixtura,packing_B,T08,largo,6,G3,5.817012112493165,0.8651773597621467,0.8090101344111399,False,444,432.9259529576939,2.557954071972278,-0.03037168931941836,23.93759171698614,60,266.4,10.449616111558006,88,-0.4670455764966378
3086,mixtura,packing_B,T08,largo,6,G3,5.817012112493165,0.8651773597621467,0.8090101344111399,False,444,432.9259529576939,2.557954071972278,-0.03037168931941836,23.93759171698614,60,266.4,10.449616111558006,89,-0.7643581471445482
3086,mixtura,packing_B,T08,largo,6,G3,5.817012112493165,0.8651773597621467,0.8090101344111399,False,444,432.9259529576939,2.557954071972278,-0.03037168931941836,23.93759171698614,60,266.4,10.449616111558006,90,-0.9901047258045255
3086,mixtura,packing_B,T08,largo,6,G3,5.817012112493165,0.8651773597621467,0.8090101344111399,False,444,432.9259529576939,2.557954071972278,-0.03037168931941836,23.93759171698614,60,266.4,10.449616111558006,91,-1.046878953260348
3086,mixtura,packing_B,T08,largo,6,G3,5.817012112493165,0.8651773597621467,0.8090101344111399,False,444,432.9259529576939,2.557954071972278,-0.03037168931941836,23.93759171698614,60,266.4,10.449616111558006,92,-1.4949905494280906
3086,mixtura,packing_B,T08,largo,6,G3,5.817012112493165,0.8651773597621467,0.8090101344111399,False,444,432.9259529576939,2.557954071972278,-0.03037168931941836,23.93759171698614,60,266.4,10.449616111558006,93,-1.7384502740285654
3086,mixtura,packing_B,T08,largo,6,G3,5.817012112493165,0.8651773597621467,0.8090101344111399,False,444,432.9259529576939,2.557954071972278,-0.03037168931941836,23.93759171698614,60,266.4,10.449616111558006,94,-1.84704520610918
3086,mixtura,packing_B,T08,largo,6,G3,5.817012112493165,0.8651773597621467,0.8090101344111399,False,444,432.9259529576939,2.557954071972278,-0.03037168931941836,23.93759171698614,60,266.4,10.449616111558006,95,-1.9893520534523441
3086,mixtura,packing_B,T08,largo,6,G3,5.817012112493165,0.8651773597621467,0.8090101344111399,False,444,432.9259529576939,2.557954071972278,-0.03037168931941836,23.93759171698614,60,266.4,10.449616111558006,96,-2.114134865317292
3086,mixtura,packing_B,T08,largo,6,G3,5.817012112493165,0.8651773597621467,0.8090101344111399,False,444,432.9259529576939,2.557954071972278,-0.03037168931941836,23.93759171698614,60,266.4,10.449616111558006,97,-2.247256356275294
3086,mixtura,packing_B,T08,largo,6,G3,5.817012112493165,0.8651773597621467,0.8090101344111399,False,444,432.9259529576939,2.557954071972278,-0.03037168931941836,23.93759171698614,60,266.4,10.449616111558006,98,-2.575580766249931
3086,mixtura,packing_B,T08,largo,6,G3,5.817012112493165,0.8651773597621467,0.8090101344111399,False,444,432.9259529576939,2.557954071972278,-0.03037168931941836,23.93759171698614,60,266.4,10.449616111558006,99,-2.7025106977846134
3086,mixtura,packing_B,T08,largo,6,G3,5.817012112493165,0.8651773597621467,0.8090101344111399,False,444,432.9259529576939,2.557954071972278,-0.03037168931941836,23.93759171698614,60,266.4,10.449616111558006,100,-3.0019785201612392
3086,mixtura,packing_B,T08,largo,6,G3,5.817012112493165,0.8651773597621467,0.8090101344111399,False,444,432.9259529576939,2.557954071972278,-0.03037168931941836,23.93759171698614,60,266.4,10.449616111558006,101,-3.1557737210798966
3086,mixtura,packing_B,T08,largo,6,G3,5.817012112493165,0.8651773597621467,0.8090101344111399,False,444,432.9259529576939,2.557954071972278,-0.03037168931941836,23.93759171698614,60,266.4,10.449616111558006,102,-3.12474159605498
3086,mixtura,packing_B,T08,largo,6,G3,5.817012112493165,0.8651773597621467,0.8090101344111399,False,444,432.9259529576939,2.557954071972278,-0.03037168931941836,23.93759171698614,60,266.4,10.449616111558006,103,-3.515839965463103
3086,mixtura,packing_B,T08,largo,6,G3,5.817012112493165,0.8651773597621467,0.8090101344111399,False,444,432.9259529576939,2.557954071972278,-0.03037168931941836,23.93759171698614,60,266.4,10.449616111558006,104,-3.5300972414732668
3086,mixtura,packing_B,T08,largo,6,G3,5.817012112493165,0.8651773597621467,0.8090101344111399,False,444,432.9259529576939,2.557954071972278,-0.03037168931941836,23.93759171698614,60,266.4,10.449616111558006,105,-3.6902134237792326
3086,mixtura,packing_B,T08,largo,6,G3,5.817012112493165,0.8651773597621467,0.8090101344111399,False,444,432.9259529576939,2.557954071972278,-0.03037168931941836,23.93759171698614,60,266.4,10.449616111558006,106,-3.7128401209824258
3086,mixtura,packing_B,T08,largo,6,G3,5.817012112493165,0.8651773597621467,0.8090101344111399,False,444,432.9259529576939,2.557954071972278,-0.03037168931941836,23.93759171698614,60,266.4,10.449616111558006,107,-4.1020258791009026
3086,mixtura,packing_B,T08,largo,6,G3,5.817012112493165,0.8651773597621467,0.8090101344111399,False,444,432.9259529576939,2.557954071972278,-0.03037168931941836,23.93759171698614,60,266.4,10.449616111558006,108,-4.109384910898554
3086,mixtura,packing_B,T08,largo,6,G3,5.817012112493165,0.8651773597621467,0.8090101344111399,False,444,432.9259529576939,2.557954071972278,-0.03037168931941836,23.93759171698614,60,266.4,10.449616111558006,109,-4.2979699170961485
3086,mixtura,packing_B,T08,largo,6,G3,5.817012112493165,0.8651773597621467,0.8090101344111399,False,444,432.9259529576939,2.557954071972278,-0.03037168931941836,23.93759171698614,60,266.4,10.449616111558006,110,-4.4188905153384255
3086,mixtura,packing_B,T08,largo,6,G3,5.817012112493165,0.8651773597621467,0.8090101344111399,False,444,432.9259529576939,2.557954071972278,-0.03037168931941836,23.93759171698614,60,266.4,10.449616111558006,111,-4.804617070741184
3086,mixtura,packing_B,T08,largo,6,G3,5.817012112493165,0.8651773597621467,0.8090101344111399,False,444,432.9259529576939,2.557954071972278,-0.03037168931941836,23.93759171698614,60,266.4,10.449616111558006,112,-4.690505717005546
3086,mixtura,packing_B,T08,largo,6,G3,5.817012112493165,0.8651773597621467,0.8090101344111399,False,444,432.9259529576939,2.557954071972278,-0.03037168931941836,23.93759171698614,60,266.4,10.449616111558006,113,-4.840050984781328
3086,mixtura,packing_B,T08,largo,6,G3,5.817012112493165,0.8651773597621467,0.8090101344111399,False,444,432.9259529576939,2.557954071972278,-0.03037168931941836,23.93759171698614,60,266.4,10.449616111558006,114,-5.052927801683038
3086,mixtura,packing_B,T08,largo,6,G3,5.817012112493165,0.8651773597621467,0.8090101344111399,False,444,432.9259529576939,2.557954071972278,-0.03037168931941836,23.93759171698614,60,266.4,10.449616111558006,115,-4.937187386405005
3086,mixtura,packing_B,T08,largo,6,G3,5.817012112493165,0.8651773597621467,0.8090101344111399,False,444,432.9259529576939,2.557954071972278,-0.03037168931941836,23.93759171698614,60,266.4,10.449616111558006,116,-5.300850323012152
3086,mixtura,packing_B,T08,largo,6,G3,5.817012112493165,0.8651773597621467,0.8090101344111399,False,444,432.9259529576939,2.557954071972278,-0.03037168931941836,23.93759171698614,60,266.4,10.449616111558006,117,-5.28437632108698
3086,mixtura,packing_B,T08,largo,6,G3,5.817012112493165,0.8651773597621467,0.8090101344111399,False,444,432.9259529576939,2.557954071972278,-0.03037168931941836,23.93759171698614,60,266.4,10.449616111558006,118,-5.386403864736527
3086,mixtura,packing_B,T08,largo,6,G3,5.817012112493165,0.8651773597621467,0.8090101344111399,False,444,432.9259529576939,2.557954071972278,-0.03037168931941836,23.93759171698614,60,266.4,10.449616111558006,119,-5.299411841876356
3086,mixtura,packing_B,T08,largo,6,G3,5.817012112493165,0.8651773597621467,0.8090101344111399,False,444,432.9259529576939,2.557954071972278,-0.03037168931941836,23.93759171698614,60,266.4,10.449616111558006,120,-5.527573304075437
3086,mixtura,packing_B,T08,largo,6,G3,5.817012112493165,0.8651773597621467,0.8090101344111399,False,444,432.9259529576939,2.557954071972278,-0.03037168931941836,23.93759171698614,60,266.4,10.449616111558006,121,-5.717570435537768
3086,mixtura,packing_B,T08,largo,6,G3,5.817012112493165,0.8651773597621467,0.8090101344111399,False,444,432.9259529576939,2.557954071972278,-0.03037168931941836,23.93759171698614,60,266.4,10.449616111558006,122,-5.5559121867158465
3086,mixtura,packing_B,T08,largo,6,G3,5.817012112493165,0.8651773597621467,0.8090101344111399,False,444,432.9259529576939,2.557954071972278,-0.03037168931941836,23.93759171698614,60,266.4,10.449616111558006,123,-5.871191690147155
3086,mixtura,packing_B,T08,largo,6,G3,5.817012112493165,0.8651773597621467,0.8090101344111399,False,444,432.9259529576939,2.557954071972278,-0.03037168931941836,23.93759171698614,60,266.4,10.449616111558006,124,-6.1313137534849735
3086,mixtura,packing_B,T08,largo,6,G3,5.817012112493165,0.8651773597621467,0.8090101344111399,False,444,432.9259529576939,2.557954071972278,-0.03037168931941836,23.93759171698614,60,266.4,10.449616111558006,125,-5.898759699822702
3086,mixtura,packing_B,T08,largo,6,G3,5.817012112493165,0.8651773597621467,0.8090101344111399,False,444,432.9259529576939,2.557954071972278,-0.03037168931941836,23.93759171698614,60,266.4,10.449616111558006,126,-6.11135449201566
3086,mixtura,packing_B,T08,largo,6,G3,5.817012112493165,0.8651773597621467,0.8090101344111399,False,444,432.9259529576939,2.557954071972278,-0.03037168931941836,23.93759171698614,60,266.4,10.449616111558006,127,-6.248203443573902
3086,mixtura,packing_B,T08,largo,6,G3,5.817012112493165,0.8651773597621467,0.8090101344111399,False,444,432.9259529576939,2.557954071972278,-0.03037168931941836,23.93759171698614,60,266.4,10.449616111558006,128,-6.363697413801088
3086,mixtura,packing_B,T08,largo,6,G3,5.817012112493165,0.8651773597621467,0.8090101344111399,False,444,432.9259529576939,2.557954071972278,-0.03037168931941836,23.93759171698614,60,266.4,10.449616111558006,129,-6.386525076791266
3086,mixtura,packing_B,T08,largo,6,G3,5.817012112493165,0.8651773597621467,0.8090101344111399,False,444,432.9259529576939,2.557954071972278,-0.03037168931941836,23.93759171698614,60,266.4,10.449616111558006,130,-6.345418376577105
3086,mixtura,packing_B,T08,largo,6,G3,5.817012112493165,0.8651773597621467,0.8090101344111399,False,444,432.9259529576939,2.557954071972278,-0.03037168931941836,23.93759171698614,60,266.4,10.449616111558006,131,-6.33473347457149
3086,mixtura,packing_B,T08,largo,6,G3,5.817012112493165,0.8651773597621467,0.8090101344111399,False,444,432.9259529576939,2.557954071972278,-0.03037168931941836,23.93759171698614,60,266.4,10.449616111558006,132,-6.277165055104748
3086,mixtura,packing_B,T08,largo,6,G3,5.817012112493165,0.8651773597621467,0.8090101344111399,False,444,432.9259529576939,2.557954071972278,-0.03037168931941836,23.93759171698614,60,266.4,10.449616111558006,133,-6.3315696616462835
3086,mixtura,packing_B,T08,largo,6,G3,5.817012112493165,0.8651773597621467,0.8090101344111399,False,444,432.9259529576939,2.557954071972278,-0.03037168931941836,23.93759171698614,60,266.4,10.449616111558006,134,-6.545293956050645
3086,mixtura,packing_B,T08,largo,6,G3,5.817012112493165,0.8651773597621467,0.8090101344111399,False,444,432.9259529576939,2.557954071972278,-0.03037168931941836,23.93759171698614,60,266.4,10.449616111558006,135,-6.436840967889126
3086,mixtura,packing_B,T08,largo,6,G3,5.817012112493165,0.8651773597621467,0.8090101344111399,False,444,432.9259529576939,2.557954071972278,-0.03037168931941836,23.93759171698614,60,266.4,10.449616111558006,136,-6.711667703883746
3086,mixtura,packing_B,T08,largo,6,G3,5.817012112493165,0.8651773597621467,0.8090101344111399,False,444,432.9259529576939,2.557954071972278,-0.03037168931941836,23.93759171698614,60,266.4,10.449616111558006,137,-6.702838767825244
3086,mixtura,packing_B,T08,largo,6,G3,5.817012112493165,0.8651773597621467,0.8090101344111399,False,444,432.9259529576939,2.557954071972278,-0.03037168931941836,23.93759171698614,60,266.4,10.449616111558006,138,-6.701110140707795
3086,mixtura,packing_B,T08,largo,6,G3,5.817012112493165,0.8651773597621467,0.8090101344111399,False,444,432.9259529576939,2.557954071972278,-0.03037168931941836,23.93759171698614,60,266.4,10.449616111558006,139,-6.793057636554136
3086,mixtura,packing_B,T08,largo,6,G3,5.817012112493165,0.8651773597621467,0.8090101344111399,False,444,432.9259529576939,2.557954071972278,-0.03037168931941836,23.93759171698614,60,266.4,10.449616111558006,140,-6.887255564316738
3086,mixtura,packing_B,T08,largo,6,G3,5.817012112493165,0.8651773597621467,0.8090101344111399,False,444,432.9259529576939,2.557954071972278,-0.03037168931941836,23.93759171698614,60,266.4,10.449616111558006,141,-6.788293763230817
3086,mixtura,packing_B,T08,largo,6,G3,5.817012112493165,0.8651773597621467,0.8090101344111399,False,444,432.9259529576939,2.557954071972278,-0.03037168931941836,23.93759171698614,60,266.4,10.449616111558006,142,-6.883793371323621
3086,mixtura,packing_B,T08,largo,6,G3,5.817012112493165,0.8651773597621467,0.8090101344111399,False,444,432.9259529576939,2.557954071972278,-0.03037168931941836,23.93759171698614,60,266.4,10.449616111558006,143,-6.958147894933955
3086,mixtura,packing_B,T08,largo,6,G3,5.817012112493165,0.8651773597621467,0.8090101344111399,False,444,432.9259529576939,2.557954071972278,-0.03037168931941836,23.93759171698614,60,266.4,10.449616111558006,144,-6.828434298527555
3086,mixtura,packing_B,T08,largo,6,G3,5.817012112493165,0.8651773597621467,0.8090101344111399,False,444,432.9259529576939,2.557954071972278,-0.03037168931941836,23.93759171698614,60,266.4,10.449616111558006,145,-6.960159996067428
3086,mixtura,packing_B,T08,largo,6,G3,5.817012112493165,0.8651773597621467,0.8090101344111399,False,444,432.9259529576939,2.557954071972278,-0.03037168931941836,23.93759171698614,60,266.4,10.449616111558006,146,-7.017478068338561
3086,mixtura,packing_B,T08,largo,6,G3,5.817012112493165,0.8651773597621467,0.8090101344111399,False,444,432.9259529576939,2.557954071972278,-0.03037168931941836,23.93759171698614,60,266.4,10.449616111558006,147,-7.032285163148026
3086,mixtura,packing_B,T08,largo,6,G3,5.817012112493165,0.8651773597621467,0.8090101344111399,False,444,432.9259529576939,2.557954071972278,-0.03037168931941836,23.93759171698614,60,266.4,10.449616111558006,148,-7.359350026140238
3086,mixtura,packing_B,T08,largo,6,G3,5.817012112493165,0.8651773597621467,0.8090101344111399,False,444,432.9259529576939,2.557954071972278,-0.03037168931941836,23.93759171698614,60,266.4,10.449616111558006,149,-7.029371280797192
3086,mixtura,packing_B,T08,largo,6,G3,5.817012112493165,0.8651773597621467,0.8090101344111399,False,444,432.9259529576939,2.557954071972278,-0.03037168931941836,23.93759171698614,60,266.4,10.449616111558006,150,-7.227079507909154
3086,mixtura,packing_B,T08,largo,6,G3,5.817012112493165,0.8651773597621467,0.8090101344111399,False,444,432.9259529576939,2.557954071972278,-0.03037168931941836,23.93759171698614,60,266.4,10.449616111558006,151,-7.030773554807245
3086,mixtura,packing_B,T08,largo,6,G3,5.817012112493165,0.8651773597621467,0.8090101344111399,False,444,432.9259529576939,2.557954071972278,-0.03037168931941836,23.93759171698614,60,266.4,10.449616111558006,152,-7.089348123344265
3086,mixtura,packing_B,T08,largo,6,G3,5.817012112493165,0.8651773597621467,0.8090101344111399,False,444,432.9259529576939,2.557954071972278,-0.03037168931941836,23.93759171698614,60,266.4,10.449616111558006,153,-7.2155963826251
3086,mixtura,packing_B,T08,largo,6,G3,5.817012112493165,0.8651773597621467,0.8090101344111399,False,444,432.9259529576939,2.557954071972278,-0.03037168931941836,23.93759171698614,60,266.4,10.449616111558006,154,-7.07488631764642
3086,mixtura,packing_B,T08,largo,6,G3,5.817012112493165,0.8651773597621467,0.8090101344111399,False,444,432.9259529576939,2.557954071972278,-0.03037168931941836,23.93759171698614,60,266.4,10.449616111558006,155,-7.0570665821642695
3086,mixtura,packing_B,T08,largo,6,G3,5.817012112493165,0.8651773597621467,0.8090101344111399,False,444,432.9259529576939,2.557954071972278,-0.03037168931941836,23.93759171698614,60,266.4,10.449616111558006,156,-7.0738553179225825
3086,mixtura,packing_B,T08,largo,6,G3,5.817012112493165,0.8651773597621467,0.8090101344111399,False,444,432.9259529576939,2.557954071972278,-0.03037168931941836,23.93759171698614,60,266.4,10.449616111558006,157,-6.972255992316239
3086,mixtura,packing_B,T08,largo,6,G3,5.817012112493165,0.8651773597621467,0.8090101344111399,False,444,432.9259529576939,2.557954071972278,-0.03037168931941836,23.93759171698614,60,266.4,10.449616111558006,158,-7.034365588744594
3086,mixtura,packing_B,T08,largo,6,G3,5.817012112493165,0.8651773597621467,0.8090101344111399,False,444,432.9259529576939,2.557954071972278,-0.03037168931941836,23.93759171698614,60,266.4,10.449616111558006,159,-7.056704796252526
3086,mixtura,packing_B,T08,largo,6,G3,5.817012112493165,0.8651773597621467,0.8090101344111399,False,444,432.9259529576939,2.557954071972278,-0.03037168931941836,23.93759171698614,60,266.4,10.449616111558006,160,-6.99050833679134
3086,mixtura,packing_B,T08,largo,6,G3,5.817012112493165,0.8651773597621467,0.8090101344111399,False,444,432.9259529576939,2.557954071972278,-0.03037168931941836,23.93759171698614,60,266.4,10.449616111558006,161,-6.855625722120803
3086,mixtura,packing_B,T08,largo,6,G3,5.817012112493165,0.8651773597621467,0.8090101344111399,False,444,432.9259529576939,2.557954071972278,-0.03037168931941836,23.93759171698614,60,266.4,10.449616111558006,162,-7.097264064746686
3086,mixtura,packing_B,T08,largo,6,G3,5.817012112493165,0.8651773597621467,0.8090101344111399,False,444,432.9259529576939,2.557954071972278,-0.03037168931941836,23.93759171698614,60,266.4,10.449616111558006,163,-6.859349698270868
3086,mixtura,packing_B,T08,largo,6,G3,5.817012112493165,0.8651773597621467,0.8090101344111399,False,444,432.9259529576939,2.557954071972278,-0.03037168931941836,23.93759171698614,60,266.4,10.449616111558006,164,-6.9966102013236435
3086,mixtura,packing_B,T08,largo,6,G3,5.817012112493165,0.8651773597621467,0.8090101344111399,False,444,432.9259529576939,2.557954071972278,-0.03037168931941836,23.93759171698614,60,266.4,10.449616111558006,165,-6.975927380033045
3086,mixtura,packing_B,T08,largo,6,G3,5.817012112493165,0.8651773597621467,0.8090101344111399,False,444,432.9259529576939,2.557954071972278,-0.03037168931941836,23.93759171698614,60,266.4,10.449616111558006,166,-6.804650227274568
3086,mixtura,packing_B,T08,largo,6,G3,5.817012112493165,0.8651773597621467,0.8090101344111399,False,444,432.9259529576939,2.557954071972278,-0.03037168931941836,23.93759171698614,60,266.4,10.449616111558006,167,-6.785898175334865
3086,mixtura,packing_B,T08,largo,6,G3,5.817012112493165,0.8651773597621467,0.8090101344111399,False,444,432.9259529576939,2.557954071972278,-0.03037168931941836,23.93759171698614,60,266.4,10.449616111558006,168,-6.7584202674280585
3086,mixtura,packing_B,T08,largo,6,G3,5.817012112493165,0.8651773597621467,0.8090101344111399,False,444,432.9259529576939,2.557954071972278,-0.03037168931941836,23.93759171698614,60,266.4,10.449616111558006,169,-6.711185358097938
3086,mixtura,packing_B,T08,largo,6,G3,5.817012112493165,0.8651773597621467,0.8090101344111399,False,444,432.9259529576939,2.557954071972278,-0.03037168931941836,23.93759171698614,60,266.4,10.449616111558006,170,-6.809301946916634
3086,mixtura,packing_B,T08,largo,6,G3,5.817012112493165,0.8651773597621467,0.8090101344111399,False,444,432.9259529576939,2.557954071972278,-0.03037168931941836,23.93759171698614,60,266.4,10.449616111558006,171,-6.597815447732192
3086,mixtura,packing_B,T08,largo,6,G3,5.817012112493165,0.8651773597621467,0.8090101344111399,False,444,432.9259529576939,2.557954071972278,-0.03037168931941836,23.93759171698614,60,266.4,10.449616111558006,172,-6.707134381262526
3086,mixtura,packing_B,T08,largo,6,G3,5.817012112493165,0.8651773597621467,0.8090101344111399,False,444,432.9259529576939,2.557954071972278,-0.03037168931941836,23.93759171698614,60,266.4,10.449616111558006,173,-6.651840946524646
3086,mixtura,packing_B,T08,largo,6,G3,5.817012112493165,0.8651773597621467,0.8090101344111399,False,444,432.9259529576939,2.557954071972278,-0.03037168931941836,23.93759171698614,60,266.4,10.449616111558006,174,-6.597786177679233
3086,mixtura,packing_B,T08,largo,6,G3,5.817012112493165,0.8651773597621467,0.8090101344111399,False,444,432.9259529576939,2.557954071972278,-0.03037168931941836,23.93759171698614,60,266.4,10.449616111558006,175,-6.483164742899816
3086,mixtura,packing_B,T08,largo,6,G3,5.817012112493165,0.8651773597621467,0.8090101344111399,False,444,432.9259529576939,2.557954071972278,-0.03037168931941836,23.93759171698614,60,266.4,10.449616111558006,176,-6.402815715320347
3086,mixtura,packing_B,T08,largo,6,G3,5.817012112493165,0.8651773597621467,0.8090101344111399,False,444,432.9259529576939,2.557954071972278,-0.03037168931941836,23.93759171698614,60,266.4,10.449616111558006,177,-6.42231738993682
3086,mixtura,packing_B,T08,largo,6,G3,5.817012112493165,0.8651773597621467,0.8090101344111399,False,444,432.9259529576939,2.557954071972278,-0.03037168931941836,23.93759171698614,60,266.4,10.449616111558006,178,-6.454678149240103
3086,mixtura,packing_B,T08,largo,6,G3,5.817012112493165,0.8651773597621467,0.8090101344111399,False,444,432.9259529576939,2.557954071972278,-0.03037168931941836,23.93759171698614,60,266.4,10.449616111558006,179,-6.2186906852067025
3086,mixtura,packing_B,T08,largo,6,G3,5.817012112493165,0.8651773597621467,0.8090101344111399,False,444,432.9259529576939,2.557954071972278,-0.03037168931941836,23.93759171698614,60,266.4,10.449616111558006,180,-6.151492625588513
3086,mixtura,packing_B,T08,largo,6,G3,5.817012112493165,0.8651773597621467,0.8090101344111399,False,444,432.9259529576939,2.557954071972278,-0.03037168931941836,23.93759171698614,60,266.4,10.449616111558006,181,-6.272356009298249
3086,mixtura,packing_B,T08,largo,6,G3,5.817012112493165,0.8651773597621467,0.8090101344111399,False,444,432.9259529576939,2.557954071972278,-0.03037168931941836,23.93759171698614,60,266.4,10.449616111558006,182,-5.981077506903192
3086,mixtura,packing_B,T08,largo,6,G3,5.817012112493165,0.8651773597621467,0.8090101344111399,False,444,432.9259529576939,2.557954071972278,-0.03037168931941836,23.93759171698614,60,266.4,10.449616111558006,183,-6.119819564928955
3086,mixtura,packing_B,T08,largo,6,G3,5.817012112493165,0.8651773597621467,0.8090101344111399,False,444,432.9259529576939,2.557954071972278,-0.03037168931941836,23.93759171698614,60,266.4,10.449616111558006,184,-6.129298083928692
3086,mixtura,packing_B,T08,largo,6,G3,5.817012112493165,0.8651773597621467,0.8090101344111399,False,444,432.9259529576939,2.557954071972278,-0.03037168931941836,23.93759171698614,60,266.4,10.449616111558006,185,-6.073380163175027
3086,mixtura,packing_B,T08,largo,6,G3,5.817012112493165,0.8651773597621467,0.8090101344111399,False,444,432.9259529576939,2.557954071972278,-0.03037168931941836,23.93759171698614,60,266.4,10.449616111558006,186,-6.048363081892395
3086,mixtura,packing_B,T08,largo,6,G3,5.817012112493165,0.8651773597621467,0.8090101344111399,False,444,432.9259529576939,2.557954071972278,-0.03037168931941836,23.93759171698614,60,266.4,10.449616111558006,187,-5.962618665258752
3086,mixtura,packing_B,T08,largo,6,G3,5.817012112493165,0.8651773597621467,0.8090101344111399,False,444,432.9259529576939,2.557954071972278,-0.03037168931941836,23.93759171698614,60,266.4,10.449616111558006,188,-5.792332912413631
3086,mixtura,packing_B,T08,largo,6,G3,5.817012112493165,0.8651773597621467,0.8090101344111399,False,444,432.9259529576939,2.557954071972278,-0.03037168931941836,23.93759171698614,60,266.4,10.449616111558006,189,-5.555129879655267
3086,mixtura,packing_B,T08,largo,6,G3,5.817012112493165,0.8651773597621467,0.8090101344111399,False,444,432.9259529576939,2.557954071972278,-0.03037168931941836,23.93759171698614,60,266.4,10.449616111558006,190,-5.727152986149115
3086,mixtura,packing_B,T08,largo,6,G3,5.817012112493165,0.8651773597621467,0.8090101344111399,False,444,432.9259529576939,2.557954071972278,-0.03037168931941836,23.93759171698614,60,266.4,10.449616111558006,191,-5.547336067930483
3086,mixtura,packing_B,T08,largo,6,G3,5.817012112493165,0.8651773597621467,0.8090101344111399,False,444,432.9259529576939,2.557954071972278,-0.03037168931941836,23.93759171698614,60,266.4,10.449616111558006,192,-5.441069759194636
3086,mixtura,packing_B,T08,largo,6,G3,5.817012112493165,0.8651773597621467,0.8090101344111399,False,444,432.9259529576939,2.557954071972278,-0.03037168931941836,23.93759171698614,60,266.4,10.449616111558006,193,-5.2671159919975725
3086,mixtura,packing_B,T08,largo,6,G3,5.817012112493165,0.8651773597621467,0.8090101344111399,False,444,432.9259529576939,2.557954071972278,-0.03037168931941836,23.93759171698614,60,266.4,10.449616111558006,194,-5.2140630098704595
3086,mixtura,packing_B,T08,largo,6,G3,5.817012112493165,0.8651773597621467,0.8090101344111399,False,444,432.9259529576939,2.557954071972278,-0.03037168931941836,23.93759171698614,60,266.4,10.449616111558006,195,-5.471276565289919
3086,mixtura,packing_B,T08,largo,6,G3,5.817012112493165,0.8651773597621467,0.8090101344111399,False,444,432.9259529576939,2.557954071972278,-0.03037168931941836,23.93759171698614,60,266.4,10.449616111558006,196,-5.136596160774003
3086,mixtura,packing_B,T08,largo,6,G3,5.817012112493165,0.8651773597621467,0.8090101344111399,False,444,432.9259529576939,2.557954071972278,-0.03037168931941836,23.93759171698614,60,266.4,10.449616111558006,197,-5.071761643500928
3086,mixtura,packing_B,T08,largo,6,G3,5.817012112493165,0.8651773597621467,0.8090101344111399,False,444,432.9259529576939,2.557954071972278,-0.03037168931941836,23.93759171698614,60,266.4,10.449616111558006,198,-4.946785461644642
3086,mixtura,packing_B,T08,largo,6,G3,5.817012112493165,0.8651773597621467,0.8090101344111399,False,444,432.9259529576939,2.557954071972278,-0.03037168931941836,23.93759171698614,60,266.4,10.449616111558006,199,-5.04046178838905
3086,mixtura,packing_B,T08,largo,6,G3,5.817012112493165,0.8651773597621467,0.8090101344111399,False,444,432.9259529576939,2.557954071972278,-0.03037168931941836,23.93759171698614,60,266.4,10.449616111558006,200,-4.901924897511023
3086,mixtura,packing_B,T08,largo,6,G3,5.817012112493165,0.8651773597621467,0.8090101344111399,False,444,432.9259529576939,2.557954071972278,-0.03037168931941836,23.93759171698614,60,266.4,10.449616111558006,201,-5.1498809836418165
3086,mixtura,packing_B,T08,largo,6,G3,5.817012112493165,0.8651773597621467,0.8090101344111399,False,444,432.9259529576939,2.557954071972278,-0.03037168931941836,23.93759171698614,60,266.4,10.449616111558006,202,-4.898576757104658
3086,mixtura,packing_B,T08,largo,6,G3,5.817012112493165,0.8651773597621467,0.8090101344111399,False,444,432.9259529576939,2.557954071972278,-0.03037168931941836,23.93759171698614,60,266.4,10.449616111558006,203,-4.852479425740694
3086,mixtura,packing_B,T08,largo,6,G3,5.817012112493165,0.8651773597621467,0.8090101344111399,False,444,432.9259529576939,2.557954071972278,-0.03037168931941836,23.93759171698614,60,266.4,10.449616111558006,204,-4.648435039056683
3086,mixtura,packing_B,T08,largo,6,G3,5.817012112493165,0.8651773597621467,0.8090101344111399,False,444,432.9259529576939,2.557954071972278,-0.03037168931941836,23.93759171698614,60,266.4,10.449616111558006,205,-4.727714168028755
3086,mixtura,packing_B,T08,largo,6,G3,5.817012112493165,0.8651773597621467,0.8090101344111399,False,444,432.9259529576939,2.557954071972278,-0.03037168931941836,23.93759171698614,60,266.4,10.449616111558006,206,-4.625120375073234
3086,mixtura,packing_B,T08,largo,6,G3,5.817012112493165,0.8651773597621467,0.8090101344111399,False,444,432.9259529576939,2.557954071972278,-0.03037168931941836,23.93759171698614,60,266.4,10.449616111558006,207,-4.456168081594104
3086,mixtura,packing_B,T08,largo,6,G3,5.817012112493165,0.8651773597621467,0.8090101344111399,False,444,432.9259529576939,2.557954071972278,-0.03037168931941836,23.93759171698614,60,266.4,10.449616111558006,208,-4.358805639174359
3086,mixtura,packing_B,T08,largo,6,G3,5.817012112493165,0.8651773597621467,0.8090101344111399,False,444,432.9259529576939,2.557954071972278,-0.03037168931941836,23.93759171698614,60,266.4,10.449616111558006,209,-4.278792995648942
3086,mixtura,packing_B,T08,largo,6,G3,5.817012112493165,0.8651773597621467,0.8090101344111399,False,444,432.9259529576939,2.557954071972278,-0.03037168931941836,23.93759171698614,60,266.4,10.449616111558006,210,-4.113534506693992
3086,mixtura,packing_B,T08,largo,6,G3,5.817012112493165,0.8651773597621467,0.8090101344111399,False,444,432.9259529576939,2.557954071972278,-0.03037168931941836,23.93759171698614,60,266.4,10.449616111558006,211,-4.099606093821085
3086,mixtura,packing_B,T08,largo,6,G3,5.817012112493165,0.8651773597621467,0.8090101344111399,False,444,432.9259529576939,2.557954071972278,-0.03037168931941836,23.93759171698614,60,266.4,10.449616111558006,212,-3.996372655741362
3086,mixtura,packing_B,T08,largo,6,G3,5.817012112493165,0.8651773597621467,0.8090101344111399,False,444,432.9259529576939,2.557954071972278,-0.03037168931941836,23.93759171698614,60,266.4,10.449616111558006,213,-4.055755767560759
3086,mixtura,packing_B,T08,largo,6,G3,5.817012112493165,0.8651773597621467,0.8090101344111399,False,444,432.9259529576939,2.557954071972278,-0.03037168931941836,23.93759171698614,60,266.4,10.449616111558006,214,-3.9186284518131496
3086,mixtura,packing_B,T08,largo,6,G3,5.817012112493165,0.8651773597621467,0.8090101344111399,False,444,432.9259529576939,2.557954071972278,-0.03037168931941836,23.93759171698614,60,266.4,10.449616111558006,215,-3.843148199484554
3086,mixtura,packing_B,T08,largo,6,G3,5.817012112493165,0.8651773597621467,0.8090101344111399,False,444,432.9259529576939,2.557954071972278,-0.03037168931941836,23.93759171698614,60,266.4,10.449616111558006,216,-3.542995774956803
3086,mixtura,packing_B,T08,largo,6,G3,5.817012112493165,0.8651773597621467,0.8090101344111399,False,444,432.9259529576939,2.557954071972278,-0.03037168931941836,23.93759171698614,60,266.4,10.449616111558006,217,-3.7513914673273256
3086,mixtura,packing_B,T08,largo,6,G3,5.817012112493165,0.8651773597621467,0.8090101344111399,False,444,432.9259529576939,2.557954071972278,-0.03037168931941836,23.93759171698614,60,266.4,10.449616111558006,218,-3.623632385546799
3086,mixtura,packing_B,T08,largo,6,G3,5.817012112493165,0.8651773597621467,0.8090101344111399,False,444,432.9259529576939,2.557954071972278,-0.03037168931941836,23.93759171698614,60,266.4,10.449616111558006,219,-3.606119445773395
3086,mixtura,packing_B,T08,largo,6,G3,5.817012112493165,0.8651773597621467,0.8090101344111399,False,444,432.9259529576939,2.557954071972278,-0.03037168931941836,23.93759171698614,60,266.4,10.449616111558006,220,-3.378167440916992
3086,mixtura,packing_B,T08,largo,6,G3,5.817012112493165,0.8651773597621467,0.8090101344111399,False,444,432.9259529576939,2.557954071972278,-0.03037168931941836,23.93759171698614,60,266.4,10.449616111558006,221,-3.277977666827406
3086,mixtura,packing_B,T08,largo,6,G3,5.817012112493165,0.8651773597621467,0.8090101344111399,False,444,432.9259529576939,2.557954071972278,-0.03037168931941836,23.93759171698614,60,266.4,10.449616111558006,222,-3.369985183489951
3086,mixtura,packing_B,T08,largo,6,G3,5.817012112493165,0.8651773597621467,0.8090101344111399,False,444,432.9259529576939,2.557954071972278,-0.03037168931941836,23.93759171698614,60,266.4,10.449616111558006,223,-3.2181831561411376
3086,mixtura,packing_B,T08,largo,6,G3,5.817012112493165,0.8651773597621467,0.8090101344111399,False,444,432.9259529576939,2.557954071972278,-0.03037168931941836,23.93759171698614,60,266.4,10.449616111558006,224,-2.940561941387957
3086,mixtura,packing_B,T08,largo,6,G3,5.817012112493165,0.8651773597621467,0.8090101344111399,False,444,432.9259529576939,2.557954071972278,-0.03037168931941836,23.93759171698614,60,266.4,10.449616111558006,225,-3.1260961728324004
3086,mixtura,packing_B,T08,largo,6,G3,5.817012112493165,0.8651773597621467,0.8090101344111399,False,444,432.9259529576939,2.557954071972278,-0.03037168931941836,23.93759171698614,60,266.4,10.449616111558006,226,-3.0347196183861
3086,mixtura,packing_B,T08,largo,6,G3,5.817012112493165,0.8651773597621467,0.8090101344111399,False,444,432.9259529576939,2.557954071972278,-0.03037168931941836,23.93759171698614,60,266.4,10.449616111558006,227,-2.9302791713147096
3086,mixtura,packing_B,T08,largo,6,G3,5.817012112493165,0.8651773597621467,0.8090101344111399,False,444,432.9259529576939,2.557954071972278,-0.03037168931941836,23.93759171698614,60,266.4,10.449616111558006,228,-2.832335911505743
3086,mixtura,packing_B,T08,largo,6,G3,5.817012112493165,0.8651773597621467,0.8090101344111399,False,444,432.9259529576939,2.557954071972278,-0.03037168931941836,23.93759171698614,60,266.4,10.449616111558006,229,-2.9053877096729566
3086,mixtura,packing_B,T08,largo,6,G3,5.817012112493165,0.8651773597621467,0.8090101344111399,False,444,432.9259529576939,2.557954071972278,-0.03037168931941836,23.93759171698614,60,266.4,10.449616111558006,230,-2.6928365248890134
3086,mixtura,packing_B,T08,largo,6,G3,5.817012112493165,0.8651773597621467,0.8090101344111399,False,444,432.9259529576939,2.557954071972278,-0.03037168931941836,23.93759171698614,60,266.4,10.449616111558006,231,-2.4477347715814175
3086,mixtura,packing_B,T08,largo,6,G3,5.817012112493165,0.8651773597621467,0.8090101344111399,False,444,432.9259529576939,2.557954071972278,-0.03037168931941836,23.93759171698614,60,266.4,10.449616111558006,232,-2.6219974605345873
3086,mixtura,packing_B,T08,largo,6,G3,5.817012112493165,0.8651773597621467,0.8090101344111399,False,444,432.9259529576939,2.557954071972278,-0.03037168931941836,23.93759171698614,60,266.4,10.449616111558006,233,-2.358911131112242
3086,mixtura,packing_B,T08,largo,6,G3,5.817012112493165,0.8651773597621467,0.8090101344111399,False,444,432.9259529576939,2.557954071972278,-0.03037168931941836,23.93759171698614,60,266.4,10.449616111558006,234,-2.6083215543890015
3086,mixtura,packing_B,T08,largo,6,G3,5.817012112493165,0.8651773597621467,0.8090101344111399,False,444,432.9259529576939,2.557954071972278,-0.03037168931941836,23.93759171698614,60,266.4,10.449616111558006,235,-2.418850199373359
3086,mixtura,packing_B,T08,largo,6,G3,5.817012112493165,0.8651773597621467,0.8090101344111399,False,444,432.9259529576939,2.557954071972278,-0.03037168931941836,23.93759171698614,60,266.4,10.449616111558006,236,-2.261692619970156
3086,mixtura,packing_B,T08,largo,6,G3,5.817012112493165,0.8651773597621467,0.8090101344111399,False,444,432.9259529576939,2.557954071972278,-0.03037168931941836,23.93759171698614,60,266.4,10.449616111558006,237,-2.264536957624711
3086,mixtura,packing_B,T08,largo,6,G3,5.817012112493165,0.8651773597621467,0.8090101344111399,False,444,432.9259529576939,2.557954071972278,-0.03037168931941836,23.93759171698614,60,266.4,10.449616111558006,238,-1.972551665053028
3086,mixtura,packing_B,T08,largo,6,G3,5.817012112493165,0.8651773597621467,0.8090101344111399,False,444,432.9259529576939,2.557954071972278,-0.03037168931941836,23.93759171698614,60,266.4,10.449616111558006,239,-1.957493666052147
3086,mixtura,packing_B,T08,largo,6,G3,5.817012112493165,0.8651773597621467,0.8090101344111399,False,444,432.9259529576939,2.557954071972278,-0.03037168931941836,23.93759171698614,60,266.4,10.449616111558006,240,-1.9238799198430596
3086,mixtura,packing_B,T08,largo,6,G3,5.817012112493165,0.8651773597621467,0.8090101344111399,False,444,432.9259529576939,2.557954071972278,-0.03037168931941836,23.93759171698614,60,266.4,10.449616111558006,241,-1.8714166219836466
3086,mixtura,packing_B,T08,largo,6,G3,5.817012112493165,0.8651773597621467,0.8090101344111399,False,444,432.9259529576939,2.557954071972278,-0.03037168931941836,23.93759171698614,60,266.4,10.449616111558006,242,-1.765544575647865
3086,mixtura,packing_B,T08,largo,6,G3,5.817012112493165,0.8651773597621467,0.8090101344111399,False,444,432.9259529576939,2.557954071972278,-0.03037168931941836,23.93759171698614,60,266.4,10.449616111558006,243,-1.7994910931877919
3086,mixtura,packing_B,T08,largo,6,G3,5.817012112493165,0.8651773597621467,0.8090101344111399,False,444,432.9259529576939,2.557954071972278,-0.03037168931941836,23.93759171698614,60,266.4,10.449616111558006,244,-1.6302758563157935
3086,mixtura,packing_B,T08,largo,6,G3,5.817012112493165,0.8651773597621467,0.8090101344111399,False,444,432.9259529576939,2.557954071972278,-0.03037168931941836,23.93759171698614,60,266.4,10.449616111558006,245,-1.5527612776273965
3086,mixtura,packing_B,T08,largo,6,G3,5.817012112493165,0.8651773597621467,0.8090101344111399,False,444,432.9259529576939,2.557954071972278,-0.03037168931941836,23.93759171698614,60,266.4,10.449616111558006,246,-1.4403787590724868
3086,mixtura,packing_B,T08,largo,6,G3,5.817012112493165,0.8651773597621467,0.8090101344111399,False,444,432.9259529576939,2.557954071972278,-0.03037168931941836,23.93759171698614,60,266.4,10.449616111558006,247,-1.0828095271715856
3086,mixtura,packing_B,T08,largo,6,G3,5.817012112493165,0.8651773597621467,0.8090101344111399,False,444,432.9259529576939,2.557954071972278,-0.03037168931941836,23.93759171698614,60,266.4,10.449616111558006,248,-1.2673603805132603
3086,mixtura,packing_B,T08,largo,6,G3,5.817012112493165,0.8651773597621467,0.8090101344111399,False,444,432.9259529576939,2.557954071972278,-0.03037168931941836,23.93759171698614,60,266.4,10.449616111558006,249,-1.2269627477925877
3086,mixtura,packing_B,T08,largo,6,G3,5.817012112493165,0.8651773597621467,0.8090101344111399,False,444,432.9259529576939,2.557954071972278,-0.03037168931941836,23.93759171698614,60,266.4,10.449616111558006,250,-1.343067633218377
3086,mixtura,packing_B,T08,largo,6,G3,5.817012112493165,0.8651773597621467,0.8090101344111399,False,444,432.9259529576939,2.557954071972278,-0.03037168931941836,23.93759171698614,60,266.4,10.449616111558006,251,-1.022066758656563
3086,mixtura,packing_B,T08,largo,6,G3,5.817012112493165,0.8651773597621467,0.8090101344111399,False,444,432.9259529576939,2.557954071972278,-0.03037168931941836,23.93759171698614,60,266.4,10.449616111558006,252,-0.9626920062702644
3086,mixtura,packing_B,T08,largo,6,G3,5.817012112493165,0.8651773597621467,0.8090101344111399,False,444,432.9259529576939,2.557954071972278,-0.03037168931941836,23.93759171698614,60,266.4,10.449616111558006,253,-1.0312908706809878
3086,mixtura,packing_B,T08,largo,6,G3,5.817012112493165,0.8651773597621467,0.8090101344111399,False,444,432.9259529576939,2.557954071972278,-0.03037168931941836,23.93759171698614,60,266.4,10.449616111558006,254,-0.9253405611707883
3086,mixtura,packing_B,T08,largo,6,G3,5.817012112493165,0.8651773597621467,0.8090101344111399,False,444,432.9259529576939,2.557954071972278,-0.03037168931941836,23.93759171698614,60,266.4,10.449616111558006,255,-0.7728259909291171
3086,mixtura,packing_B,T08,largo,6,G3,5.817012112493165,0.8651773597621467,0.8090101344111399,False,444,432.9259529576939,2.557954071972278,-0.03037168931941836,23.93759171698614,60,266.4,10.449616111558006,256,-0.6619153475832196
3086,mixtura,packing_B,T08,largo,6,G3,5.817012112493165,0.8651773597621467,0.8090101344111399,False,444,432.9259529576939,2.557954071972278,-0.03037168931941836,23.93759171698614,60,266.4,10.449616111558006,257,-0.6417701023833121
3086,mixtura,packing_B,T08,largo,6,G3,5.817012112493165,0.8651773597621467,0.8090101344111399,False,444,432.9259529576939,2.557954071972278,-0.03037168931941836,23.93759171698614,60,266.4,10.449616111558006,258,-0.8247624509983457
3086,mixtura,packing_B,T08,largo,6,G3,5.817012112493165,0.8651773597621467,0.8090101344111399,False,444,432.9259529576939,2.557954071972278,-0.03037168931941836,23.93759171698614,60,266.4,10.449616111558006,259,-0.6216374312923587
3086,mixtura,packing_B,T08,largo,6,G3,5.817012112493165,0.8651773597621467,0.8090101344111399,False,444,432.9259529576939,2.557954071972278,-0.03037168931941836,23.93759171698614,60,266.4,10.449616111558006,260,-0.4293346769628601
3086,mixtura,packing_B,T08,largo,6,G3,5.817012112493165,0.8651773597621467,0.8090101344111399,False,444,432.9259529576939,2.557954071972278,-0.03037168931941836,23.93759171698614,60,266.4,10.449616111558006,261,-0.4736866668818819
3086,mixtura,packing_B,T08,largo,6,G3,5.817012112493165,0.8651773597621467,0.8090101344111399,False,444,432.9259529576939,2.557954071972278,-0.03037168931941836,23.93759171698614,60,266.4,10.449616111558006,262,-0.35331669389739506
3086,mixtura,packing_B,T08,largo,6,G3,5.817012112493165,0.8651773597621467,0.8090101344111399,False,444,432.9259529576939,2.557954071972278,-0.03037168931941836,23.93759171698614,60,266.4,10.449616111558006,263,-0.32365293574950477
3086,mixtura,packing_B,T08,largo,6,G3,5.817012112493165,0.8651773597621467,0.8090101344111399,False,444,432.9259529576939,2.557954071972278,-0.03037168931941836,23.93759171698614,60,266.4,10.449616111558006,264,-0.24905475288653675
3086,mixtura,packing_B,T08,largo,6,G3,5.817012112493165,0.8651773597621467,0.8090101344111399,False,444,432.9259529576939,2.557954071972278,-0.03037168931941836,23.93759171698614,60,266.4,10.449616111558006,265,-0.22399153088591722
3086,mixtura,packing_B,T08,largo,6,G3,5.817012112493165,0.8651773597621467,0.8090101344111399,False,444,432.9259529576939,2.557954071972278,-0.03037168931941836,23.93759171698614,60,266.4,10.449616111558006,266,-0.2120126131768585
3086,mixtura,packing_B,T08,largo,6,G3,5.817012112493165,0.8651773597621467,0.8090101344111399,False,444,432.9259529576939,2.557954071972278,-0.03037168931941836,23.93759171698614,60,266.4,10.449616111558006,267,-0.34570016483793997
3086,mixtura,packing_B,T08,largo,6,G3,5.817012112493165,0.8651773597621467,0.8090101344111399,False,444,432.9259529576939,2.557954071972278,-0.03037168931941836,23.93759171698614,60,266.4,10.449616111558006,268,-0.11038368257178405
3086,mixtura,packing_B,T08,largo,6,G3,5.817012112493165,0.8651773597621467,0.8090101344111399,False,444,432.9259529576939,2.557954071972278,-0.03037168931941836,23.93759171698614,60,266.4,10.449616111558006,269,-0.25702539208830766
3086,mixtura,packing_B,T08,largo,6,G3,5.817012112493165,0.8651773597621467,0.8090101344111399,False,444,432.9259529576939,2.557954071972278,-0.03037168931941836,23.93759171698614,60,266.4,10.449616111558006,270,-0.09381623746956946
3086,mixtura,packing_B,T08,largo,6,G3,5.817012112493165,0.8651773597621467,0.8090101344111399,False,444,432.9259529576939,2.557954071972278,-0.03037168931941836,23.93759171698614,60,266.4,10.449616111558006,271,0.1281574468370219
3086,mixtura,packing_B,T08,largo,6,G3,5.817012112493165,0.8651773597621467,0.8090101344111399,False,444,432.9259529576939,2.557954071972278,-0.03037168931941836,23.93759171698614,60,266.4,10.449616111558006,272,0.21429678275251193
3086,mixtura,packing_B,T08,largo,6,G3,5.817012112493165,0.8651773597621467,0.8090101344111399,False,444,432.9259529576939,2.557954071972278,-0.03037168931941836,23.93759171698614,60,266.4,10.449616111558006,273,0.5772006176658098
3086,mixtura,packing_B,T08,largo,6,G3,5.817012112493165,0.8651773597621467,0.8090101344111399,False,444,432.9259529576939,2.557954071972278,-0.03037168931941836,23.93759171698614,60,266.4,10.449616111558006,274,0.33159666391477693
3086,mixtura,packing_B,T08,largo,6,G3,5.817012112493165,0.8651773597621467,0.8090101344111399,False,444,432.9259529576939,2.557954071972278,-0.03037168931941836,23.93759171698614,60,266.4,10.449616111558006,275,0.340972581186487
3086,mixtura,packing_B,T08,largo,6,G3,5.817012112493165,0.8651773597621467,0.8090101344111399,False,444,432.9259529576939,2.557954071972278,-0.03037168931941836,23.93759171698614,60,266.4,10.449616111558006,276,0.39686280440227606
3086,mixtura,packing_B,T08,largo,6,G3,5.817012112493165,0.8651773597621467,0.8090101344111399,False,444,432.9259529576939,2.557954071972278,-0.03037168931941836,23.93759171698614,60,266.4,10.449616111558006,277,0.40805997730463067
3086,mixtura,packing_B,T08,largo,6,G3,5.817012112493165,0.8651773597621467,0.8090101344111399,False,444,432.9259529576939,2.557954071972278,-0.03037168931941836,23.93759171698614,60,266.4,10.449616111558006,278,0.5269507449629525
3086,mixtura,packing_B,T08,largo,6,G3,5.817012112493165,0.8651773597621467,0.8090101344111399,False,444,432.9259529576939,2.557954071972278,-0.03037168931941836,23.93759171698614,60,266.4,10.449616111558006,279,0.3902638102340397
3086,mixtura,packing_B,T08,largo,6,G3,5.817012112493165,0.8651773597621467,0.8090101344111399,False,444,432.9259529576939,2.557954071972278,-0.03037168931941836,23.93759171698614,60,266.4,10.449616111558006,280,0.37329167392408985
3086,mixtura,packing_B,T08,largo,6,G3,5.817012112493165,0.8651773597621467,0.8090101344111399,False,444,432.9259529576939,2.557954071972278,-0.03037168931941836,23.93759171698614,60,266.4,10.449616111558006,281,0.36414555791683023
3086,mixtura,packing_B,T08,largo,6,G3,5.817012112493165,0.8651773597621467,0.8090101344111399,False,444,432.9259529576939,2.557954071972278,-0.03037168931941836,23.93759171698614,60,266.4,10.449616111558006,282,0.21921992307763496
3086,mixtura,packing_B,T08,largo,6,G3,5.817012112493165,0.8651773597621467,0.8090101344111399,False,444,432.9259529576939,2.557954071972278,-0.03037168931941836,23.93759171698614,60,266.4,10.449616111558006,283,0.17546154781163636
3086,mixtura,packing_B,T08,largo,6,G3,5.817012112493165,0.8651773597621467,0.8090101344111399,False,444,432.9259529576939,2.557954071972278,-0.03037168931941836,23.93759171698614,60,266.4,10.449616111558006,284,0.13769563982426197
3086,mixtura,packing_B,T08,largo,6,G3,5.817012112493165,0.8651773597621467,0.8090101344111399,False,444,432.9259529576939,2.557954071972278,-0.03037168931941836,23.93759171698614,60,266.4,10.449616111558006,285,-0.11123595429810011
3086,mixtura,packing_B,T08,largo,6,G3,5.817012112493165,0.8651773597621467,0.8090101344111399,False,444,432.9259529576939,2.557954071972278,-0.03037168931941836,23.93759171698614,60,266.4,10.449616111558006,286,-0.0762172799301998
3086,mixtura,packing_B,T08,largo,6,G3,5.817012112493165,0.8651773597621467,0.8090101344111399,False,444,432.9259529576939,2.557954071972278,-0.03037168931941836,23.93759171698614,60,266.4,10.449616111558006,287,-0.14973532458239985
3086,mixtura,packing_B,T08,largo,6,G3,5.817012112493165,0.8651773597621467,0.8090101344111399,False,444,432.9259529576939,2.557954071972278,-0.03037168931941836,23.93759171698614,60,266.4,10.449616111558006,288,-0.22064407165325878
3086,mixtura,packing_B,T08,largo,6,G3,5.817012112493165,0.8651773597621467,0.8090101344111399,False,444,432.9259529576939,2.557954071972278,-0.03037168931941836,23.93759171698614,60,266.4,10.449616111558006,289,-0.40298770406588535
3086,mixtura,packing_B,T08,largo,6,G3,5.817012112493165,0.8651773597621467,0.8090101344111399,False,444,432.9259529576939,2.557954071972278,-0.03037168931941836,23.93759171698614,60,266.4,10.449616111558006,290,-0.3679064904261924
3086,mixtura,packing_B,T08,largo,6,G3,5.817012112493165,0.8651773597621467,0.8090101344111399,False,444,432.9259529576939,2.557954071972278,-0.03037168931941836,23.93759171698614,60,266.4,10.449616111558006,291,-0.4665056681721379
3086,mixtura,packing_B,T08,largo,6,G3,5.817012112493165,0.8651773597621467,0.8090101344111399,False,444,432.9259529576939,2.557954071972278,-0.03037168931941836,23.93759171698614,60,266.4,10.449616111558006,292,-0.39246379212728527
3086,mixtura,packing_B,T08,largo,6,G3,5.817012112493165,0.8651773597621467,0.8090101344111399,False,444,432.9259529576939,2.557954071972278,-0.03037168931941836,23.93759171698614,60,266.4,10.449616111558006,293,-0.40832408101651085
3086,mixtura,packing_B,T08,largo,6,G3,5.817012112493165,0.8651773597621467,0.8090101344111399,False,444,432.9259529576939,2.557954071972278,-0.03037168931941836,23.93759171698614,60,266.4,10.449616111558006,294,-0.463142977634441
3086,mixtura,packing_B,T08,largo,6,G3,5.817012112493165,0.8651773597621467,0.8090101344111399,False,444,432.9259529576939,2.557954071972278,-0.03037168931941836,23.93759171698614,60,266.4,10.449616111558006,295,-0.6494604360904155
3086,mixtura,packing_B,T08,largo,6,G3,5.817012112493165,0.8651773597621467,0.8090101344111399,False,444,432.9259529576939,2.557954071972278,-0.03037168931941836,23.93759171698614,60,266.4,10.449616111558006,296,-0.44948573122752467
3086,mixtura,packing_B,T08,largo,6,G3,5.817012112493165,0.8651773597621467,0.8090101344111399,False,444,432.9259529576939,2.557954071972278,-0.03037168931941836,23.93759171698614,60,266.4,10.449616111558006,297,-0.4782761927956433
3086,mixtura,packing_B,T08,largo,6,G3,5.817012112493165,0.8651773597621467,0.8090101344111399,False,444,432.9259529576939,2.557954071972278,-0.03037168931941836,23.93759171698614,60,266.4,10.449616111558006,298,-0.33613896535705673
3086,mixtura,packing_B,T08,largo,6,G3,5.817012112493165,0.8651773597621467,0.8090101344111399,False,444,432.9259529576939,2.557954071972278,-0.03037168931941836,23.93759171698614,60,266.4,10.449616111558006,299,-0.2243132160788286
3086,mixtura,packing_B,T08,largo,6,G3,5.817012112493165,0.8651773597621467,0.8090101344111399,False,444,432.9259529576939,2.557954071972278,-0.03037168931941836,23.93759171698614,60,266.4,10.449616111558006,300,-0.10045632029471355
3086,mixtura,packing_B,T08,largo,6,G3,5.817012112493165,0.8651773597621467,0.8090101344111399,False,444,432.9259529576939,2.557954071972278,-0.03037168931941836,23.93759171698614,60,266.4,10.449616111558006,301,0.10097368006228297
3086,mixtura,packing_B,T08,largo,6,G3,5.817012112493165,0.8651773597621467,0.8090101344111399,False,444,432.9259529576939,2.557954071972278,-0.03037168931941836,23.93759171698614,60,266.4,10.449616111558006,302,0.240494825989228
3086,mixtura,packing_B,T08,largo,6,G3,5.817012112493165,0.8651773597621467,0.8090101344111399,False,444,432.9259529576939,2.557954071972278,-0.03037168931941836,23.93759171698614,60,266.4,10.449616111558006,303,0.41441475480645634
3086,mixtura,packing_B,T08,largo,6,G3,5.817012112493165,0.8651773597621467,0.8090101344111399,False,444,432.9259529576939,2.557954071972278,-0.03037168931941836,23.93759171698614,60,266.4,10.449616111558006,304,0.23917519016521138
3086,mixtura,packing_B,T08,largo,6,G3,5.817012112493165,0.8651773597621467,0.8090101344111399,False,444,432.9259529576939,2.557954071972278,-0.03037168931941836,23.93759171698614,60,266.4,10.449616111558006,305,0.3959327535414491
3086,mixtura,packing_B,T08,largo,6,G3,5.817012112493165,0.8651773597621467,0.8090101344111399,False,444,432.9259529576939,2.557954071972278,-0.03037168931941836,23.93759171698614,60,266.4,10.449616111558006,306,0.4400586275090138
3086,mixtura,packing_B,T08,largo,6,G3,5.817012112493165,0.8651773597621467,0.8090101344111399,False,444,432.9259529576939,2.557954071972278,-0.03037168931941836,23.93759171698614,60,266.4,10.449616111558006,307,0.4586494451723307
3086,mixtura,packing_B,T08,largo,6,G3,5.817012112493165,0.8651773597621467,0.8090101344111399,False,444,432.9259529576939,2.557954071972278,-0.03037168931941836,23.93759171698614,60,266.4,10.449616111558006,308,0.5067090097717393
3086,mixtura,packing_B,T08,largo,6,G3,5.817012112493165,0.8651773597621467,0.8090101344111399,False,444,432.9259529576939,2.557954071972278,-0.03037168931941836,23.93759171698614,60,266.4,10.449616111558006,309,0.4274976067830206
3086,mixtura,packing_B,T08,largo,6,G3,5.817012112493165,0.8651773597621467,0.8090101344111399,False,444,432.9259529576939,2.557954071972278,-0.03037168931941836,23.93759171698614,60,266.4,10.449616111558006,310,0.19335954593937343
3086,mixtura,packing_B,T08,largo,6,G3,5.817012112493165,0.8651773597621467,0.8090101344111399,False,444,432.9259529576939,2.557954071972278,-0.03037168931941836,23.93759171698614,60,266.4,10.449616111558006,311,0.342154023514604
3086,mixtura,packing_B,T08,largo,6,G3,5.817012112493165,0.8651773597621467,0.8090101344111399,False,444,432.9259529576939,2.557954071972278,-0.03037168931941836,23.93759171698614,60,266.4,10.449616111558006,312,0.21423995331629614
3086,mixtura,packing_B,T08,largo,6,G3,5.817012112493165,0.8651773597621467,0.8090101344111399,False,444,432.9259529576939,2.557954071972278,-0.03037168931941836,23.93759171698614,60,266.4,10.449616111558006,313,0.16321312802111418
3086,mixtura,packing_B,T08,largo,6,G3,5.817012112493165,0.8651773597621467,0.8090101344111399,False,444,432.9259529576939,2.557954071972278,-0.03037168931941836,23.93759171698614,60,266.4,10.449616111558006,314,-0.05483217234806878
3086,mixtura,packing_B,T08,largo,6,G3,5.817012112493165,0.8651773597621467,0.8090101344111399,False,444,432.9259529576939,2.557954071972278,-0.03037168931941836,23.93759171698614,60,266.4,10.449616111558006,315,0.014345930078993097
3086,mixtura,packing_B,T08,largo,6,G3,5.817012112493165,0.8651773597621467,0.8090101344111399,False,444,432.9259529576939,2.557954071972278,-0.03037168931941836,23.93759171698614,60,266.4,10.449616111558006,316,-0.1596525553196864
3086,mixtura,packing_B,T08,largo,6,G3,5.817012112493165,0.8651773597621467,0.8090101344111399,False,444,432.9259529576939,2.557954071972278,-0.03037168931941836,23.93759171698614,60,266.4,10.449616111558006,317,-0.21588093237372422
3086,mixtura,packing_B,T08,largo,6,G3,5.817012112493165,0.8651773597621467,0.8090101344111399,False,444,432.9259529576939,2.557954071972278,-0.03037168931941836,23.93759171698614,60,266.4,10.449616111558006,318,-0.4205162225628002
3086,mixtura,packing_B,T08,largo,6,G3,5.817012112493165,0.8651773597621467,0.8090101344111399,False,444,432.9259529576939,2.557954071972278,-0.03037168931941836,23.93759171698614,60,266.4,10.449616111558006,319,-0.4687315489854103
3086,mixtura,packing_B,T08,largo,6,G3,5.817012112493165,0.8651773597621467,0.8090101344111399,False,444,432.9259529576939,2.557954071972278,-0.03037168931941836,23.93759171698614,60,266.4,10.449616111558006,320,-0.4472470448249735
3086,mixtura,packing_B,T08,largo,6,G3,5.817012112493165,0.8651773597621467,0.8090101344111399,False,444,432.9259529576939,2.557954071972278,-0.03037168931941836,23.93759171698614,60,266.4,10.449616111558006,321,-0.381799818485645
3086,mixtura,packing_B,T08,largo,6,G3,5.817012112493165,0.8651773597621467,0.8090101344111399,False,444,432.9259529576939,2.557954071972278,-0.03037168931941836,23.93759171698614,60,266.4,10.449616111558006,322,-0.4535493769346729
3086,mixtura,packing_B,T08,largo,6,G3,5.817012112493165,0.8651773597621467,0.8090101344111399,False,444,432.9259529576939,2.557954071972278,-0.03037168931941836,23.93759171698614,60,266.4,10.449616111558006,323,-0.5567047660840229
3086,mixtura,packing_B,T08,largo,6,G3,5.817012112493165,0.8651773597621467,0.8090101344111399,False,444,432.9259529576939,2.557954071972278,-0.03037168931941836,23.93759171698614,60,266.4,10.449616111558006,324,-0.4009543173880303
3086,mixtura,packing_B,T08,largo,6,G3,5.817012112493165,0.8651773597621467,0.8090101344111399,False,444,432.9259529576939,2.557954071972278,-0.03037168931941836,23.93759171698614,60,266.4,10.449616111558006,325,-0.4598544754783562
3086,mixtura,packing_B,T08,largo,6,G3,5.817012112493165,0.8651773597621467,0.8090101344111399,False,444,432.9259529576939,2.557954071972278,-0.03037168931941836,23.93759171698614,60,266.4,10.449616111558006,326,-0.34289905789080843
3086,mixtura,packing_B,T08,largo,6,G3,5.817012112493165,0.8651773597621467,0.8090101344111399,False,444,432.9259529576939,2.557954071972278,-0.03037168931941836,23.93759171698614,60,266.4,10.449616111558006,327,-0.24706812085777735
3086,mixtura,packing_B,T08,largo,6,G3,5.817012112493165,0.8651773597621467,0.8090101344111399,False,444,432.9259529576939,2.557954071972278,-0.03037168931941836,23.93759171698614,60,266.4,10.449616111558006,328,-0.047305211845286965
3086,mixtura,packing_B,T08,largo,6,G3,5.817012112493165,0.8651773597621467,0.8090101344111399,False,444,432.9259529576939,2.557954071972278,-0.03037168931941836,23.93759171698614,60,266.4,10.449616111558006,329,-0.03714669964593337
3086,mixtura,packing_B,T08,largo,6,G3,5.817012112493165,0.8651773597621467,0.8090101344111399,False,444,432.9259529576939,2.557954071972278,-0.03037168931941836,23.93759171698614,60,266.4,10.449616111558006,330,0.03641055356260715
3086,mixtura,packing_B,T08,largo,6,G3,5.817012112493165,0.8651773597621467,0.8090101344111399,False,444,432.9259529576939,2.557954071972278,-0.03037168931941836,23.93759171698614,60,266.4,10.449616111558006,331,0.2218047672643087
3086,mixtura,packing_B,T08,largo,6,G3,5.817012112493165,0.8651773597621467,0.8090101344111399,False,444,432.9259529576939,2.557954071972278,-0.03037168931941836,23.93759171698614,60,266.4,10.449616111558006,332,0.10349593538876023
3086,mixtura,packing_B,T08,largo,6,G3,5.817012112493165,0.8651773597621467,0.8090101344111399,False,444,432.9259529576939,2.557954071972278,-0.03037168931941836,23.93759171698614,60,266.4,10.449616111558006,333,0.1622832075343721
3086,mixtura,packing_B,T08,largo,6,G3,5.817012112493165,0.8651773597621467,0.8090101344111399,False,444,432.9259529576939,2.557954071972278,-0.03037168931941836,23.93759171698614,60,266.4,10.449616111558006,334,0.28817821980614955
3086,mixtura,packing_B,T08,largo,6,G3,5.817012112493165,0.8651773597621467,0.8090101344111399,False,444,432.9259529576939,2.557954071972278,-0.03037168931941836,23.93759171698614,60,266.4,10.449616111558006,335,0.2330901136241876
3086,mixtura,packing_B,T08,largo,6,G3,5.817012112493165,0.8651773597621467,0.8090101344111399,False,444,432.9259529576939,2.557954071972278,-0.03037168931941836,23.93759171698614,60,266.4,10.449616111558006,336,0.48619144519972574
3086,mixtura,packing_B,T08,largo,6,G3,5.817012112493165,0.8651773597621467,0.8090101344111399,False,444,432.9259529576939,2.557954071972278,-0.03037168931941836,23.93759171698614,60,266.4,10.449616111558006,337,0.4569246254223436
3086,mixtura,packing_B,T08,largo,6,G3,5.817012112493165,0.8651773597621467,0.8090101344111399,False,444,432.9259529576939,2.557954071972278,-0.03037168931941836,23.93759171698614,60,266.4,10.449616111558006,338,0.3319332552881462
3086,mixtura,packing_B,T08,largo,6,G3,5.817012112493165,0.8651773597621467,0.8090101344111399,False,444,432.9259529576939,2.557954071972278,-0.03037168931941836,23.93759171698614,60,266.4,10.449616111558006,339,0.35969716040151223
3086,mixtura,packing_B,T08,largo,6,G3,5.817012112493165,0.8651773597621467,0.8090101344111399,False,444,432.9259529576939,2.557954071972278,-0.03037168931941836,23.93759171698614,60,266.4,10.449616111558006,340,0.5861878984617976
3086,mixtura,packing_B,T08,largo,6,G3,5.817012112493165,0.8651773597621467,0.8090101344111399,False,444,432.9259529576939,2.557954071972278,-0.03037168931941836,23.93759171698614,60,266.4,10.449616111558006,341,0.36785368741365637
3086,mixtura,packing_B,T08,largo,6,G3,5.817012112493165,0.8651773597621467,0.8090101344111399,False,444,432.9259529576939,2.557954071972278,-0.03037168931941836,23.93759171698614,60,266.4,10.449616111558006,342,0.3051708063679564
3086,mixtura,packing_B,T08,largo,6,G3,5.817012112493165,0.8651773597621467,0.8090101344111399,False,444,432.9259529576939,2.557954071972278,-0.03037168931941836,23.93759171698614,60,266.4,10.449616111558006,343,0.1664538187826405
3086,mixtura,packing_B,T08,largo,6,G3,5.817012112493165,0.8651773597621467,0.8090101344111399,False,444,432.9259529576939,2.557954071972278,-0.03037168931941836,23.93759171698614,60,266.4,10.449616111558006,344,0.27888246567155084
3086,mixtura,packing_B,T08,largo,6,G3,5.817012112493165,0.8651773597621467,0.8090101344111399,False,444,432.9259529576939,2.557954071972278,-0.03037168931941836,23.93759171698614,60,266.4,10.449616111558006,345,0.052437415229982826
3086,mixtura,packing_B,T08,largo,6,G3,5.817012112493165,0.8651773597621467,0.8090101344111399,False,444,432.9259529576939,2.557954071972278,-0.03037168931941836,23.93759171698614,60,266.4,10.449616111558006,346,-0.06487358531491005
3086,mixtura,packing_B,T08,largo,6,G3,5.817012112493165,0.8651773597621467,0.8090101344111399,False,444,432.9259529576939,2.557954071972278,-0.03037168931941836,23.93759171698614,60,266.4,10.449616111558006,347,-0.17011440908738196
3086,mixtura,packing_B,T08,largo,6,G3,5.817012112493165,0.8651773597621467,0.8090101344111399,False,444,432.9259529576939,2.557954071972278,-0.03037168931941836,23.93759171698614,60,266.4,10.449616111558006,348,-0.3702671174644333
3086,mixtura,packing_B,T08,largo,6,G3,5.817012112493165,0.8651773597621467,0.8090101344111399,False,444,432.9259529576939,2.557954071972278,-0.03037168931941836,23.93759171698614,60,266.4,10.449616111558006,349,-0.5627210172537715
3086,mixtura,packing_B,T08,largo,6,G3,5.817012112493165,0.8651773597621467,0.8090101344111399,False,444,432.9259529576939,2.557954071972278,-0.03037168931941836,23.93759171698614,60,266.4,10.449616111558006,350,-0.46916586667217935
3086,mixtura,packing_B,T08,largo,6,G3,5.817012112493165,0.8651773597621467,0.8090101344111399,False,444,432.9259529576939,2.557954071972278,-0.03037168931941836,23.93759171698614,60,266.4,10.449616111558006,351,-0.5177590602533599
3086,mixtura,packing_B,T08,largo,6,G3,5.817012112493165,0.8651773597621467,0.8090101344111399,False,444,432.9259529576939,2.557954071972278,-0.03037168931941836,23.93759171698614,60,266.4,10.449616111558006,352,-0.5222073798232479
3086,mixtura,packing_B,T08,largo,6,G3,5.817012112493165,0.8651773597621467,0.8090101344111399,False,444,432.9259529576939,2.557954071972278,-0.03037168931941836,23.93759171698614,60,266.4,10.449616111558006,353,-0.5478520190720266
3086,mixtura,packing_B,T08,largo,6,G3,5.817012112493165,0.8651773597621467,0.8090101344111399,False,444,432.9259529576939,2.557954071972278,-0.03037168931941836,23.93759171698614,60,266.4,10.449616111558006,354,-0.5492897237733254
3086,mixtura,packing_B,T08,largo,6,G3,5.817012112493165,0.8651773597621467,0.8090101344111399,False,444,432.9259529576939,2.557954071972278,-0.03037168931941836,23.93759171698614,60,266.4,10.449616111558006,355,-0.39161332352367983
3086,mixtura,packing_B,T08,largo,6,G3,5.817012112493165,0.8651773597621467,0.8090101344111399,False,444,432.9259529576939,2.557954071972278,-0.03037168931941836,23.93759171698614,60,266.4,10.449616111558006,356,-0.44748812555478434
3086,mixtura,packing_B,T08,largo,6,G3,5.817012112493165,0.8651773597621467,0.8090101344111399,False,444,432.9259529576939,2.557954071972278,-0.03037168931941836,23.93759171698614,60,266.4,10.449616111558006,357,-0.3074901697760013
3086,mixtura,packing_B,T08,largo,6,G3,5.817012112493165,0.8651773597621467,0.8090101344111399,False,444,432.9259529576939,2.557954071972278,-0.03037168931941836,23.93759171698614,60,266.4,10.449616111558006,358,-0.24313252279373027
3086,mixtura,packing_B,T08,largo,6,G3,5.817012112493165,0.8651773597621467,0.8090101344111399,False,444,432.9259529576939,2.557954071972278,-0.03037168931941836,23.93759171698614,60,266.4,10.449616111558006,359,-0.2118331639769733
3086,mixtura,packing_B,T08,largo,6,G3,5.817012112493165,0.8651773597621467,0.8090101344111399,False,444,432.9259529576939,2.557954071972278,-0.03037168931941836,23.93759171698614,60,266.4,10.449616111558006,360,-0.07702764389166057
3086,mixtura,packing_B,T08,largo,6,G3,5.817012112493165,0.8651773597621467,0.8090101344111399,False,444,432.9259529576939,2.557954071972278,-0.03037168931941836,23.93759171698614,60,266.4,10.449616111558006,361,-0.01911189143154146
3086,mixtura,packing_B,T08,largo,6,G3,5.817012112493165,0.8651773597621467,0.8090101344111399,False,444,432.9259529576939,2.557954071972278,-0.03037168931941836,23.93759171698614,60,266.4,10.449616111558006,362,0.15645430040354807
3086,mixtura,packing_B,T08,largo,6,G3,5.817012112493165,0.8651773597621467,0.8090101344111399,False,444,432.9259529576939,2.557954071972278,-0.03037168931941836,23.93759171698614,60,266.4,10.449616111558006,363,0.3174493865890468
3086,mixtura,packing_B,T08,largo,6,G3,5.817012112493165,0.8651773597621467,0.8090101344111399,False,444,432.9259529576939,2.557954071972278,-0.03037168931941836,23.93759171698614,60,266.4,10.449616111558006,364,0.23080528270095368
3086,mixtura,packing_B,T08,largo,6,G3,5.817012112493165,0.8651773597621467,0.8090101344111399,False,444,432.9259529576939,2.557954071972278,-0.03037168931941836,23.93759171698614,60,266.4,10.449616111558006,365,0.4239513934093794
3086,mixtura,packing_B,T08,largo,6,G3,5.817012112493165,0.8651773597621467,0.8090101344111399,False,444,432.9259529576939,2.557954071972278,-0.03037168931941836,23.93759171698614,60,266.4,10.449616111558006,366,0.3253332429267705
3086,mixtura,packing_B,T08,largo,6,G3,5.817012112493165,0.8651773597621467,0.8090101344111399,False,444,432.9259529576939,2.557954071972278,-0.03037168931941836,23.93759171698614,60,266.4,10.449616111558006,367,0.41739097774006895
3086,mixtura,packing_B,T08,largo,6,G3,5.817012112493165,0.8651773597621467,0.8090101344111399,False,444,432.9259529576939,2.557954071972278,-0.03037168931941836,23.93759171698614,60,266.4,10.449616111558006,368,0.3049628384552547
3086,mixtura,packing_B,T08,largo,6,G3,5.817012112493165,0.8651773597621467,0.8090101344111399,False,444,432.9259529576939,2.557954071972278,-0.03037168931941836,23.93759171698614,60,266.4,10.449616111558006,369,0.370550580450772
3086,mixtura,packing_B,T08,largo,6,G3,5.817012112493165,0.8651773597621467,0.8090101344111399,False,444,432.9259529576939,2.557954071972278,-0.03037168931941836,23.93759171698614,60,266.4,10.449616111558006,370,0.4145553546533834
3086,mixtura,packing_B,T08,largo,6,G3,5.817012112493165,0.8651773597621467,0.8090101344111399,False,444,432.9259529576939,2.557954071972278,-0.03037168931941836,23.93759171698614,60,266.4,10.449616111558006,371,0.16858864670329116
3086,mixtura,packing_B,T08,largo,6,G3,5.817012112493165,0.8651773597621467,0.8090101344111399,False,444,432.9259529576939,2.557954071972278,-0.03037168931941836,23.93759171698614,60,266.4,10.449616111558006,372,0.18388738552633094
3086,mixtura,packing_B,T08,largo,6,G3,5.817012112493165,0.8651773597621467,0.8090101344111399,False,444,432.9259529576939,2.557954071972278,-0.03037168931941836,23.93759171698614,60,266.4,10.449616111558006,373,0.248817240066405
3086,mixtura,packing_B,T08,largo,6,G3,5.817012112493165,0.8651773597621467,0.8090101344111399,False,444,432.9259529576939,2.557954071972278,-0.03037168931941836,23.93759171698614,60,266.4,10.449616111558006,374,-0.13562264185781575
3086,mixtura,packing_B,T08,largo,6,G3,5.817012112493165,0.8651773597621467,0.8090101344111399,False,444,432.9259529576939,2.557954071972278,-0.03037168931941836,23.93759171698614,60,266.4,10.449616111558006,375,-0.009795262958260127
3086,mixtura,packing_B,T08,largo,6,G3,5.817012112493165,0.8651773597621467,0.8090101344111399,False,444,432.9259529576939,2.557954071972278,-0.03037168931941836,23.93759171698614,60,266.4,10.449616111558006,376,-0.0652207397769762
3086,mixtura,packing_B,T08,largo,6,G3,5.817012112493165,0.8651773597621467,0.8090101344111399,False,444,432.9259529576939,2.557954071972278,-0.03037168931941836,23.93759171698614,60,266.4,10.449616111558006,377,-0.10228012174087506
3086,mixtura,packing_B,T08,largo,6,G3,5.817012112493165,0.8651773597621467,0.8090101344111399,False,444,432.9259529576939,2.557954071972278,-0.03037168931941836,23.93759171698614,60,266.4,10.449616111558006,378,-0.30008776582332
3086,mixtura,packing_B,T08,largo,6,G3,5.817012112493165,0.8651773597621467,0.8090101344111399,False,444,432.9259529576939,2.557954071972278,-0.03037168931941836,23.93759171698614,60,266.4,10.449616111558006,379,-0.4192555795986153
3086,mixtura,packing_B,T08,largo,6,G3,5.817012112493165,0.8651773597621467,0.8090101344111399,False,444,432.9259529576939,2.557954071972278,-0.03037168931941836,23.93759171698614,60,266.4,10.449616111558006,380,-0.3706513044650729
3086,mixtura,packing_B,T08,largo,6,G3,5.817012112493165,0.8651773597621467,0.8090101344111399,False,444,432.9259529576939,2.557954071972278,-0.03037168931941836,23.93759171698614,60,266.4,10.449616111558006,381,-0.3286274897081979
3086,mixtura,packing_B,T08,largo,6,G3,5.817012112493165,0.8651773597621467,0.8090101344111399,False,444,432.9259529576939,2.557954071972278,-0.03037168931941836,23.93759171698614,60,266.4,10.449616111558006,382,-0.40510865932998064
3086,mixtura,packing_B,T08,largo,6,G3,5.817012112493165,0.8651773597621467,0.8090101344111399,False,444,432.9259529576939,2.557954071972278,-0.03037168931941836,23.93759171698614,60,266.4,10.449616111558006,383,-0.6393879046011132
3086,mixtura,packing_B,T08,largo,6,G3,5.817012112493165,0.8651773597621467,0.8090101344111399,False,444,432.9259529576939,2.557954071972278,-0.03037168931941836,23.93759171698614,60,266.4,10.449616111558006,384,-0.41236677389378473
3086,mixtura,packing_B,T08,largo,6,G3,5.817012112493165,0.8651773597621467,0.8090101344111399,False,444,432.9259529576939,2.557954071972278,-0.03037168931941836,23.93759171698614,60,266.4,10.449616111558006,385,-0.670096749852088
3086,mixtura,packing_B,T08,largo,6,G3,5.817012112493165,0.8651773597621467,0.8090101344111399,False,444,432.9259529576939,2.557954071972278,-0.03037168931941836,23.93759171698614,60,266.4,10.449616111558006,386,-0.2550946153600432
3086,mixtura,packing_B,T08,largo,6,G3,5.817012112493165,0.8651773597621467,0.8090101344111399,False,444,432.9259529576939,2.557954071972278,-0.03037168931941836,23.93759171698614,60,266.4,10.449616111558006,387,-0.2636982607620669
3086,mixtura,packing_B,T08,largo,6,G3,5.817012112493165,0.8651773597621467,0.8090101344111399,False,444,432.9259529576939,2.557954071972278,-0.03037168931941836,23.93759171698614,60,266.4,10.449616111558006,388,-0.23662154143127478
3086,mixtura,packing_B,T08,largo,6,G3,5.817012112493165,0.8651773597621467,0.8090101344111399,False,444,432.9259529576939,2.557954071972278,-0.03037168931941836,23.93759171698614,60,266.4,10.449616111558006,389,-0.08698031943579669
3086,mixtura,packing_B,T08,largo,6,G3,5.817012112493165,0.8651773597621467,0.8090101344111399,False,444,432.9259529576939,2.557954071972278,-0.03037168931941836,23.93759171698614,60,266.4,10.449616111558006,390,-0.05044664201505602
3086,mixtura,packing_B,T08,largo,6,G3,5.817012112493165,0.8651773597621467,0.8090101344111399,False,444,432.9259529576939,2.557954071972278,-0.03037168931941836,23.93759171698614,60,266.4,10.449616111558006,391,-0.05199780410046084
3086,mixtura,packing_B,T08,largo,6,G3,5.817012112493165,0.8651773597621467,0.8090101344111399,False,444,432.9259529576939,2.557954071972278,-0.03037168931941836,23.93759171698614,60,266.4,10.449616111558006,392,0.2595396540157128
3086,mixtura,packing_B,T08,largo,6,G3,5.817012112493165,0.8651773597621467,0.8090101344111399,False,444,432.9259529576939,2.557954071972278,-0.03037168931941836,23.93759171698614,60,266.4,10.449616111558006,393,0.3337898288632911
3086,mixtura,packing_B,T08,largo,6,G3,5.817012112493165,0.8651773597621467,0.8090101344111399,False,444,432.9259529576939,2.557954071972278,-0.03037168931941836,23.93759171698614,60,266.4,10.449616111558006,394,0.35485151372219254
3086,mixtura,packing_B,T08,largo,6,G3,5.817012112493165,0.8651773597621467,0.8090101344111399,False,444,432.9259529576939,2.557954071972278,-0.03037168931941836,23.93759171698614,60,266.4,10.449616111558006,395,0.37786158221990107
3086,mixtura,packing_B,T08,largo,6,G3,5.817012112493165,0.8651773597621467,0.8090101344111399,False,444,432.9259529576939,2.557954071972278,-0.03037168931941836,23.93759171698614,60,266.4,10.449616111558006,396,0.39783630289015337
3086,mixtura,packing_B,T08,largo,6,G3,5.817012112493165,0.8651773597621467,0.8090101344111399,False,444,432.9259529576939,2.557954071972278,-0.03037168931941836,23.93759171698614,60,266.4,10.449616111558006,397,0.2626953885029594
3086,mixtura,packing_B,T08,largo,6,G3,5.817012112493165,0.8651773597621467,0.8090101344111399,False,444,432.9259529576939,2.557954071972278,-0.03037168931941836,23.93759171698614,60,266.4,10.449616111558006,398,0.35881084191147006
3086,mixtura,packing_B,T08,largo,6,G3,5.817012112493165,0.8651773597621467,0.8090101344111399,False,444,432.9259529576939,2.557954071972278,-0.03037168931941836,23.93759171698614,60,266.4,10.449616111558006,399,0.44793403947201166
3086,mixtura,packing_B,T08,largo,6,G3,5.817012112493165,0.8651773597621467,0.8090101344111399,False,444,432.9259529576939,2.557954071972278,-0.03037168931941836,23.93759171698614,60,266.4,10.449616111558006,400,0.4554451271325686
3086,mixtura,packing_B,T08,largo,6,G3,5.817012112493165,0.8651773597621467,0.8090101344111399,False,444,432.9259529576939,2.557954071972278,-0.03037168931941836,23.93759171698614,60,266.4,10.449616111558006,401,0.4679054924010413
3086,mixtura,packing_B,T08,largo,6,G3,5.817012112493165,0.8651773597621467,0.8090101344111399,False,444,432.9259529576939,2.557954071972278,-0.03037168931941836,23.93759171698614,60,266.4,10.449616111558006,402,0.5072349978412366
3086,mixtura,packing_B,T08,largo,6,G3,5.817012112493165,0.8651773597621467,0.8090101344111399,False,444,432.9259529576939,2.557954071972278,-0.03037168931941836,23.93759171698614,60,266.4,10.449616111558006,403,0.20634497708511243
3086,mixtura,packing_B,T08,largo,6,G3,5.817012112493165,0.8651773597621467,0.8090101344111399,False,444,432.9259529576939,2.557954071972278,-0.03037168931941836,23.93759171698614,60,266.4,10.449616111558006,404,0.15080332249051298
3086,mixtura,packing_B,T08,largo,6,G3,5.817012112493165,0.8651773597621467,0.8090101344111399,False,444,432.9259529576939,2.557954071972278,-0.03037168931941836,23.93759171698614,60,266.4,10.449616111558006,405,-0.035283142833821106
3086,mixtura,packing_B,T08,largo,6,G3,5.817012112493165,0.8651773597621467,0.8090101344111399,False,444,432.9259529576939,2.557954071972278,-0.03037168931941836,23.93759171698614,60,266.4,10.449616111558006,406,-0.038532806799885924
3086,mixtura,packing_B,T08,largo,6,G3,5.817012112493165,0.8651773597621467,0.8090101344111399,False,444,432.9259529576939,2.557954071972278,-0.03037168931941836,23.93759171698614,60,266.4,10.449616111558006,407,-0.0685915429742121
3086,mixtura,packing_B,T08,largo,6,G3,5.817012112493165,0.8651773597621467,0.8090101344111399,False,444,432.9259529576939,2.557954071972278,-0.03037168931941836,23.93759171698614,60,266.4,10.449616111558006,408,-0.28326299212446543
3086,mixtura,packing_B,T08,largo,6,G3,5.817012112493165,0.8651773597621467,0.8090101344111399,False,444,432.9259529576939,2.557954071972278,-0.03037168931941836,23.93759171698614,60,266.4,10.449616111558006,409,-0.29308948099739046
3086,mixtura,packing_B,T08,largo,6,G3,5.817012112493165,0.8651773597621467,0.8090101344111399,False,444,432.9259529576939,2.557954071972278,-0.03037168931941836,23.93759171698614,60,266.4,10.449616111558006,410,-0.3832378094088232
3086,mixtura,packing_B,T08,largo,6,G3,5.817012112493165,0.8651773597621467,0.8090101344111399,False,444,432.9259529576939,2.557954071972278,-0.03037168931941836,23.93759171698614,60,266.4,10.449616111558006,411,-0.5288463846890556
3086,mixtura,packing_B,T08,largo,6,G3,5.817012112493165,0.8651773597621467,0.8090101344111399,False,444,432.9259529576939,2.557954071972278,-0.03037168931941836,23.93759171698614,60,266.4,10.449616111558006,412,-0.49915194039561217
3086,mixtura,packing_B,T08,largo,6,G3,5.817012112493165,0.8651773597621467,0.8090101344111399,False,444,432.9259529576939,2.557954071972278,-0.03037168931941836,23.93759171698614,60,266.4,10.449616111558006,413,-0.5368957866065153
3086,mixtura,packing_B,T08,largo,6,G3,5.817012112493165,0.8651773597621467,0.8090101344111399,False,444,432.9259529576939,2.557954071972278,-0.03037168931941836,23.93759171698614,60,266.4,10.449616111558006,414,-0.4813012910448666
3086,mixtura,packing_B,T08,largo,6,G3,5.817012112493165,0.8651773597621467,0.8090101344111399,False,444,432.9259529576939,2.557954071972278,-0.03037168931941836,23.93759171698614,60,266.4,10.449616111558006,415,-0.3718396137930439
3086,mixtura,packing_B,T08,largo,6,G3,5.817012112493165,0.8651773597621467,0.8090101344111399,False,444,432.9259529576939,2.557954071972278,-0.03037168931941836,23.93759171698614,60,266.4,10.449616111558006,416,-0.3169381657944378
3086,mixtura,packing_B,T08,largo,6,G3,5.817012112493165,0.8651773597621467,0.8090101344111399,False,444,432.9259529576939,2.557954071972278,-0.03037168931941836,23.93759171698614,60,266.4,10.449616111558006,417,-0.47053541974683327
3086,mixtura,packing_B,T08,largo,6,G3,5.817012112493165,0.8651773597621467,0.8090101344111399,False,444,432.9259529576939,2.557954071972278,-0.03037168931941836,23.93759171698614,60,266.4,10.449616111558006,418,-0.23767724219678302
3086,mixtura,packing_B,T08,largo,6,G3,5.817012112493165,0.8651773597621467,0.8090101344111399,False,444,432.9259529576939,2.557954071972278,-0.03037168931941836,23.93759171698614,60,266.4,10.449616111558006,419,-0.0699168020560687
3086,mixtura,packing_B,T08,largo,6,G3,5.817012112493165,0.8651773597621467,0.8090101344111399,False,444,432.9259529576939,2.557954071972278,-0.03037168931941836,23.93759171698614,60,266.4,10.449616111558006,420,0.03102091529068745
3086,mixtura,packing_B,T08,largo,6,G3,5.817012112493165,0.8651773597621467,0.8090101344111399,False,444,432.9259529576939,2.557954071972278,-0.03037168931941836,23.93759171698614,60,266.4,10.449616111558006,421,0.0155967038388541
3086,mixtura,packing_B,T08,largo,6,G3,5.817012112493165,0.8651773597621467,0.8090101344111399,False,444,432.9259529576939,2.557954071972278,-0.03037168931941836,23.93759171698614,60,266.4,10.449616111558006,422,0.10799022871822628
3086,mixtura,packing_B,T08,largo,6,G3,5.817012112493165,0.8651773597621467,0.8090101344111399,False,444,432.9259529576939,2.557954071972278,-0.03037168931941836,23.93759171698614,60,266.4,10.449616111558006,423,0.26650715765390337
3086,mixtura,packing_B,T08,largo,6,G3,5.817012112493165,0.8651773597621467,0.8090101344111399,False,444,432.9259529576939,2.557954071972278,-0.03037168931941836,23.93759171698614,60,266.4,10.449616111558006,424,0.4249590423419857
3086,mixtura,packing_B,T08,largo,6,G3,5.817012112493165,0.8651773597621467,0.8090101344111399,False,444,432.9259529576939,2.557954071972278,-0.03037168931941836,23.93759171698614,60,266.4,10.449616111558006,425,0.5079263623950369
3086,mixtura,packing_B,T08,largo,6,G3,5.817012112493165,0.8651773597621467,0.8090101344111399,False,444,432.9259529576939,2.557954071972278,-0.03037168931941836,23.93759171698614,60,266.4,10.449616111558006,426,0.39313430448836384
3086,mixtura,packing_B,T08,largo,6,G3,5.817012112493165,0.8651773597621467,0.8090101344111399,False,444,432.9259529576939,2.557954071972278,-0.03037168931941836,23.93759171698614,60,266.4,10.449616111558006,427,0.3444097864446065
3086,mixtura,packing_B,T08,largo,6,G3,5.817012112493165,0.8651773597621467,0.8090101344111399,False,444,432.9259529576939,2.557954071972278,-0.03037168931941836,23.93759171698614,60,266.4,10.449616111558006,428,0.4763581215202717
3086,mixtura,packing_B,T08,largo,6,G3,5.817012112493165,0.8651773597621467,0.8090101344111399,False,444,432.9259529576939,2.557954071972278,-0.03037168931941836,23.93759171698614,60,266.4,10.449616111558006,429,0.45920010928608884
3086,mixtura,packing_B,T08,largo,6,G3,5.817012112493165,0.8651773597621467,0.8090101344111399,False,444,432.9259529576939,2.557954071972278,-0.03037168931941836,23.93759171698614,60,266.4,10.449616111558006,430,0.22016217779245845
3086,mixtura,packing_B,T08,largo,6,G3,5.817012112493165,0.8651773597621467,0.8090101344111399,False,444,432.9259529576939,2.557954071972278,-0.03037168931941836,23.93759171698614,60,266.4,10.449616111558006,431,0.2358964833023107
3086,mixtura,packing_B,T08,largo,6,G3,5.817012112493165,0.8651773597621467,0.8090101344111399,False,444,432.9259529576939,2.557954071972278,-0.03037168931941836,23.93759171698614,60,266.4,10.449616111558006,432,0.31998977373563314
3086,mixtura,packing_B,T08,largo,6,G3,5.817012112493165,0.8651773597621467,0.8090101344111399,False,444,432.9259529576939,2.557954071972278,-0.03037168931941836,23.93759171698614,60,266.4,10.449616111558006,433,0.17826598702266858
3086,mixtura,packing_B,T08,largo,6,G3,5.817012112493165,0.8651773597621467,0.8090101344111399,False,444,432.9259529576939,2.557954071972278,-0.03037168931941836,23.93759171698614,60,266.4,10.449616111558006,434,-0.09892923181853626
3086,mixtura,packing_B,T08,largo,6,G3,5.817012112493165,0.8651773597621467,0.8090101344111399,False,444,432.9259529576939,2.557954071972278,-0.03037168931941836,23.93759171698614,60,266.4,10.449616111558006,435,-0.03595451383347941
3086,mixtura,packing_B,T08,largo,6,G3,5.817012112493165,0.8651773597621467,0.8090101344111399,False,444,432.9259529576939,2.557954071972278,-0.03037168931941836,23.93759171698614,60,266.4,10.449616111558006,436,-0.09932940363240934
3086,mixtura,packing_B,T08,largo,6,G3,5.817012112493165,0.8651773597621467,0.8090101344111399,False,444,432.9259529576939,2.557954071972278,-0.03037168931941836,23.93759171698614,60,266.4,10.449616111558006,437,-0.2764420120468693
3086,mixtura,packing_B,T08,largo,6,G3,5.817012112493165,0.8651773597621467,0.8090101344111399,False,444,432.9259529576939,2.557954071972278,-0.03037168931941836,23.93759171698614,60,266.4,10.449616111558006,438,-0.38261162185264475
3086,mixtura,packing_B,T08,largo,6,G3,5.817012112493165,0.8651773597621467,0.8090101344111399,False,444,432.9259529576939,2.557954071972278,-0.03037168931941836,23.93759171698614,60,266.4,10.449616111558006,439,-0.3865527032263322
3086,mixtura,packing_B,T08,largo,6,G3,5.817012112493165,0.8651773597621467,0.8090101344111399,False,444,432.9259529576939,2.557954071972278,-0.03037168931941836,23.93759171698614,60,266.4,10.449616111558006,440,-0.7121111666001992
3086,mixtura,packing_B,T08,largo,6,G3,5.817012112493165,0.8651773597621467,0.8090101344111399,False,444,432.9259529576939,2.557954071972278,-0.03037168931941836,23.93759171698614,60,266.4,10.449616111558006,441,-0.6515943977724945
3086,mixtura,packing_B,T08,largo,6,G3,5.817012112493165,0.8651773597621467,0.8090101344111399,False,444,432.9259529576939,2.557954071972278,-0.03037168931941836,23.93759171698614,60,266.4,10.449616111558006,442,-0.5012523499120418
3086,mixtura,packing_B,T08,largo,6,G3,5.817012112493165,0.8651773597621467,0.8090101344111399,False,444,432.9259529576939,2.557954071972278,-0.03037168931941836,23.93759171698614,60,266.4,10.449616111558006,443,-0.475739768485596
