proceso_id,epoca,packing,tunel,tipo_tunel,iteracion,mass_group,masa_ton,ocupabilidad,caudal_factor,anomalia_duracion,duracion_min,duracion_esperada_min,delta_duracion_pct,setpoint,T0,pct_transitorio,t_trans_min,overshoot_pct,tiempo_min,temperatura
2798,mixtura,packing_A,T10,largo,38,G4,7.759065374763631,0.754155772825685,0.866659426898491,False,487,448.2756375090824,8.638515959978534,-0.013433591770036904,23.999437061244805,60,292.2,8.636650501943645,0,23.939910309937506
2798,mixtura,packing_A,T10,largo,38,G4,7.759065374763631,0.754155772825685,0.866659426898491,False,487,448.2756375090824,8.638515959978534,-0.013433591770036904,23.999437061244805,60,292.2,8.636650501943645,1,23.817167378393904
2798,mixtura,packing_A,T10,largo,38,G4,7.759065374763631,0.754155772825685,0.866659426898491,False,487,448.2756375090824,8.638515959978534,-0.013433591770036904,23.999437061244805,60,292.2,8.636650501943645,2,23.63071436746105
2798,mixtura,packing_A,T10,largo,38,G4,7.759065374763631,0.754155772825685,0.866659426898491,False,487,448.2756375090824,8.638515959978534,-0.013433591770036904,23.999437061244805,60,292.2,8.636650501943645,3,23.45641285147448
2798,mixtura,packing_A,T10,largo,38,G4,7.759065374763631,0.754155772825685,0.866659426898491,False,487,448.2756375090824,8.638515959978534,-0.013433591770036904,23.999437061244805,60,292.2,8.636650501943645,4,23.078365528559896
2798,mixtura,packing_A,T10,largo,38,G4,7.759065374763631,0.754155772825685,0.866659426898491,False,487,448.2756375090824,8.638515959978534,-0.013433591770036904,23.999437061244805,60,292.2,8.636650501943645,5,22.88450971255389
2798,mixtura,packing_A,T10,largo,38,G4,7.759065374763631,0.754155772825685,0.866659426898491,False,487,448.2756375090824,8.638515959978534,-0.013433591770036904,23.999437061244805,60,292.2,8.636650501943645,6,22.683438953743316
2798,mixtura,packing_A,T10,largo,38,G4,7.759065374763631,0.754155772825685,0.866659426898491,False,487,448.2756375090824,8.638515959978534,-0.013433591770036904,23.999437061244805,60,292.2,8.636650501943645,7,22.50826922582603
2798,mixtura,packing_A,T10,largo,38,G4,7.759065374763631,0.754155772825685,0.866659426898491,False,487,448.2756375090824,8.638515959978534,-0.013433591770036904,23.999437061244805,60,292.2,8.636650501943645,8,22.17544684558962
2798,mixtura,packing_A,T10,largo,38,G4,7.759065374763631,0.754155772825685,0.866659426898491,False,487,448.2756375090824,8.638515959978534,-0.013433591770036904,23.999437061244805,60,292.2,8.636650501943645,9,22.1308899728708
2798,mixtura,packing_A,T10,largo,38,G4,7.759065374763631,0.754155772825685,0.866659426898491,False,487,448.2756375090824,8.638515959978534,-0.013433591770036904,23.999437061244805,60,292.2,8.636650501943645,10,21.776310938384796
2798,mixtura,packing_A,T10,largo,38,G4,7.759065374763631,0.754155772825685,0.866659426898491,False,487,448.2756375090824,8.638515959978534,-0.013433591770036904,23.999437061244805,60,292.2,8.636650501943645,11,21.70468036912588
2798,mixtura,packing_A,T10,largo,38,G4,7.759065374763631,0.754155772825685,0.866659426898491,False,487,448.2756375090824,8.638515959978534,-0.013433591770036904,23.999437061244805,60,292.2,8.636650501943645,12,21.387967389780286
2798,mixtura,packing_A,T10,largo,38,G4,7.759065374763631,0.754155772825685,0.866659426898491,False,487,448.2756375090824,8.638515959978534,-0.013433591770036904,23.999437061244805,60,292.2,8.636650501943645,13,21.18459599159853
2798,mixtura,packing_A,T10,largo,38,G4,7.759065374763631,0.754155772825685,0.866659426898491,False,487,448.2756375090824,8.638515959978534,-0.013433591770036904,23.999437061244805,60,292.2,8.636650501943645,14,20.8537958954509
2798,mixtura,packing_A,T10,largo,38,G4,7.759065374763631,0.754155772825685,0.866659426898491,False,487,448.2756375090824,8.638515959978534,-0.013433591770036904,23.999437061244805,60,292.2,8.636650501943645,15,20.419544153789072
2798,mixtura,packing_A,T10,largo,38,G4,7.759065374763631,0.754155772825685,0.866659426898491,False,487,448.2756375090824,8.638515959978534,-0.013433591770036904,23.999437061244805,60,292.2,8.636650501943645,16,20.388903623334034
2798,mixtura,packing_A,T10,largo,38,G4,7.759065374763631,0.754155772825685,0.866659426898491,False,487,448.2756375090824,8.638515959978534,-0.013433591770036904,23.999437061244805,60,292.2,8.636650501943645,17,20.146488731995404
2798,mixtura,packing_A,T10,largo,38,G4,7.759065374763631,0.754155772825685,0.866659426898491,False,487,448.2756375090824,8.638515959978534,-0.013433591770036904,23.999437061244805,60,292.2,8.636650501943645,18,19.825533025007847
2798,mixtura,packing_A,T10,largo,38,G4,7.759065374763631,0.754155772825685,0.866659426898491,False,487,448.2756375090824,8.638515959978534,-0.013433591770036904,23.999437061244805,60,292.2,8.636650501943645,19,19.484618628992088
2798,mixtura,packing_A,T10,largo,38,G4,7.759065374763631,0.754155772825685,0.866659426898491,False,487,448.2756375090824,8.638515959978534,-0.013433591770036904,23.999437061244805,60,292.2,8.636650501943645,20,19.47708744890849
2798,mixtura,packing_A,T10,largo,38,G4,7.759065374763631,0.754155772825685,0.866659426898491,False,487,448.2756375090824,8.638515959978534,-0.013433591770036904,23.999437061244805,60,292.2,8.636650501943645,21,18.912291877939577
2798,mixtura,packing_A,T10,largo,38,G4,7.759065374763631,0.754155772825685,0.866659426898491,False,487,448.2756375090824,8.638515959978534,-0.013433591770036904,23.999437061244805,60,292.2,8.636650501943645,22,18.752170270580013
2798,mixtura,packing_A,T10,largo,38,G4,7.759065374763631,0.754155772825685,0.866659426898491,False,487,448.2756375090824,8.638515959978534,-0.013433591770036904,23.999437061244805,60,292.2,8.636650501943645,23,18.48453404750902
2798,mixtura,packing_A,T10,largo,38,G4,7.759065374763631,0.754155772825685,0.866659426898491,False,487,448.2756375090824,8.638515959978534,-0.013433591770036904,23.999437061244805,60,292.2,8.636650501943645,24,18.439921774025823
2798,mixtura,packing_A,T10,largo,38,G4,7.759065374763631,0.754155772825685,0.866659426898491,False,487,448.2756375090824,8.638515959978534,-0.013433591770036904,23.999437061244805,60,292.2,8.636650501943645,25,17.695828968150742
2798,mixtura,packing_A,T10,largo,38,G4,7.759065374763631,0.754155772825685,0.866659426898491,False,487,448.2756375090824,8.638515959978534,-0.013433591770036904,23.999437061244805,60,292.2,8.636650501943645,26,17.715332691707946
2798,mixtura,packing_A,T10,largo,38,G4,7.759065374763631,0.754155772825685,0.866659426898491,False,487,448.2756375090824,8.638515959978534,-0.013433591770036904,23.999437061244805,60,292.2,8.636650501943645,27,17.408860590224084
2798,mixtura,packing_A,T10,largo,38,G4,7.759065374763631,0.754155772825685,0.866659426898491,False,487,448.2756375090824,8.638515959978534,-0.013433591770036904,23.999437061244805,60,292.2,8.636650501943645,28,17.13977152688516
2798,mixtura,packing_A,T10,largo,38,G4,7.759065374763631,0.754155772825685,0.866659426898491,False,487,448.2756375090824,8.638515959978534,-0.013433591770036904,23.999437061244805,60,292.2,8.636650501943645,29,17.07243708691783
2798,mixtura,packing_A,T10,largo,38,G4,7.759065374763631,0.754155772825685,0.866659426898491,False,487,448.2756375090824,8.638515959978534,-0.013433591770036904,23.999437061244805,60,292.2,8.636650501943645,30,16.60447001822289
2798,mixtura,packing_A,T10,largo,38,G4,7.759065374763631,0.754155772825685,0.866659426898491,False,487,448.2756375090824,8.638515959978534,-0.013433591770036904,23.999437061244805,60,292.2,8.636650501943645,31,16.346162499453456
2798,mixtura,packing_A,T10,largo,38,G4,7.759065374763631,0.754155772825685,0.866659426898491,False,487,448.2756375090824,8.638515959978534,-0.013433591770036904,23.999437061244805,60,292.2,8.636650501943645,32,16.157410737457717
2798,mixtura,packing_A,T10,largo,38,G4,7.759065374763631,0.754155772825685,0.866659426898491,False,487,448.2756375090824,8.638515959978534,-0.013433591770036904,23.999437061244805,60,292.2,8.636650501943645,33,15.806406079138407
2798,mixtura,packing_A,T10,largo,38,G4,7.759065374763631,0.754155772825685,0.866659426898491,False,487,448.2756375090824,8.638515959978534,-0.013433591770036904,23.999437061244805,60,292.2,8.636650501943645,34,15.488848896366225
2798,mixtura,packing_A,T10,largo,38,G4,7.759065374763631,0.754155772825685,0.866659426898491,False,487,448.2756375090824,8.638515959978534,-0.013433591770036904,23.999437061244805,60,292.2,8.636650501943645,35,15.2628693211327
2798,mixtura,packing_A,T10,largo,38,G4,7.759065374763631,0.754155772825685,0.866659426898491,False,487,448.2756375090824,8.638515959978534,-0.013433591770036904,23.999437061244805,60,292.2,8.636650501943645,36,14.994672095142056
2798,mixtura,packing_A,T10,largo,38,G4,7.759065374763631,0.754155772825685,0.866659426898491,False,487,448.2756375090824,8.638515959978534,-0.013433591770036904,23.999437061244805,60,292.2,8.636650501943645,37,14.6489773539855
2798,mixtura,packing_A,T10,largo,38,G4,7.759065374763631,0.754155772825685,0.866659426898491,False,487,448.2756375090824,8.638515959978534,-0.013433591770036904,23.999437061244805,60,292.2,8.636650501943645,38,14.311837105237858
2798,mixtura,packing_A,T10,largo,38,G4,7.759065374763631,0.754155772825685,0.866659426898491,False,487,448.2756375090824,8.638515959978534,-0.013433591770036904,23.999437061244805,60,292.2,8.636650501943645,39,14.162572720219957
2798,mixtura,packing_A,T10,largo,38,G4,7.759065374763631,0.754155772825685,0.866659426898491,False,487,448.2756375090824,8.638515959978534,-0.013433591770036904,23.999437061244805,60,292.2,8.636650501943645,40,13.792373656902207
2798,mixtura,packing_A,T10,largo,38,G4,7.759065374763631,0.754155772825685,0.866659426898491,False,487,448.2756375090824,8.638515959978534,-0.013433591770036904,23.999437061244805,60,292.2,8.636650501943645,41,13.605054715057864
2798,mixtura,packing_A,T10,largo,38,G4,7.759065374763631,0.754155772825685,0.866659426898491,False,487,448.2756375090824,8.638515959978534,-0.013433591770036904,23.999437061244805,60,292.2,8.636650501943645,42,13.265037187949808
2798,mixtura,packing_A,T10,largo,38,G4,7.759065374763631,0.754155772825685,0.866659426898491,False,487,448.2756375090824,8.638515959978534,-0.013433591770036904,23.999437061244805,60,292.2,8.636650501943645,43,12.940072379759458
2798,mixtura,packing_A,T10,largo,38,G4,7.759065374763631,0.754155772825685,0.866659426898491,False,487,448.2756375090824,8.638515959978534,-0.013433591770036904,23.999437061244805,60,292.2,8.636650501943645,44,12.692357689961765
2798,mixtura,packing_A,T10,largo,38,G4,7.759065374763631,0.754155772825685,0.866659426898491,False,487,448.2756375090824,8.638515959978534,-0.013433591770036904,23.999437061244805,60,292.2,8.636650501943645,45,12.503803159243125
2798,mixtura,packing_A,T10,largo,38,G4,7.759065374763631,0.754155772825685,0.866659426898491,False,487,448.2756375090824,8.638515959978534,-0.013433591770036904,23.999437061244805,60,292.2,8.636650501943645,46,12.033249424776974
2798,mixtura,packing_A,T10,largo,38,G4,7.759065374763631,0.754155772825685,0.866659426898491,False,487,448.2756375090824,8.638515959978534,-0.013433591770036904,23.999437061244805,60,292.2,8.636650501943645,47,11.911794420569652
2798,mixtura,packing_A,T10,largo,38,G4,7.759065374763631,0.754155772825685,0.866659426898491,False,487,448.2756375090824,8.638515959978534,-0.013433591770036904,23.999437061244805,60,292.2,8.636650501943645,48,11.536192479740029
2798,mixtura,packing_A,T10,largo,38,G4,7.759065374763631,0.754155772825685,0.866659426898491,False,487,448.2756375090824,8.638515959978534,-0.013433591770036904,23.999437061244805,60,292.2,8.636650501943645,49,11.29205987300311
2798,mixtura,packing_A,T10,largo,38,G4,7.759065374763631,0.754155772825685,0.866659426898491,False,487,448.2756375090824,8.638515959978534,-0.013433591770036904,23.999437061244805,60,292.2,8.636650501943645,50,10.965543314714632
2798,mixtura,packing_A,T10,largo,38,G4,7.759065374763631,0.754155772825685,0.866659426898491,False,487,448.2756375090824,8.638515959978534,-0.013433591770036904,23.999437061244805,60,292.2,8.636650501943645,51,10.743970889366539
2798,mixtura,packing_A,T10,largo,38,G4,7.759065374763631,0.754155772825685,0.866659426898491,False,487,448.2756375090824,8.638515959978534,-0.013433591770036904,23.999437061244805,60,292.2,8.636650501943645,52,10.653063335582946
2798,mixtura,packing_A,T10,largo,38,G4,7.759065374763631,0.754155772825685,0.866659426898491,False,487,448.2756375090824,8.638515959978534,-0.013433591770036904,23.999437061244805,60,292.2,8.636650501943645,53,10.064300715153314
2798,mixtura,packing_A,T10,largo,38,G4,7.759065374763631,0.754155772825685,0.866659426898491,False,487,448.2756375090824,8.638515959978534,-0.013433591770036904,23.999437061244805,60,292.2,8.636650501943645,54,10.151038525639933
2798,mixtura,packing_A,T10,largo,38,G4,7.759065374763631,0.754155772825685,0.866659426898491,False,487,448.2756375090824,8.638515959978534,-0.013433591770036904,23.999437061244805,60,292.2,8.636650501943645,55,9.671790356333652
2798,mixtura,packing_A,T10,largo,38,G4,7.759065374763631,0.754155772825685,0.866659426898491,False,487,448.2756375090824,8.638515959978534,-0.013433591770036904,23.999437061244805,60,292.2,8.636650501943645,56,9.44488549430359
2798,mixtura,packing_A,T10,largo,38,G4,7.759065374763631,0.754155772825685,0.866659426898491,False,487,448.2756375090824,8.638515959978534,-0.013433591770036904,23.999437061244805,60,292.2,8.636650501943645,57,8.99723444507917
2798,mixtura,packing_A,T10,largo,38,G4,7.759065374763631,0.754155772825685,0.866659426898491,False,487,448.2756375090824,8.638515959978534,-0.013433591770036904,23.999437061244805,60,292.2,8.636650501943645,58,8.809054764736326
2798,mixtura,packing_A,T10,largo,38,G4,7.759065374763631,0.754155772825685,0.866659426898491,False,487,448.2756375090824,8.638515959978534,-0.013433591770036904,23.999437061244805,60,292.2,8.636650501943645,59,8.568239459828863
2798,mixtura,packing_A,T10,largo,38,G4,7.759065374763631,0.754155772825685,0.866659426898491,False,487,448.2756375090824,8.638515959978534,-0.013433591770036904,23.999437061244805,60,292.2,8.636650501943645,60,8.29097337731648
2798,mixtura,packing_A,T10,largo,38,G4,7.759065374763631,0.754155772825685,0.866659426898491,False,487,448.2756375090824,8.638515959978534,-0.013433591770036904,23.999437061244805,60,292.2,8.636650501943645,61,8.008164399241354
2798,mixtura,packing_A,T10,largo,38,G4,7.759065374763631,0.754155772825685,0.866659426898491,False,487,448.2756375090824,8.638515959978534,-0.013433591770036904,23.999437061244805,60,292.2,8.636650501943645,62,7.689757720246209
2798,mixtura,packing_A,T10,largo,38,G4,7.759065374763631,0.754155772825685,0.866659426898491,False,487,448.2756375090824,8.638515959978534,-0.013433591770036904,23.999437061244805,60,292.2,8.636650501943645,63,7.428350510558846
2798,mixtura,packing_A,T10,largo,38,G4,7.759065374763631,0.754155772825685,0.866659426898491,False,487,448.2756375090824,8.638515959978534,-0.013433591770036904,23.999437061244805,60,292.2,8.636650501943645,64,6.99117868895168
2798,mixtura,packing_A,T10,largo,38,G4,7.759065374763631,0.754155772825685,0.866659426898491,False,487,448.2756375090824,8.638515959978534,-0.013433591770036904,23.999437061244805,60,292.2,8.636650501943645,65,6.998990235696835
2798,mixtura,packing_A,T10,largo,38,G4,7.759065374763631,0.754155772825685,0.866659426898491,False,487,448.2756375090824,8.638515959978534,-0.013433591770036904,23.999437061244805,60,292.2,8.636650501943645,66,6.669231790039844
2798,mixtura,packing_A,T10,largo,38,G4,7.759065374763631,0.754155772825685,0.866659426898491,False,487,448.2756375090824,8.638515959978534,-0.013433591770036904,23.999437061244805,60,292.2,8.636650501943645,67,6.500467146184686
2798,mixtura,packing_A,T10,largo,38,G4,7.759065374763631,0.754155772825685,0.866659426898491,False,487,448.2756375090824,8.638515959978534,-0.013433591770036904,23.999437061244805,60,292.2,8.636650501943645,68,5.977511924751823
2798,mixtura,packing_A,T10,largo,38,G4,7.759065374763631,0.754155772825685,0.866659426898491,False,487,448.2756375090824,8.638515959978534,-0.013433591770036904,23.999437061244805,60,292.2,8.636650501943645,69,6.019902043574219
2798,mixtura,packing_A,T10,largo,38,G4,7.759065374763631,0.754155772825685,0.866659426898491,False,487,448.2756375090824,8.638515959978534,-0.013433591770036904,23.999437061244805,60,292.2,8.636650501943645,70,5.457329485792439
2798,mixtura,packing_A,T10,largo,38,G4,7.759065374763631,0.754155772825685,0.866659426898491,False,487,448.2756375090824,8.638515959978534,-0.013433591770036904,23.999437061244805,60,292.2,8.636650501943645,71,5.3650879250229
2798,mixtura,packing_A,T10,largo,38,G4,7.759065374763631,0.754155772825685,0.866659426898491,False,487,448.2756375090824,8.638515959978534,-0.013433591770036904,23.999437061244805,60,292.2,8.636650501943645,72,4.937673954310241
2798,mixtura,packing_A,T10,largo,38,G4,7.759065374763631,0.754155772825685,0.866659426898491,False,487,448.2756375090824,8.638515959978534,-0.013433591770036904,23.999437061244805,60,292.2,8.636650501943645,73,4.905730294689131
2798,mixtura,packing_A,T10,largo,38,G4,7.759065374763631,0.754155772825685,0.866659426898491,False,487,448.2756375090824,8.638515959978534,-0.013433591770036904,23.999437061244805,60,292.2,8.636650501943645,74,4.66413476290391
2798,mixtura,packing_A,T10,largo,38,G4,7.759065374763631,0.754155772825685,0.866659426898491,False,487,448.2756375090824,8.638515959978534,-0.013433591770036904,23.999437061244805,60,292.2,8.636650501943645,75,4.361594463314741
2798,mixtura,packing_A,T10,largo,38,G4,7.759065374763631,0.754155772825685,0.866659426898491,False,487,448.2756375090824,8.638515959978534,-0.013433591770036904,23.999437061244805,60,292.2,8.636650501943645,76,4.253446656129657
2798,mixtura,packing_A,T10,largo,38,G4,7.759065374763631,0.754155772825685,0.866659426898491,False,487,448.2756375090824,8.638515959978534,-0.013433591770036904,23.999437061244805,60,292.2,8.636650501943645,77,3.8523848773120206
2798,mixtura,packing_A,T10,largo,38,G4,7.759065374763631,0.754155772825685,0.866659426898491,False,487,448.2756375090824,8.638515959978534,-0.013433591770036904,23.999437061244805,60,292.2,8.636650501943645,78,3.7942424753454107
2798,mixtura,packing_A,T10,largo,38,G4,7.759065374763631,0.754155772825685,0.866659426898491,False,487,448.2756375090824,8.638515959978534,-0.013433591770036904,23.999437061244805,60,292.2,8.636650501943645,79,3.553522873919023
2798,mixtura,packing_A,T10,largo,38,G4,7.759065374763631,0.754155772825685,0.866659426898491,False,487,448.2756375090824,8.638515959978534,-0.013433591770036904,23.999437061244805,60,292.2,8.636650501943645,80,3.058721615814976
2798,mixtura,packing_A,T10,largo,38,G4,7.759065374763631,0.754155772825685,0.866659426898491,False,487,448.2756375090824,8.638515959978534,-0.013433591770036904,23.999437061244805,60,292.2,8.636650501943645,81,2.7892259180412378
2798,mixtura,packing_A,T10,largo,38,G4,7.759065374763631,0.754155772825685,0.866659426898491,False,487,448.2756375090824,8.638515959978534,-0.013433591770036904,23.999437061244805,60,292.2,8.636650501943645,82,2.7750474456528873
2798,mixtura,packing_A,T10,largo,38,G4,7.759065374763631,0.754155772825685,0.866659426898491,False,487,448.2756375090824,8.638515959978534,-0.013433591770036904,23.999437061244805,60,292.2,8.636650501943645,83,2.4708170583727456
2798,mixtura,packing_A,T10,largo,38,G4,7.759065374763631,0.754155772825685,0.866659426898491,False,487,448.2756375090824,8.638515959978534,-0.013433591770036904,23.999437061244805,60,292.2,8.636650501943645,84,2.3815709952791018
2798,mixtura,packing_A,T10,largo,38,G4,7.759065374763631,0.754155772825685,0.866659426898491,False,487,448.2756375090824,8.638515959978534,-0.013433591770036904,23.999437061244805,60,292.2,8.636650501943645,85,1.9822917293236564
2798,mixtura,packing_A,T10,largo,38,G4,7.759065374763631,0.754155772825685,0.866659426898491,False,487,448.2756375090824,8.638515959978534,-0.013433591770036904,23.999437061244805,60,292.2,8.636650501943645,86,1.7757611792521624
2798,mixtura,packing_A,T10,largo,38,G4,7.759065374763631,0.754155772825685,0.866659426898491,False,487,448.2756375090824,8.638515959978534,-0.013433591770036904,23.999437061244805,60,292.2,8.636650501943645,87,1.8126935351701108
2798,mixtura,packing_A,T10,largo,38,G4,7.759065374763631,0.754155772825685,0.866659426898491,False,487,448.2756375090824,8.638515959978534,-0.013433591770036904,23.999437061244805,60,292.2,8.636650501943645,88,1.4054945837096544
2798,mixtura,packing_A,T10,largo,38,G4,7.759065374763631,0.754155772825685,0.866659426898491,False,487,448.2756375090824,8.638515959978534,-0.013433591770036904,23.999437061244805,60,292.2,8.636650501943645,89,1.2124820745717553
2798,mixtura,packing_A,T10,largo,38,G4,7.759065374763631,0.754155772825685,0.866659426898491,False,487,448.2756375090824,8.638515959978534,-0.013433591770036904,23.999437061244805,60,292.2,8.636650501943645,90,0.9092107329361604
2798,mixtura,packing_A,T10,largo,38,G4,7.759065374763631,0.754155772825685,0.866659426898491,False,487,448.2756375090824,8.638515959978534,-0.013433591770036904,23.999437061244805,60,292.2,8.636650501943645,91,0.704015479442439
2798,mixtura,packing_A,T10,largo,38,G4,7.759065374763631,0.754155772825685,0.866659426898491,False,487,448.2756375090824,8.638515959978534,-0.013433591770036904,23.999437061244805,60,292.2,8.636650501943645,92,0.42564217799717435
2798,mixtura,packing_A,T10,largo,38,G4,7.759065374763631,0.754155772825685,0.866659426898491,False,487,448.2756375090824,8.638515959978534,-0.013433591770036904,23.999437061244805,60,292.2,8.636650501943645,93,0.25214700662922784
2798,mixtura,packing_A,T10,largo,38,G4,7.759065374763631,0.754155772825685,0.866659426898491,False,487,448.2756375090824,8.638515959978534,-0.013433591770036904,23.999437061244805,60,292.2,8.636650501943645,94,0.005075401016605571
2798,mixtura,packing_A,T10,largo,38,G4,7.759065374763631,0.754155772825685,0.866659426898491,False,487,448.2756375090824,8.638515959978534,-0.013433591770036904,23.999437061244805,60,292.2,8.636650501943645,95,-0.06937091864952145
2798,mixtura,packing_A,T10,largo,38,G4,7.759065374763631,0.754155772825685,0.866659426898491,False,487,448.2756375090824,8.638515959978534,-0.013433591770036904,23.999437061244805,60,292.2,8.636650501943645,96,-0.4119130257508741
2798,mixtura,packing_A,T10,largo,38,G4,7.759065374763631,0.754155772825685,0.866659426898491,False,487,448.2756375090824,8.638515959978534,-0.013433591770036904,23.999437061244805,60,292.2,8.636650501943645,97,-0.6065602593196285
2798,mixtura,packing_A,T10,largo,38,G4,7.759065374763631,0.754155772825685,0.866659426898491,False,487,448.2756375090824,8.638515959978534,-0.013433591770036904,23.999437061244805,60,292.2,8.636650501943645,98,-0.5650918791653983
2798,mixtura,packing_A,T10,largo,38,G4,7.759065374763631,0.754155772825685,0.866659426898491,False,487,448.2756375090824,8.638515959978534,-0.013433591770036904,23.999437061244805,60,292.2,8.636650501943645,99,-0.8291332364965083
2798,mixtura,packing_A,T10,largo,38,G4,7.759065374763631,0.754155772825685,0.866659426898491,False,487,448.2756375090824,8.638515959978534,-0.013433591770036904,23.999437061244805,60,292.2,8.636650501943645,100,-1.0006124866836854
2798,mixtura,packing_A,T10,largo,38,G4,7.759065374763631,0.754155772825685,0.866659426898491,False,487,448.2756375090824,8.638515959978534,-0.013433591770036904,23.999437061244805,60,292.2,8.636650501943645,101,-1.1268766429400219
2798,mixtura,packing_A,T10,largo,38,G4,7.759065374763631,0.754155772825685,0.866659426898491,False,487,448.2756375090824,8.638515959978534,-0.013433591770036904,23.999437061244805,60,292.2,8.636650501943645,102,-1.328767198913269
2798,mixtura,packing_A,T10,largo,38,G4,7.759065374763631,0.754155772825685,0.866659426898491,False,487,448.2756375090824,8.638515959978534,-0.013433591770036904,23.999437061244805,60,292.2,8.636650501943645,103,-1.4804930249710193
2798,mixtura,packing_A,T10,largo,38,G4,7.759065374763631,0.754155772825685,0.866659426898491,False,487,448.2756375090824,8.638515959978534,-0.013433591770036904,23.999437061244805,60,292.2,8.636650501943645,104,-1.7939695237161022
2798,mixtura,packing_A,T10,largo,38,G4,7.759065374763631,0.754155772825685,0.866659426898491,False,487,448.2756375090824,8.638515959978534,-0.013433591770036904,23.999437061244805,60,292.2,8.636650501943645,105,-2.08089839837041
2798,mixtura,packing_A,T10,largo,38,G4,7.759065374763631,0.754155772825685,0.866659426898491,False,487,448.2756375090824,8.638515959978534,-0.013433591770036904,23.999437061244805,60,292.2,8.636650501943645,106,-2.2950101738951725
2798,mixtura,packing_A,T10,largo,38,G4,7.759065374763631,0.754155772825685,0.866659426898491,False,487,448.2756375090824,8.638515959978534,-0.013433591770036904,23.999437061244805,60,292.2,8.636650501943645,107,-2.101740694904654
2798,mixtura,packing_A,T10,largo,38,G4,7.759065374763631,0.754155772825685,0.866659426898491,False,487,448.2756375090824,8.638515959978534,-0.013433591770036904,23.999437061244805,60,292.2,8.636650501943645,108,-2.2480244197783494
2798,mixtura,packing_A,T10,largo,38,G4,7.759065374763631,0.754155772825685,0.866659426898491,False,487,448.2756375090824,8.638515959978534,-0.013433591770036904,23.999437061244805,60,292.2,8.636650501943645,109,-2.5868938819088116
2798,mixtura,packing_A,T10,largo,38,G4,7.759065374763631,0.754155772825685,0.866659426898491,False,487,448.2756375090824,8.638515959978534,-0.013433591770036904,23.999437061244805,60,292.2,8.636650501943645,110,-2.705679488446181
2798,mixtura,packing_A,T10,largo,38,G4,7.759065374763631,0.754155772825685,0.866659426898491,False,487,448.2756375090824,8.638515959978534,-0.013433591770036904,23.999437061244805,60,292.2,8.636650501943645,111,-2.8267191171515087
2798,mixtura,packing_A,T10,largo,38,G4,7.759065374763631,0.754155772825685,0.866659426898491,False,487,448.2756375090824,8.638515959978534,-0.013433591770036904,23.999437061244805,60,292.2,8.636650501943645,112,-2.974820811753189
2798,mixtura,packing_A,T10,largo,38,G4,7.759065374763631,0.754155772825685,0.866659426898491,False,487,448.2756375090824,8.638515959978534,-0.013433591770036904,23.999437061244805,60,292.2,8.636650501943645,113,-3.2564896843110716
2798,mixtura,packing_A,T10,largo,38,G4,7.759065374763631,0.754155772825685,0.866659426898491,False,487,448.2756375090824,8.638515959978534,-0.013433591770036904,23.999437061244805,60,292.2,8.636650501943645,114,-3.472995725102203
2798,mixtura,packing_A,T10,largo,38,G4,7.759065374763631,0.754155772825685,0.866659426898491,False,487,448.2756375090824,8.638515959978534,-0.013433591770036904,23.999437061244805,60,292.2,8.636650501943645,115,-3.628162670505305
2798,mixtura,packing_A,T10,largo,38,G4,7.759065374763631,0.754155772825685,0.866659426898491,False,487,448.2756375090824,8.638515959978534,-0.013433591770036904,23.999437061244805,60,292.2,8.636650501943645,116,-3.518414936604938
2798,mixtura,packing_A,T10,largo,38,G4,7.759065374763631,0.754155772825685,0.866659426898491,False,487,448.2756375090824,8.638515959978534,-0.013433591770036904,23.999437061244805,60,292.2,8.636650501943645,117,-3.591621968126186
2798,mixtura,packing_A,T10,largo,38,G4,7.759065374763631,0.754155772825685,0.866659426898491,False,487,448.2756375090824,8.638515959978534,-0.013433591770036904,23.999437061244805,60,292.2,8.636650501943645,118,-3.9054012203197597
2798,mixtura,packing_A,T10,largo,38,G4,7.759065374763631,0.754155772825685,0.866659426898491,False,487,448.2756375090824,8.638515959978534,-0.013433591770036904,23.999437061244805,60,292.2,8.636650501943645,119,-4.00459986724783
2798,mixtura,packing_A,T10,largo,38,G4,7.759065374763631,0.754155772825685,0.866659426898491,False,487,448.2756375090824,8.638515959978534,-0.013433591770036904,23.999437061244805,60,292.2,8.636650501943645,120,-4.058307057605427
2798,mixtura,packing_A,T10,largo,38,G4,7.759065374763631,0.754155772825685,0.866659426898491,False,487,448.2756375090824,8.638515959978534,-0.013433591770036904,23.999437061244805,60,292.2,8.636650501943645,121,-4.363103914885408
2798,mixtura,packing_A,T10,largo,38,G4,7.759065374763631,0.754155772825685,0.866659426898491,False,487,448.2756375090824,8.638515959978534,-0.013433591770036904,23.999437061244805,60,292.2,8.636650501943645,122,-4.282861098123197
2798,mixtura,packing_A,T10,largo,38,G4,7.759065374763631,0.754155772825685,0.866659426898491,False,487,448.2756375090824,8.638515959978534,-0.013433591770036904,23.999437061244805,60,292.2,8.636650501943645,123,-4.3243536581157995
2798,mixtura,packing_A,T10,largo,38,G4,7.759065374763631,0.754155772825685,0.866659426898491,False,487,448.2756375090824,8.638515959978534,-0.013433591770036904,23.999437061244805,60,292.2,8.636650501943645,124,-4.517941190902574
2798,mixtura,packing_A,T10,largo,38,G4,7.759065374763631,0.754155772825685,0.866659426898491,False,487,448.2756375090824,8.638515959978534,-0.013433591770036904,23.999437061244805,60,292.2,8.636650501943645,125,-4.7183220990404475
2798,mixtura,packing_A,T10,largo,38,G4,7.759065374763631,0.754155772825685,0.866659426898491,False,487,448.2756375090824,8.638515959978534,-0.013433591770036904,23.999437061244805,60,292.2,8.636650501943645,126,-4.9567655520503475
2798,mixtura,packing_A,T10,largo,38,G4,7.759065374763631,0.754155772825685,0.866659426898491,False,487,448.2756375090824,8.638515959978534,-0.013433591770036904,23.999437061244805,60,292.2,8.636650501943645,127,-4.893175663696959
2798,mixtura,packing_A,T10,largo,38,G4,7.759065374763631,0.754155772825685,0.866659426898491,False,487,448.2756375090824,8.638515959978534,-0.013433591770036904,23.999437061244805,60,292.2,8.636650501943645,128,-4.988494145746607
2798,mixtura,packing_A,T10,largo,38,G4,7.759065374763631,0.754155772825685,0.866659426898491,False,487,448.2756375090824,8.638515959978534,-0.013433591770036904,23.999437061244805,60,292.2,8.636650501943645,129,-5.054101691866316
2798,mixtura,packing_A,T10,largo,38,G4,7.759065374763631,0.754155772825685,0.866659426898491,False,487,448.2756375090824,8.638515959978534,-0.013433591770036904,23.999437061244805,60,292.2,8.636650501943645,130,-5.059718459445299
2798,mixtura,packing_A,T10,largo,38,G4,7.759065374763631,0.754155772825685,0.866659426898491,False,487,448.2756375090824,8.638515959978534,-0.013433591770036904,23.999437061244805,60,292.2,8.636650501943645,131,-5.312412206271623
2798,mixtura,packing_A,T10,largo,38,G4,7.759065374763631,0.754155772825685,0.866659426898491,False,487,448.2756375090824,8.638515959978534,-0.013433591770036904,23.999437061244805,60,292.2,8.636650501943645,132,-5.354596845012701
2798,mixtura,packing_A,T10,largo,38,G4,7.759065374763631,0.754155772825685,0.866659426898491,False,487,448.2756375090824,8.638515959978534,-0.013433591770036904,23.999437061244805,60,292.2,8.636650501943645,133,-5.541049428138749
2798,mixtura,packing_A,T10,largo,38,G4,7.759065374763631,0.754155772825685,0.866659426898491,False,487,448.2756375090824,8.638515959978534,-0.013433591770036904,23.999437061244805,60,292.2,8.636650501943645,134,-5.502760737894795
2798,mixtura,packing_A,T10,largo,38,G4,7.759065374763631,0.754155772825685,0.866659426898491,False,487,448.2756375090824,8.638515959978534,-0.013433591770036904,23.999437061244805,60,292.2,8.636650501943645,135,-5.665747523680865
2798,mixtura,packing_A,T10,largo,38,G4,7.759065374763631,0.754155772825685,0.866659426898491,False,487,448.2756375090824,8.638515959978534,-0.013433591770036904,23.999437061244805,60,292.2,8.636650501943645,136,-5.765294030922035
2798,mixtura,packing_A,T10,largo,38,G4,7.759065374763631,0.754155772825685,0.866659426898491,False,487,448.2756375090824,8.638515959978534,-0.013433591770036904,23.999437061244805,60,292.2,8.636650501943645,137,-5.927412652959395
2798,mixtura,packing_A,T10,largo,38,G4,7.759065374763631,0.754155772825685,0.866659426898491,False,487,448.2756375090824,8.638515959978534,-0.013433591770036904,23.999437061244805,60,292.2,8.636650501943645,138,-5.895390625911271
2798,mixtura,packing_A,T10,largo,38,G4,7.759065374763631,0.754155772825685,0.866659426898491,False,487,448.2756375090824,8.638515959978534,-0.013433591770036904,23.999437061244805,60,292.2,8.636650501943645,139,-5.866445519657429
2798,mixtura,packing_A,T10,largo,38,G4,7.759065374763631,0.754155772825685,0.866659426898491,False,487,448.2756375090824,8.638515959978534,-0.013433591770036904,23.999437061244805,60,292.2,8.636650501943645,140,-6.077585488350886
2798,mixtura,packing_A,T10,largo,38,G4,7.759065374763631,0.754155772825685,0.866659426898491,False,487,448.2756375090824,8.638515959978534,-0.013433591770036904,23.999437061244805,60,292.2,8.636650501943645,141,-6.152123083965986
2798,mixtura,packing_A,T10,largo,38,G4,7.759065374763631,0.754155772825685,0.866659426898491,False,487,448.2756375090824,8.638515959978534,-0.013433591770036904,23.999437061244805,60,292.2,8.636650501943645,142,-6.167373338859006
2798,mixtura,packing_A,T10,largo,38,G4,7.759065374763631,0.754155772825685,0.866659426898491,False,487,448.2756375090824,8.638515959978534,-0.013433591770036904,23.999437061244805,60,292.2,8.636650501943645,143,-6.20811772659324
2798,mixtura,packing_A,T10,largo,38,G4,7.759065374763631,0.754155772825685,0.866659426898491,False,487,448.2756375090824,8.638515959978534,-0.013433591770036904,23.999437061244805,60,292.2,8.636650501943645,144,-6.2612409397467355
2798,mixtura,packing_A,T10,largo,38,G4,7.759065374763631,0.754155772825685,0.866659426898491,False,487,448.2756375090824,8.638515959978534,-0.013433591770036904,23.999437061244805,60,292.2,8.636650501943645,145,-6.3512680889015725
2798,mixtura,packing_A,T10,largo,38,G4,7.759065374763631,0.754155772825685,0.866659426898491,False,487,448.2756375090824,8.638515959978534,-0.013433591770036904,23.999437061244805,60,292.2,8.636650501943645,146,-6.430005206770767
2798,mixtura,packing_A,T10,largo,38,G4,7.759065374763631,0.754155772825685,0.866659426898491,False,487,448.2756375090824,8.638515959978534,-0.013433591770036904,23.999437061244805,60,292.2,8.636650501943645,147,-6.331495446994113
2798,mixtura,packing_A,T10,largo,38,G4,7.759065374763631,0.754155772825685,0.866659426898491,False,487,448.2756375090824,8.638515959978534,-0.013433591770036904,23.999437061244805,60,292.2,8.636650501943645,148,-6.418025847743551
2798,mixtura,packing_A,T10,largo,38,G4,7.759065374763631,0.754155772825685,0.866659426898491,False,487,448.2756375090824,8.638515959978534,-0.013433591770036904,23.999437061244805,60,292.2,8.636650501943645,149,-6.572493618905204
2798,mixtura,packing_A,T10,largo,38,G4,7.759065374763631,0.754155772825685,0.866659426898491,False,487,448.2756375090824,8.638515959978534,-0.013433591770036904,23.999437061244805,60,292.2,8.636650501943645,150,-6.512562925878618
2798,mixtura,packing_A,T10,largo,38,G4,7.759065374763631,0.754155772825685,0.866659426898491,False,487,448.2756375090824,8.638515959978534,-0.013433591770036904,23.999437061244805,60,292.2,8.636650501943645,151,-6.639747823696607
2798,mixtura,packing_A,T10,largo,38,G4,7.759065374763631,0.754155772825685,0.866659426898491,False,487,448.2756375090824,8.638515959978534,-0.013433591770036904,23.999437061244805,60,292.2,8.636650501943645,152,-6.691210027007336
2798,mixtura,packing_A,T10,largo,38,G4,7.759065374763631,0.754155772825685,0.866659426898491,False,487,448.2756375090824,8.638515959978534,-0.013433591770036904,23.999437061244805,60,292.2,8.636650501943645,153,-6.484875719133514
2798,mixtura,packing_A,T10,largo,38,G4,7.759065374763631,0.754155772825685,0.866659426898491,False,487,448.2756375090824,8.638515959978534,-0.013433591770036904,23.999437061244805,60,292.2,8.636650501943645,154,-6.731824835920239
2798,mixtura,packing_A,T10,largo,38,G4,7.759065374763631,0.754155772825685,0.866659426898491,False,487,448.2756375090824,8.638515959978534,-0.013433591770036904,23.999437061244805,60,292.2,8.636650501943645,155,-6.860299317282103
2798,mixtura,packing_A,T10,largo,38,G4,7.759065374763631,0.754155772825685,0.866659426898491,False,487,448.2756375090824,8.638515959978534,-0.013433591770036904,23.999437061244805,60,292.2,8.636650501943645,156,-6.759222959856928
2798,mixtura,packing_A,T10,largo,38,G4,7.759065374763631,0.754155772825685,0.866659426898491,False,487,448.2756375090824,8.638515959978534,-0.013433591770036904,23.999437061244805,60,292.2,8.636650501943645,157,-6.788349739926701
2798,mixtura,packing_A,T10,largo,38,G4,7.759065374763631,0.754155772825685,0.866659426898491,False,487,448.2756375090824,8.638515959978534,-0.013433591770036904,23.999437061244805,60,292.2,8.636650501943645,158,-6.736073832741553
2798,mixtura,packing_A,T10,largo,38,G4,7.759065374763631,0.754155772825685,0.866659426898491,False,487,448.2756375090824,8.638515959978534,-0.013433591770036904,23.999437061244805,60,292.2,8.636650501943645,159,-6.98113100226652
2798,mixtura,packing_A,T10,largo,38,G4,7.759065374763631,0.754155772825685,0.866659426898491,False,487,448.2756375090824,8.638515959978534,-0.013433591770036904,23.999437061244805,60,292.2,8.636650501943645,160,-6.944638974575725
2798,mixtura,packing_A,T10,largo,38,G4,7.759065374763631,0.754155772825685,0.866659426898491,False,487,448.2756375090824,8.638515959978534,-0.013433591770036904,23.999437061244805,60,292.2,8.636650501943645,161,-7.075410279533591
2798,mixtura,packing_A,T10,largo,38,G4,7.759065374763631,0.754155772825685,0.866659426898491,False,487,448.2756375090824,8.638515959978534,-0.013433591770036904,23.999437061244805,60,292.2,8.636650501943645,162,-6.932184811723837
2798,mixtura,packing_A,T10,largo,38,G4,7.759065374763631,0.754155772825685,0.866659426898491,False,487,448.2756375090824,8.638515959978534,-0.013433591770036904,23.999437061244805,60,292.2,8.636650501943645,163,-7.0757098676479115
2798,mixtura,packing_A,T10,largo,38,G4,7.759065374763631,0.754155772825685,0.866659426898491,False,487,448.2756375090824,8.638515959978534,-0.013433591770036904,23.999437061244805,60,292.2,8.636650501943645,164,-6.917563100148856
2798,mixtura,packing_A,T10,largo,38,G4,7.759065374763631,0.754155772825685,0.866659426898491,False,487,448.2756375090824,8.638515959978534,-0.013433591770036904,23.999437061244805,60,292.2,8.636650501943645,165,-6.878430272441891
2798,mixtura,packing_A,T10,largo,38,G4,7.759065374763631,0.754155772825685,0.866659426898491,False,487,448.2756375090824,8.638515959978534,-0.013433591770036904,23.999437061244805,60,292.2,8.636650501943645,166,-6.980786255914134
2798,mixtura,packing_A,T10,largo,38,G4,7.759065374763631,0.754155772825685,0.866659426898491,False,487,448.2756375090824,8.638515959978534,-0.013433591770036904,23.999437061244805,60,292.2,8.636650501943645,167,-6.7976655990133
2798,mixtura,packing_A,T10,largo,38,G4,7.759065374763631,0.754155772825685,0.866659426898491,False,487,448.2756375090824,8.638515959978534,-0.013433591770036904,23.999437061244805,60,292.2,8.636650501943645,168,-6.90907039228886
2798,mixtura,packing_A,T10,largo,38,G4,7.759065374763631,0.754155772825685,0.866659426898491,False,487,448.2756375090824,8.638515959978534,-0.013433591770036904,23.999437061244805,60,292.2,8.636650501943645,169,-7.03708539254514
2798,mixtura,packing_A,T10,largo,38,G4,7.759065374763631,0.754155772825685,0.866659426898491,False,487,448.2756375090824,8.638515959978534,-0.013433591770036904,23.999437061244805,60,292.2,8.636650501943645,170,-6.972523705986251
2798,mixtura,packing_A,T10,largo,38,G4,7.759065374763631,0.754155772825685,0.866659426898491,False,487,448.2756375090824,8.638515959978534,-0.013433591770036904,23.999437061244805,60,292.2,8.636650501943645,171,-6.907368541145619
2798,mixtura,packing_A,T10,largo,38,G4,7.759065374763631,0.754155772825685,0.866659426898491,False,487,448.2756375090824,8.638515959978534,-0.013433591770036904,23.999437061244805,60,292.2,8.636650501943645,172,-7.047226689632302
2798,mixtura,packing_A,T10,largo,38,G4,7.759065374763631,0.754155772825685,0.866659426898491,False,487,448.2756375090824,8.638515959978534,-0.013433591770036904,23.999437061244805,60,292.2,8.636650501943645,173,-6.967938662180142
2798,mixtura,packing_A,T10,largo,38,G4,7.759065374763631,0.754155772825685,0.866659426898491,False,487,448.2756375090824,8.638515959978534,-0.013433591770036904,23.999437061244805,60,292.2,8.636650501943645,174,-6.919985701062386
2798,mixtura,packing_A,T10,largo,38,G4,7.759065374763631,0.754155772825685,0.866659426898491,False,487,448.2756375090824,8.638515959978534,-0.013433591770036904,23.999437061244805,60,292.2,8.636650501943645,175,-6.960102724188876
2798,mixtura,packing_A,T10,largo,38,G4,7.759065374763631,0.754155772825685,0.866659426898491,False,487,448.2756375090824,8.638515959978534,-0.013433591770036904,23.999437061244805,60,292.2,8.636650501943645,176,-6.86901068286821
2798,mixtura,packing_A,T10,largo,38,G4,7.759065374763631,0.754155772825685,0.866659426898491,False,487,448.2756375090824,8.638515959978534,-0.013433591770036904,23.999437061244805,60,292.2,8.636650501943645,177,-6.7521527127244445
2798,mixtura,packing_A,T10,largo,38,G4,7.759065374763631,0.754155772825685,0.866659426898491,False,487,448.2756375090824,8.638515959978534,-0.013433591770036904,23.999437061244805,60,292.2,8.636650501943645,178,-6.8233922171620245
2798,mixtura,packing_A,T10,largo,38,G4,7.759065374763631,0.754155772825685,0.866659426898491,False,487,448.2756375090824,8.638515959978534,-0.013433591770036904,23.999437061244805,60,292.2,8.636650501943645,179,-6.846973595139061
2798,mixtura,packing_A,T10,largo,38,G4,7.759065374763631,0.754155772825685,0.866659426898491,False,487,448.2756375090824,8.638515959978534,-0.013433591770036904,23.999437061244805,60,292.2,8.636650501943645,180,-6.847799024926616
2798,mixtura,packing_A,T10,largo,38,G4,7.759065374763631,0.754155772825685,0.866659426898491,False,487,448.2756375090824,8.638515959978534,-0.013433591770036904,23.999437061244805,60,292.2,8.636650501943645,181,-6.6340684366121225
2798,mixtura,packing_A,T10,largo,38,G4,7.759065374763631,0.754155772825685,0.866659426898491,False,487,448.2756375090824,8.638515959978534,-0.013433591770036904,23.999437061244805,60,292.2,8.636650501943645,182,-6.696170017785459
2798,mixtura,packing_A,T10,largo,38,G4,7.759065374763631,0.754155772825685,0.866659426898491,False,487,448.2756375090824,8.638515959978534,-0.013433591770036904,23.999437061244805,60,292.2,8.636650501943645,183,-6.511760244427195
2798,mixtura,packing_A,T10,largo,38,G4,7.759065374763631,0.754155772825685,0.866659426898491,False,487,448.2756375090824,8.638515959978534,-0.013433591770036904,23.999437061244805,60,292.2,8.636650501943645,184,-6.636791227990661
2798,mixtura,packing_A,T10,largo,38,G4,7.759065374763631,0.754155772825685,0.866659426898491,False,487,448.2756375090824,8.638515959978534,-0.013433591770036904,23.999437061244805,60,292.2,8.636650501943645,185,-6.767581030856844
2798,mixtura,packing_A,T10,largo,38,G4,7.759065374763631,0.754155772825685,0.866659426898491,False,487,448.2756375090824,8.638515959978534,-0.013433591770036904,23.999437061244805,60,292.2,8.636650501943645,186,-6.665671224076627
2798,mixtura,packing_A,T10,largo,38,G4,7.759065374763631,0.754155772825685,0.866659426898491,False,487,448.2756375090824,8.638515959978534,-0.013433591770036904,23.999437061244805,60,292.2,8.636650501943645,187,-6.6726447622646585
2798,mixtura,packing_A,T10,largo,38,G4,7.759065374763631,0.754155772825685,0.866659426898491,False,487,448.2756375090824,8.638515959978534,-0.013433591770036904,23.999437061244805,60,292.2,8.636650501943645,188,-6.5494700224434474
2798,mixtura,packing_A,T10,largo,38,G4,7.759065374763631,0.754155772825685,0.866659426898491,False,487,448.2756375090824,8.638515959978534,-0.013433591770036904,23.999437061244805,60,292.2,8.636650501943645,189,-6.765693709701822
2798,mixtura,packing_A,T10,largo,38,G4,7.759065374763631,0.754155772825685,0.866659426898491,False,487,448.2756375090824,8.638515959978534,-0.013433591770036904,23.999437061244805,60,292.2,8.636650501943645,190,-6.603924706897804
2798,mixtura,packing_A,T10,largo,38,G4,7.759065374763631,0.754155772825685,0.866659426898491,False,487,448.2756375090824,8.638515959978534,-0.013433591770036904,23.999437061244805,60,292.2,8.636650501943645,191,-6.629304855044345
2798,mixtura,packing_A,T10,largo,38,G4,7.759065374763631,0.754155772825685,0.866659426898491,False,487,448.2756375090824,8.638515959978534,-0.013433591770036904,23.999437061244805,60,292.2,8.636650501943645,192,-6.409858700919925
2798,mixtura,packing_A,T10,largo,38,G4,7.759065374763631,0.754155772825685,0.866659426898491,False,487,448.2756375090824,8.638515959978534,-0.013433591770036904,23.999437061244805,60,292.2,8.636650501943645,193,-6.405100513023535
2798,mixtura,packing_A,T10,largo,38,G4,7.759065374763631,0.754155772825685,0.866659426898491,False,487,448.2756375090824,8.638515959978534,-0.013433591770036904,23.999437061244805,60,292.2,8.636650501943645,194,-6.406223148069947
2798,mixtura,packing_A,T10,largo,38,G4,7.759065374763631,0.754155772825685,0.866659426898491,False,487,448.2756375090824,8.638515959978534,-0.013433591770036904,23.999437061244805,60,292.2,8.636650501943645,195,-6.481592436505864
2798,mixtura,packing_A,T10,largo,38,G4,7.759065374763631,0.754155772825685,0.866659426898491,False,487,448.2756375090824,8.638515959978534,-0.013433591770036904,23.999437061244805,60,292.2,8.636650501943645,196,-6.362245463493862
2798,mixtura,packing_A,T10,largo,38,G4,7.759065374763631,0.754155772825685,0.866659426898491,False,487,448.2756375090824,8.638515959978534,-0.013433591770036904,23.999437061244805,60,292.2,8.636650501943645,197,-6.13901409893921
2798,mixtura,packing_A,T10,largo,38,G4,7.759065374763631,0.754155772825685,0.866659426898491,False,487,448.2756375090824,8.638515959978534,-0.013433591770036904,23.999437061244805,60,292.2,8.636650501943645,198,-6.007359328698262
2798,mixtura,packing_A,T10,largo,38,G4,7.759065374763631,0.754155772825685,0.866659426898491,False,487,448.2756375090824,8.638515959978534,-0.013433591770036904,23.999437061244805,60,292.2,8.636650501943645,199,-6.044645225693282
2798,mixtura,packing_A,T10,largo,38,G4,7.759065374763631,0.754155772825685,0.866659426898491,False,487,448.2756375090824,8.638515959978534,-0.013433591770036904,23.999437061244805,60,292.2,8.636650501943645,200,-6.106816234227702
2798,mixtura,packing_A,T10,largo,38,G4,7.759065374763631,0.754155772825685,0.866659426898491,False,487,448.2756375090824,8.638515959978534,-0.013433591770036904,23.999437061244805,60,292.2,8.636650501943645,201,-6.182318187978315
2798,mixtura,packing_A,T10,largo,38,G4,7.759065374763631,0.754155772825685,0.866659426898491,False,487,448.2756375090824,8.638515959978534,-0.013433591770036904,23.999437061244805,60,292.2,8.636650501943645,202,-6.068697308087617
2798,mixtura,packing_A,T10,largo,38,G4,7.759065374763631,0.754155772825685,0.866659426898491,False,487,448.2756375090824,8.638515959978534,-0.013433591770036904,23.999437061244805,60,292.2,8.636650501943645,203,-5.908775858012682
2798,mixtura,packing_A,T10,largo,38,G4,7.759065374763631,0.754155772825685,0.866659426898491,False,487,448.2756375090824,8.638515959978534,-0.013433591770036904,23.999437061244805,60,292.2,8.636650501943645,204,-5.834298823265146
2798,mixtura,packing_A,T10,largo,38,G4,7.759065374763631,0.754155772825685,0.866659426898491,False,487,448.2756375090824,8.638515959978534,-0.013433591770036904,23.999437061244805,60,292.2,8.636650501943645,205,-5.9429312934258345
2798,mixtura,packing_A,T10,largo,38,G4,7.759065374763631,0.754155772825685,0.866659426898491,False,487,448.2756375090824,8.638515959978534,-0.013433591770036904,23.999437061244805,60,292.2,8.636650501943645,206,-5.848461016841826
2798,mixtura,packing_A,T10,largo,38,G4,7.759065374763631,0.754155772825685,0.866659426898491,False,487,448.2756375090824,8.638515959978534,-0.013433591770036904,23.999437061244805,60,292.2,8.636650501943645,207,-5.741280354465981
2798,mixtura,packing_A,T10,largo,38,G4,7.759065374763631,0.754155772825685,0.866659426898491,False,487,448.2756375090824,8.638515959978534,-0.013433591770036904,23.999437061244805,60,292.2,8.636650501943645,208,-5.618822933767473
2798,mixtura,packing_A,T10,largo,38,G4,7.759065374763631,0.754155772825685,0.866659426898491,False,487,448.2756375090824,8.638515959978534,-0.013433591770036904,23.999437061244805,60,292.2,8.636650501943645,209,-5.548082520511996
2798,mixtura,packing_A,T10,largo,38,G4,7.759065374763631,0.754155772825685,0.866659426898491,False,487,448.2756375090824,8.638515959978534,-0.013433591770036904,23.999437061244805,60,292.2,8.636650501943645,210,-5.5639278034117305
2798,mixtura,packing_A,T10,largo,38,G4,7.759065374763631,0.754155772825685,0.866659426898491,False,487,448.2756375090824,8.638515959978534,-0.013433591770036904,23.999437061244805,60,292.2,8.636650501943645,211,-5.45920779626787
2798,mixtura,packing_A,T10,largo,38,G4,7.759065374763631,0.754155772825685,0.866659426898491,False,487,448.2756375090824,8.638515959978534,-0.013433591770036904,23.999437061244805,60,292.2,8.636650501943645,212,-5.425123416000966
2798,mixtura,packing_A,T10,largo,38,G4,7.759065374763631,0.754155772825685,0.866659426898491,False,487,448.2756375090824,8.638515959978534,-0.013433591770036904,23.999437061244805,60,292.2,8.636650501943645,213,-5.306724570685757
2798,mixtura,packing_A,T10,largo,38,G4,7.759065374763631,0.754155772825685,0.866659426898491,False,487,448.2756375090824,8.638515959978534,-0.013433591770036904,23.999437061244805,60,292.2,8.636650501943645,214,-5.4608535668324425
2798,mixtura,packing_A,T10,largo,38,G4,7.759065374763631,0.754155772825685,0.866659426898491,False,487,448.2756375090824,8.638515959978534,-0.013433591770036904,23.999437061244805,60,292.2,8.636650501943645,215,-5.25806026647069
2798,mixtura,packing_A,T10,largo,38,G4,7.759065374763631,0.754155772825685,0.866659426898491,False,487,448.2756375090824,8.638515959978534,-0.013433591770036904,23.999437061244805,60,292.2,8.636650501943645,216,-5.059989345470804
2798,mixtura,packing_A,T10,largo,38,G4,7.759065374763631,0.754155772825685,0.866659426898491,False,487,448.2756375090824,8.638515959978534,-0.013433591770036904,23.999437061244805,60,292.2,8.636650501943645,217,-5.2434984910678475
2798,mixtura,packing_A,T10,largo,38,G4,7.759065374763631,0.754155772825685,0.866659426898491,False,487,448.2756375090824,8.638515959978534,-0.013433591770036904,23.999437061244805,60,292.2,8.636650501943645,218,-5.103180208414427
2798,mixtura,packing_A,T10,largo,38,G4,7.759065374763631,0.754155772825685,0.866659426898491,False,487,448.2756375090824,8.638515959978534,-0.013433591770036904,23.999437061244805,60,292.2,8.636650501943645,219,-4.998057346905924
2798,mixtura,packing_A,T10,largo,38,G4,7.759065374763631,0.754155772825685,0.866659426898491,False,487,448.2756375090824,8.638515959978534,-0.013433591770036904,23.999437061244805,60,292.2,8.636650501943645,220,-4.912981267288498
2798,mixtura,packing_A,T10,largo,38,G4,7.759065374763631,0.754155772825685,0.866659426898491,False,487,448.2756375090824,8.638515959978534,-0.013433591770036904,23.999437061244805,60,292.2,8.636650501943645,221,-4.581604175499405
2798,mixtura,packing_A,T10,largo,38,G4,7.759065374763631,0.754155772825685,0.866659426898491,False,487,448.2756375090824,8.638515959978534,-0.013433591770036904,23.999437061244805,60,292.2,8.636650501943645,222,-4.82615381725445
2798,mixtura,packing_A,T10,largo,38,G4,7.759065374763631,0.754155772825685,0.866659426898491,False,487,448.2756375090824,8.638515959978534,-0.013433591770036904,23.999437061244805,60,292.2,8.636650501943645,223,-4.7545057190939
2798,mixtura,packing_A,T10,largo,38,G4,7.759065374763631,0.754155772825685,0.866659426898491,False,487,448.2756375090824,8.638515959978534,-0.013433591770036904,23.999437061244805,60,292.2,8.636650501943645,224,-4.555139830264464
2798,mixtura,packing_A,T10,largo,38,G4,7.759065374763631,0.754155772825685,0.866659426898491,False,487,448.2756375090824,8.638515959978534,-0.013433591770036904,23.999437061244805,60,292.2,8.636650501943645,225,-4.507650825147796
2798,mixtura,packing_A,T10,largo,38,G4,7.759065374763631,0.754155772825685,0.866659426898491,False,487,448.2756375090824,8.638515959978534,-0.013433591770036904,23.999437061244805,60,292.2,8.636650501943645,226,-4.4783862537918315
2798,mixtura,packing_A,T10,largo,38,G4,7.759065374763631,0.754155772825685,0.866659426898491,False,487,448.2756375090824,8.638515959978534,-0.013433591770036904,23.999437061244805,60,292.2,8.636650501943645,227,-4.589621903773137
2798,mixtura,packing_A,T10,largo,38,G4,7.759065374763631,0.754155772825685,0.866659426898491,False,487,448.2756375090824,8.638515959978534,-0.013433591770036904,23.999437061244805,60,292.2,8.636650501943645,228,-4.319479881227992
2798,mixtura,packing_A,T10,largo,38,G4,7.759065374763631,0.754155772825685,0.866659426898491,False,487,448.2756375090824,8.638515959978534,-0.013433591770036904,23.999437061244805,60,292.2,8.636650501943645,229,-4.3559482857454395
2798,mixtura,packing_A,T10,largo,38,G4,7.759065374763631,0.754155772825685,0.866659426898491,False,487,448.2756375090824,8.638515959978534,-0.013433591770036904,23.999437061244805,60,292.2,8.636650501943645,230,-4.219555399538748
2798,mixtura,packing_A,T10,largo,38,G4,7.759065374763631,0.754155772825685,0.866659426898491,False,487,448.2756375090824,8.638515959978534,-0.013433591770036904,23.999437061244805,60,292.2,8.636650501943645,231,-4.132892752895181
2798,mixtura,packing_A,T10,largo,38,G4,7.759065374763631,0.754155772825685,0.866659426898491,False,487,448.2756375090824,8.638515959978534,-0.013433591770036904,23.999437061244805,60,292.2,8.636650501943645,232,-4.101806674162693
2798,mixtura,packing_A,T10,largo,38,G4,7.759065374763631,0.754155772825685,0.866659426898491,False,487,448.2756375090824,8.638515959978534,-0.013433591770036904,23.999437061244805,60,292.2,8.636650501943645,233,-3.9529583684553478
2798,mixtura,packing_A,T10,largo,38,G4,7.759065374763631,0.754155772825685,0.866659426898491,False,487,448.2756375090824,8.638515959978534,-0.013433591770036904,23.999437061244805,60,292.2,8.636650501943645,234,-4.07184490398256
2798,mixtura,packing_A,T10,largo,38,G4,7.759065374763631,0.754155772825685,0.866659426898491,False,487,448.2756375090824,8.638515959978534,-0.013433591770036904,23.999437061244805,60,292.2,8.636650501943645,235,-3.798523437839459
2798,mixtura,packing_A,T10,largo,38,G4,7.759065374763631,0.754155772825685,0.866659426898491,False,487,448.2756375090824,8.638515959978534,-0.013433591770036904,23.999437061244805,60,292.2,8.636650501943645,236,-3.7481697641032294
2798,mixtura,packing_A,T10,largo,38,G4,7.759065374763631,0.754155772825685,0.866659426898491,False,487,448.2756375090824,8.638515959978534,-0.013433591770036904,23.999437061244805,60,292.2,8.636650501943645,237,-3.8353716822874935
2798,mixtura,packing_A,T10,largo,38,G4,7.759065374763631,0.754155772825685,0.866659426898491,False,487,448.2756375090824,8.638515959978534,-0.013433591770036904,23.999437061244805,60,292.2,8.636650501943645,238,-3.87376408928989
2798,mixtura,packing_A,T10,largo,38,G4,7.759065374763631,0.754155772825685,0.866659426898491,False,487,448.2756375090824,8.638515959978534,-0.013433591770036904,23.999437061244805,60,292.2,8.636650501943645,239,-3.5754576639691993
2798,mixtura,packing_A,T10,largo,38,G4,7.759065374763631,0.754155772825685,0.866659426898491,False,487,448.2756375090824,8.638515959978534,-0.013433591770036904,23.999437061244805,60,292.2,8.636650501943645,240,-3.6769259271760824
2798,mixtura,packing_A,T10,largo,38,G4,7.759065374763631,0.754155772825685,0.866659426898491,False,487,448.2756375090824,8.638515959978534,-0.013433591770036904,23.999437061244805,60,292.2,8.636650501943645,241,-3.647580748271483
2798,mixtura,packing_A,T10,largo,38,G4,7.759065374763631,0.754155772825685,0.866659426898491,False,487,448.2756375090824,8.638515959978534,-0.013433591770036904,23.999437061244805,60,292.2,8.636650501943645,242,-3.4294956574839612
2798,mixtura,packing_A,T10,largo,38,G4,7.759065374763631,0.754155772825685,0.866659426898491,False,487,448.2756375090824,8.638515959978534,-0.013433591770036904,23.999437061244805,60,292.2,8.636650501943645,243,-3.498327428858092
2798,mixtura,packing_A,T10,largo,38,G4,7.759065374763631,0.754155772825685,0.866659426898491,False,487,448.2756375090824,8.638515959978534,-0.013433591770036904,23.999437061244805,60,292.2,8.636650501943645,244,-3.3314006193756938
2798,mixtura,packing_A,T10,largo,38,G4,7.759065374763631,0.754155772825685,0.866659426898491,False,487,448.2756375090824,8.638515959978534,-0.013433591770036904,23.999437061244805,60,292.2,8.636650501943645,245,-3.085639146824891
2798,mixtura,packing_A,T10,largo,38,G4,7.759065374763631,0.754155772825685,0.866659426898491,False,487,448.2756375090824,8.638515959978534,-0.013433591770036904,23.999437061244805,60,292.2,8.636650501943645,246,-3.1013864687256363
2798,mixtura,packing_A,T10,largo,38,G4,7.759065374763631,0.754155772825685,0.866659426898491,False,487,448.2756375090824,8.638515959978534,-0.013433591770036904,23.999437061244805,60,292.2,8.636650501943645,247,-2.8794416389119135
2798,mixtura,packing_A,T10,largo,38,G4,7.759065374763631,0.754155772825685,0.866659426898491,False,487,448.2756375090824,8.638515959978534,-0.013433591770036904,23.999437061244805,60,292.2,8.636650501943645,248,-2.942808342675944
2798,mixtura,packing_A,T10,largo,38,G4,7.759065374763631,0.754155772825685,0.866659426898491,False,487,448.2756375090824,8.638515959978534,-0.013433591770036904,23.999437061244805,60,292.2,8.636650501943645,249,-2.9984374678106054
2798,mixtura,packing_A,T10,largo,38,G4,7.759065374763631,0.754155772825685,0.866659426898491,False,487,448.2756375090824,8.638515959978534,-0.013433591770036904,23.999437061244805,60,292.2,8.636650501943645,250,-2.7955099253807134
2798,mixtura,packing_A,T10,largo,38,G4,7.759065374763631,0.754155772825685,0.866659426898491,False,487,448.2756375090824,8.638515959978534,-0.013433591770036904,23.999437061244805,60,292.2,8.636650501943645,251,-2.641621300876994
2798,mixtura,packing_A,T10,largo,38,G4,7.759065374763631,0.754155772825685,0.866659426898491,False,487,448.2756375090824,8.638515959978534,-0.013433591770036904,23.999437061244805,60,292.2,8.636650501943645,252,-2.6505112581849666
2798,mixtura,packing_A,T10,largo,38,G4,7.759065374763631,0.754155772825685,0.866659426898491,False,487,448.2756375090824,8.638515959978534,-0.013433591770036904,23.999437061244805,60,292.2,8.636650501943645,253,-2.7975954065065114
2798,mixtura,packing_A,T10,largo,38,G4,7.759065374763631,0.754155772825685,0.866659426898491,False,487,448.2756375090824,8.638515959978534,-0.013433591770036904,23.999437061244805,60,292.2,8.636650501943645,254,-2.464584472875223
2798,mixtura,packing_A,T10,largo,38,G4,7.759065374763631,0.754155772825685,0.866659426898491,False,487,448.2756375090824,8.638515959978534,-0.013433591770036904,23.999437061244805,60,292.2,8.636650501943645,255,-2.3860037606428963
2798,mixtura,packing_A,T10,largo,38,G4,7.759065374763631,0.754155772825685,0.866659426898491,False,487,448.2756375090824,8.638515959978534,-0.013433591770036904,23.999437061244805,60,292.2,8.636650501943645,256,-2.53164927281235
2798,mixtura,packing_A,T10,largo,38,G4,7.759065374763631,0.754155772825685,0.866659426898491,False,487,448.2756375090824,8.638515959978534,-0.013433591770036904,23.999437061244805,60,292.2,8.636650501943645,257,-2.416056367619065
2798,mixtura,packing_A,T10,largo,38,G4,7.759065374763631,0.754155772825685,0.866659426898491,False,487,448.2756375090824,8.638515959978534,-0.013433591770036904,23.999437061244805,60,292.2,8.636650501943645,258,-2.149485076253324
2798,mixtura,packing_A,T10,largo,38,G4,7.759065374763631,0.754155772825685,0.866659426898491,False,487,448.2756375090824,8.638515959978534,-0.013433591770036904,23.999437061244805,60,292.2,8.636650501943645,259,-2.186550993744537
2798,mixtura,packing_A,T10,largo,38,G4,7.759065374763631,0.754155772825685,0.866659426898491,False,487,448.2756375090824,8.638515959978534,-0.013433591770036904,23.999437061244805,60,292.2,8.636650501943645,260,-2.225558622629565
2798,mixtura,packing_A,T10,largo,38,G4,7.759065374763631,0.754155772825685,0.866659426898491,False,487,448.2756375090824,8.638515959978534,-0.013433591770036904,23.999437061244805,60,292.2,8.636650501943645,261,-2.2055262059259007
2798,mixtura,packing_A,T10,largo,38,G4,7.759065374763631,0.754155772825685,0.866659426898491,False,487,448.2756375090824,8.638515959978534,-0.013433591770036904,23.999437061244805,60,292.2,8.636650501943645,262,-1.9728574934628922
2798,mixtura,packing_A,T10,largo,38,G4,7.759065374763631,0.754155772825685,0.866659426898491,False,487,448.2756375090824,8.638515959978534,-0.013433591770036904,23.999437061244805,60,292.2,8.636650501943645,263,-1.853221947845971
2798,mixtura,packing_A,T10,largo,38,G4,7.759065374763631,0.754155772825685,0.866659426898491,False,487,448.2756375090824,8.638515959978534,-0.013433591770036904,23.999437061244805,60,292.2,8.636650501943645,264,-1.8185186325432674
2798,mixtura,packing_A,T10,largo,38,G4,7.759065374763631,0.754155772825685,0.866659426898491,False,487,448.2756375090824,8.638515959978534,-0.013433591770036904,23.999437061244805,60,292.2,8.636650501943645,265,-1.7753915752306808
2798,mixtura,packing_A,T10,largo,38,G4,7.759065374763631,0.754155772825685,0.866659426898491,False,487,448.2756375090824,8.638515959978534,-0.013433591770036904,23.999437061244805,60,292.2,8.636650501943645,266,-1.8289969426941093
2798,mixtura,packing_A,T10,largo,38,G4,7.759065374763631,0.754155772825685,0.866659426898491,False,487,448.2756375090824,8.638515959978534,-0.013433591770036904,23.999437061244805,60,292.2,8.636650501943645,267,-1.5667166164656154
2798,mixtura,packing_A,T10,largo,38,G4,7.759065374763631,0.754155772825685,0.866659426898491,False,487,448.2756375090824,8.638515959978534,-0.013433591770036904,23.999437061244805,60,292.2,8.636650501943645,268,-1.717790742463662
2798,mixtura,packing_A,T10,largo,38,G4,7.759065374763631,0.754155772825685,0.866659426898491,False,487,448.2756375090824,8.638515959978534,-0.013433591770036904,23.999437061244805,60,292.2,8.636650501943645,269,-1.3950542697161676
2798,mixtura,packing_A,T10,largo,38,G4,7.759065374763631,0.754155772825685,0.866659426898491,False,487,448.2756375090824,8.638515959978534,-0.013433591770036904,23.999437061244805,60,292.2,8.636650501943645,270,-1.3000599238807573
2798,mixtura,packing_A,T10,largo,38,G4,7.759065374763631,0.754155772825685,0.866659426898491,False,487,448.2756375090824,8.638515959978534,-0.013433591770036904,23.999437061244805,60,292.2,8.636650501943645,271,-1.4207224448896432
2798,mixtura,packing_A,T10,largo,38,G4,7.759065374763631,0.754155772825685,0.866659426898491,False,487,448.2756375090824,8.638515959978534,-0.013433591770036904,23.999437061244805,60,292.2,8.636650501943645,272,-1.1976304845503705
2798,mixtura,packing_A,T10,largo,38,G4,7.759065374763631,0.754155772825685,0.866659426898491,False,487,448.2756375090824,8.638515959978534,-0.013433591770036904,23.999437061244805,60,292.2,8.636650501943645,273,-1.3249849884328306
2798,mixtura,packing_A,T10,largo,38,G4,7.759065374763631,0.754155772825685,0.866659426898491,False,487,448.2756375090824,8.638515959978534,-0.013433591770036904,23.999437061244805,60,292.2,8.636650501943645,274,-1.3477140555938645
2798,mixtura,packing_A,T10,largo,38,G4,7.759065374763631,0.754155772825685,0.866659426898491,False,487,448.2756375090824,8.638515959978534,-0.013433591770036904,23.999437061244805,60,292.2,8.636650501943645,275,-1.0580939951087631
2798,mixtura,packing_A,T10,largo,38,G4,7.759065374763631,0.754155772825685,0.866659426898491,False,487,448.2756375090824,8.638515959978534,-0.013433591770036904,23.999437061244805,60,292.2,8.636650501943645,276,-1.2263990176607809
2798,mixtura,packing_A,T10,largo,38,G4,7.759065374763631,0.754155772825685,0.866659426898491,False,487,448.2756375090824,8.638515959978534,-0.013433591770036904,23.999437061244805,60,292.2,8.636650501943645,277,-1.0629626477183032
2798,mixtura,packing_A,T10,largo,38,G4,7.759065374763631,0.754155772825685,0.866659426898491,False,487,448.2756375090824,8.638515959978534,-0.013433591770036904,23.999437061244805,60,292.2,8.636650501943645,278,-0.9661677643968196
2798,mixtura,packing_A,T10,largo,38,G4,7.759065374763631,0.754155772825685,0.866659426898491,False,487,448.2756375090824,8.638515959978534,-0.013433591770036904,23.999437061244805,60,292.2,8.636650501943645,279,-0.9056940105328478
2798,mixtura,packing_A,T10,largo,38,G4,7.759065374763631,0.754155772825685,0.866659426898491,False,487,448.2756375090824,8.638515959978534,-0.013433591770036904,23.999437061244805,60,292.2,8.636650501943645,280,-0.8812705644633039
2798,mixtura,packing_A,T10,largo,38,G4,7.759065374763631,0.754155772825685,0.866659426898491,False,487,448.2756375090824,8.638515959978534,-0.013433591770036904,23.999437061244805,60,292.2,8.636650501943645,281,-0.7796187851544397
2798,mixtura,packing_A,T10,largo,38,G4,7.759065374763631,0.754155772825685,0.866659426898491,False,487,448.2756375090824,8.638515959978534,-0.013433591770036904,23.999437061244805,60,292.2,8.636650501943645,282,-0.7304510830782088
2798,mixtura,packing_A,T10,largo,38,G4,7.759065374763631,0.754155772825685,0.866659426898491,False,487,448.2756375090824,8.638515959978534,-0.013433591770036904,23.999437061244805,60,292.2,8.636650501943645,283,-0.640429596233536
2798,mixtura,packing_A,T10,largo,38,G4,7.759065374763631,0.754155772825685,0.866659426898491,False,487,448.2756375090824,8.638515959978534,-0.013433591770036904,23.999437061244805,60,292.2,8.636650501943645,284,-0.59711827929869
2798,mixtura,packing_A,T10,largo,38,G4,7.759065374763631,0.754155772825685,0.866659426898491,False,487,448.2756375090824,8.638515959978534,-0.013433591770036904,23.999437061244805,60,292.2,8.636650501943645,285,-0.4609602025736729
2798,mixtura,packing_A,T10,largo,38,G4,7.759065374763631,0.754155772825685,0.866659426898491,False,487,448.2756375090824,8.638515959978534,-0.013433591770036904,23.999437061244805,60,292.2,8.636650501943645,286,-0.3765190063014843
2798,mixtura,packing_A,T10,largo,38,G4,7.759065374763631,0.754155772825685,0.866659426898491,False,487,448.2756375090824,8.638515959978534,-0.013433591770036904,23.999437061244805,60,292.2,8.636650501943645,287,-0.4157070150305558
2798,mixtura,packing_A,T10,largo,38,G4,7.759065374763631,0.754155772825685,0.866659426898491,False,487,448.2756375090824,8.638515959978534,-0.013433591770036904,23.999437061244805,60,292.2,8.636650501943645,288,-0.39347934431987863
2798,mixtura,packing_A,T10,largo,38,G4,7.759065374763631,0.754155772825685,0.866659426898491,False,487,448.2756375090824,8.638515959978534,-0.013433591770036904,23.999437061244805,60,292.2,8.636650501943645,289,-0.19419156944194807
2798,mixtura,packing_A,T10,largo,38,G4,7.759065374763631,0.754155772825685,0.866659426898491,False,487,448.2756375090824,8.638515959978534,-0.013433591770036904,23.999437061244805,60,292.2,8.636650501943645,290,-0.3050940598048771
2798,mixtura,packing_A,T10,largo,38,G4,7.759065374763631,0.754155772825685,0.866659426898491,False,487,448.2756375090824,8.638515959978534,-0.013433591770036904,23.999437061244805,60,292.2,8.636650501943645,291,-0.2487066093949017
2798,mixtura,packing_A,T10,largo,38,G4,7.759065374763631,0.754155772825685,0.866659426898491,False,487,448.2756375090824,8.638515959978534,-0.013433591770036904,23.999437061244805,60,292.2,8.636650501943645,292,-0.201162252587671
2798,mixtura,packing_A,T10,largo,38,G4,7.759065374763631,0.754155772825685,0.866659426898491,False,487,448.2756375090824,8.638515959978534,-0.013433591770036904,23.999437061244805,60,292.2,8.636650501943645,293,-0.5355222732922658
2798,mixtura,packing_A,T10,largo,38,G4,7.759065374763631,0.754155772825685,0.866659426898491,False,487,448.2756375090824,8.638515959978534,-0.013433591770036904,23.999437061244805,60,292.2,8.636650501943645,294,-0.4288048271565329
2798,mixtura,packing_A,T10,largo,38,G4,7.759065374763631,0.754155772825685,0.866659426898491,False,487,448.2756375090824,8.638515959978534,-0.013433591770036904,23.999437061244805,60,292.2,8.636650501943645,295,-0.3747435385402203
2798,mixtura,packing_A,T10,largo,38,G4,7.759065374763631,0.754155772825685,0.866659426898491,False,487,448.2756375090824,8.638515959978534,-0.013433591770036904,23.999437061244805,60,292.2,8.636650501943645,296,-0.3391236331344325
2798,mixtura,packing_A,T10,largo,38,G4,7.759065374763631,0.754155772825685,0.866659426898491,False,487,448.2756375090824,8.638515959978534,-0.013433591770036904,23.999437061244805,60,292.2,8.636650501943645,297,-0.218501844661176
2798,mixtura,packing_A,T10,largo,38,G4,7.759065374763631,0.754155772825685,0.866659426898491,False,487,448.2756375090824,8.638515959978534,-0.013433591770036904,23.999437061244805,60,292.2,8.636650501943645,298,-0.17519284516544958
2798,mixtura,packing_A,T10,largo,38,G4,7.759065374763631,0.754155772825685,0.866659426898491,False,487,448.2756375090824,8.638515959978534,-0.013433591770036904,23.999437061244805,60,292.2,8.636650501943645,299,-0.07758899584382423
2798,mixtura,packing_A,T10,largo,38,G4,7.759065374763631,0.754155772825685,0.866659426898491,False,487,448.2756375090824,8.638515959978534,-0.013433591770036904,23.999437061244805,60,292.2,8.636650501943645,300,-0.13311478233598076
2798,mixtura,packing_A,T10,largo,38,G4,7.759065374763631,0.754155772825685,0.866659426898491,False,487,448.2756375090824,8.638515959978534,-0.013433591770036904,23.999437061244805,60,292.2,8.636650501943645,301,0.20207935499995267
2798,mixtura,packing_A,T10,largo,38,G4,7.759065374763631,0.754155772825685,0.866659426898491,False,487,448.2756375090824,8.638515959978534,-0.013433591770036904,23.999437061244805,60,292.2,8.636650501943645,302,0.022418587334252144
2798,mixtura,packing_A,T10,largo,38,G4,7.759065374763631,0.754155772825685,0.866659426898491,False,487,448.2756375090824,8.638515959978534,-0.013433591770036904,23.999437061244805,60,292.2,8.636650501943645,303,0.270216308961922
2798,mixtura,packing_A,T10,largo,38,G4,7.759065374763631,0.754155772825685,0.866659426898491,False,487,448.2756375090824,8.638515959978534,-0.013433591770036904,23.999437061244805,60,292.2,8.636650501943645,304,0.2576450268889267
2798,mixtura,packing_A,T10,largo,38,G4,7.759065374763631,0.754155772825685,0.866659426898491,False,487,448.2756375090824,8.638515959978534,-0.013433591770036904,23.999437061244805,60,292.2,8.636650501943645,305,0.47241480033041916
2798,mixtura,packing_A,T10,largo,38,G4,7.759065374763631,0.754155772825685,0.866659426898491,False,487,448.2756375090824,8.638515959978534,-0.013433591770036904,23.999437061244805,60,292.2,8.636650501943645,306,0.45195423313773336
2798,mixtura,packing_A,T10,largo,38,G4,7.759065374763631,0.754155772825685,0.866659426898491,False,487,448.2756375090824,8.638515959978534,-0.013433591770036904,23.999437061244805,60,292.2,8.636650501943645,307,0.48854332532380956
2798,mixtura,packing_A,T10,largo,38,G4,7.759065374763631,0.754155772825685,0.866659426898491,False,487,448.2756375090824,8.638515959978534,-0.013433591770036904,23.999437061244805,60,292.2,8.636650501943645,308,0.5576076187702805
2798,mixtura,packing_A,T10,largo,38,G4,7.759065374763631,0.754155772825685,0.866659426898491,False,487,448.2756375090824,8.638515959978534,-0.013433591770036904,23.999437061244805,60,292.2,8.636650501943645,309,0.18148557578038582
2798,mixtura,packing_A,T10,largo,38,G4,7.759065374763631,0.754155772825685,0.866659426898491,False,487,448.2756375090824,8.638515959978534,-0.013433591770036904,23.999437061244805,60,292.2,8.636650501943645,310,0.331249686293935
2798,mixtura,packing_A,T10,largo,38,G4,7.759065374763631,0.754155772825685,0.866659426898491,False,487,448.2756375090824,8.638515959978534,-0.013433591770036904,23.999437061244805,60,292.2,8.636650501943645,311,0.30479204000325816
2798,mixtura,packing_A,T10,largo,38,G4,7.759065374763631,0.754155772825685,0.866659426898491,False,487,448.2756375090824,8.638515959978534,-0.013433591770036904,23.999437061244805,60,292.2,8.636650501943645,312,0.48448783451612526
2798,mixtura,packing_A,T10,largo,38,G4,7.759065374763631,0.754155772825685,0.866659426898491,False,487,448.2756375090824,8.638515959978534,-0.013433591770036904,23.999437061244805,60,292.2,8.636650501943645,313,0.21276581612236528
2798,mixtura,packing_A,T10,largo,38,G4,7.759065374763631,0.754155772825685,0.866659426898491,False,487,448.2756375090824,8.638515959978534,-0.013433591770036904,23.999437061244805,60,292.2,8.636650501943645,314,-0.006843627818575601
2798,mixtura,packing_A,T10,largo,38,G4,7.759065374763631,0.754155772825685,0.866659426898491,False,487,448.2756375090824,8.638515959978534,-0.013433591770036904,23.999437061244805,60,292.2,8.636650501943645,315,-0.09058552915519064
2798,mixtura,packing_A,T10,largo,38,G4,7.759065374763631,0.754155772825685,0.866659426898491,False,487,448.2756375090824,8.638515959978534,-0.013433591770036904,23.999437061244805,60,292.2,8.636650501943645,316,-0.15261965857635057
2798,mixtura,packing_A,T10,largo,38,G4,7.759065374763631,0.754155772825685,0.866659426898491,False,487,448.2756375090824,8.638515959978534,-0.013433591770036904,23.999437061244805,60,292.2,8.636650501943645,317,-0.3257567170375306
2798,mixtura,packing_A,T10,largo,38,G4,7.759065374763631,0.754155772825685,0.866659426898491,False,487,448.2756375090824,8.638515959978534,-0.013433591770036904,23.999437061244805,60,292.2,8.636650501943645,318,-0.500830688503784
2798,mixtura,packing_A,T10,largo,38,G4,7.759065374763631,0.754155772825685,0.866659426898491,False,487,448.2756375090824,8.638515959978534,-0.013433591770036904,23.999437061244805,60,292.2,8.636650501943645,319,-0.6146935401462711
2798,mixtura,packing_A,T10,largo,38,G4,7.759065374763631,0.754155772825685,0.866659426898491,False,487,448.2756375090824,8.638515959978534,-0.013433591770036904,23.999437061244805,60,292.2,8.636650501943645,320,-0.28014199406082285
2798,mixtura,packing_A,T10,largo,38,G4,7.759065374763631,0.754155772825685,0.866659426898491,False,487,448.2756375090824,8.638515959978534,-0.013433591770036904,23.999437061244805,60,292.2,8.636650501943645,321,-0.4467023399216867
2798,mixtura,packing_A,T10,largo,38,G4,7.759065374763631,0.754155772825685,0.866659426898491,False,487,448.2756375090824,8.638515959978534,-0.013433591770036904,23.999437061244805,60,292.2,8.636650501943645,322,-0.3159023390236715
2798,mixtura,packing_A,T10,largo,38,G4,7.759065374763631,0.754155772825685,0.866659426898491,False,487,448.2756375090824,8.638515959978534,-0.013433591770036904,23.999437061244805,60,292.2,8.636650501943645,323,-0.5540136771547671
2798,mixtura,packing_A,T10,largo,38,G4,7.759065374763631,0.754155772825685,0.866659426898491,False,487,448.2756375090824,8.638515959978534,-0.013433591770036904,23.999437061244805,60,292.2,8.636650501943645,324,-0.46821005963381984
2798,mixtura,packing_A,T10,largo,38,G4,7.759065374763631,0.754155772825685,0.866659426898491,False,487,448.2756375090824,8.638515959978534,-0.013433591770036904,23.999437061244805,60,292.2,8.636650501943645,325,-0.3940951687762391
2798,mixtura,packing_A,T10,largo,38,G4,7.759065374763631,0.754155772825685,0.866659426898491,False,487,448.2756375090824,8.638515959978534,-0.013433591770036904,23.999437061244805,60,292.2,8.636650501943645,326,-0.2655808232703832
2798,mixtura,packing_A,T10,largo,38,G4,7.759065374763631,0.754155772825685,0.866659426898491,False,487,448.2756375090824,8.638515959978534,-0.013433591770036904,23.999437061244805,60,292.2,8.636650501943645,327,-0.3372813082453854
2798,mixtura,packing_A,T10,largo,38,G4,7.759065374763631,0.754155772825685,0.866659426898491,False,487,448.2756375090824,8.638515959978534,-0.013433591770036904,23.999437061244805,60,292.2,8.636650501943645,328,-0.07791726372656646
2798,mixtura,packing_A,T10,largo,38,G4,7.759065374763631,0.754155772825685,0.866659426898491,False,487,448.2756375090824,8.638515959978534,-0.013433591770036904,23.999437061244805,60,292.2,8.636650501943645,329,-0.09032958440128609
2798,mixtura,packing_A,T10,largo,38,G4,7.759065374763631,0.754155772825685,0.866659426898491,False,487,448.2756375090824,8.638515959978534,-0.013433591770036904,23.999437061244805,60,292.2,8.636650501943645,330,-0.01442297658910142
2798,mixtura,packing_A,T10,largo,38,G4,7.759065374763631,0.754155772825685,0.866659426898491,False,487,448.2756375090824,8.638515959978534,-0.013433591770036904,23.999437061244805,60,292.2,8.636650501943645,331,0.022253148757074903
2798,mixtura,packing_A,T10,largo,38,G4,7.759065374763631,0.754155772825685,0.866659426898491,False,487,448.2756375090824,8.638515959978534,-0.013433591770036904,23.999437061244805,60,292.2,8.636650501943645,332,0.21227753732543897
2798,mixtura,packing_A,T10,largo,38,G4,7.759065374763631,0.754155772825685,0.866659426898491,False,487,448.2756375090824,8.638515959978534,-0.013433591770036904,23.999437061244805,60,292.2,8.636650501943645,333,0.3610980459103803
2798,mixtura,packing_A,T10,largo,38,G4,7.759065374763631,0.754155772825685,0.866659426898491,False,487,448.2756375090824,8.638515959978534,-0.013433591770036904,23.999437061244805,60,292.2,8.636650501943645,334,0.31198586867901373
2798,mixtura,packing_A,T10,largo,38,G4,7.759065374763631,0.754155772825685,0.866659426898491,False,487,448.2756375090824,8.638515959978534,-0.013433591770036904,23.999437061244805,60,292.2,8.636650501943645,335,0.35597443740753765
2798,mixtura,packing_A,T10,largo,38,G4,7.759065374763631,0.754155772825685,0.866659426898491,False,487,448.2756375090824,8.638515959978534,-0.013433591770036904,23.999437061244805,60,292.2,8.636650501943645,336,0.522002501812623
2798,mixtura,packing_A,T10,largo,38,G4,7.759065374763631,0.754155772825685,0.866659426898491,False,487,448.2756375090824,8.638515959978534,-0.013433591770036904,23.999437061244805,60,292.2,8.636650501943645,337,0.42954426457077727
2798,mixtura,packing_A,T10,largo,38,G4,7.759065374763631,0.754155772825685,0.866659426898491,False,487,448.2756375090824,8.638515959978534,-0.013433591770036904,23.999437061244805,60,292.2,8.636650501943645,338,0.44256613333672196
2798,mixtura,packing_A,T10,largo,38,G4,7.759065374763631,0.754155772825685,0.866659426898491,False,487,448.2756375090824,8.638515959978534,-0.013433591770036904,23.999437061244805,60,292.2,8.636650501943645,339,0.5367042422213636
2798,mixtura,packing_A,T10,largo,38,G4,7.759065374763631,0.754155772825685,0.866659426898491,False,487,448.2756375090824,8.638515959978534,-0.013433591770036904,23.999437061244805,60,292.2,8.636650501943645,340,0.3869026694124329
2798,mixtura,packing_A,T10,largo,38,G4,7.759065374763631,0.754155772825685,0.866659426898491,False,487,448.2756375090824,8.638515959978534,-0.013433591770036904,23.999437061244805,60,292.2,8.636650501943645,341,0.3404014098904248
2798,mixtura,packing_A,T10,largo,38,G4,7.759065374763631,0.754155772825685,0.866659426898491,False,487,448.2756375090824,8.638515959978534,-0.013433591770036904,23.999437061244805,60,292.2,8.636650501943645,342,0.28192741124175347
2798,mixtura,packing_A,T10,largo,38,G4,7.759065374763631,0.754155772825685,0.866659426898491,False,487,448.2756375090824,8.638515959978534,-0.013433591770036904,23.999437061244805,60,292.2,8.636650501943645,343,0.2695230982571475
2798,mixtura,packing_A,T10,largo,38,G4,7.759065374763631,0.754155772825685,0.866659426898491,False,487,448.2756375090824,8.638515959978534,-0.013433591770036904,23.999437061244805,60,292.2,8.636650501943645,344,0.2891261649073901
2798,mixtura,packing_A,T10,largo,38,G4,7.759065374763631,0.754155772825685,0.866659426898491,False,487,448.2756375090824,8.638515959978534,-0.013433591770036904,23.999437061244805,60,292.2,8.636650501943645,345,-0.01437601375772373
2798,mixtura,packing_A,T10,largo,38,G4,7.759065374763631,0.754155772825685,0.866659426898491,False,487,448.2756375090824,8.638515959978534,-0.013433591770036904,23.999437061244805,60,292.2,8.636650501943645,346,-0.1174166207779845
2798,mixtura,packing_A,T10,largo,38,G4,7.759065374763631,0.754155772825685,0.866659426898491,False,487,448.2756375090824,8.638515959978534,-0.013433591770036904,23.999437061244805,60,292.2,8.636650501943645,347,-0.3910228798137557
2798,mixtura,packing_A,T10,largo,38,G4,7.759065374763631,0.754155772825685,0.866659426898491,False,487,448.2756375090824,8.638515959978534,-0.013433591770036904,23.999437061244805,60,292.2,8.636650501943645,348,-0.17829283262572598
2798,mixtura,packing_A,T10,largo,38,G4,7.759065374763631,0.754155772825685,0.866659426898491,False,487,448.2756375090824,8.638515959978534,-0.013433591770036904,23.999437061244805,60,292.2,8.636650501943645,349,-0.1577677825859031
2798,mixtura,packing_A,T10,largo,38,G4,7.759065374763631,0.754155772825685,0.866659426898491,False,487,448.2756375090824,8.638515959978534,-0.013433591770036904,23.999437061244805,60,292.2,8.636650501943645,350,-0.34810425186447463
2798,mixtura,packing_A,T10,largo,38,G4,7.759065374763631,0.754155772825685,0.866659426898491,False,487,448.2756375090824,8.638515959978534,-0.013433591770036904,23.999437061244805,60,292.2,8.636650501943645,351,-0.48364963758294927
2798,mixtura,packing_A,T10,largo,38,G4,7.759065374763631,0.754155772825685,0.866659426898491,False,487,448.2756375090824,8.638515959978534,-0.013433591770036904,23.999437061244805,60,292.2,8.636650501943645,352,-0.47989941981240664
2798,mixtura,packing_A,T10,largo,38,G4,7.759065374763631,0.754155772825685,0.866659426898491,False,487,448.2756375090824,8.638515959978534,-0.013433591770036904,23.999437061244805,60,292.2,8.636650501943645,353,-0.405981262227402
2798,mixtura,packing_A,T10,largo,38,G4,7.759065374763631,0.754155772825685,0.866659426898491,False,487,448.2756375090824,8.638515959978534,-0.013433591770036904,23.999437061244805,60,292.2,8.636650501943645,354,-0.3617566755921842
2798,mixtura,packing_A,T10,largo,38,G4,7.759065374763631,0.754155772825685,0.866659426898491,False,487,448.2756375090824,8.638515959978534,-0.013433591770036904,23.999437061244805,60,292.2,8.636650501943645,355,-0.3140881970439232
2798,mixtura,packing_A,T10,largo,38,G4,7.759065374763631,0.754155772825685,0.866659426898491,False,487,448.2756375090824,8.638515959978534,-0.013433591770036904,23.999437061244805,60,292.2,8.636650501943645,356,-0.25366462737273826
2798,mixtura,packing_A,T10,largo,38,G4,7.759065374763631,0.754155772825685,0.866659426898491,False,487,448.2756375090824,8.638515959978534,-0.013433591770036904,23.999437061244805,60,292.2,8.636650501943645,357,-0.2121315046102461
2798,mixtura,packing_A,T10,largo,38,G4,7.759065374763631,0.754155772825685,0.866659426898491,False,487,448.2756375090824,8.638515959978534,-0.013433591770036904,23.999437061244805,60,292.2,8.636650501943645,358,-0.3711853141319509
2798,mixtura,packing_A,T10,largo,38,G4,7.759065374763631,0.754155772825685,0.866659426898491,False,487,448.2756375090824,8.638515959978534,-0.013433591770036904,23.999437061244805,60,292.2,8.636650501943645,359,-0.11181507785721226
2798,mixtura,packing_A,T10,largo,38,G4,7.759065374763631,0.754155772825685,0.866659426898491,False,487,448.2756375090824,8.638515959978534,-0.013433591770036904,23.999437061244805,60,292.2,8.636650501943645,360,-0.0671907236323096
2798,mixtura,packing_A,T10,largo,38,G4,7.759065374763631,0.754155772825685,0.866659426898491,False,487,448.2756375090824,8.638515959978534,-0.013433591770036904,23.999437061244805,60,292.2,8.636650501943645,361,0.13877072357153453
2798,mixtura,packing_A,T10,largo,38,G4,7.759065374763631,0.754155772825685,0.866659426898491,False,487,448.2756375090824,8.638515959978534,-0.013433591770036904,23.999437061244805,60,292.2,8.636650501943645,362,0.21956433972196315
2798,mixtura,packing_A,T10,largo,38,G4,7.759065374763631,0.754155772825685,0.866659426898491,False,487,448.2756375090824,8.638515959978534,-0.013433591770036904,23.999437061244805,60,292.2,8.636650501943645,363,0.2253387433127308
2798,mixtura,packing_A,T10,largo,38,G4,7.759065374763631,0.754155772825685,0.866659426898491,False,487,448.2756375090824,8.638515959978534,-0.013433591770036904,23.999437061244805,60,292.2,8.636650501943645,364,0.43703869161639364
2798,mixtura,packing_A,T10,largo,38,G4,7.759065374763631,0.754155772825685,0.866659426898491,False,487,448.2756375090824,8.638515959978534,-0.013433591770036904,23.999437061244805,60,292.2,8.636650501943645,365,0.4112476215104535
2798,mixtura,packing_A,T10,largo,38,G4,7.759065374763631,0.754155772825685,0.866659426898491,False,487,448.2756375090824,8.638515959978534,-0.013433591770036904,23.999437061244805,60,292.2,8.636650501943645,366,0.40659054091731306
2798,mixtura,packing_A,T10,largo,38,G4,7.759065374763631,0.754155772825685,0.866659426898491,False,487,448.2756375090824,8.638515959978534,-0.013433591770036904,23.999437061244805,60,292.2,8.636650501943645,367,0.4845178500202688
2798,mixtura,packing_A,T10,largo,38,G4,7.759065374763631,0.754155772825685,0.866659426898491,False,487,448.2756375090824,8.638515959978534,-0.013433591770036904,23.999437061244805,60,292.2,8.636650501943645,368,0.43357617926792064
2798,mixtura,packing_A,T10,largo,38,G4,7.759065374763631,0.754155772825685,0.866659426898491,False,487,448.2756375090824,8.638515959978534,-0.013433591770036904,23.999437061244805,60,292.2,8.636650501943645,369,0.6437957335742535
2798,mixtura,packing_A,T10,largo,38,G4,7.759065374763631,0.754155772825685,0.866659426898491,False,487,448.2756375090824,8.638515959978534,-0.013433591770036904,23.999437061244805,60,292.2,8.636650501943645,370,0.6304775066223802
2798,mixtura,packing_A,T10,largo,38,G4,7.759065374763631,0.754155772825685,0.866659426898491,False,487,448.2756375090824,8.638515959978534,-0.013433591770036904,23.999437061244805,60,292.2,8.636650501943645,371,0.3794722819079168
2798,mixtura,packing_A,T10,largo,38,G4,7.759065374763631,0.754155772825685,0.866659426898491,False,487,448.2756375090824,8.638515959978534,-0.013433591770036904,23.999437061244805,60,292.2,8.636650501943645,372,0.3281687545084112
2798,mixtura,packing_A,T10,largo,38,G4,7.759065374763631,0.754155772825685,0.866659426898491,False,487,448.2756375090824,8.638515959978534,-0.013433591770036904,23.999437061244805,60,292.2,8.636650501943645,373,0.17394540666023126
2798,mixtura,packing_A,T10,largo,38,G4,7.759065374763631,0.754155772825685,0.866659426898491,False,487,448.2756375090824,8.638515959978534,-0.013433591770036904,23.999437061244805,60,292.2,8.636650501943645,374,0.18472946902978846
2798,mixtura,packing_A,T10,largo,38,G4,7.759065374763631,0.754155772825685,0.866659426898491,False,487,448.2756375090824,8.638515959978534,-0.013433591770036904,23.999437061244805,60,292.2,8.636650501943645,375,-0.07770271216610632
2798,mixtura,packing_A,T10,largo,38,G4,7.759065374763631,0.754155772825685,0.866659426898491,False,487,448.2756375090824,8.638515959978534,-0.013433591770036904,23.999437061244805,60,292.2,8.636650501943645,376,-0.1497481115099567
2798,mixtura,packing_A,T10,largo,38,G4,7.759065374763631,0.754155772825685,0.866659426898491,False,487,448.2756375090824,8.638515959978534,-0.013433591770036904,23.999437061244805,60,292.2,8.636650501943645,377,0.052391708969014406
2798,mixtura,packing_A,T10,largo,38,G4,7.759065374763631,0.754155772825685,0.866659426898491,False,487,448.2756375090824,8.638515959978534,-0.013433591770036904,23.999437061244805,60,292.2,8.636650501943645,378,-0.30523425819272076
2798,mixtura,packing_A,T10,largo,38,G4,7.759065374763631,0.754155772825685,0.866659426898491,False,487,448.2756375090824,8.638515959978534,-0.013433591770036904,23.999437061244805,60,292.2,8.636650501943645,379,-0.37215052913838637
2798,mixtura,packing_A,T10,largo,38,G4,7.759065374763631,0.754155772825685,0.866659426898491,False,487,448.2756375090824,8.638515959978534,-0.013433591770036904,23.999437061244805,60,292.2,8.636650501943645,380,-0.41095654467713066
2798,mixtura,packing_A,T10,largo,38,G4,7.759065374763631,0.754155772825685,0.866659426898491,False,487,448.2756375090824,8.638515959978534,-0.013433591770036904,23.999437061244805,60,292.2,8.636650501943645,381,-0.3424466373085748
2798,mixtura,packing_A,T10,largo,38,G4,7.759065374763631,0.754155772825685,0.866659426898491,False,487,448.2756375090824,8.638515959978534,-0.013433591770036904,23.999437061244805,60,292.2,8.636650501943645,382,-0.5390389927789787
2798,mixtura,packing_A,T10,largo,38,G4,7.759065374763631,0.754155772825685,0.866659426898491,False,487,448.2756375090824,8.638515959978534,-0.013433591770036904,23.999437061244805,60,292.2,8.636650501943645,383,-0.5271867063196466
2798,mixtura,packing_A,T10,largo,38,G4,7.759065374763631,0.754155772825685,0.866659426898491,False,487,448.2756375090824,8.638515959978534,-0.013433591770036904,23.999437061244805,60,292.2,8.636650501943645,384,-0.28309691348514765
2798,mixtura,packing_A,T10,largo,38,G4,7.759065374763631,0.754155772825685,0.866659426898491,False,487,448.2756375090824,8.638515959978534,-0.013433591770036904,23.999437061244805,60,292.2,8.636650501943645,385,-0.38482261381977917
2798,mixtura,packing_A,T10,largo,38,G4,7.759065374763631,0.754155772825685,0.866659426898491,False,487,448.2756375090824,8.638515959978534,-0.013433591770036904,23.999437061244805,60,292.2,8.636650501943645,386,-0.38415337441744396
2798,mixtura,packing_A,T10,largo,38,G4,7.759065374763631,0.754155772825685,0.866659426898491,False,487,448.2756375090824,8.638515959978534,-0.013433591770036904,23.999437061244805,60,292.2,8.636650501943645,387,-0.48238241294156203
2798,mixtura,packing_A,T10,largo,38,G4,7.759065374763631,0.754155772825685,0.866659426898491,False,487,448.2756375090824,8.638515959978534,-0.013433591770036904,23.999437061244805,60,292.2,8.636650501943645,388,-0.02638742916559808
2798,mixtura,packing_A,T10,largo,38,G4,7.759065374763631,0.754155772825685,0.866659426898491,False,487,448.2756375090824,8.638515959978534,-0.013433591770036904,23.999437061244805,60,292.2,8.636650501943645,389,-0.2533872791467147
2798,mixtura,packing_A,T10,largo,38,G4,7.759065374763631,0.754155772825685,0.866659426898491,False,487,448.2756375090824,8.638515959978534,-0.013433591770036904,23.999437061244805,60,292.2,8.636650501943645,390,0.14584134750884337
2798,mixtura,packing_A,T10,largo,38,G4,7.759065374763631,0.754155772825685,0.866659426898491,False,487,448.2756375090824,8.638515959978534,-0.013433591770036904,23.999437061244805,60,292.2,8.636650501943645,391,0.09585894089845266
2798,mixtura,packing_A,T10,largo,38,G4,7.759065374763631,0.754155772825685,0.866659426898491,False,487,448.2756375090824,8.638515959978534,-0.013433591770036904,23.999437061244805,60,292.2,8.636650501943645,392,0.0370777801443308
2798,mixtura,packing_A,T10,largo,38,G4,7.759065374763631,0.754155772825685,0.866659426898491,False,487,448.2756375090824,8.638515959978534,-0.013433591770036904,23.999437061244805,60,292.2,8.636650501943645,393,0.14081401221860476
2798,mixtura,packing_A,T10,largo,38,G4,7.759065374763631,0.754155772825685,0.866659426898491,False,487,448.2756375090824,8.638515959978534,-0.013433591770036904,23.999437061244805,60,292.2,8.636650501943645,394,0.24521489385708561
2798,mixtura,packing_A,T10,largo,38,G4,7.759065374763631,0.754155772825685,0.866659426898491,False,487,448.2756375090824,8.638515959978534,-0.013433591770036904,23.999437061244805,60,292.2,8.636650501943645,395,0.20672476816655289
2798,mixtura,packing_A,T10,largo,38,G4,7.759065374763631,0.754155772825685,0.866659426898491,False,487,448.2756375090824,8.638515959978534,-0.013433591770036904,23.999437061244805,60,292.2,8.636650501943645,396,0.47483306760833965
2798,mixtura,packing_A,T10,largo,38,G4,7.759065374763631,0.754155772825685,0.866659426898491,False,487,448.2756375090824,8.638515959978534,-0.013433591770036904,23.999437061244805,60,292.2,8.636650501943645,397,0.4623913286227903
2798,mixtura,packing_A,T10,largo,38,G4,7.759065374763631,0.754155772825685,0.866659426898491,False,487,448.2756375090824,8.638515959978534,-0.013433591770036904,23.999437061244805,60,292.2,8.636650501943645,398,0.3331175205981931
2798,mixtura,packing_A,T10,largo,38,G4,7.759065374763631,0.754155772825685,0.866659426898491,False,487,448.2756375090824,8.638515959978534,-0.013433591770036904,23.999437061244805,60,292.2,8.636650501943645,399,0.46451668421745756
2798,mixtura,packing_A,T10,largo,38,G4,7.759065374763631,0.754155772825685,0.866659426898491,False,487,448.2756375090824,8.638515959978534,-0.013433591770036904,23.999437061244805,60,292.2,8.636650501943645,400,0.47863220165110243
2798,mixtura,packing_A,T10,largo,38,G4,7.759065374763631,0.754155772825685,0.866659426898491,False,487,448.2756375090824,8.638515959978534,-0.013433591770036904,23.999437061244805,60,292.2,8.636650501943645,401,0.09762881772920573
2798,mixtura,packing_A,T10,largo,38,G4,7.759065374763631,0.754155772825685,0.866659426898491,False,487,448.2756375090824,8.638515959978534,-0.013433591770036904,23.999437061244805,60,292.2,8.636650501943645,402,0.1676970081999932
2798,mixtura,packing_A,T10,largo,38,G4,7.759065374763631,0.754155772825685,0.866659426898491,False,487,448.2756375090824,8.638515959978534,-0.013433591770036904,23.999437061244805,60,292.2,8.636650501943645,403,0.19622345512138695
2798,mixtura,packing_A,T10,largo,38,G4,7.759065374763631,0.754155772825685,0.866659426898491,False,487,448.2756375090824,8.638515959978534,-0.013433591770036904,23.999437061244805,60,292.2,8.636650501943645,404,0.12064897914955677
2798,mixtura,packing_A,T10,largo,38,G4,7.759065374763631,0.754155772825685,0.866659426898491,False,487,448.2756375090824,8.638515959978534,-0.013433591770036904,23.999437061244805,60,292.2,8.636650501943645,405,0.09956602806398053
2798,mixtura,packing_A,T10,largo,38,G4,7.759065374763631,0.754155772825685,0.866659426898491,False,487,448.2756375090824,8.638515959978534,-0.013433591770036904,23.999437061244805,60,292.2,8.636650501943645,406,0.018794507127659302
2798,mixtura,packing_A,T10,largo,38,G4,7.759065374763631,0.754155772825685,0.866659426898491,False,487,448.2756375090824,8.638515959978534,-0.013433591770036904,23.999437061244805,60,292.2,8.636650501943645,407,-0.15120133562145083
2798,mixtura,packing_A,T10,largo,38,G4,7.759065374763631,0.754155772825685,0.866659426898491,False,487,448.2756375090824,8.638515959978534,-0.013433591770036904,23.999437061244805,60,292.2,8.636650501943645,408,-0.4120349680135245
2798,mixtura,packing_A,T10,largo,38,G4,7.759065374763631,0.754155772825685,0.866659426898491,False,487,448.2756375090824,8.638515959978534,-0.013433591770036904,23.999437061244805,60,292.2,8.636650501943645,409,-0.3112436126375595
2798,mixtura,packing_A,T10,largo,38,G4,7.759065374763631,0.754155772825685,0.866659426898491,False,487,448.2756375090824,8.638515959978534,-0.013433591770036904,23.999437061244805,60,292.2,8.636650501943645,410,-0.341096380928857
2798,mixtura,packing_A,T10,largo,38,G4,7.759065374763631,0.754155772825685,0.866659426898491,False,487,448.2756375090824,8.638515959978534,-0.013433591770036904,23.999437061244805,60,292.2,8.636650501943645,411,-0.6058143660996466
2798,mixtura,packing_A,T10,largo,38,G4,7.759065374763631,0.754155772825685,0.866659426898491,False,487,448.2756375090824,8.638515959978534,-0.013433591770036904,23.999437061244805,60,292.2,8.636650501943645,412,-0.32168189288807103
2798,mixtura,packing_A,T10,largo,38,G4,7.759065374763631,0.754155772825685,0.866659426898491,False,487,448.2756375090824,8.638515959978534,-0.013433591770036904,23.999437061244805,60,292.2,8.636650501943645,413,-0.32360582473426736
2798,mixtura,packing_A,T10,largo,38,G4,7.759065374763631,0.754155772825685,0.866659426898491,False,487,448.2756375090824,8.638515959978534,-0.013433591770036904,23.999437061244805,60,292.2,8.636650501943645,414,-0.5661271804777263
2798,mixtura,packing_A,T10,largo,38,G4,7.759065374763631,0.754155772825685,0.866659426898491,False,487,448.2756375090824,8.638515959978534,-0.013433591770036904,23.999437061244805,60,292.2,8.636650501943645,415,-0.31983514774501465
2798,mixtura,packing_A,T10,largo,38,G4,7.759065374763631,0.754155772825685,0.866659426898491,False,487,448.2756375090824,8.638515959978534,-0.013433591770036904,23.999437061244805,60,292.2,8.636650501943645,416,-0.5513164080002878
2798,mixtura,packing_A,T10,largo,38,G4,7.759065374763631,0.754155772825685,0.866659426898491,False,487,448.2756375090824,8.638515959978534,-0.013433591770036904,23.999437061244805,60,292.2,8.636650501943645,417,-0.31395341163093554
2798,mixtura,packing_A,T10,largo,38,G4,7.759065374763631,0.754155772825685,0.866659426898491,False,487,448.2756375090824,8.638515959978534,-0.013433591770036904,23.999437061244805,60,292.2,8.636650501943645,418,-0.32769481268933615
2798,mixtura,packing_A,T10,largo,38,G4,7.759065374763631,0.754155772825685,0.866659426898491,False,487,448.2756375090824,8.638515959978534,-0.013433591770036904,23.999437061244805,60,292.2,8.636650501943645,419,-0.04446593382834689
2798,mixtura,packing_A,T10,largo,38,G4,7.759065374763631,0.754155772825685,0.866659426898491,False,487,448.2756375090824,8.638515959978534,-0.013433591770036904,23.999437061244805,60,292.2,8.636650501943645,420,-0.10859649658692334
2798,mixtura,packing_A,T10,largo,38,G4,7.759065374763631,0.754155772825685,0.866659426898491,False,487,448.2756375090824,8.638515959978534,-0.013433591770036904,23.999437061244805,60,292.2,8.636650501943645,421,0.184241333750421
2798,mixtura,packing_A,T10,largo,38,G4,7.759065374763631,0.754155772825685,0.866659426898491,False,487,448.2756375090824,8.638515959978534,-0.013433591770036904,23.999437061244805,60,292.2,8.636650501943645,422,0.21917513339122557
2798,mixtura,packing_A,T10,largo,38,G4,7.759065374763631,0.754155772825685,0.866659426898491,False,487,448.2756375090824,8.638515959978534,-0.013433591770036904,23.999437061244805,60,292.2,8.636650501943645,423,0.38292025677005675
2798,mixtura,packing_A,T10,largo,38,G4,7.759065374763631,0.754155772825685,0.866659426898491,False,487,448.2756375090824,8.638515959978534,-0.013433591770036904,23.999437061244805,60,292.2,8.636650501943645,424,0.3890413170941235
2798,mixtura,packing_A,T10,largo,38,G4,7.759065374763631,0.754155772825685,0.866659426898491,False,487,448.2756375090824,8.638515959978534,-0.013433591770036904,23.999437061244805,60,292.2,8.636650501943645,425,0.4741244575657142
2798,mixtura,packing_A,T10,largo,38,G4,7.759065374763631,0.754155772825685,0.866659426898491,False,487,448.2756375090824,8.638515959978534,-0.013433591770036904,23.999437061244805,60,292.2,8.636650501943645,426,0.4572419171489739
2798,mixtura,packing_A,T10,largo,38,G4,7.759065374763631,0.754155772825685,0.866659426898491,False,487,448.2756375090824,8.638515959978534,-0.013433591770036904,23.999437061244805,60,292.2,8.636650501943645,427,0.3889837292614525
2798,mixtura,packing_A,T10,largo,38,G4,7.759065374763631,0.754155772825685,0.866659426898491,False,487,448.2756375090824,8.638515959978534,-0.013433591770036904,23.999437061244805,60,292.2,8.636650501943645,428,0.46273743508890336
2798,mixtura,packing_A,T10,largo,38,G4,7.759065374763631,0.754155772825685,0.866659426898491,False,487,448.2756375090824,8.638515959978534,-0.013433591770036904,23.999437061244805,60,292.2,8.636650501943645,429,0.4354475183653855
2798,mixtura,packing_A,T10,largo,38,G4,7.759065374763631,0.754155772825685,0.866659426898491,False,487,448.2756375090824,8.638515959978534,-0.013433591770036904,23.999437061244805,60,292.2,8.636650501943645,430,0.38220354345565066
2798,mixtura,packing_A,T10,largo,38,G4,7.759065374763631,0.754155772825685,0.866659426898491,False,487,448.2756375090824,8.638515959978534,-0.013433591770036904,23.999437061244805,60,292.2,8.636650501943645,431,0.6385690966232628
2798,mixtura,packing_A,T10,largo,38,G4,7.759065374763631,0.754155772825685,0.866659426898491,False,487,448.2756375090824,8.638515959978534,-0.013433591770036904,23.999437061244805,60,292.2,8.636650501943645,432,0.1589235412904989
2798,mixtura,packing_A,T10,largo,38,G4,7.759065374763631,0.754155772825685,0.866659426898491,False,487,448.2756375090824,8.638515959978534,-0.013433591770036904,23.999437061244805,60,292.2,8.636650501943645,433,0.15473533217569888
2798,mixtura,packing_A,T10,largo,38,G4,7.759065374763631,0.754155772825685,0.866659426898491,False,487,448.2756375090824,8.638515959978534,-0.013433591770036904,23.999437061244805,60,292.2,8.636650501943645,434,0.11735856781773729
2798,mixtura,packing_A,T10,largo,38,G4,7.759065374763631,0.754155772825685,0.866659426898491,False,487,448.2756375090824,8.638515959978534,-0.013433591770036904,23.999437061244805,60,292.2,8.636650501943645,435,-0.08535929794082618
2798,mixtura,packing_A,T10,largo,38,G4,7.759065374763631,0.754155772825685,0.866659426898491,False,487,448.2756375090824,8.638515959978534,-0.013433591770036904,23.999437061244805,60,292.2,8.636650501943645,436,-0.04633014650702309
2798,mixtura,packing_A,T10,largo,38,G4,7.759065374763631,0.754155772825685,0.866659426898491,False,487,448.2756375090824,8.638515959978534,-0.013433591770036904,23.999437061244805,60,292.2,8.636650501943645,437,-0.2046064047752334
2798,mixtura,packing_A,T10,largo,38,G4,7.759065374763631,0.754155772825685,0.866659426898491,False,487,448.2756375090824,8.638515959978534,-0.013433591770036904,23.999437061244805,60,292.2,8.636650501943645,438,-0.3935102001671363
2798,mixtura,packing_A,T10,largo,38,G4,7.759065374763631,0.754155772825685,0.866659426898491,False,487,448.2756375090824,8.638515959978534,-0.013433591770036904,23.999437061244805,60,292.2,8.636650501943645,439,-0.42030665352883745
2798,mixtura,packing_A,T10,largo,38,G4,7.759065374763631,0.754155772825685,0.866659426898491,False,487,448.2756375090824,8.638515959978534,-0.013433591770036904,23.999437061244805,60,292.2,8.636650501943645,440,-0.34021658935063187
2798,mixtura,packing_A,T10,largo,38,G4,7.759065374763631,0.754155772825685,0.866659426898491,False,487,448.2756375090824,8.638515959978534,-0.013433591770036904,23.999437061244805,60,292.2,8.636650501943645,441,-0.6353427014661346
2798,mixtura,packing_A,T10,largo,38,G4,7.759065374763631,0.754155772825685,0.866659426898491,False,487,448.2756375090824,8.638515959978534,-0.013433591770036904,23.999437061244805,60,292.2,8.636650501943645,442,-0.6103885796069356
2798,mixtura,packing_A,T10,largo,38,G4,7.759065374763631,0.754155772825685,0.866659426898491,False,487,448.2756375090824,8.638515959978534,-0.013433591770036904,23.999437061244805,60,292.2,8.636650501943645,443,-0.5486911857645598
2798,mixtura,packing_A,T10,largo,38,G4,7.759065374763631,0.754155772825685,0.866659426898491,False,487,448.2756375090824,8.638515959978534,-0.013433591770036904,23.999437061244805,60,292.2,8.636650501943645,444,-0.44620150072493386
2798,mixtura,packing_A,T10,largo,38,G4,7.759065374763631,0.754155772825685,0.866659426898491,False,487,448.2756375090824,8.638515959978534,-0.013433591770036904,23.999437061244805,60,292.2,8.636650501943645,445,-0.3560988570714801
2798,mixtura,packing_A,T10,largo,38,G4,7.759065374763631,0.754155772825685,0.866659426898491,False,487,448.2756375090824,8.638515959978534,-0.013433591770036904,23.999437061244805,60,292.2,8.636650501943645,446,-0.21476971478501833
2798,mixtura,packing_A,T10,largo,38,G4,7.759065374763631,0.754155772825685,0.866659426898491,False,487,448.2756375090824,8.638515959978534,-0.013433591770036904,23.999437061244805,60,292.2,8.636650501943645,447,-0.201116880022297
2798,mixtura,packing_A,T10,largo,38,G4,7.759065374763631,0.754155772825685,0.866659426898491,False,487,448.2756375090824,8.638515959978534,-0.013433591770036904,23.999437061244805,60,292.2,8.636650501943645,448,-0.13971324257057727
2798,mixtura,packing_A,T10,largo,38,G4,7.759065374763631,0.754155772825685,0.866659426898491,False,487,448.2756375090824,8.638515959978534,-0.013433591770036904,23.999437061244805,60,292.2,8.636650501943645,449,-0.08680414296314357
2798,mixtura,packing_A,T10,largo,38,G4,7.759065374763631,0.754155772825685,0.866659426898491,False,487,448.2756375090824,8.638515959978534,-0.013433591770036904,23.999437061244805,60,292.2,8.636650501943645,450,-0.0051314618375023855
2798,mixtura,packing_A,T10,largo,38,G4,7.759065374763631,0.754155772825685,0.866659426898491,False,487,448.2756375090824,8.638515959978534,-0.013433591770036904,23.999437061244805,60,292.2,8.636650501943645,451,-0.04019807589126789
2798,mixtura,packing_A,T10,largo,38,G4,7.759065374763631,0.754155772825685,0.866659426898491,False,487,448.2756375090824,8.638515959978534,-0.013433591770036904,23.999437061244805,60,292.2,8.636650501943645,452,0.3448859643227949
2798,mixtura,packing_A,T10,largo,38,G4,7.759065374763631,0.754155772825685,0.866659426898491,False,487,448.2756375090824,8.638515959978534,-0.013433591770036904,23.999437061244805,60,292.2,8.636650501943645,453,0.3186323486028704
2798,mixtura,packing_A,T10,largo,38,G4,7.759065374763631,0.754155772825685,0.866659426898491,False,487,448.2756375090824,8.638515959978534,-0.013433591770036904,23.999437061244805,60,292.2,8.636650501943645,454,0.2676583620910877
2798,mixtura,packing_A,T10,largo,38,G4,7.759065374763631,0.754155772825685,0.866659426898491,False,487,448.2756375090824,8.638515959978534,-0.013433591770036904,23.999437061244805,60,292.2,8.636650501943645,455,0.4922393852350135
2798,mixtura,packing_A,T10,largo,38,G4,7.759065374763631,0.754155772825685,0.866659426898491,False,487,448.2756375090824,8.638515959978534,-0.013433591770036904,23.999437061244805,60,292.2,8.636650501943645,456,0.46282098777089004
2798,mixtura,packing_A,T10,largo,38,G4,7.759065374763631,0.754155772825685,0.866659426898491,False,487,448.2756375090824,8.638515959978534,-0.013433591770036904,23.999437061244805,60,292.2,8.636650501943645,457,0.3105044588136688
2798,mixtura,packing_A,T10,largo,38,G4,7.759065374763631,0.754155772825685,0.866659426898491,False,487,448.2756375090824,8.638515959978534,-0.013433591770036904,23.999437061244805,60,292.2,8.636650501943645,458,0.5201359619489065
2798,mixtura,packing_A,T10,largo,38,G4,7.759065374763631,0.754155772825685,0.866659426898491,False,487,448.2756375090824,8.638515959978534,-0.013433591770036904,23.999437061244805,60,292.2,8.636650501943645,459,0.4691709322076727
2798,mixtura,packing_A,T10,largo,38,G4,7.759065374763631,0.754155772825685,0.866659426898491,False,487,448.2756375090824,8.638515959978534,-0.013433591770036904,23.999437061244805,60,292.2,8.636650501943645,460,0.39292314083121915
2798,mixtura,packing_A,T10,largo,38,G4,7.759065374763631,0.754155772825685,0.866659426898491,False,487,448.2756375090824,8.638515959978534,-0.013433591770036904,23.999437061244805,60,292.2,8.636650501943645,461,0.31956586237634194
2798,mixtura,packing_A,T10,largo,38,G4,7.759065374763631,0.754155772825685,0.866659426898491,False,487,448.2756375090824,8.638515959978534,-0.013433591770036904,23.999437061244805,60,292.2,8.636650501943645,462,0.2629659873942351
2798,mixtura,packing_A,T10,largo,38,G4,7.759065374763631,0.754155772825685,0.866659426898491,False,487,448.2756375090824,8.638515959978534,-0.013433591770036904,23.999437061244805,60,292.2,8.636650501943645,463,0.22528640737295583
2798,mixtura,packing_A,T10,largo,38,G4,7.759065374763631,0.754155772825685,0.866659426898491,False,487,448.2756375090824,8.638515959978534,-0.013433591770036904,23.999437061244805,60,292.2,8.636650501943645,464,-0.018726343741368515
2798,mixtura,packing_A,T10,largo,38,G4,7.759065374763631,0.754155772825685,0.866659426898491,False,487,448.2756375090824,8.638515959978534,-0.013433591770036904,23.999437061244805,60,292.2,8.636650501943645,465,-0.10078265235400331
2798,mixtura,packing_A,T10,largo,38,G4,7.759065374763631,0.754155772825685,0.866659426898491,False,487,448.2756375090824,8.638515959978534,-0.013433591770036904,23.999437061244805,60,292.2,8.636650501943645,466,-0.1421432206159033
2798,mixtura,packing_A,T10,largo,38,G4,7.759065374763631,0.754155772825685,0.866659426898491,False,487,448.2756375090824,8.638515959978534,-0.013433591770036904,23.999437061244805,60,292.2,8.636650501943645,467,-0.3402299522335798
2798,mixtura,packing_A,T10,largo,38,G4,7.759065374763631,0.754155772825685,0.866659426898491,False,487,448.2756375090824,8.638515959978534,-0.013433591770036904,23.999437061244805,60,292.2,8.636650501943645,468,-0.28982339795654444
2798,mixtura,packing_A,T10,largo,38,G4,7.759065374763631,0.754155772825685,0.866659426898491,False,487,448.2756375090824,8.638515959978534,-0.013433591770036904,23.999437061244805,60,292.2,8.636650501943645,469,-0.3967528374572086
2798,mixtura,packing_A,T10,largo,38,G4,7.759065374763631,0.754155772825685,0.866659426898491,False,487,448.2756375090824,8.638515959978534,-0.013433591770036904,23.999437061244805,60,292.2,8.636650501943645,470,-0.38482296850256714
2798,mixtura,packing_A,T10,largo,38,G4,7.759065374763631,0.754155772825685,0.866659426898491,False,487,448.2756375090824,8.638515959978534,-0.013433591770036904,23.999437061244805,60,292.2,8.636650501943645,471,-0.21582083362015214
2798,mixtura,packing_A,T10,largo,38,G4,7.759065374763631,0.754155772825685,0.866659426898491,False,487,448.2756375090824,8.638515959978534,-0.013433591770036904,23.999437061244805,60,292.2,8.636650501943645,472,-0.6220592353148846
2798,mixtura,packing_A,T10,largo,38,G4,7.759065374763631,0.754155772825685,0.866659426898491,False,487,448.2756375090824,8.638515959978534,-0.013433591770036904,23.999437061244805,60,292.2,8.636650501943645,473,-0.4175284682876479
2798,mixtura,packing_A,T10,largo,38,G4,7.759065374763631,0.754155772825685,0.866659426898491,False,487,448.2756375090824,8.638515959978534,-0.013433591770036904,23.999437061244805,60,292.2,8.636650501943645,474,-0.36265801753615173
2798,mixtura,packing_A,T10,largo,38,G4,7.759065374763631,0.754155772825685,0.866659426898491,False,487,448.2756375090824,8.638515959978534,-0.013433591770036904,23.999437061244805,60,292.2,8.636650501943645,475,-0.398490311471427
2798,mixtura,packing_A,T10,largo,38,G4,7.759065374763631,0.754155772825685,0.866659426898491,False,487,448.2756375090824,8.638515959978534,-0.013433591770036904,23.999437061244805,60,292.2,8.636650501943645,476,-0.4602905187083197
2798,mixtura,packing_A,T10,largo,38,G4,7.759065374763631,0.754155772825685,0.866659426898491,False,487,448.2756375090824,8.638515959978534,-0.013433591770036904,23.999437061244805,60,292.2,8.636650501943645,477,-0.381439604604937
2798,mixtura,packing_A,T10,largo,38,G4,7.759065374763631,0.754155772825685,0.866659426898491,False,487,448.2756375090824,8.638515959978534,-0.013433591770036904,23.999437061244805,60,292.2,8.636650501943645,478,-0.07458517773271511
2798,mixtura,packing_A,T10,largo,38,G4,7.759065374763631,0.754155772825685,0.866659426898491,False,487,448.2756375090824,8.638515959978534,-0.013433591770036904,23.999437061244805,60,292.2,8.636650501943645,479,0.09417446751463825
2798,mixtura,packing_A,T10,largo,38,G4,7.759065374763631,0.754155772825685,0.866659426898491,False,487,448.2756375090824,8.638515959978534,-0.013433591770036904,23.999437061244805,60,292.2,8.636650501943645,480,0.14713055650283183
2798,mixtura,packing_A,T10,largo,38,G4,7.759065374763631,0.754155772825685,0.866659426898491,False,487,448.2756375090824,8.638515959978534,-0.013433591770036904,23.999437061244805,60,292.2,8.636650501943645,481,0.07796953697020678
2798,mixtura,packing_A,T10,largo,38,G4,7.759065374763631,0.754155772825685,0.866659426898491,False,487,448.2756375090824,8.638515959978534,-0.013433591770036904,23.999437061244805,60,292.2,8.636650501943645,482,0.18908646515633795
2798,mixtura,packing_A,T10,largo,38,G4,7.759065374763631,0.754155772825685,0.866659426898491,False,487,448.2756375090824,8.638515959978534,-0.013433591770036904,23.999437061244805,60,292.2,8.636650501943645,483,0.2517059240847889
2798,mixtura,packing_A,T10,largo,38,G4,7.759065374763631,0.754155772825685,0.866659426898491,False,487,448.2756375090824,8.638515959978534,-0.013433591770036904,23.999437061244805,60,292.2,8.636650501943645,484,0.5518153691729348
2798,mixtura,packing_A,T10,largo,38,G4,7.759065374763631,0.754155772825685,0.866659426898491,False,487,448.2756375090824,8.638515959978534,-0.013433591770036904,23.999437061244805,60,292.2,8.636650501943645,485,0.15105823391947976
2798,mixtura,packing_A,T10,largo,38,G4,7.759065374763631,0.754155772825685,0.866659426898491,False,487,448.2756375090824,8.638515959978534,-0.013433591770036904,23.999437061244805,60,292.2,8.636650501943645,486,0.48214282381982043
