proceso_id,epoca,packing,tunel,tipo_tunel,iteracion,mass_group,masa_ton,ocupabilidad,caudal_factor,anomalia_duracion,duracion_min,duracion_esperada_min,delta_duracion_pct,setpoint,T0,pct_transitorio,t_trans_min,overshoot_pct,tiempo_min,temperatura
2789,mixtura,packing_A,T10,largo,29,G4,9.069986117675327,0.7883523884755901,0.8004803930725636,False,483,508.94690788502635,-5.098156110791793,-0.011726848888055266,23.045710416625546,60,289.8,11.497321777190244,0,22.88866377024457
2789,mixtura,packing_A,T10,largo,29,G4,9.069986117675327,0.7883523884755901,0.8004803930725636,False,483,508.94690788502635,-5.098156110791793,-0.011726848888055266,23.045710416625546,60,289.8,11.497321777190244,1,22.785658433016827
2789,mixtura,packing_A,T10,largo,29,G4,9.069986117675327,0.7883523884755901,0.8004803930725636,False,483,508.94690788502635,-5.098156110791793,-0.011726848888055266,23.045710416625546,60,289.8,11.497321777190244,2,22.76102148679222
2789,mixtura,packing_A,T10,largo,29,G4,9.069986117675327,0.7883523884755901,0.8004803930725636,False,483,508.94690788502635,-5.098156110791793,-0.011726848888055266,23.045710416625546,60,289.8,11.497321777190244,3,22.51429869488441
2789,mixtura,packing_A,T10,largo,29,G4,9.069986117675327,0.7883523884755901,0.8004803930725636,False,483,508.94690788502635,-5.098156110791793,-0.011726848888055266,23.045710416625546,60,289.8,11.497321777190244,4,22.116347576869497
2789,mixtura,packing_A,T10,largo,29,G4,9.069986117675327,0.7883523884755901,0.8004803930725636,False,483,508.94690788502635,-5.098156110791793,-0.011726848888055266,23.045710416625546,60,289.8,11.497321777190244,5,21.89756735680229
2789,mixtura,packing_A,T10,largo,29,G4,9.069986117675327,0.7883523884755901,0.8004803930725636,False,483,508.94690788502635,-5.098156110791793,-0.011726848888055266,23.045710416625546,60,289.8,11.497321777190244,6,21.750248377194527
2789,mixtura,packing_A,T10,largo,29,G4,9.069986117675327,0.7883523884755901,0.8004803930725636,False,483,508.94690788502635,-5.098156110791793,-0.011726848888055266,23.045710416625546,60,289.8,11.497321777190244,7,21.499895482762057
2789,mixtura,packing_A,T10,largo,29,G4,9.069986117675327,0.7883523884755901,0.8004803930725636,False,483,508.94690788502635,-5.098156110791793,-0.011726848888055266,23.045710416625546,60,289.8,11.497321777190244,8,21.395825164930155
2789,mixtura,packing_A,T10,largo,29,G4,9.069986117675327,0.7883523884755901,0.8004803930725636,False,483,508.94690788502635,-5.098156110791793,-0.011726848888055266,23.045710416625546,60,289.8,11.497321777190244,9,21.222218391903283
2789,mixtura,packing_A,T10,largo,29,G4,9.069986117675327,0.7883523884755901,0.8004803930725636,False,483,508.94690788502635,-5.098156110791793,-0.011726848888055266,23.045710416625546,60,289.8,11.497321777190244,10,21.01377787584681
2789,mixtura,packing_A,T10,largo,29,G4,9.069986117675327,0.7883523884755901,0.8004803930725636,False,483,508.94690788502635,-5.098156110791793,-0.011726848888055266,23.045710416625546,60,289.8,11.497321777190244,11,20.63718821629728
2789,mixtura,packing_A,T10,largo,29,G4,9.069986117675327,0.7883523884755901,0.8004803930725636,False,483,508.94690788502635,-5.098156110791793,-0.011726848888055266,23.045710416625546,60,289.8,11.497321777190244,12,20.370215043933758
2789,mixtura,packing_A,T10,largo,29,G4,9.069986117675327,0.7883523884755901,0.8004803930725636,False,483,508.94690788502635,-5.098156110791793,-0.011726848888055266,23.045710416625546,60,289.8,11.497321777190244,13,20.07024244448254
2789,mixtura,packing_A,T10,largo,29,G4,9.069986117675327,0.7883523884755901,0.8004803930725636,False,483,508.94690788502635,-5.098156110791793,-0.011726848888055266,23.045710416625546,60,289.8,11.497321777190244,14,19.81457640367038
2789,mixtura,packing_A,T10,largo,29,G4,9.069986117675327,0.7883523884755901,0.8004803930725636,False,483,508.94690788502635,-5.098156110791793,-0.011726848888055266,23.045710416625546,60,289.8,11.497321777190244,15,19.530195855094476
2789,mixtura,packing_A,T10,largo,29,G4,9.069986117675327,0.7883523884755901,0.8004803930725636,False,483,508.94690788502635,-5.098156110791793,-0.011726848888055266,23.045710416625546,60,289.8,11.497321777190244,16,19.21108337040939
2789,mixtura,packing_A,T10,largo,29,G4,9.069986117675327,0.7883523884755901,0.8004803930725636,False,483,508.94690788502635,-5.098156110791793,-0.011726848888055266,23.045710416625546,60,289.8,11.497321777190244,17,19.02297600327191
2789,mixtura,packing_A,T10,largo,29,G4,9.069986117675327,0.7883523884755901,0.8004803930725636,False,483,508.94690788502635,-5.098156110791793,-0.011726848888055266,23.045710416625546,60,289.8,11.497321777190244,18,18.928377836566767
2789,mixtura,packing_A,T10,largo,29,G4,9.069986117675327,0.7883523884755901,0.8004803930725636,False,483,508.94690788502635,-5.098156110791793,-0.011726848888055266,23.045710416625546,60,289.8,11.497321777190244,19,18.59889906800107
2789,mixtura,packing_A,T10,largo,29,G4,9.069986117675327,0.7883523884755901,0.8004803930725636,False,483,508.94690788502635,-5.098156110791793,-0.011726848888055266,23.045710416625546,60,289.8,11.497321777190244,20,18.348081384274863
2789,mixtura,packing_A,T10,largo,29,G4,9.069986117675327,0.7883523884755901,0.8004803930725636,False,483,508.94690788502635,-5.098156110791793,-0.011726848888055266,23.045710416625546,60,289.8,11.497321777190244,21,18.131869963268016
2789,mixtura,packing_A,T10,largo,29,G4,9.069986117675327,0.7883523884755901,0.8004803930725636,False,483,508.94690788502635,-5.098156110791793,-0.011726848888055266,23.045710416625546,60,289.8,11.497321777190244,22,17.67010027958463
2789,mixtura,packing_A,T10,largo,29,G4,9.069986117675327,0.7883523884755901,0.8004803930725636,False,483,508.94690788502635,-5.098156110791793,-0.011726848888055266,23.045710416625546,60,289.8,11.497321777190244,23,17.45737568464402
2789,mixtura,packing_A,T10,largo,29,G4,9.069986117675327,0.7883523884755901,0.8004803930725636,False,483,508.94690788502635,-5.098156110791793,-0.011726848888055266,23.045710416625546,60,289.8,11.497321777190244,24,17.287957761953503
2789,mixtura,packing_A,T10,largo,29,G4,9.069986117675327,0.7883523884755901,0.8004803930725636,False,483,508.94690788502635,-5.098156110791793,-0.011726848888055266,23.045710416625546,60,289.8,11.497321777190244,25,17.16882044304318
2789,mixtura,packing_A,T10,largo,29,G4,9.069986117675327,0.7883523884755901,0.8004803930725636,False,483,508.94690788502635,-5.098156110791793,-0.011726848888055266,23.045710416625546,60,289.8,11.497321777190244,26,16.954869397616367
2789,mixtura,packing_A,T10,largo,29,G4,9.069986117675327,0.7883523884755901,0.8004803930725636,False,483,508.94690788502635,-5.098156110791793,-0.011726848888055266,23.045710416625546,60,289.8,11.497321777190244,27,16.32204724427985
2789,mixtura,packing_A,T10,largo,29,G4,9.069986117675327,0.7883523884755901,0.8004803930725636,False,483,508.94690788502635,-5.098156110791793,-0.011726848888055266,23.045710416625546,60,289.8,11.497321777190244,28,16.19871385125821
2789,mixtura,packing_A,T10,largo,29,G4,9.069986117675327,0.7883523884755901,0.8004803930725636,False,483,508.94690788502635,-5.098156110791793,-0.011726848888055266,23.045710416625546,60,289.8,11.497321777190244,29,15.56591121760133
2789,mixtura,packing_A,T10,largo,29,G4,9.069986117675327,0.7883523884755901,0.8004803930725636,False,483,508.94690788502635,-5.098156110791793,-0.011726848888055266,23.045710416625546,60,289.8,11.497321777190244,30,15.79659391821277
2789,mixtura,packing_A,T10,largo,29,G4,9.069986117675327,0.7883523884755901,0.8004803930725636,False,483,508.94690788502635,-5.098156110791793,-0.011726848888055266,23.045710416625546,60,289.8,11.497321777190244,31,15.391378061480102
2789,mixtura,packing_A,T10,largo,29,G4,9.069986117675327,0.7883523884755901,0.8004803930725636,False,483,508.94690788502635,-5.098156110791793,-0.011726848888055266,23.045710416625546,60,289.8,11.497321777190244,32,14.979881370389762
2789,mixtura,packing_A,T10,largo,29,G4,9.069986117675327,0.7883523884755901,0.8004803930725636,False,483,508.94690788502635,-5.098156110791793,-0.011726848888055266,23.045710416625546,60,289.8,11.497321777190244,33,14.909734142374663
2789,mixtura,packing_A,T10,largo,29,G4,9.069986117675327,0.7883523884755901,0.8004803930725636,False,483,508.94690788502635,-5.098156110791793,-0.011726848888055266,23.045710416625546,60,289.8,11.497321777190244,34,14.430249140068696
2789,mixtura,packing_A,T10,largo,29,G4,9.069986117675327,0.7883523884755901,0.8004803930725636,False,483,508.94690788502635,-5.098156110791793,-0.011726848888055266,23.045710416625546,60,289.8,11.497321777190244,35,14.365228559673312
2789,mixtura,packing_A,T10,largo,29,G4,9.069986117675327,0.7883523884755901,0.8004803930725636,False,483,508.94690788502635,-5.098156110791793,-0.011726848888055266,23.045710416625546,60,289.8,11.497321777190244,36,13.91407684137342
2789,mixtura,packing_A,T10,largo,29,G4,9.069986117675327,0.7883523884755901,0.8004803930725636,False,483,508.94690788502635,-5.098156110791793,-0.011726848888055266,23.045710416625546,60,289.8,11.497321777190244,37,13.759222740274756
2789,mixtura,packing_A,T10,largo,29,G4,9.069986117675327,0.7883523884755901,0.8004803930725636,False,483,508.94690788502635,-5.098156110791793,-0.011726848888055266,23.045710416625546,60,289.8,11.497321777190244,38,13.570111952343755
2789,mixtura,packing_A,T10,largo,29,G4,9.069986117675327,0.7883523884755901,0.8004803930725636,False,483,508.94690788502635,-5.098156110791793,-0.011726848888055266,23.045710416625546,60,289.8,11.497321777190244,39,13.200575399526217
2789,mixtura,packing_A,T10,largo,29,G4,9.069986117675327,0.7883523884755901,0.8004803930725636,False,483,508.94690788502635,-5.098156110791793,-0.011726848888055266,23.045710416625546,60,289.8,11.497321777190244,40,13.091716423422845
2789,mixtura,packing_A,T10,largo,29,G4,9.069986117675327,0.7883523884755901,0.8004803930725636,False,483,508.94690788502635,-5.098156110791793,-0.011726848888055266,23.045710416625546,60,289.8,11.497321777190244,41,12.508399618968665
2789,mixtura,packing_A,T10,largo,29,G4,9.069986117675327,0.7883523884755901,0.8004803930725636,False,483,508.94690788502635,-5.098156110791793,-0.011726848888055266,23.045710416625546,60,289.8,11.497321777190244,42,12.532466435788159
2789,mixtura,packing_A,T10,largo,29,G4,9.069986117675327,0.7883523884755901,0.8004803930725636,False,483,508.94690788502635,-5.098156110791793,-0.011726848888055266,23.045710416625546,60,289.8,11.497321777190244,43,11.997339821974688
2789,mixtura,packing_A,T10,largo,29,G4,9.069986117675327,0.7883523884755901,0.8004803930725636,False,483,508.94690788502635,-5.098156110791793,-0.011726848888055266,23.045710416625546,60,289.8,11.497321777190244,44,11.694868928165503
2789,mixtura,packing_A,T10,largo,29,G4,9.069986117675327,0.7883523884755901,0.8004803930725636,False,483,508.94690788502635,-5.098156110791793,-0.011726848888055266,23.045710416625546,60,289.8,11.497321777190244,45,11.579475663319407
2789,mixtura,packing_A,T10,largo,29,G4,9.069986117675327,0.7883523884755901,0.8004803930725636,False,483,508.94690788502635,-5.098156110791793,-0.011726848888055266,23.045710416625546,60,289.8,11.497321777190244,46,11.215006589579078
2789,mixtura,packing_A,T10,largo,29,G4,9.069986117675327,0.7883523884755901,0.8004803930725636,False,483,508.94690788502635,-5.098156110791793,-0.011726848888055266,23.045710416625546,60,289.8,11.497321777190244,47,10.974544625166814
2789,mixtura,packing_A,T10,largo,29,G4,9.069986117675327,0.7883523884755901,0.8004803930725636,False,483,508.94690788502635,-5.098156110791793,-0.011726848888055266,23.045710416625546,60,289.8,11.497321777190244,48,10.541889780017831
2789,mixtura,packing_A,T10,largo,29,G4,9.069986117675327,0.7883523884755901,0.8004803930725636,False,483,508.94690788502635,-5.098156110791793,-0.011726848888055266,23.045710416625546,60,289.8,11.497321777190244,49,10.42397367130238
2789,mixtura,packing_A,T10,largo,29,G4,9.069986117675327,0.7883523884755901,0.8004803930725636,False,483,508.94690788502635,-5.098156110791793,-0.011726848888055266,23.045710416625546,60,289.8,11.497321777190244,50,10.201971421216863
2789,mixtura,packing_A,T10,largo,29,G4,9.069986117675327,0.7883523884755901,0.8004803930725636,False,483,508.94690788502635,-5.098156110791793,-0.011726848888055266,23.045710416625546,60,289.8,11.497321777190244,51,9.84084749886143
2789,mixtura,packing_A,T10,largo,29,G4,9.069986117675327,0.7883523884755901,0.8004803930725636,False,483,508.94690788502635,-5.098156110791793,-0.011726848888055266,23.045710416625546,60,289.8,11.497321777190244,52,9.464796334933837
2789,mixtura,packing_A,T10,largo,29,G4,9.069986117675327,0.7883523884755901,0.8004803930725636,False,483,508.94690788502635,-5.098156110791793,-0.011726848888055266,23.045710416625546,60,289.8,11.497321777190244,53,9.348124853438863
2789,mixtura,packing_A,T10,largo,29,G4,9.069986117675327,0.7883523884755901,0.8004803930725636,False,483,508.94690788502635,-5.098156110791793,-0.011726848888055266,23.045710416625546,60,289.8,11.497321777190244,54,8.848507192640579
2789,mixtura,packing_A,T10,largo,29,G4,9.069986117675327,0.7883523884755901,0.8004803930725636,False,483,508.94690788502635,-5.098156110791793,-0.011726848888055266,23.045710416625546,60,289.8,11.497321777190244,55,8.69230115901884
2789,mixtura,packing_A,T10,largo,29,G4,9.069986117675327,0.7883523884755901,0.8004803930725636,False,483,508.94690788502635,-5.098156110791793,-0.011726848888055266,23.045710416625546,60,289.8,11.497321777190244,56,8.38972776060218
2789,mixtura,packing_A,T10,largo,29,G4,9.069986117675327,0.7883523884755901,0.8004803930725636,False,483,508.94690788502635,-5.098156110791793,-0.011726848888055266,23.045710416625546,60,289.8,11.497321777190244,57,8.21301736810893
2789,mixtura,packing_A,T10,largo,29,G4,9.069986117675327,0.7883523884755901,0.8004803930725636,False,483,508.94690788502635,-5.098156110791793,-0.011726848888055266,23.045710416625546,60,289.8,11.497321777190244,58,7.946582512981603
2789,mixtura,packing_A,T10,largo,29,G4,9.069986117675327,0.7883523884755901,0.8004803930725636,False,483,508.94690788502635,-5.098156110791793,-0.011726848888055266,23.045710416625546,60,289.8,11.497321777190244,59,7.607729107714246
2789,mixtura,packing_A,T10,largo,29,G4,9.069986117675327,0.7883523884755901,0.8004803930725636,False,483,508.94690788502635,-5.098156110791793,-0.011726848888055266,23.045710416625546,60,289.8,11.497321777190244,60,7.467605308044916
2789,mixtura,packing_A,T10,largo,29,G4,9.069986117675327,0.7883523884755901,0.8004803930725636,False,483,508.94690788502635,-5.098156110791793,-0.011726848888055266,23.045710416625546,60,289.8,11.497321777190244,61,7.237753671851611
2789,mixtura,packing_A,T10,largo,29,G4,9.069986117675327,0.7883523884755901,0.8004803930725636,False,483,508.94690788502635,-5.098156110791793,-0.011726848888055266,23.045710416625546,60,289.8,11.497321777190244,62,7.0281490032707685
2789,mixtura,packing_A,T10,largo,29,G4,9.069986117675327,0.7883523884755901,0.8004803930725636,False,483,508.94690788502635,-5.098156110791793,-0.011726848888055266,23.045710416625546,60,289.8,11.497321777190244,63,6.761813196911707
2789,mixtura,packing_A,T10,largo,29,G4,9.069986117675327,0.7883523884755901,0.8004803930725636,False,483,508.94690788502635,-5.098156110791793,-0.011726848888055266,23.045710416625546,60,289.8,11.497321777190244,64,6.399801755720706
2789,mixtura,packing_A,T10,largo,29,G4,9.069986117675327,0.7883523884755901,0.8004803930725636,False,483,508.94690788502635,-5.098156110791793,-0.011726848888055266,23.045710416625546,60,289.8,11.497321777190244,65,6.180471543421224
2789,mixtura,packing_A,T10,largo,29,G4,9.069986117675327,0.7883523884755901,0.8004803930725636,False,483,508.94690788502635,-5.098156110791793,-0.011726848888055266,23.045710416625546,60,289.8,11.497321777190244,66,5.981724514437338
2789,mixtura,packing_A,T10,largo,29,G4,9.069986117675327,0.7883523884755901,0.8004803930725636,False,483,508.94690788502635,-5.098156110791793,-0.011726848888055266,23.045710416625546,60,289.8,11.497321777190244,67,5.668190644897404
2789,mixtura,packing_A,T10,largo,29,G4,9.069986117675327,0.7883523884755901,0.8004803930725636,False,483,508.94690788502635,-5.098156110791793,-0.011726848888055266,23.045710416625546,60,289.8,11.497321777190244,68,5.361296850414561
2789,mixtura,packing_A,T10,largo,29,G4,9.069986117675327,0.7883523884755901,0.8004803930725636,False,483,508.94690788502635,-5.098156110791793,-0.011726848888055266,23.045710416625546,60,289.8,11.497321777190244,69,5.028725887559497
2789,mixtura,packing_A,T10,largo,29,G4,9.069986117675327,0.7883523884755901,0.8004803930725636,False,483,508.94690788502635,-5.098156110791793,-0.011726848888055266,23.045710416625546,60,289.8,11.497321777190244,70,4.77827400196506
2789,mixtura,packing_A,T10,largo,29,G4,9.069986117675327,0.7883523884755901,0.8004803930725636,False,483,508.94690788502635,-5.098156110791793,-0.011726848888055266,23.045710416625546,60,289.8,11.497321777190244,71,4.653683942484561
2789,mixtura,packing_A,T10,largo,29,G4,9.069986117675327,0.7883523884755901,0.8004803930725636,False,483,508.94690788502635,-5.098156110791793,-0.011726848888055266,23.045710416625546,60,289.8,11.497321777190244,72,4.389565412400572
2789,mixtura,packing_A,T10,largo,29,G4,9.069986117675327,0.7883523884755901,0.8004803930725636,False,483,508.94690788502635,-5.098156110791793,-0.011726848888055266,23.045710416625546,60,289.8,11.497321777190244,73,4.222225513425164
2789,mixtura,packing_A,T10,largo,29,G4,9.069986117675327,0.7883523884755901,0.8004803930725636,False,483,508.94690788502635,-5.098156110791793,-0.011726848888055266,23.045710416625546,60,289.8,11.497321777190244,74,4.030807452067069
2789,mixtura,packing_A,T10,largo,29,G4,9.069986117675327,0.7883523884755901,0.8004803930725636,False,483,508.94690788502635,-5.098156110791793,-0.011726848888055266,23.045710416625546,60,289.8,11.497321777190244,75,3.6661680254301965
2789,mixtura,packing_A,T10,largo,29,G4,9.069986117675327,0.7883523884755901,0.8004803930725636,False,483,508.94690788502635,-5.098156110791793,-0.011726848888055266,23.045710416625546,60,289.8,11.497321777190244,76,3.406331660275758
2789,mixtura,packing_A,T10,largo,29,G4,9.069986117675327,0.7883523884755901,0.8004803930725636,False,483,508.94690788502635,-5.098156110791793,-0.011726848888055266,23.045710416625546,60,289.8,11.497321777190244,77,3.3203062231332394
2789,mixtura,packing_A,T10,largo,29,G4,9.069986117675327,0.7883523884755901,0.8004803930725636,False,483,508.94690788502635,-5.098156110791793,-0.011726848888055266,23.045710416625546,60,289.8,11.497321777190244,78,3.1476835460785613
2789,mixtura,packing_A,T10,largo,29,G4,9.069986117675327,0.7883523884755901,0.8004803930725636,False,483,508.94690788502635,-5.098156110791793,-0.011726848888055266,23.045710416625546,60,289.8,11.497321777190244,79,2.8470885567694255
2789,mixtura,packing_A,T10,largo,29,G4,9.069986117675327,0.7883523884755901,0.8004803930725636,False,483,508.94690788502635,-5.098156110791793,-0.011726848888055266,23.045710416625546,60,289.8,11.497321777190244,80,2.413948809393591
2789,mixtura,packing_A,T10,largo,29,G4,9.069986117675327,0.7883523884755901,0.8004803930725636,False,483,508.94690788502635,-5.098156110791793,-0.011726848888055266,23.045710416625546,60,289.8,11.497321777190244,81,2.4738489661450735
2789,mixtura,packing_A,T10,largo,29,G4,9.069986117675327,0.7883523884755901,0.8004803930725636,False,483,508.94690788502635,-5.098156110791793,-0.011726848888055266,23.045710416625546,60,289.8,11.497321777190244,82,2.2872090295674146
2789,mixtura,packing_A,T10,largo,29,G4,9.069986117675327,0.7883523884755901,0.8004803930725636,False,483,508.94690788502635,-5.098156110791793,-0.011726848888055266,23.045710416625546,60,289.8,11.497321777190244,83,1.8308686854039409
2789,mixtura,packing_A,T10,largo,29,G4,9.069986117675327,0.7883523884755901,0.8004803930725636,False,483,508.94690788502635,-5.098156110791793,-0.011726848888055266,23.045710416625546,60,289.8,11.497321777190244,84,1.7087154964869002
2789,mixtura,packing_A,T10,largo,29,G4,9.069986117675327,0.7883523884755901,0.8004803930725636,False,483,508.94690788502635,-5.098156110791793,-0.011726848888055266,23.045710416625546,60,289.8,11.497321777190244,85,1.3511159721590402
2789,mixtura,packing_A,T10,largo,29,G4,9.069986117675327,0.7883523884755901,0.8004803930725636,False,483,508.94690788502635,-5.098156110791793,-0.011726848888055266,23.045710416625546,60,289.8,11.497321777190244,86,1.1962771680721285
2789,mixtura,packing_A,T10,largo,29,G4,9.069986117675327,0.7883523884755901,0.8004803930725636,False,483,508.94690788502635,-5.098156110791793,-0.011726848888055266,23.045710416625546,60,289.8,11.497321777190244,87,1.0936050691154615
2789,mixtura,packing_A,T10,largo,29,G4,9.069986117675327,0.7883523884755901,0.8004803930725636,False,483,508.94690788502635,-5.098156110791793,-0.011726848888055266,23.045710416625546,60,289.8,11.497321777190244,88,0.846595494925946
2789,mixtura,packing_A,T10,largo,29,G4,9.069986117675327,0.7883523884755901,0.8004803930725636,False,483,508.94690788502635,-5.098156110791793,-0.011726848888055266,23.045710416625546,60,289.8,11.497321777190244,89,0.41886509489773094
2789,mixtura,packing_A,T10,largo,29,G4,9.069986117675327,0.7883523884755901,0.8004803930725636,False,483,508.94690788502635,-5.098156110791793,-0.011726848888055266,23.045710416625546,60,289.8,11.497321777190244,90,0.30308481035998697
2789,mixtura,packing_A,T10,largo,29,G4,9.069986117675327,0.7883523884755901,0.8004803930725636,False,483,508.94690788502635,-5.098156110791793,-0.011726848888055266,23.045710416625546,60,289.8,11.497321777190244,91,0.12720386557186816
2789,mixtura,packing_A,T10,largo,29,G4,9.069986117675327,0.7883523884755901,0.8004803930725636,False,483,508.94690788502635,-5.098156110791793,-0.011726848888055266,23.045710416625546,60,289.8,11.497321777190244,92,0.09347117964654787
2789,mixtura,packing_A,T10,largo,29,G4,9.069986117675327,0.7883523884755901,0.8004803930725636,False,483,508.94690788502635,-5.098156110791793,-0.011726848888055266,23.045710416625546,60,289.8,11.497321777190244,93,-0.16246061386199712
2789,mixtura,packing_A,T10,largo,29,G4,9.069986117675327,0.7883523884755901,0.8004803930725636,False,483,508.94690788502635,-5.098156110791793,-0.011726848888055266,23.045710416625546,60,289.8,11.497321777190244,94,-0.39168283891736133
2789,mixtura,packing_A,T10,largo,29,G4,9.069986117675327,0.7883523884755901,0.8004803930725636,False,483,508.94690788502635,-5.098156110791793,-0.011726848888055266,23.045710416625546,60,289.8,11.497321777190244,95,-0.6453539841395577
2789,mixtura,packing_A,T10,largo,29,G4,9.069986117675327,0.7883523884755901,0.8004803930725636,False,483,508.94690788502635,-5.098156110791793,-0.011726848888055266,23.045710416625546,60,289.8,11.497321777190244,96,-0.8560185319976784
2789,mixtura,packing_A,T10,largo,29,G4,9.069986117675327,0.7883523884755901,0.8004803930725636,False,483,508.94690788502635,-5.098156110791793,-0.011726848888055266,23.045710416625546,60,289.8,11.497321777190244,97,-0.9332564142208378
2789,mixtura,packing_A,T10,largo,29,G4,9.069986117675327,0.7883523884755901,0.8004803930725636,False,483,508.94690788502635,-5.098156110791793,-0.011726848888055266,23.045710416625546,60,289.8,11.497321777190244,98,-0.9278684576800555
2789,mixtura,packing_A,T10,largo,29,G4,9.069986117675327,0.7883523884755901,0.8004803930725636,False,483,508.94690788502635,-5.098156110791793,-0.011726848888055266,23.045710416625546,60,289.8,11.497321777190244,99,-1.3830754456284697
2789,mixtura,packing_A,T10,largo,29,G4,9.069986117675327,0.7883523884755901,0.8004803930725636,False,483,508.94690788502635,-5.098156110791793,-0.011726848888055266,23.045710416625546,60,289.8,11.497321777190244,100,-1.2948024430620684
2789,mixtura,packing_A,T10,largo,29,G4,9.069986117675327,0.7883523884755901,0.8004803930725636,False,483,508.94690788502635,-5.098156110791793,-0.011726848888055266,23.045710416625546,60,289.8,11.497321777190244,101,-1.7868818967084195
2789,mixtura,packing_A,T10,largo,29,G4,9.069986117675327,0.7883523884755901,0.8004803930725636,False,483,508.94690788502635,-5.098156110791793,-0.011726848888055266,23.045710416625546,60,289.8,11.497321777190244,102,-1.664026446723185
2789,mixtura,packing_A,T10,largo,29,G4,9.069986117675327,0.7883523884755901,0.8004803930725636,False,483,508.94690788502635,-5.098156110791793,-0.011726848888055266,23.045710416625546,60,289.8,11.497321777190244,103,-1.7269277703904424
2789,mixtura,packing_A,T10,largo,29,G4,9.069986117675327,0.7883523884755901,0.8004803930725636,False,483,508.94690788502635,-5.098156110791793,-0.011726848888055266,23.045710416625546,60,289.8,11.497321777190244,104,-2.0228108276900767
2789,mixtura,packing_A,T10,largo,29,G4,9.069986117675327,0.7883523884755901,0.8004803930725636,False,483,508.94690788502635,-5.098156110791793,-0.011726848888055266,23.045710416625546,60,289.8,11.497321777190244,105,-2.228353226937275
2789,mixtura,packing_A,T10,largo,29,G4,9.069986117675327,0.7883523884755901,0.8004803930725636,False,483,508.94690788502635,-5.098156110791793,-0.011726848888055266,23.045710416625546,60,289.8,11.497321777190244,106,-2.4840565991600565
2789,mixtura,packing_A,T10,largo,29,G4,9.069986117675327,0.7883523884755901,0.8004803930725636,False,483,508.94690788502635,-5.098156110791793,-0.011726848888055266,23.045710416625546,60,289.8,11.497321777190244,107,-2.7627060580022516
2789,mixtura,packing_A,T10,largo,29,G4,9.069986117675327,0.7883523884755901,0.8004803930725636,False,483,508.94690788502635,-5.098156110791793,-0.011726848888055266,23.045710416625546,60,289.8,11.497321777190244,108,-2.8457186938661954
2789,mixtura,packing_A,T10,largo,29,G4,9.069986117675327,0.7883523884755901,0.8004803930725636,False,483,508.94690788502635,-5.098156110791793,-0.011726848888055266,23.045710416625546,60,289.8,11.497321777190244,109,-2.6762791952536844
2789,mixtura,packing_A,T10,largo,29,G4,9.069986117675327,0.7883523884755901,0.8004803930725636,False,483,508.94690788502635,-5.098156110791793,-0.011726848888055266,23.045710416625546,60,289.8,11.497321777190244,110,-2.926212738816861
2789,mixtura,packing_A,T10,largo,29,G4,9.069986117675327,0.7883523884755901,0.8004803930725636,False,483,508.94690788502635,-5.098156110791793,-0.011726848888055266,23.045710416625546,60,289.8,11.497321777190244,111,-3.0300931161360554
2789,mixtura,packing_A,T10,largo,29,G4,9.069986117675327,0.7883523884755901,0.8004803930725636,False,483,508.94690788502635,-5.098156110791793,-0.011726848888055266,23.045710416625546,60,289.8,11.497321777190244,112,-3.226409166298011
2789,mixtura,packing_A,T10,largo,29,G4,9.069986117675327,0.7883523884755901,0.8004803930725636,False,483,508.94690788502635,-5.098156110791793,-0.011726848888055266,23.045710416625546,60,289.8,11.497321777190244,113,-3.600326166610539
2789,mixtura,packing_A,T10,largo,29,G4,9.069986117675327,0.7883523884755901,0.8004803930725636,False,483,508.94690788502635,-5.098156110791793,-0.011726848888055266,23.045710416625546,60,289.8,11.497321777190244,114,-3.6893507401277397
2789,mixtura,packing_A,T10,largo,29,G4,9.069986117675327,0.7883523884755901,0.8004803930725636,False,483,508.94690788502635,-5.098156110791793,-0.011726848888055266,23.045710416625546,60,289.8,11.497321777190244,115,-3.7094068900963424
2789,mixtura,packing_A,T10,largo,29,G4,9.069986117675327,0.7883523884755901,0.8004803930725636,False,483,508.94690788502635,-5.098156110791793,-0.011726848888055266,23.045710416625546,60,289.8,11.497321777190244,116,-3.9231998878043712
2789,mixtura,packing_A,T10,largo,29,G4,9.069986117675327,0.7883523884755901,0.8004803930725636,False,483,508.94690788502635,-5.098156110791793,-0.011726848888055266,23.045710416625546,60,289.8,11.497321777190244,117,-4.083619264180486
2789,mixtura,packing_A,T10,largo,29,G4,9.069986117675327,0.7883523884755901,0.8004803930725636,False,483,508.94690788502635,-5.098156110791793,-0.011726848888055266,23.045710416625546,60,289.8,11.497321777190244,118,-4.129324202522606
2789,mixtura,packing_A,T10,largo,29,G4,9.069986117675327,0.7883523884755901,0.8004803930725636,False,483,508.94690788502635,-5.098156110791793,-0.011726848888055266,23.045710416625546,60,289.8,11.497321777190244,119,-4.204395073333635
2789,mixtura,packing_A,T10,largo,29,G4,9.069986117675327,0.7883523884755901,0.8004803930725636,False,483,508.94690788502635,-5.098156110791793,-0.011726848888055266,23.045710416625546,60,289.8,11.497321777190244,120,-4.417956600543886
2789,mixtura,packing_A,T10,largo,29,G4,9.069986117675327,0.7883523884755901,0.8004803930725636,False,483,508.94690788502635,-5.098156110791793,-0.011726848888055266,23.045710416625546,60,289.8,11.497321777190244,121,-4.558360364602312
2789,mixtura,packing_A,T10,largo,29,G4,9.069986117675327,0.7883523884755901,0.8004803930725636,False,483,508.94690788502635,-5.098156110791793,-0.011726848888055266,23.045710416625546,60,289.8,11.497321777190244,122,-4.480606760300476
2789,mixtura,packing_A,T10,largo,29,G4,9.069986117675327,0.7883523884755901,0.8004803930725636,False,483,508.94690788502635,-5.098156110791793,-0.011726848888055266,23.045710416625546,60,289.8,11.497321777190244,123,-4.669706879987251
2789,mixtura,packing_A,T10,largo,29,G4,9.069986117675327,0.7883523884755901,0.8004803930725636,False,483,508.94690788502635,-5.098156110791793,-0.011726848888055266,23.045710416625546,60,289.8,11.497321777190244,124,-4.788219552159844
2789,mixtura,packing_A,T10,largo,29,G4,9.069986117675327,0.7883523884755901,0.8004803930725636,False,483,508.94690788502635,-5.098156110791793,-0.011726848888055266,23.045710416625546,60,289.8,11.497321777190244,125,-5.049613164367758
2789,mixtura,packing_A,T10,largo,29,G4,9.069986117675327,0.7883523884755901,0.8004803930725636,False,483,508.94690788502635,-5.098156110791793,-0.011726848888055266,23.045710416625546,60,289.8,11.497321777190244,126,-4.956734826314341
2789,mixtura,packing_A,T10,largo,29,G4,9.069986117675327,0.7883523884755901,0.8004803930725636,False,483,508.94690788502635,-5.098156110791793,-0.011726848888055266,23.045710416625546,60,289.8,11.497321777190244,127,-5.025493022641817
2789,mixtura,packing_A,T10,largo,29,G4,9.069986117675327,0.7883523884755901,0.8004803930725636,False,483,508.94690788502635,-5.098156110791793,-0.011726848888055266,23.045710416625546,60,289.8,11.497321777190244,128,-5.107109315233861
2789,mixtura,packing_A,T10,largo,29,G4,9.069986117675327,0.7883523884755901,0.8004803930725636,False,483,508.94690788502635,-5.098156110791793,-0.011726848888055266,23.045710416625546,60,289.8,11.497321777190244,129,-5.324038302564532
2789,mixtura,packing_A,T10,largo,29,G4,9.069986117675327,0.7883523884755901,0.8004803930725636,False,483,508.94690788502635,-5.098156110791793,-0.011726848888055266,23.045710416625546,60,289.8,11.497321777190244,130,-5.409865370872699
2789,mixtura,packing_A,T10,largo,29,G4,9.069986117675327,0.7883523884755901,0.8004803930725636,False,483,508.94690788502635,-5.098156110791793,-0.011726848888055266,23.045710416625546,60,289.8,11.497321777190244,131,-5.378838459917973
2789,mixtura,packing_A,T10,largo,29,G4,9.069986117675327,0.7883523884755901,0.8004803930725636,False,483,508.94690788502635,-5.098156110791793,-0.011726848888055266,23.045710416625546,60,289.8,11.497321777190244,132,-5.619838577321592
2789,mixtura,packing_A,T10,largo,29,G4,9.069986117675327,0.7883523884755901,0.8004803930725636,False,483,508.94690788502635,-5.098156110791793,-0.011726848888055266,23.045710416625546,60,289.8,11.497321777190244,133,-5.459594362726317
2789,mixtura,packing_A,T10,largo,29,G4,9.069986117675327,0.7883523884755901,0.8004803930725636,False,483,508.94690788502635,-5.098156110791793,-0.011726848888055266,23.045710416625546,60,289.8,11.497321777190244,134,-5.6161893956657325
2789,mixtura,packing_A,T10,largo,29,G4,9.069986117675327,0.7883523884755901,0.8004803930725636,False,483,508.94690788502635,-5.098156110791793,-0.011726848888055266,23.045710416625546,60,289.8,11.497321777190244,135,-5.7129926863693115
2789,mixtura,packing_A,T10,largo,29,G4,9.069986117675327,0.7883523884755901,0.8004803930725636,False,483,508.94690788502635,-5.098156110791793,-0.011726848888055266,23.045710416625546,60,289.8,11.497321777190244,136,-5.7820564722573495
2789,mixtura,packing_A,T10,largo,29,G4,9.069986117675327,0.7883523884755901,0.8004803930725636,False,483,508.94690788502635,-5.098156110791793,-0.011726848888055266,23.045710416625546,60,289.8,11.497321777190244,137,-5.899156406023307
2789,mixtura,packing_A,T10,largo,29,G4,9.069986117675327,0.7883523884755901,0.8004803930725636,False,483,508.94690788502635,-5.098156110791793,-0.011726848888055266,23.045710416625546,60,289.8,11.497321777190244,138,-5.787437791073083
2789,mixtura,packing_A,T10,largo,29,G4,9.069986117675327,0.7883523884755901,0.8004803930725636,False,483,508.94690788502635,-5.098156110791793,-0.011726848888055266,23.045710416625546,60,289.8,11.497321777190244,139,-6.035878019952457
2789,mixtura,packing_A,T10,largo,29,G4,9.069986117675327,0.7883523884755901,0.8004803930725636,False,483,508.94690788502635,-5.098156110791793,-0.011726848888055266,23.045710416625546,60,289.8,11.497321777190244,140,-6.018077545948723
2789,mixtura,packing_A,T10,largo,29,G4,9.069986117675327,0.7883523884755901,0.8004803930725636,False,483,508.94690788502635,-5.098156110791793,-0.011726848888055266,23.045710416625546,60,289.8,11.497321777190244,141,-6.300909192602025
2789,mixtura,packing_A,T10,largo,29,G4,9.069986117675327,0.7883523884755901,0.8004803930725636,False,483,508.94690788502635,-5.098156110791793,-0.011726848888055266,23.045710416625546,60,289.8,11.497321777190244,142,-6.149127479311671
2789,mixtura,packing_A,T10,largo,29,G4,9.069986117675327,0.7883523884755901,0.8004803930725636,False,483,508.94690788502635,-5.098156110791793,-0.011726848888055266,23.045710416625546,60,289.8,11.497321777190244,143,-6.21023616964458
2789,mixtura,packing_A,T10,largo,29,G4,9.069986117675327,0.7883523884755901,0.8004803930725636,False,483,508.94690788502635,-5.098156110791793,-0.011726848888055266,23.045710416625546,60,289.8,11.497321777190244,144,-6.287723655156625
2789,mixtura,packing_A,T10,largo,29,G4,9.069986117675327,0.7883523884755901,0.8004803930725636,False,483,508.94690788502635,-5.098156110791793,-0.011726848888055266,23.045710416625546,60,289.8,11.497321777190244,145,-6.36244677099258
2789,mixtura,packing_A,T10,largo,29,G4,9.069986117675327,0.7883523884755901,0.8004803930725636,False,483,508.94690788502635,-5.098156110791793,-0.011726848888055266,23.045710416625546,60,289.8,11.497321777190244,146,-6.369194207436168
2789,mixtura,packing_A,T10,largo,29,G4,9.069986117675327,0.7883523884755901,0.8004803930725636,False,483,508.94690788502635,-5.098156110791793,-0.011726848888055266,23.045710416625546,60,289.8,11.497321777190244,147,-6.379352521788208
2789,mixtura,packing_A,T10,largo,29,G4,9.069986117675327,0.7883523884755901,0.8004803930725636,False,483,508.94690788502635,-5.098156110791793,-0.011726848888055266,23.045710416625546,60,289.8,11.497321777190244,148,-6.467738000368332
2789,mixtura,packing_A,T10,largo,29,G4,9.069986117675327,0.7883523884755901,0.8004803930725636,False,483,508.94690788502635,-5.098156110791793,-0.011726848888055266,23.045710416625546,60,289.8,11.497321777190244,149,-6.47100393440733
2789,mixtura,packing_A,T10,largo,29,G4,9.069986117675327,0.7883523884755901,0.8004803930725636,False,483,508.94690788502635,-5.098156110791793,-0.011726848888055266,23.045710416625546,60,289.8,11.497321777190244,150,-6.49734068480043
2789,mixtura,packing_A,T10,largo,29,G4,9.069986117675327,0.7883523884755901,0.8004803930725636,False,483,508.94690788502635,-5.098156110791793,-0.011726848888055266,23.045710416625546,60,289.8,11.497321777190244,151,-6.5249390245299965
2789,mixtura,packing_A,T10,largo,29,G4,9.069986117675327,0.7883523884755901,0.8004803930725636,False,483,508.94690788502635,-5.098156110791793,-0.011726848888055266,23.045710416625546,60,289.8,11.497321777190244,152,-6.495448064419004
2789,mixtura,packing_A,T10,largo,29,G4,9.069986117675327,0.7883523884755901,0.8004803930725636,False,483,508.94690788502635,-5.098156110791793,-0.011726848888055266,23.045710416625546,60,289.8,11.497321777190244,153,-6.622985005415587
2789,mixtura,packing_A,T10,largo,29,G4,9.069986117675327,0.7883523884755901,0.8004803930725636,False,483,508.94690788502635,-5.098156110791793,-0.011726848888055266,23.045710416625546,60,289.8,11.497321777190244,154,-6.674014761830275
2789,mixtura,packing_A,T10,largo,29,G4,9.069986117675327,0.7883523884755901,0.8004803930725636,False,483,508.94690788502635,-5.098156110791793,-0.011726848888055266,23.045710416625546,60,289.8,11.497321777190244,155,-6.589810080730842
2789,mixtura,packing_A,T10,largo,29,G4,9.069986117675327,0.7883523884755901,0.8004803930725636,False,483,508.94690788502635,-5.098156110791793,-0.011726848888055266,23.045710416625546,60,289.8,11.497321777190244,156,-6.632204244384741
2789,mixtura,packing_A,T10,largo,29,G4,9.069986117675327,0.7883523884755901,0.8004803930725636,False,483,508.94690788502635,-5.098156110791793,-0.011726848888055266,23.045710416625546,60,289.8,11.497321777190244,157,-6.619086118546506
2789,mixtura,packing_A,T10,largo,29,G4,9.069986117675327,0.7883523884755901,0.8004803930725636,False,483,508.94690788502635,-5.098156110791793,-0.011726848888055266,23.045710416625546,60,289.8,11.497321777190244,158,-6.651691365795508
2789,mixtura,packing_A,T10,largo,29,G4,9.069986117675327,0.7883523884755901,0.8004803930725636,False,483,508.94690788502635,-5.098156110791793,-0.011726848888055266,23.045710416625546,60,289.8,11.497321777190244,159,-6.5011951958068455
2789,mixtura,packing_A,T10,largo,29,G4,9.069986117675327,0.7883523884755901,0.8004803930725636,False,483,508.94690788502635,-5.098156110791793,-0.011726848888055266,23.045710416625546,60,289.8,11.497321777190244,160,-6.766862896785134
2789,mixtura,packing_A,T10,largo,29,G4,9.069986117675327,0.7883523884755901,0.8004803930725636,False,483,508.94690788502635,-5.098156110791793,-0.011726848888055266,23.045710416625546,60,289.8,11.497321777190244,161,-6.8062655317506495
2789,mixtura,packing_A,T10,largo,29,G4,9.069986117675327,0.7883523884755901,0.8004803930725636,False,483,508.94690788502635,-5.098156110791793,-0.011726848888055266,23.045710416625546,60,289.8,11.497321777190244,162,-6.779603544379133
2789,mixtura,packing_A,T10,largo,29,G4,9.069986117675327,0.7883523884755901,0.8004803930725636,False,483,508.94690788502635,-5.098156110791793,-0.011726848888055266,23.045710416625546,60,289.8,11.497321777190244,163,-6.700327777835702
2789,mixtura,packing_A,T10,largo,29,G4,9.069986117675327,0.7883523884755901,0.8004803930725636,False,483,508.94690788502635,-5.098156110791793,-0.011726848888055266,23.045710416625546,60,289.8,11.497321777190244,164,-6.82242860973198
2789,mixtura,packing_A,T10,largo,29,G4,9.069986117675327,0.7883523884755901,0.8004803930725636,False,483,508.94690788502635,-5.098156110791793,-0.011726848888055266,23.045710416625546,60,289.8,11.497321777190244,165,-6.834621774994186
2789,mixtura,packing_A,T10,largo,29,G4,9.069986117675327,0.7883523884755901,0.8004803930725636,False,483,508.94690788502635,-5.098156110791793,-0.011726848888055266,23.045710416625546,60,289.8,11.497321777190244,166,-6.878596284499032
2789,mixtura,packing_A,T10,largo,29,G4,9.069986117675327,0.7883523884755901,0.8004803930725636,False,483,508.94690788502635,-5.098156110791793,-0.011726848888055266,23.045710416625546,60,289.8,11.497321777190244,167,-6.877291425561227
2789,mixtura,packing_A,T10,largo,29,G4,9.069986117675327,0.7883523884755901,0.8004803930725636,False,483,508.94690788502635,-5.098156110791793,-0.011726848888055266,23.045710416625546,60,289.8,11.497321777190244,168,-6.784044794772694
2789,mixtura,packing_A,T10,largo,29,G4,9.069986117675327,0.7883523884755901,0.8004803930725636,False,483,508.94690788502635,-5.098156110791793,-0.011726848888055266,23.045710416625546,60,289.8,11.497321777190244,169,-6.618968379976398
2789,mixtura,packing_A,T10,largo,29,G4,9.069986117675327,0.7883523884755901,0.8004803930725636,False,483,508.94690788502635,-5.098156110791793,-0.011726848888055266,23.045710416625546,60,289.8,11.497321777190244,170,-6.867959270013729
2789,mixtura,packing_A,T10,largo,29,G4,9.069986117675327,0.7883523884755901,0.8004803930725636,False,483,508.94690788502635,-5.098156110791793,-0.011726848888055266,23.045710416625546,60,289.8,11.497321777190244,171,-6.630262588995389
2789,mixtura,packing_A,T10,largo,29,G4,9.069986117675327,0.7883523884755901,0.8004803930725636,False,483,508.94690788502635,-5.098156110791793,-0.011726848888055266,23.045710416625546,60,289.8,11.497321777190244,172,-6.752309320099715
2789,mixtura,packing_A,T10,largo,29,G4,9.069986117675327,0.7883523884755901,0.8004803930725636,False,483,508.94690788502635,-5.098156110791793,-0.011726848888055266,23.045710416625546,60,289.8,11.497321777190244,173,-6.62851890824785
2789,mixtura,packing_A,T10,largo,29,G4,9.069986117675327,0.7883523884755901,0.8004803930725636,False,483,508.94690788502635,-5.098156110791793,-0.011726848888055266,23.045710416625546,60,289.8,11.497321777190244,174,-6.717843866673644
2789,mixtura,packing_A,T10,largo,29,G4,9.069986117675327,0.7883523884755901,0.8004803930725636,False,483,508.94690788502635,-5.098156110791793,-0.011726848888055266,23.045710416625546,60,289.8,11.497321777190244,175,-6.61618828251237
2789,mixtura,packing_A,T10,largo,29,G4,9.069986117675327,0.7883523884755901,0.8004803930725636,False,483,508.94690788502635,-5.098156110791793,-0.011726848888055266,23.045710416625546,60,289.8,11.497321777190244,176,-6.740405861573336
2789,mixtura,packing_A,T10,largo,29,G4,9.069986117675327,0.7883523884755901,0.8004803930725636,False,483,508.94690788502635,-5.098156110791793,-0.011726848888055266,23.045710416625546,60,289.8,11.497321777190244,177,-6.713590832275747
2789,mixtura,packing_A,T10,largo,29,G4,9.069986117675327,0.7883523884755901,0.8004803930725636,False,483,508.94690788502635,-5.098156110791793,-0.011726848888055266,23.045710416625546,60,289.8,11.497321777190244,178,-6.611808078978551
2789,mixtura,packing_A,T10,largo,29,G4,9.069986117675327,0.7883523884755901,0.8004803930725636,False,483,508.94690788502635,-5.098156110791793,-0.011726848888055266,23.045710416625546,60,289.8,11.497321777190244,179,-6.5636101120471375
2789,mixtura,packing_A,T10,largo,29,G4,9.069986117675327,0.7883523884755901,0.8004803930725636,False,483,508.94690788502635,-5.098156110791793,-0.011726848888055266,23.045710416625546,60,289.8,11.497321777190244,180,-6.555854657342192
2789,mixtura,packing_A,T10,largo,29,G4,9.069986117675327,0.7883523884755901,0.8004803930725636,False,483,508.94690788502635,-5.098156110791793,-0.011726848888055266,23.045710416625546,60,289.8,11.497321777190244,181,-6.583972050263874
2789,mixtura,packing_A,T10,largo,29,G4,9.069986117675327,0.7883523884755901,0.8004803930725636,False,483,508.94690788502635,-5.098156110791793,-0.011726848888055266,23.045710416625546,60,289.8,11.497321777190244,182,-6.4117623557183085
2789,mixtura,packing_A,T10,largo,29,G4,9.069986117675327,0.7883523884755901,0.8004803930725636,False,483,508.94690788502635,-5.098156110791793,-0.011726848888055266,23.045710416625546,60,289.8,11.497321777190244,183,-6.478817625626733
2789,mixtura,packing_A,T10,largo,29,G4,9.069986117675327,0.7883523884755901,0.8004803930725636,False,483,508.94690788502635,-5.098156110791793,-0.011726848888055266,23.045710416625546,60,289.8,11.497321777190244,184,-6.559548971740486
2789,mixtura,packing_A,T10,largo,29,G4,9.069986117675327,0.7883523884755901,0.8004803930725636,False,483,508.94690788502635,-5.098156110791793,-0.011726848888055266,23.045710416625546,60,289.8,11.497321777190244,185,-6.439718286129797
2789,mixtura,packing_A,T10,largo,29,G4,9.069986117675327,0.7883523884755901,0.8004803930725636,False,483,508.94690788502635,-5.098156110791793,-0.011726848888055266,23.045710416625546,60,289.8,11.497321777190244,186,-6.3651116885285495
2789,mixtura,packing_A,T10,largo,29,G4,9.069986117675327,0.7883523884755901,0.8004803930725636,False,483,508.94690788502635,-5.098156110791793,-0.011726848888055266,23.045710416625546,60,289.8,11.497321777190244,187,-6.464876081692494
2789,mixtura,packing_A,T10,largo,29,G4,9.069986117675327,0.7883523884755901,0.8004803930725636,False,483,508.94690788502635,-5.098156110791793,-0.011726848888055266,23.045710416625546,60,289.8,11.497321777190244,188,-6.404321092144871
2789,mixtura,packing_A,T10,largo,29,G4,9.069986117675327,0.7883523884755901,0.8004803930725636,False,483,508.94690788502635,-5.098156110791793,-0.011726848888055266,23.045710416625546,60,289.8,11.497321777190244,189,-6.116813920698081
2789,mixtura,packing_A,T10,largo,29,G4,9.069986117675327,0.7883523884755901,0.8004803930725636,False,483,508.94690788502635,-5.098156110791793,-0.011726848888055266,23.045710416625546,60,289.8,11.497321777190244,190,-6.219545272140163
2789,mixtura,packing_A,T10,largo,29,G4,9.069986117675327,0.7883523884755901,0.8004803930725636,False,483,508.94690788502635,-5.098156110791793,-0.011726848888055266,23.045710416625546,60,289.8,11.497321777190244,191,-6.141591812821287
2789,mixtura,packing_A,T10,largo,29,G4,9.069986117675327,0.7883523884755901,0.8004803930725636,False,483,508.94690788502635,-5.098156110791793,-0.011726848888055266,23.045710416625546,60,289.8,11.497321777190244,192,-6.207248595143801
2789,mixtura,packing_A,T10,largo,29,G4,9.069986117675327,0.7883523884755901,0.8004803930725636,False,483,508.94690788502635,-5.098156110791793,-0.011726848888055266,23.045710416625546,60,289.8,11.497321777190244,193,-6.172819110142308
2789,mixtura,packing_A,T10,largo,29,G4,9.069986117675327,0.7883523884755901,0.8004803930725636,False,483,508.94690788502635,-5.098156110791793,-0.011726848888055266,23.045710416625546,60,289.8,11.497321777190244,194,-6.217337169164027
2789,mixtura,packing_A,T10,largo,29,G4,9.069986117675327,0.7883523884755901,0.8004803930725636,False,483,508.94690788502635,-5.098156110791793,-0.011726848888055266,23.045710416625546,60,289.8,11.497321777190244,195,-6.007852008182603
2789,mixtura,packing_A,T10,largo,29,G4,9.069986117675327,0.7883523884755901,0.8004803930725636,False,483,508.94690788502635,-5.098156110791793,-0.011726848888055266,23.045710416625546,60,289.8,11.497321777190244,196,-6.015143351013236
2789,mixtura,packing_A,T10,largo,29,G4,9.069986117675327,0.7883523884755901,0.8004803930725636,False,483,508.94690788502635,-5.098156110791793,-0.011726848888055266,23.045710416625546,60,289.8,11.497321777190244,197,-5.983300933178636
2789,mixtura,packing_A,T10,largo,29,G4,9.069986117675327,0.7883523884755901,0.8004803930725636,False,483,508.94690788502635,-5.098156110791793,-0.011726848888055266,23.045710416625546,60,289.8,11.497321777190244,198,-5.863452613982973
2789,mixtura,packing_A,T10,largo,29,G4,9.069986117675327,0.7883523884755901,0.8004803930725636,False,483,508.94690788502635,-5.098156110791793,-0.011726848888055266,23.045710416625546,60,289.8,11.497321777190244,199,-5.8750265227711305
2789,mixtura,packing_A,T10,largo,29,G4,9.069986117675327,0.7883523884755901,0.8004803930725636,False,483,508.94690788502635,-5.098156110791793,-0.011726848888055266,23.045710416625546,60,289.8,11.497321777190244,200,-5.979101185686294
2789,mixtura,packing_A,T10,largo,29,G4,9.069986117675327,0.7883523884755901,0.8004803930725636,False,483,508.94690788502635,-5.098156110791793,-0.011726848888055266,23.045710416625546,60,289.8,11.497321777190244,201,-5.821955722114879
2789,mixtura,packing_A,T10,largo,29,G4,9.069986117675327,0.7883523884755901,0.8004803930725636,False,483,508.94690788502635,-5.098156110791793,-0.011726848888055266,23.045710416625546,60,289.8,11.497321777190244,202,-5.853321944155956
2789,mixtura,packing_A,T10,largo,29,G4,9.069986117675327,0.7883523884755901,0.8004803930725636,False,483,508.94690788502635,-5.098156110791793,-0.011726848888055266,23.045710416625546,60,289.8,11.497321777190244,203,-5.717630883184726
2789,mixtura,packing_A,T10,largo,29,G4,9.069986117675327,0.7883523884755901,0.8004803930725636,False,483,508.94690788502635,-5.098156110791793,-0.011726848888055266,23.045710416625546,60,289.8,11.497321777190244,204,-5.5128940063612175
2789,mixtura,packing_A,T10,largo,29,G4,9.069986117675327,0.7883523884755901,0.8004803930725636,False,483,508.94690788502635,-5.098156110791793,-0.011726848888055266,23.045710416625546,60,289.8,11.497321777190244,205,-5.523786197806717
2789,mixtura,packing_A,T10,largo,29,G4,9.069986117675327,0.7883523884755901,0.8004803930725636,False,483,508.94690788502635,-5.098156110791793,-0.011726848888055266,23.045710416625546,60,289.8,11.497321777190244,206,-5.4117862974424416
2789,mixtura,packing_A,T10,largo,29,G4,9.069986117675327,0.7883523884755901,0.8004803930725636,False,483,508.94690788502635,-5.098156110791793,-0.011726848888055266,23.045710416625546,60,289.8,11.497321777190244,207,-5.4074493616960915
2789,mixtura,packing_A,T10,largo,29,G4,9.069986117675327,0.7883523884755901,0.8004803930725636,False,483,508.94690788502635,-5.098156110791793,-0.011726848888055266,23.045710416625546,60,289.8,11.497321777190244,208,-5.506025138063641
2789,mixtura,packing_A,T10,largo,29,G4,9.069986117675327,0.7883523884755901,0.8004803930725636,False,483,508.94690788502635,-5.098156110791793,-0.011726848888055266,23.045710416625546,60,289.8,11.497321777190244,209,-5.311615373219384
2789,mixtura,packing_A,T10,largo,29,G4,9.069986117675327,0.7883523884755901,0.8004803930725636,False,483,508.94690788502635,-5.098156110791793,-0.011726848888055266,23.045710416625546,60,289.8,11.497321777190244,210,-5.493769206506857
2789,mixtura,packing_A,T10,largo,29,G4,9.069986117675327,0.7883523884755901,0.8004803930725636,False,483,508.94690788502635,-5.098156110791793,-0.011726848888055266,23.045710416625546,60,289.8,11.497321777190244,211,-5.298879430761044
2789,mixtura,packing_A,T10,largo,29,G4,9.069986117675327,0.7883523884755901,0.8004803930725636,False,483,508.94690788502635,-5.098156110791793,-0.011726848888055266,23.045710416625546,60,289.8,11.497321777190244,212,-5.053181309141849
2789,mixtura,packing_A,T10,largo,29,G4,9.069986117675327,0.7883523884755901,0.8004803930725636,False,483,508.94690788502635,-5.098156110791793,-0.011726848888055266,23.045710416625546,60,289.8,11.497321777190244,213,-5.032567978706258
2789,mixtura,packing_A,T10,largo,29,G4,9.069986117675327,0.7883523884755901,0.8004803930725636,False,483,508.94690788502635,-5.098156110791793,-0.011726848888055266,23.045710416625546,60,289.8,11.497321777190244,214,-4.908071564147889
2789,mixtura,packing_A,T10,largo,29,G4,9.069986117675327,0.7883523884755901,0.8004803930725636,False,483,508.94690788502635,-5.098156110791793,-0.011726848888055266,23.045710416625546,60,289.8,11.497321777190244,215,-5.054675518949714
2789,mixtura,packing_A,T10,largo,29,G4,9.069986117675327,0.7883523884755901,0.8004803930725636,False,483,508.94690788502635,-5.098156110791793,-0.011726848888055266,23.045710416625546,60,289.8,11.497321777190244,216,-5.029195306229006
2789,mixtura,packing_A,T10,largo,29,G4,9.069986117675327,0.7883523884755901,0.8004803930725636,False,483,508.94690788502635,-5.098156110791793,-0.011726848888055266,23.045710416625546,60,289.8,11.497321777190244,217,-4.822593218166302
2789,mixtura,packing_A,T10,largo,29,G4,9.069986117675327,0.7883523884755901,0.8004803930725636,False,483,508.94690788502635,-5.098156110791793,-0.011726848888055266,23.045710416625546,60,289.8,11.497321777190244,218,-4.692279886323843
2789,mixtura,packing_A,T10,largo,29,G4,9.069986117675327,0.7883523884755901,0.8004803930725636,False,483,508.94690788502635,-5.098156110791793,-0.011726848888055266,23.045710416625546,60,289.8,11.497321777190244,219,-4.69273118170613
2789,mixtura,packing_A,T10,largo,29,G4,9.069986117675327,0.7883523884755901,0.8004803930725636,False,483,508.94690788502635,-5.098156110791793,-0.011726848888055266,23.045710416625546,60,289.8,11.497321777190244,220,-4.652846110325143
2789,mixtura,packing_A,T10,largo,29,G4,9.069986117675327,0.7883523884755901,0.8004803930725636,False,483,508.94690788502635,-5.098156110791793,-0.011726848888055266,23.045710416625546,60,289.8,11.497321777190244,221,-4.438328711292157
2789,mixtura,packing_A,T10,largo,29,G4,9.069986117675327,0.7883523884755901,0.8004803930725636,False,483,508.94690788502635,-5.098156110791793,-0.011726848888055266,23.045710416625546,60,289.8,11.497321777190244,222,-4.454738456876661
2789,mixtura,packing_A,T10,largo,29,G4,9.069986117675327,0.7883523884755901,0.8004803930725636,False,483,508.94690788502635,-5.098156110791793,-0.011726848888055266,23.045710416625546,60,289.8,11.497321777190244,223,-4.446320508273067
2789,mixtura,packing_A,T10,largo,29,G4,9.069986117675327,0.7883523884755901,0.8004803930725636,False,483,508.94690788502635,-5.098156110791793,-0.011726848888055266,23.045710416625546,60,289.8,11.497321777190244,224,-4.38103625612757
2789,mixtura,packing_A,T10,largo,29,G4,9.069986117675327,0.7883523884755901,0.8004803930725636,False,483,508.94690788502635,-5.098156110791793,-0.011726848888055266,23.045710416625546,60,289.8,11.497321777190244,225,-4.235449109932677
2789,mixtura,packing_A,T10,largo,29,G4,9.069986117675327,0.7883523884755901,0.8004803930725636,False,483,508.94690788502635,-5.098156110791793,-0.011726848888055266,23.045710416625546,60,289.8,11.497321777190244,226,-4.220451920894813
2789,mixtura,packing_A,T10,largo,29,G4,9.069986117675327,0.7883523884755901,0.8004803930725636,False,483,508.94690788502635,-5.098156110791793,-0.011726848888055266,23.045710416625546,60,289.8,11.497321777190244,227,-4.090790397215883
2789,mixtura,packing_A,T10,largo,29,G4,9.069986117675327,0.7883523884755901,0.8004803930725636,False,483,508.94690788502635,-5.098156110791793,-0.011726848888055266,23.045710416625546,60,289.8,11.497321777190244,228,-4.216413649883236
2789,mixtura,packing_A,T10,largo,29,G4,9.069986117675327,0.7883523884755901,0.8004803930725636,False,483,508.94690788502635,-5.098156110791793,-0.011726848888055266,23.045710416625546,60,289.8,11.497321777190244,229,-3.9947929285663655
2789,mixtura,packing_A,T10,largo,29,G4,9.069986117675327,0.7883523884755901,0.8004803930725636,False,483,508.94690788502635,-5.098156110791793,-0.011726848888055266,23.045710416625546,60,289.8,11.497321777190244,230,-3.7954555843064575
2789,mixtura,packing_A,T10,largo,29,G4,9.069986117675327,0.7883523884755901,0.8004803930725636,False,483,508.94690788502635,-5.098156110791793,-0.011726848888055266,23.045710416625546,60,289.8,11.497321777190244,231,-3.9398600883388997
2789,mixtura,packing_A,T10,largo,29,G4,9.069986117675327,0.7883523884755901,0.8004803930725636,False,483,508.94690788502635,-5.098156110791793,-0.011726848888055266,23.045710416625546,60,289.8,11.497321777190244,232,-3.6054278123061305
2789,mixtura,packing_A,T10,largo,29,G4,9.069986117675327,0.7883523884755901,0.8004803930725636,False,483,508.94690788502635,-5.098156110791793,-0.011726848888055266,23.045710416625546,60,289.8,11.497321777190244,233,-3.828538621425608
2789,mixtura,packing_A,T10,largo,29,G4,9.069986117675327,0.7883523884755901,0.8004803930725636,False,483,508.94690788502635,-5.098156110791793,-0.011726848888055266,23.045710416625546,60,289.8,11.497321777190244,234,-3.517944070874028
2789,mixtura,packing_A,T10,largo,29,G4,9.069986117675327,0.7883523884755901,0.8004803930725636,False,483,508.94690788502635,-5.098156110791793,-0.011726848888055266,23.045710416625546,60,289.8,11.497321777190244,235,-3.5780939646367953
2789,mixtura,packing_A,T10,largo,29,G4,9.069986117675327,0.7883523884755901,0.8004803930725636,False,483,508.94690788502635,-5.098156110791793,-0.011726848888055266,23.045710416625546,60,289.8,11.497321777190244,236,-3.5738280930435242
2789,mixtura,packing_A,T10,largo,29,G4,9.069986117675327,0.7883523884755901,0.8004803930725636,False,483,508.94690788502635,-5.098156110791793,-0.011726848888055266,23.045710416625546,60,289.8,11.497321777190244,237,-3.549596702777343
2789,mixtura,packing_A,T10,largo,29,G4,9.069986117675327,0.7883523884755901,0.8004803930725636,False,483,508.94690788502635,-5.098156110791793,-0.011726848888055266,23.045710416625546,60,289.8,11.497321777190244,238,-3.4169270533199745
2789,mixtura,packing_A,T10,largo,29,G4,9.069986117675327,0.7883523884755901,0.8004803930725636,False,483,508.94690788502635,-5.098156110791793,-0.011726848888055266,23.045710416625546,60,289.8,11.497321777190244,239,-3.413171609456343
2789,mixtura,packing_A,T10,largo,29,G4,9.069986117675327,0.7883523884755901,0.8004803930725636,False,483,508.94690788502635,-5.098156110791793,-0.011726848888055266,23.045710416625546,60,289.8,11.497321777190244,240,-3.383979336670891
2789,mixtura,packing_A,T10,largo,29,G4,9.069986117675327,0.7883523884755901,0.8004803930725636,False,483,508.94690788502635,-5.098156110791793,-0.011726848888055266,23.045710416625546,60,289.8,11.497321777190244,241,-3.019605321282874
2789,mixtura,packing_A,T10,largo,29,G4,9.069986117675327,0.7883523884755901,0.8004803930725636,False,483,508.94690788502635,-5.098156110791793,-0.011726848888055266,23.045710416625546,60,289.8,11.497321777190244,242,-3.015885108878374
2789,mixtura,packing_A,T10,largo,29,G4,9.069986117675327,0.7883523884755901,0.8004803930725636,False,483,508.94690788502635,-5.098156110791793,-0.011726848888055266,23.045710416625546,60,289.8,11.497321777190244,243,-2.9064440021883358
2789,mixtura,packing_A,T10,largo,29,G4,9.069986117675327,0.7883523884755901,0.8004803930725636,False,483,508.94690788502635,-5.098156110791793,-0.011726848888055266,23.045710416625546,60,289.8,11.497321777190244,244,-3.0009562574358166
2789,mixtura,packing_A,T10,largo,29,G4,9.069986117675327,0.7883523884755901,0.8004803930725636,False,483,508.94690788502635,-5.098156110791793,-0.011726848888055266,23.045710416625546,60,289.8,11.497321777190244,245,-2.9728909449613443
2789,mixtura,packing_A,T10,largo,29,G4,9.069986117675327,0.7883523884755901,0.8004803930725636,False,483,508.94690788502635,-5.098156110791793,-0.011726848888055266,23.045710416625546,60,289.8,11.497321777190244,246,-2.7782785226672964
2789,mixtura,packing_A,T10,largo,29,G4,9.069986117675327,0.7883523884755901,0.8004803930725636,False,483,508.94690788502635,-5.098156110791793,-0.011726848888055266,23.045710416625546,60,289.8,11.497321777190244,247,-2.71402088020952
2789,mixtura,packing_A,T10,largo,29,G4,9.069986117675327,0.7883523884755901,0.8004803930725636,False,483,508.94690788502635,-5.098156110791793,-0.011726848888055266,23.045710416625546,60,289.8,11.497321777190244,248,-2.652255738067785
2789,mixtura,packing_A,T10,largo,29,G4,9.069986117675327,0.7883523884755901,0.8004803930725636,False,483,508.94690788502635,-5.098156110791793,-0.011726848888055266,23.045710416625546,60,289.8,11.497321777190244,249,-2.5830662409180882
2789,mixtura,packing_A,T10,largo,29,G4,9.069986117675327,0.7883523884755901,0.8004803930725636,False,483,508.94690788502635,-5.098156110791793,-0.011726848888055266,23.045710416625546,60,289.8,11.497321777190244,250,-2.5686869201381217
2789,mixtura,packing_A,T10,largo,29,G4,9.069986117675327,0.7883523884755901,0.8004803930725636,False,483,508.94690788502635,-5.098156110791793,-0.011726848888055266,23.045710416625546,60,289.8,11.497321777190244,251,-2.367541238556249
2789,mixtura,packing_A,T10,largo,29,G4,9.069986117675327,0.7883523884755901,0.8004803930725636,False,483,508.94690788502635,-5.098156110791793,-0.011726848888055266,23.045710416625546,60,289.8,11.497321777190244,252,-2.2540876842591655
2789,mixtura,packing_A,T10,largo,29,G4,9.069986117675327,0.7883523884755901,0.8004803930725636,False,483,508.94690788502635,-5.098156110791793,-0.011726848888055266,23.045710416625546,60,289.8,11.497321777190244,253,-2.3962337615654357
2789,mixtura,packing_A,T10,largo,29,G4,9.069986117675327,0.7883523884755901,0.8004803930725636,False,483,508.94690788502635,-5.098156110791793,-0.011726848888055266,23.045710416625546,60,289.8,11.497321777190244,254,-2.105318508570275
2789,mixtura,packing_A,T10,largo,29,G4,9.069986117675327,0.7883523884755901,0.8004803930725636,False,483,508.94690788502635,-5.098156110791793,-0.011726848888055266,23.045710416625546,60,289.8,11.497321777190244,255,-2.1295452666114913
2789,mixtura,packing_A,T10,largo,29,G4,9.069986117675327,0.7883523884755901,0.8004803930725636,False,483,508.94690788502635,-5.098156110791793,-0.011726848888055266,23.045710416625546,60,289.8,11.497321777190244,256,-2.0654100877149784
2789,mixtura,packing_A,T10,largo,29,G4,9.069986117675327,0.7883523884755901,0.8004803930725636,False,483,508.94690788502635,-5.098156110791793,-0.011726848888055266,23.045710416625546,60,289.8,11.497321777190244,257,-1.9132581688505024
2789,mixtura,packing_A,T10,largo,29,G4,9.069986117675327,0.7883523884755901,0.8004803930725636,False,483,508.94690788502635,-5.098156110791793,-0.011726848888055266,23.045710416625546,60,289.8,11.497321777190244,258,-1.8065397329093391
2789,mixtura,packing_A,T10,largo,29,G4,9.069986117675327,0.7883523884755901,0.8004803930725636,False,483,508.94690788502635,-5.098156110791793,-0.011726848888055266,23.045710416625546,60,289.8,11.497321777190244,259,-1.8584768853598042
2789,mixtura,packing_A,T10,largo,29,G4,9.069986117675327,0.7883523884755901,0.8004803930725636,False,483,508.94690788502635,-5.098156110791793,-0.011726848888055266,23.045710416625546,60,289.8,11.497321777190244,260,-1.8818271964436777
2789,mixtura,packing_A,T10,largo,29,G4,9.069986117675327,0.7883523884755901,0.8004803930725636,False,483,508.94690788502635,-5.098156110791793,-0.011726848888055266,23.045710416625546,60,289.8,11.497321777190244,261,-1.7702805348717703
2789,mixtura,packing_A,T10,largo,29,G4,9.069986117675327,0.7883523884755901,0.8004803930725636,False,483,508.94690788502635,-5.098156110791793,-0.011726848888055266,23.045710416625546,60,289.8,11.497321777190244,262,-1.7677529616391
2789,mixtura,packing_A,T10,largo,29,G4,9.069986117675327,0.7883523884755901,0.8004803930725636,False,483,508.94690788502635,-5.098156110791793,-0.011726848888055266,23.045710416625546,60,289.8,11.497321777190244,263,-1.6214257348296346
2789,mixtura,packing_A,T10,largo,29,G4,9.069986117675327,0.7883523884755901,0.8004803930725636,False,483,508.94690788502635,-5.098156110791793,-0.011726848888055266,23.045710416625546,60,289.8,11.497321777190244,264,-1.5990092261408755
2789,mixtura,packing_A,T10,largo,29,G4,9.069986117675327,0.7883523884755901,0.8004803930725636,False,483,508.94690788502635,-5.098156110791793,-0.011726848888055266,23.045710416625546,60,289.8,11.497321777190244,265,-1.3144148928010262
2789,mixtura,packing_A,T10,largo,29,G4,9.069986117675327,0.7883523884755901,0.8004803930725636,False,483,508.94690788502635,-5.098156110791793,-0.011726848888055266,23.045710416625546,60,289.8,11.497321777190244,266,-1.3276648795971862
2789,mixtura,packing_A,T10,largo,29,G4,9.069986117675327,0.7883523884755901,0.8004803930725636,False,483,508.94690788502635,-5.098156110791793,-0.011726848888055266,23.045710416625546,60,289.8,11.497321777190244,267,-1.327961074201854
2789,mixtura,packing_A,T10,largo,29,G4,9.069986117675327,0.7883523884755901,0.8004803930725636,False,483,508.94690788502635,-5.098156110791793,-0.011726848888055266,23.045710416625546,60,289.8,11.497321777190244,268,-1.1594792792314021
2789,mixtura,packing_A,T10,largo,29,G4,9.069986117675327,0.7883523884755901,0.8004803930725636,False,483,508.94690788502635,-5.098156110791793,-0.011726848888055266,23.045710416625546,60,289.8,11.497321777190244,269,-1.3676448367866543
2789,mixtura,packing_A,T10,largo,29,G4,9.069986117675327,0.7883523884755901,0.8004803930725636,False,483,508.94690788502635,-5.098156110791793,-0.011726848888055266,23.045710416625546,60,289.8,11.497321777190244,270,-1.0341934632082666
2789,mixtura,packing_A,T10,largo,29,G4,9.069986117675327,0.7883523884755901,0.8004803930725636,False,483,508.94690788502635,-5.098156110791793,-0.011726848888055266,23.045710416625546,60,289.8,11.497321777190244,271,-1.2742429222317502
2789,mixtura,packing_A,T10,largo,29,G4,9.069986117675327,0.7883523884755901,0.8004803930725636,False,483,508.94690788502635,-5.098156110791793,-0.011726848888055266,23.045710416625546,60,289.8,11.497321777190244,272,-1.089864255011582
2789,mixtura,packing_A,T10,largo,29,G4,9.069986117675327,0.7883523884755901,0.8004803930725636,False,483,508.94690788502635,-5.098156110791793,-0.011726848888055266,23.045710416625546,60,289.8,11.497321777190244,273,-1.0625199156203695
2789,mixtura,packing_A,T10,largo,29,G4,9.069986117675327,0.7883523884755901,0.8004803930725636,False,483,508.94690788502635,-5.098156110791793,-0.011726848888055266,23.045710416625546,60,289.8,11.497321777190244,274,-0.8801155630045348
2789,mixtura,packing_A,T10,largo,29,G4,9.069986117675327,0.7883523884755901,0.8004803930725636,False,483,508.94690788502635,-5.098156110791793,-0.011726848888055266,23.045710416625546,60,289.8,11.497321777190244,275,-0.9475986474472438
2789,mixtura,packing_A,T10,largo,29,G4,9.069986117675327,0.7883523884755901,0.8004803930725636,False,483,508.94690788502635,-5.098156110791793,-0.011726848888055266,23.045710416625546,60,289.8,11.497321777190244,276,-0.8327187426009113
2789,mixtura,packing_A,T10,largo,29,G4,9.069986117675327,0.7883523884755901,0.8004803930725636,False,483,508.94690788502635,-5.098156110791793,-0.011726848888055266,23.045710416625546,60,289.8,11.497321777190244,277,-0.8268564487721307
2789,mixtura,packing_A,T10,largo,29,G4,9.069986117675327,0.7883523884755901,0.8004803930725636,False,483,508.94690788502635,-5.098156110791793,-0.011726848888055266,23.045710416625546,60,289.8,11.497321777190244,278,-0.6162893224357818
2789,mixtura,packing_A,T10,largo,29,G4,9.069986117675327,0.7883523884755901,0.8004803930725636,False,483,508.94690788502635,-5.098156110791793,-0.011726848888055266,23.045710416625546,60,289.8,11.497321777190244,279,-0.7993622787804875
2789,mixtura,packing_A,T10,largo,29,G4,9.069986117675327,0.7883523884755901,0.8004803930725636,False,483,508.94690788502635,-5.098156110791793,-0.011726848888055266,23.045710416625546,60,289.8,11.497321777190244,280,-0.6755980656224038
2789,mixtura,packing_A,T10,largo,29,G4,9.069986117675327,0.7883523884755901,0.8004803930725636,False,483,508.94690788502635,-5.098156110791793,-0.011726848888055266,23.045710416625546,60,289.8,11.497321777190244,281,-0.5895000905920819
2789,mixtura,packing_A,T10,largo,29,G4,9.069986117675327,0.7883523884755901,0.8004803930725636,False,483,508.94690788502635,-5.098156110791793,-0.011726848888055266,23.045710416625546,60,289.8,11.497321777190244,282,-0.4639030237964613
2789,mixtura,packing_A,T10,largo,29,G4,9.069986117675327,0.7883523884755901,0.8004803930725636,False,483,508.94690788502635,-5.098156110791793,-0.011726848888055266,23.045710416625546,60,289.8,11.497321777190244,283,-0.5360919597131307
2789,mixtura,packing_A,T10,largo,29,G4,9.069986117675327,0.7883523884755901,0.8004803930725636,False,483,508.94690788502635,-5.098156110791793,-0.011726848888055266,23.045710416625546,60,289.8,11.497321777190244,284,-0.3902567662932656
2789,mixtura,packing_A,T10,largo,29,G4,9.069986117675327,0.7883523884755901,0.8004803930725636,False,483,508.94690788502635,-5.098156110791793,-0.011726848888055266,23.045710416625546,60,289.8,11.497321777190244,285,-0.4189291289074631
2789,mixtura,packing_A,T10,largo,29,G4,9.069986117675327,0.7883523884755901,0.8004803930725636,False,483,508.94690788502635,-5.098156110791793,-0.011726848888055266,23.045710416625546,60,289.8,11.497321777190244,286,-0.14766988218176474
2789,mixtura,packing_A,T10,largo,29,G4,9.069986117675327,0.7883523884755901,0.8004803930725636,False,483,508.94690788502635,-5.098156110791793,-0.011726848888055266,23.045710416625546,60,289.8,11.497321777190244,287,-0.13332836250340244
2789,mixtura,packing_A,T10,largo,29,G4,9.069986117675327,0.7883523884755901,0.8004803930725636,False,483,508.94690788502635,-5.098156110791793,-0.011726848888055266,23.045710416625546,60,289.8,11.497321777190244,288,-0.1815486329114848
2789,mixtura,packing_A,T10,largo,29,G4,9.069986117675327,0.7883523884755901,0.8004803930725636,False,483,508.94690788502635,-5.098156110791793,-0.011726848888055266,23.045710416625546,60,289.8,11.497321777190244,289,-0.12760886829221452
2789,mixtura,packing_A,T10,largo,29,G4,9.069986117675327,0.7883523884755901,0.8004803930725636,False,483,508.94690788502635,-5.098156110791793,-0.011726848888055266,23.045710416625546,60,289.8,11.497321777190244,290,-0.49747990375079365
2789,mixtura,packing_A,T10,largo,29,G4,9.069986117675327,0.7883523884755901,0.8004803930725636,False,483,508.94690788502635,-5.098156110791793,-0.011726848888055266,23.045710416625546,60,289.8,11.497321777190244,291,-0.3690204884989352
2789,mixtura,packing_A,T10,largo,29,G4,9.069986117675327,0.7883523884755901,0.8004803930725636,False,483,508.94690788502635,-5.098156110791793,-0.011726848888055266,23.045710416625546,60,289.8,11.497321777190244,292,-0.6694343206588433
2789,mixtura,packing_A,T10,largo,29,G4,9.069986117675327,0.7883523884755901,0.8004803930725636,False,483,508.94690788502635,-5.098156110791793,-0.011726848888055266,23.045710416625546,60,289.8,11.497321777190244,293,-0.6549051086751185
2789,mixtura,packing_A,T10,largo,29,G4,9.069986117675327,0.7883523884755901,0.8004803930725636,False,483,508.94690788502635,-5.098156110791793,-0.011726848888055266,23.045710416625546,60,289.8,11.497321777190244,294,-0.4724992242143666
2789,mixtura,packing_A,T10,largo,29,G4,9.069986117675327,0.7883523884755901,0.8004803930725636,False,483,508.94690788502635,-5.098156110791793,-0.011726848888055266,23.045710416625546,60,289.8,11.497321777190244,295,-0.46308542609212594
2789,mixtura,packing_A,T10,largo,29,G4,9.069986117675327,0.7883523884755901,0.8004803930725636,False,483,508.94690788502635,-5.098156110791793,-0.011726848888055266,23.045710416625546,60,289.8,11.497321777190244,296,-0.4351205893729738
2789,mixtura,packing_A,T10,largo,29,G4,9.069986117675327,0.7883523884755901,0.8004803930725636,False,483,508.94690788502635,-5.098156110791793,-0.011726848888055266,23.045710416625546,60,289.8,11.497321777190244,297,-0.3846076314085418
2789,mixtura,packing_A,T10,largo,29,G4,9.069986117675327,0.7883523884755901,0.8004803930725636,False,483,508.94690788502635,-5.098156110791793,-0.011726848888055266,23.045710416625546,60,289.8,11.497321777190244,298,-0.2671490754038323
2789,mixtura,packing_A,T10,largo,29,G4,9.069986117675327,0.7883523884755901,0.8004803930725636,False,483,508.94690788502635,-5.098156110791793,-0.011726848888055266,23.045710416625546,60,289.8,11.497321777190244,299,-0.19929300146149131
2789,mixtura,packing_A,T10,largo,29,G4,9.069986117675327,0.7883523884755901,0.8004803930725636,False,483,508.94690788502635,-5.098156110791793,-0.011726848888055266,23.045710416625546,60,289.8,11.497321777190244,300,-0.10740371314933579
2789,mixtura,packing_A,T10,largo,29,G4,9.069986117675327,0.7883523884755901,0.8004803930725636,False,483,508.94690788502635,-5.098156110791793,-0.011726848888055266,23.045710416625546,60,289.8,11.497321777190244,301,0.1035911448683898
2789,mixtura,packing_A,T10,largo,29,G4,9.069986117675327,0.7883523884755901,0.8004803930725636,False,483,508.94690788502635,-5.098156110791793,-0.011726848888055266,23.045710416625546,60,289.8,11.497321777190244,302,0.1670870432503179
2789,mixtura,packing_A,T10,largo,29,G4,9.069986117675327,0.7883523884755901,0.8004803930725636,False,483,508.94690788502635,-5.098156110791793,-0.011726848888055266,23.045710416625546,60,289.8,11.497321777190244,303,0.26565170053073683
2789,mixtura,packing_A,T10,largo,29,G4,9.069986117675327,0.7883523884755901,0.8004803930725636,False,483,508.94690788502635,-5.098156110791793,-0.011726848888055266,23.045710416625546,60,289.8,11.497321777190244,304,0.24411033372507557
2789,mixtura,packing_A,T10,largo,29,G4,9.069986117675327,0.7883523884755901,0.8004803930725636,False,483,508.94690788502635,-5.098156110791793,-0.011726848888055266,23.045710416625546,60,289.8,11.497321777190244,305,0.335251762157081
2789,mixtura,packing_A,T10,largo,29,G4,9.069986117675327,0.7883523884755901,0.8004803930725636,False,483,508.94690788502635,-5.098156110791793,-0.011726848888055266,23.045710416625546,60,289.8,11.497321777190244,306,0.4185001924418301
2789,mixtura,packing_A,T10,largo,29,G4,9.069986117675327,0.7883523884755901,0.8004803930725636,False,483,508.94690788502635,-5.098156110791793,-0.011726848888055266,23.045710416625546,60,289.8,11.497321777190244,307,0.28706684782453373
2789,mixtura,packing_A,T10,largo,29,G4,9.069986117675327,0.7883523884755901,0.8004803930725636,False,483,508.94690788502635,-5.098156110791793,-0.011726848888055266,23.045710416625546,60,289.8,11.497321777190244,308,0.4831746463471482
2789,mixtura,packing_A,T10,largo,29,G4,9.069986117675327,0.7883523884755901,0.8004803930725636,False,483,508.94690788502635,-5.098156110791793,-0.011726848888055266,23.045710416625546,60,289.8,11.497321777190244,309,0.41955436109332794
2789,mixtura,packing_A,T10,largo,29,G4,9.069986117675327,0.7883523884755901,0.8004803930725636,False,483,508.94690788502635,-5.098156110791793,-0.011726848888055266,23.045710416625546,60,289.8,11.497321777190244,310,0.37536695993568964
2789,mixtura,packing_A,T10,largo,29,G4,9.069986117675327,0.7883523884755901,0.8004803930725636,False,483,508.94690788502635,-5.098156110791793,-0.011726848888055266,23.045710416625546,60,289.8,11.497321777190244,311,0.30943019054474336
2789,mixtura,packing_A,T10,largo,29,G4,9.069986117675327,0.7883523884755901,0.8004803930725636,False,483,508.94690788502635,-5.098156110791793,-0.011726848888055266,23.045710416625546,60,289.8,11.497321777190244,312,0.09576089552407532
2789,mixtura,packing_A,T10,largo,29,G4,9.069986117675327,0.7883523884755901,0.8004803930725636,False,483,508.94690788502635,-5.098156110791793,-0.011726848888055266,23.045710416625546,60,289.8,11.497321777190244,313,0.07936475162883623
2789,mixtura,packing_A,T10,largo,29,G4,9.069986117675327,0.7883523884755901,0.8004803930725636,False,483,508.94690788502635,-5.098156110791793,-0.011726848888055266,23.045710416625546,60,289.8,11.497321777190244,314,0.17475067064732253
2789,mixtura,packing_A,T10,largo,29,G4,9.069986117675327,0.7883523884755901,0.8004803930725636,False,483,508.94690788502635,-5.098156110791793,-0.011726848888055266,23.045710416625546,60,289.8,11.497321777190244,315,-0.14328377092104852
2789,mixtura,packing_A,T10,largo,29,G4,9.069986117675327,0.7883523884755901,0.8004803930725636,False,483,508.94690788502635,-5.098156110791793,-0.011726848888055266,23.045710416625546,60,289.8,11.497321777190244,316,0.005024672923183843
2789,mixtura,packing_A,T10,largo,29,G4,9.069986117675327,0.7883523884755901,0.8004803930725636,False,483,508.94690788502635,-5.098156110791793,-0.011726848888055266,23.045710416625546,60,289.8,11.497321777190244,317,-0.014828560466472795
2789,mixtura,packing_A,T10,largo,29,G4,9.069986117675327,0.7883523884755901,0.8004803930725636,False,483,508.94690788502635,-5.098156110791793,-0.011726848888055266,23.045710416625546,60,289.8,11.497321777190244,318,-0.11904293530304236
2789,mixtura,packing_A,T10,largo,29,G4,9.069986117675327,0.7883523884755901,0.8004803930725636,False,483,508.94690788502635,-5.098156110791793,-0.011726848888055266,23.045710416625546,60,289.8,11.497321777190244,319,-0.46459805133779586
2789,mixtura,packing_A,T10,largo,29,G4,9.069986117675327,0.7883523884755901,0.8004803930725636,False,483,508.94690788502635,-5.098156110791793,-0.011726848888055266,23.045710416625546,60,289.8,11.497321777190244,320,-0.36467716598055966
2789,mixtura,packing_A,T10,largo,29,G4,9.069986117675327,0.7883523884755901,0.8004803930725636,False,483,508.94690788502635,-5.098156110791793,-0.011726848888055266,23.045710416625546,60,289.8,11.497321777190244,321,-0.4370908489967036
2789,mixtura,packing_A,T10,largo,29,G4,9.069986117675327,0.7883523884755901,0.8004803930725636,False,483,508.94690788502635,-5.098156110791793,-0.011726848888055266,23.045710416625546,60,289.8,11.497321777190244,322,-0.5230994489008266
2789,mixtura,packing_A,T10,largo,29,G4,9.069986117675327,0.7883523884755901,0.8004803930725636,False,483,508.94690788502635,-5.098156110791793,-0.011726848888055266,23.045710416625546,60,289.8,11.497321777190244,323,-0.5954912125515429
2789,mixtura,packing_A,T10,largo,29,G4,9.069986117675327,0.7883523884755901,0.8004803930725636,False,483,508.94690788502635,-5.098156110791793,-0.011726848888055266,23.045710416625546,60,289.8,11.497321777190244,324,-0.48114160759867936
2789,mixtura,packing_A,T10,largo,29,G4,9.069986117675327,0.7883523884755901,0.8004803930725636,False,483,508.94690788502635,-5.098156110791793,-0.011726848888055266,23.045710416625546,60,289.8,11.497321777190244,325,-0.6363815978866297
2789,mixtura,packing_A,T10,largo,29,G4,9.069986117675327,0.7883523884755901,0.8004803930725636,False,483,508.94690788502635,-5.098156110791793,-0.011726848888055266,23.045710416625546,60,289.8,11.497321777190244,326,-0.22795949820739472
2789,mixtura,packing_A,T10,largo,29,G4,9.069986117675327,0.7883523884755901,0.8004803930725636,False,483,508.94690788502635,-5.098156110791793,-0.011726848888055266,23.045710416625546,60,289.8,11.497321777190244,327,-0.248787086459473
2789,mixtura,packing_A,T10,largo,29,G4,9.069986117675327,0.7883523884755901,0.8004803930725636,False,483,508.94690788502635,-5.098156110791793,-0.011726848888055266,23.045710416625546,60,289.8,11.497321777190244,328,-0.19786878592877769
2789,mixtura,packing_A,T10,largo,29,G4,9.069986117675327,0.7883523884755901,0.8004803930725636,False,483,508.94690788502635,-5.098156110791793,-0.011726848888055266,23.045710416625546,60,289.8,11.497321777190244,329,-0.30854933055855555
2789,mixtura,packing_A,T10,largo,29,G4,9.069986117675327,0.7883523884755901,0.8004803930725636,False,483,508.94690788502635,-5.098156110791793,-0.011726848888055266,23.045710416625546,60,289.8,11.497321777190244,330,0.053030904877801884
2789,mixtura,packing_A,T10,largo,29,G4,9.069986117675327,0.7883523884755901,0.8004803930725636,False,483,508.94690788502635,-5.098156110791793,-0.011726848888055266,23.045710416625546,60,289.8,11.497321777190244,331,0.11679359026846795
2789,mixtura,packing_A,T10,largo,29,G4,9.069986117675327,0.7883523884755901,0.8004803930725636,False,483,508.94690788502635,-5.098156110791793,-0.011726848888055266,23.045710416625546,60,289.8,11.497321777190244,332,0.22325758736296586
2789,mixtura,packing_A,T10,largo,29,G4,9.069986117675327,0.7883523884755901,0.8004803930725636,False,483,508.94690788502635,-5.098156110791793,-0.011726848888055266,23.045710416625546,60,289.8,11.497321777190244,333,0.17994074941375365
2789,mixtura,packing_A,T10,largo,29,G4,9.069986117675327,0.7883523884755901,0.8004803930725636,False,483,508.94690788502635,-5.098156110791793,-0.011726848888055266,23.045710416625546,60,289.8,11.497321777190244,334,0.16458139851777348
2789,mixtura,packing_A,T10,largo,29,G4,9.069986117675327,0.7883523884755901,0.8004803930725636,False,483,508.94690788502635,-5.098156110791793,-0.011726848888055266,23.045710416625546,60,289.8,11.497321777190244,335,0.403531931044531
2789,mixtura,packing_A,T10,largo,29,G4,9.069986117675327,0.7883523884755901,0.8004803930725636,False,483,508.94690788502635,-5.098156110791793,-0.011726848888055266,23.045710416625546,60,289.8,11.497321777190244,336,0.3391631899781439
2789,mixtura,packing_A,T10,largo,29,G4,9.069986117675327,0.7883523884755901,0.8004803930725636,False,483,508.94690788502635,-5.098156110791793,-0.011726848888055266,23.045710416625546,60,289.8,11.497321777190244,337,0.3832141086777067
2789,mixtura,packing_A,T10,largo,29,G4,9.069986117675327,0.7883523884755901,0.8004803930725636,False,483,508.94690788502635,-5.098156110791793,-0.011726848888055266,23.045710416625546,60,289.8,11.497321777190244,338,0.4974504343999926
2789,mixtura,packing_A,T10,largo,29,G4,9.069986117675327,0.7883523884755901,0.8004803930725636,False,483,508.94690788502635,-5.098156110791793,-0.011726848888055266,23.045710416625546,60,289.8,11.497321777190244,339,0.4521847970072156
2789,mixtura,packing_A,T10,largo,29,G4,9.069986117675327,0.7883523884755901,0.8004803930725636,False,483,508.94690788502635,-5.098156110791793,-0.011726848888055266,23.045710416625546,60,289.8,11.497321777190244,340,0.3188323122133599
2789,mixtura,packing_A,T10,largo,29,G4,9.069986117675327,0.7883523884755901,0.8004803930725636,False,483,508.94690788502635,-5.098156110791793,-0.011726848888055266,23.045710416625546,60,289.8,11.497321777190244,341,0.31209805298115656
2789,mixtura,packing_A,T10,largo,29,G4,9.069986117675327,0.7883523884755901,0.8004803930725636,False,483,508.94690788502635,-5.098156110791793,-0.011726848888055266,23.045710416625546,60,289.8,11.497321777190244,342,0.39132687402080096
2789,mixtura,packing_A,T10,largo,29,G4,9.069986117675327,0.7883523884755901,0.8004803930725636,False,483,508.94690788502635,-5.098156110791793,-0.011726848888055266,23.045710416625546,60,289.8,11.497321777190244,343,-0.07574484053200592
2789,mixtura,packing_A,T10,largo,29,G4,9.069986117675327,0.7883523884755901,0.8004803930725636,False,483,508.94690788502635,-5.098156110791793,-0.011726848888055266,23.045710416625546,60,289.8,11.497321777190244,344,0.1228847537994001
2789,mixtura,packing_A,T10,largo,29,G4,9.069986117675327,0.7883523884755901,0.8004803930725636,False,483,508.94690788502635,-5.098156110791793,-0.011726848888055266,23.045710416625546,60,289.8,11.497321777190244,345,-0.020026976515951693
2789,mixtura,packing_A,T10,largo,29,G4,9.069986117675327,0.7883523884755901,0.8004803930725636,False,483,508.94690788502635,-5.098156110791793,-0.011726848888055266,23.045710416625546,60,289.8,11.497321777190244,346,-0.08719734173949796
2789,mixtura,packing_A,T10,largo,29,G4,9.069986117675327,0.7883523884755901,0.8004803930725636,False,483,508.94690788502635,-5.098156110791793,-0.011726848888055266,23.045710416625546,60,289.8,11.497321777190244,347,-0.12086902061753385
2789,mixtura,packing_A,T10,largo,29,G4,9.069986117675327,0.7883523884755901,0.8004803930725636,False,483,508.94690788502635,-5.098156110791793,-0.011726848888055266,23.045710416625546,60,289.8,11.497321777190244,348,-0.30531512975515973
2789,mixtura,packing_A,T10,largo,29,G4,9.069986117675327,0.7883523884755901,0.8004803930725636,False,483,508.94690788502635,-5.098156110791793,-0.011726848888055266,23.045710416625546,60,289.8,11.497321777190244,349,-0.5002922563776645
2789,mixtura,packing_A,T10,largo,29,G4,9.069986117675327,0.7883523884755901,0.8004803930725636,False,483,508.94690788502635,-5.098156110791793,-0.011726848888055266,23.045710416625546,60,289.8,11.497321777190244,350,-0.2229672623761934
2789,mixtura,packing_A,T10,largo,29,G4,9.069986117675327,0.7883523884755901,0.8004803930725636,False,483,508.94690788502635,-5.098156110791793,-0.011726848888055266,23.045710416625546,60,289.8,11.497321777190244,351,-0.4251279865746773
2789,mixtura,packing_A,T10,largo,29,G4,9.069986117675327,0.7883523884755901,0.8004803930725636,False,483,508.94690788502635,-5.098156110791793,-0.011726848888055266,23.045710416625546,60,289.8,11.497321777190244,352,-0.454092204682215
2789,mixtura,packing_A,T10,largo,29,G4,9.069986117675327,0.7883523884755901,0.8004803930725636,False,483,508.94690788502635,-5.098156110791793,-0.011726848888055266,23.045710416625546,60,289.8,11.497321777190244,353,-0.5166547500953145
2789,mixtura,packing_A,T10,largo,29,G4,9.069986117675327,0.7883523884755901,0.8004803930725636,False,483,508.94690788502635,-5.098156110791793,-0.011726848888055266,23.045710416625546,60,289.8,11.497321777190244,354,-0.4722237250874468
2789,mixtura,packing_A,T10,largo,29,G4,9.069986117675327,0.7883523884755901,0.8004803930725636,False,483,508.94690788502635,-5.098156110791793,-0.011726848888055266,23.045710416625546,60,289.8,11.497321777190244,355,-0.4431755650038373
2789,mixtura,packing_A,T10,largo,29,G4,9.069986117675327,0.7883523884755901,0.8004803930725636,False,483,508.94690788502635,-5.098156110791793,-0.011726848888055266,23.045710416625546,60,289.8,11.497321777190244,356,-0.3844555226368268
2789,mixtura,packing_A,T10,largo,29,G4,9.069986117675327,0.7883523884755901,0.8004803930725636,False,483,508.94690788502635,-5.098156110791793,-0.011726848888055266,23.045710416625546,60,289.8,11.497321777190244,357,-0.19302781237016564
2789,mixtura,packing_A,T10,largo,29,G4,9.069986117675327,0.7883523884755901,0.8004803930725636,False,483,508.94690788502635,-5.098156110791793,-0.011726848888055266,23.045710416625546,60,289.8,11.497321777190244,358,-0.13825900632551558
2789,mixtura,packing_A,T10,largo,29,G4,9.069986117675327,0.7883523884755901,0.8004803930725636,False,483,508.94690788502635,-5.098156110791793,-0.011726848888055266,23.045710416625546,60,289.8,11.497321777190244,359,-0.04093772111313482
2789,mixtura,packing_A,T10,largo,29,G4,9.069986117675327,0.7883523884755901,0.8004803930725636,False,483,508.94690788502635,-5.098156110791793,-0.011726848888055266,23.045710416625546,60,289.8,11.497321777190244,360,0.030791474967614772
2789,mixtura,packing_A,T10,largo,29,G4,9.069986117675327,0.7883523884755901,0.8004803930725636,False,483,508.94690788502635,-5.098156110791793,-0.011726848888055266,23.045710416625546,60,289.8,11.497321777190244,361,-0.08175848354673976
2789,mixtura,packing_A,T10,largo,29,G4,9.069986117675327,0.7883523884755901,0.8004803930725636,False,483,508.94690788502635,-5.098156110791793,-0.011726848888055266,23.045710416625546,60,289.8,11.497321777190244,362,0.19976425898912176
2789,mixtura,packing_A,T10,largo,29,G4,9.069986117675327,0.7883523884755901,0.8004803930725636,False,483,508.94690788502635,-5.098156110791793,-0.011726848888055266,23.045710416625546,60,289.8,11.497321777190244,363,0.28130037815268916
2789,mixtura,packing_A,T10,largo,29,G4,9.069986117675327,0.7883523884755901,0.8004803930725636,False,483,508.94690788502635,-5.098156110791793,-0.011726848888055266,23.045710416625546,60,289.8,11.497321777190244,364,0.42847325458527497
2789,mixtura,packing_A,T10,largo,29,G4,9.069986117675327,0.7883523884755901,0.8004803930725636,False,483,508.94690788502635,-5.098156110791793,-0.011726848888055266,23.045710416625546,60,289.8,11.497321777190244,365,0.6067632091932245
2789,mixtura,packing_A,T10,largo,29,G4,9.069986117675327,0.7883523884755901,0.8004803930725636,False,483,508.94690788502635,-5.098156110791793,-0.011726848888055266,23.045710416625546,60,289.8,11.497321777190244,366,0.3353918339876385
2789,mixtura,packing_A,T10,largo,29,G4,9.069986117675327,0.7883523884755901,0.8004803930725636,False,483,508.94690788502635,-5.098156110791793,-0.011726848888055266,23.045710416625546,60,289.8,11.497321777190244,367,0.4399289081232268
2789,mixtura,packing_A,T10,largo,29,G4,9.069986117675327,0.7883523884755901,0.8004803930725636,False,483,508.94690788502635,-5.098156110791793,-0.011726848888055266,23.045710416625546,60,289.8,11.497321777190244,368,0.4308093158546765
2789,mixtura,packing_A,T10,largo,29,G4,9.069986117675327,0.7883523884755901,0.8004803930725636,False,483,508.94690788502635,-5.098156110791793,-0.011726848888055266,23.045710416625546,60,289.8,11.497321777190244,369,0.3244971413938007
2789,mixtura,packing_A,T10,largo,29,G4,9.069986117675327,0.7883523884755901,0.8004803930725636,False,483,508.94690788502635,-5.098156110791793,-0.011726848888055266,23.045710416625546,60,289.8,11.497321777190244,370,0.41654575466011107
2789,mixtura,packing_A,T10,largo,29,G4,9.069986117675327,0.7883523884755901,0.8004803930725636,False,483,508.94690788502635,-5.098156110791793,-0.011726848888055266,23.045710416625546,60,289.8,11.497321777190244,371,0.43703236380887117
2789,mixtura,packing_A,T10,largo,29,G4,9.069986117675327,0.7883523884755901,0.8004803930725636,False,483,508.94690788502635,-5.098156110791793,-0.011726848888055266,23.045710416625546,60,289.8,11.497321777190244,372,0.30893350497667754
2789,mixtura,packing_A,T10,largo,29,G4,9.069986117675327,0.7883523884755901,0.8004803930725636,False,483,508.94690788502635,-5.098156110791793,-0.011726848888055266,23.045710416625546,60,289.8,11.497321777190244,373,0.003914965067218751
2789,mixtura,packing_A,T10,largo,29,G4,9.069986117675327,0.7883523884755901,0.8004803930725636,False,483,508.94690788502635,-5.098156110791793,-0.011726848888055266,23.045710416625546,60,289.8,11.497321777190244,374,0.10785287611771088
2789,mixtura,packing_A,T10,largo,29,G4,9.069986117675327,0.7883523884755901,0.8004803930725636,False,483,508.94690788502635,-5.098156110791793,-0.011726848888055266,23.045710416625546,60,289.8,11.497321777190244,375,0.17733367398166433
2789,mixtura,packing_A,T10,largo,29,G4,9.069986117675327,0.7883523884755901,0.8004803930725636,False,483,508.94690788502635,-5.098156110791793,-0.011726848888055266,23.045710416625546,60,289.8,11.497321777190244,376,-0.2286300278373885
2789,mixtura,packing_A,T10,largo,29,G4,9.069986117675327,0.7883523884755901,0.8004803930725636,False,483,508.94690788502635,-5.098156110791793,-0.011726848888055266,23.045710416625546,60,289.8,11.497321777190244,377,-0.2285935733253132
2789,mixtura,packing_A,T10,largo,29,G4,9.069986117675327,0.7883523884755901,0.8004803930725636,False,483,508.94690788502635,-5.098156110791793,-0.011726848888055266,23.045710416625546,60,289.8,11.497321777190244,378,-0.2728535564191068
2789,mixtura,packing_A,T10,largo,29,G4,9.069986117675327,0.7883523884755901,0.8004803930725636,False,483,508.94690788502635,-5.098156110791793,-0.011726848888055266,23.045710416625546,60,289.8,11.497321777190244,379,-0.25852636771548565
2789,mixtura,packing_A,T10,largo,29,G4,9.069986117675327,0.7883523884755901,0.8004803930725636,False,483,508.94690788502635,-5.098156110791793,-0.011726848888055266,23.045710416625546,60,289.8,11.497321777190244,380,-0.47737992506565147
2789,mixtura,packing_A,T10,largo,29,G4,9.069986117675327,0.7883523884755901,0.8004803930725636,False,483,508.94690788502635,-5.098156110791793,-0.011726848888055266,23.045710416625546,60,289.8,11.497321777190244,381,-0.5245071730289728
2789,mixtura,packing_A,T10,largo,29,G4,9.069986117675327,0.7883523884755901,0.8004803930725636,False,483,508.94690788502635,-5.098156110791793,-0.011726848888055266,23.045710416625546,60,289.8,11.497321777190244,382,-0.36275133115588953
2789,mixtura,packing_A,T10,largo,29,G4,9.069986117675327,0.7883523884755901,0.8004803930725636,False,483,508.94690788502635,-5.098156110791793,-0.011726848888055266,23.045710416625546,60,289.8,11.497321777190244,383,-0.464966696269079
2789,mixtura,packing_A,T10,largo,29,G4,9.069986117675327,0.7883523884755901,0.8004803930725636,False,483,508.94690788502635,-5.098156110791793,-0.011726848888055266,23.045710416625546,60,289.8,11.497321777190244,384,-0.4356931103286086
2789,mixtura,packing_A,T10,largo,29,G4,9.069986117675327,0.7883523884755901,0.8004803930725636,False,483,508.94690788502635,-5.098156110791793,-0.011726848888055266,23.045710416625546,60,289.8,11.497321777190244,385,-0.318931869437768
2789,mixtura,packing_A,T10,largo,29,G4,9.069986117675327,0.7883523884755901,0.8004803930725636,False,483,508.94690788502635,-5.098156110791793,-0.011726848888055266,23.045710416625546,60,289.8,11.497321777190244,386,-0.4813909751769233
2789,mixtura,packing_A,T10,largo,29,G4,9.069986117675327,0.7883523884755901,0.8004803930725636,False,483,508.94690788502635,-5.098156110791793,-0.011726848888055266,23.045710416625546,60,289.8,11.497321777190244,387,-0.33946013083295906
2789,mixtura,packing_A,T10,largo,29,G4,9.069986117675327,0.7883523884755901,0.8004803930725636,False,483,508.94690788502635,-5.098156110791793,-0.011726848888055266,23.045710416625546,60,289.8,11.497321777190244,388,-0.3430949736942406
2789,mixtura,packing_A,T10,largo,29,G4,9.069986117675327,0.7883523884755901,0.8004803930725636,False,483,508.94690788502635,-5.098156110791793,-0.011726848888055266,23.045710416625546,60,289.8,11.497321777190244,389,-0.16414958302681276
2789,mixtura,packing_A,T10,largo,29,G4,9.069986117675327,0.7883523884755901,0.8004803930725636,False,483,508.94690788502635,-5.098156110791793,-0.011726848888055266,23.045710416625546,60,289.8,11.497321777190244,390,0.061362319251923064
2789,mixtura,packing_A,T10,largo,29,G4,9.069986117675327,0.7883523884755901,0.8004803930725636,False,483,508.94690788502635,-5.098156110791793,-0.011726848888055266,23.045710416625546,60,289.8,11.497321777190244,391,-0.12718715904836364
2789,mixtura,packing_A,T10,largo,29,G4,9.069986117675327,0.7883523884755901,0.8004803930725636,False,483,508.94690788502635,-5.098156110791793,-0.011726848888055266,23.045710416625546,60,289.8,11.497321777190244,392,0.2453496830566596
2789,mixtura,packing_A,T10,largo,29,G4,9.069986117675327,0.7883523884755901,0.8004803930725636,False,483,508.94690788502635,-5.098156110791793,-0.011726848888055266,23.045710416625546,60,289.8,11.497321777190244,393,0.20231993491177222
2789,mixtura,packing_A,T10,largo,29,G4,9.069986117675327,0.7883523884755901,0.8004803930725636,False,483,508.94690788502635,-5.098156110791793,-0.011726848888055266,23.045710416625546,60,289.8,11.497321777190244,394,0.3688690970803418
2789,mixtura,packing_A,T10,largo,29,G4,9.069986117675327,0.7883523884755901,0.8004803930725636,False,483,508.94690788502635,-5.098156110791793,-0.011726848888055266,23.045710416625546,60,289.8,11.497321777190244,395,0.2337663958611928
2789,mixtura,packing_A,T10,largo,29,G4,9.069986117675327,0.7883523884755901,0.8004803930725636,False,483,508.94690788502635,-5.098156110791793,-0.011726848888055266,23.045710416625546,60,289.8,11.497321777190244,396,0.3753808232115216
2789,mixtura,packing_A,T10,largo,29,G4,9.069986117675327,0.7883523884755901,0.8004803930725636,False,483,508.94690788502635,-5.098156110791793,-0.011726848888055266,23.045710416625546,60,289.8,11.497321777190244,397,0.5039157901751493
2789,mixtura,packing_A,T10,largo,29,G4,9.069986117675327,0.7883523884755901,0.8004803930725636,False,483,508.94690788502635,-5.098156110791793,-0.011726848888055266,23.045710416625546,60,289.8,11.497321777190244,398,0.5336541784393007
2789,mixtura,packing_A,T10,largo,29,G4,9.069986117675327,0.7883523884755901,0.8004803930725636,False,483,508.94690788502635,-5.098156110791793,-0.011726848888055266,23.045710416625546,60,289.8,11.497321777190244,399,0.26206346166664285
2789,mixtura,packing_A,T10,largo,29,G4,9.069986117675327,0.7883523884755901,0.8004803930725636,False,483,508.94690788502635,-5.098156110791793,-0.011726848888055266,23.045710416625546,60,289.8,11.497321777190244,400,0.3318266338406945
2789,mixtura,packing_A,T10,largo,29,G4,9.069986117675327,0.7883523884755901,0.8004803930725636,False,483,508.94690788502635,-5.098156110791793,-0.011726848888055266,23.045710416625546,60,289.8,11.497321777190244,401,0.393406167875489
2789,mixtura,packing_A,T10,largo,29,G4,9.069986117675327,0.7883523884755901,0.8004803930725636,False,483,508.94690788502635,-5.098156110791793,-0.011726848888055266,23.045710416625546,60,289.8,11.497321777190244,402,0.1731525580030786
2789,mixtura,packing_A,T10,largo,29,G4,9.069986117675327,0.7883523884755901,0.8004803930725636,False,483,508.94690788502635,-5.098156110791793,-0.011726848888055266,23.045710416625546,60,289.8,11.497321777190244,403,0.047986879336620575
2789,mixtura,packing_A,T10,largo,29,G4,9.069986117675327,0.7883523884755901,0.8004803930725636,False,483,508.94690788502635,-5.098156110791793,-0.011726848888055266,23.045710416625546,60,289.8,11.497321777190244,404,-0.0714772407705759
2789,mixtura,packing_A,T10,largo,29,G4,9.069986117675327,0.7883523884755901,0.8004803930725636,False,483,508.94690788502635,-5.098156110791793,-0.011726848888055266,23.045710416625546,60,289.8,11.497321777190244,405,-0.027524385849518884
2789,mixtura,packing_A,T10,largo,29,G4,9.069986117675327,0.7883523884755901,0.8004803930725636,False,483,508.94690788502635,-5.098156110791793,-0.011726848888055266,23.045710416625546,60,289.8,11.497321777190244,406,-0.22163082402808398
2789,mixtura,packing_A,T10,largo,29,G4,9.069986117675327,0.7883523884755901,0.8004803930725636,False,483,508.94690788502635,-5.098156110791793,-0.011726848888055266,23.045710416625546,60,289.8,11.497321777190244,407,0.12463446980282955
2789,mixtura,packing_A,T10,largo,29,G4,9.069986117675327,0.7883523884755901,0.8004803930725636,False,483,508.94690788502635,-5.098156110791793,-0.011726848888055266,23.045710416625546,60,289.8,11.497321777190244,408,-0.05799698848627191
2789,mixtura,packing_A,T10,largo,29,G4,9.069986117675327,0.7883523884755901,0.8004803930725636,False,483,508.94690788502635,-5.098156110791793,-0.011726848888055266,23.045710416625546,60,289.8,11.497321777190244,409,-0.5426776586954256
2789,mixtura,packing_A,T10,largo,29,G4,9.069986117675327,0.7883523884755901,0.8004803930725636,False,483,508.94690788502635,-5.098156110791793,-0.011726848888055266,23.045710416625546,60,289.8,11.497321777190244,410,-0.46399884052052476
2789,mixtura,packing_A,T10,largo,29,G4,9.069986117675327,0.7883523884755901,0.8004803930725636,False,483,508.94690788502635,-5.098156110791793,-0.011726848888055266,23.045710416625546,60,289.8,11.497321777190244,411,-0.5035956588590973
2789,mixtura,packing_A,T10,largo,29,G4,9.069986117675327,0.7883523884755901,0.8004803930725636,False,483,508.94690788502635,-5.098156110791793,-0.011726848888055266,23.045710416625546,60,289.8,11.497321777190244,412,-0.5933396410544693
2789,mixtura,packing_A,T10,largo,29,G4,9.069986117675327,0.7883523884755901,0.8004803930725636,False,483,508.94690788502635,-5.098156110791793,-0.011726848888055266,23.045710416625546,60,289.8,11.497321777190244,413,-0.4159962702347743
2789,mixtura,packing_A,T10,largo,29,G4,9.069986117675327,0.7883523884755901,0.8004803930725636,False,483,508.94690788502635,-5.098156110791793,-0.011726848888055266,23.045710416625546,60,289.8,11.497321777190244,414,-0.6036391188865999
2789,mixtura,packing_A,T10,largo,29,G4,9.069986117675327,0.7883523884755901,0.8004803930725636,False,483,508.94690788502635,-5.098156110791793,-0.011726848888055266,23.045710416625546,60,289.8,11.497321777190244,415,-0.5904379085534534
2789,mixtura,packing_A,T10,largo,29,G4,9.069986117675327,0.7883523884755901,0.8004803930725636,False,483,508.94690788502635,-5.098156110791793,-0.011726848888055266,23.045710416625546,60,289.8,11.497321777190244,416,-0.38450702945134574
2789,mixtura,packing_A,T10,largo,29,G4,9.069986117675327,0.7883523884755901,0.8004803930725636,False,483,508.94690788502635,-5.098156110791793,-0.011726848888055266,23.045710416625546,60,289.8,11.497321777190244,417,-0.24585473283574905
2789,mixtura,packing_A,T10,largo,29,G4,9.069986117675327,0.7883523884755901,0.8004803930725636,False,483,508.94690788502635,-5.098156110791793,-0.011726848888055266,23.045710416625546,60,289.8,11.497321777190244,418,-0.23823235768893739
2789,mixtura,packing_A,T10,largo,29,G4,9.069986117675327,0.7883523884755901,0.8004803930725636,False,483,508.94690788502635,-5.098156110791793,-0.011726848888055266,23.045710416625546,60,289.8,11.497321777190244,419,-0.14482821499392362
2789,mixtura,packing_A,T10,largo,29,G4,9.069986117675327,0.7883523884755901,0.8004803930725636,False,483,508.94690788502635,-5.098156110791793,-0.011726848888055266,23.045710416625546,60,289.8,11.497321777190244,420,-0.10101349484297685
2789,mixtura,packing_A,T10,largo,29,G4,9.069986117675327,0.7883523884755901,0.8004803930725636,False,483,508.94690788502635,-5.098156110791793,-0.011726848888055266,23.045710416625546,60,289.8,11.497321777190244,421,0.003618272094740721
2789,mixtura,packing_A,T10,largo,29,G4,9.069986117675327,0.7883523884755901,0.8004803930725636,False,483,508.94690788502635,-5.098156110791793,-0.011726848888055266,23.045710416625546,60,289.8,11.497321777190244,422,0.18529857894627133
2789,mixtura,packing_A,T10,largo,29,G4,9.069986117675327,0.7883523884755901,0.8004803930725636,False,483,508.94690788502635,-5.098156110791793,-0.011726848888055266,23.045710416625546,60,289.8,11.497321777190244,423,0.2947003768229513
2789,mixtura,packing_A,T10,largo,29,G4,9.069986117675327,0.7883523884755901,0.8004803930725636,False,483,508.94690788502635,-5.098156110791793,-0.011726848888055266,23.045710416625546,60,289.8,11.497321777190244,424,0.334158899448068
2789,mixtura,packing_A,T10,largo,29,G4,9.069986117675327,0.7883523884755901,0.8004803930725636,False,483,508.94690788502635,-5.098156110791793,-0.011726848888055266,23.045710416625546,60,289.8,11.497321777190244,425,0.3696168552815396
2789,mixtura,packing_A,T10,largo,29,G4,9.069986117675327,0.7883523884755901,0.8004803930725636,False,483,508.94690788502635,-5.098156110791793,-0.011726848888055266,23.045710416625546,60,289.8,11.497321777190244,426,0.5120017306476777
2789,mixtura,packing_A,T10,largo,29,G4,9.069986117675327,0.7883523884755901,0.8004803930725636,False,483,508.94690788502635,-5.098156110791793,-0.011726848888055266,23.045710416625546,60,289.8,11.497321777190244,427,0.4080750382879911
2789,mixtura,packing_A,T10,largo,29,G4,9.069986117675327,0.7883523884755901,0.8004803930725636,False,483,508.94690788502635,-5.098156110791793,-0.011726848888055266,23.045710416625546,60,289.8,11.497321777190244,428,0.4922704146275972
2789,mixtura,packing_A,T10,largo,29,G4,9.069986117675327,0.7883523884755901,0.8004803930725636,False,483,508.94690788502635,-5.098156110791793,-0.011726848888055266,23.045710416625546,60,289.8,11.497321777190244,429,0.302044183120574
2789,mixtura,packing_A,T10,largo,29,G4,9.069986117675327,0.7883523884755901,0.8004803930725636,False,483,508.94690788502635,-5.098156110791793,-0.011726848888055266,23.045710416625546,60,289.8,11.497321777190244,430,0.44321691014787346
2789,mixtura,packing_A,T10,largo,29,G4,9.069986117675327,0.7883523884755901,0.8004803930725636,False,483,508.94690788502635,-5.098156110791793,-0.011726848888055266,23.045710416625546,60,289.8,11.497321777190244,431,0.3573817844749881
2789,mixtura,packing_A,T10,largo,29,G4,9.069986117675327,0.7883523884755901,0.8004803930725636,False,483,508.94690788502635,-5.098156110791793,-0.011726848888055266,23.045710416625546,60,289.8,11.497321777190244,432,0.2287515077120064
2789,mixtura,packing_A,T10,largo,29,G4,9.069986117675327,0.7883523884755901,0.8004803930725636,False,483,508.94690788502635,-5.098156110791793,-0.011726848888055266,23.045710416625546,60,289.8,11.497321777190244,433,0.19581994346908793
2789,mixtura,packing_A,T10,largo,29,G4,9.069986117675327,0.7883523884755901,0.8004803930725636,False,483,508.94690788502635,-5.098156110791793,-0.011726848888055266,23.045710416625546,60,289.8,11.497321777190244,434,-0.0766429761561269
2789,mixtura,packing_A,T10,largo,29,G4,9.069986117675327,0.7883523884755901,0.8004803930725636,False,483,508.94690788502635,-5.098156110791793,-0.011726848888055266,23.045710416625546,60,289.8,11.497321777190244,435,0.09801536722026527
2789,mixtura,packing_A,T10,largo,29,G4,9.069986117675327,0.7883523884755901,0.8004803930725636,False,483,508.94690788502635,-5.098156110791793,-0.011726848888055266,23.045710416625546,60,289.8,11.497321777190244,436,-0.039830679430436125
2789,mixtura,packing_A,T10,largo,29,G4,9.069986117675327,0.7883523884755901,0.8004803930725636,False,483,508.94690788502635,-5.098156110791793,-0.011726848888055266,23.045710416625546,60,289.8,11.497321777190244,437,-0.13451928066988664
2789,mixtura,packing_A,T10,largo,29,G4,9.069986117675327,0.7883523884755901,0.8004803930725636,False,483,508.94690788502635,-5.098156110791793,-0.011726848888055266,23.045710416625546,60,289.8,11.497321777190244,438,-0.3527260956345384
2789,mixtura,packing_A,T10,largo,29,G4,9.069986117675327,0.7883523884755901,0.8004803930725636,False,483,508.94690788502635,-5.098156110791793,-0.011726848888055266,23.045710416625546,60,289.8,11.497321777190244,439,-0.44710110002542025
2789,mixtura,packing_A,T10,largo,29,G4,9.069986117675327,0.7883523884755901,0.8004803930725636,False,483,508.94690788502635,-5.098156110791793,-0.011726848888055266,23.045710416625546,60,289.8,11.497321777190244,440,-0.4036206475266765
2789,mixtura,packing_A,T10,largo,29,G4,9.069986117675327,0.7883523884755901,0.8004803930725636,False,483,508.94690788502635,-5.098156110791793,-0.011726848888055266,23.045710416625546,60,289.8,11.497321777190244,441,-0.5172912220744387
2789,mixtura,packing_A,T10,largo,29,G4,9.069986117675327,0.7883523884755901,0.8004803930725636,False,483,508.94690788502635,-5.098156110791793,-0.011726848888055266,23.045710416625546,60,289.8,11.497321777190244,442,-0.5363680991922107
2789,mixtura,packing_A,T10,largo,29,G4,9.069986117675327,0.7883523884755901,0.8004803930725636,False,483,508.94690788502635,-5.098156110791793,-0.011726848888055266,23.045710416625546,60,289.8,11.497321777190244,443,-0.5347702187097417
2789,mixtura,packing_A,T10,largo,29,G4,9.069986117675327,0.7883523884755901,0.8004803930725636,False,483,508.94690788502635,-5.098156110791793,-0.011726848888055266,23.045710416625546,60,289.8,11.497321777190244,444,-0.3895926234039946
2789,mixtura,packing_A,T10,largo,29,G4,9.069986117675327,0.7883523884755901,0.8004803930725636,False,483,508.94690788502635,-5.098156110791793,-0.011726848888055266,23.045710416625546,60,289.8,11.497321777190244,445,-0.43031933819346063
2789,mixtura,packing_A,T10,largo,29,G4,9.069986117675327,0.7883523884755901,0.8004803930725636,False,483,508.94690788502635,-5.098156110791793,-0.011726848888055266,23.045710416625546,60,289.8,11.497321777190244,446,-0.3779011358381289
2789,mixtura,packing_A,T10,largo,29,G4,9.069986117675327,0.7883523884755901,0.8004803930725636,False,483,508.94690788502635,-5.098156110791793,-0.011726848888055266,23.045710416625546,60,289.8,11.497321777190244,447,-0.3016083862283002
2789,mixtura,packing_A,T10,largo,29,G4,9.069986117675327,0.7883523884755901,0.8004803930725636,False,483,508.94690788502635,-5.098156110791793,-0.011726848888055266,23.045710416625546,60,289.8,11.497321777190244,448,-0.14868536789110598
2789,mixtura,packing_A,T10,largo,29,G4,9.069986117675327,0.7883523884755901,0.8004803930725636,False,483,508.94690788502635,-5.098156110791793,-0.011726848888055266,23.045710416625546,60,289.8,11.497321777190244,449,0.015912863621917253
2789,mixtura,packing_A,T10,largo,29,G4,9.069986117675327,0.7883523884755901,0.8004803930725636,False,483,508.94690788502635,-5.098156110791793,-0.011726848888055266,23.045710416625546,60,289.8,11.497321777190244,450,0.11174769519362225
2789,mixtura,packing_A,T10,largo,29,G4,9.069986117675327,0.7883523884755901,0.8004803930725636,False,483,508.94690788502635,-5.098156110791793,-0.011726848888055266,23.045710416625546,60,289.8,11.497321777190244,451,0.11295492709075065
2789,mixtura,packing_A,T10,largo,29,G4,9.069986117675327,0.7883523884755901,0.8004803930725636,False,483,508.94690788502635,-5.098156110791793,-0.011726848888055266,23.045710416625546,60,289.8,11.497321777190244,452,0.22607571139367036
2789,mixtura,packing_A,T10,largo,29,G4,9.069986117675327,0.7883523884755901,0.8004803930725636,False,483,508.94690788502635,-5.098156110791793,-0.011726848888055266,23.045710416625546,60,289.8,11.497321777190244,453,0.33210461453080803
2789,mixtura,packing_A,T10,largo,29,G4,9.069986117675327,0.7883523884755901,0.8004803930725636,False,483,508.94690788502635,-5.098156110791793,-0.011726848888055266,23.045710416625546,60,289.8,11.497321777190244,454,0.39394116053301137
2789,mixtura,packing_A,T10,largo,29,G4,9.069986117675327,0.7883523884755901,0.8004803930725636,False,483,508.94690788502635,-5.098156110791793,-0.011726848888055266,23.045710416625546,60,289.8,11.497321777190244,455,0.4187056567477219
2789,mixtura,packing_A,T10,largo,29,G4,9.069986117675327,0.7883523884755901,0.8004803930725636,False,483,508.94690788502635,-5.098156110791793,-0.011726848888055266,23.045710416625546,60,289.8,11.497321777190244,456,0.5980421880934272
2789,mixtura,packing_A,T10,largo,29,G4,9.069986117675327,0.7883523884755901,0.8004803930725636,False,483,508.94690788502635,-5.098156110791793,-0.011726848888055266,23.045710416625546,60,289.8,11.497321777190244,457,0.42490517059889454
2789,mixtura,packing_A,T10,largo,29,G4,9.069986117675327,0.7883523884755901,0.8004803930725636,False,483,508.94690788502635,-5.098156110791793,-0.011726848888055266,23.045710416625546,60,289.8,11.497321777190244,458,0.4649296563833123
2789,mixtura,packing_A,T10,largo,29,G4,9.069986117675327,0.7883523884755901,0.8004803930725636,False,483,508.94690788502635,-5.098156110791793,-0.011726848888055266,23.045710416625546,60,289.8,11.497321777190244,459,0.30417104176640886
2789,mixtura,packing_A,T10,largo,29,G4,9.069986117675327,0.7883523884755901,0.8004803930725636,False,483,508.94690788502635,-5.098156110791793,-0.011726848888055266,23.045710416625546,60,289.8,11.497321777190244,460,0.28530212181613307
2789,mixtura,packing_A,T10,largo,29,G4,9.069986117675327,0.7883523884755901,0.8004803930725636,False,483,508.94690788502635,-5.098156110791793,-0.011726848888055266,23.045710416625546,60,289.8,11.497321777190244,461,0.3457795172357119
2789,mixtura,packing_A,T10,largo,29,G4,9.069986117675327,0.7883523884755901,0.8004803930725636,False,483,508.94690788502635,-5.098156110791793,-0.011726848888055266,23.045710416625546,60,289.8,11.497321777190244,462,0.24718941592409652
2789,mixtura,packing_A,T10,largo,29,G4,9.069986117675327,0.7883523884755901,0.8004803930725636,False,483,508.94690788502635,-5.098156110791793,-0.011726848888055266,23.045710416625546,60,289.8,11.497321777190244,463,0.37833718728172727
2789,mixtura,packing_A,T10,largo,29,G4,9.069986117675327,0.7883523884755901,0.8004803930725636,False,483,508.94690788502635,-5.098156110791793,-0.011726848888055266,23.045710416625546,60,289.8,11.497321777190244,464,0.23075682171102188
2789,mixtura,packing_A,T10,largo,29,G4,9.069986117675327,0.7883523884755901,0.8004803930725636,False,483,508.94690788502635,-5.098156110791793,-0.011726848888055266,23.045710416625546,60,289.8,11.497321777190244,465,-0.009932476388432754
2789,mixtura,packing_A,T10,largo,29,G4,9.069986117675327,0.7883523884755901,0.8004803930725636,False,483,508.94690788502635,-5.098156110791793,-0.011726848888055266,23.045710416625546,60,289.8,11.497321777190244,466,-0.2227980523643635
2789,mixtura,packing_A,T10,largo,29,G4,9.069986117675327,0.7883523884755901,0.8004803930725636,False,483,508.94690788502635,-5.098156110791793,-0.011726848888055266,23.045710416625546,60,289.8,11.497321777190244,467,-0.30639081540453816
2789,mixtura,packing_A,T10,largo,29,G4,9.069986117675327,0.7883523884755901,0.8004803930725636,False,483,508.94690788502635,-5.098156110791793,-0.011726848888055266,23.045710416625546,60,289.8,11.497321777190244,468,-0.190729168239485
2789,mixtura,packing_A,T10,largo,29,G4,9.069986117675327,0.7883523884755901,0.8004803930725636,False,483,508.94690788502635,-5.098156110791793,-0.011726848888055266,23.045710416625546,60,289.8,11.497321777190244,469,-0.20500515329982175
2789,mixtura,packing_A,T10,largo,29,G4,9.069986117675327,0.7883523884755901,0.8004803930725636,False,483,508.94690788502635,-5.098156110791793,-0.011726848888055266,23.045710416625546,60,289.8,11.497321777190244,470,-0.30752494955411014
2789,mixtura,packing_A,T10,largo,29,G4,9.069986117675327,0.7883523884755901,0.8004803930725636,False,483,508.94690788502635,-5.098156110791793,-0.011726848888055266,23.045710416625546,60,289.8,11.497321777190244,471,-0.36837767751329853
2789,mixtura,packing_A,T10,largo,29,G4,9.069986117675327,0.7883523884755901,0.8004803930725636,False,483,508.94690788502635,-5.098156110791793,-0.011726848888055266,23.045710416625546,60,289.8,11.497321777190244,472,-0.6221997651579084
2789,mixtura,packing_A,T10,largo,29,G4,9.069986117675327,0.7883523884755901,0.8004803930725636,False,483,508.94690788502635,-5.098156110791793,-0.011726848888055266,23.045710416625546,60,289.8,11.497321777190244,473,-0.48197999424336724
2789,mixtura,packing_A,T10,largo,29,G4,9.069986117675327,0.7883523884755901,0.8004803930725636,False,483,508.94690788502635,-5.098156110791793,-0.011726848888055266,23.045710416625546,60,289.8,11.497321777190244,474,-0.5392988658618831
2789,mixtura,packing_A,T10,largo,29,G4,9.069986117675327,0.7883523884755901,0.8004803930725636,False,483,508.94690788502635,-5.098156110791793,-0.011726848888055266,23.045710416625546,60,289.8,11.497321777190244,475,-0.4067140386458321
2789,mixtura,packing_A,T10,largo,29,G4,9.069986117675327,0.7883523884755901,0.8004803930725636,False,483,508.94690788502635,-5.098156110791793,-0.011726848888055266,23.045710416625546,60,289.8,11.497321777190244,476,-0.33652411128743936
2789,mixtura,packing_A,T10,largo,29,G4,9.069986117675327,0.7883523884755901,0.8004803930725636,False,483,508.94690788502635,-5.098156110791793,-0.011726848888055266,23.045710416625546,60,289.8,11.497321777190244,477,-0.286451962153672
2789,mixtura,packing_A,T10,largo,29,G4,9.069986117675327,0.7883523884755901,0.8004803930725636,False,483,508.94690788502635,-5.098156110791793,-0.011726848888055266,23.045710416625546,60,289.8,11.497321777190244,478,-0.17516444555708172
2789,mixtura,packing_A,T10,largo,29,G4,9.069986117675327,0.7883523884755901,0.8004803930725636,False,483,508.94690788502635,-5.098156110791793,-0.011726848888055266,23.045710416625546,60,289.8,11.497321777190244,479,-0.018718871669514914
2789,mixtura,packing_A,T10,largo,29,G4,9.069986117675327,0.7883523884755901,0.8004803930725636,False,483,508.94690788502635,-5.098156110791793,-0.011726848888055266,23.045710416625546,60,289.8,11.497321777190244,480,0.0664413518558205
2789,mixtura,packing_A,T10,largo,29,G4,9.069986117675327,0.7883523884755901,0.8004803930725636,False,483,508.94690788502635,-5.098156110791793,-0.011726848888055266,23.045710416625546,60,289.8,11.497321777190244,481,0.03563055157703155
2789,mixtura,packing_A,T10,largo,29,G4,9.069986117675327,0.7883523884755901,0.8004803930725636,False,483,508.94690788502635,-5.098156110791793,-0.011726848888055266,23.045710416625546,60,289.8,11.497321777190244,482,0.05064152787668372
