proceso_id,epoca,packing,tunel,tipo_tunel,iteracion,mass_group,masa_ton,ocupabilidad,caudal_factor,anomalia_duracion,duracion_min,duracion_esperada_min,delta_duracion_pct,setpoint,T0,pct_transitorio,t_trans_min,overshoot_pct,tiempo_min,temperatura
3489,mixtura,packing_C,T08,largo,9,G4,8.18899924484895,0.7580389932107536,0.8057448890079627,False,453,479.8099221597486,-5.587613119601659,-0.02627952867386442,24.993962092052183,60,271.8,10.243682468834034,0,24.906285305071133
3489,mixtura,packing_C,T08,largo,9,G4,8.18899924484895,0.7580389932107536,0.8057448890079627,False,453,479.8099221597486,-5.587613119601659,-0.02627952867386442,24.993962092052183,60,271.8,10.243682468834034,1,24.910590000348066
3489,mixtura,packing_C,T08,largo,9,G4,8.18899924484895,0.7580389932107536,0.8057448890079627,False,453,479.8099221597486,-5.587613119601659,-0.02627952867386442,24.993962092052183,60,271.8,10.243682468834034,2,24.421329690200267
3489,mixtura,packing_C,T08,largo,9,G4,8.18899924484895,0.7580389932107536,0.8057448890079627,False,453,479.8099221597486,-5.587613119601659,-0.02627952867386442,24.993962092052183,60,271.8,10.243682468834034,3,24.314324195974752
3489,mixtura,packing_C,T08,largo,9,G4,8.18899924484895,0.7580389932107536,0.8057448890079627,False,453,479.8099221597486,-5.587613119601659,-0.02627952867386442,24.993962092052183,60,271.8,10.243682468834034,4,24.099100261664216
3489,mixtura,packing_C,T08,largo,9,G4,8.18899924484895,0.7580389932107536,0.8057448890079627,False,453,479.8099221597486,-5.587613119601659,-0.02627952867386442,24.993962092052183,60,271.8,10.243682468834034,5,23.583900717880304
3489,mixtura,packing_C,T08,largo,9,G4,8.18899924484895,0.7580389932107536,0.8057448890079627,False,453,479.8099221597486,-5.587613119601659,-0.02627952867386442,24.993962092052183,60,271.8,10.243682468834034,6,23.6918605659916
3489,mixtura,packing_C,T08,largo,9,G4,8.18899924484895,0.7580389932107536,0.8057448890079627,False,453,479.8099221597486,-5.587613119601659,-0.02627952867386442,24.993962092052183,60,271.8,10.243682468834034,7,23.491025755475732
3489,mixtura,packing_C,T08,largo,9,G4,8.18899924484895,0.7580389932107536,0.8057448890079627,False,453,479.8099221597486,-5.587613119601659,-0.02627952867386442,24.993962092052183,60,271.8,10.243682468834034,8,23.02581858555329
3489,mixtura,packing_C,T08,largo,9,G4,8.18899924484895,0.7580389932107536,0.8057448890079627,False,453,479.8099221597486,-5.587613119601659,-0.02627952867386442,24.993962092052183,60,271.8,10.243682468834034,9,22.74548751520113
3489,mixtura,packing_C,T08,largo,9,G4,8.18899924484895,0.7580389932107536,0.8057448890079627,False,453,479.8099221597486,-5.587613119601659,-0.02627952867386442,24.993962092052183,60,271.8,10.243682468834034,10,22.580765939000813
3489,mixtura,packing_C,T08,largo,9,G4,8.18899924484895,0.7580389932107536,0.8057448890079627,False,453,479.8099221597486,-5.587613119601659,-0.02627952867386442,24.993962092052183,60,271.8,10.243682468834034,11,22.17528242455338
3489,mixtura,packing_C,T08,largo,9,G4,8.18899924484895,0.7580389932107536,0.8057448890079627,False,453,479.8099221597486,-5.587613119601659,-0.02627952867386442,24.993962092052183,60,271.8,10.243682468834034,12,21.952611588943657
3489,mixtura,packing_C,T08,largo,9,G4,8.18899924484895,0.7580389932107536,0.8057448890079627,False,453,479.8099221597486,-5.587613119601659,-0.02627952867386442,24.993962092052183,60,271.8,10.243682468834034,13,21.5793649640635
3489,mixtura,packing_C,T08,largo,9,G4,8.18899924484895,0.7580389932107536,0.8057448890079627,False,453,479.8099221597486,-5.587613119601659,-0.02627952867386442,24.993962092052183,60,271.8,10.243682468834034,14,21.402482178641584
3489,mixtura,packing_C,T08,largo,9,G4,8.18899924484895,0.7580389932107536,0.8057448890079627,False,453,479.8099221597486,-5.587613119601659,-0.02627952867386442,24.993962092052183,60,271.8,10.243682468834034,15,21.070825955532065
3489,mixtura,packing_C,T08,largo,9,G4,8.18899924484895,0.7580389932107536,0.8057448890079627,False,453,479.8099221597486,-5.587613119601659,-0.02627952867386442,24.993962092052183,60,271.8,10.243682468834034,16,20.816045925878853
3489,mixtura,packing_C,T08,largo,9,G4,8.18899924484895,0.7580389932107536,0.8057448890079627,False,453,479.8099221597486,-5.587613119601659,-0.02627952867386442,24.993962092052183,60,271.8,10.243682468834034,17,20.608557964973702
3489,mixtura,packing_C,T08,largo,9,G4,8.18899924484895,0.7580389932107536,0.8057448890079627,False,453,479.8099221597486,-5.587613119601659,-0.02627952867386442,24.993962092052183,60,271.8,10.243682468834034,18,20.389944966560268
3489,mixtura,packing_C,T08,largo,9,G4,8.18899924484895,0.7580389932107536,0.8057448890079627,False,453,479.8099221597486,-5.587613119601659,-0.02627952867386442,24.993962092052183,60,271.8,10.243682468834034,19,19.99761973407376
3489,mixtura,packing_C,T08,largo,9,G4,8.18899924484895,0.7580389932107536,0.8057448890079627,False,453,479.8099221597486,-5.587613119601659,-0.02627952867386442,24.993962092052183,60,271.8,10.243682468834034,20,19.624756522567335
3489,mixtura,packing_C,T08,largo,9,G4,8.18899924484895,0.7580389932107536,0.8057448890079627,False,453,479.8099221597486,-5.587613119601659,-0.02627952867386442,24.993962092052183,60,271.8,10.243682468834034,21,19.374035353275133
3489,mixtura,packing_C,T08,largo,9,G4,8.18899924484895,0.7580389932107536,0.8057448890079627,False,453,479.8099221597486,-5.587613119601659,-0.02627952867386442,24.993962092052183,60,271.8,10.243682468834034,22,19.14983239992805
3489,mixtura,packing_C,T08,largo,9,G4,8.18899924484895,0.7580389932107536,0.8057448890079627,False,453,479.8099221597486,-5.587613119601659,-0.02627952867386442,24.993962092052183,60,271.8,10.243682468834034,23,18.701556674555793
3489,mixtura,packing_C,T08,largo,9,G4,8.18899924484895,0.7580389932107536,0.8057448890079627,False,453,479.8099221597486,-5.587613119601659,-0.02627952867386442,24.993962092052183,60,271.8,10.243682468834034,24,18.574093948687366
3489,mixtura,packing_C,T08,largo,9,G4,8.18899924484895,0.7580389932107536,0.8057448890079627,False,453,479.8099221597486,-5.587613119601659,-0.02627952867386442,24.993962092052183,60,271.8,10.243682468834034,25,18.17890382230155
3489,mixtura,packing_C,T08,largo,9,G4,8.18899924484895,0.7580389932107536,0.8057448890079627,False,453,479.8099221597486,-5.587613119601659,-0.02627952867386442,24.993962092052183,60,271.8,10.243682468834034,26,17.991692602675037
3489,mixtura,packing_C,T08,largo,9,G4,8.18899924484895,0.7580389932107536,0.8057448890079627,False,453,479.8099221597486,-5.587613119601659,-0.02627952867386442,24.993962092052183,60,271.8,10.243682468834034,27,17.42597576018253
3489,mixtura,packing_C,T08,largo,9,G4,8.18899924484895,0.7580389932107536,0.8057448890079627,False,453,479.8099221597486,-5.587613119601659,-0.02627952867386442,24.993962092052183,60,271.8,10.243682468834034,28,17.09234790073113
3489,mixtura,packing_C,T08,largo,9,G4,8.18899924484895,0.7580389932107536,0.8057448890079627,False,453,479.8099221597486,-5.587613119601659,-0.02627952867386442,24.993962092052183,60,271.8,10.243682468834034,29,17.055152965970997
3489,mixtura,packing_C,T08,largo,9,G4,8.18899924484895,0.7580389932107536,0.8057448890079627,False,453,479.8099221597486,-5.587613119601659,-0.02627952867386442,24.993962092052183,60,271.8,10.243682468834034,30,16.538731559615968
3489,mixtura,packing_C,T08,largo,9,G4,8.18899924484895,0.7580389932107536,0.8057448890079627,False,453,479.8099221597486,-5.587613119601659,-0.02627952867386442,24.993962092052183,60,271.8,10.243682468834034,31,16.261764131670702
3489,mixtura,packing_C,T08,largo,9,G4,8.18899924484895,0.7580389932107536,0.8057448890079627,False,453,479.8099221597486,-5.587613119601659,-0.02627952867386442,24.993962092052183,60,271.8,10.243682468834034,32,16.015598358528184
3489,mixtura,packing_C,T08,largo,9,G4,8.18899924484895,0.7580389932107536,0.8057448890079627,False,453,479.8099221597486,-5.587613119601659,-0.02627952867386442,24.993962092052183,60,271.8,10.243682468834034,33,15.579407874778271
3489,mixtura,packing_C,T08,largo,9,G4,8.18899924484895,0.7580389932107536,0.8057448890079627,False,453,479.8099221597486,-5.587613119601659,-0.02627952867386442,24.993962092052183,60,271.8,10.243682468834034,34,15.288184843875698
3489,mixtura,packing_C,T08,largo,9,G4,8.18899924484895,0.7580389932107536,0.8057448890079627,False,453,479.8099221597486,-5.587613119601659,-0.02627952867386442,24.993962092052183,60,271.8,10.243682468834034,35,14.921437565415935
3489,mixtura,packing_C,T08,largo,9,G4,8.18899924484895,0.7580389932107536,0.8057448890079627,False,453,479.8099221597486,-5.587613119601659,-0.02627952867386442,24.993962092052183,60,271.8,10.243682468834034,36,14.590606658644045
3489,mixtura,packing_C,T08,largo,9,G4,8.18899924484895,0.7580389932107536,0.8057448890079627,False,453,479.8099221597486,-5.587613119601659,-0.02627952867386442,24.993962092052183,60,271.8,10.243682468834034,37,14.296797273994963
3489,mixtura,packing_C,T08,largo,9,G4,8.18899924484895,0.7580389932107536,0.8057448890079627,False,453,479.8099221597486,-5.587613119601659,-0.02627952867386442,24.993962092052183,60,271.8,10.243682468834034,38,13.846402203015826
3489,mixtura,packing_C,T08,largo,9,G4,8.18899924484895,0.7580389932107536,0.8057448890079627,False,453,479.8099221597486,-5.587613119601659,-0.02627952867386442,24.993962092052183,60,271.8,10.243682468834034,39,13.730366353964893
3489,mixtura,packing_C,T08,largo,9,G4,8.18899924484895,0.7580389932107536,0.8057448890079627,False,453,479.8099221597486,-5.587613119601659,-0.02627952867386442,24.993962092052183,60,271.8,10.243682468834034,40,13.487732783957773
3489,mixtura,packing_C,T08,largo,9,G4,8.18899924484895,0.7580389932107536,0.8057448890079627,False,453,479.8099221597486,-5.587613119601659,-0.02627952867386442,24.993962092052183,60,271.8,10.243682468834034,41,12.989147018179764
3489,mixtura,packing_C,T08,largo,9,G4,8.18899924484895,0.7580389932107536,0.8057448890079627,False,453,479.8099221597486,-5.587613119601659,-0.02627952867386442,24.993962092052183,60,271.8,10.243682468834034,42,12.720984434326965
3489,mixtura,packing_C,T08,largo,9,G4,8.18899924484895,0.7580389932107536,0.8057448890079627,False,453,479.8099221597486,-5.587613119601659,-0.02627952867386442,24.993962092052183,60,271.8,10.243682468834034,43,12.43512198853875
3489,mixtura,packing_C,T08,largo,9,G4,8.18899924484895,0.7580389932107536,0.8057448890079627,False,453,479.8099221597486,-5.587613119601659,-0.02627952867386442,24.993962092052183,60,271.8,10.243682468834034,44,12.194280637774725
3489,mixtura,packing_C,T08,largo,9,G4,8.18899924484895,0.7580389932107536,0.8057448890079627,False,453,479.8099221597486,-5.587613119601659,-0.02627952867386442,24.993962092052183,60,271.8,10.243682468834034,45,11.734448333547016
3489,mixtura,packing_C,T08,largo,9,G4,8.18899924484895,0.7580389932107536,0.8057448890079627,False,453,479.8099221597486,-5.587613119601659,-0.02627952867386442,24.993962092052183,60,271.8,10.243682468834034,46,11.42817706053533
3489,mixtura,packing_C,T08,largo,9,G4,8.18899924484895,0.7580389932107536,0.8057448890079627,False,453,479.8099221597486,-5.587613119601659,-0.02627952867386442,24.993962092052183,60,271.8,10.243682468834034,47,11.116174703881171
3489,mixtura,packing_C,T08,largo,9,G4,8.18899924484895,0.7580389932107536,0.8057448890079627,False,453,479.8099221597486,-5.587613119601659,-0.02627952867386442,24.993962092052183,60,271.8,10.243682468834034,48,10.76359369460464
3489,mixtura,packing_C,T08,largo,9,G4,8.18899924484895,0.7580389932107536,0.8057448890079627,False,453,479.8099221597486,-5.587613119601659,-0.02627952867386442,24.993962092052183,60,271.8,10.243682468834034,49,10.56083975026666
3489,mixtura,packing_C,T08,largo,9,G4,8.18899924484895,0.7580389932107536,0.8057448890079627,False,453,479.8099221597486,-5.587613119601659,-0.02627952867386442,24.993962092052183,60,271.8,10.243682468834034,50,10.216994983908688
3489,mixtura,packing_C,T08,largo,9,G4,8.18899924484895,0.7580389932107536,0.8057448890079627,False,453,479.8099221597486,-5.587613119601659,-0.02627952867386442,24.993962092052183,60,271.8,10.243682468834034,51,9.988914402861145
3489,mixtura,packing_C,T08,largo,9,G4,8.18899924484895,0.7580389932107536,0.8057448890079627,False,453,479.8099221597486,-5.587613119601659,-0.02627952867386442,24.993962092052183,60,271.8,10.243682468834034,52,9.459782528257826
3489,mixtura,packing_C,T08,largo,9,G4,8.18899924484895,0.7580389932107536,0.8057448890079627,False,453,479.8099221597486,-5.587613119601659,-0.02627952867386442,24.993962092052183,60,271.8,10.243682468834034,53,9.28627884891285
3489,mixtura,packing_C,T08,largo,9,G4,8.18899924484895,0.7580389932107536,0.8057448890079627,False,453,479.8099221597486,-5.587613119601659,-0.02627952867386442,24.993962092052183,60,271.8,10.243682468834034,54,8.82607850098582
3489,mixtura,packing_C,T08,largo,9,G4,8.18899924484895,0.7580389932107536,0.8057448890079627,False,453,479.8099221597486,-5.587613119601659,-0.02627952867386442,24.993962092052183,60,271.8,10.243682468834034,55,8.641075436351702
3489,mixtura,packing_C,T08,largo,9,G4,8.18899924484895,0.7580389932107536,0.8057448890079627,False,453,479.8099221597486,-5.587613119601659,-0.02627952867386442,24.993962092052183,60,271.8,10.243682468834034,56,8.313515419283702
3489,mixtura,packing_C,T08,largo,9,G4,8.18899924484895,0.7580389932107536,0.8057448890079627,False,453,479.8099221597486,-5.587613119601659,-0.02627952867386442,24.993962092052183,60,271.8,10.243682468834034,57,7.719637083603065
3489,mixtura,packing_C,T08,largo,9,G4,8.18899924484895,0.7580389932107536,0.8057448890079627,False,453,479.8099221597486,-5.587613119601659,-0.02627952867386442,24.993962092052183,60,271.8,10.243682468834034,58,7.758771915060829
3489,mixtura,packing_C,T08,largo,9,G4,8.18899924484895,0.7580389932107536,0.8057448890079627,False,453,479.8099221597486,-5.587613119601659,-0.02627952867386442,24.993962092052183,60,271.8,10.243682468834034,59,7.398293042775522
3489,mixtura,packing_C,T08,largo,9,G4,8.18899924484895,0.7580389932107536,0.8057448890079627,False,453,479.8099221597486,-5.587613119601659,-0.02627952867386442,24.993962092052183,60,271.8,10.243682468834034,60,6.849259970827272
3489,mixtura,packing_C,T08,largo,9,G4,8.18899924484895,0.7580389932107536,0.8057448890079627,False,453,479.8099221597486,-5.587613119601659,-0.02627952867386442,24.993962092052183,60,271.8,10.243682468834034,61,6.871156911594034
3489,mixtura,packing_C,T08,largo,9,G4,8.18899924484895,0.7580389932107536,0.8057448890079627,False,453,479.8099221597486,-5.587613119601659,-0.02627952867386442,24.993962092052183,60,271.8,10.243682468834034,62,6.546794869779587
3489,mixtura,packing_C,T08,largo,9,G4,8.18899924484895,0.7580389932107536,0.8057448890079627,False,453,479.8099221597486,-5.587613119601659,-0.02627952867386442,24.993962092052183,60,271.8,10.243682468834034,63,6.050400372944284
3489,mixtura,packing_C,T08,largo,9,G4,8.18899924484895,0.7580389932107536,0.8057448890079627,False,453,479.8099221597486,-5.587613119601659,-0.02627952867386442,24.993962092052183,60,271.8,10.243682468834034,64,5.73918107897597
3489,mixtura,packing_C,T08,largo,9,G4,8.18899924484895,0.7580389932107536,0.8057448890079627,False,453,479.8099221597486,-5.587613119601659,-0.02627952867386442,24.993962092052183,60,271.8,10.243682468834034,65,5.541858957466766
3489,mixtura,packing_C,T08,largo,9,G4,8.18899924484895,0.7580389932107536,0.8057448890079627,False,453,479.8099221597486,-5.587613119601659,-0.02627952867386442,24.993962092052183,60,271.8,10.243682468834034,66,5.461999379273366
3489,mixtura,packing_C,T08,largo,9,G4,8.18899924484895,0.7580389932107536,0.8057448890079627,False,453,479.8099221597486,-5.587613119601659,-0.02627952867386442,24.993962092052183,60,271.8,10.243682468834034,67,4.877194688450858
3489,mixtura,packing_C,T08,largo,9,G4,8.18899924484895,0.7580389932107536,0.8057448890079627,False,453,479.8099221597486,-5.587613119601659,-0.02627952867386442,24.993962092052183,60,271.8,10.243682468834034,68,4.731684732617777
3489,mixtura,packing_C,T08,largo,9,G4,8.18899924484895,0.7580389932107536,0.8057448890079627,False,453,479.8099221597486,-5.587613119601659,-0.02627952867386442,24.993962092052183,60,271.8,10.243682468834034,69,4.509727106011689
3489,mixtura,packing_C,T08,largo,9,G4,8.18899924484895,0.7580389932107536,0.8057448890079627,False,453,479.8099221597486,-5.587613119601659,-0.02627952867386442,24.993962092052183,60,271.8,10.243682468834034,70,4.145407202809482
3489,mixtura,packing_C,T08,largo,9,G4,8.18899924484895,0.7580389932107536,0.8057448890079627,False,453,479.8099221597486,-5.587613119601659,-0.02627952867386442,24.993962092052183,60,271.8,10.243682468834034,71,3.9444001200272867
3489,mixtura,packing_C,T08,largo,9,G4,8.18899924484895,0.7580389932107536,0.8057448890079627,False,453,479.8099221597486,-5.587613119601659,-0.02627952867386442,24.993962092052183,60,271.8,10.243682468834034,72,3.8351986533041855
3489,mixtura,packing_C,T08,largo,9,G4,8.18899924484895,0.7580389932107536,0.8057448890079627,False,453,479.8099221597486,-5.587613119601659,-0.02627952867386442,24.993962092052183,60,271.8,10.243682468834034,73,3.2620194027699796
3489,mixtura,packing_C,T08,largo,9,G4,8.18899924484895,0.7580389932107536,0.8057448890079627,False,453,479.8099221597486,-5.587613119601659,-0.02627952867386442,24.993962092052183,60,271.8,10.243682468834034,74,3.2939361611076765
3489,mixtura,packing_C,T08,largo,9,G4,8.18899924484895,0.7580389932107536,0.8057448890079627,False,453,479.8099221597486,-5.587613119601659,-0.02627952867386442,24.993962092052183,60,271.8,10.243682468834034,75,2.8427376911069673
3489,mixtura,packing_C,T08,largo,9,G4,8.18899924484895,0.7580389932107536,0.8057448890079627,False,453,479.8099221597486,-5.587613119601659,-0.02627952867386442,24.993962092052183,60,271.8,10.243682468834034,76,2.988029073081315
3489,mixtura,packing_C,T08,largo,9,G4,8.18899924484895,0.7580389932107536,0.8057448890079627,False,453,479.8099221597486,-5.587613119601659,-0.02627952867386442,24.993962092052183,60,271.8,10.243682468834034,77,2.593162931285288
3489,mixtura,packing_C,T08,largo,9,G4,8.18899924484895,0.7580389932107536,0.8057448890079627,False,453,479.8099221597486,-5.587613119601659,-0.02627952867386442,24.993962092052183,60,271.8,10.243682468834034,78,2.175268724522237
3489,mixtura,packing_C,T08,largo,9,G4,8.18899924484895,0.7580389932107536,0.8057448890079627,False,453,479.8099221597486,-5.587613119601659,-0.02627952867386442,24.993962092052183,60,271.8,10.243682468834034,79,1.8587557261076997
3489,mixtura,packing_C,T08,largo,9,G4,8.18899924484895,0.7580389932107536,0.8057448890079627,False,453,479.8099221597486,-5.587613119601659,-0.02627952867386442,24.993962092052183,60,271.8,10.243682468834034,80,1.7157024741302735
3489,mixtura,packing_C,T08,largo,9,G4,8.18899924484895,0.7580389932107536,0.8057448890079627,False,453,479.8099221597486,-5.587613119601659,-0.02627952867386442,24.993962092052183,60,271.8,10.243682468834034,81,1.5351320963911292
3489,mixtura,packing_C,T08,largo,9,G4,8.18899924484895,0.7580389932107536,0.8057448890079627,False,453,479.8099221597486,-5.587613119601659,-0.02627952867386442,24.993962092052183,60,271.8,10.243682468834034,82,0.9914714338829347
3489,mixtura,packing_C,T08,largo,9,G4,8.18899924484895,0.7580389932107536,0.8057448890079627,False,453,479.8099221597486,-5.587613119601659,-0.02627952867386442,24.993962092052183,60,271.8,10.243682468834034,83,0.9519210801914801
3489,mixtura,packing_C,T08,largo,9,G4,8.18899924484895,0.7580389932107536,0.8057448890079627,False,453,479.8099221597486,-5.587613119601659,-0.02627952867386442,24.993962092052183,60,271.8,10.243682468834034,84,0.7386797991281484
3489,mixtura,packing_C,T08,largo,9,G4,8.18899924484895,0.7580389932107536,0.8057448890079627,False,453,479.8099221597486,-5.587613119601659,-0.02627952867386442,24.993962092052183,60,271.8,10.243682468834034,85,0.6013780517864868
3489,mixtura,packing_C,T08,largo,9,G4,8.18899924484895,0.7580389932107536,0.8057448890079627,False,453,479.8099221597486,-5.587613119601659,-0.02627952867386442,24.993962092052183,60,271.8,10.243682468834034,86,0.22376086654817806
3489,mixtura,packing_C,T08,largo,9,G4,8.18899924484895,0.7580389932107536,0.8057448890079627,False,453,479.8099221597486,-5.587613119601659,-0.02627952867386442,24.993962092052183,60,271.8,10.243682468834034,87,-0.032329678120460476
3489,mixtura,packing_C,T08,largo,9,G4,8.18899924484895,0.7580389932107536,0.8057448890079627,False,453,479.8099221597486,-5.587613119601659,-0.02627952867386442,24.993962092052183,60,271.8,10.243682468834034,88,-0.17677564961451284
3489,mixtura,packing_C,T08,largo,9,G4,8.18899924484895,0.7580389932107536,0.8057448890079627,False,453,479.8099221597486,-5.587613119601659,-0.02627952867386442,24.993962092052183,60,271.8,10.243682468834034,89,-0.5210378662850972
3489,mixtura,packing_C,T08,largo,9,G4,8.18899924484895,0.7580389932107536,0.8057448890079627,False,453,479.8099221597486,-5.587613119601659,-0.02627952867386442,24.993962092052183,60,271.8,10.243682468834034,90,-0.6554970269491701
3489,mixtura,packing_C,T08,largo,9,G4,8.18899924484895,0.7580389932107536,0.8057448890079627,False,453,479.8099221597486,-5.587613119601659,-0.02627952867386442,24.993962092052183,60,271.8,10.243682468834034,91,-1.0008178855256364
3489,mixtura,packing_C,T08,largo,9,G4,8.18899924484895,0.7580389932107536,0.8057448890079627,False,453,479.8099221597486,-5.587613119601659,-0.02627952867386442,24.993962092052183,60,271.8,10.243682468834034,92,-1.233584272209201
3489,mixtura,packing_C,T08,largo,9,G4,8.18899924484895,0.7580389932107536,0.8057448890079627,False,453,479.8099221597486,-5.587613119601659,-0.02627952867386442,24.993962092052183,60,271.8,10.243682468834034,93,-1.254562952913249
3489,mixtura,packing_C,T08,largo,9,G4,8.18899924484895,0.7580389932107536,0.8057448890079627,False,453,479.8099221597486,-5.587613119601659,-0.02627952867386442,24.993962092052183,60,271.8,10.243682468834034,94,-1.4629751781176232
3489,mixtura,packing_C,T08,largo,9,G4,8.18899924484895,0.7580389932107536,0.8057448890079627,False,453,479.8099221597486,-5.587613119601659,-0.02627952867386442,24.993962092052183,60,271.8,10.243682468834034,95,-1.6813426319001745
3489,mixtura,packing_C,T08,largo,9,G4,8.18899924484895,0.7580389932107536,0.8057448890079627,False,453,479.8099221597486,-5.587613119601659,-0.02627952867386442,24.993962092052183,60,271.8,10.243682468834034,96,-1.6906799268820387
3489,mixtura,packing_C,T08,largo,9,G4,8.18899924484895,0.7580389932107536,0.8057448890079627,False,453,479.8099221597486,-5.587613119601659,-0.02627952867386442,24.993962092052183,60,271.8,10.243682468834034,97,-2.044938784654599
3489,mixtura,packing_C,T08,largo,9,G4,8.18899924484895,0.7580389932107536,0.8057448890079627,False,453,479.8099221597486,-5.587613119601659,-0.02627952867386442,24.993962092052183,60,271.8,10.243682468834034,98,-2.1250975529919427
3489,mixtura,packing_C,T08,largo,9,G4,8.18899924484895,0.7580389932107536,0.8057448890079627,False,453,479.8099221597486,-5.587613119601659,-0.02627952867386442,24.993962092052183,60,271.8,10.243682468834034,99,-2.4829335900550693
3489,mixtura,packing_C,T08,largo,9,G4,8.18899924484895,0.7580389932107536,0.8057448890079627,False,453,479.8099221597486,-5.587613119601659,-0.02627952867386442,24.993962092052183,60,271.8,10.243682468834034,100,-2.792674108640751
3489,mixtura,packing_C,T08,largo,9,G4,8.18899924484895,0.7580389932107536,0.8057448890079627,False,453,479.8099221597486,-5.587613119601659,-0.02627952867386442,24.993962092052183,60,271.8,10.243682468834034,101,-2.851824949992534
3489,mixtura,packing_C,T08,largo,9,G4,8.18899924484895,0.7580389932107536,0.8057448890079627,False,453,479.8099221597486,-5.587613119601659,-0.02627952867386442,24.993962092052183,60,271.8,10.243682468834034,102,-2.822033148099169
3489,mixtura,packing_C,T08,largo,9,G4,8.18899924484895,0.7580389932107536,0.8057448890079627,False,453,479.8099221597486,-5.587613119601659,-0.02627952867386442,24.993962092052183,60,271.8,10.243682468834034,103,-3.169371684200343
3489,mixtura,packing_C,T08,largo,9,G4,8.18899924484895,0.7580389932107536,0.8057448890079627,False,453,479.8099221597486,-5.587613119601659,-0.02627952867386442,24.993962092052183,60,271.8,10.243682468834034,104,-3.1657216104324974
3489,mixtura,packing_C,T08,largo,9,G4,8.18899924484895,0.7580389932107536,0.8057448890079627,False,453,479.8099221597486,-5.587613119601659,-0.02627952867386442,24.993962092052183,60,271.8,10.243682468834034,105,-3.5308692846202945
3489,mixtura,packing_C,T08,largo,9,G4,8.18899924484895,0.7580389932107536,0.8057448890079627,False,453,479.8099221597486,-5.587613119601659,-0.02627952867386442,24.993962092052183,60,271.8,10.243682468834034,106,-3.906191040859992
3489,mixtura,packing_C,T08,largo,9,G4,8.18899924484895,0.7580389932107536,0.8057448890079627,False,453,479.8099221597486,-5.587613119601659,-0.02627952867386442,24.993962092052183,60,271.8,10.243682468834034,107,-3.8708228758571916
3489,mixtura,packing_C,T08,largo,9,G4,8.18899924484895,0.7580389932107536,0.8057448890079627,False,453,479.8099221597486,-5.587613119601659,-0.02627952867386442,24.993962092052183,60,271.8,10.243682468834034,108,-4.0648062005349255
3489,mixtura,packing_C,T08,largo,9,G4,8.18899924484895,0.7580389932107536,0.8057448890079627,False,453,479.8099221597486,-5.587613119601659,-0.02627952867386442,24.993962092052183,60,271.8,10.243682468834034,109,-4.2112700823610885
3489,mixtura,packing_C,T08,largo,9,G4,8.18899924484895,0.7580389932107536,0.8057448890079627,False,453,479.8099221597486,-5.587613119601659,-0.02627952867386442,24.993962092052183,60,271.8,10.243682468834034,110,-4.282636808616178
3489,mixtura,packing_C,T08,largo,9,G4,8.18899924484895,0.7580389932107536,0.8057448890079627,False,453,479.8099221597486,-5.587613119601659,-0.02627952867386442,24.993962092052183,60,271.8,10.243682468834034,111,-4.4037456138292175
3489,mixtura,packing_C,T08,largo,9,G4,8.18899924484895,0.7580389932107536,0.8057448890079627,False,453,479.8099221597486,-5.587613119601659,-0.02627952867386442,24.993962092052183,60,271.8,10.243682468834034,112,-4.47207450583218
3489,mixtura,packing_C,T08,largo,9,G4,8.18899924484895,0.7580389932107536,0.8057448890079627,False,453,479.8099221597486,-5.587613119601659,-0.02627952867386442,24.993962092052183,60,271.8,10.243682468834034,113,-4.54819885570571
3489,mixtura,packing_C,T08,largo,9,G4,8.18899924484895,0.7580389932107536,0.8057448890079627,False,453,479.8099221597486,-5.587613119601659,-0.02627952867386442,24.993962092052183,60,271.8,10.243682468834034,114,-4.819764659290433
3489,mixtura,packing_C,T08,largo,9,G4,8.18899924484895,0.7580389932107536,0.8057448890079627,False,453,479.8099221597486,-5.587613119601659,-0.02627952867386442,24.993962092052183,60,271.8,10.243682468834034,115,-4.8925457810255635
3489,mixtura,packing_C,T08,largo,9,G4,8.18899924484895,0.7580389932107536,0.8057448890079627,False,453,479.8099221597486,-5.587613119601659,-0.02627952867386442,24.993962092052183,60,271.8,10.243682468834034,116,-5.131909500753106
3489,mixtura,packing_C,T08,largo,9,G4,8.18899924484895,0.7580389932107536,0.8057448890079627,False,453,479.8099221597486,-5.587613119601659,-0.02627952867386442,24.993962092052183,60,271.8,10.243682468834034,117,-5.262581216242434
3489,mixtura,packing_C,T08,largo,9,G4,8.18899924484895,0.7580389932107536,0.8057448890079627,False,453,479.8099221597486,-5.587613119601659,-0.02627952867386442,24.993962092052183,60,271.8,10.243682468834034,118,-5.423451531118569
3489,mixtura,packing_C,T08,largo,9,G4,8.18899924484895,0.7580389932107536,0.8057448890079627,False,453,479.8099221597486,-5.587613119601659,-0.02627952867386442,24.993962092052183,60,271.8,10.243682468834034,119,-5.246408958202304
3489,mixtura,packing_C,T08,largo,9,G4,8.18899924484895,0.7580389932107536,0.8057448890079627,False,453,479.8099221597486,-5.587613119601659,-0.02627952867386442,24.993962092052183,60,271.8,10.243682468834034,120,-5.556830978566877
3489,mixtura,packing_C,T08,largo,9,G4,8.18899924484895,0.7580389932107536,0.8057448890079627,False,453,479.8099221597486,-5.587613119601659,-0.02627952867386442,24.993962092052183,60,271.8,10.243682468834034,121,-5.604637206572028
3489,mixtura,packing_C,T08,largo,9,G4,8.18899924484895,0.7580389932107536,0.8057448890079627,False,453,479.8099221597486,-5.587613119601659,-0.02627952867386442,24.993962092052183,60,271.8,10.243682468834034,122,-5.948462140475317
3489,mixtura,packing_C,T08,largo,9,G4,8.18899924484895,0.7580389932107536,0.8057448890079627,False,453,479.8099221597486,-5.587613119601659,-0.02627952867386442,24.993962092052183,60,271.8,10.243682468834034,123,-5.725059068565069
3489,mixtura,packing_C,T08,largo,9,G4,8.18899924484895,0.7580389932107536,0.8057448890079627,False,453,479.8099221597486,-5.587613119601659,-0.02627952867386442,24.993962092052183,60,271.8,10.243682468834034,124,-5.946887608152651
3489,mixtura,packing_C,T08,largo,9,G4,8.18899924484895,0.7580389932107536,0.8057448890079627,False,453,479.8099221597486,-5.587613119601659,-0.02627952867386442,24.993962092052183,60,271.8,10.243682468834034,125,-5.990049778123905
3489,mixtura,packing_C,T08,largo,9,G4,8.18899924484895,0.7580389932107536,0.8057448890079627,False,453,479.8099221597486,-5.587613119601659,-0.02627952867386442,24.993962092052183,60,271.8,10.243682468834034,126,-5.984994550392201
3489,mixtura,packing_C,T08,largo,9,G4,8.18899924484895,0.7580389932107536,0.8057448890079627,False,453,479.8099221597486,-5.587613119601659,-0.02627952867386442,24.993962092052183,60,271.8,10.243682468834034,127,-6.188051888599989
3489,mixtura,packing_C,T08,largo,9,G4,8.18899924484895,0.7580389932107536,0.8057448890079627,False,453,479.8099221597486,-5.587613119601659,-0.02627952867386442,24.993962092052183,60,271.8,10.243682468834034,128,-6.312581374741049
3489,mixtura,packing_C,T08,largo,9,G4,8.18899924484895,0.7580389932107536,0.8057448890079627,False,453,479.8099221597486,-5.587613119601659,-0.02627952867386442,24.993962092052183,60,271.8,10.243682468834034,129,-6.547789058912221
3489,mixtura,packing_C,T08,largo,9,G4,8.18899924484895,0.7580389932107536,0.8057448890079627,False,453,479.8099221597486,-5.587613119601659,-0.02627952867386442,24.993962092052183,60,271.8,10.243682468834034,130,-6.4640603800076075
3489,mixtura,packing_C,T08,largo,9,G4,8.18899924484895,0.7580389932107536,0.8057448890079627,False,453,479.8099221597486,-5.587613119601659,-0.02627952867386442,24.993962092052183,60,271.8,10.243682468834034,131,-6.328381111842158
3489,mixtura,packing_C,T08,largo,9,G4,8.18899924484895,0.7580389932107536,0.8057448890079627,False,453,479.8099221597486,-5.587613119601659,-0.02627952867386442,24.993962092052183,60,271.8,10.243682468834034,132,-6.678795131013148
3489,mixtura,packing_C,T08,largo,9,G4,8.18899924484895,0.7580389932107536,0.8057448890079627,False,453,479.8099221597486,-5.587613119601659,-0.02627952867386442,24.993962092052183,60,271.8,10.243682468834034,133,-6.862456361365599
3489,mixtura,packing_C,T08,largo,9,G4,8.18899924484895,0.7580389932107536,0.8057448890079627,False,453,479.8099221597486,-5.587613119601659,-0.02627952867386442,24.993962092052183,60,271.8,10.243682468834034,134,-6.687231387975273
3489,mixtura,packing_C,T08,largo,9,G4,8.18899924484895,0.7580389932107536,0.8057448890079627,False,453,479.8099221597486,-5.587613119601659,-0.02627952867386442,24.993962092052183,60,271.8,10.243682468834034,135,-6.824059066945512
3489,mixtura,packing_C,T08,largo,9,G4,8.18899924484895,0.7580389932107536,0.8057448890079627,False,453,479.8099221597486,-5.587613119601659,-0.02627952867386442,24.993962092052183,60,271.8,10.243682468834034,136,-6.9656278732909644
3489,mixtura,packing_C,T08,largo,9,G4,8.18899924484895,0.7580389932107536,0.8057448890079627,False,453,479.8099221597486,-5.587613119601659,-0.02627952867386442,24.993962092052183,60,271.8,10.243682468834034,137,-6.83045019658735
3489,mixtura,packing_C,T08,largo,9,G4,8.18899924484895,0.7580389932107536,0.8057448890079627,False,453,479.8099221597486,-5.587613119601659,-0.02627952867386442,24.993962092052183,60,271.8,10.243682468834034,138,-7.044677886452412
3489,mixtura,packing_C,T08,largo,9,G4,8.18899924484895,0.7580389932107536,0.8057448890079627,False,453,479.8099221597486,-5.587613119601659,-0.02627952867386442,24.993962092052183,60,271.8,10.243682468834034,139,-6.914326757628696
3489,mixtura,packing_C,T08,largo,9,G4,8.18899924484895,0.7580389932107536,0.8057448890079627,False,453,479.8099221597486,-5.587613119601659,-0.02627952867386442,24.993962092052183,60,271.8,10.243682468834034,140,-6.861464212152977
3489,mixtura,packing_C,T08,largo,9,G4,8.18899924484895,0.7580389932107536,0.8057448890079627,False,453,479.8099221597486,-5.587613119601659,-0.02627952867386442,24.993962092052183,60,271.8,10.243682468834034,141,-6.987880459826002
3489,mixtura,packing_C,T08,largo,9,G4,8.18899924484895,0.7580389932107536,0.8057448890079627,False,453,479.8099221597486,-5.587613119601659,-0.02627952867386442,24.993962092052183,60,271.8,10.243682468834034,142,-6.9956294848328495
3489,mixtura,packing_C,T08,largo,9,G4,8.18899924484895,0.7580389932107536,0.8057448890079627,False,453,479.8099221597486,-5.587613119601659,-0.02627952867386442,24.993962092052183,60,271.8,10.243682468834034,143,-7.08727077261348
3489,mixtura,packing_C,T08,largo,9,G4,8.18899924484895,0.7580389932107536,0.8057448890079627,False,453,479.8099221597486,-5.587613119601659,-0.02627952867386442,24.993962092052183,60,271.8,10.243682468834034,144,-7.127306508879362
3489,mixtura,packing_C,T08,largo,9,G4,8.18899924484895,0.7580389932107536,0.8057448890079627,False,453,479.8099221597486,-5.587613119601659,-0.02627952867386442,24.993962092052183,60,271.8,10.243682468834034,145,-7.206712564915349
3489,mixtura,packing_C,T08,largo,9,G4,8.18899924484895,0.7580389932107536,0.8057448890079627,False,453,479.8099221597486,-5.587613119601659,-0.02627952867386442,24.993962092052183,60,271.8,10.243682468834034,146,-7.2859808704133044
3489,mixtura,packing_C,T08,largo,9,G4,8.18899924484895,0.7580389932107536,0.8057448890079627,False,453,479.8099221597486,-5.587613119601659,-0.02627952867386442,24.993962092052183,60,271.8,10.243682468834034,147,-7.259327697709224
3489,mixtura,packing_C,T08,largo,9,G4,8.18899924484895,0.7580389932107536,0.8057448890079627,False,453,479.8099221597486,-5.587613119601659,-0.02627952867386442,24.993962092052183,60,271.8,10.243682468834034,148,-7.109609598720045
3489,mixtura,packing_C,T08,largo,9,G4,8.18899924484895,0.7580389932107536,0.8057448890079627,False,453,479.8099221597486,-5.587613119601659,-0.02627952867386442,24.993962092052183,60,271.8,10.243682468834034,149,-7.3817664368991425
3489,mixtura,packing_C,T08,largo,9,G4,8.18899924484895,0.7580389932107536,0.8057448890079627,False,453,479.8099221597486,-5.587613119601659,-0.02627952867386442,24.993962092052183,60,271.8,10.243682468834034,150,-7.380176639560802
3489,mixtura,packing_C,T08,largo,9,G4,8.18899924484895,0.7580389932107536,0.8057448890079627,False,453,479.8099221597486,-5.587613119601659,-0.02627952867386442,24.993962092052183,60,271.8,10.243682468834034,151,-7.314513826571857
3489,mixtura,packing_C,T08,largo,9,G4,8.18899924484895,0.7580389932107536,0.8057448890079627,False,453,479.8099221597486,-5.587613119601659,-0.02627952867386442,24.993962092052183,60,271.8,10.243682468834034,152,-7.357041237755483
3489,mixtura,packing_C,T08,largo,9,G4,8.18899924484895,0.7580389932107536,0.8057448890079627,False,453,479.8099221597486,-5.587613119601659,-0.02627952867386442,24.993962092052183,60,271.8,10.243682468834034,153,-7.30015729278693
3489,mixtura,packing_C,T08,largo,9,G4,8.18899924484895,0.7580389932107536,0.8057448890079627,False,453,479.8099221597486,-5.587613119601659,-0.02627952867386442,24.993962092052183,60,271.8,10.243682468834034,154,-7.26974578626809
3489,mixtura,packing_C,T08,largo,9,G4,8.18899924484895,0.7580389932107536,0.8057448890079627,False,453,479.8099221597486,-5.587613119601659,-0.02627952867386442,24.993962092052183,60,271.8,10.243682468834034,155,-7.257301316381497
3489,mixtura,packing_C,T08,largo,9,G4,8.18899924484895,0.7580389932107536,0.8057448890079627,False,453,479.8099221597486,-5.587613119601659,-0.02627952867386442,24.993962092052183,60,271.8,10.243682468834034,156,-7.41347527851547
3489,mixtura,packing_C,T08,largo,9,G4,8.18899924484895,0.7580389932107536,0.8057448890079627,False,453,479.8099221597486,-5.587613119601659,-0.02627952867386442,24.993962092052183,60,271.8,10.243682468834034,157,-7.316793338372687
3489,mixtura,packing_C,T08,largo,9,G4,8.18899924484895,0.7580389932107536,0.8057448890079627,False,453,479.8099221597486,-5.587613119601659,-0.02627952867386442,24.993962092052183,60,271.8,10.243682468834034,158,-7.400326967034136
3489,mixtura,packing_C,T08,largo,9,G4,8.18899924484895,0.7580389932107536,0.8057448890079627,False,453,479.8099221597486,-5.587613119601659,-0.02627952867386442,24.993962092052183,60,271.8,10.243682468834034,159,-7.328653288387004
3489,mixtura,packing_C,T08,largo,9,G4,8.18899924484895,0.7580389932107536,0.8057448890079627,False,453,479.8099221597486,-5.587613119601659,-0.02627952867386442,24.993962092052183,60,271.8,10.243682468834034,160,-7.444853602168548
3489,mixtura,packing_C,T08,largo,9,G4,8.18899924484895,0.7580389932107536,0.8057448890079627,False,453,479.8099221597486,-5.587613119601659,-0.02627952867386442,24.993962092052183,60,271.8,10.243682468834034,161,-7.22266581707638
3489,mixtura,packing_C,T08,largo,9,G4,8.18899924484895,0.7580389932107536,0.8057448890079627,False,453,479.8099221597486,-5.587613119601659,-0.02627952867386442,24.993962092052183,60,271.8,10.243682468834034,162,-7.397820021487192
3489,mixtura,packing_C,T08,largo,9,G4,8.18899924484895,0.7580389932107536,0.8057448890079627,False,453,479.8099221597486,-5.587613119601659,-0.02627952867386442,24.993962092052183,60,271.8,10.243682468834034,163,-7.262550077558666
3489,mixtura,packing_C,T08,largo,9,G4,8.18899924484895,0.7580389932107536,0.8057448890079627,False,453,479.8099221597486,-5.587613119601659,-0.02627952867386442,24.993962092052183,60,271.8,10.243682468834034,164,-7.351064975763975
3489,mixtura,packing_C,T08,largo,9,G4,8.18899924484895,0.7580389932107536,0.8057448890079627,False,453,479.8099221597486,-5.587613119601659,-0.02627952867386442,24.993962092052183,60,271.8,10.243682468834034,165,-7.262152370322451
3489,mixtura,packing_C,T08,largo,9,G4,8.18899924484895,0.7580389932107536,0.8057448890079627,False,453,479.8099221597486,-5.587613119601659,-0.02627952867386442,24.993962092052183,60,271.8,10.243682468834034,166,-7.1824704925372425
3489,mixtura,packing_C,T08,largo,9,G4,8.18899924484895,0.7580389932107536,0.8057448890079627,False,453,479.8099221597486,-5.587613119601659,-0.02627952867386442,24.993962092052183,60,271.8,10.243682468834034,167,-7.177184877672479
3489,mixtura,packing_C,T08,largo,9,G4,8.18899924484895,0.7580389932107536,0.8057448890079627,False,453,479.8099221597486,-5.587613119601659,-0.02627952867386442,24.993962092052183,60,271.8,10.243682468834034,168,-7.198131222005489
3489,mixtura,packing_C,T08,largo,9,G4,8.18899924484895,0.7580389932107536,0.8057448890079627,False,453,479.8099221597486,-5.587613119601659,-0.02627952867386442,24.993962092052183,60,271.8,10.243682468834034,169,-7.0003869749718
3489,mixtura,packing_C,T08,largo,9,G4,8.18899924484895,0.7580389932107536,0.8057448890079627,False,453,479.8099221597486,-5.587613119601659,-0.02627952867386442,24.993962092052183,60,271.8,10.243682468834034,170,-7.065877905434413
3489,mixtura,packing_C,T08,largo,9,G4,8.18899924484895,0.7580389932107536,0.8057448890079627,False,453,479.8099221597486,-5.587613119601659,-0.02627952867386442,24.993962092052183,60,271.8,10.243682468834034,171,-7.0752765521283045
3489,mixtura,packing_C,T08,largo,9,G4,8.18899924484895,0.7580389932107536,0.8057448890079627,False,453,479.8099221597486,-5.587613119601659,-0.02627952867386442,24.993962092052183,60,271.8,10.243682468834034,172,-7.104077165124747
3489,mixtura,packing_C,T08,largo,9,G4,8.18899924484895,0.7580389932107536,0.8057448890079627,False,453,479.8099221597486,-5.587613119601659,-0.02627952867386442,24.993962092052183,60,271.8,10.243682468834034,173,-6.923448831817084
3489,mixtura,packing_C,T08,largo,9,G4,8.18899924484895,0.7580389932107536,0.8057448890079627,False,453,479.8099221597486,-5.587613119601659,-0.02627952867386442,24.993962092052183,60,271.8,10.243682468834034,174,-6.911185097629372
3489,mixtura,packing_C,T08,largo,9,G4,8.18899924484895,0.7580389932107536,0.8057448890079627,False,453,479.8099221597486,-5.587613119601659,-0.02627952867386442,24.993962092052183,60,271.8,10.243682468834034,175,-7.0468018796465
3489,mixtura,packing_C,T08,largo,9,G4,8.18899924484895,0.7580389932107536,0.8057448890079627,False,453,479.8099221597486,-5.587613119601659,-0.02627952867386442,24.993962092052183,60,271.8,10.243682468834034,176,-6.966084089188652
3489,mixtura,packing_C,T08,largo,9,G4,8.18899924484895,0.7580389932107536,0.8057448890079627,False,453,479.8099221597486,-5.587613119601659,-0.02627952867386442,24.993962092052183,60,271.8,10.243682468834034,177,-6.879639668928399
3489,mixtura,packing_C,T08,largo,9,G4,8.18899924484895,0.7580389932107536,0.8057448890079627,False,453,479.8099221597486,-5.587613119601659,-0.02627952867386442,24.993962092052183,60,271.8,10.243682468834034,178,-6.758015504215218
3489,mixtura,packing_C,T08,largo,9,G4,8.18899924484895,0.7580389932107536,0.8057448890079627,False,453,479.8099221597486,-5.587613119601659,-0.02627952867386442,24.993962092052183,60,271.8,10.243682468834034,179,-6.915225175430068
3489,mixtura,packing_C,T08,largo,9,G4,8.18899924484895,0.7580389932107536,0.8057448890079627,False,453,479.8099221597486,-5.587613119601659,-0.02627952867386442,24.993962092052183,60,271.8,10.243682468834034,180,-6.706642524655629
3489,mixtura,packing_C,T08,largo,9,G4,8.18899924484895,0.7580389932107536,0.8057448890079627,False,453,479.8099221597486,-5.587613119601659,-0.02627952867386442,24.993962092052183,60,271.8,10.243682468834034,181,-6.777119244983924
3489,mixtura,packing_C,T08,largo,9,G4,8.18899924484895,0.7580389932107536,0.8057448890079627,False,453,479.8099221597486,-5.587613119601659,-0.02627952867386442,24.993962092052183,60,271.8,10.243682468834034,182,-6.661793525999341
3489,mixtura,packing_C,T08,largo,9,G4,8.18899924484895,0.7580389932107536,0.8057448890079627,False,453,479.8099221597486,-5.587613119601659,-0.02627952867386442,24.993962092052183,60,271.8,10.243682468834034,183,-6.532094811973213
3489,mixtura,packing_C,T08,largo,9,G4,8.18899924484895,0.7580389932107536,0.8057448890079627,False,453,479.8099221597486,-5.587613119601659,-0.02627952867386442,24.993962092052183,60,271.8,10.243682468834034,184,-6.396593360605306
3489,mixtura,packing_C,T08,largo,9,G4,8.18899924484895,0.7580389932107536,0.8057448890079627,False,453,479.8099221597486,-5.587613119601659,-0.02627952867386442,24.993962092052183,60,271.8,10.243682468834034,185,-6.506091722198405
3489,mixtura,packing_C,T08,largo,9,G4,8.18899924484895,0.7580389932107536,0.8057448890079627,False,453,479.8099221597486,-5.587613119601659,-0.02627952867386442,24.993962092052183,60,271.8,10.243682468834034,186,-6.497536428019346
3489,mixtura,packing_C,T08,largo,9,G4,8.18899924484895,0.7580389932107536,0.8057448890079627,False,453,479.8099221597486,-5.587613119601659,-0.02627952867386442,24.993962092052183,60,271.8,10.243682468834034,187,-6.333480128523699
3489,mixtura,packing_C,T08,largo,9,G4,8.18899924484895,0.7580389932107536,0.8057448890079627,False,453,479.8099221597486,-5.587613119601659,-0.02627952867386442,24.993962092052183,60,271.8,10.243682468834034,188,-6.344509002699126
3489,mixtura,packing_C,T08,largo,9,G4,8.18899924484895,0.7580389932107536,0.8057448890079627,False,453,479.8099221597486,-5.587613119601659,-0.02627952867386442,24.993962092052183,60,271.8,10.243682468834034,189,-6.186691470519494
3489,mixtura,packing_C,T08,largo,9,G4,8.18899924484895,0.7580389932107536,0.8057448890079627,False,453,479.8099221597486,-5.587613119601659,-0.02627952867386442,24.993962092052183,60,271.8,10.243682468834034,190,-6.136566526115051
3489,mixtura,packing_C,T08,largo,9,G4,8.18899924484895,0.7580389932107536,0.8057448890079627,False,453,479.8099221597486,-5.587613119601659,-0.02627952867386442,24.993962092052183,60,271.8,10.243682468834034,191,-6.24743929208768
3489,mixtura,packing_C,T08,largo,9,G4,8.18899924484895,0.7580389932107536,0.8057448890079627,False,453,479.8099221597486,-5.587613119601659,-0.02627952867386442,24.993962092052183,60,271.8,10.243682468834034,192,-6.072091662020552
3489,mixtura,packing_C,T08,largo,9,G4,8.18899924484895,0.7580389932107536,0.8057448890079627,False,453,479.8099221597486,-5.587613119601659,-0.02627952867386442,24.993962092052183,60,271.8,10.243682468834034,193,-5.785071417438331
3489,mixtura,packing_C,T08,largo,9,G4,8.18899924484895,0.7580389932107536,0.8057448890079627,False,453,479.8099221597486,-5.587613119601659,-0.02627952867386442,24.993962092052183,60,271.8,10.243682468834034,194,-5.872247816787207
3489,mixtura,packing_C,T08,largo,9,G4,8.18899924484895,0.7580389932107536,0.8057448890079627,False,453,479.8099221597486,-5.587613119601659,-0.02627952867386442,24.993962092052183,60,271.8,10.243682468834034,195,-5.963291831702577
3489,mixtura,packing_C,T08,largo,9,G4,8.18899924484895,0.7580389932107536,0.8057448890079627,False,453,479.8099221597486,-5.587613119601659,-0.02627952867386442,24.993962092052183,60,271.8,10.243682468834034,196,-5.855780590976173
3489,mixtura,packing_C,T08,largo,9,G4,8.18899924484895,0.7580389932107536,0.8057448890079627,False,453,479.8099221597486,-5.587613119601659,-0.02627952867386442,24.993962092052183,60,271.8,10.243682468834034,197,-5.6530604223687195
3489,mixtura,packing_C,T08,largo,9,G4,8.18899924484895,0.7580389932107536,0.8057448890079627,False,453,479.8099221597486,-5.587613119601659,-0.02627952867386442,24.993962092052183,60,271.8,10.243682468834034,198,-5.72328693440058
3489,mixtura,packing_C,T08,largo,9,G4,8.18899924484895,0.7580389932107536,0.8057448890079627,False,453,479.8099221597486,-5.587613119601659,-0.02627952867386442,24.993962092052183,60,271.8,10.243682468834034,199,-5.553249059310099
3489,mixtura,packing_C,T08,largo,9,G4,8.18899924484895,0.7580389932107536,0.8057448890079627,False,453,479.8099221597486,-5.587613119601659,-0.02627952867386442,24.993962092052183,60,271.8,10.243682468834034,200,-5.681091650241255
3489,mixtura,packing_C,T08,largo,9,G4,8.18899924484895,0.7580389932107536,0.8057448890079627,False,453,479.8099221597486,-5.587613119601659,-0.02627952867386442,24.993962092052183,60,271.8,10.243682468834034,201,-5.319249076737475
3489,mixtura,packing_C,T08,largo,9,G4,8.18899924484895,0.7580389932107536,0.8057448890079627,False,453,479.8099221597486,-5.587613119601659,-0.02627952867386442,24.993962092052183,60,271.8,10.243682468834034,202,-5.317400851535095
3489,mixtura,packing_C,T08,largo,9,G4,8.18899924484895,0.7580389932107536,0.8057448890079627,False,453,479.8099221597486,-5.587613119601659,-0.02627952867386442,24.993962092052183,60,271.8,10.243682468834034,203,-5.1785811140348335
3489,mixtura,packing_C,T08,largo,9,G4,8.18899924484895,0.7580389932107536,0.8057448890079627,False,453,479.8099221597486,-5.587613119601659,-0.02627952867386442,24.993962092052183,60,271.8,10.243682468834034,204,-5.1695040876345075
3489,mixtura,packing_C,T08,largo,9,G4,8.18899924484895,0.7580389932107536,0.8057448890079627,False,453,479.8099221597486,-5.587613119601659,-0.02627952867386442,24.993962092052183,60,271.8,10.243682468834034,205,-5.023212995683758
3489,mixtura,packing_C,T08,largo,9,G4,8.18899924484895,0.7580389932107536,0.8057448890079627,False,453,479.8099221597486,-5.587613119601659,-0.02627952867386442,24.993962092052183,60,271.8,10.243682468834034,206,-5.125442298039028
3489,mixtura,packing_C,T08,largo,9,G4,8.18899924484895,0.7580389932107536,0.8057448890079627,False,453,479.8099221597486,-5.587613119601659,-0.02627952867386442,24.993962092052183,60,271.8,10.243682468834034,207,-4.739086669613859
3489,mixtura,packing_C,T08,largo,9,G4,8.18899924484895,0.7580389932107536,0.8057448890079627,False,453,479.8099221597486,-5.587613119601659,-0.02627952867386442,24.993962092052183,60,271.8,10.243682468834034,208,-5.128055800127198
3489,mixtura,packing_C,T08,largo,9,G4,8.18899924484895,0.7580389932107536,0.8057448890079627,False,453,479.8099221597486,-5.587613119601659,-0.02627952867386442,24.993962092052183,60,271.8,10.243682468834034,209,-4.717566238423027
3489,mixtura,packing_C,T08,largo,9,G4,8.18899924484895,0.7580389932107536,0.8057448890079627,False,453,479.8099221597486,-5.587613119601659,-0.02627952867386442,24.993962092052183,60,271.8,10.243682468834034,210,-4.822053940192508
3489,mixtura,packing_C,T08,largo,9,G4,8.18899924484895,0.7580389932107536,0.8057448890079627,False,453,479.8099221597486,-5.587613119601659,-0.02627952867386442,24.993962092052183,60,271.8,10.243682468834034,211,-4.771531648607837
3489,mixtura,packing_C,T08,largo,9,G4,8.18899924484895,0.7580389932107536,0.8057448890079627,False,453,479.8099221597486,-5.587613119601659,-0.02627952867386442,24.993962092052183,60,271.8,10.243682468834034,212,-4.780475213524433
3489,mixtura,packing_C,T08,largo,9,G4,8.18899924484895,0.7580389932107536,0.8057448890079627,False,453,479.8099221597486,-5.587613119601659,-0.02627952867386442,24.993962092052183,60,271.8,10.243682468834034,213,-4.406277563913885
3489,mixtura,packing_C,T08,largo,9,G4,8.18899924484895,0.7580389932107536,0.8057448890079627,False,453,479.8099221597486,-5.587613119601659,-0.02627952867386442,24.993962092052183,60,271.8,10.243682468834034,214,-4.527675543506803
3489,mixtura,packing_C,T08,largo,9,G4,8.18899924484895,0.7580389932107536,0.8057448890079627,False,453,479.8099221597486,-5.587613119601659,-0.02627952867386442,24.993962092052183,60,271.8,10.243682468834034,215,-4.480350163024646
3489,mixtura,packing_C,T08,largo,9,G4,8.18899924484895,0.7580389932107536,0.8057448890079627,False,453,479.8099221597486,-5.587613119601659,-0.02627952867386442,24.993962092052183,60,271.8,10.243682468834034,216,-4.340931091558075
3489,mixtura,packing_C,T08,largo,9,G4,8.18899924484895,0.7580389932107536,0.8057448890079627,False,453,479.8099221597486,-5.587613119601659,-0.02627952867386442,24.993962092052183,60,271.8,10.243682468834034,217,-4.088022810894896
3489,mixtura,packing_C,T08,largo,9,G4,8.18899924484895,0.7580389932107536,0.8057448890079627,False,453,479.8099221597486,-5.587613119601659,-0.02627952867386442,24.993962092052183,60,271.8,10.243682468834034,218,-4.123473534138541
3489,mixtura,packing_C,T08,largo,9,G4,8.18899924484895,0.7580389932107536,0.8057448890079627,False,453,479.8099221597486,-5.587613119601659,-0.02627952867386442,24.993962092052183,60,271.8,10.243682468834034,219,-3.9825984082461425
3489,mixtura,packing_C,T08,largo,9,G4,8.18899924484895,0.7580389932107536,0.8057448890079627,False,453,479.8099221597486,-5.587613119601659,-0.02627952867386442,24.993962092052183,60,271.8,10.243682468834034,220,-3.783250566153486
3489,mixtura,packing_C,T08,largo,9,G4,8.18899924484895,0.7580389932107536,0.8057448890079627,False,453,479.8099221597486,-5.587613119601659,-0.02627952867386442,24.993962092052183,60,271.8,10.243682468834034,221,-3.7750598376457933
3489,mixtura,packing_C,T08,largo,9,G4,8.18899924484895,0.7580389932107536,0.8057448890079627,False,453,479.8099221597486,-5.587613119601659,-0.02627952867386442,24.993962092052183,60,271.8,10.243682468834034,222,-3.761503782949433
3489,mixtura,packing_C,T08,largo,9,G4,8.18899924484895,0.7580389932107536,0.8057448890079627,False,453,479.8099221597486,-5.587613119601659,-0.02627952867386442,24.993962092052183,60,271.8,10.243682468834034,223,-3.713661625274187
3489,mixtura,packing_C,T08,largo,9,G4,8.18899924484895,0.7580389932107536,0.8057448890079627,False,453,479.8099221597486,-5.587613119601659,-0.02627952867386442,24.993962092052183,60,271.8,10.243682468834034,224,-3.671082828298549
3489,mixtura,packing_C,T08,largo,9,G4,8.18899924484895,0.7580389932107536,0.8057448890079627,False,453,479.8099221597486,-5.587613119601659,-0.02627952867386442,24.993962092052183,60,271.8,10.243682468834034,225,-3.6298085226519725
3489,mixtura,packing_C,T08,largo,9,G4,8.18899924484895,0.7580389932107536,0.8057448890079627,False,453,479.8099221597486,-5.587613119601659,-0.02627952867386442,24.993962092052183,60,271.8,10.243682468834034,226,-3.4933844685305453
3489,mixtura,packing_C,T08,largo,9,G4,8.18899924484895,0.7580389932107536,0.8057448890079627,False,453,479.8099221597486,-5.587613119601659,-0.02627952867386442,24.993962092052183,60,271.8,10.243682468834034,227,-3.34866622741039
3489,mixtura,packing_C,T08,largo,9,G4,8.18899924484895,0.7580389932107536,0.8057448890079627,False,453,479.8099221597486,-5.587613119601659,-0.02627952867386442,24.993962092052183,60,271.8,10.243682468834034,228,-3.424157265224383
3489,mixtura,packing_C,T08,largo,9,G4,8.18899924484895,0.7580389932107536,0.8057448890079627,False,453,479.8099221597486,-5.587613119601659,-0.02627952867386442,24.993962092052183,60,271.8,10.243682468834034,229,-3.069947886917974
3489,mixtura,packing_C,T08,largo,9,G4,8.18899924484895,0.7580389932107536,0.8057448890079627,False,453,479.8099221597486,-5.587613119601659,-0.02627952867386442,24.993962092052183,60,271.8,10.243682468834034,230,-3.269006672538926
3489,mixtura,packing_C,T08,largo,9,G4,8.18899924484895,0.7580389932107536,0.8057448890079627,False,453,479.8099221597486,-5.587613119601659,-0.02627952867386442,24.993962092052183,60,271.8,10.243682468834034,231,-2.993071019469017
3489,mixtura,packing_C,T08,largo,9,G4,8.18899924484895,0.7580389932107536,0.8057448890079627,False,453,479.8099221597486,-5.587613119601659,-0.02627952867386442,24.993962092052183,60,271.8,10.243682468834034,232,-2.9925210860843774
3489,mixtura,packing_C,T08,largo,9,G4,8.18899924484895,0.7580389932107536,0.8057448890079627,False,453,479.8099221597486,-5.587613119601659,-0.02627952867386442,24.993962092052183,60,271.8,10.243682468834034,233,-2.7575409181695587
3489,mixtura,packing_C,T08,largo,9,G4,8.18899924484895,0.7580389932107536,0.8057448890079627,False,453,479.8099221597486,-5.587613119601659,-0.02627952867386442,24.993962092052183,60,271.8,10.243682468834034,234,-2.799228738702371
3489,mixtura,packing_C,T08,largo,9,G4,8.18899924484895,0.7580389932107536,0.8057448890079627,False,453,479.8099221597486,-5.587613119601659,-0.02627952867386442,24.993962092052183,60,271.8,10.243682468834034,235,-2.8517901159384436
3489,mixtura,packing_C,T08,largo,9,G4,8.18899924484895,0.7580389932107536,0.8057448890079627,False,453,479.8099221597486,-5.587613119601659,-0.02627952867386442,24.993962092052183,60,271.8,10.243682468834034,236,-2.7193788173268905
3489,mixtura,packing_C,T08,largo,9,G4,8.18899924484895,0.7580389932107536,0.8057448890079627,False,453,479.8099221597486,-5.587613119601659,-0.02627952867386442,24.993962092052183,60,271.8,10.243682468834034,237,-2.476796258753054
3489,mixtura,packing_C,T08,largo,9,G4,8.18899924484895,0.7580389932107536,0.8057448890079627,False,453,479.8099221597486,-5.587613119601659,-0.02627952867386442,24.993962092052183,60,271.8,10.243682468834034,238,-2.5464674722891663
3489,mixtura,packing_C,T08,largo,9,G4,8.18899924484895,0.7580389932107536,0.8057448890079627,False,453,479.8099221597486,-5.587613119601659,-0.02627952867386442,24.993962092052183,60,271.8,10.243682468834034,239,-2.3252037022503362
3489,mixtura,packing_C,T08,largo,9,G4,8.18899924484895,0.7580389932107536,0.8057448890079627,False,453,479.8099221597486,-5.587613119601659,-0.02627952867386442,24.993962092052183,60,271.8,10.243682468834034,240,-2.190021532009273
3489,mixtura,packing_C,T08,largo,9,G4,8.18899924484895,0.7580389932107536,0.8057448890079627,False,453,479.8099221597486,-5.587613119601659,-0.02627952867386442,24.993962092052183,60,271.8,10.243682468834034,241,-2.1405909391657043
3489,mixtura,packing_C,T08,largo,9,G4,8.18899924484895,0.7580389932107536,0.8057448890079627,False,453,479.8099221597486,-5.587613119601659,-0.02627952867386442,24.993962092052183,60,271.8,10.243682468834034,242,-2.2495590015880347
3489,mixtura,packing_C,T08,largo,9,G4,8.18899924484895,0.7580389932107536,0.8057448890079627,False,453,479.8099221597486,-5.587613119601659,-0.02627952867386442,24.993962092052183,60,271.8,10.243682468834034,243,-1.9633901095688664
3489,mixtura,packing_C,T08,largo,9,G4,8.18899924484895,0.7580389932107536,0.8057448890079627,False,453,479.8099221597486,-5.587613119601659,-0.02627952867386442,24.993962092052183,60,271.8,10.243682468834034,244,-1.945367561073101
3489,mixtura,packing_C,T08,largo,9,G4,8.18899924484895,0.7580389932107536,0.8057448890079627,False,453,479.8099221597486,-5.587613119601659,-0.02627952867386442,24.993962092052183,60,271.8,10.243682468834034,245,-1.9956710075253996
3489,mixtura,packing_C,T08,largo,9,G4,8.18899924484895,0.7580389932107536,0.8057448890079627,False,453,479.8099221597486,-5.587613119601659,-0.02627952867386442,24.993962092052183,60,271.8,10.243682468834034,246,-1.8451423972585375
3489,mixtura,packing_C,T08,largo,9,G4,8.18899924484895,0.7580389932107536,0.8057448890079627,False,453,479.8099221597486,-5.587613119601659,-0.02627952867386442,24.993962092052183,60,271.8,10.243682468834034,247,-1.6304102991786316
3489,mixtura,packing_C,T08,largo,9,G4,8.18899924484895,0.7580389932107536,0.8057448890079627,False,453,479.8099221597486,-5.587613119601659,-0.02627952867386442,24.993962092052183,60,271.8,10.243682468834034,248,-1.8454153964670994
3489,mixtura,packing_C,T08,largo,9,G4,8.18899924484895,0.7580389932107536,0.8057448890079627,False,453,479.8099221597486,-5.587613119601659,-0.02627952867386442,24.993962092052183,60,271.8,10.243682468834034,249,-1.6101792865511195
3489,mixtura,packing_C,T08,largo,9,G4,8.18899924484895,0.7580389932107536,0.8057448890079627,False,453,479.8099221597486,-5.587613119601659,-0.02627952867386442,24.993962092052183,60,271.8,10.243682468834034,250,-1.580395809228873
3489,mixtura,packing_C,T08,largo,9,G4,8.18899924484895,0.7580389932107536,0.8057448890079627,False,453,479.8099221597486,-5.587613119601659,-0.02627952867386442,24.993962092052183,60,271.8,10.243682468834034,251,-1.210655456002582
3489,mixtura,packing_C,T08,largo,9,G4,8.18899924484895,0.7580389932107536,0.8057448890079627,False,453,479.8099221597486,-5.587613119601659,-0.02627952867386442,24.993962092052183,60,271.8,10.243682468834034,252,-1.326268297592244
3489,mixtura,packing_C,T08,largo,9,G4,8.18899924484895,0.7580389932107536,0.8057448890079627,False,453,479.8099221597486,-5.587613119601659,-0.02627952867386442,24.993962092052183,60,271.8,10.243682468834034,253,-1.2885858891078523
3489,mixtura,packing_C,T08,largo,9,G4,8.18899924484895,0.7580389932107536,0.8057448890079627,False,453,479.8099221597486,-5.587613119601659,-0.02627952867386442,24.993962092052183,60,271.8,10.243682468834034,254,-1.3074385828561916
3489,mixtura,packing_C,T08,largo,9,G4,8.18899924484895,0.7580389932107536,0.8057448890079627,False,453,479.8099221597486,-5.587613119601659,-0.02627952867386442,24.993962092052183,60,271.8,10.243682468834034,255,-1.1503436882807963
3489,mixtura,packing_C,T08,largo,9,G4,8.18899924484895,0.7580389932107536,0.8057448890079627,False,453,479.8099221597486,-5.587613119601659,-0.02627952867386442,24.993962092052183,60,271.8,10.243682468834034,256,-1.378536261448246
3489,mixtura,packing_C,T08,largo,9,G4,8.18899924484895,0.7580389932107536,0.8057448890079627,False,453,479.8099221597486,-5.587613119601659,-0.02627952867386442,24.993962092052183,60,271.8,10.243682468834034,257,-0.9191110444847228
3489,mixtura,packing_C,T08,largo,9,G4,8.18899924484895,0.7580389932107536,0.8057448890079627,False,453,479.8099221597486,-5.587613119601659,-0.02627952867386442,24.993962092052183,60,271.8,10.243682468834034,258,-1.0877020843595528
3489,mixtura,packing_C,T08,largo,9,G4,8.18899924484895,0.7580389932107536,0.8057448890079627,False,453,479.8099221597486,-5.587613119601659,-0.02627952867386442,24.993962092052183,60,271.8,10.243682468834034,259,-0.814830544502839
3489,mixtura,packing_C,T08,largo,9,G4,8.18899924484895,0.7580389932107536,0.8057448890079627,False,453,479.8099221597486,-5.587613119601659,-0.02627952867386442,24.993962092052183,60,271.8,10.243682468834034,260,-0.7506262117667086
3489,mixtura,packing_C,T08,largo,9,G4,8.18899924484895,0.7580389932107536,0.8057448890079627,False,453,479.8099221597486,-5.587613119601659,-0.02627952867386442,24.993962092052183,60,271.8,10.243682468834034,261,-0.770765834783227
3489,mixtura,packing_C,T08,largo,9,G4,8.18899924484895,0.7580389932107536,0.8057448890079627,False,453,479.8099221597486,-5.587613119601659,-0.02627952867386442,24.993962092052183,60,271.8,10.243682468834034,262,-0.8985145753360059
3489,mixtura,packing_C,T08,largo,9,G4,8.18899924484895,0.7580389932107536,0.8057448890079627,False,453,479.8099221597486,-5.587613119601659,-0.02627952867386442,24.993962092052183,60,271.8,10.243682468834034,263,-0.5275508292009423
3489,mixtura,packing_C,T08,largo,9,G4,8.18899924484895,0.7580389932107536,0.8057448890079627,False,453,479.8099221597486,-5.587613119601659,-0.02627952867386442,24.993962092052183,60,271.8,10.243682468834034,264,-0.5786866387820102
3489,mixtura,packing_C,T08,largo,9,G4,8.18899924484895,0.7580389932107536,0.8057448890079627,False,453,479.8099221597486,-5.587613119601659,-0.02627952867386442,24.993962092052183,60,271.8,10.243682468834034,265,-0.6858644996963759
3489,mixtura,packing_C,T08,largo,9,G4,8.18899924484895,0.7580389932107536,0.8057448890079627,False,453,479.8099221597486,-5.587613119601659,-0.02627952867386442,24.993962092052183,60,271.8,10.243682468834034,266,-0.42302279868099196
3489,mixtura,packing_C,T08,largo,9,G4,8.18899924484895,0.7580389932107536,0.8057448890079627,False,453,479.8099221597486,-5.587613119601659,-0.02627952867386442,24.993962092052183,60,271.8,10.243682468834034,267,-0.5393961273545568
3489,mixtura,packing_C,T08,largo,9,G4,8.18899924484895,0.7580389932107536,0.8057448890079627,False,453,479.8099221597486,-5.587613119601659,-0.02627952867386442,24.993962092052183,60,271.8,10.243682468834034,268,-0.433748592615939
3489,mixtura,packing_C,T08,largo,9,G4,8.18899924484895,0.7580389932107536,0.8057448890079627,False,453,479.8099221597486,-5.587613119601659,-0.02627952867386442,24.993962092052183,60,271.8,10.243682468834034,269,-0.23800242618260908
3489,mixtura,packing_C,T08,largo,9,G4,8.18899924484895,0.7580389932107536,0.8057448890079627,False,453,479.8099221597486,-5.587613119601659,-0.02627952867386442,24.993962092052183,60,271.8,10.243682468834034,270,-0.10662573569547325
3489,mixtura,packing_C,T08,largo,9,G4,8.18899924484895,0.7580389932107536,0.8057448890079627,False,453,479.8099221597486,-5.587613119601659,-0.02627952867386442,24.993962092052183,60,271.8,10.243682468834034,271,-0.21474131565662452
3489,mixtura,packing_C,T08,largo,9,G4,8.18899924484895,0.7580389932107536,0.8057448890079627,False,453,479.8099221597486,-5.587613119601659,-0.02627952867386442,24.993962092052183,60,271.8,10.243682468834034,272,0.27845323400663613
3489,mixtura,packing_C,T08,largo,9,G4,8.18899924484895,0.7580389932107536,0.8057448890079627,False,453,479.8099221597486,-5.587613119601659,-0.02627952867386442,24.993962092052183,60,271.8,10.243682468834034,273,0.16733695447131502
3489,mixtura,packing_C,T08,largo,9,G4,8.18899924484895,0.7580389932107536,0.8057448890079627,False,453,479.8099221597486,-5.587613119601659,-0.02627952867386442,24.993962092052183,60,271.8,10.243682468834034,274,0.29055828765945035
3489,mixtura,packing_C,T08,largo,9,G4,8.18899924484895,0.7580389932107536,0.8057448890079627,False,453,479.8099221597486,-5.587613119601659,-0.02627952867386442,24.993962092052183,60,271.8,10.243682468834034,275,0.36433731314689977
3489,mixtura,packing_C,T08,largo,9,G4,8.18899924484895,0.7580389932107536,0.8057448890079627,False,453,479.8099221597486,-5.587613119601659,-0.02627952867386442,24.993962092052183,60,271.8,10.243682468834034,276,0.38779750215918996
3489,mixtura,packing_C,T08,largo,9,G4,8.18899924484895,0.7580389932107536,0.8057448890079627,False,453,479.8099221597486,-5.587613119601659,-0.02627952867386442,24.993962092052183,60,271.8,10.243682468834034,277,0.4570205818311592
3489,mixtura,packing_C,T08,largo,9,G4,8.18899924484895,0.7580389932107536,0.8057448890079627,False,453,479.8099221597486,-5.587613119601659,-0.02627952867386442,24.993962092052183,60,271.8,10.243682468834034,278,0.5089837777507282
3489,mixtura,packing_C,T08,largo,9,G4,8.18899924484895,0.7580389932107536,0.8057448890079627,False,453,479.8099221597486,-5.587613119601659,-0.02627952867386442,24.993962092052183,60,271.8,10.243682468834034,279,0.48115648213298085
3489,mixtura,packing_C,T08,largo,9,G4,8.18899924484895,0.7580389932107536,0.8057448890079627,False,453,479.8099221597486,-5.587613119601659,-0.02627952867386442,24.993962092052183,60,271.8,10.243682468834034,280,0.38789711007436095
3489,mixtura,packing_C,T08,largo,9,G4,8.18899924484895,0.7580389932107536,0.8057448890079627,False,453,479.8099221597486,-5.587613119601659,-0.02627952867386442,24.993962092052183,60,271.8,10.243682468834034,281,0.38443028490166997
3489,mixtura,packing_C,T08,largo,9,G4,8.18899924484895,0.7580389932107536,0.8057448890079627,False,453,479.8099221597486,-5.587613119601659,-0.02627952867386442,24.993962092052183,60,271.8,10.243682468834034,282,0.31680298680740926
3489,mixtura,packing_C,T08,largo,9,G4,8.18899924484895,0.7580389932107536,0.8057448890079627,False,453,479.8099221597486,-5.587613119601659,-0.02627952867386442,24.993962092052183,60,271.8,10.243682468834034,283,0.15553013558689643
3489,mixtura,packing_C,T08,largo,9,G4,8.18899924484895,0.7580389932107536,0.8057448890079627,False,453,479.8099221597486,-5.587613119601659,-0.02627952867386442,24.993962092052183,60,271.8,10.243682468834034,284,-0.04154784324439485
3489,mixtura,packing_C,T08,largo,9,G4,8.18899924484895,0.7580389932107536,0.8057448890079627,False,453,479.8099221597486,-5.587613119601659,-0.02627952867386442,24.993962092052183,60,271.8,10.243682468834034,285,-0.0696221243847409
3489,mixtura,packing_C,T08,largo,9,G4,8.18899924484895,0.7580389932107536,0.8057448890079627,False,453,479.8099221597486,-5.587613119601659,-0.02627952867386442,24.993962092052183,60,271.8,10.243682468834034,286,-0.11672098115740874
3489,mixtura,packing_C,T08,largo,9,G4,8.18899924484895,0.7580389932107536,0.8057448890079627,False,453,479.8099221597486,-5.587613119601659,-0.02627952867386442,24.993962092052183,60,271.8,10.243682468834034,287,-0.1695313867488048
3489,mixtura,packing_C,T08,largo,9,G4,8.18899924484895,0.7580389932107536,0.8057448890079627,False,453,479.8099221597486,-5.587613119601659,-0.02627952867386442,24.993962092052183,60,271.8,10.243682468834034,288,-0.3348763139694721
3489,mixtura,packing_C,T08,largo,9,G4,8.18899924484895,0.7580389932107536,0.8057448890079627,False,453,479.8099221597486,-5.587613119601659,-0.02627952867386442,24.993962092052183,60,271.8,10.243682468834034,289,-0.4684260967335231
3489,mixtura,packing_C,T08,largo,9,G4,8.18899924484895,0.7580389932107536,0.8057448890079627,False,453,479.8099221597486,-5.587613119601659,-0.02627952867386442,24.993962092052183,60,271.8,10.243682468834034,290,-0.32582778875862894
3489,mixtura,packing_C,T08,largo,9,G4,8.18899924484895,0.7580389932107536,0.8057448890079627,False,453,479.8099221597486,-5.587613119601659,-0.02627952867386442,24.993962092052183,60,271.8,10.243682468834034,291,-0.44843529494875556
3489,mixtura,packing_C,T08,largo,9,G4,8.18899924484895,0.7580389932107536,0.8057448890079627,False,453,479.8099221597486,-5.587613119601659,-0.02627952867386442,24.993962092052183,60,271.8,10.243682468834034,292,-0.5370703512372812
3489,mixtura,packing_C,T08,largo,9,G4,8.18899924484895,0.7580389932107536,0.8057448890079627,False,453,479.8099221597486,-5.587613119601659,-0.02627952867386442,24.993962092052183,60,271.8,10.243682468834034,293,-0.6605078259684047
3489,mixtura,packing_C,T08,largo,9,G4,8.18899924484895,0.7580389932107536,0.8057448890079627,False,453,479.8099221597486,-5.587613119601659,-0.02627952867386442,24.993962092052183,60,271.8,10.243682468834034,294,-0.42136127269309576
3489,mixtura,packing_C,T08,largo,9,G4,8.18899924484895,0.7580389932107536,0.8057448890079627,False,453,479.8099221597486,-5.587613119601659,-0.02627952867386442,24.993962092052183,60,271.8,10.243682468834034,295,-0.4763902749986833
3489,mixtura,packing_C,T08,largo,9,G4,8.18899924484895,0.7580389932107536,0.8057448890079627,False,453,479.8099221597486,-5.587613119601659,-0.02627952867386442,24.993962092052183,60,271.8,10.243682468834034,296,-0.39670670876540476
3489,mixtura,packing_C,T08,largo,9,G4,8.18899924484895,0.7580389932107536,0.8057448890079627,False,453,479.8099221597486,-5.587613119601659,-0.02627952867386442,24.993962092052183,60,271.8,10.243682468834034,297,-0.4383582221027447
3489,mixtura,packing_C,T08,largo,9,G4,8.18899924484895,0.7580389932107536,0.8057448890079627,False,453,479.8099221597486,-5.587613119601659,-0.02627952867386442,24.993962092052183,60,271.8,10.243682468834034,298,-0.2950067295229256
3489,mixtura,packing_C,T08,largo,9,G4,8.18899924484895,0.7580389932107536,0.8057448890079627,False,453,479.8099221597486,-5.587613119601659,-0.02627952867386442,24.993962092052183,60,271.8,10.243682468834034,299,-0.11079897281886616
3489,mixtura,packing_C,T08,largo,9,G4,8.18899924484895,0.7580389932107536,0.8057448890079627,False,453,479.8099221597486,-5.587613119601659,-0.02627952867386442,24.993962092052183,60,271.8,10.243682468834034,300,-0.020830068682353868
3489,mixtura,packing_C,T08,largo,9,G4,8.18899924484895,0.7580389932107536,0.8057448890079627,False,453,479.8099221597486,-5.587613119601659,-0.02627952867386442,24.993962092052183,60,271.8,10.243682468834034,301,0.04789904808140786
3489,mixtura,packing_C,T08,largo,9,G4,8.18899924484895,0.7580389932107536,0.8057448890079627,False,453,479.8099221597486,-5.587613119601659,-0.02627952867386442,24.993962092052183,60,271.8,10.243682468834034,302,0.14396205517057498
3489,mixtura,packing_C,T08,largo,9,G4,8.18899924484895,0.7580389932107536,0.8057448890079627,False,453,479.8099221597486,-5.587613119601659,-0.02627952867386442,24.993962092052183,60,271.8,10.243682468834034,303,0.44367937799812024
3489,mixtura,packing_C,T08,largo,9,G4,8.18899924484895,0.7580389932107536,0.8057448890079627,False,453,479.8099221597486,-5.587613119601659,-0.02627952867386442,24.993962092052183,60,271.8,10.243682468834034,304,0.29774260479279935
3489,mixtura,packing_C,T08,largo,9,G4,8.18899924484895,0.7580389932107536,0.8057448890079627,False,453,479.8099221597486,-5.587613119601659,-0.02627952867386442,24.993962092052183,60,271.8,10.243682468834034,305,0.5729301625080674
3489,mixtura,packing_C,T08,largo,9,G4,8.18899924484895,0.7580389932107536,0.8057448890079627,False,453,479.8099221597486,-5.587613119601659,-0.02627952867386442,24.993962092052183,60,271.8,10.243682468834034,306,0.44153795464352796
3489,mixtura,packing_C,T08,largo,9,G4,8.18899924484895,0.7580389932107536,0.8057448890079627,False,453,479.8099221597486,-5.587613119601659,-0.02627952867386442,24.993962092052183,60,271.8,10.243682468834034,307,0.551077699174699
3489,mixtura,packing_C,T08,largo,9,G4,8.18899924484895,0.7580389932107536,0.8057448890079627,False,453,479.8099221597486,-5.587613119601659,-0.02627952867386442,24.993962092052183,60,271.8,10.243682468834034,308,0.4639355040463641
3489,mixtura,packing_C,T08,largo,9,G4,8.18899924484895,0.7580389932107536,0.8057448890079627,False,453,479.8099221597486,-5.587613119601659,-0.02627952867386442,24.993962092052183,60,271.8,10.243682468834034,309,0.4342456950817356
3489,mixtura,packing_C,T08,largo,9,G4,8.18899924484895,0.7580389932107536,0.8057448890079627,False,453,479.8099221597486,-5.587613119601659,-0.02627952867386442,24.993962092052183,60,271.8,10.243682468834034,310,0.5419094451553109
3489,mixtura,packing_C,T08,largo,9,G4,8.18899924484895,0.7580389932107536,0.8057448890079627,False,453,479.8099221597486,-5.587613119601659,-0.02627952867386442,24.993962092052183,60,271.8,10.243682468834034,311,0.24161250192377948
3489,mixtura,packing_C,T08,largo,9,G4,8.18899924484895,0.7580389932107536,0.8057448890079627,False,453,479.8099221597486,-5.587613119601659,-0.02627952867386442,24.993962092052183,60,271.8,10.243682468834034,312,0.28244982121650514
3489,mixtura,packing_C,T08,largo,9,G4,8.18899924484895,0.7580389932107536,0.8057448890079627,False,453,479.8099221597486,-5.587613119601659,-0.02627952867386442,24.993962092052183,60,271.8,10.243682468834034,313,0.21375247245093873
3489,mixtura,packing_C,T08,largo,9,G4,8.18899924484895,0.7580389932107536,0.8057448890079627,False,453,479.8099221597486,-5.587613119601659,-0.02627952867386442,24.993962092052183,60,271.8,10.243682468834034,314,0.1568161872765132
3489,mixtura,packing_C,T08,largo,9,G4,8.18899924484895,0.7580389932107536,0.8057448890079627,False,453,479.8099221597486,-5.587613119601659,-0.02627952867386442,24.993962092052183,60,271.8,10.243682468834034,315,0.09929940058798961
3489,mixtura,packing_C,T08,largo,9,G4,8.18899924484895,0.7580389932107536,0.8057448890079627,False,453,479.8099221597486,-5.587613119601659,-0.02627952867386442,24.993962092052183,60,271.8,10.243682468834034,316,-0.11434264866830149
3489,mixtura,packing_C,T08,largo,9,G4,8.18899924484895,0.7580389932107536,0.8057448890079627,False,453,479.8099221597486,-5.587613119601659,-0.02627952867386442,24.993962092052183,60,271.8,10.243682468834034,317,-0.07340766110723926
3489,mixtura,packing_C,T08,largo,9,G4,8.18899924484895,0.7580389932107536,0.8057448890079627,False,453,479.8099221597486,-5.587613119601659,-0.02627952867386442,24.993962092052183,60,271.8,10.243682468834034,318,-0.32534412166907883
3489,mixtura,packing_C,T08,largo,9,G4,8.18899924484895,0.7580389932107536,0.8057448890079627,False,453,479.8099221597486,-5.587613119601659,-0.02627952867386442,24.993962092052183,60,271.8,10.243682468834034,319,-0.3586617381094775
3489,mixtura,packing_C,T08,largo,9,G4,8.18899924484895,0.7580389932107536,0.8057448890079627,False,453,479.8099221597486,-5.587613119601659,-0.02627952867386442,24.993962092052183,60,271.8,10.243682468834034,320,-0.4242754388270324
3489,mixtura,packing_C,T08,largo,9,G4,8.18899924484895,0.7580389932107536,0.8057448890079627,False,453,479.8099221597486,-5.587613119601659,-0.02627952867386442,24.993962092052183,60,271.8,10.243682468834034,321,-0.6047333419341441
3489,mixtura,packing_C,T08,largo,9,G4,8.18899924484895,0.7580389932107536,0.8057448890079627,False,453,479.8099221597486,-5.587613119601659,-0.02627952867386442,24.993962092052183,60,271.8,10.243682468834034,322,-0.6346223951567332
3489,mixtura,packing_C,T08,largo,9,G4,8.18899924484895,0.7580389932107536,0.8057448890079627,False,453,479.8099221597486,-5.587613119601659,-0.02627952867386442,24.993962092052183,60,271.8,10.243682468834034,323,-0.46030554566289045
3489,mixtura,packing_C,T08,largo,9,G4,8.18899924484895,0.7580389932107536,0.8057448890079627,False,453,479.8099221597486,-5.587613119601659,-0.02627952867386442,24.993962092052183,60,271.8,10.243682468834034,324,-0.3933647872699255
3489,mixtura,packing_C,T08,largo,9,G4,8.18899924484895,0.7580389932107536,0.8057448890079627,False,453,479.8099221597486,-5.587613119601659,-0.02627952867386442,24.993962092052183,60,271.8,10.243682468834034,325,-0.48520514342652116
3489,mixtura,packing_C,T08,largo,9,G4,8.18899924484895,0.7580389932107536,0.8057448890079627,False,453,479.8099221597486,-5.587613119601659,-0.02627952867386442,24.993962092052183,60,271.8,10.243682468834034,326,-0.3220945184820139
3489,mixtura,packing_C,T08,largo,9,G4,8.18899924484895,0.7580389932107536,0.8057448890079627,False,453,479.8099221597486,-5.587613119601659,-0.02627952867386442,24.993962092052183,60,271.8,10.243682468834034,327,-0.2793842044383412
3489,mixtura,packing_C,T08,largo,9,G4,8.18899924484895,0.7580389932107536,0.8057448890079627,False,453,479.8099221597486,-5.587613119601659,-0.02627952867386442,24.993962092052183,60,271.8,10.243682468834034,328,-0.02154663862616024
3489,mixtura,packing_C,T08,largo,9,G4,8.18899924484895,0.7580389932107536,0.8057448890079627,False,453,479.8099221597486,-5.587613119601659,-0.02627952867386442,24.993962092052183,60,271.8,10.243682468834034,329,-0.07614980491997705
3489,mixtura,packing_C,T08,largo,9,G4,8.18899924484895,0.7580389932107536,0.8057448890079627,False,453,479.8099221597486,-5.587613119601659,-0.02627952867386442,24.993962092052183,60,271.8,10.243682468834034,330,0.108599946723338
3489,mixtura,packing_C,T08,largo,9,G4,8.18899924484895,0.7580389932107536,0.8057448890079627,False,453,479.8099221597486,-5.587613119601659,-0.02627952867386442,24.993962092052183,60,271.8,10.243682468834034,331,0.25040136613317054
3489,mixtura,packing_C,T08,largo,9,G4,8.18899924484895,0.7580389932107536,0.8057448890079627,False,453,479.8099221597486,-5.587613119601659,-0.02627952867386442,24.993962092052183,60,271.8,10.243682468834034,332,0.10060051520962264
3489,mixtura,packing_C,T08,largo,9,G4,8.18899924484895,0.7580389932107536,0.8057448890079627,False,453,479.8099221597486,-5.587613119601659,-0.02627952867386442,24.993962092052183,60,271.8,10.243682468834034,333,0.43614850156445867
3489,mixtura,packing_C,T08,largo,9,G4,8.18899924484895,0.7580389932107536,0.8057448890079627,False,453,479.8099221597486,-5.587613119601659,-0.02627952867386442,24.993962092052183,60,271.8,10.243682468834034,334,0.38927234522115284
3489,mixtura,packing_C,T08,largo,9,G4,8.18899924484895,0.7580389932107536,0.8057448890079627,False,453,479.8099221597486,-5.587613119601659,-0.02627952867386442,24.993962092052183,60,271.8,10.243682468834034,335,0.5364185547135344
3489,mixtura,packing_C,T08,largo,9,G4,8.18899924484895,0.7580389932107536,0.8057448890079627,False,453,479.8099221597486,-5.587613119601659,-0.02627952867386442,24.993962092052183,60,271.8,10.243682468834034,336,0.43313075107225657
3489,mixtura,packing_C,T08,largo,9,G4,8.18899924484895,0.7580389932107536,0.8057448890079627,False,453,479.8099221597486,-5.587613119601659,-0.02627952867386442,24.993962092052183,60,271.8,10.243682468834034,337,0.6259001713815688
3489,mixtura,packing_C,T08,largo,9,G4,8.18899924484895,0.7580389932107536,0.8057448890079627,False,453,479.8099221597486,-5.587613119601659,-0.02627952867386442,24.993962092052183,60,271.8,10.243682468834034,338,0.3461812433709679
3489,mixtura,packing_C,T08,largo,9,G4,8.18899924484895,0.7580389932107536,0.8057448890079627,False,453,479.8099221597486,-5.587613119601659,-0.02627952867386442,24.993962092052183,60,271.8,10.243682468834034,339,0.5183268418872887
3489,mixtura,packing_C,T08,largo,9,G4,8.18899924484895,0.7580389932107536,0.8057448890079627,False,453,479.8099221597486,-5.587613119601659,-0.02627952867386442,24.993962092052183,60,271.8,10.243682468834034,340,0.46672169414381565
3489,mixtura,packing_C,T08,largo,9,G4,8.18899924484895,0.7580389932107536,0.8057448890079627,False,453,479.8099221597486,-5.587613119601659,-0.02627952867386442,24.993962092052183,60,271.8,10.243682468834034,341,0.40320309169202795
3489,mixtura,packing_C,T08,largo,9,G4,8.18899924484895,0.7580389932107536,0.8057448890079627,False,453,479.8099221597486,-5.587613119601659,-0.02627952867386442,24.993962092052183,60,271.8,10.243682468834034,342,0.27037013437779156
3489,mixtura,packing_C,T08,largo,9,G4,8.18899924484895,0.7580389932107536,0.8057448890079627,False,453,479.8099221597486,-5.587613119601659,-0.02627952867386442,24.993962092052183,60,271.8,10.243682468834034,343,0.12107213174732603
3489,mixtura,packing_C,T08,largo,9,G4,8.18899924484895,0.7580389932107536,0.8057448890079627,False,453,479.8099221597486,-5.587613119601659,-0.02627952867386442,24.993962092052183,60,271.8,10.243682468834034,344,0.004744890557434031
3489,mixtura,packing_C,T08,largo,9,G4,8.18899924484895,0.7580389932107536,0.8057448890079627,False,453,479.8099221597486,-5.587613119601659,-0.02627952867386442,24.993962092052183,60,271.8,10.243682468834034,345,0.17834688251234884
3489,mixtura,packing_C,T08,largo,9,G4,8.18899924484895,0.7580389932107536,0.8057448890079627,False,453,479.8099221597486,-5.587613119601659,-0.02627952867386442,24.993962092052183,60,271.8,10.243682468834034,346,-0.10505535753563174
3489,mixtura,packing_C,T08,largo,9,G4,8.18899924484895,0.7580389932107536,0.8057448890079627,False,453,479.8099221597486,-5.587613119601659,-0.02627952867386442,24.993962092052183,60,271.8,10.243682468834034,347,-0.06632955634196841
3489,mixtura,packing_C,T08,largo,9,G4,8.18899924484895,0.7580389932107536,0.8057448890079627,False,453,479.8099221597486,-5.587613119601659,-0.02627952867386442,24.993962092052183,60,271.8,10.243682468834034,348,-0.24434805242702218
3489,mixtura,packing_C,T08,largo,9,G4,8.18899924484895,0.7580389932107536,0.8057448890079627,False,453,479.8099221597486,-5.587613119601659,-0.02627952867386442,24.993962092052183,60,271.8,10.243682468834034,349,-0.42931544956683376
3489,mixtura,packing_C,T08,largo,9,G4,8.18899924484895,0.7580389932107536,0.8057448890079627,False,453,479.8099221597486,-5.587613119601659,-0.02627952867386442,24.993962092052183,60,271.8,10.243682468834034,350,-0.23543370393874508
3489,mixtura,packing_C,T08,largo,9,G4,8.18899924484895,0.7580389932107536,0.8057448890079627,False,453,479.8099221597486,-5.587613119601659,-0.02627952867386442,24.993962092052183,60,271.8,10.243682468834034,351,-0.430216991700353
3489,mixtura,packing_C,T08,largo,9,G4,8.18899924484895,0.7580389932107536,0.8057448890079627,False,453,479.8099221597486,-5.587613119601659,-0.02627952867386442,24.993962092052183,60,271.8,10.243682468834034,352,-0.5383835051172595
3489,mixtura,packing_C,T08,largo,9,G4,8.18899924484895,0.7580389932107536,0.8057448890079627,False,453,479.8099221597486,-5.587613119601659,-0.02627952867386442,24.993962092052183,60,271.8,10.243682468834034,353,-0.6012875038612269
3489,mixtura,packing_C,T08,largo,9,G4,8.18899924484895,0.7580389932107536,0.8057448890079627,False,453,479.8099221597486,-5.587613119601659,-0.02627952867386442,24.993962092052183,60,271.8,10.243682468834034,354,-0.5015204743403666
3489,mixtura,packing_C,T08,largo,9,G4,8.18899924484895,0.7580389932107536,0.8057448890079627,False,453,479.8099221597486,-5.587613119601659,-0.02627952867386442,24.993962092052183,60,271.8,10.243682468834034,355,-0.5054957611115242
3489,mixtura,packing_C,T08,largo,9,G4,8.18899924484895,0.7580389932107536,0.8057448890079627,False,453,479.8099221597486,-5.587613119601659,-0.02627952867386442,24.993962092052183,60,271.8,10.243682468834034,356,-0.1779275431596949
3489,mixtura,packing_C,T08,largo,9,G4,8.18899924484895,0.7580389932107536,0.8057448890079627,False,453,479.8099221597486,-5.587613119601659,-0.02627952867386442,24.993962092052183,60,271.8,10.243682468834034,357,-0.1405989712841255
3489,mixtura,packing_C,T08,largo,9,G4,8.18899924484895,0.7580389932107536,0.8057448890079627,False,453,479.8099221597486,-5.587613119601659,-0.02627952867386442,24.993962092052183,60,271.8,10.243682468834034,358,-0.16263434818833927
3489,mixtura,packing_C,T08,largo,9,G4,8.18899924484895,0.7580389932107536,0.8057448890079627,False,453,479.8099221597486,-5.587613119601659,-0.02627952867386442,24.993962092052183,60,271.8,10.243682468834034,359,-0.2651614477831443
3489,mixtura,packing_C,T08,largo,9,G4,8.18899924484895,0.7580389932107536,0.8057448890079627,False,453,479.8099221597486,-5.587613119601659,-0.02627952867386442,24.993962092052183,60,271.8,10.243682468834034,360,0.04665901392063372
3489,mixtura,packing_C,T08,largo,9,G4,8.18899924484895,0.7580389932107536,0.8057448890079627,False,453,479.8099221597486,-5.587613119601659,-0.02627952867386442,24.993962092052183,60,271.8,10.243682468834034,361,0.06883188884618767
3489,mixtura,packing_C,T08,largo,9,G4,8.18899924484895,0.7580389932107536,0.8057448890079627,False,453,479.8099221597486,-5.587613119601659,-0.02627952867386442,24.993962092052183,60,271.8,10.243682468834034,362,-0.012996600912664413
3489,mixtura,packing_C,T08,largo,9,G4,8.18899924484895,0.7580389932107536,0.8057448890079627,False,453,479.8099221597486,-5.587613119601659,-0.02627952867386442,24.993962092052183,60,271.8,10.243682468834034,363,0.42385147828644754
3489,mixtura,packing_C,T08,largo,9,G4,8.18899924484895,0.7580389932107536,0.8057448890079627,False,453,479.8099221597486,-5.587613119601659,-0.02627952867386442,24.993962092052183,60,271.8,10.243682468834034,364,0.2591385506520856
3489,mixtura,packing_C,T08,largo,9,G4,8.18899924484895,0.7580389932107536,0.8057448890079627,False,453,479.8099221597486,-5.587613119601659,-0.02627952867386442,24.993962092052183,60,271.8,10.243682468834034,365,0.3393812120013546
3489,mixtura,packing_C,T08,largo,9,G4,8.18899924484895,0.7580389932107536,0.8057448890079627,False,453,479.8099221597486,-5.587613119601659,-0.02627952867386442,24.993962092052183,60,271.8,10.243682468834034,366,0.29739884578755216
3489,mixtura,packing_C,T08,largo,9,G4,8.18899924484895,0.7580389932107536,0.8057448890079627,False,453,479.8099221597486,-5.587613119601659,-0.02627952867386442,24.993962092052183,60,271.8,10.243682468834034,367,0.5611731443934673
3489,mixtura,packing_C,T08,largo,9,G4,8.18899924484895,0.7580389932107536,0.8057448890079627,False,453,479.8099221597486,-5.587613119601659,-0.02627952867386442,24.993962092052183,60,271.8,10.243682468834034,368,0.31121802683347
3489,mixtura,packing_C,T08,largo,9,G4,8.18899924484895,0.7580389932107536,0.8057448890079627,False,453,479.8099221597486,-5.587613119601659,-0.02627952867386442,24.993962092052183,60,271.8,10.243682468834034,369,0.3822849615411573
3489,mixtura,packing_C,T08,largo,9,G4,8.18899924484895,0.7580389932107536,0.8057448890079627,False,453,479.8099221597486,-5.587613119601659,-0.02627952867386442,24.993962092052183,60,271.8,10.243682468834034,370,0.41139210860549735
3489,mixtura,packing_C,T08,largo,9,G4,8.18899924484895,0.7580389932107536,0.8057448890079627,False,453,479.8099221597486,-5.587613119601659,-0.02627952867386442,24.993962092052183,60,271.8,10.243682468834034,371,0.3733601642316662
3489,mixtura,packing_C,T08,largo,9,G4,8.18899924484895,0.7580389932107536,0.8057448890079627,False,453,479.8099221597486,-5.587613119601659,-0.02627952867386442,24.993962092052183,60,271.8,10.243682468834034,372,0.43150018421326813
3489,mixtura,packing_C,T08,largo,9,G4,8.18899924484895,0.7580389932107536,0.8057448890079627,False,453,479.8099221597486,-5.587613119601659,-0.02627952867386442,24.993962092052183,60,271.8,10.243682468834034,373,0.1727722271840057
3489,mixtura,packing_C,T08,largo,9,G4,8.18899924484895,0.7580389932107536,0.8057448890079627,False,453,479.8099221597486,-5.587613119601659,-0.02627952867386442,24.993962092052183,60,271.8,10.243682468834034,374,0.20156153409265282
3489,mixtura,packing_C,T08,largo,9,G4,8.18899924484895,0.7580389932107536,0.8057448890079627,False,453,479.8099221597486,-5.587613119601659,-0.02627952867386442,24.993962092052183,60,271.8,10.243682468834034,375,-0.06131314317633632
3489,mixtura,packing_C,T08,largo,9,G4,8.18899924484895,0.7580389932107536,0.8057448890079627,False,453,479.8099221597486,-5.587613119601659,-0.02627952867386442,24.993962092052183,60,271.8,10.243682468834034,376,-0.07277273714021823
3489,mixtura,packing_C,T08,largo,9,G4,8.18899924484895,0.7580389932107536,0.8057448890079627,False,453,479.8099221597486,-5.587613119601659,-0.02627952867386442,24.993962092052183,60,271.8,10.243682468834034,377,-0.18656393637066923
3489,mixtura,packing_C,T08,largo,9,G4,8.18899924484895,0.7580389932107536,0.8057448890079627,False,453,479.8099221597486,-5.587613119601659,-0.02627952867386442,24.993962092052183,60,271.8,10.243682468834034,378,-0.36486705629767624
3489,mixtura,packing_C,T08,largo,9,G4,8.18899924484895,0.7580389932107536,0.8057448890079627,False,453,479.8099221597486,-5.587613119601659,-0.02627952867386442,24.993962092052183,60,271.8,10.243682468834034,379,-0.5462221474821447
3489,mixtura,packing_C,T08,largo,9,G4,8.18899924484895,0.7580389932107536,0.8057448890079627,False,453,479.8099221597486,-5.587613119601659,-0.02627952867386442,24.993962092052183,60,271.8,10.243682468834034,380,-0.5119010297748816
3489,mixtura,packing_C,T08,largo,9,G4,8.18899924484895,0.7580389932107536,0.8057448890079627,False,453,479.8099221597486,-5.587613119601659,-0.02627952867386442,24.993962092052183,60,271.8,10.243682468834034,381,-0.5918956089106717
3489,mixtura,packing_C,T08,largo,9,G4,8.18899924484895,0.7580389932107536,0.8057448890079627,False,453,479.8099221597486,-5.587613119601659,-0.02627952867386442,24.993962092052183,60,271.8,10.243682468834034,382,-0.5404660421646285
3489,mixtura,packing_C,T08,largo,9,G4,8.18899924484895,0.7580389932107536,0.8057448890079627,False,453,479.8099221597486,-5.587613119601659,-0.02627952867386442,24.993962092052183,60,271.8,10.243682468834034,383,-0.3333078908053094
3489,mixtura,packing_C,T08,largo,9,G4,8.18899924484895,0.7580389932107536,0.8057448890079627,False,453,479.8099221597486,-5.587613119601659,-0.02627952867386442,24.993962092052183,60,271.8,10.243682468834034,384,-0.5745901207337856
3489,mixtura,packing_C,T08,largo,9,G4,8.18899924484895,0.7580389932107536,0.8057448890079627,False,453,479.8099221597486,-5.587613119601659,-0.02627952867386442,24.993962092052183,60,271.8,10.243682468834034,385,-0.4930513420640233
3489,mixtura,packing_C,T08,largo,9,G4,8.18899924484895,0.7580389932107536,0.8057448890079627,False,453,479.8099221597486,-5.587613119601659,-0.02627952867386442,24.993962092052183,60,271.8,10.243682468834034,386,-0.3476128507296373
3489,mixtura,packing_C,T08,largo,9,G4,8.18899924484895,0.7580389932107536,0.8057448890079627,False,453,479.8099221597486,-5.587613119601659,-0.02627952867386442,24.993962092052183,60,271.8,10.243682468834034,387,-0.20503099838638666
3489,mixtura,packing_C,T08,largo,9,G4,8.18899924484895,0.7580389932107536,0.8057448890079627,False,453,479.8099221597486,-5.587613119601659,-0.02627952867386442,24.993962092052183,60,271.8,10.243682468834034,388,-0.2270816533475366
3489,mixtura,packing_C,T08,largo,9,G4,8.18899924484895,0.7580389932107536,0.8057448890079627,False,453,479.8099221597486,-5.587613119601659,-0.02627952867386442,24.993962092052183,60,271.8,10.243682468834034,389,-0.06773092193117412
3489,mixtura,packing_C,T08,largo,9,G4,8.18899924484895,0.7580389932107536,0.8057448890079627,False,453,479.8099221597486,-5.587613119601659,-0.02627952867386442,24.993962092052183,60,271.8,10.243682468834034,390,-0.1005459944976452
3489,mixtura,packing_C,T08,largo,9,G4,8.18899924484895,0.7580389932107536,0.8057448890079627,False,453,479.8099221597486,-5.587613119601659,-0.02627952867386442,24.993962092052183,60,271.8,10.243682468834034,391,-0.014305055949588669
3489,mixtura,packing_C,T08,largo,9,G4,8.18899924484895,0.7580389932107536,0.8057448890079627,False,453,479.8099221597486,-5.587613119601659,-0.02627952867386442,24.993962092052183,60,271.8,10.243682468834034,392,0.4278050934211057
3489,mixtura,packing_C,T08,largo,9,G4,8.18899924484895,0.7580389932107536,0.8057448890079627,False,453,479.8099221597486,-5.587613119601659,-0.02627952867386442,24.993962092052183,60,271.8,10.243682468834034,393,0.2522598676336749
3489,mixtura,packing_C,T08,largo,9,G4,8.18899924484895,0.7580389932107536,0.8057448890079627,False,453,479.8099221597486,-5.587613119601659,-0.02627952867386442,24.993962092052183,60,271.8,10.243682468834034,394,0.34421657929558974
3489,mixtura,packing_C,T08,largo,9,G4,8.18899924484895,0.7580389932107536,0.8057448890079627,False,453,479.8099221597486,-5.587613119601659,-0.02627952867386442,24.993962092052183,60,271.8,10.243682468834034,395,0.3077098490191536
3489,mixtura,packing_C,T08,largo,9,G4,8.18899924484895,0.7580389932107536,0.8057448890079627,False,453,479.8099221597486,-5.587613119601659,-0.02627952867386442,24.993962092052183,60,271.8,10.243682468834034,396,0.451996626103818
3489,mixtura,packing_C,T08,largo,9,G4,8.18899924484895,0.7580389932107536,0.8057448890079627,False,453,479.8099221597486,-5.587613119601659,-0.02627952867386442,24.993962092052183,60,271.8,10.243682468834034,397,0.4881030552053894
3489,mixtura,packing_C,T08,largo,9,G4,8.18899924484895,0.7580389932107536,0.8057448890079627,False,453,479.8099221597486,-5.587613119601659,-0.02627952867386442,24.993962092052183,60,271.8,10.243682468834034,398,0.4480952773116572
3489,mixtura,packing_C,T08,largo,9,G4,8.18899924484895,0.7580389932107536,0.8057448890079627,False,453,479.8099221597486,-5.587613119601659,-0.02627952867386442,24.993962092052183,60,271.8,10.243682468834034,399,0.4116157574076854
3489,mixtura,packing_C,T08,largo,9,G4,8.18899924484895,0.7580389932107536,0.8057448890079627,False,453,479.8099221597486,-5.587613119601659,-0.02627952867386442,24.993962092052183,60,271.8,10.243682468834034,400,0.41663819497052207
3489,mixtura,packing_C,T08,largo,9,G4,8.18899924484895,0.7580389932107536,0.8057448890079627,False,453,479.8099221597486,-5.587613119601659,-0.02627952867386442,24.993962092052183,60,271.8,10.243682468834034,401,0.25506487803207706
3489,mixtura,packing_C,T08,largo,9,G4,8.18899924484895,0.7580389932107536,0.8057448890079627,False,453,479.8099221597486,-5.587613119601659,-0.02627952867386442,24.993962092052183,60,271.8,10.243682468834034,402,0.3465303077083069
3489,mixtura,packing_C,T08,largo,9,G4,8.18899924484895,0.7580389932107536,0.8057448890079627,False,453,479.8099221597486,-5.587613119601659,-0.02627952867386442,24.993962092052183,60,271.8,10.243682468834034,403,0.17979083520777983
3489,mixtura,packing_C,T08,largo,9,G4,8.18899924484895,0.7580389932107536,0.8057448890079627,False,453,479.8099221597486,-5.587613119601659,-0.02627952867386442,24.993962092052183,60,271.8,10.243682468834034,404,0.2149966146229387
3489,mixtura,packing_C,T08,largo,9,G4,8.18899924484895,0.7580389932107536,0.8057448890079627,False,453,479.8099221597486,-5.587613119601659,-0.02627952867386442,24.993962092052183,60,271.8,10.243682468834034,405,-0.0086130144372565
3489,mixtura,packing_C,T08,largo,9,G4,8.18899924484895,0.7580389932107536,0.8057448890079627,False,453,479.8099221597486,-5.587613119601659,-0.02627952867386442,24.993962092052183,60,271.8,10.243682468834034,406,-0.03707902500647833
3489,mixtura,packing_C,T08,largo,9,G4,8.18899924484895,0.7580389932107536,0.8057448890079627,False,453,479.8099221597486,-5.587613119601659,-0.02627952867386442,24.993962092052183,60,271.8,10.243682468834034,407,-0.29675865994427475
3489,mixtura,packing_C,T08,largo,9,G4,8.18899924484895,0.7580389932107536,0.8057448890079627,False,453,479.8099221597486,-5.587613119601659,-0.02627952867386442,24.993962092052183,60,271.8,10.243682468834034,408,-0.2547876702934453
3489,mixtura,packing_C,T08,largo,9,G4,8.18899924484895,0.7580389932107536,0.8057448890079627,False,453,479.8099221597486,-5.587613119601659,-0.02627952867386442,24.993962092052183,60,271.8,10.243682468834034,409,-0.22829250362280928
3489,mixtura,packing_C,T08,largo,9,G4,8.18899924484895,0.7580389932107536,0.8057448890079627,False,453,479.8099221597486,-5.587613119601659,-0.02627952867386442,24.993962092052183,60,271.8,10.243682468834034,410,-0.43721286158325195
3489,mixtura,packing_C,T08,largo,9,G4,8.18899924484895,0.7580389932107536,0.8057448890079627,False,453,479.8099221597486,-5.587613119601659,-0.02627952867386442,24.993962092052183,60,271.8,10.243682468834034,411,-0.4129543545845654
3489,mixtura,packing_C,T08,largo,9,G4,8.18899924484895,0.7580389932107536,0.8057448890079627,False,453,479.8099221597486,-5.587613119601659,-0.02627952867386442,24.993962092052183,60,271.8,10.243682468834034,412,-0.49495368976670656
3489,mixtura,packing_C,T08,largo,9,G4,8.18899924484895,0.7580389932107536,0.8057448890079627,False,453,479.8099221597486,-5.587613119601659,-0.02627952867386442,24.993962092052183,60,271.8,10.243682468834034,413,-0.4897913832576851
3489,mixtura,packing_C,T08,largo,9,G4,8.18899924484895,0.7580389932107536,0.8057448890079627,False,453,479.8099221597486,-5.587613119601659,-0.02627952867386442,24.993962092052183,60,271.8,10.243682468834034,414,-0.607946769749332
3489,mixtura,packing_C,T08,largo,9,G4,8.18899924484895,0.7580389932107536,0.8057448890079627,False,453,479.8099221597486,-5.587613119601659,-0.02627952867386442,24.993962092052183,60,271.8,10.243682468834034,415,-0.3955230725965206
3489,mixtura,packing_C,T08,largo,9,G4,8.18899924484895,0.7580389932107536,0.8057448890079627,False,453,479.8099221597486,-5.587613119601659,-0.02627952867386442,24.993962092052183,60,271.8,10.243682468834034,416,-0.48494958351683637
3489,mixtura,packing_C,T08,largo,9,G4,8.18899924484895,0.7580389932107536,0.8057448890079627,False,453,479.8099221597486,-5.587613119601659,-0.02627952867386442,24.993962092052183,60,271.8,10.243682468834034,417,-0.3126846768203634
3489,mixtura,packing_C,T08,largo,9,G4,8.18899924484895,0.7580389932107536,0.8057448890079627,False,453,479.8099221597486,-5.587613119601659,-0.02627952867386442,24.993962092052183,60,271.8,10.243682468834034,418,-0.17603279120942641
3489,mixtura,packing_C,T08,largo,9,G4,8.18899924484895,0.7580389932107536,0.8057448890079627,False,453,479.8099221597486,-5.587613119601659,-0.02627952867386442,24.993962092052183,60,271.8,10.243682468834034,419,-0.23064650946155907
3489,mixtura,packing_C,T08,largo,9,G4,8.18899924484895,0.7580389932107536,0.8057448890079627,False,453,479.8099221597486,-5.587613119601659,-0.02627952867386442,24.993962092052183,60,271.8,10.243682468834034,420,0.1262940003016325
3489,mixtura,packing_C,T08,largo,9,G4,8.18899924484895,0.7580389932107536,0.8057448890079627,False,453,479.8099221597486,-5.587613119601659,-0.02627952867386442,24.993962092052183,60,271.8,10.243682468834034,421,0.03469661689616816
3489,mixtura,packing_C,T08,largo,9,G4,8.18899924484895,0.7580389932107536,0.8057448890079627,False,453,479.8099221597486,-5.587613119601659,-0.02627952867386442,24.993962092052183,60,271.8,10.243682468834034,422,0.17922707164366244
3489,mixtura,packing_C,T08,largo,9,G4,8.18899924484895,0.7580389932107536,0.8057448890079627,False,453,479.8099221597486,-5.587613119601659,-0.02627952867386442,24.993962092052183,60,271.8,10.243682468834034,423,0.09349414396779954
3489,mixtura,packing_C,T08,largo,9,G4,8.18899924484895,0.7580389932107536,0.8057448890079627,False,453,479.8099221597486,-5.587613119601659,-0.02627952867386442,24.993962092052183,60,271.8,10.243682468834034,424,0.33911514916807395
3489,mixtura,packing_C,T08,largo,9,G4,8.18899924484895,0.7580389932107536,0.8057448890079627,False,453,479.8099221597486,-5.587613119601659,-0.02627952867386442,24.993962092052183,60,271.8,10.243682468834034,425,0.4509506389692344
3489,mixtura,packing_C,T08,largo,9,G4,8.18899924484895,0.7580389932107536,0.8057448890079627,False,453,479.8099221597486,-5.587613119601659,-0.02627952867386442,24.993962092052183,60,271.8,10.243682468834034,426,0.4265422881819734
3489,mixtura,packing_C,T08,largo,9,G4,8.18899924484895,0.7580389932107536,0.8057448890079627,False,453,479.8099221597486,-5.587613119601659,-0.02627952867386442,24.993962092052183,60,271.8,10.243682468834034,427,0.4700050499075398
3489,mixtura,packing_C,T08,largo,9,G4,8.18899924484895,0.7580389932107536,0.8057448890079627,False,453,479.8099221597486,-5.587613119601659,-0.02627952867386442,24.993962092052183,60,271.8,10.243682468834034,428,0.4337339828267252
3489,mixtura,packing_C,T08,largo,9,G4,8.18899924484895,0.7580389932107536,0.8057448890079627,False,453,479.8099221597486,-5.587613119601659,-0.02627952867386442,24.993962092052183,60,271.8,10.243682468834034,429,0.532501950658012
3489,mixtura,packing_C,T08,largo,9,G4,8.18899924484895,0.7580389932107536,0.8057448890079627,False,453,479.8099221597486,-5.587613119601659,-0.02627952867386442,24.993962092052183,60,271.8,10.243682468834034,430,0.26474887840132694
3489,mixtura,packing_C,T08,largo,9,G4,8.18899924484895,0.7580389932107536,0.8057448890079627,False,453,479.8099221597486,-5.587613119601659,-0.02627952867386442,24.993962092052183,60,271.8,10.243682468834034,431,0.30376349397693586
3489,mixtura,packing_C,T08,largo,9,G4,8.18899924484895,0.7580389932107536,0.8057448890079627,False,453,479.8099221597486,-5.587613119601659,-0.02627952867386442,24.993962092052183,60,271.8,10.243682468834034,432,0.28375856194132887
3489,mixtura,packing_C,T08,largo,9,G4,8.18899924484895,0.7580389932107536,0.8057448890079627,False,453,479.8099221597486,-5.587613119601659,-0.02627952867386442,24.993962092052183,60,271.8,10.243682468834034,433,0.2767189381432798
3489,mixtura,packing_C,T08,largo,9,G4,8.18899924484895,0.7580389932107536,0.8057448890079627,False,453,479.8099221597486,-5.587613119601659,-0.02627952867386442,24.993962092052183,60,271.8,10.243682468834034,434,0.07657560824408498
3489,mixtura,packing_C,T08,largo,9,G4,8.18899924484895,0.7580389932107536,0.8057448890079627,False,453,479.8099221597486,-5.587613119601659,-0.02627952867386442,24.993962092052183,60,271.8,10.243682468834034,435,0.12994503488816891
3489,mixtura,packing_C,T08,largo,9,G4,8.18899924484895,0.7580389932107536,0.8057448890079627,False,453,479.8099221597486,-5.587613119601659,-0.02627952867386442,24.993962092052183,60,271.8,10.243682468834034,436,-0.11186164122143592
3489,mixtura,packing_C,T08,largo,9,G4,8.18899924484895,0.7580389932107536,0.8057448890079627,False,453,479.8099221597486,-5.587613119601659,-0.02627952867386442,24.993962092052183,60,271.8,10.243682468834034,437,-0.58028262901401
3489,mixtura,packing_C,T08,largo,9,G4,8.18899924484895,0.7580389932107536,0.8057448890079627,False,453,479.8099221597486,-5.587613119601659,-0.02627952867386442,24.993962092052183,60,271.8,10.243682468834034,438,-0.2866289091850275
3489,mixtura,packing_C,T08,largo,9,G4,8.18899924484895,0.7580389932107536,0.8057448890079627,False,453,479.8099221597486,-5.587613119601659,-0.02627952867386442,24.993962092052183,60,271.8,10.243682468834034,439,-0.4769072873110293
3489,mixtura,packing_C,T08,largo,9,G4,8.18899924484895,0.7580389932107536,0.8057448890079627,False,453,479.8099221597486,-5.587613119601659,-0.02627952867386442,24.993962092052183,60,271.8,10.243682468834034,440,-0.37494944966863136
3489,mixtura,packing_C,T08,largo,9,G4,8.18899924484895,0.7580389932107536,0.8057448890079627,False,453,479.8099221597486,-5.587613119601659,-0.02627952867386442,24.993962092052183,60,271.8,10.243682468834034,441,-0.4331670797826247
3489,mixtura,packing_C,T08,largo,9,G4,8.18899924484895,0.7580389932107536,0.8057448890079627,False,453,479.8099221597486,-5.587613119601659,-0.02627952867386442,24.993962092052183,60,271.8,10.243682468834034,442,-0.5292732258074919
3489,mixtura,packing_C,T08,largo,9,G4,8.18899924484895,0.7580389932107536,0.8057448890079627,False,453,479.8099221597486,-5.587613119601659,-0.02627952867386442,24.993962092052183,60,271.8,10.243682468834034,443,-0.5343883482938205
3489,mixtura,packing_C,T08,largo,9,G4,8.18899924484895,0.7580389932107536,0.8057448890079627,False,453,479.8099221597486,-5.587613119601659,-0.02627952867386442,24.993962092052183,60,271.8,10.243682468834034,444,-0.552267102268707
3489,mixtura,packing_C,T08,largo,9,G4,8.18899924484895,0.7580389932107536,0.8057448890079627,False,453,479.8099221597486,-5.587613119601659,-0.02627952867386442,24.993962092052183,60,271.8,10.243682468834034,445,-0.6372911405787431
3489,mixtura,packing_C,T08,largo,9,G4,8.18899924484895,0.7580389932107536,0.8057448890079627,False,453,479.8099221597486,-5.587613119601659,-0.02627952867386442,24.993962092052183,60,271.8,10.243682468834034,446,-0.47844860893655156
3489,mixtura,packing_C,T08,largo,9,G4,8.18899924484895,0.7580389932107536,0.8057448890079627,False,453,479.8099221597486,-5.587613119601659,-0.02627952867386442,24.993962092052183,60,271.8,10.243682468834034,447,-0.16811443868790876
3489,mixtura,packing_C,T08,largo,9,G4,8.18899924484895,0.7580389932107536,0.8057448890079627,False,453,479.8099221597486,-5.587613119601659,-0.02627952867386442,24.993962092052183,60,271.8,10.243682468834034,448,-0.19943972131312107
3489,mixtura,packing_C,T08,largo,9,G4,8.18899924484895,0.7580389932107536,0.8057448890079627,False,453,479.8099221597486,-5.587613119601659,-0.02627952867386442,24.993962092052183,60,271.8,10.243682468834034,449,0.01524442603593193
3489,mixtura,packing_C,T08,largo,9,G4,8.18899924484895,0.7580389932107536,0.8057448890079627,False,453,479.8099221597486,-5.587613119601659,-0.02627952867386442,24.993962092052183,60,271.8,10.243682468834034,450,-0.09973288196873929
3489,mixtura,packing_C,T08,largo,9,G4,8.18899924484895,0.7580389932107536,0.8057448890079627,False,453,479.8099221597486,-5.587613119601659,-0.02627952867386442,24.993962092052183,60,271.8,10.243682468834034,451,0.22916641362619616
3489,mixtura,packing_C,T08,largo,9,G4,8.18899924484895,0.7580389932107536,0.8057448890079627,False,453,479.8099221597486,-5.587613119601659,-0.02627952867386442,24.993962092052183,60,271.8,10.243682468834034,452,0.13532914858010603
