proceso_id,epoca,packing,tunel,tipo_tunel,iteracion,mass_group,masa_ton,ocupabilidad,caudal_factor,anomalia_duracion,duracion_min,duracion_esperada_min,delta_duracion_pct,setpoint,T0,pct_transitorio,t_trans_min,overshoot_pct,tiempo_min,temperatura
2657,mixtura,packing_A,T07,largo,17,G3,6.027959242907088,0.7514171315560612,0.8102762182606238,False,435,422.19431294892746,3.0331263729318954,-0.03689561319282354,24.478396583733943,60,261.0,11.906899923943659,0,24.557595446447507
2657,mixtura,packing_A,T07,largo,17,G3,6.027959242907088,0.7514171315560612,0.8102762182606238,False,435,422.19431294892746,3.0331263729318954,-0.03689561319282354,24.478396583733943,60,261.0,11.906899923943659,1,24.182755775713023
2657,mixtura,packing_A,T07,largo,17,G3,6.027959242907088,0.7514171315560612,0.8102762182606238,False,435,422.19431294892746,3.0331263729318954,-0.03689561319282354,24.478396583733943,60,261.0,11.906899923943659,2,23.99756459064505
2657,mixtura,packing_A,T07,largo,17,G3,6.027959242907088,0.7514171315560612,0.8102762182606238,False,435,422.19431294892746,3.0331263729318954,-0.03689561319282354,24.478396583733943,60,261.0,11.906899923943659,3,23.879941777989952
2657,mixtura,packing_A,T07,largo,17,G3,6.027959242907088,0.7514171315560612,0.8102762182606238,False,435,422.19431294892746,3.0331263729318954,-0.03689561319282354,24.478396583733943,60,261.0,11.906899923943659,4,23.693474292976102
2657,mixtura,packing_A,T07,largo,17,G3,6.027959242907088,0.7514171315560612,0.8102762182606238,False,435,422.19431294892746,3.0331263729318954,-0.03689561319282354,24.478396583733943,60,261.0,11.906899923943659,5,23.152336728670182
2657,mixtura,packing_A,T07,largo,17,G3,6.027959242907088,0.7514171315560612,0.8102762182606238,False,435,422.19431294892746,3.0331263729318954,-0.03689561319282354,24.478396583733943,60,261.0,11.906899923943659,6,23.011641868223204
2657,mixtura,packing_A,T07,largo,17,G3,6.027959242907088,0.7514171315560612,0.8102762182606238,False,435,422.19431294892746,3.0331263729318954,-0.03689561319282354,24.478396583733943,60,261.0,11.906899923943659,7,22.64162079491189
2657,mixtura,packing_A,T07,largo,17,G3,6.027959242907088,0.7514171315560612,0.8102762182606238,False,435,422.19431294892746,3.0331263729318954,-0.03689561319282354,24.478396583733943,60,261.0,11.906899923943659,8,22.30810207705569
2657,mixtura,packing_A,T07,largo,17,G3,6.027959242907088,0.7514171315560612,0.8102762182606238,False,435,422.19431294892746,3.0331263729318954,-0.03689561319282354,24.478396583733943,60,261.0,11.906899923943659,9,22.274890321443003
2657,mixtura,packing_A,T07,largo,17,G3,6.027959242907088,0.7514171315560612,0.8102762182606238,False,435,422.19431294892746,3.0331263729318954,-0.03689561319282354,24.478396583733943,60,261.0,11.906899923943659,10,21.69159979684276
2657,mixtura,packing_A,T07,largo,17,G3,6.027959242907088,0.7514171315560612,0.8102762182606238,False,435,422.19431294892746,3.0331263729318954,-0.03689561319282354,24.478396583733943,60,261.0,11.906899923943659,11,21.552369354874426
2657,mixtura,packing_A,T07,largo,17,G3,6.027959242907088,0.7514171315560612,0.8102762182606238,False,435,422.19431294892746,3.0331263729318954,-0.03689561319282354,24.478396583733943,60,261.0,11.906899923943659,12,21.140911601862783
2657,mixtura,packing_A,T07,largo,17,G3,6.027959242907088,0.7514171315560612,0.8102762182606238,False,435,422.19431294892746,3.0331263729318954,-0.03689561319282354,24.478396583733943,60,261.0,11.906899923943659,13,20.884966067853657
2657,mixtura,packing_A,T07,largo,17,G3,6.027959242907088,0.7514171315560612,0.8102762182606238,False,435,422.19431294892746,3.0331263729318954,-0.03689561319282354,24.478396583733943,60,261.0,11.906899923943659,14,20.47939185138699
2657,mixtura,packing_A,T07,largo,17,G3,6.027959242907088,0.7514171315560612,0.8102762182606238,False,435,422.19431294892746,3.0331263729318954,-0.03689561319282354,24.478396583733943,60,261.0,11.906899923943659,15,20.545641684892153
2657,mixtura,packing_A,T07,largo,17,G3,6.027959242907088,0.7514171315560612,0.8102762182606238,False,435,422.19431294892746,3.0331263729318954,-0.03689561319282354,24.478396583733943,60,261.0,11.906899923943659,16,20.141264020811747
2657,mixtura,packing_A,T07,largo,17,G3,6.027959242907088,0.7514171315560612,0.8102762182606238,False,435,422.19431294892746,3.0331263729318954,-0.03689561319282354,24.478396583733943,60,261.0,11.906899923943659,17,19.90481354020584
2657,mixtura,packing_A,T07,largo,17,G3,6.027959242907088,0.7514171315560612,0.8102762182606238,False,435,422.19431294892746,3.0331263729318954,-0.03689561319282354,24.478396583733943,60,261.0,11.906899923943659,18,19.455437723257088
2657,mixtura,packing_A,T07,largo,17,G3,6.027959242907088,0.7514171315560612,0.8102762182606238,False,435,422.19431294892746,3.0331263729318954,-0.03689561319282354,24.478396583733943,60,261.0,11.906899923943659,19,19.41507702778405
2657,mixtura,packing_A,T07,largo,17,G3,6.027959242907088,0.7514171315560612,0.8102762182606238,False,435,422.19431294892746,3.0331263729318954,-0.03689561319282354,24.478396583733943,60,261.0,11.906899923943659,20,18.947863856523966
2657,mixtura,packing_A,T07,largo,17,G3,6.027959242907088,0.7514171315560612,0.8102762182606238,False,435,422.19431294892746,3.0331263729318954,-0.03689561319282354,24.478396583733943,60,261.0,11.906899923943659,21,18.508757130553757
2657,mixtura,packing_A,T07,largo,17,G3,6.027959242907088,0.7514171315560612,0.8102762182606238,False,435,422.19431294892746,3.0331263729318954,-0.03689561319282354,24.478396583733943,60,261.0,11.906899923943659,22,18.18365927815076
2657,mixtura,packing_A,T07,largo,17,G3,6.027959242907088,0.7514171315560612,0.8102762182606238,False,435,422.19431294892746,3.0331263729318954,-0.03689561319282354,24.478396583733943,60,261.0,11.906899923943659,23,17.873731198734443
2657,mixtura,packing_A,T07,largo,17,G3,6.027959242907088,0.7514171315560612,0.8102762182606238,False,435,422.19431294892746,3.0331263729318954,-0.03689561319282354,24.478396583733943,60,261.0,11.906899923943659,24,17.515484611746466
2657,mixtura,packing_A,T07,largo,17,G3,6.027959242907088,0.7514171315560612,0.8102762182606238,False,435,422.19431294892746,3.0331263729318954,-0.03689561319282354,24.478396583733943,60,261.0,11.906899923943659,25,17.363907598614986
2657,mixtura,packing_A,T07,largo,17,G3,6.027959242907088,0.7514171315560612,0.8102762182606238,False,435,422.19431294892746,3.0331263729318954,-0.03689561319282354,24.478396583733943,60,261.0,11.906899923943659,26,16.830042686363928
2657,mixtura,packing_A,T07,largo,17,G3,6.027959242907088,0.7514171315560612,0.8102762182606238,False,435,422.19431294892746,3.0331263729318954,-0.03689561319282354,24.478396583733943,60,261.0,11.906899923943659,27,16.412147816942877
2657,mixtura,packing_A,T07,largo,17,G3,6.027959242907088,0.7514171315560612,0.8102762182606238,False,435,422.19431294892746,3.0331263729318954,-0.03689561319282354,24.478396583733943,60,261.0,11.906899923943659,28,16.466307642785498
2657,mixtura,packing_A,T07,largo,17,G3,6.027959242907088,0.7514171315560612,0.8102762182606238,False,435,422.19431294892746,3.0331263729318954,-0.03689561319282354,24.478396583733943,60,261.0,11.906899923943659,29,15.96114000308492
2657,mixtura,packing_A,T07,largo,17,G3,6.027959242907088,0.7514171315560612,0.8102762182606238,False,435,422.19431294892746,3.0331263729318954,-0.03689561319282354,24.478396583733943,60,261.0,11.906899923943659,30,15.71584144975546
2657,mixtura,packing_A,T07,largo,17,G3,6.027959242907088,0.7514171315560612,0.8102762182606238,False,435,422.19431294892746,3.0331263729318954,-0.03689561319282354,24.478396583733943,60,261.0,11.906899923943659,31,15.202175154983257
2657,mixtura,packing_A,T07,largo,17,G3,6.027959242907088,0.7514171315560612,0.8102762182606238,False,435,422.19431294892746,3.0331263729318954,-0.03689561319282354,24.478396583733943,60,261.0,11.906899923943659,32,15.135499910671307
2657,mixtura,packing_A,T07,largo,17,G3,6.027959242907088,0.7514171315560612,0.8102762182606238,False,435,422.19431294892746,3.0331263729318954,-0.03689561319282354,24.478396583733943,60,261.0,11.906899923943659,33,14.559226868898879
2657,mixtura,packing_A,T07,largo,17,G3,6.027959242907088,0.7514171315560612,0.8102762182606238,False,435,422.19431294892746,3.0331263729318954,-0.03689561319282354,24.478396583733943,60,261.0,11.906899923943659,34,14.416413045275991
2657,mixtura,packing_A,T07,largo,17,G3,6.027959242907088,0.7514171315560612,0.8102762182606238,False,435,422.19431294892746,3.0331263729318954,-0.03689561319282354,24.478396583733943,60,261.0,11.906899923943659,35,14.080371660173135
2657,mixtura,packing_A,T07,largo,17,G3,6.027959242907088,0.7514171315560612,0.8102762182606238,False,435,422.19431294892746,3.0331263729318954,-0.03689561319282354,24.478396583733943,60,261.0,11.906899923943659,36,13.636161946711168
2657,mixtura,packing_A,T07,largo,17,G3,6.027959242907088,0.7514171315560612,0.8102762182606238,False,435,422.19431294892746,3.0331263729318954,-0.03689561319282354,24.478396583733943,60,261.0,11.906899923943659,37,13.409237992909635
2657,mixtura,packing_A,T07,largo,17,G3,6.027959242907088,0.7514171315560612,0.8102762182606238,False,435,422.19431294892746,3.0331263729318954,-0.03689561319282354,24.478396583733943,60,261.0,11.906899923943659,38,13.04049611486343
2657,mixtura,packing_A,T07,largo,17,G3,6.027959242907088,0.7514171315560612,0.8102762182606238,False,435,422.19431294892746,3.0331263729318954,-0.03689561319282354,24.478396583733943,60,261.0,11.906899923943659,39,12.736117687515708
2657,mixtura,packing_A,T07,largo,17,G3,6.027959242907088,0.7514171315560612,0.8102762182606238,False,435,422.19431294892746,3.0331263729318954,-0.03689561319282354,24.478396583733943,60,261.0,11.906899923943659,40,12.32297951047977
2657,mixtura,packing_A,T07,largo,17,G3,6.027959242907088,0.7514171315560612,0.8102762182606238,False,435,422.19431294892746,3.0331263729318954,-0.03689561319282354,24.478396583733943,60,261.0,11.906899923943659,41,11.849622741401067
2657,mixtura,packing_A,T07,largo,17,G3,6.027959242907088,0.7514171315560612,0.8102762182606238,False,435,422.19431294892746,3.0331263729318954,-0.03689561319282354,24.478396583733943,60,261.0,11.906899923943659,42,11.776665622881124
2657,mixtura,packing_A,T07,largo,17,G3,6.027959242907088,0.7514171315560612,0.8102762182606238,False,435,422.19431294892746,3.0331263729318954,-0.03689561319282354,24.478396583733943,60,261.0,11.906899923943659,43,11.524163063947862
2657,mixtura,packing_A,T07,largo,17,G3,6.027959242907088,0.7514171315560612,0.8102762182606238,False,435,422.19431294892746,3.0331263729318954,-0.03689561319282354,24.478396583733943,60,261.0,11.906899923943659,44,11.002405210806806
2657,mixtura,packing_A,T07,largo,17,G3,6.027959242907088,0.7514171315560612,0.8102762182606238,False,435,422.19431294892746,3.0331263729318954,-0.03689561319282354,24.478396583733943,60,261.0,11.906899923943659,45,10.573211429498523
2657,mixtura,packing_A,T07,largo,17,G3,6.027959242907088,0.7514171315560612,0.8102762182606238,False,435,422.19431294892746,3.0331263729318954,-0.03689561319282354,24.478396583733943,60,261.0,11.906899923943659,46,10.293128883444334
2657,mixtura,packing_A,T07,largo,17,G3,6.027959242907088,0.7514171315560612,0.8102762182606238,False,435,422.19431294892746,3.0331263729318954,-0.03689561319282354,24.478396583733943,60,261.0,11.906899923943659,47,10.127047172238479
2657,mixtura,packing_A,T07,largo,17,G3,6.027959242907088,0.7514171315560612,0.8102762182606238,False,435,422.19431294892746,3.0331263729318954,-0.03689561319282354,24.478396583733943,60,261.0,11.906899923943659,48,9.842126265405012
2657,mixtura,packing_A,T07,largo,17,G3,6.027959242907088,0.7514171315560612,0.8102762182606238,False,435,422.19431294892746,3.0331263729318954,-0.03689561319282354,24.478396583733943,60,261.0,11.906899923943659,49,9.374225807305441
2657,mixtura,packing_A,T07,largo,17,G3,6.027959242907088,0.7514171315560612,0.8102762182606238,False,435,422.19431294892746,3.0331263729318954,-0.03689561319282354,24.478396583733943,60,261.0,11.906899923943659,50,9.190115389841395
2657,mixtura,packing_A,T07,largo,17,G3,6.027959242907088,0.7514171315560612,0.8102762182606238,False,435,422.19431294892746,3.0331263729318954,-0.03689561319282354,24.478396583733943,60,261.0,11.906899923943659,51,8.818344879261787
2657,mixtura,packing_A,T07,largo,17,G3,6.027959242907088,0.7514171315560612,0.8102762182606238,False,435,422.19431294892746,3.0331263729318954,-0.03689561319282354,24.478396583733943,60,261.0,11.906899923943659,52,8.57542593568534
2657,mixtura,packing_A,T07,largo,17,G3,6.027959242907088,0.7514171315560612,0.8102762182606238,False,435,422.19431294892746,3.0331263729318954,-0.03689561319282354,24.478396583733943,60,261.0,11.906899923943659,53,8.307205739135394
2657,mixtura,packing_A,T07,largo,17,G3,6.027959242907088,0.7514171315560612,0.8102762182606238,False,435,422.19431294892746,3.0331263729318954,-0.03689561319282354,24.478396583733943,60,261.0,11.906899923943659,54,7.942761244391001
2657,mixtura,packing_A,T07,largo,17,G3,6.027959242907088,0.7514171315560612,0.8102762182606238,False,435,422.19431294892746,3.0331263729318954,-0.03689561319282354,24.478396583733943,60,261.0,11.906899923943659,55,7.60351436428854
2657,mixtura,packing_A,T07,largo,17,G3,6.027959242907088,0.7514171315560612,0.8102762182606238,False,435,422.19431294892746,3.0331263729318954,-0.03689561319282354,24.478396583733943,60,261.0,11.906899923943659,56,7.245464059047259
2657,mixtura,packing_A,T07,largo,17,G3,6.027959242907088,0.7514171315560612,0.8102762182606238,False,435,422.19431294892746,3.0331263729318954,-0.03689561319282354,24.478396583733943,60,261.0,11.906899923943659,57,6.8696455944824715
2657,mixtura,packing_A,T07,largo,17,G3,6.027959242907088,0.7514171315560612,0.8102762182606238,False,435,422.19431294892746,3.0331263729318954,-0.03689561319282354,24.478396583733943,60,261.0,11.906899923943659,58,6.636523689011112
2657,mixtura,packing_A,T07,largo,17,G3,6.027959242907088,0.7514171315560612,0.8102762182606238,False,435,422.19431294892746,3.0331263729318954,-0.03689561319282354,24.478396583733943,60,261.0,11.906899923943659,59,6.287968011002145
2657,mixtura,packing_A,T07,largo,17,G3,6.027959242907088,0.7514171315560612,0.8102762182606238,False,435,422.19431294892746,3.0331263729318954,-0.03689561319282354,24.478396583733943,60,261.0,11.906899923943659,60,5.942543241433484
2657,mixtura,packing_A,T07,largo,17,G3,6.027959242907088,0.7514171315560612,0.8102762182606238,False,435,422.19431294892746,3.0331263729318954,-0.03689561319282354,24.478396583733943,60,261.0,11.906899923943659,61,5.646067306119777
2657,mixtura,packing_A,T07,largo,17,G3,6.027959242907088,0.7514171315560612,0.8102762182606238,False,435,422.19431294892746,3.0331263729318954,-0.03689561319282354,24.478396583733943,60,261.0,11.906899923943659,62,5.3926879362420355
2657,mixtura,packing_A,T07,largo,17,G3,6.027959242907088,0.7514171315560612,0.8102762182606238,False,435,422.19431294892746,3.0331263729318954,-0.03689561319282354,24.478396583733943,60,261.0,11.906899923943659,63,5.097674533060138
2657,mixtura,packing_A,T07,largo,17,G3,6.027959242907088,0.7514171315560612,0.8102762182606238,False,435,422.19431294892746,3.0331263729318954,-0.03689561319282354,24.478396583733943,60,261.0,11.906899923943659,64,4.811669064094538
2657,mixtura,packing_A,T07,largo,17,G3,6.027959242907088,0.7514171315560612,0.8102762182606238,False,435,422.19431294892746,3.0331263729318954,-0.03689561319282354,24.478396583733943,60,261.0,11.906899923943659,65,4.708915285290695
2657,mixtura,packing_A,T07,largo,17,G3,6.027959242907088,0.7514171315560612,0.8102762182606238,False,435,422.19431294892746,3.0331263729318954,-0.03689561319282354,24.478396583733943,60,261.0,11.906899923943659,66,4.410454444355458
2657,mixtura,packing_A,T07,largo,17,G3,6.027959242907088,0.7514171315560612,0.8102762182606238,False,435,422.19431294892746,3.0331263729318954,-0.03689561319282354,24.478396583733943,60,261.0,11.906899923943659,67,3.762980668485841
2657,mixtura,packing_A,T07,largo,17,G3,6.027959242907088,0.7514171315560612,0.8102762182606238,False,435,422.19431294892746,3.0331263729318954,-0.03689561319282354,24.478396583733943,60,261.0,11.906899923943659,68,3.7413645668399367
2657,mixtura,packing_A,T07,largo,17,G3,6.027959242907088,0.7514171315560612,0.8102762182606238,False,435,422.19431294892746,3.0331263729318954,-0.03689561319282354,24.478396583733943,60,261.0,11.906899923943659,69,3.3625121702244773
2657,mixtura,packing_A,T07,largo,17,G3,6.027959242907088,0.7514171315560612,0.8102762182606238,False,435,422.19431294892746,3.0331263729318954,-0.03689561319282354,24.478396583733943,60,261.0,11.906899923943659,70,3.158352195411596
2657,mixtura,packing_A,T07,largo,17,G3,6.027959242907088,0.7514171315560612,0.8102762182606238,False,435,422.19431294892746,3.0331263729318954,-0.03689561319282354,24.478396583733943,60,261.0,11.906899923943659,71,3.0119055114294504
2657,mixtura,packing_A,T07,largo,17,G3,6.027959242907088,0.7514171315560612,0.8102762182606238,False,435,422.19431294892746,3.0331263729318954,-0.03689561319282354,24.478396583733943,60,261.0,11.906899923943659,72,2.5950661075122894
2657,mixtura,packing_A,T07,largo,17,G3,6.027959242907088,0.7514171315560612,0.8102762182606238,False,435,422.19431294892746,3.0331263729318954,-0.03689561319282354,24.478396583733943,60,261.0,11.906899923943659,73,2.4228699546419836
2657,mixtura,packing_A,T07,largo,17,G3,6.027959242907088,0.7514171315560612,0.8102762182606238,False,435,422.19431294892746,3.0331263729318954,-0.03689561319282354,24.478396583733943,60,261.0,11.906899923943659,74,2.000234899218231
2657,mixtura,packing_A,T07,largo,17,G3,6.027959242907088,0.7514171315560612,0.8102762182606238,False,435,422.19431294892746,3.0331263729318954,-0.03689561319282354,24.478396583733943,60,261.0,11.906899923943659,75,1.9152006997591882
2657,mixtura,packing_A,T07,largo,17,G3,6.027959242907088,0.7514171315560612,0.8102762182606238,False,435,422.19431294892746,3.0331263729318954,-0.03689561319282354,24.478396583733943,60,261.0,11.906899923943659,76,1.4785227856090022
2657,mixtura,packing_A,T07,largo,17,G3,6.027959242907088,0.7514171315560612,0.8102762182606238,False,435,422.19431294892746,3.0331263729318954,-0.03689561319282354,24.478396583733943,60,261.0,11.906899923943659,77,1.345930850272035
2657,mixtura,packing_A,T07,largo,17,G3,6.027959242907088,0.7514171315560612,0.8102762182606238,False,435,422.19431294892746,3.0331263729318954,-0.03689561319282354,24.478396583733943,60,261.0,11.906899923943659,78,1.2566552378290072
2657,mixtura,packing_A,T07,largo,17,G3,6.027959242907088,0.7514171315560612,0.8102762182606238,False,435,422.19431294892746,3.0331263729318954,-0.03689561319282354,24.478396583733943,60,261.0,11.906899923943659,79,0.5510301333757872
2657,mixtura,packing_A,T07,largo,17,G3,6.027959242907088,0.7514171315560612,0.8102762182606238,False,435,422.19431294892746,3.0331263729318954,-0.03689561319282354,24.478396583733943,60,261.0,11.906899923943659,80,0.5656598126612367
2657,mixtura,packing_A,T07,largo,17,G3,6.027959242907088,0.7514171315560612,0.8102762182606238,False,435,422.19431294892746,3.0331263729318954,-0.03689561319282354,24.478396583733943,60,261.0,11.906899923943659,81,0.22482069397329155
2657,mixtura,packing_A,T07,largo,17,G3,6.027959242907088,0.7514171315560612,0.8102762182606238,False,435,422.19431294892746,3.0331263729318954,-0.03689561319282354,24.478396583733943,60,261.0,11.906899923943659,82,0.21098684645780702
2657,mixtura,packing_A,T07,largo,17,G3,6.027959242907088,0.7514171315560612,0.8102762182606238,False,435,422.19431294892746,3.0331263729318954,-0.03689561319282354,24.478396583733943,60,261.0,11.906899923943659,83,-0.00807555270880439
2657,mixtura,packing_A,T07,largo,17,G3,6.027959242907088,0.7514171315560612,0.8102762182606238,False,435,422.19431294892746,3.0331263729318954,-0.03689561319282354,24.478396583733943,60,261.0,11.906899923943659,84,-0.35811201074090815
2657,mixtura,packing_A,T07,largo,17,G3,6.027959242907088,0.7514171315560612,0.8102762182606238,False,435,422.19431294892746,3.0331263729318954,-0.03689561319282354,24.478396583733943,60,261.0,11.906899923943659,85,-0.5683463164935056
2657,mixtura,packing_A,T07,largo,17,G3,6.027959242907088,0.7514171315560612,0.8102762182606238,False,435,422.19431294892746,3.0331263729318954,-0.03689561319282354,24.478396583733943,60,261.0,11.906899923943659,86,-0.8924625448978482
2657,mixtura,packing_A,T07,largo,17,G3,6.027959242907088,0.7514171315560612,0.8102762182606238,False,435,422.19431294892746,3.0331263729318954,-0.03689561319282354,24.478396583733943,60,261.0,11.906899923943659,87,-0.9292584027713295
2657,mixtura,packing_A,T07,largo,17,G3,6.027959242907088,0.7514171315560612,0.8102762182606238,False,435,422.19431294892746,3.0331263729318954,-0.03689561319282354,24.478396583733943,60,261.0,11.906899923943659,88,-1.4236718188620097
2657,mixtura,packing_A,T07,largo,17,G3,6.027959242907088,0.7514171315560612,0.8102762182606238,False,435,422.19431294892746,3.0331263729318954,-0.03689561319282354,24.478396583733943,60,261.0,11.906899923943659,89,-1.5024613966356537
2657,mixtura,packing_A,T07,largo,17,G3,6.027959242907088,0.7514171315560612,0.8102762182606238,False,435,422.19431294892746,3.0331263729318954,-0.03689561319282354,24.478396583733943,60,261.0,11.906899923943659,90,-1.5261234043744847
2657,mixtura,packing_A,T07,largo,17,G3,6.027959242907088,0.7514171315560612,0.8102762182606238,False,435,422.19431294892746,3.0331263729318954,-0.03689561319282354,24.478396583733943,60,261.0,11.906899923943659,91,-1.720837312510427
2657,mixtura,packing_A,T07,largo,17,G3,6.027959242907088,0.7514171315560612,0.8102762182606238,False,435,422.19431294892746,3.0331263729318954,-0.03689561319282354,24.478396583733943,60,261.0,11.906899923943659,92,-1.8579786609234457
2657,mixtura,packing_A,T07,largo,17,G3,6.027959242907088,0.7514171315560612,0.8102762182606238,False,435,422.19431294892746,3.0331263729318954,-0.03689561319282354,24.478396583733943,60,261.0,11.906899923943659,93,-2.2133718694321396
2657,mixtura,packing_A,T07,largo,17,G3,6.027959242907088,0.7514171315560612,0.8102762182606238,False,435,422.19431294892746,3.0331263729318954,-0.03689561319282354,24.478396583733943,60,261.0,11.906899923943659,94,-2.2421831013954097
2657,mixtura,packing_A,T07,largo,17,G3,6.027959242907088,0.7514171315560612,0.8102762182606238,False,435,422.19431294892746,3.0331263729318954,-0.03689561319282354,24.478396583733943,60,261.0,11.906899923943659,95,-2.7345620026700908
2657,mixtura,packing_A,T07,largo,17,G3,6.027959242907088,0.7514171315560612,0.8102762182606238,False,435,422.19431294892746,3.0331263729318954,-0.03689561319282354,24.478396583733943,60,261.0,11.906899923943659,96,-2.7979727150795735
2657,mixtura,packing_A,T07,largo,17,G3,6.027959242907088,0.7514171315560612,0.8102762182606238,False,435,422.19431294892746,3.0331263729318954,-0.03689561319282354,24.478396583733943,60,261.0,11.906899923943659,97,-3.023752201232045
2657,mixtura,packing_A,T07,largo,17,G3,6.027959242907088,0.7514171315560612,0.8102762182606238,False,435,422.19431294892746,3.0331263729318954,-0.03689561319282354,24.478396583733943,60,261.0,11.906899923943659,98,-3.1138625788242544
2657,mixtura,packing_A,T07,largo,17,G3,6.027959242907088,0.7514171315560612,0.8102762182606238,False,435,422.19431294892746,3.0331263729318954,-0.03689561319282354,24.478396583733943,60,261.0,11.906899923943659,99,-3.5087143209603444
2657,mixtura,packing_A,T07,largo,17,G3,6.027959242907088,0.7514171315560612,0.8102762182606238,False,435,422.19431294892746,3.0331263729318954,-0.03689561319282354,24.478396583733943,60,261.0,11.906899923943659,100,-3.3938177028312317
2657,mixtura,packing_A,T07,largo,17,G3,6.027959242907088,0.7514171315560612,0.8102762182606238,False,435,422.19431294892746,3.0331263729318954,-0.03689561319282354,24.478396583733943,60,261.0,11.906899923943659,101,-3.5407020891104035
2657,mixtura,packing_A,T07,largo,17,G3,6.027959242907088,0.7514171315560612,0.8102762182606238,False,435,422.19431294892746,3.0331263729318954,-0.03689561319282354,24.478396583733943,60,261.0,11.906899923943659,102,-3.718986944492092
2657,mixtura,packing_A,T07,largo,17,G3,6.027959242907088,0.7514171315560612,0.8102762182606238,False,435,422.19431294892746,3.0331263729318954,-0.03689561319282354,24.478396583733943,60,261.0,11.906899923943659,103,-4.007542160427775
2657,mixtura,packing_A,T07,largo,17,G3,6.027959242907088,0.7514171315560612,0.8102762182606238,False,435,422.19431294892746,3.0331263729318954,-0.03689561319282354,24.478396583733943,60,261.0,11.906899923943659,104,-4.122980191614271
2657,mixtura,packing_A,T07,largo,17,G3,6.027959242907088,0.7514171315560612,0.8102762182606238,False,435,422.19431294892746,3.0331263729318954,-0.03689561319282354,24.478396583733943,60,261.0,11.906899923943659,105,-4.233919034064154
2657,mixtura,packing_A,T07,largo,17,G3,6.027959242907088,0.7514171315560612,0.8102762182606238,False,435,422.19431294892746,3.0331263729318954,-0.03689561319282354,24.478396583733943,60,261.0,11.906899923943659,106,-4.513780260269301
2657,mixtura,packing_A,T07,largo,17,G3,6.027959242907088,0.7514171315560612,0.8102762182606238,False,435,422.19431294892746,3.0331263729318954,-0.03689561319282354,24.478396583733943,60,261.0,11.906899923943659,107,-4.496809034910888
2657,mixtura,packing_A,T07,largo,17,G3,6.027959242907088,0.7514171315560612,0.8102762182606238,False,435,422.19431294892746,3.0331263729318954,-0.03689561319282354,24.478396583733943,60,261.0,11.906899923943659,108,-4.646453138295541
2657,mixtura,packing_A,T07,largo,17,G3,6.027959242907088,0.7514171315560612,0.8102762182606238,False,435,422.19431294892746,3.0331263729318954,-0.03689561319282354,24.478396583733943,60,261.0,11.906899923943659,109,-4.709702252835069
2657,mixtura,packing_A,T07,largo,17,G3,6.027959242907088,0.7514171315560612,0.8102762182606238,False,435,422.19431294892746,3.0331263729318954,-0.03689561319282354,24.478396583733943,60,261.0,11.906899923943659,110,-4.893523815530914
2657,mixtura,packing_A,T07,largo,17,G3,6.027959242907088,0.7514171315560612,0.8102762182606238,False,435,422.19431294892746,3.0331263729318954,-0.03689561319282354,24.478396583733943,60,261.0,11.906899923943659,111,-5.006084657049889
2657,mixtura,packing_A,T07,largo,17,G3,6.027959242907088,0.7514171315560612,0.8102762182606238,False,435,422.19431294892746,3.0331263729318954,-0.03689561319282354,24.478396583733943,60,261.0,11.906899923943659,112,-5.093243076985658
2657,mixtura,packing_A,T07,largo,17,G3,6.027959242907088,0.7514171315560612,0.8102762182606238,False,435,422.19431294892746,3.0331263729318954,-0.03689561319282354,24.478396583733943,60,261.0,11.906899923943659,113,-5.272344025713613
2657,mixtura,packing_A,T07,largo,17,G3,6.027959242907088,0.7514171315560612,0.8102762182606238,False,435,422.19431294892746,3.0331263729318954,-0.03689561319282354,24.478396583733943,60,261.0,11.906899923943659,114,-5.51366673354889
2657,mixtura,packing_A,T07,largo,17,G3,6.027959242907088,0.7514171315560612,0.8102762182606238,False,435,422.19431294892746,3.0331263729318954,-0.03689561319282354,24.478396583733943,60,261.0,11.906899923943659,115,-5.4909797201784585
2657,mixtura,packing_A,T07,largo,17,G3,6.027959242907088,0.7514171315560612,0.8102762182606238,False,435,422.19431294892746,3.0331263729318954,-0.03689561319282354,24.478396583733943,60,261.0,11.906899923943659,116,-5.728733470260817
2657,mixtura,packing_A,T07,largo,17,G3,6.027959242907088,0.7514171315560612,0.8102762182606238,False,435,422.19431294892746,3.0331263729318954,-0.03689561319282354,24.478396583733943,60,261.0,11.906899923943659,117,-5.738871456148175
2657,mixtura,packing_A,T07,largo,17,G3,6.027959242907088,0.7514171315560612,0.8102762182606238,False,435,422.19431294892746,3.0331263729318954,-0.03689561319282354,24.478396583733943,60,261.0,11.906899923943659,118,-5.74809310940602
2657,mixtura,packing_A,T07,largo,17,G3,6.027959242907088,0.7514171315560612,0.8102762182606238,False,435,422.19431294892746,3.0331263729318954,-0.03689561319282354,24.478396583733943,60,261.0,11.906899923943659,119,-5.752011125641026
2657,mixtura,packing_A,T07,largo,17,G3,6.027959242907088,0.7514171315560612,0.8102762182606238,False,435,422.19431294892746,3.0331263729318954,-0.03689561319282354,24.478396583733943,60,261.0,11.906899923943659,120,-5.96984265470338
2657,mixtura,packing_A,T07,largo,17,G3,6.027959242907088,0.7514171315560612,0.8102762182606238,False,435,422.19431294892746,3.0331263729318954,-0.03689561319282354,24.478396583733943,60,261.0,11.906899923943659,121,-6.200712456321833
2657,mixtura,packing_A,T07,largo,17,G3,6.027959242907088,0.7514171315560612,0.8102762182606238,False,435,422.19431294892746,3.0331263729318954,-0.03689561319282354,24.478396583733943,60,261.0,11.906899923943659,122,-6.150308930768238
2657,mixtura,packing_A,T07,largo,17,G3,6.027959242907088,0.7514171315560612,0.8102762182606238,False,435,422.19431294892746,3.0331263729318954,-0.03689561319282354,24.478396583733943,60,261.0,11.906899923943659,123,-6.341931451964834
2657,mixtura,packing_A,T07,largo,17,G3,6.027959242907088,0.7514171315560612,0.8102762182606238,False,435,422.19431294892746,3.0331263729318954,-0.03689561319282354,24.478396583733943,60,261.0,11.906899923943659,124,-6.340978141616541
2657,mixtura,packing_A,T07,largo,17,G3,6.027959242907088,0.7514171315560612,0.8102762182606238,False,435,422.19431294892746,3.0331263729318954,-0.03689561319282354,24.478396583733943,60,261.0,11.906899923943659,125,-6.55455445874377
2657,mixtura,packing_A,T07,largo,17,G3,6.027959242907088,0.7514171315560612,0.8102762182606238,False,435,422.19431294892746,3.0331263729318954,-0.03689561319282354,24.478396583733943,60,261.0,11.906899923943659,126,-6.51998923906939
2657,mixtura,packing_A,T07,largo,17,G3,6.027959242907088,0.7514171315560612,0.8102762182606238,False,435,422.19431294892746,3.0331263729318954,-0.03689561319282354,24.478396583733943,60,261.0,11.906899923943659,127,-6.599799026174741
2657,mixtura,packing_A,T07,largo,17,G3,6.027959242907088,0.7514171315560612,0.8102762182606238,False,435,422.19431294892746,3.0331263729318954,-0.03689561319282354,24.478396583733943,60,261.0,11.906899923943659,128,-6.867438202977732
2657,mixtura,packing_A,T07,largo,17,G3,6.027959242907088,0.7514171315560612,0.8102762182606238,False,435,422.19431294892746,3.0331263729318954,-0.03689561319282354,24.478396583733943,60,261.0,11.906899923943659,129,-6.586815741155684
2657,mixtura,packing_A,T07,largo,17,G3,6.027959242907088,0.7514171315560612,0.8102762182606238,False,435,422.19431294892746,3.0331263729318954,-0.03689561319282354,24.478396583733943,60,261.0,11.906899923943659,130,-6.793509025806491
2657,mixtura,packing_A,T07,largo,17,G3,6.027959242907088,0.7514171315560612,0.8102762182606238,False,435,422.19431294892746,3.0331263729318954,-0.03689561319282354,24.478396583733943,60,261.0,11.906899923943659,131,-6.974411900718796
2657,mixtura,packing_A,T07,largo,17,G3,6.027959242907088,0.7514171315560612,0.8102762182606238,False,435,422.19431294892746,3.0331263729318954,-0.03689561319282354,24.478396583733943,60,261.0,11.906899923943659,132,-6.8647397993551404
2657,mixtura,packing_A,T07,largo,17,G3,6.027959242907088,0.7514171315560612,0.8102762182606238,False,435,422.19431294892746,3.0331263729318954,-0.03689561319282354,24.478396583733943,60,261.0,11.906899923943659,133,-7.061456015142578
2657,mixtura,packing_A,T07,largo,17,G3,6.027959242907088,0.7514171315560612,0.8102762182606238,False,435,422.19431294892746,3.0331263729318954,-0.03689561319282354,24.478396583733943,60,261.0,11.906899923943659,134,-6.981873077434102
2657,mixtura,packing_A,T07,largo,17,G3,6.027959242907088,0.7514171315560612,0.8102762182606238,False,435,422.19431294892746,3.0331263729318954,-0.03689561319282354,24.478396583733943,60,261.0,11.906899923943659,135,-7.147492908672482
2657,mixtura,packing_A,T07,largo,17,G3,6.027959242907088,0.7514171315560612,0.8102762182606238,False,435,422.19431294892746,3.0331263729318954,-0.03689561319282354,24.478396583733943,60,261.0,11.906899923943659,136,-6.975269544822563
2657,mixtura,packing_A,T07,largo,17,G3,6.027959242907088,0.7514171315560612,0.8102762182606238,False,435,422.19431294892746,3.0331263729318954,-0.03689561319282354,24.478396583733943,60,261.0,11.906899923943659,137,-7.098656178096567
2657,mixtura,packing_A,T07,largo,17,G3,6.027959242907088,0.7514171315560612,0.8102762182606238,False,435,422.19431294892746,3.0331263729318954,-0.03689561319282354,24.478396583733943,60,261.0,11.906899923943659,138,-7.147555811246467
2657,mixtura,packing_A,T07,largo,17,G3,6.027959242907088,0.7514171315560612,0.8102762182606238,False,435,422.19431294892746,3.0331263729318954,-0.03689561319282354,24.478396583733943,60,261.0,11.906899923943659,139,-7.050109363554254
2657,mixtura,packing_A,T07,largo,17,G3,6.027959242907088,0.7514171315560612,0.8102762182606238,False,435,422.19431294892746,3.0331263729318954,-0.03689561319282354,24.478396583733943,60,261.0,11.906899923943659,140,-7.136159451267589
2657,mixtura,packing_A,T07,largo,17,G3,6.027959242907088,0.7514171315560612,0.8102762182606238,False,435,422.19431294892746,3.0331263729318954,-0.03689561319282354,24.478396583733943,60,261.0,11.906899923943659,141,-7.1059166622287595
2657,mixtura,packing_A,T07,largo,17,G3,6.027959242907088,0.7514171315560612,0.8102762182606238,False,435,422.19431294892746,3.0331263729318954,-0.03689561319282354,24.478396583733943,60,261.0,11.906899923943659,142,-7.269115029559044
2657,mixtura,packing_A,T07,largo,17,G3,6.027959242907088,0.7514171315560612,0.8102762182606238,False,435,422.19431294892746,3.0331263729318954,-0.03689561319282354,24.478396583733943,60,261.0,11.906899923943659,143,-7.290466648685591
2657,mixtura,packing_A,T07,largo,17,G3,6.027959242907088,0.7514171315560612,0.8102762182606238,False,435,422.19431294892746,3.0331263729318954,-0.03689561319282354,24.478396583733943,60,261.0,11.906899923943659,144,-7.227551839013097
2657,mixtura,packing_A,T07,largo,17,G3,6.027959242907088,0.7514171315560612,0.8102762182606238,False,435,422.19431294892746,3.0331263729318954,-0.03689561319282354,24.478396583733943,60,261.0,11.906899923943659,145,-7.26726217975207
2657,mixtura,packing_A,T07,largo,17,G3,6.027959242907088,0.7514171315560612,0.8102762182606238,False,435,422.19431294892746,3.0331263729318954,-0.03689561319282354,24.478396583733943,60,261.0,11.906899923943659,146,-7.2634389226195495
2657,mixtura,packing_A,T07,largo,17,G3,6.027959242907088,0.7514171315560612,0.8102762182606238,False,435,422.19431294892746,3.0331263729318954,-0.03689561319282354,24.478396583733943,60,261.0,11.906899923943659,147,-7.2426701909787
2657,mixtura,packing_A,T07,largo,17,G3,6.027959242907088,0.7514171315560612,0.8102762182606238,False,435,422.19431294892746,3.0331263729318954,-0.03689561319282354,24.478396583733943,60,261.0,11.906899923943659,148,-7.266305735519726
2657,mixtura,packing_A,T07,largo,17,G3,6.027959242907088,0.7514171315560612,0.8102762182606238,False,435,422.19431294892746,3.0331263729318954,-0.03689561319282354,24.478396583733943,60,261.0,11.906899923943659,149,-7.097336897992369
2657,mixtura,packing_A,T07,largo,17,G3,6.027959242907088,0.7514171315560612,0.8102762182606238,False,435,422.19431294892746,3.0331263729318954,-0.03689561319282354,24.478396583733943,60,261.0,11.906899923943659,150,-7.242861343323313
2657,mixtura,packing_A,T07,largo,17,G3,6.027959242907088,0.7514171315560612,0.8102762182606238,False,435,422.19431294892746,3.0331263729318954,-0.03689561319282354,24.478396583733943,60,261.0,11.906899923943659,151,-7.292997371158373
2657,mixtura,packing_A,T07,largo,17,G3,6.027959242907088,0.7514171315560612,0.8102762182606238,False,435,422.19431294892746,3.0331263729318954,-0.03689561319282354,24.478396583733943,60,261.0,11.906899923943659,152,-7.194165269282772
2657,mixtura,packing_A,T07,largo,17,G3,6.027959242907088,0.7514171315560612,0.8102762182606238,False,435,422.19431294892746,3.0331263729318954,-0.03689561319282354,24.478396583733943,60,261.0,11.906899923943659,153,-7.240797033666002
2657,mixtura,packing_A,T07,largo,17,G3,6.027959242907088,0.7514171315560612,0.8102762182606238,False,435,422.19431294892746,3.0331263729318954,-0.03689561319282354,24.478396583733943,60,261.0,11.906899923943659,154,-7.4597581511999
2657,mixtura,packing_A,T07,largo,17,G3,6.027959242907088,0.7514171315560612,0.8102762182606238,False,435,422.19431294892746,3.0331263729318954,-0.03689561319282354,24.478396583733943,60,261.0,11.906899923943659,155,-7.049519074649576
2657,mixtura,packing_A,T07,largo,17,G3,6.027959242907088,0.7514171315560612,0.8102762182606238,False,435,422.19431294892746,3.0331263729318954,-0.03689561319282354,24.478396583733943,60,261.0,11.906899923943659,156,-7.201781362380394
2657,mixtura,packing_A,T07,largo,17,G3,6.027959242907088,0.7514171315560612,0.8102762182606238,False,435,422.19431294892746,3.0331263729318954,-0.03689561319282354,24.478396583733943,60,261.0,11.906899923943659,157,-7.170825503326745
2657,mixtura,packing_A,T07,largo,17,G3,6.027959242907088,0.7514171315560612,0.8102762182606238,False,435,422.19431294892746,3.0331263729318954,-0.03689561319282354,24.478396583733943,60,261.0,11.906899923943659,158,-7.311306767018109
2657,mixtura,packing_A,T07,largo,17,G3,6.027959242907088,0.7514171315560612,0.8102762182606238,False,435,422.19431294892746,3.0331263729318954,-0.03689561319282354,24.478396583733943,60,261.0,11.906899923943659,159,-7.042620547113372
2657,mixtura,packing_A,T07,largo,17,G3,6.027959242907088,0.7514171315560612,0.8102762182606238,False,435,422.19431294892746,3.0331263729318954,-0.03689561319282354,24.478396583733943,60,261.0,11.906899923943659,160,-7.009400489818085
2657,mixtura,packing_A,T07,largo,17,G3,6.027959242907088,0.7514171315560612,0.8102762182606238,False,435,422.19431294892746,3.0331263729318954,-0.03689561319282354,24.478396583733943,60,261.0,11.906899923943659,161,-7.016991886276759
2657,mixtura,packing_A,T07,largo,17,G3,6.027959242907088,0.7514171315560612,0.8102762182606238,False,435,422.19431294892746,3.0331263729318954,-0.03689561319282354,24.478396583733943,60,261.0,11.906899923943659,162,-6.931824973482826
2657,mixtura,packing_A,T07,largo,17,G3,6.027959242907088,0.7514171315560612,0.8102762182606238,False,435,422.19431294892746,3.0331263729318954,-0.03689561319282354,24.478396583733943,60,261.0,11.906899923943659,163,-7.053093916428148
2657,mixtura,packing_A,T07,largo,17,G3,6.027959242907088,0.7514171315560612,0.8102762182606238,False,435,422.19431294892746,3.0331263729318954,-0.03689561319282354,24.478396583733943,60,261.0,11.906899923943659,164,-7.17650617495776
2657,mixtura,packing_A,T07,largo,17,G3,6.027959242907088,0.7514171315560612,0.8102762182606238,False,435,422.19431294892746,3.0331263729318954,-0.03689561319282354,24.478396583733943,60,261.0,11.906899923943659,165,-6.880184052188283
2657,mixtura,packing_A,T07,largo,17,G3,6.027959242907088,0.7514171315560612,0.8102762182606238,False,435,422.19431294892746,3.0331263729318954,-0.03689561319282354,24.478396583733943,60,261.0,11.906899923943659,166,-6.900702182791364
2657,mixtura,packing_A,T07,largo,17,G3,6.027959242907088,0.7514171315560612,0.8102762182606238,False,435,422.19431294892746,3.0331263729318954,-0.03689561319282354,24.478396583733943,60,261.0,11.906899923943659,167,-6.898249355928084
2657,mixtura,packing_A,T07,largo,17,G3,6.027959242907088,0.7514171315560612,0.8102762182606238,False,435,422.19431294892746,3.0331263729318954,-0.03689561319282354,24.478396583733943,60,261.0,11.906899923943659,168,-6.975376478351072
2657,mixtura,packing_A,T07,largo,17,G3,6.027959242907088,0.7514171315560612,0.8102762182606238,False,435,422.19431294892746,3.0331263729318954,-0.03689561319282354,24.478396583733943,60,261.0,11.906899923943659,169,-6.667247442450579
2657,mixtura,packing_A,T07,largo,17,G3,6.027959242907088,0.7514171315560612,0.8102762182606238,False,435,422.19431294892746,3.0331263729318954,-0.03689561319282354,24.478396583733943,60,261.0,11.906899923943659,170,-6.7641275858480965
2657,mixtura,packing_A,T07,largo,17,G3,6.027959242907088,0.7514171315560612,0.8102762182606238,False,435,422.19431294892746,3.0331263729318954,-0.03689561319282354,24.478396583733943,60,261.0,11.906899923943659,171,-6.8329225181711015
2657,mixtura,packing_A,T07,largo,17,G3,6.027959242907088,0.7514171315560612,0.8102762182606238,False,435,422.19431294892746,3.0331263729318954,-0.03689561319282354,24.478396583733943,60,261.0,11.906899923943659,172,-6.498944025323041
2657,mixtura,packing_A,T07,largo,17,G3,6.027959242907088,0.7514171315560612,0.8102762182606238,False,435,422.19431294892746,3.0331263729318954,-0.03689561319282354,24.478396583733943,60,261.0,11.906899923943659,173,-6.719997628809937
2657,mixtura,packing_A,T07,largo,17,G3,6.027959242907088,0.7514171315560612,0.8102762182606238,False,435,422.19431294892746,3.0331263729318954,-0.03689561319282354,24.478396583733943,60,261.0,11.906899923943659,174,-6.559776856965997
2657,mixtura,packing_A,T07,largo,17,G3,6.027959242907088,0.7514171315560612,0.8102762182606238,False,435,422.19431294892746,3.0331263729318954,-0.03689561319282354,24.478396583733943,60,261.0,11.906899923943659,175,-6.434337462100126
2657,mixtura,packing_A,T07,largo,17,G3,6.027959242907088,0.7514171315560612,0.8102762182606238,False,435,422.19431294892746,3.0331263729318954,-0.03689561319282354,24.478396583733943,60,261.0,11.906899923943659,176,-6.3420436973272585
2657,mixtura,packing_A,T07,largo,17,G3,6.027959242907088,0.7514171315560612,0.8102762182606238,False,435,422.19431294892746,3.0331263729318954,-0.03689561319282354,24.478396583733943,60,261.0,11.906899923943659,177,-6.394122440164954
2657,mixtura,packing_A,T07,largo,17,G3,6.027959242907088,0.7514171315560612,0.8102762182606238,False,435,422.19431294892746,3.0331263729318954,-0.03689561319282354,24.478396583733943,60,261.0,11.906899923943659,178,-6.3137304143439685
2657,mixtura,packing_A,T07,largo,17,G3,6.027959242907088,0.7514171315560612,0.8102762182606238,False,435,422.19431294892746,3.0331263729318954,-0.03689561319282354,24.478396583733943,60,261.0,11.906899923943659,179,-6.178781764656444
2657,mixtura,packing_A,T07,largo,17,G3,6.027959242907088,0.7514171315560612,0.8102762182606238,False,435,422.19431294892746,3.0331263729318954,-0.03689561319282354,24.478396583733943,60,261.0,11.906899923943659,180,-6.317949701107178
2657,mixtura,packing_A,T07,largo,17,G3,6.027959242907088,0.7514171315560612,0.8102762182606238,False,435,422.19431294892746,3.0331263729318954,-0.03689561319282354,24.478396583733943,60,261.0,11.906899923943659,181,-6.324960927154134
2657,mixtura,packing_A,T07,largo,17,G3,6.027959242907088,0.7514171315560612,0.8102762182606238,False,435,422.19431294892746,3.0331263729318954,-0.03689561319282354,24.478396583733943,60,261.0,11.906899923943659,182,-6.148754548878648
2657,mixtura,packing_A,T07,largo,17,G3,6.027959242907088,0.7514171315560612,0.8102762182606238,False,435,422.19431294892746,3.0331263729318954,-0.03689561319282354,24.478396583733943,60,261.0,11.906899923943659,183,-5.979652182858659
2657,mixtura,packing_A,T07,largo,17,G3,6.027959242907088,0.7514171315560612,0.8102762182606238,False,435,422.19431294892746,3.0331263729318954,-0.03689561319282354,24.478396583733943,60,261.0,11.906899923943659,184,-5.950365606200146
2657,mixtura,packing_A,T07,largo,17,G3,6.027959242907088,0.7514171315560612,0.8102762182606238,False,435,422.19431294892746,3.0331263729318954,-0.03689561319282354,24.478396583733943,60,261.0,11.906899923943659,185,-5.6842992647575095
2657,mixtura,packing_A,T07,largo,17,G3,6.027959242907088,0.7514171315560612,0.8102762182606238,False,435,422.19431294892746,3.0331263729318954,-0.03689561319282354,24.478396583733943,60,261.0,11.906899923943659,186,-5.8382177572644105
2657,mixtura,packing_A,T07,largo,17,G3,6.027959242907088,0.7514171315560612,0.8102762182606238,False,435,422.19431294892746,3.0331263729318954,-0.03689561319282354,24.478396583733943,60,261.0,11.906899923943659,187,-5.839236041770853
2657,mixtura,packing_A,T07,largo,17,G3,6.027959242907088,0.7514171315560612,0.8102762182606238,False,435,422.19431294892746,3.0331263729318954,-0.03689561319282354,24.478396583733943,60,261.0,11.906899923943659,188,-5.70743300660439
2657,mixtura,packing_A,T07,largo,17,G3,6.027959242907088,0.7514171315560612,0.8102762182606238,False,435,422.19431294892746,3.0331263729318954,-0.03689561319282354,24.478396583733943,60,261.0,11.906899923943659,189,-5.613169220604929
2657,mixtura,packing_A,T07,largo,17,G3,6.027959242907088,0.7514171315560612,0.8102762182606238,False,435,422.19431294892746,3.0331263729318954,-0.03689561319282354,24.478396583733943,60,261.0,11.906899923943659,190,-5.3103872231221665
2657,mixtura,packing_A,T07,largo,17,G3,6.027959242907088,0.7514171315560612,0.8102762182606238,False,435,422.19431294892746,3.0331263729318954,-0.03689561319282354,24.478396583733943,60,261.0,11.906899923943659,191,-5.52150020266713
2657,mixtura,packing_A,T07,largo,17,G3,6.027959242907088,0.7514171315560612,0.8102762182606238,False,435,422.19431294892746,3.0331263729318954,-0.03689561319282354,24.478396583733943,60,261.0,11.906899923943659,192,-5.515449967021667
2657,mixtura,packing_A,T07,largo,17,G3,6.027959242907088,0.7514171315560612,0.8102762182606238,False,435,422.19431294892746,3.0331263729318954,-0.03689561319282354,24.478396583733943,60,261.0,11.906899923943659,193,-5.442505751726799
2657,mixtura,packing_A,T07,largo,17,G3,6.027959242907088,0.7514171315560612,0.8102762182606238,False,435,422.19431294892746,3.0331263729318954,-0.03689561319282354,24.478396583733943,60,261.0,11.906899923943659,194,-5.387553128321217
2657,mixtura,packing_A,T07,largo,17,G3,6.027959242907088,0.7514171315560612,0.8102762182606238,False,435,422.19431294892746,3.0331263729318954,-0.03689561319282354,24.478396583733943,60,261.0,11.906899923943659,195,-5.054692951807649
2657,mixtura,packing_A,T07,largo,17,G3,6.027959242907088,0.7514171315560612,0.8102762182606238,False,435,422.19431294892746,3.0331263729318954,-0.03689561319282354,24.478396583733943,60,261.0,11.906899923943659,196,-4.888939254698018
2657,mixtura,packing_A,T07,largo,17,G3,6.027959242907088,0.7514171315560612,0.8102762182606238,False,435,422.19431294892746,3.0331263729318954,-0.03689561319282354,24.478396583733943,60,261.0,11.906899923943659,197,-4.846762186440687
2657,mixtura,packing_A,T07,largo,17,G3,6.027959242907088,0.7514171315560612,0.8102762182606238,False,435,422.19431294892746,3.0331263729318954,-0.03689561319282354,24.478396583733943,60,261.0,11.906899923943659,198,-4.83248124255747
2657,mixtura,packing_A,T07,largo,17,G3,6.027959242907088,0.7514171315560612,0.8102762182606238,False,435,422.19431294892746,3.0331263729318954,-0.03689561319282354,24.478396583733943,60,261.0,11.906899923943659,199,-4.976193349654606
2657,mixtura,packing_A,T07,largo,17,G3,6.027959242907088,0.7514171315560612,0.8102762182606238,False,435,422.19431294892746,3.0331263729318954,-0.03689561319282354,24.478396583733943,60,261.0,11.906899923943659,200,-4.661071665790017
2657,mixtura,packing_A,T07,largo,17,G3,6.027959242907088,0.7514171315560612,0.8102762182606238,False,435,422.19431294892746,3.0331263729318954,-0.03689561319282354,24.478396583733943,60,261.0,11.906899923943659,201,-4.610242323089174
2657,mixtura,packing_A,T07,largo,17,G3,6.027959242907088,0.7514171315560612,0.8102762182606238,False,435,422.19431294892746,3.0331263729318954,-0.03689561319282354,24.478396583733943,60,261.0,11.906899923943659,202,-4.418588508545374
2657,mixtura,packing_A,T07,largo,17,G3,6.027959242907088,0.7514171315560612,0.8102762182606238,False,435,422.19431294892746,3.0331263729318954,-0.03689561319282354,24.478396583733943,60,261.0,11.906899923943659,203,-4.577925041322392
2657,mixtura,packing_A,T07,largo,17,G3,6.027959242907088,0.7514171315560612,0.8102762182606238,False,435,422.19431294892746,3.0331263729318954,-0.03689561319282354,24.478396583733943,60,261.0,11.906899923943659,204,-4.330944430344382
2657,mixtura,packing_A,T07,largo,17,G3,6.027959242907088,0.7514171315560612,0.8102762182606238,False,435,422.19431294892746,3.0331263729318954,-0.03689561319282354,24.478396583733943,60,261.0,11.906899923943659,205,-4.2828393720614155
2657,mixtura,packing_A,T07,largo,17,G3,6.027959242907088,0.7514171315560612,0.8102762182606238,False,435,422.19431294892746,3.0331263729318954,-0.03689561319282354,24.478396583733943,60,261.0,11.906899923943659,206,-4.4088442299477295
2657,mixtura,packing_A,T07,largo,17,G3,6.027959242907088,0.7514171315560612,0.8102762182606238,False,435,422.19431294892746,3.0331263729318954,-0.03689561319282354,24.478396583733943,60,261.0,11.906899923943659,207,-4.107806686912369
2657,mixtura,packing_A,T07,largo,17,G3,6.027959242907088,0.7514171315560612,0.8102762182606238,False,435,422.19431294892746,3.0331263729318954,-0.03689561319282354,24.478396583733943,60,261.0,11.906899923943659,208,-4.146671187278451
2657,mixtura,packing_A,T07,largo,17,G3,6.027959242907088,0.7514171315560612,0.8102762182606238,False,435,422.19431294892746,3.0331263729318954,-0.03689561319282354,24.478396583733943,60,261.0,11.906899923943659,209,-4.041892866825101
2657,mixtura,packing_A,T07,largo,17,G3,6.027959242907088,0.7514171315560612,0.8102762182606238,False,435,422.19431294892746,3.0331263729318954,-0.03689561319282354,24.478396583733943,60,261.0,11.906899923943659,210,-3.9879006519175375
2657,mixtura,packing_A,T07,largo,17,G3,6.027959242907088,0.7514171315560612,0.8102762182606238,False,435,422.19431294892746,3.0331263729318954,-0.03689561319282354,24.478396583733943,60,261.0,11.906899923943659,211,-3.7950806572508213
2657,mixtura,packing_A,T07,largo,17,G3,6.027959242907088,0.7514171315560612,0.8102762182606238,False,435,422.19431294892746,3.0331263729318954,-0.03689561319282354,24.478396583733943,60,261.0,11.906899923943659,212,-3.830163829655493
2657,mixtura,packing_A,T07,largo,17,G3,6.027959242907088,0.7514171315560612,0.8102762182606238,False,435,422.19431294892746,3.0331263729318954,-0.03689561319282354,24.478396583733943,60,261.0,11.906899923943659,213,-3.732594702302665
2657,mixtura,packing_A,T07,largo,17,G3,6.027959242907088,0.7514171315560612,0.8102762182606238,False,435,422.19431294892746,3.0331263729318954,-0.03689561319282354,24.478396583733943,60,261.0,11.906899923943659,214,-3.4947249356179553
2657,mixtura,packing_A,T07,largo,17,G3,6.027959242907088,0.7514171315560612,0.8102762182606238,False,435,422.19431294892746,3.0331263729318954,-0.03689561319282354,24.478396583733943,60,261.0,11.906899923943659,215,-3.465348805405234
2657,mixtura,packing_A,T07,largo,17,G3,6.027959242907088,0.7514171315560612,0.8102762182606238,False,435,422.19431294892746,3.0331263729318954,-0.03689561319282354,24.478396583733943,60,261.0,11.906899923943659,216,-3.463662159407812
2657,mixtura,packing_A,T07,largo,17,G3,6.027959242907088,0.7514171315560612,0.8102762182606238,False,435,422.19431294892746,3.0331263729318954,-0.03689561319282354,24.478396583733943,60,261.0,11.906899923943659,217,-3.367610230694855
2657,mixtura,packing_A,T07,largo,17,G3,6.027959242907088,0.7514171315560612,0.8102762182606238,False,435,422.19431294892746,3.0331263729318954,-0.03689561319282354,24.478396583733943,60,261.0,11.906899923943659,218,-3.240222191429028
2657,mixtura,packing_A,T07,largo,17,G3,6.027959242907088,0.7514171315560612,0.8102762182606238,False,435,422.19431294892746,3.0331263729318954,-0.03689561319282354,24.478396583733943,60,261.0,11.906899923943659,219,-3.2348298583205772
2657,mixtura,packing_A,T07,largo,17,G3,6.027959242907088,0.7514171315560612,0.8102762182606238,False,435,422.19431294892746,3.0331263729318954,-0.03689561319282354,24.478396583733943,60,261.0,11.906899923943659,220,-2.953323301436689
2657,mixtura,packing_A,T07,largo,17,G3,6.027959242907088,0.7514171315560612,0.8102762182606238,False,435,422.19431294892746,3.0331263729318954,-0.03689561319282354,24.478396583733943,60,261.0,11.906899923943659,221,-2.936612594971725
2657,mixtura,packing_A,T07,largo,17,G3,6.027959242907088,0.7514171315560612,0.8102762182606238,False,435,422.19431294892746,3.0331263729318954,-0.03689561319282354,24.478396583733943,60,261.0,11.906899923943659,222,-2.9425540193901987
2657,mixtura,packing_A,T07,largo,17,G3,6.027959242907088,0.7514171315560612,0.8102762182606238,False,435,422.19431294892746,3.0331263729318954,-0.03689561319282354,24.478396583733943,60,261.0,11.906899923943659,223,-2.9014281807462607
2657,mixtura,packing_A,T07,largo,17,G3,6.027959242907088,0.7514171315560612,0.8102762182606238,False,435,422.19431294892746,3.0331263729318954,-0.03689561319282354,24.478396583733943,60,261.0,11.906899923943659,224,-2.74655326569587
2657,mixtura,packing_A,T07,largo,17,G3,6.027959242907088,0.7514171315560612,0.8102762182606238,False,435,422.19431294892746,3.0331263729318954,-0.03689561319282354,24.478396583733943,60,261.0,11.906899923943659,225,-2.561986699636341
2657,mixtura,packing_A,T07,largo,17,G3,6.027959242907088,0.7514171315560612,0.8102762182606238,False,435,422.19431294892746,3.0331263729318954,-0.03689561319282354,24.478396583733943,60,261.0,11.906899923943659,226,-2.551034460180391
2657,mixtura,packing_A,T07,largo,17,G3,6.027959242907088,0.7514171315560612,0.8102762182606238,False,435,422.19431294892746,3.0331263729318954,-0.03689561319282354,24.478396583733943,60,261.0,11.906899923943659,227,-2.390531243786556
2657,mixtura,packing_A,T07,largo,17,G3,6.027959242907088,0.7514171315560612,0.8102762182606238,False,435,422.19431294892746,3.0331263729318954,-0.03689561319282354,24.478396583733943,60,261.0,11.906899923943659,228,-2.3874777251623462
2657,mixtura,packing_A,T07,largo,17,G3,6.027959242907088,0.7514171315560612,0.8102762182606238,False,435,422.19431294892746,3.0331263729318954,-0.03689561319282354,24.478396583733943,60,261.0,11.906899923943659,229,-2.521772118436646
2657,mixtura,packing_A,T07,largo,17,G3,6.027959242907088,0.7514171315560612,0.8102762182606238,False,435,422.19431294892746,3.0331263729318954,-0.03689561319282354,24.478396583733943,60,261.0,11.906899923943659,230,-2.122277234580113
2657,mixtura,packing_A,T07,largo,17,G3,6.027959242907088,0.7514171315560612,0.8102762182606238,False,435,422.19431294892746,3.0331263729318954,-0.03689561319282354,24.478396583733943,60,261.0,11.906899923943659,231,-2.258406126292828
2657,mixtura,packing_A,T07,largo,17,G3,6.027959242907088,0.7514171315560612,0.8102762182606238,False,435,422.19431294892746,3.0331263729318954,-0.03689561319282354,24.478396583733943,60,261.0,11.906899923943659,232,-2.1102472632598492
2657,mixtura,packing_A,T07,largo,17,G3,6.027959242907088,0.7514171315560612,0.8102762182606238,False,435,422.19431294892746,3.0331263729318954,-0.03689561319282354,24.478396583733943,60,261.0,11.906899923943659,233,-1.9704272025102125
2657,mixtura,packing_A,T07,largo,17,G3,6.027959242907088,0.7514171315560612,0.8102762182606238,False,435,422.19431294892746,3.0331263729318954,-0.03689561319282354,24.478396583733943,60,261.0,11.906899923943659,234,-1.9301839824423708
2657,mixtura,packing_A,T07,largo,17,G3,6.027959242907088,0.7514171315560612,0.8102762182606238,False,435,422.19431294892746,3.0331263729318954,-0.03689561319282354,24.478396583733943,60,261.0,11.906899923943659,235,-1.8978189778047503
2657,mixtura,packing_A,T07,largo,17,G3,6.027959242907088,0.7514171315560612,0.8102762182606238,False,435,422.19431294892746,3.0331263729318954,-0.03689561319282354,24.478396583733943,60,261.0,11.906899923943659,236,-1.5314914221909228
2657,mixtura,packing_A,T07,largo,17,G3,6.027959242907088,0.7514171315560612,0.8102762182606238,False,435,422.19431294892746,3.0331263729318954,-0.03689561319282354,24.478396583733943,60,261.0,11.906899923943659,237,-1.631790332734175
2657,mixtura,packing_A,T07,largo,17,G3,6.027959242907088,0.7514171315560612,0.8102762182606238,False,435,422.19431294892746,3.0331263729318954,-0.03689561319282354,24.478396583733943,60,261.0,11.906899923943659,238,-1.5351516884117373
2657,mixtura,packing_A,T07,largo,17,G3,6.027959242907088,0.7514171315560612,0.8102762182606238,False,435,422.19431294892746,3.0331263729318954,-0.03689561319282354,24.478396583733943,60,261.0,11.906899923943659,239,-1.5417620474602822
2657,mixtura,packing_A,T07,largo,17,G3,6.027959242907088,0.7514171315560612,0.8102762182606238,False,435,422.19431294892746,3.0331263729318954,-0.03689561319282354,24.478396583733943,60,261.0,11.906899923943659,240,-1.4920441043177444
2657,mixtura,packing_A,T07,largo,17,G3,6.027959242907088,0.7514171315560612,0.8102762182606238,False,435,422.19431294892746,3.0331263729318954,-0.03689561319282354,24.478396583733943,60,261.0,11.906899923943659,241,-1.293310287025631
2657,mixtura,packing_A,T07,largo,17,G3,6.027959242907088,0.7514171315560612,0.8102762182606238,False,435,422.19431294892746,3.0331263729318954,-0.03689561319282354,24.478396583733943,60,261.0,11.906899923943659,242,-1.2781505857999536
2657,mixtura,packing_A,T07,largo,17,G3,6.027959242907088,0.7514171315560612,0.8102762182606238,False,435,422.19431294892746,3.0331263729318954,-0.03689561319282354,24.478396583733943,60,261.0,11.906899923943659,243,-1.2426307651107398
2657,mixtura,packing_A,T07,largo,17,G3,6.027959242907088,0.7514171315560612,0.8102762182606238,False,435,422.19431294892746,3.0331263729318954,-0.03689561319282354,24.478396583733943,60,261.0,11.906899923943659,244,-1.3417703981604665
2657,mixtura,packing_A,T07,largo,17,G3,6.027959242907088,0.7514171315560612,0.8102762182606238,False,435,422.19431294892746,3.0331263729318954,-0.03689561319282354,24.478396583733943,60,261.0,11.906899923943659,245,-1.190955725424448
2657,mixtura,packing_A,T07,largo,17,G3,6.027959242907088,0.7514171315560612,0.8102762182606238,False,435,422.19431294892746,3.0331263729318954,-0.03689561319282354,24.478396583733943,60,261.0,11.906899923943659,246,-1.225822856937368
2657,mixtura,packing_A,T07,largo,17,G3,6.027959242907088,0.7514171315560612,0.8102762182606238,False,435,422.19431294892746,3.0331263729318954,-0.03689561319282354,24.478396583733943,60,261.0,11.906899923943659,247,-1.0662241998910904
2657,mixtura,packing_A,T07,largo,17,G3,6.027959242907088,0.7514171315560612,0.8102762182606238,False,435,422.19431294892746,3.0331263729318954,-0.03689561319282354,24.478396583733943,60,261.0,11.906899923943659,248,-0.9063428580206888
2657,mixtura,packing_A,T07,largo,17,G3,6.027959242907088,0.7514171315560612,0.8102762182606238,False,435,422.19431294892746,3.0331263729318954,-0.03689561319282354,24.478396583733943,60,261.0,11.906899923943659,249,-1.0059998140856983
2657,mixtura,packing_A,T07,largo,17,G3,6.027959242907088,0.7514171315560612,0.8102762182606238,False,435,422.19431294892746,3.0331263729318954,-0.03689561319282354,24.478396583733943,60,261.0,11.906899923943659,250,-0.660577540345022
2657,mixtura,packing_A,T07,largo,17,G3,6.027959242907088,0.7514171315560612,0.8102762182606238,False,435,422.19431294892746,3.0331263729318954,-0.03689561319282354,24.478396583733943,60,261.0,11.906899923943659,251,-0.5981863125925262
2657,mixtura,packing_A,T07,largo,17,G3,6.027959242907088,0.7514171315560612,0.8102762182606238,False,435,422.19431294892746,3.0331263729318954,-0.03689561319282354,24.478396583733943,60,261.0,11.906899923943659,252,-0.725066920187491
2657,mixtura,packing_A,T07,largo,17,G3,6.027959242907088,0.7514171315560612,0.8102762182606238,False,435,422.19431294892746,3.0331263729318954,-0.03689561319282354,24.478396583733943,60,261.0,11.906899923943659,253,-0.4739482617917639
2657,mixtura,packing_A,T07,largo,17,G3,6.027959242907088,0.7514171315560612,0.8102762182606238,False,435,422.19431294892746,3.0331263729318954,-0.03689561319282354,24.478396583733943,60,261.0,11.906899923943659,254,-0.38562531885138046
2657,mixtura,packing_A,T07,largo,17,G3,6.027959242907088,0.7514171315560612,0.8102762182606238,False,435,422.19431294892746,3.0331263729318954,-0.03689561319282354,24.478396583733943,60,261.0,11.906899923943659,255,-0.3383298112487239
2657,mixtura,packing_A,T07,largo,17,G3,6.027959242907088,0.7514171315560612,0.8102762182606238,False,435,422.19431294892746,3.0331263729318954,-0.03689561319282354,24.478396583733943,60,261.0,11.906899923943659,256,-0.44647317776616685
2657,mixtura,packing_A,T07,largo,17,G3,6.027959242907088,0.7514171315560612,0.8102762182606238,False,435,422.19431294892746,3.0331263729318954,-0.03689561319282354,24.478396583733943,60,261.0,11.906899923943659,257,-0.33474742045781614
2657,mixtura,packing_A,T07,largo,17,G3,6.027959242907088,0.7514171315560612,0.8102762182606238,False,435,422.19431294892746,3.0331263729318954,-0.03689561319282354,24.478396583733943,60,261.0,11.906899923943659,258,-0.162502152967691
2657,mixtura,packing_A,T07,largo,17,G3,6.027959242907088,0.7514171315560612,0.8102762182606238,False,435,422.19431294892746,3.0331263729318954,-0.03689561319282354,24.478396583733943,60,261.0,11.906899923943659,259,-0.09461134064454525
2657,mixtura,packing_A,T07,largo,17,G3,6.027959242907088,0.7514171315560612,0.8102762182606238,False,435,422.19431294892746,3.0331263729318954,-0.03689561319282354,24.478396583733943,60,261.0,11.906899923943659,260,-0.24921502203025298
2657,mixtura,packing_A,T07,largo,17,G3,6.027959242907088,0.7514171315560612,0.8102762182606238,False,435,422.19431294892746,3.0331263729318954,-0.03689561319282354,24.478396583733943,60,261.0,11.906899923943659,261,0.007171273080855203
2657,mixtura,packing_A,T07,largo,17,G3,6.027959242907088,0.7514171315560612,0.8102762182606238,False,435,422.19431294892746,3.0331263729318954,-0.03689561319282354,24.478396583733943,60,261.0,11.906899923943659,262,-0.46646152124304463
2657,mixtura,packing_A,T07,largo,17,G3,6.027959242907088,0.7514171315560612,0.8102762182606238,False,435,422.19431294892746,3.0331263729318954,-0.03689561319282354,24.478396583733943,60,261.0,11.906899923943659,263,-0.5916831673667002
2657,mixtura,packing_A,T07,largo,17,G3,6.027959242907088,0.7514171315560612,0.8102762182606238,False,435,422.19431294892746,3.0331263729318954,-0.03689561319282354,24.478396583733943,60,261.0,11.906899923943659,264,-0.508436239081898
2657,mixtura,packing_A,T07,largo,17,G3,6.027959242907088,0.7514171315560612,0.8102762182606238,False,435,422.19431294892746,3.0331263729318954,-0.03689561319282354,24.478396583733943,60,261.0,11.906899923943659,265,-0.4546358885413267
2657,mixtura,packing_A,T07,largo,17,G3,6.027959242907088,0.7514171315560612,0.8102762182606238,False,435,422.19431294892746,3.0331263729318954,-0.03689561319282354,24.478396583733943,60,261.0,11.906899923943659,266,-0.32668832270745024
2657,mixtura,packing_A,T07,largo,17,G3,6.027959242907088,0.7514171315560612,0.8102762182606238,False,435,422.19431294892746,3.0331263729318954,-0.03689561319282354,24.478396583733943,60,261.0,11.906899923943659,267,-0.2637203846234053
2657,mixtura,packing_A,T07,largo,17,G3,6.027959242907088,0.7514171315560612,0.8102762182606238,False,435,422.19431294892746,3.0331263729318954,-0.03689561319282354,24.478396583733943,60,261.0,11.906899923943659,268,-0.17250131704791866
2657,mixtura,packing_A,T07,largo,17,G3,6.027959242907088,0.7514171315560612,0.8102762182606238,False,435,422.19431294892746,3.0331263729318954,-0.03689561319282354,24.478396583733943,60,261.0,11.906899923943659,269,-0.05625557302521399
2657,mixtura,packing_A,T07,largo,17,G3,6.027959242907088,0.7514171315560612,0.8102762182606238,False,435,422.19431294892746,3.0331263729318954,-0.03689561319282354,24.478396583733943,60,261.0,11.906899923943659,270,-0.02566223749485319
2657,mixtura,packing_A,T07,largo,17,G3,6.027959242907088,0.7514171315560612,0.8102762182606238,False,435,422.19431294892746,3.0331263729318954,-0.03689561319282354,24.478396583733943,60,261.0,11.906899923943659,271,0.11182855138278489
2657,mixtura,packing_A,T07,largo,17,G3,6.027959242907088,0.7514171315560612,0.8102762182606238,False,435,422.19431294892746,3.0331263729318954,-0.03689561319282354,24.478396583733943,60,261.0,11.906899923943659,272,0.12951763425148483
2657,mixtura,packing_A,T07,largo,17,G3,6.027959242907088,0.7514171315560612,0.8102762182606238,False,435,422.19431294892746,3.0331263729318954,-0.03689561319282354,24.478396583733943,60,261.0,11.906899923943659,273,0.19753657335665
2657,mixtura,packing_A,T07,largo,17,G3,6.027959242907088,0.7514171315560612,0.8102762182606238,False,435,422.19431294892746,3.0331263729318954,-0.03689561319282354,24.478396583733943,60,261.0,11.906899923943659,274,0.21836107376460157
2657,mixtura,packing_A,T07,largo,17,G3,6.027959242907088,0.7514171315560612,0.8102762182606238,False,435,422.19431294892746,3.0331263729318954,-0.03689561319282354,24.478396583733943,60,261.0,11.906899923943659,275,0.4818868841811632
2657,mixtura,packing_A,T07,largo,17,G3,6.027959242907088,0.7514171315560612,0.8102762182606238,False,435,422.19431294892746,3.0331263729318954,-0.03689561319282354,24.478396583733943,60,261.0,11.906899923943659,276,0.5035334122914717
2657,mixtura,packing_A,T07,largo,17,G3,6.027959242907088,0.7514171315560612,0.8102762182606238,False,435,422.19431294892746,3.0331263729318954,-0.03689561319282354,24.478396583733943,60,261.0,11.906899923943659,277,0.45780031296486035
2657,mixtura,packing_A,T07,largo,17,G3,6.027959242907088,0.7514171315560612,0.8102762182606238,False,435,422.19431294892746,3.0331263729318954,-0.03689561319282354,24.478396583733943,60,261.0,11.906899923943659,278,0.573632866429427
2657,mixtura,packing_A,T07,largo,17,G3,6.027959242907088,0.7514171315560612,0.8102762182606238,False,435,422.19431294892746,3.0331263729318954,-0.03689561319282354,24.478396583733943,60,261.0,11.906899923943659,279,0.52048207053189
2657,mixtura,packing_A,T07,largo,17,G3,6.027959242907088,0.7514171315560612,0.8102762182606238,False,435,422.19431294892746,3.0331263729318954,-0.03689561319282354,24.478396583733943,60,261.0,11.906899923943659,280,0.4899756725095712
2657,mixtura,packing_A,T07,largo,17,G3,6.027959242907088,0.7514171315560612,0.8102762182606238,False,435,422.19431294892746,3.0331263729318954,-0.03689561319282354,24.478396583733943,60,261.0,11.906899923943659,281,0.23317204688213994
2657,mixtura,packing_A,T07,largo,17,G3,6.027959242907088,0.7514171315560612,0.8102762182606238,False,435,422.19431294892746,3.0331263729318954,-0.03689561319282354,24.478396583733943,60,261.0,11.906899923943659,282,0.25727972960740053
2657,mixtura,packing_A,T07,largo,17,G3,6.027959242907088,0.7514171315560612,0.8102762182606238,False,435,422.19431294892746,3.0331263729318954,-0.03689561319282354,24.478396583733943,60,261.0,11.906899923943659,283,0.34018854679690574
2657,mixtura,packing_A,T07,largo,17,G3,6.027959242907088,0.7514171315560612,0.8102762182606238,False,435,422.19431294892746,3.0331263729318954,-0.03689561319282354,24.478396583733943,60,261.0,11.906899923943659,284,-0.0037558418360599255
2657,mixtura,packing_A,T07,largo,17,G3,6.027959242907088,0.7514171315560612,0.8102762182606238,False,435,422.19431294892746,3.0331263729318954,-0.03689561319282354,24.478396583733943,60,261.0,11.906899923943659,285,0.11465154213760628
2657,mixtura,packing_A,T07,largo,17,G3,6.027959242907088,0.7514171315560612,0.8102762182606238,False,435,422.19431294892746,3.0331263729318954,-0.03689561319282354,24.478396583733943,60,261.0,11.906899923943659,286,-0.34987167264683716
2657,mixtura,packing_A,T07,largo,17,G3,6.027959242907088,0.7514171315560612,0.8102762182606238,False,435,422.19431294892746,3.0331263729318954,-0.03689561319282354,24.478396583733943,60,261.0,11.906899923943659,287,-0.17370756477678045
2657,mixtura,packing_A,T07,largo,17,G3,6.027959242907088,0.7514171315560612,0.8102762182606238,False,435,422.19431294892746,3.0331263729318954,-0.03689561319282354,24.478396583733943,60,261.0,11.906899923943659,288,-0.3118144549127934
2657,mixtura,packing_A,T07,largo,17,G3,6.027959242907088,0.7514171315560612,0.8102762182606238,False,435,422.19431294892746,3.0331263729318954,-0.03689561319282354,24.478396583733943,60,261.0,11.906899923943659,289,-0.5101823740102744
2657,mixtura,packing_A,T07,largo,17,G3,6.027959242907088,0.7514171315560612,0.8102762182606238,False,435,422.19431294892746,3.0331263729318954,-0.03689561319282354,24.478396583733943,60,261.0,11.906899923943659,290,-0.5474508001648196
2657,mixtura,packing_A,T07,largo,17,G3,6.027959242907088,0.7514171315560612,0.8102762182606238,False,435,422.19431294892746,3.0331263729318954,-0.03689561319282354,24.478396583733943,60,261.0,11.906899923943659,291,-0.41714572768823205
2657,mixtura,packing_A,T07,largo,17,G3,6.027959242907088,0.7514171315560612,0.8102762182606238,False,435,422.19431294892746,3.0331263729318954,-0.03689561319282354,24.478396583733943,60,261.0,11.906899923943659,292,-0.5971545747984325
2657,mixtura,packing_A,T07,largo,17,G3,6.027959242907088,0.7514171315560612,0.8102762182606238,False,435,422.19431294892746,3.0331263729318954,-0.03689561319282354,24.478396583733943,60,261.0,11.906899923943659,293,-0.4590684810288146
2657,mixtura,packing_A,T07,largo,17,G3,6.027959242907088,0.7514171315560612,0.8102762182606238,False,435,422.19431294892746,3.0331263729318954,-0.03689561319282354,24.478396583733943,60,261.0,11.906899923943659,294,-0.5350833997753333
2657,mixtura,packing_A,T07,largo,17,G3,6.027959242907088,0.7514171315560612,0.8102762182606238,False,435,422.19431294892746,3.0331263729318954,-0.03689561319282354,24.478396583733943,60,261.0,11.906899923943659,295,-0.4041817290556967
2657,mixtura,packing_A,T07,largo,17,G3,6.027959242907088,0.7514171315560612,0.8102762182606238,False,435,422.19431294892746,3.0331263729318954,-0.03689561319282354,24.478396583733943,60,261.0,11.906899923943659,296,-0.2128586551926562
2657,mixtura,packing_A,T07,largo,17,G3,6.027959242907088,0.7514171315560612,0.8102762182606238,False,435,422.19431294892746,3.0331263729318954,-0.03689561319282354,24.478396583733943,60,261.0,11.906899923943659,297,-0.3953949922157
2657,mixtura,packing_A,T07,largo,17,G3,6.027959242907088,0.7514171315560612,0.8102762182606238,False,435,422.19431294892746,3.0331263729318954,-0.03689561319282354,24.478396583733943,60,261.0,11.906899923943659,298,-0.23013710296050174
2657,mixtura,packing_A,T07,largo,17,G3,6.027959242907088,0.7514171315560612,0.8102762182606238,False,435,422.19431294892746,3.0331263729318954,-0.03689561319282354,24.478396583733943,60,261.0,11.906899923943659,299,-0.2186017603980988
2657,mixtura,packing_A,T07,largo,17,G3,6.027959242907088,0.7514171315560612,0.8102762182606238,False,435,422.19431294892746,3.0331263729318954,-0.03689561319282354,24.478396583733943,60,261.0,11.906899923943659,300,-0.33519687362326733
2657,mixtura,packing_A,T07,largo,17,G3,6.027959242907088,0.7514171315560612,0.8102762182606238,False,435,422.19431294892746,3.0331263729318954,-0.03689561319282354,24.478396583733943,60,261.0,11.906899923943659,301,-0.021574997394231618
2657,mixtura,packing_A,T07,largo,17,G3,6.027959242907088,0.7514171315560612,0.8102762182606238,False,435,422.19431294892746,3.0331263729318954,-0.03689561319282354,24.478396583733943,60,261.0,11.906899923943659,302,0.14008346372294328
2657,mixtura,packing_A,T07,largo,17,G3,6.027959242907088,0.7514171315560612,0.8102762182606238,False,435,422.19431294892746,3.0331263729318954,-0.03689561319282354,24.478396583733943,60,261.0,11.906899923943659,303,0.14421727454525662
2657,mixtura,packing_A,T07,largo,17,G3,6.027959242907088,0.7514171315560612,0.8102762182606238,False,435,422.19431294892746,3.0331263729318954,-0.03689561319282354,24.478396583733943,60,261.0,11.906899923943659,304,0.31777295446366927
2657,mixtura,packing_A,T07,largo,17,G3,6.027959242907088,0.7514171315560612,0.8102762182606238,False,435,422.19431294892746,3.0331263729318954,-0.03689561319282354,24.478396583733943,60,261.0,11.906899923943659,305,0.40452869551706405
2657,mixtura,packing_A,T07,largo,17,G3,6.027959242907088,0.7514171315560612,0.8102762182606238,False,435,422.19431294892746,3.0331263729318954,-0.03689561319282354,24.478396583733943,60,261.0,11.906899923943659,306,0.5085088878395311
2657,mixtura,packing_A,T07,largo,17,G3,6.027959242907088,0.7514171315560612,0.8102762182606238,False,435,422.19431294892746,3.0331263729318954,-0.03689561319282354,24.478396583733943,60,261.0,11.906899923943659,307,0.4875689731745981
2657,mixtura,packing_A,T07,largo,17,G3,6.027959242907088,0.7514171315560612,0.8102762182606238,False,435,422.19431294892746,3.0331263729318954,-0.03689561319282354,24.478396583733943,60,261.0,11.906899923943659,308,0.44347015907486864
2657,mixtura,packing_A,T07,largo,17,G3,6.027959242907088,0.7514171315560612,0.8102762182606238,False,435,422.19431294892746,3.0331263729318954,-0.03689561319282354,24.478396583733943,60,261.0,11.906899923943659,309,0.26626601030471675
2657,mixtura,packing_A,T07,largo,17,G3,6.027959242907088,0.7514171315560612,0.8102762182606238,False,435,422.19431294892746,3.0331263729318954,-0.03689561319282354,24.478396583733943,60,261.0,11.906899923943659,310,0.5502109451378424
2657,mixtura,packing_A,T07,largo,17,G3,6.027959242907088,0.7514171315560612,0.8102762182606238,False,435,422.19431294892746,3.0331263729318954,-0.03689561319282354,24.478396583733943,60,261.0,11.906899923943659,311,0.2844049360179823
2657,mixtura,packing_A,T07,largo,17,G3,6.027959242907088,0.7514171315560612,0.8102762182606238,False,435,422.19431294892746,3.0331263729318954,-0.03689561319282354,24.478396583733943,60,261.0,11.906899923943659,312,0.2593603903693463
2657,mixtura,packing_A,T07,largo,17,G3,6.027959242907088,0.7514171315560612,0.8102762182606238,False,435,422.19431294892746,3.0331263729318954,-0.03689561319282354,24.478396583733943,60,261.0,11.906899923943659,313,0.25792645057597097
2657,mixtura,packing_A,T07,largo,17,G3,6.027959242907088,0.7514171315560612,0.8102762182606238,False,435,422.19431294892746,3.0331263729318954,-0.03689561319282354,24.478396583733943,60,261.0,11.906899923943659,314,0.00039443025763837014
2657,mixtura,packing_A,T07,largo,17,G3,6.027959242907088,0.7514171315560612,0.8102762182606238,False,435,422.19431294892746,3.0331263729318954,-0.03689561319282354,24.478396583733943,60,261.0,11.906899923943659,315,0.008003644746230741
2657,mixtura,packing_A,T07,largo,17,G3,6.027959242907088,0.7514171315560612,0.8102762182606238,False,435,422.19431294892746,3.0331263729318954,-0.03689561319282354,24.478396583733943,60,261.0,11.906899923943659,316,0.0024293715364570034
2657,mixtura,packing_A,T07,largo,17,G3,6.027959242907088,0.7514171315560612,0.8102762182606238,False,435,422.19431294892746,3.0331263729318954,-0.03689561319282354,24.478396583733943,60,261.0,11.906899923943659,317,-0.2525102473822916
2657,mixtura,packing_A,T07,largo,17,G3,6.027959242907088,0.7514171315560612,0.8102762182606238,False,435,422.19431294892746,3.0331263729318954,-0.03689561319282354,24.478396583733943,60,261.0,11.906899923943659,318,-0.3528767490565321
2657,mixtura,packing_A,T07,largo,17,G3,6.027959242907088,0.7514171315560612,0.8102762182606238,False,435,422.19431294892746,3.0331263729318954,-0.03689561319282354,24.478396583733943,60,261.0,11.906899923943659,319,-0.5428536219286576
2657,mixtura,packing_A,T07,largo,17,G3,6.027959242907088,0.7514171315560612,0.8102762182606238,False,435,422.19431294892746,3.0331263729318954,-0.03689561319282354,24.478396583733943,60,261.0,11.906899923943659,320,-0.3936844520638425
2657,mixtura,packing_A,T07,largo,17,G3,6.027959242907088,0.7514171315560612,0.8102762182606238,False,435,422.19431294892746,3.0331263729318954,-0.03689561319282354,24.478396583733943,60,261.0,11.906899923943659,321,-0.49370324658577036
2657,mixtura,packing_A,T07,largo,17,G3,6.027959242907088,0.7514171315560612,0.8102762182606238,False,435,422.19431294892746,3.0331263729318954,-0.03689561319282354,24.478396583733943,60,261.0,11.906899923943659,322,-0.5941194959174623
2657,mixtura,packing_A,T07,largo,17,G3,6.027959242907088,0.7514171315560612,0.8102762182606238,False,435,422.19431294892746,3.0331263729318954,-0.03689561319282354,24.478396583733943,60,261.0,11.906899923943659,323,-0.49450713975426697
2657,mixtura,packing_A,T07,largo,17,G3,6.027959242907088,0.7514171315560612,0.8102762182606238,False,435,422.19431294892746,3.0331263729318954,-0.03689561319282354,24.478396583733943,60,261.0,11.906899923943659,324,-0.3752983817896961
2657,mixtura,packing_A,T07,largo,17,G3,6.027959242907088,0.7514171315560612,0.8102762182606238,False,435,422.19431294892746,3.0331263729318954,-0.03689561319282354,24.478396583733943,60,261.0,11.906899923943659,325,-0.3894747465515239
2657,mixtura,packing_A,T07,largo,17,G3,6.027959242907088,0.7514171315560612,0.8102762182606238,False,435,422.19431294892746,3.0331263729318954,-0.03689561319282354,24.478396583733943,60,261.0,11.906899923943659,326,-0.5139448088679671
2657,mixtura,packing_A,T07,largo,17,G3,6.027959242907088,0.7514171315560612,0.8102762182606238,False,435,422.19431294892746,3.0331263729318954,-0.03689561319282354,24.478396583733943,60,261.0,11.906899923943659,327,-0.4333513185537742
2657,mixtura,packing_A,T07,largo,17,G3,6.027959242907088,0.7514171315560612,0.8102762182606238,False,435,422.19431294892746,3.0331263729318954,-0.03689561319282354,24.478396583733943,60,261.0,11.906899923943659,328,-0.15453501602918093
2657,mixtura,packing_A,T07,largo,17,G3,6.027959242907088,0.7514171315560612,0.8102762182606238,False,435,422.19431294892746,3.0331263729318954,-0.03689561319282354,24.478396583733943,60,261.0,11.906899923943659,329,-0.05209134618722487
2657,mixtura,packing_A,T07,largo,17,G3,6.027959242907088,0.7514171315560612,0.8102762182606238,False,435,422.19431294892746,3.0331263729318954,-0.03689561319282354,24.478396583733943,60,261.0,11.906899923943659,330,-0.0834022461459357
2657,mixtura,packing_A,T07,largo,17,G3,6.027959242907088,0.7514171315560612,0.8102762182606238,False,435,422.19431294892746,3.0331263729318954,-0.03689561319282354,24.478396583733943,60,261.0,11.906899923943659,331,0.21024806104831775
2657,mixtura,packing_A,T07,largo,17,G3,6.027959242907088,0.7514171315560612,0.8102762182606238,False,435,422.19431294892746,3.0331263729318954,-0.03689561319282354,24.478396583733943,60,261.0,11.906899923943659,332,0.290001205623432
2657,mixtura,packing_A,T07,largo,17,G3,6.027959242907088,0.7514171315560612,0.8102762182606238,False,435,422.19431294892746,3.0331263729318954,-0.03689561319282354,24.478396583733943,60,261.0,11.906899923943659,333,0.24418532349962924
2657,mixtura,packing_A,T07,largo,17,G3,6.027959242907088,0.7514171315560612,0.8102762182606238,False,435,422.19431294892746,3.0331263729318954,-0.03689561319282354,24.478396583733943,60,261.0,11.906899923943659,334,0.29417085413831445
2657,mixtura,packing_A,T07,largo,17,G3,6.027959242907088,0.7514171315560612,0.8102762182606238,False,435,422.19431294892746,3.0331263729318954,-0.03689561319282354,24.478396583733943,60,261.0,11.906899923943659,335,0.5622371870609764
2657,mixtura,packing_A,T07,largo,17,G3,6.027959242907088,0.7514171315560612,0.8102762182606238,False,435,422.19431294892746,3.0331263729318954,-0.03689561319282354,24.478396583733943,60,261.0,11.906899923943659,336,0.27930648679396086
2657,mixtura,packing_A,T07,largo,17,G3,6.027959242907088,0.7514171315560612,0.8102762182606238,False,435,422.19431294892746,3.0331263729318954,-0.03689561319282354,24.478396583733943,60,261.0,11.906899923943659,337,0.35883283374682706
2657,mixtura,packing_A,T07,largo,17,G3,6.027959242907088,0.7514171315560612,0.8102762182606238,False,435,422.19431294892746,3.0331263729318954,-0.03689561319282354,24.478396583733943,60,261.0,11.906899923943659,338,0.6276573302222791
2657,mixtura,packing_A,T07,largo,17,G3,6.027959242907088,0.7514171315560612,0.8102762182606238,False,435,422.19431294892746,3.0331263729318954,-0.03689561319282354,24.478396583733943,60,261.0,11.906899923943659,339,0.42351957207547763
2657,mixtura,packing_A,T07,largo,17,G3,6.027959242907088,0.7514171315560612,0.8102762182606238,False,435,422.19431294892746,3.0331263729318954,-0.03689561319282354,24.478396583733943,60,261.0,11.906899923943659,340,0.44037779593312687
2657,mixtura,packing_A,T07,largo,17,G3,6.027959242907088,0.7514171315560612,0.8102762182606238,False,435,422.19431294892746,3.0331263729318954,-0.03689561319282354,24.478396583733943,60,261.0,11.906899923943659,341,0.4048227905744234
2657,mixtura,packing_A,T07,largo,17,G3,6.027959242907088,0.7514171315560612,0.8102762182606238,False,435,422.19431294892746,3.0331263729318954,-0.03689561319282354,24.478396583733943,60,261.0,11.906899923943659,342,0.23840874440621102
2657,mixtura,packing_A,T07,largo,17,G3,6.027959242907088,0.7514171315560612,0.8102762182606238,False,435,422.19431294892746,3.0331263729318954,-0.03689561319282354,24.478396583733943,60,261.0,11.906899923943659,343,0.2272039440576218
2657,mixtura,packing_A,T07,largo,17,G3,6.027959242907088,0.7514171315560612,0.8102762182606238,False,435,422.19431294892746,3.0331263729318954,-0.03689561319282354,24.478396583733943,60,261.0,11.906899923943659,344,0.1191798358156516
2657,mixtura,packing_A,T07,largo,17,G3,6.027959242907088,0.7514171315560612,0.8102762182606238,False,435,422.19431294892746,3.0331263729318954,-0.03689561319282354,24.478396583733943,60,261.0,11.906899923943659,345,0.03167003858531377
2657,mixtura,packing_A,T07,largo,17,G3,6.027959242907088,0.7514171315560612,0.8102762182606238,False,435,422.19431294892746,3.0331263729318954,-0.03689561319282354,24.478396583733943,60,261.0,11.906899923943659,346,-0.04923979344378099
2657,mixtura,packing_A,T07,largo,17,G3,6.027959242907088,0.7514171315560612,0.8102762182606238,False,435,422.19431294892746,3.0331263729318954,-0.03689561319282354,24.478396583733943,60,261.0,11.906899923943659,347,-0.3178427622580551
2657,mixtura,packing_A,T07,largo,17,G3,6.027959242907088,0.7514171315560612,0.8102762182606238,False,435,422.19431294892746,3.0331263729318954,-0.03689561319282354,24.478396583733943,60,261.0,11.906899923943659,348,-0.37435810710689704
2657,mixtura,packing_A,T07,largo,17,G3,6.027959242907088,0.7514171315560612,0.8102762182606238,False,435,422.19431294892746,3.0331263729318954,-0.03689561319282354,24.478396583733943,60,261.0,11.906899923943659,349,-0.3535065248386547
2657,mixtura,packing_A,T07,largo,17,G3,6.027959242907088,0.7514171315560612,0.8102762182606238,False,435,422.19431294892746,3.0331263729318954,-0.03689561319282354,24.478396583733943,60,261.0,11.906899923943659,350,-0.38446784089769703
2657,mixtura,packing_A,T07,largo,17,G3,6.027959242907088,0.7514171315560612,0.8102762182606238,False,435,422.19431294892746,3.0331263729318954,-0.03689561319282354,24.478396583733943,60,261.0,11.906899923943659,351,-0.41046170589102915
2657,mixtura,packing_A,T07,largo,17,G3,6.027959242907088,0.7514171315560612,0.8102762182606238,False,435,422.19431294892746,3.0331263729318954,-0.03689561319282354,24.478396583733943,60,261.0,11.906899923943659,352,-0.47915791335168534
2657,mixtura,packing_A,T07,largo,17,G3,6.027959242907088,0.7514171315560612,0.8102762182606238,False,435,422.19431294892746,3.0331263729318954,-0.03689561319282354,24.478396583733943,60,261.0,11.906899923943659,353,-0.49271743047992245
2657,mixtura,packing_A,T07,largo,17,G3,6.027959242907088,0.7514171315560612,0.8102762182606238,False,435,422.19431294892746,3.0331263729318954,-0.03689561319282354,24.478396583733943,60,261.0,11.906899923943659,354,-0.5808331245691571
2657,mixtura,packing_A,T07,largo,17,G3,6.027959242907088,0.7514171315560612,0.8102762182606238,False,435,422.19431294892746,3.0331263729318954,-0.03689561319282354,24.478396583733943,60,261.0,11.906899923943659,355,-0.4134615536202697
2657,mixtura,packing_A,T07,largo,17,G3,6.027959242907088,0.7514171315560612,0.8102762182606238,False,435,422.19431294892746,3.0331263729318954,-0.03689561319282354,24.478396583733943,60,261.0,11.906899923943659,356,-0.4925653471857529
2657,mixtura,packing_A,T07,largo,17,G3,6.027959242907088,0.7514171315560612,0.8102762182606238,False,435,422.19431294892746,3.0331263729318954,-0.03689561319282354,24.478396583733943,60,261.0,11.906899923943659,357,-0.14269818625604444
2657,mixtura,packing_A,T07,largo,17,G3,6.027959242907088,0.7514171315560612,0.8102762182606238,False,435,422.19431294892746,3.0331263729318954,-0.03689561319282354,24.478396583733943,60,261.0,11.906899923943659,358,-0.3847787356361819
2657,mixtura,packing_A,T07,largo,17,G3,6.027959242907088,0.7514171315560612,0.8102762182606238,False,435,422.19431294892746,3.0331263729318954,-0.03689561319282354,24.478396583733943,60,261.0,11.906899923943659,359,-0.15077647299484895
2657,mixtura,packing_A,T07,largo,17,G3,6.027959242907088,0.7514171315560612,0.8102762182606238,False,435,422.19431294892746,3.0331263729318954,-0.03689561319282354,24.478396583733943,60,261.0,11.906899923943659,360,-0.11116412803117193
2657,mixtura,packing_A,T07,largo,17,G3,6.027959242907088,0.7514171315560612,0.8102762182606238,False,435,422.19431294892746,3.0331263729318954,-0.03689561319282354,24.478396583733943,60,261.0,11.906899923943659,361,0.19076418752500734
2657,mixtura,packing_A,T07,largo,17,G3,6.027959242907088,0.7514171315560612,0.8102762182606238,False,435,422.19431294892746,3.0331263729318954,-0.03689561319282354,24.478396583733943,60,261.0,11.906899923943659,362,0.31031791001599995
2657,mixtura,packing_A,T07,largo,17,G3,6.027959242907088,0.7514171315560612,0.8102762182606238,False,435,422.19431294892746,3.0331263729318954,-0.03689561319282354,24.478396583733943,60,261.0,11.906899923943659,363,0.18014207959673378
2657,mixtura,packing_A,T07,largo,17,G3,6.027959242907088,0.7514171315560612,0.8102762182606238,False,435,422.19431294892746,3.0331263729318954,-0.03689561319282354,24.478396583733943,60,261.0,11.906899923943659,364,0.3390391032365191
2657,mixtura,packing_A,T07,largo,17,G3,6.027959242907088,0.7514171315560612,0.8102762182606238,False,435,422.19431294892746,3.0331263729318954,-0.03689561319282354,24.478396583733943,60,261.0,11.906899923943659,365,0.2981832870696523
2657,mixtura,packing_A,T07,largo,17,G3,6.027959242907088,0.7514171315560612,0.8102762182606238,False,435,422.19431294892746,3.0331263729318954,-0.03689561319282354,24.478396583733943,60,261.0,11.906899923943659,366,0.38815978474078155
2657,mixtura,packing_A,T07,largo,17,G3,6.027959242907088,0.7514171315560612,0.8102762182606238,False,435,422.19431294892746,3.0331263729318954,-0.03689561319282354,24.478396583733943,60,261.0,11.906899923943659,367,0.3327895342213983
2657,mixtura,packing_A,T07,largo,17,G3,6.027959242907088,0.7514171315560612,0.8102762182606238,False,435,422.19431294892746,3.0331263729318954,-0.03689561319282354,24.478396583733943,60,261.0,11.906899923943659,368,0.5930964614554719
2657,mixtura,packing_A,T07,largo,17,G3,6.027959242907088,0.7514171315560612,0.8102762182606238,False,435,422.19431294892746,3.0331263729318954,-0.03689561319282354,24.478396583733943,60,261.0,11.906899923943659,369,0.4272246306994046
2657,mixtura,packing_A,T07,largo,17,G3,6.027959242907088,0.7514171315560612,0.8102762182606238,False,435,422.19431294892746,3.0331263729318954,-0.03689561319282354,24.478396583733943,60,261.0,11.906899923943659,370,0.4692657177288292
2657,mixtura,packing_A,T07,largo,17,G3,6.027959242907088,0.7514171315560612,0.8102762182606238,False,435,422.19431294892746,3.0331263729318954,-0.03689561319282354,24.478396583733943,60,261.0,11.906899923943659,371,0.1785985321037212
2657,mixtura,packing_A,T07,largo,17,G3,6.027959242907088,0.7514171315560612,0.8102762182606238,False,435,422.19431294892746,3.0331263729318954,-0.03689561319282354,24.478396583733943,60,261.0,11.906899923943659,372,0.3321269046431021
2657,mixtura,packing_A,T07,largo,17,G3,6.027959242907088,0.7514171315560612,0.8102762182606238,False,435,422.19431294892746,3.0331263729318954,-0.03689561319282354,24.478396583733943,60,261.0,11.906899923943659,373,0.19698208041532617
2657,mixtura,packing_A,T07,largo,17,G3,6.027959242907088,0.7514171315560612,0.8102762182606238,False,435,422.19431294892746,3.0331263729318954,-0.03689561319282354,24.478396583733943,60,261.0,11.906899923943659,374,0.052344871459644934
2657,mixtura,packing_A,T07,largo,17,G3,6.027959242907088,0.7514171315560612,0.8102762182606238,False,435,422.19431294892746,3.0331263729318954,-0.03689561319282354,24.478396583733943,60,261.0,11.906899923943659,375,-0.17645288234761378
2657,mixtura,packing_A,T07,largo,17,G3,6.027959242907088,0.7514171315560612,0.8102762182606238,False,435,422.19431294892746,3.0331263729318954,-0.03689561319282354,24.478396583733943,60,261.0,11.906899923943659,376,-0.2970053041033748
2657,mixtura,packing_A,T07,largo,17,G3,6.027959242907088,0.7514171315560612,0.8102762182606238,False,435,422.19431294892746,3.0331263729318954,-0.03689561319282354,24.478396583733943,60,261.0,11.906899923943659,377,-0.3027369053044366
2657,mixtura,packing_A,T07,largo,17,G3,6.027959242907088,0.7514171315560612,0.8102762182606238,False,435,422.19431294892746,3.0331263729318954,-0.03689561319282354,24.478396583733943,60,261.0,11.906899923943659,378,-0.4210501329038732
2657,mixtura,packing_A,T07,largo,17,G3,6.027959242907088,0.7514171315560612,0.8102762182606238,False,435,422.19431294892746,3.0331263729318954,-0.03689561319282354,24.478396583733943,60,261.0,11.906899923943659,379,-0.3352610474198723
2657,mixtura,packing_A,T07,largo,17,G3,6.027959242907088,0.7514171315560612,0.8102762182606238,False,435,422.19431294892746,3.0331263729318954,-0.03689561319282354,24.478396583733943,60,261.0,11.906899923943659,380,-0.4420066115659529
2657,mixtura,packing_A,T07,largo,17,G3,6.027959242907088,0.7514171315560612,0.8102762182606238,False,435,422.19431294892746,3.0331263729318954,-0.03689561319282354,24.478396583733943,60,261.0,11.906899923943659,381,-0.5379302794421027
2657,mixtura,packing_A,T07,largo,17,G3,6.027959242907088,0.7514171315560612,0.8102762182606238,False,435,422.19431294892746,3.0331263729318954,-0.03689561319282354,24.478396583733943,60,261.0,11.906899923943659,382,-0.5562220823065761
2657,mixtura,packing_A,T07,largo,17,G3,6.027959242907088,0.7514171315560612,0.8102762182606238,False,435,422.19431294892746,3.0331263729318954,-0.03689561319282354,24.478396583733943,60,261.0,11.906899923943659,383,-0.5803275497358669
2657,mixtura,packing_A,T07,largo,17,G3,6.027959242907088,0.7514171315560612,0.8102762182606238,False,435,422.19431294892746,3.0331263729318954,-0.03689561319282354,24.478396583733943,60,261.0,11.906899923943659,384,-0.6792486152612256
2657,mixtura,packing_A,T07,largo,17,G3,6.027959242907088,0.7514171315560612,0.8102762182606238,False,435,422.19431294892746,3.0331263729318954,-0.03689561319282354,24.478396583733943,60,261.0,11.906899923943659,385,-0.5235897971773503
2657,mixtura,packing_A,T07,largo,17,G3,6.027959242907088,0.7514171315560612,0.8102762182606238,False,435,422.19431294892746,3.0331263729318954,-0.03689561319282354,24.478396583733943,60,261.0,11.906899923943659,386,-0.5612375145700308
2657,mixtura,packing_A,T07,largo,17,G3,6.027959242907088,0.7514171315560612,0.8102762182606238,False,435,422.19431294892746,3.0331263729318954,-0.03689561319282354,24.478396583733943,60,261.0,11.906899923943659,387,-0.38392696582616503
2657,mixtura,packing_A,T07,largo,17,G3,6.027959242907088,0.7514171315560612,0.8102762182606238,False,435,422.19431294892746,3.0331263729318954,-0.03689561319282354,24.478396583733943,60,261.0,11.906899923943659,388,-0.17995270465597504
2657,mixtura,packing_A,T07,largo,17,G3,6.027959242907088,0.7514171315560612,0.8102762182606238,False,435,422.19431294892746,3.0331263729318954,-0.03689561319282354,24.478396583733943,60,261.0,11.906899923943659,389,-0.05093721657213658
2657,mixtura,packing_A,T07,largo,17,G3,6.027959242907088,0.7514171315560612,0.8102762182606238,False,435,422.19431294892746,3.0331263729318954,-0.03689561319282354,24.478396583733943,60,261.0,11.906899923943659,390,-0.026197538681074904
2657,mixtura,packing_A,T07,largo,17,G3,6.027959242907088,0.7514171315560612,0.8102762182606238,False,435,422.19431294892746,3.0331263729318954,-0.03689561319282354,24.478396583733943,60,261.0,11.906899923943659,391,0.23449312937584288
2657,mixtura,packing_A,T07,largo,17,G3,6.027959242907088,0.7514171315560612,0.8102762182606238,False,435,422.19431294892746,3.0331263729318954,-0.03689561319282354,24.478396583733943,60,261.0,11.906899923943659,392,0.19075673603360344
2657,mixtura,packing_A,T07,largo,17,G3,6.027959242907088,0.7514171315560612,0.8102762182606238,False,435,422.19431294892746,3.0331263729318954,-0.03689561319282354,24.478396583733943,60,261.0,11.906899923943659,393,0.16455206313674753
2657,mixtura,packing_A,T07,largo,17,G3,6.027959242907088,0.7514171315560612,0.8102762182606238,False,435,422.19431294892746,3.0331263729318954,-0.03689561319282354,24.478396583733943,60,261.0,11.906899923943659,394,0.3489305382861038
2657,mixtura,packing_A,T07,largo,17,G3,6.027959242907088,0.7514171315560612,0.8102762182606238,False,435,422.19431294892746,3.0331263729318954,-0.03689561319282354,24.478396583733943,60,261.0,11.906899923943659,395,0.42235671531972785
2657,mixtura,packing_A,T07,largo,17,G3,6.027959242907088,0.7514171315560612,0.8102762182606238,False,435,422.19431294892746,3.0331263729318954,-0.03689561319282354,24.478396583733943,60,261.0,11.906899923943659,396,0.530137156495767
2657,mixtura,packing_A,T07,largo,17,G3,6.027959242907088,0.7514171315560612,0.8102762182606238,False,435,422.19431294892746,3.0331263729318954,-0.03689561319282354,24.478396583733943,60,261.0,11.906899923943659,397,0.5306748374700074
2657,mixtura,packing_A,T07,largo,17,G3,6.027959242907088,0.7514171315560612,0.8102762182606238,False,435,422.19431294892746,3.0331263729318954,-0.03689561319282354,24.478396583733943,60,261.0,11.906899923943659,398,0.31339909655917064
2657,mixtura,packing_A,T07,largo,17,G3,6.027959242907088,0.7514171315560612,0.8102762182606238,False,435,422.19431294892746,3.0331263729318954,-0.03689561319282354,24.478396583733943,60,261.0,11.906899923943659,399,0.5447152924481165
2657,mixtura,packing_A,T07,largo,17,G3,6.027959242907088,0.7514171315560612,0.8102762182606238,False,435,422.19431294892746,3.0331263729318954,-0.03689561319282354,24.478396583733943,60,261.0,11.906899923943659,400,0.4092507864261791
2657,mixtura,packing_A,T07,largo,17,G3,6.027959242907088,0.7514171315560612,0.8102762182606238,False,435,422.19431294892746,3.0331263729318954,-0.03689561319282354,24.478396583733943,60,261.0,11.906899923943659,401,0.28222199207566845
2657,mixtura,packing_A,T07,largo,17,G3,6.027959242907088,0.7514171315560612,0.8102762182606238,False,435,422.19431294892746,3.0331263729318954,-0.03689561319282354,24.478396583733943,60,261.0,11.906899923943659,402,0.17195355234042423
2657,mixtura,packing_A,T07,largo,17,G3,6.027959242907088,0.7514171315560612,0.8102762182606238,False,435,422.19431294892746,3.0331263729318954,-0.03689561319282354,24.478396583733943,60,261.0,11.906899923943659,403,0.07189221084297487
2657,mixtura,packing_A,T07,largo,17,G3,6.027959242907088,0.7514171315560612,0.8102762182606238,False,435,422.19431294892746,3.0331263729318954,-0.03689561319282354,24.478396583733943,60,261.0,11.906899923943659,404,-0.0805278791105091
2657,mixtura,packing_A,T07,largo,17,G3,6.027959242907088,0.7514171315560612,0.8102762182606238,False,435,422.19431294892746,3.0331263729318954,-0.03689561319282354,24.478396583733943,60,261.0,11.906899923943659,405,0.15662892722482716
2657,mixtura,packing_A,T07,largo,17,G3,6.027959242907088,0.7514171315560612,0.8102762182606238,False,435,422.19431294892746,3.0331263729318954,-0.03689561319282354,24.478396583733943,60,261.0,11.906899923943659,406,-0.024213070484138358
2657,mixtura,packing_A,T07,largo,17,G3,6.027959242907088,0.7514171315560612,0.8102762182606238,False,435,422.19431294892746,3.0331263729318954,-0.03689561319282354,24.478396583733943,60,261.0,11.906899923943659,407,-0.479115990323422
2657,mixtura,packing_A,T07,largo,17,G3,6.027959242907088,0.7514171315560612,0.8102762182606238,False,435,422.19431294892746,3.0331263729318954,-0.03689561319282354,24.478396583733943,60,261.0,11.906899923943659,408,-0.2153918016463197
2657,mixtura,packing_A,T07,largo,17,G3,6.027959242907088,0.7514171315560612,0.8102762182606238,False,435,422.19431294892746,3.0331263729318954,-0.03689561319282354,24.478396583733943,60,261.0,11.906899923943659,409,-0.37375777498771934
2657,mixtura,packing_A,T07,largo,17,G3,6.027959242907088,0.7514171315560612,0.8102762182606238,False,435,422.19431294892746,3.0331263729318954,-0.03689561319282354,24.478396583733943,60,261.0,11.906899923943659,410,-0.5352485541669876
2657,mixtura,packing_A,T07,largo,17,G3,6.027959242907088,0.7514171315560612,0.8102762182606238,False,435,422.19431294892746,3.0331263729318954,-0.03689561319282354,24.478396583733943,60,261.0,11.906899923943659,411,-0.5872783684320926
2657,mixtura,packing_A,T07,largo,17,G3,6.027959242907088,0.7514171315560612,0.8102762182606238,False,435,422.19431294892746,3.0331263729318954,-0.03689561319282354,24.478396583733943,60,261.0,11.906899923943659,412,-0.5443222360368214
2657,mixtura,packing_A,T07,largo,17,G3,6.027959242907088,0.7514171315560612,0.8102762182606238,False,435,422.19431294892746,3.0331263729318954,-0.03689561319282354,24.478396583733943,60,261.0,11.906899923943659,413,-0.5453556407188995
2657,mixtura,packing_A,T07,largo,17,G3,6.027959242907088,0.7514171315560612,0.8102762182606238,False,435,422.19431294892746,3.0331263729318954,-0.03689561319282354,24.478396583733943,60,261.0,11.906899923943659,414,-0.2746147049155347
2657,mixtura,packing_A,T07,largo,17,G3,6.027959242907088,0.7514171315560612,0.8102762182606238,False,435,422.19431294892746,3.0331263729318954,-0.03689561319282354,24.478396583733943,60,261.0,11.906899923943659,415,-0.2815665390066084
2657,mixtura,packing_A,T07,largo,17,G3,6.027959242907088,0.7514171315560612,0.8102762182606238,False,435,422.19431294892746,3.0331263729318954,-0.03689561319282354,24.478396583733943,60,261.0,11.906899923943659,416,-0.5310274338212428
2657,mixtura,packing_A,T07,largo,17,G3,6.027959242907088,0.7514171315560612,0.8102762182606238,False,435,422.19431294892746,3.0331263729318954,-0.03689561319282354,24.478396583733943,60,261.0,11.906899923943659,417,-0.29818916374637816
2657,mixtura,packing_A,T07,largo,17,G3,6.027959242907088,0.7514171315560612,0.8102762182606238,False,435,422.19431294892746,3.0331263729318954,-0.03689561319282354,24.478396583733943,60,261.0,11.906899923943659,418,-0.18579232049949373
2657,mixtura,packing_A,T07,largo,17,G3,6.027959242907088,0.7514171315560612,0.8102762182606238,False,435,422.19431294892746,3.0331263729318954,-0.03689561319282354,24.478396583733943,60,261.0,11.906899923943659,419,-0.22981270950784993
2657,mixtura,packing_A,T07,largo,17,G3,6.027959242907088,0.7514171315560612,0.8102762182606238,False,435,422.19431294892746,3.0331263729318954,-0.03689561319282354,24.478396583733943,60,261.0,11.906899923943659,420,0.037955830892063
2657,mixtura,packing_A,T07,largo,17,G3,6.027959242907088,0.7514171315560612,0.8102762182606238,False,435,422.19431294892746,3.0331263729318954,-0.03689561319282354,24.478396583733943,60,261.0,11.906899923943659,421,0.17213956619887416
2657,mixtura,packing_A,T07,largo,17,G3,6.027959242907088,0.7514171315560612,0.8102762182606238,False,435,422.19431294892746,3.0331263729318954,-0.03689561319282354,24.478396583733943,60,261.0,11.906899923943659,422,0.24025139695657866
2657,mixtura,packing_A,T07,largo,17,G3,6.027959242907088,0.7514171315560612,0.8102762182606238,False,435,422.19431294892746,3.0331263729318954,-0.03689561319282354,24.478396583733943,60,261.0,11.906899923943659,423,0.2721459510611386
2657,mixtura,packing_A,T07,largo,17,G3,6.027959242907088,0.7514171315560612,0.8102762182606238,False,435,422.19431294892746,3.0331263729318954,-0.03689561319282354,24.478396583733943,60,261.0,11.906899923943659,424,0.32141244246495954
2657,mixtura,packing_A,T07,largo,17,G3,6.027959242907088,0.7514171315560612,0.8102762182606238,False,435,422.19431294892746,3.0331263729318954,-0.03689561319282354,24.478396583733943,60,261.0,11.906899923943659,425,0.34866461608445404
2657,mixtura,packing_A,T07,largo,17,G3,6.027959242907088,0.7514171315560612,0.8102762182606238,False,435,422.19431294892746,3.0331263729318954,-0.03689561319282354,24.478396583733943,60,261.0,11.906899923943659,426,0.4255121664887177
2657,mixtura,packing_A,T07,largo,17,G3,6.027959242907088,0.7514171315560612,0.8102762182606238,False,435,422.19431294892746,3.0331263729318954,-0.03689561319282354,24.478396583733943,60,261.0,11.906899923943659,427,0.4117921356964128
2657,mixtura,packing_A,T07,largo,17,G3,6.027959242907088,0.7514171315560612,0.8102762182606238,False,435,422.19431294892746,3.0331263729318954,-0.03689561319282354,24.478396583733943,60,261.0,11.906899923943659,428,0.49626068193055334
2657,mixtura,packing_A,T07,largo,17,G3,6.027959242907088,0.7514171315560612,0.8102762182606238,False,435,422.19431294892746,3.0331263729318954,-0.03689561319282354,24.478396583733943,60,261.0,11.906899923943659,429,0.3782110432573051
2657,mixtura,packing_A,T07,largo,17,G3,6.027959242907088,0.7514171315560612,0.8102762182606238,False,435,422.19431294892746,3.0331263729318954,-0.03689561319282354,24.478396583733943,60,261.0,11.906899923943659,430,0.2558528562035708
2657,mixtura,packing_A,T07,largo,17,G3,6.027959242907088,0.7514171315560612,0.8102762182606238,False,435,422.19431294892746,3.0331263729318954,-0.03689561319282354,24.478396583733943,60,261.0,11.906899923943659,431,0.4064077995164601
2657,mixtura,packing_A,T07,largo,17,G3,6.027959242907088,0.7514171315560612,0.8102762182606238,False,435,422.19431294892746,3.0331263729318954,-0.03689561319282354,24.478396583733943,60,261.0,11.906899923943659,432,0.23485562183142564
2657,mixtura,packing_A,T07,largo,17,G3,6.027959242907088,0.7514171315560612,0.8102762182606238,False,435,422.19431294892746,3.0331263729318954,-0.03689561319282354,24.478396583733943,60,261.0,11.906899923943659,433,0.11401405823959515
2657,mixtura,packing_A,T07,largo,17,G3,6.027959242907088,0.7514171315560612,0.8102762182606238,False,435,422.19431294892746,3.0331263729318954,-0.03689561319282354,24.478396583733943,60,261.0,11.906899923943659,434,0.0735695234797594
