proceso_id,epoca,packing,tunel,tipo_tunel,iteracion,mass_group,masa_ton,ocupabilidad,caudal_factor,anomalia_duracion,duracion_min,duracion_esperada_min,delta_duracion_pct,setpoint,T0,pct_transitorio,t_trans_min,overshoot_pct,tiempo_min,temperatura
1089,mora,packing_C,T08,largo,9,G4,8.335279430839526,0.8153977527756162,0.897017590734872,False,452,461.15962697241275,-1.986216146575358,0.3751656985486355,24.69431028707624,60,271.2,10.397774932918196,0,24.524870233800755
1089,mora,packing_C,T08,largo,9,G4,8.335279430839526,0.8153977527756162,0.897017590734872,False,452,461.15962697241275,-1.986216146575358,0.3751656985486355,24.69431028707624,60,271.2,10.397774932918196,1,24.481330435693376
1089,mora,packing_C,T08,largo,9,G4,8.335279430839526,0.8153977527756162,0.897017590734872,False,452,461.15962697241275,-1.986216146575358,0.3751656985486355,24.69431028707624,60,271.2,10.397774932918196,2,24.308456441606555
1089,mora,packing_C,T08,largo,9,G4,8.335279430839526,0.8153977527756162,0.897017590734872,False,452,461.15962697241275,-1.986216146575358,0.3751656985486355,24.69431028707624,60,271.2,10.397774932918196,3,23.901244035116616
1089,mora,packing_C,T08,largo,9,G4,8.335279430839526,0.8153977527756162,0.897017590734872,False,452,461.15962697241275,-1.986216146575358,0.3751656985486355,24.69431028707624,60,271.2,10.397774932918196,4,23.694183047301923
1089,mora,packing_C,T08,largo,9,G4,8.335279430839526,0.8153977527756162,0.897017590734872,False,452,461.15962697241275,-1.986216146575358,0.3751656985486355,24.69431028707624,60,271.2,10.397774932918196,5,23.571180178356254
1089,mora,packing_C,T08,largo,9,G4,8.335279430839526,0.8153977527756162,0.897017590734872,False,452,461.15962697241275,-1.986216146575358,0.3751656985486355,24.69431028707624,60,271.2,10.397774932918196,6,23.139291138746813
1089,mora,packing_C,T08,largo,9,G4,8.335279430839526,0.8153977527756162,0.897017590734872,False,452,461.15962697241275,-1.986216146575358,0.3751656985486355,24.69431028707624,60,271.2,10.397774932918196,7,23.08877215522422
1089,mora,packing_C,T08,largo,9,G4,8.335279430839526,0.8153977527756162,0.897017590734872,False,452,461.15962697241275,-1.986216146575358,0.3751656985486355,24.69431028707624,60,271.2,10.397774932918196,8,22.8020871556718
1089,mora,packing_C,T08,largo,9,G4,8.335279430839526,0.8153977527756162,0.897017590734872,False,452,461.15962697241275,-1.986216146575358,0.3751656985486355,24.69431028707624,60,271.2,10.397774932918196,9,22.358714343687833
1089,mora,packing_C,T08,largo,9,G4,8.335279430839526,0.8153977527756162,0.897017590734872,False,452,461.15962697241275,-1.986216146575358,0.3751656985486355,24.69431028707624,60,271.2,10.397774932918196,10,22.374195963030974
1089,mora,packing_C,T08,largo,9,G4,8.335279430839526,0.8153977527756162,0.897017590734872,False,452,461.15962697241275,-1.986216146575358,0.3751656985486355,24.69431028707624,60,271.2,10.397774932918196,11,22.011951714753376
1089,mora,packing_C,T08,largo,9,G4,8.335279430839526,0.8153977527756162,0.897017590734872,False,452,461.15962697241275,-1.986216146575358,0.3751656985486355,24.69431028707624,60,271.2,10.397774932918196,12,21.714563546257054
1089,mora,packing_C,T08,largo,9,G4,8.335279430839526,0.8153977527756162,0.897017590734872,False,452,461.15962697241275,-1.986216146575358,0.3751656985486355,24.69431028707624,60,271.2,10.397774932918196,13,21.497707990019606
1089,mora,packing_C,T08,largo,9,G4,8.335279430839526,0.8153977527756162,0.897017590734872,False,452,461.15962697241275,-1.986216146575358,0.3751656985486355,24.69431028707624,60,271.2,10.397774932918196,14,21.143666113205846
1089,mora,packing_C,T08,largo,9,G4,8.335279430839526,0.8153977527756162,0.897017590734872,False,452,461.15962697241275,-1.986216146575358,0.3751656985486355,24.69431028707624,60,271.2,10.397774932918196,15,20.90019281327598
1089,mora,packing_C,T08,largo,9,G4,8.335279430839526,0.8153977527756162,0.897017590734872,False,452,461.15962697241275,-1.986216146575358,0.3751656985486355,24.69431028707624,60,271.2,10.397774932918196,16,20.635262011607267
1089,mora,packing_C,T08,largo,9,G4,8.335279430839526,0.8153977527756162,0.897017590734872,False,452,461.15962697241275,-1.986216146575358,0.3751656985486355,24.69431028707624,60,271.2,10.397774932918196,17,20.420804154082507
1089,mora,packing_C,T08,largo,9,G4,8.335279430839526,0.8153977527756162,0.897017590734872,False,452,461.15962697241275,-1.986216146575358,0.3751656985486355,24.69431028707624,60,271.2,10.397774932918196,18,20.02890066001822
1089,mora,packing_C,T08,largo,9,G4,8.335279430839526,0.8153977527756162,0.897017590734872,False,452,461.15962697241275,-1.986216146575358,0.3751656985486355,24.69431028707624,60,271.2,10.397774932918196,19,19.818626974171995
1089,mora,packing_C,T08,largo,9,G4,8.335279430839526,0.8153977527756162,0.897017590734872,False,452,461.15962697241275,-1.986216146575358,0.3751656985486355,24.69431028707624,60,271.2,10.397774932918196,20,19.541881221654283
1089,mora,packing_C,T08,largo,9,G4,8.335279430839526,0.8153977527756162,0.897017590734872,False,452,461.15962697241275,-1.986216146575358,0.3751656985486355,24.69431028707624,60,271.2,10.397774932918196,21,19.186444440107184
1089,mora,packing_C,T08,largo,9,G4,8.335279430839526,0.8153977527756162,0.897017590734872,False,452,461.15962697241275,-1.986216146575358,0.3751656985486355,24.69431028707624,60,271.2,10.397774932918196,22,18.804241405687712
1089,mora,packing_C,T08,largo,9,G4,8.335279430839526,0.8153977527756162,0.897017590734872,False,452,461.15962697241275,-1.986216146575358,0.3751656985486355,24.69431028707624,60,271.2,10.397774932918196,23,18.314295623048352
1089,mora,packing_C,T08,largo,9,G4,8.335279430839526,0.8153977527756162,0.897017590734872,False,452,461.15962697241275,-1.986216146575358,0.3751656985486355,24.69431028707624,60,271.2,10.397774932918196,24,18.305802467285087
1089,mora,packing_C,T08,largo,9,G4,8.335279430839526,0.8153977527756162,0.897017590734872,False,452,461.15962697241275,-1.986216146575358,0.3751656985486355,24.69431028707624,60,271.2,10.397774932918196,25,17.857486970502304
1089,mora,packing_C,T08,largo,9,G4,8.335279430839526,0.8153977527756162,0.897017590734872,False,452,461.15962697241275,-1.986216146575358,0.3751656985486355,24.69431028707624,60,271.2,10.397774932918196,26,17.653644053126595
1089,mora,packing_C,T08,largo,9,G4,8.335279430839526,0.8153977527756162,0.897017590734872,False,452,461.15962697241275,-1.986216146575358,0.3751656985486355,24.69431028707624,60,271.2,10.397774932918196,27,17.319995309756752
1089,mora,packing_C,T08,largo,9,G4,8.335279430839526,0.8153977527756162,0.897017590734872,False,452,461.15962697241275,-1.986216146575358,0.3751656985486355,24.69431028707624,60,271.2,10.397774932918196,28,17.166320844478637
1089,mora,packing_C,T08,largo,9,G4,8.335279430839526,0.8153977527756162,0.897017590734872,False,452,461.15962697241275,-1.986216146575358,0.3751656985486355,24.69431028707624,60,271.2,10.397774932918196,29,16.719321076411156
1089,mora,packing_C,T08,largo,9,G4,8.335279430839526,0.8153977527756162,0.897017590734872,False,452,461.15962697241275,-1.986216146575358,0.3751656985486355,24.69431028707624,60,271.2,10.397774932918196,30,16.426194951880415
1089,mora,packing_C,T08,largo,9,G4,8.335279430839526,0.8153977527756162,0.897017590734872,False,452,461.15962697241275,-1.986216146575358,0.3751656985486355,24.69431028707624,60,271.2,10.397774932918196,31,16.246912147202266
1089,mora,packing_C,T08,largo,9,G4,8.335279430839526,0.8153977527756162,0.897017590734872,False,452,461.15962697241275,-1.986216146575358,0.3751656985486355,24.69431028707624,60,271.2,10.397774932918196,32,15.828955330934749
1089,mora,packing_C,T08,largo,9,G4,8.335279430839526,0.8153977527756162,0.897017590734872,False,452,461.15962697241275,-1.986216146575358,0.3751656985486355,24.69431028707624,60,271.2,10.397774932918196,33,15.557310827551818
1089,mora,packing_C,T08,largo,9,G4,8.335279430839526,0.8153977527756162,0.897017590734872,False,452,461.15962697241275,-1.986216146575358,0.3751656985486355,24.69431028707624,60,271.2,10.397774932918196,34,15.243911213205987
1089,mora,packing_C,T08,largo,9,G4,8.335279430839526,0.8153977527756162,0.897017590734872,False,452,461.15962697241275,-1.986216146575358,0.3751656985486355,24.69431028707624,60,271.2,10.397774932918196,35,14.99734561026739
1089,mora,packing_C,T08,largo,9,G4,8.335279430839526,0.8153977527756162,0.897017590734872,False,452,461.15962697241275,-1.986216146575358,0.3751656985486355,24.69431028707624,60,271.2,10.397774932918196,36,14.471384746638458
1089,mora,packing_C,T08,largo,9,G4,8.335279430839526,0.8153977527756162,0.897017590734872,False,452,461.15962697241275,-1.986216146575358,0.3751656985486355,24.69431028707624,60,271.2,10.397774932918196,37,14.312157907639087
1089,mora,packing_C,T08,largo,9,G4,8.335279430839526,0.8153977527756162,0.897017590734872,False,452,461.15962697241275,-1.986216146575358,0.3751656985486355,24.69431028707624,60,271.2,10.397774932918196,38,14.011442377720703
1089,mora,packing_C,T08,largo,9,G4,8.335279430839526,0.8153977527756162,0.897017590734872,False,452,461.15962697241275,-1.986216146575358,0.3751656985486355,24.69431028707624,60,271.2,10.397774932918196,39,13.707127949919684
1089,mora,packing_C,T08,largo,9,G4,8.335279430839526,0.8153977527756162,0.897017590734872,False,452,461.15962697241275,-1.986216146575358,0.3751656985486355,24.69431028707624,60,271.2,10.397774932918196,40,13.338185632200922
1089,mora,packing_C,T08,largo,9,G4,8.335279430839526,0.8153977527756162,0.897017590734872,False,452,461.15962697241275,-1.986216146575358,0.3751656985486355,24.69431028707624,60,271.2,10.397774932918196,41,13.046736161678504
1089,mora,packing_C,T08,largo,9,G4,8.335279430839526,0.8153977527756162,0.897017590734872,False,452,461.15962697241275,-1.986216146575358,0.3751656985486355,24.69431028707624,60,271.2,10.397774932918196,42,12.738618510248891
1089,mora,packing_C,T08,largo,9,G4,8.335279430839526,0.8153977527756162,0.897017590734872,False,452,461.15962697241275,-1.986216146575358,0.3751656985486355,24.69431028707624,60,271.2,10.397774932918196,43,12.40863678453532
1089,mora,packing_C,T08,largo,9,G4,8.335279430839526,0.8153977527756162,0.897017590734872,False,452,461.15962697241275,-1.986216146575358,0.3751656985486355,24.69431028707624,60,271.2,10.397774932918196,44,12.214474360422223
1089,mora,packing_C,T08,largo,9,G4,8.335279430839526,0.8153977527756162,0.897017590734872,False,452,461.15962697241275,-1.986216146575358,0.3751656985486355,24.69431028707624,60,271.2,10.397774932918196,45,11.639636697614629
1089,mora,packing_C,T08,largo,9,G4,8.335279430839526,0.8153977527756162,0.897017590734872,False,452,461.15962697241275,-1.986216146575358,0.3751656985486355,24.69431028707624,60,271.2,10.397774932918196,46,11.3812142908647
1089,mora,packing_C,T08,largo,9,G4,8.335279430839526,0.8153977527756162,0.897017590734872,False,452,461.15962697241275,-1.986216146575358,0.3751656985486355,24.69431028707624,60,271.2,10.397774932918196,47,11.16430397738577
1089,mora,packing_C,T08,largo,9,G4,8.335279430839526,0.8153977527756162,0.897017590734872,False,452,461.15962697241275,-1.986216146575358,0.3751656985486355,24.69431028707624,60,271.2,10.397774932918196,48,10.8262268543707
1089,mora,packing_C,T08,largo,9,G4,8.335279430839526,0.8153977527756162,0.897017590734872,False,452,461.15962697241275,-1.986216146575358,0.3751656985486355,24.69431028707624,60,271.2,10.397774932918196,49,10.497981999746262
1089,mora,packing_C,T08,largo,9,G4,8.335279430839526,0.8153977527756162,0.897017590734872,False,452,461.15962697241275,-1.986216146575358,0.3751656985486355,24.69431028707624,60,271.2,10.397774932918196,50,10.054966486002238
1089,mora,packing_C,T08,largo,9,G4,8.335279430839526,0.8153977527756162,0.897017590734872,False,452,461.15962697241275,-1.986216146575358,0.3751656985486355,24.69431028707624,60,271.2,10.397774932918196,51,10.091282887249312
1089,mora,packing_C,T08,largo,9,G4,8.335279430839526,0.8153977527756162,0.897017590734872,False,452,461.15962697241275,-1.986216146575358,0.3751656985486355,24.69431028707624,60,271.2,10.397774932918196,52,9.632428527602347
1089,mora,packing_C,T08,largo,9,G4,8.335279430839526,0.8153977527756162,0.897017590734872,False,452,461.15962697241275,-1.986216146575358,0.3751656985486355,24.69431028707624,60,271.2,10.397774932918196,53,9.304499102027387
1089,mora,packing_C,T08,largo,9,G4,8.335279430839526,0.8153977527756162,0.897017590734872,False,452,461.15962697241275,-1.986216146575358,0.3751656985486355,24.69431028707624,60,271.2,10.397774932918196,54,8.986119211033897
1089,mora,packing_C,T08,largo,9,G4,8.335279430839526,0.8153977527756162,0.897017590734872,False,452,461.15962697241275,-1.986216146575358,0.3751656985486355,24.69431028707624,60,271.2,10.397774932918196,55,8.961811825816483
1089,mora,packing_C,T08,largo,9,G4,8.335279430839526,0.8153977527756162,0.897017590734872,False,452,461.15962697241275,-1.986216146575358,0.3751656985486355,24.69431028707624,60,271.2,10.397774932918196,56,8.34870970954415
1089,mora,packing_C,T08,largo,9,G4,8.335279430839526,0.8153977527756162,0.897017590734872,False,452,461.15962697241275,-1.986216146575358,0.3751656985486355,24.69431028707624,60,271.2,10.397774932918196,57,8.046812683685847
1089,mora,packing_C,T08,largo,9,G4,8.335279430839526,0.8153977527756162,0.897017590734872,False,452,461.15962697241275,-1.986216146575358,0.3751656985486355,24.69431028707624,60,271.2,10.397774932918196,58,7.677893474128903
1089,mora,packing_C,T08,largo,9,G4,8.335279430839526,0.8153977527756162,0.897017590734872,False,452,461.15962697241275,-1.986216146575358,0.3751656985486355,24.69431028707624,60,271.2,10.397774932918196,59,7.503482060955828
1089,mora,packing_C,T08,largo,9,G4,8.335279430839526,0.8153977527756162,0.897017590734872,False,452,461.15962697241275,-1.986216146575358,0.3751656985486355,24.69431028707624,60,271.2,10.397774932918196,60,6.972946266090158
1089,mora,packing_C,T08,largo,9,G4,8.335279430839526,0.8153977527756162,0.897017590734872,False,452,461.15962697241275,-1.986216146575358,0.3751656985486355,24.69431028707624,60,271.2,10.397774932918196,61,6.86553663606445
1089,mora,packing_C,T08,largo,9,G4,8.335279430839526,0.8153977527756162,0.897017590734872,False,452,461.15962697241275,-1.986216146575358,0.3751656985486355,24.69431028707624,60,271.2,10.397774932918196,62,6.731800596290002
1089,mora,packing_C,T08,largo,9,G4,8.335279430839526,0.8153977527756162,0.897017590734872,False,452,461.15962697241275,-1.986216146575358,0.3751656985486355,24.69431028707624,60,271.2,10.397774932918196,63,6.542979406516859
1089,mora,packing_C,T08,largo,9,G4,8.335279430839526,0.8153977527756162,0.897017590734872,False,452,461.15962697241275,-1.986216146575358,0.3751656985486355,24.69431028707624,60,271.2,10.397774932918196,64,6.042117521315382
1089,mora,packing_C,T08,largo,9,G4,8.335279430839526,0.8153977527756162,0.897017590734872,False,452,461.15962697241275,-1.986216146575358,0.3751656985486355,24.69431028707624,60,271.2,10.397774932918196,65,5.97486814153992
1089,mora,packing_C,T08,largo,9,G4,8.335279430839526,0.8153977527756162,0.897017590734872,False,452,461.15962697241275,-1.986216146575358,0.3751656985486355,24.69431028707624,60,271.2,10.397774932918196,66,5.57448553507239
1089,mora,packing_C,T08,largo,9,G4,8.335279430839526,0.8153977527756162,0.897017590734872,False,452,461.15962697241275,-1.986216146575358,0.3751656985486355,24.69431028707624,60,271.2,10.397774932918196,67,5.310495478572956
1089,mora,packing_C,T08,largo,9,G4,8.335279430839526,0.8153977527756162,0.897017590734872,False,452,461.15962697241275,-1.986216146575358,0.3751656985486355,24.69431028707624,60,271.2,10.397774932918196,68,4.947373054777249
1089,mora,packing_C,T08,largo,9,G4,8.335279430839526,0.8153977527756162,0.897017590734872,False,452,461.15962697241275,-1.986216146575358,0.3751656985486355,24.69431028707624,60,271.2,10.397774932918196,69,5.009696456135125
1089,mora,packing_C,T08,largo,9,G4,8.335279430839526,0.8153977527756162,0.897017590734872,False,452,461.15962697241275,-1.986216146575358,0.3751656985486355,24.69431028707624,60,271.2,10.397774932918196,70,4.444014958251317
1089,mora,packing_C,T08,largo,9,G4,8.335279430839526,0.8153977527756162,0.897017590734872,False,452,461.15962697241275,-1.986216146575358,0.3751656985486355,24.69431028707624,60,271.2,10.397774932918196,71,4.241676295728605
1089,mora,packing_C,T08,largo,9,G4,8.335279430839526,0.8153977527756162,0.897017590734872,False,452,461.15962697241275,-1.986216146575358,0.3751656985486355,24.69431028707624,60,271.2,10.397774932918196,72,3.852156870130621
1089,mora,packing_C,T08,largo,9,G4,8.335279430839526,0.8153977527756162,0.897017590734872,False,452,461.15962697241275,-1.986216146575358,0.3751656985486355,24.69431028707624,60,271.2,10.397774932918196,73,3.617428383526073
1089,mora,packing_C,T08,largo,9,G4,8.335279430839526,0.8153977527756162,0.897017590734872,False,452,461.15962697241275,-1.986216146575358,0.3751656985486355,24.69431028707624,60,271.2,10.397774932918196,74,3.4605456165079067
1089,mora,packing_C,T08,largo,9,G4,8.335279430839526,0.8153977527756162,0.897017590734872,False,452,461.15962697241275,-1.986216146575358,0.3751656985486355,24.69431028707624,60,271.2,10.397774932918196,75,3.20830481038527
1089,mora,packing_C,T08,largo,9,G4,8.335279430839526,0.8153977527756162,0.897017590734872,False,452,461.15962697241275,-1.986216146575358,0.3751656985486355,24.69431028707624,60,271.2,10.397774932918196,76,2.8763645511261924
1089,mora,packing_C,T08,largo,9,G4,8.335279430839526,0.8153977527756162,0.897017590734872,False,452,461.15962697241275,-1.986216146575358,0.3751656985486355,24.69431028707624,60,271.2,10.397774932918196,77,2.517883000553553
1089,mora,packing_C,T08,largo,9,G4,8.335279430839526,0.8153977527756162,0.897017590734872,False,452,461.15962697241275,-1.986216146575358,0.3751656985486355,24.69431028707624,60,271.2,10.397774932918196,78,2.2799250047828035
1089,mora,packing_C,T08,largo,9,G4,8.335279430839526,0.8153977527756162,0.897017590734872,False,452,461.15962697241275,-1.986216146575358,0.3751656985486355,24.69431028707624,60,271.2,10.397774932918196,79,2.3841594586381194
1089,mora,packing_C,T08,largo,9,G4,8.335279430839526,0.8153977527756162,0.897017590734872,False,452,461.15962697241275,-1.986216146575358,0.3751656985486355,24.69431028707624,60,271.2,10.397774932918196,80,2.076877401414875
1089,mora,packing_C,T08,largo,9,G4,8.335279430839526,0.8153977527756162,0.897017590734872,False,452,461.15962697241275,-1.986216146575358,0.3751656985486355,24.69431028707624,60,271.2,10.397774932918196,81,1.5787383515107454
1089,mora,packing_C,T08,largo,9,G4,8.335279430839526,0.8153977527756162,0.897017590734872,False,452,461.15962697241275,-1.986216146575358,0.3751656985486355,24.69431028707624,60,271.2,10.397774932918196,82,1.4431848386361892
1089,mora,packing_C,T08,largo,9,G4,8.335279430839526,0.8153977527756162,0.897017590734872,False,452,461.15962697241275,-1.986216146575358,0.3751656985486355,24.69431028707624,60,271.2,10.397774932918196,83,1.1194496132115461
1089,mora,packing_C,T08,largo,9,G4,8.335279430839526,0.8153977527756162,0.897017590734872,False,452,461.15962697241275,-1.986216146575358,0.3751656985486355,24.69431028707624,60,271.2,10.397774932918196,84,0.946869182825517
1089,mora,packing_C,T08,largo,9,G4,8.335279430839526,0.8153977527756162,0.897017590734872,False,452,461.15962697241275,-1.986216146575358,0.3751656985486355,24.69431028707624,60,271.2,10.397774932918196,85,0.7578519636514068
1089,mora,packing_C,T08,largo,9,G4,8.335279430839526,0.8153977527756162,0.897017590734872,False,452,461.15962697241275,-1.986216146575358,0.3751656985486355,24.69431028707624,60,271.2,10.397774932918196,86,0.5062230773673773
1089,mora,packing_C,T08,largo,9,G4,8.335279430839526,0.8153977527756162,0.897017590734872,False,452,461.15962697241275,-1.986216146575358,0.3751656985486355,24.69431028707624,60,271.2,10.397774932918196,87,0.23688744665875505
1089,mora,packing_C,T08,largo,9,G4,8.335279430839526,0.8153977527756162,0.897017590734872,False,452,461.15962697241275,-1.986216146575358,0.3751656985486355,24.69431028707624,60,271.2,10.397774932918196,88,-0.02511284523761248
1089,mora,packing_C,T08,largo,9,G4,8.335279430839526,0.8153977527756162,0.897017590734872,False,452,461.15962697241275,-1.986216146575358,0.3751656985486355,24.69431028707624,60,271.2,10.397774932918196,89,0.052263023554821875
1089,mora,packing_C,T08,largo,9,G4,8.335279430839526,0.8153977527756162,0.897017590734872,False,452,461.15962697241275,-1.986216146575358,0.3751656985486355,24.69431028707624,60,271.2,10.397774932918196,90,-0.42118643583572435
1089,mora,packing_C,T08,largo,9,G4,8.335279430839526,0.8153977527756162,0.897017590734872,False,452,461.15962697241275,-1.986216146575358,0.3751656985486355,24.69431028707624,60,271.2,10.397774932918196,91,-0.5341564323682478
1089,mora,packing_C,T08,largo,9,G4,8.335279430839526,0.8153977527756162,0.897017590734872,False,452,461.15962697241275,-1.986216146575358,0.3751656985486355,24.69431028707624,60,271.2,10.397774932918196,92,-0.6420341084755004
1089,mora,packing_C,T08,largo,9,G4,8.335279430839526,0.8153977527756162,0.897017590734872,False,452,461.15962697241275,-1.986216146575358,0.3751656985486355,24.69431028707624,60,271.2,10.397774932918196,93,-0.986718694264295
1089,mora,packing_C,T08,largo,9,G4,8.335279430839526,0.8153977527756162,0.897017590734872,False,452,461.15962697241275,-1.986216146575358,0.3751656985486355,24.69431028707624,60,271.2,10.397774932918196,94,-1.0116332517455098
1089,mora,packing_C,T08,largo,9,G4,8.335279430839526,0.8153977527756162,0.897017590734872,False,452,461.15962697241275,-1.986216146575358,0.3751656985486355,24.69431028707624,60,271.2,10.397774932918196,95,-1.4848978626063232
1089,mora,packing_C,T08,largo,9,G4,8.335279430839526,0.8153977527756162,0.897017590734872,False,452,461.15962697241275,-1.986216146575358,0.3751656985486355,24.69431028707624,60,271.2,10.397774932918196,96,-1.6108260286563647
1089,mora,packing_C,T08,largo,9,G4,8.335279430839526,0.8153977527756162,0.897017590734872,False,452,461.15962697241275,-1.986216146575358,0.3751656985486355,24.69431028707624,60,271.2,10.397774932918196,97,-1.9434390936993204
1089,mora,packing_C,T08,largo,9,G4,8.335279430839526,0.8153977527756162,0.897017590734872,False,452,461.15962697241275,-1.986216146575358,0.3751656985486355,24.69431028707624,60,271.2,10.397774932918196,98,-1.94141131660959
1089,mora,packing_C,T08,largo,9,G4,8.335279430839526,0.8153977527756162,0.897017590734872,False,452,461.15962697241275,-1.986216146575358,0.3751656985486355,24.69431028707624,60,271.2,10.397774932918196,99,-1.9191635195108931
1089,mora,packing_C,T08,largo,9,G4,8.335279430839526,0.8153977527756162,0.897017590734872,False,452,461.15962697241275,-1.986216146575358,0.3751656985486355,24.69431028707624,60,271.2,10.397774932918196,100,-2.332759214597181
1089,mora,packing_C,T08,largo,9,G4,8.335279430839526,0.8153977527756162,0.897017590734872,False,452,461.15962697241275,-1.986216146575358,0.3751656985486355,24.69431028707624,60,271.2,10.397774932918196,101,-2.247070259220197
1089,mora,packing_C,T08,largo,9,G4,8.335279430839526,0.8153977527756162,0.897017590734872,False,452,461.15962697241275,-1.986216146575358,0.3751656985486355,24.69431028707624,60,271.2,10.397774932918196,102,-2.4558149226275128
1089,mora,packing_C,T08,largo,9,G4,8.335279430839526,0.8153977527756162,0.897017590734872,False,452,461.15962697241275,-1.986216146575358,0.3751656985486355,24.69431028707624,60,271.2,10.397774932918196,103,-2.7056998882454537
1089,mora,packing_C,T08,largo,9,G4,8.335279430839526,0.8153977527756162,0.897017590734872,False,452,461.15962697241275,-1.986216146575358,0.3751656985486355,24.69431028707624,60,271.2,10.397774932918196,104,-2.8373335673327897
1089,mora,packing_C,T08,largo,9,G4,8.335279430839526,0.8153977527756162,0.897017590734872,False,452,461.15962697241275,-1.986216146575358,0.3751656985486355,24.69431028707624,60,271.2,10.397774932918196,105,-2.9195419179857
1089,mora,packing_C,T08,largo,9,G4,8.335279430839526,0.8153977527756162,0.897017590734872,False,452,461.15962697241275,-1.986216146575358,0.3751656985486355,24.69431028707624,60,271.2,10.397774932918196,106,-3.2551364201695927
1089,mora,packing_C,T08,largo,9,G4,8.335279430839526,0.8153977527756162,0.897017590734872,False,452,461.15962697241275,-1.986216146575358,0.3751656985486355,24.69431028707624,60,271.2,10.397774932918196,107,-3.0982691639564814
1089,mora,packing_C,T08,largo,9,G4,8.335279430839526,0.8153977527756162,0.897017590734872,False,452,461.15962697241275,-1.986216146575358,0.3751656985486355,24.69431028707624,60,271.2,10.397774932918196,108,-3.6335084830722244
1089,mora,packing_C,T08,largo,9,G4,8.335279430839526,0.8153977527756162,0.897017590734872,False,452,461.15962697241275,-1.986216146575358,0.3751656985486355,24.69431028707624,60,271.2,10.397774932918196,109,-3.7345463306855606
1089,mora,packing_C,T08,largo,9,G4,8.335279430839526,0.8153977527756162,0.897017590734872,False,452,461.15962697241275,-1.986216146575358,0.3751656985486355,24.69431028707624,60,271.2,10.397774932918196,110,-3.7595307113428746
1089,mora,packing_C,T08,largo,9,G4,8.335279430839526,0.8153977527756162,0.897017590734872,False,452,461.15962697241275,-1.986216146575358,0.3751656985486355,24.69431028707624,60,271.2,10.397774932918196,111,-3.973576186450319
1089,mora,packing_C,T08,largo,9,G4,8.335279430839526,0.8153977527756162,0.897017590734872,False,452,461.15962697241275,-1.986216146575358,0.3751656985486355,24.69431028707624,60,271.2,10.397774932918196,112,-4.129560752039389
1089,mora,packing_C,T08,largo,9,G4,8.335279430839526,0.8153977527756162,0.897017590734872,False,452,461.15962697241275,-1.986216146575358,0.3751656985486355,24.69431028707624,60,271.2,10.397774932918196,113,-4.186738255952699
1089,mora,packing_C,T08,largo,9,G4,8.335279430839526,0.8153977527756162,0.897017590734872,False,452,461.15962697241275,-1.986216146575358,0.3751656985486355,24.69431028707624,60,271.2,10.397774932918196,114,-4.284685525668531
1089,mora,packing_C,T08,largo,9,G4,8.335279430839526,0.8153977527756162,0.897017590734872,False,452,461.15962697241275,-1.986216146575358,0.3751656985486355,24.69431028707624,60,271.2,10.397774932918196,115,-4.461802050995461
1089,mora,packing_C,T08,largo,9,G4,8.335279430839526,0.8153977527756162,0.897017590734872,False,452,461.15962697241275,-1.986216146575358,0.3751656985486355,24.69431028707624,60,271.2,10.397774932918196,116,-4.688109792594961
1089,mora,packing_C,T08,largo,9,G4,8.335279430839526,0.8153977527756162,0.897017590734872,False,452,461.15962697241275,-1.986216146575358,0.3751656985486355,24.69431028707624,60,271.2,10.397774932918196,117,-4.5818705922753695
1089,mora,packing_C,T08,largo,9,G4,8.335279430839526,0.8153977527756162,0.897017590734872,False,452,461.15962697241275,-1.986216146575358,0.3751656985486355,24.69431028707624,60,271.2,10.397774932918196,118,-4.937259942161035
1089,mora,packing_C,T08,largo,9,G4,8.335279430839526,0.8153977527756162,0.897017590734872,False,452,461.15962697241275,-1.986216146575358,0.3751656985486355,24.69431028707624,60,271.2,10.397774932918196,119,-4.767322321538695
1089,mora,packing_C,T08,largo,9,G4,8.335279430839526,0.8153977527756162,0.897017590734872,False,452,461.15962697241275,-1.986216146575358,0.3751656985486355,24.69431028707624,60,271.2,10.397774932918196,120,-4.925822066403741
1089,mora,packing_C,T08,largo,9,G4,8.335279430839526,0.8153977527756162,0.897017590734872,False,452,461.15962697241275,-1.986216146575358,0.3751656985486355,24.69431028707624,60,271.2,10.397774932918196,121,-5.051521612598186
1089,mora,packing_C,T08,largo,9,G4,8.335279430839526,0.8153977527756162,0.897017590734872,False,452,461.15962697241275,-1.986216146575358,0.3751656985486355,24.69431028707624,60,271.2,10.397774932918196,122,-5.3207912496055325
1089,mora,packing_C,T08,largo,9,G4,8.335279430839526,0.8153977527756162,0.897017590734872,False,452,461.15962697241275,-1.986216146575358,0.3751656985486355,24.69431028707624,60,271.2,10.397774932918196,123,-5.154288652133137
1089,mora,packing_C,T08,largo,9,G4,8.335279430839526,0.8153977527756162,0.897017590734872,False,452,461.15962697241275,-1.986216146575358,0.3751656985486355,24.69431028707624,60,271.2,10.397774932918196,124,-5.236444937059704
1089,mora,packing_C,T08,largo,9,G4,8.335279430839526,0.8153977527756162,0.897017590734872,False,452,461.15962697241275,-1.986216146575358,0.3751656985486355,24.69431028707624,60,271.2,10.397774932918196,125,-5.501799357704518
1089,mora,packing_C,T08,largo,9,G4,8.335279430839526,0.8153977527756162,0.897017590734872,False,452,461.15962697241275,-1.986216146575358,0.3751656985486355,24.69431028707624,60,271.2,10.397774932918196,126,-5.558078717921805
1089,mora,packing_C,T08,largo,9,G4,8.335279430839526,0.8153977527756162,0.897017590734872,False,452,461.15962697241275,-1.986216146575358,0.3751656985486355,24.69431028707624,60,271.2,10.397774932918196,127,-5.635041414498288
1089,mora,packing_C,T08,largo,9,G4,8.335279430839526,0.8153977527756162,0.897017590734872,False,452,461.15962697241275,-1.986216146575358,0.3751656985486355,24.69431028707624,60,271.2,10.397774932918196,128,-5.821890190637764
1089,mora,packing_C,T08,largo,9,G4,8.335279430839526,0.8153977527756162,0.897017590734872,False,452,461.15962697241275,-1.986216146575358,0.3751656985486355,24.69431028707624,60,271.2,10.397774932918196,129,-5.931628855440292
1089,mora,packing_C,T08,largo,9,G4,8.335279430839526,0.8153977527756162,0.897017590734872,False,452,461.15962697241275,-1.986216146575358,0.3751656985486355,24.69431028707624,60,271.2,10.397774932918196,130,-6.087636264450365
1089,mora,packing_C,T08,largo,9,G4,8.335279430839526,0.8153977527756162,0.897017590734872,False,452,461.15962697241275,-1.986216146575358,0.3751656985486355,24.69431028707624,60,271.2,10.397774932918196,131,-6.037138567341342
1089,mora,packing_C,T08,largo,9,G4,8.335279430839526,0.8153977527756162,0.897017590734872,False,452,461.15962697241275,-1.986216146575358,0.3751656985486355,24.69431028707624,60,271.2,10.397774932918196,132,-6.029133403144276
1089,mora,packing_C,T08,largo,9,G4,8.335279430839526,0.8153977527756162,0.897017590734872,False,452,461.15962697241275,-1.986216146575358,0.3751656985486355,24.69431028707624,60,271.2,10.397774932918196,133,-6.007200915702289
1089,mora,packing_C,T08,largo,9,G4,8.335279430839526,0.8153977527756162,0.897017590734872,False,452,461.15962697241275,-1.986216146575358,0.3751656985486355,24.69431028707624,60,271.2,10.397774932918196,134,-6.025215890627804
1089,mora,packing_C,T08,largo,9,G4,8.335279430839526,0.8153977527756162,0.897017590734872,False,452,461.15962697241275,-1.986216146575358,0.3751656985486355,24.69431028707624,60,271.2,10.397774932918196,135,-6.203408024535182
1089,mora,packing_C,T08,largo,9,G4,8.335279430839526,0.8153977527756162,0.897017590734872,False,452,461.15962697241275,-1.986216146575358,0.3751656985486355,24.69431028707624,60,271.2,10.397774932918196,136,-6.266226509925505
1089,mora,packing_C,T08,largo,9,G4,8.335279430839526,0.8153977527756162,0.897017590734872,False,452,461.15962697241275,-1.986216146575358,0.3751656985486355,24.69431028707624,60,271.2,10.397774932918196,137,-6.417910056227649
1089,mora,packing_C,T08,largo,9,G4,8.335279430839526,0.8153977527756162,0.897017590734872,False,452,461.15962697241275,-1.986216146575358,0.3751656985486355,24.69431028707624,60,271.2,10.397774932918196,138,-6.274899451230468
1089,mora,packing_C,T08,largo,9,G4,8.335279430839526,0.8153977527756162,0.897017590734872,False,452,461.15962697241275,-1.986216146575358,0.3751656985486355,24.69431028707624,60,271.2,10.397774932918196,139,-6.4359958216343855
1089,mora,packing_C,T08,largo,9,G4,8.335279430839526,0.8153977527756162,0.897017590734872,False,452,461.15962697241275,-1.986216146575358,0.3751656985486355,24.69431028707624,60,271.2,10.397774932918196,140,-6.404882373034271
1089,mora,packing_C,T08,largo,9,G4,8.335279430839526,0.8153977527756162,0.897017590734872,False,452,461.15962697241275,-1.986216146575358,0.3751656985486355,24.69431028707624,60,271.2,10.397774932918196,141,-6.489756229351017
1089,mora,packing_C,T08,largo,9,G4,8.335279430839526,0.8153977527756162,0.897017590734872,False,452,461.15962697241275,-1.986216146575358,0.3751656985486355,24.69431028707624,60,271.2,10.397774932918196,142,-6.553547875769829
1089,mora,packing_C,T08,largo,9,G4,8.335279430839526,0.8153977527756162,0.897017590734872,False,452,461.15962697241275,-1.986216146575358,0.3751656985486355,24.69431028707624,60,271.2,10.397774932918196,143,-6.389514517889395
1089,mora,packing_C,T08,largo,9,G4,8.335279430839526,0.8153977527756162,0.897017590734872,False,452,461.15962697241275,-1.986216146575358,0.3751656985486355,24.69431028707624,60,271.2,10.397774932918196,144,-6.577948621420057
1089,mora,packing_C,T08,largo,9,G4,8.335279430839526,0.8153977527756162,0.897017590734872,False,452,461.15962697241275,-1.986216146575358,0.3751656985486355,24.69431028707624,60,271.2,10.397774932918196,145,-6.66818591030344
1089,mora,packing_C,T08,largo,9,G4,8.335279430839526,0.8153977527756162,0.897017590734872,False,452,461.15962697241275,-1.986216146575358,0.3751656985486355,24.69431028707624,60,271.2,10.397774932918196,146,-6.682212247393695
1089,mora,packing_C,T08,largo,9,G4,8.335279430839526,0.8153977527756162,0.897017590734872,False,452,461.15962697241275,-1.986216146575358,0.3751656985486355,24.69431028707624,60,271.2,10.397774932918196,147,-6.6427799024975105
1089,mora,packing_C,T08,largo,9,G4,8.335279430839526,0.8153977527756162,0.897017590734872,False,452,461.15962697241275,-1.986216146575358,0.3751656985486355,24.69431028707624,60,271.2,10.397774932918196,148,-6.654593373247175
1089,mora,packing_C,T08,largo,9,G4,8.335279430839526,0.8153977527756162,0.897017590734872,False,452,461.15962697241275,-1.986216146575358,0.3751656985486355,24.69431028707624,60,271.2,10.397774932918196,149,-6.636267278861363
1089,mora,packing_C,T08,largo,9,G4,8.335279430839526,0.8153977527756162,0.897017590734872,False,452,461.15962697241275,-1.986216146575358,0.3751656985486355,24.69431028707624,60,271.2,10.397774932918196,150,-6.756450789455728
1089,mora,packing_C,T08,largo,9,G4,8.335279430839526,0.8153977527756162,0.897017590734872,False,452,461.15962697241275,-1.986216146575358,0.3751656985486355,24.69431028707624,60,271.2,10.397774932918196,151,-6.7863070689373215
1089,mora,packing_C,T08,largo,9,G4,8.335279430839526,0.8153977527756162,0.897017590734872,False,452,461.15962697241275,-1.986216146575358,0.3751656985486355,24.69431028707624,60,271.2,10.397774932918196,152,-6.706874673787216
1089,mora,packing_C,T08,largo,9,G4,8.335279430839526,0.8153977527756162,0.897017590734872,False,452,461.15962697241275,-1.986216146575358,0.3751656985486355,24.69431028707624,60,271.2,10.397774932918196,153,-6.699726266812774
1089,mora,packing_C,T08,largo,9,G4,8.335279430839526,0.8153977527756162,0.897017590734872,False,452,461.15962697241275,-1.986216146575358,0.3751656985486355,24.69431028707624,60,271.2,10.397774932918196,154,-6.788001224430128
1089,mora,packing_C,T08,largo,9,G4,8.335279430839526,0.8153977527756162,0.897017590734872,False,452,461.15962697241275,-1.986216146575358,0.3751656985486355,24.69431028707624,60,271.2,10.397774932918196,155,-6.832423253291693
1089,mora,packing_C,T08,largo,9,G4,8.335279430839526,0.8153977527756162,0.897017590734872,False,452,461.15962697241275,-1.986216146575358,0.3751656985486355,24.69431028707624,60,271.2,10.397774932918196,156,-6.60792129155942
1089,mora,packing_C,T08,largo,9,G4,8.335279430839526,0.8153977527756162,0.897017590734872,False,452,461.15962697241275,-1.986216146575358,0.3751656985486355,24.69431028707624,60,271.2,10.397774932918196,157,-6.686506850388383
1089,mora,packing_C,T08,largo,9,G4,8.335279430839526,0.8153977527756162,0.897017590734872,False,452,461.15962697241275,-1.986216146575358,0.3751656985486355,24.69431028707624,60,271.2,10.397774932918196,158,-6.643555041497048
1089,mora,packing_C,T08,largo,9,G4,8.335279430839526,0.8153977527756162,0.897017590734872,False,452,461.15962697241275,-1.986216146575358,0.3751656985486355,24.69431028707624,60,271.2,10.397774932918196,159,-6.735186460998841
1089,mora,packing_C,T08,largo,9,G4,8.335279430839526,0.8153977527756162,0.897017590734872,False,452,461.15962697241275,-1.986216146575358,0.3751656985486355,24.69431028707624,60,271.2,10.397774932918196,160,-6.851513916057395
1089,mora,packing_C,T08,largo,9,G4,8.335279430839526,0.8153977527756162,0.897017590734872,False,452,461.15962697241275,-1.986216146575358,0.3751656985486355,24.69431028707624,60,271.2,10.397774932918196,161,-6.661354834460913
1089,mora,packing_C,T08,largo,9,G4,8.335279430839526,0.8153977527756162,0.897017590734872,False,452,461.15962697241275,-1.986216146575358,0.3751656985486355,24.69431028707624,60,271.2,10.397774932918196,162,-6.5496194783387045
1089,mora,packing_C,T08,largo,9,G4,8.335279430839526,0.8153977527756162,0.897017590734872,False,452,461.15962697241275,-1.986216146575358,0.3751656985486355,24.69431028707624,60,271.2,10.397774932918196,163,-6.708001995643931
1089,mora,packing_C,T08,largo,9,G4,8.335279430839526,0.8153977527756162,0.897017590734872,False,452,461.15962697241275,-1.986216146575358,0.3751656985486355,24.69431028707624,60,271.2,10.397774932918196,164,-6.695511718668037
1089,mora,packing_C,T08,largo,9,G4,8.335279430839526,0.8153977527756162,0.897017590734872,False,452,461.15962697241275,-1.986216146575358,0.3751656985486355,24.69431028707624,60,271.2,10.397774932918196,165,-6.6039733212476035
1089,mora,packing_C,T08,largo,9,G4,8.335279430839526,0.8153977527756162,0.897017590734872,False,452,461.15962697241275,-1.986216146575358,0.3751656985486355,24.69431028707624,60,271.2,10.397774932918196,166,-6.7327592067271285
1089,mora,packing_C,T08,largo,9,G4,8.335279430839526,0.8153977527756162,0.897017590734872,False,452,461.15962697241275,-1.986216146575358,0.3751656985486355,24.69431028707624,60,271.2,10.397774932918196,167,-6.663897489442308
1089,mora,packing_C,T08,largo,9,G4,8.335279430839526,0.8153977527756162,0.897017590734872,False,452,461.15962697241275,-1.986216146575358,0.3751656985486355,24.69431028707624,60,271.2,10.397774932918196,168,-6.437419932136263
1089,mora,packing_C,T08,largo,9,G4,8.335279430839526,0.8153977527756162,0.897017590734872,False,452,461.15962697241275,-1.986216146575358,0.3751656985486355,24.69431028707624,60,271.2,10.397774932918196,169,-6.438743474931045
1089,mora,packing_C,T08,largo,9,G4,8.335279430839526,0.8153977527756162,0.897017590734872,False,452,461.15962697241275,-1.986216146575358,0.3751656985486355,24.69431028707624,60,271.2,10.397774932918196,170,-6.4860491497432795
1089,mora,packing_C,T08,largo,9,G4,8.335279430839526,0.8153977527756162,0.897017590734872,False,452,461.15962697241275,-1.986216146575358,0.3751656985486355,24.69431028707624,60,271.2,10.397774932918196,171,-6.372988739214447
1089,mora,packing_C,T08,largo,9,G4,8.335279430839526,0.8153977527756162,0.897017590734872,False,452,461.15962697241275,-1.986216146575358,0.3751656985486355,24.69431028707624,60,271.2,10.397774932918196,172,-6.650949241716718
1089,mora,packing_C,T08,largo,9,G4,8.335279430839526,0.8153977527756162,0.897017590734872,False,452,461.15962697241275,-1.986216146575358,0.3751656985486355,24.69431028707624,60,271.2,10.397774932918196,173,-6.243779045964973
1089,mora,packing_C,T08,largo,9,G4,8.335279430839526,0.8153977527756162,0.897017590734872,False,452,461.15962697241275,-1.986216146575358,0.3751656985486355,24.69431028707624,60,271.2,10.397774932918196,174,-6.481522608497213
1089,mora,packing_C,T08,largo,9,G4,8.335279430839526,0.8153977527756162,0.897017590734872,False,452,461.15962697241275,-1.986216146575358,0.3751656985486355,24.69431028707624,60,271.2,10.397774932918196,175,-6.5048252016877575
1089,mora,packing_C,T08,largo,9,G4,8.335279430839526,0.8153977527756162,0.897017590734872,False,452,461.15962697241275,-1.986216146575358,0.3751656985486355,24.69431028707624,60,271.2,10.397774932918196,176,-6.337928291527126
1089,mora,packing_C,T08,largo,9,G4,8.335279430839526,0.8153977527756162,0.897017590734872,False,452,461.15962697241275,-1.986216146575358,0.3751656985486355,24.69431028707624,60,271.2,10.397774932918196,177,-6.104273499057708
1089,mora,packing_C,T08,largo,9,G4,8.335279430839526,0.8153977527756162,0.897017590734872,False,452,461.15962697241275,-1.986216146575358,0.3751656985486355,24.69431028707624,60,271.2,10.397774932918196,178,-6.2832684252518565
1089,mora,packing_C,T08,largo,9,G4,8.335279430839526,0.8153977527756162,0.897017590734872,False,452,461.15962697241275,-1.986216146575358,0.3751656985486355,24.69431028707624,60,271.2,10.397774932918196,179,-6.2652623708900785
1089,mora,packing_C,T08,largo,9,G4,8.335279430839526,0.8153977527756162,0.897017590734872,False,452,461.15962697241275,-1.986216146575358,0.3751656985486355,24.69431028707624,60,271.2,10.397774932918196,180,-6.167837378969827
1089,mora,packing_C,T08,largo,9,G4,8.335279430839526,0.8153977527756162,0.897017590734872,False,452,461.15962697241275,-1.986216146575358,0.3751656985486355,24.69431028707624,60,271.2,10.397774932918196,181,-5.993486837293981
1089,mora,packing_C,T08,largo,9,G4,8.335279430839526,0.8153977527756162,0.897017590734872,False,452,461.15962697241275,-1.986216146575358,0.3751656985486355,24.69431028707624,60,271.2,10.397774932918196,182,-6.020033579129654
1089,mora,packing_C,T08,largo,9,G4,8.335279430839526,0.8153977527756162,0.897017590734872,False,452,461.15962697241275,-1.986216146575358,0.3751656985486355,24.69431028707624,60,271.2,10.397774932918196,183,-5.999933397607609
1089,mora,packing_C,T08,largo,9,G4,8.335279430839526,0.8153977527756162,0.897017590734872,False,452,461.15962697241275,-1.986216146575358,0.3751656985486355,24.69431028707624,60,271.2,10.397774932918196,184,-5.924975738431987
1089,mora,packing_C,T08,largo,9,G4,8.335279430839526,0.8153977527756162,0.897017590734872,False,452,461.15962697241275,-1.986216146575358,0.3751656985486355,24.69431028707624,60,271.2,10.397774932918196,185,-5.858960888919805
1089,mora,packing_C,T08,largo,9,G4,8.335279430839526,0.8153977527756162,0.897017590734872,False,452,461.15962697241275,-1.986216146575358,0.3751656985486355,24.69431028707624,60,271.2,10.397774932918196,186,-5.9165932545574655
1089,mora,packing_C,T08,largo,9,G4,8.335279430839526,0.8153977527756162,0.897017590734872,False,452,461.15962697241275,-1.986216146575358,0.3751656985486355,24.69431028707624,60,271.2,10.397774932918196,187,-5.740699101953758
1089,mora,packing_C,T08,largo,9,G4,8.335279430839526,0.8153977527756162,0.897017590734872,False,452,461.15962697241275,-1.986216146575358,0.3751656985486355,24.69431028707624,60,271.2,10.397774932918196,188,-5.741112280215765
1089,mora,packing_C,T08,largo,9,G4,8.335279430839526,0.8153977527756162,0.897017590734872,False,452,461.15962697241275,-1.986216146575358,0.3751656985486355,24.69431028707624,60,271.2,10.397774932918196,189,-5.710703851264494
1089,mora,packing_C,T08,largo,9,G4,8.335279430839526,0.8153977527756162,0.897017590734872,False,452,461.15962697241275,-1.986216146575358,0.3751656985486355,24.69431028707624,60,271.2,10.397774932918196,190,-5.665724313776125
1089,mora,packing_C,T08,largo,9,G4,8.335279430839526,0.8153977527756162,0.897017590734872,False,452,461.15962697241275,-1.986216146575358,0.3751656985486355,24.69431028707624,60,271.2,10.397774932918196,191,-5.316182936182903
1089,mora,packing_C,T08,largo,9,G4,8.335279430839526,0.8153977527756162,0.897017590734872,False,452,461.15962697241275,-1.986216146575358,0.3751656985486355,24.69431028707624,60,271.2,10.397774932918196,192,-5.343029845108407
1089,mora,packing_C,T08,largo,9,G4,8.335279430839526,0.8153977527756162,0.897017590734872,False,452,461.15962697241275,-1.986216146575358,0.3751656985486355,24.69431028707624,60,271.2,10.397774932918196,193,-5.291983720093723
1089,mora,packing_C,T08,largo,9,G4,8.335279430839526,0.8153977527756162,0.897017590734872,False,452,461.15962697241275,-1.986216146575358,0.3751656985486355,24.69431028707624,60,271.2,10.397774932918196,194,-5.363110178341023
1089,mora,packing_C,T08,largo,9,G4,8.335279430839526,0.8153977527756162,0.897017590734872,False,452,461.15962697241275,-1.986216146575358,0.3751656985486355,24.69431028707624,60,271.2,10.397774932918196,195,-5.29171336789188
1089,mora,packing_C,T08,largo,9,G4,8.335279430839526,0.8153977527756162,0.897017590734872,False,452,461.15962697241275,-1.986216146575358,0.3751656985486355,24.69431028707624,60,271.2,10.397774932918196,196,-5.1006121796583885
1089,mora,packing_C,T08,largo,9,G4,8.335279430839526,0.8153977527756162,0.897017590734872,False,452,461.15962697241275,-1.986216146575358,0.3751656985486355,24.69431028707624,60,271.2,10.397774932918196,197,-5.114158194624451
1089,mora,packing_C,T08,largo,9,G4,8.335279430839526,0.8153977527756162,0.897017590734872,False,452,461.15962697241275,-1.986216146575358,0.3751656985486355,24.69431028707624,60,271.2,10.397774932918196,198,-5.040635569923286
1089,mora,packing_C,T08,largo,9,G4,8.335279430839526,0.8153977527756162,0.897017590734872,False,452,461.15962697241275,-1.986216146575358,0.3751656985486355,24.69431028707624,60,271.2,10.397774932918196,199,-4.913254703478526
1089,mora,packing_C,T08,largo,9,G4,8.335279430839526,0.8153977527756162,0.897017590734872,False,452,461.15962697241275,-1.986216146575358,0.3751656985486355,24.69431028707624,60,271.2,10.397774932918196,200,-5.0058010346667885
1089,mora,packing_C,T08,largo,9,G4,8.335279430839526,0.8153977527756162,0.897017590734872,False,452,461.15962697241275,-1.986216146575358,0.3751656985486355,24.69431028707624,60,271.2,10.397774932918196,201,-4.9195276597731095
1089,mora,packing_C,T08,largo,9,G4,8.335279430839526,0.8153977527756162,0.897017590734872,False,452,461.15962697241275,-1.986216146575358,0.3751656985486355,24.69431028707624,60,271.2,10.397774932918196,202,-4.708010685749349
1089,mora,packing_C,T08,largo,9,G4,8.335279430839526,0.8153977527756162,0.897017590734872,False,452,461.15962697241275,-1.986216146575358,0.3751656985486355,24.69431028707624,60,271.2,10.397774932918196,203,-4.6906687456919505
1089,mora,packing_C,T08,largo,9,G4,8.335279430839526,0.8153977527756162,0.897017590734872,False,452,461.15962697241275,-1.986216146575358,0.3751656985486355,24.69431028707624,60,271.2,10.397774932918196,204,-4.648088314182326
1089,mora,packing_C,T08,largo,9,G4,8.335279430839526,0.8153977527756162,0.897017590734872,False,452,461.15962697241275,-1.986216146575358,0.3751656985486355,24.69431028707624,60,271.2,10.397774932918196,205,-4.3348187349605025
1089,mora,packing_C,T08,largo,9,G4,8.335279430839526,0.8153977527756162,0.897017590734872,False,452,461.15962697241275,-1.986216146575358,0.3751656985486355,24.69431028707624,60,271.2,10.397774932918196,206,-4.344510994883239
1089,mora,packing_C,T08,largo,9,G4,8.335279430839526,0.8153977527756162,0.897017590734872,False,452,461.15962697241275,-1.986216146575358,0.3751656985486355,24.69431028707624,60,271.2,10.397774932918196,207,-4.365407051429251
1089,mora,packing_C,T08,largo,9,G4,8.335279430839526,0.8153977527756162,0.897017590734872,False,452,461.15962697241275,-1.986216146575358,0.3751656985486355,24.69431028707624,60,271.2,10.397774932918196,208,-4.411381615508923
1089,mora,packing_C,T08,largo,9,G4,8.335279430839526,0.8153977527756162,0.897017590734872,False,452,461.15962697241275,-1.986216146575358,0.3751656985486355,24.69431028707624,60,271.2,10.397774932918196,209,-4.151594517390541
1089,mora,packing_C,T08,largo,9,G4,8.335279430839526,0.8153977527756162,0.897017590734872,False,452,461.15962697241275,-1.986216146575358,0.3751656985486355,24.69431028707624,60,271.2,10.397774932918196,210,-4.123544703029204
1089,mora,packing_C,T08,largo,9,G4,8.335279430839526,0.8153977527756162,0.897017590734872,False,452,461.15962697241275,-1.986216146575358,0.3751656985486355,24.69431028707624,60,271.2,10.397774932918196,211,-4.112205626567781
1089,mora,packing_C,T08,largo,9,G4,8.335279430839526,0.8153977527756162,0.897017590734872,False,452,461.15962697241275,-1.986216146575358,0.3751656985486355,24.69431028707624,60,271.2,10.397774932918196,212,-4.063901218149627
1089,mora,packing_C,T08,largo,9,G4,8.335279430839526,0.8153977527756162,0.897017590734872,False,452,461.15962697241275,-1.986216146575358,0.3751656985486355,24.69431028707624,60,271.2,10.397774932918196,213,-3.7972030809184067
1089,mora,packing_C,T08,largo,9,G4,8.335279430839526,0.8153977527756162,0.897017590734872,False,452,461.15962697241275,-1.986216146575358,0.3751656985486355,24.69431028707624,60,271.2,10.397774932918196,214,-3.8344202500266986
1089,mora,packing_C,T08,largo,9,G4,8.335279430839526,0.8153977527756162,0.897017590734872,False,452,461.15962697241275,-1.986216146575358,0.3751656985486355,24.69431028707624,60,271.2,10.397774932918196,215,-3.752641425444486
1089,mora,packing_C,T08,largo,9,G4,8.335279430839526,0.8153977527756162,0.897017590734872,False,452,461.15962697241275,-1.986216146575358,0.3751656985486355,24.69431028707624,60,271.2,10.397774932918196,216,-3.631504846263899
1089,mora,packing_C,T08,largo,9,G4,8.335279430839526,0.8153977527756162,0.897017590734872,False,452,461.15962697241275,-1.986216146575358,0.3751656985486355,24.69431028707624,60,271.2,10.397774932918196,217,-3.4894994846487095
1089,mora,packing_C,T08,largo,9,G4,8.335279430839526,0.8153977527756162,0.897017590734872,False,452,461.15962697241275,-1.986216146575358,0.3751656985486355,24.69431028707624,60,271.2,10.397774932918196,218,-3.5078833389980826
1089,mora,packing_C,T08,largo,9,G4,8.335279430839526,0.8153977527756162,0.897017590734872,False,452,461.15962697241275,-1.986216146575358,0.3751656985486355,24.69431028707624,60,271.2,10.397774932918196,219,-3.623061265277228
1089,mora,packing_C,T08,largo,9,G4,8.335279430839526,0.8153977527756162,0.897017590734872,False,452,461.15962697241275,-1.986216146575358,0.3751656985486355,24.69431028707624,60,271.2,10.397774932918196,220,-3.4598514018227395
1089,mora,packing_C,T08,largo,9,G4,8.335279430839526,0.8153977527756162,0.897017590734872,False,452,461.15962697241275,-1.986216146575358,0.3751656985486355,24.69431028707624,60,271.2,10.397774932918196,221,-3.2160927751969366
1089,mora,packing_C,T08,largo,9,G4,8.335279430839526,0.8153977527756162,0.897017590734872,False,452,461.15962697241275,-1.986216146575358,0.3751656985486355,24.69431028707624,60,271.2,10.397774932918196,222,-3.2654658361090347
1089,mora,packing_C,T08,largo,9,G4,8.335279430839526,0.8153977527756162,0.897017590734872,False,452,461.15962697241275,-1.986216146575358,0.3751656985486355,24.69431028707624,60,271.2,10.397774932918196,223,-2.9883046276900993
1089,mora,packing_C,T08,largo,9,G4,8.335279430839526,0.8153977527756162,0.897017590734872,False,452,461.15962697241275,-1.986216146575358,0.3751656985486355,24.69431028707624,60,271.2,10.397774932918196,224,-3.0143187277941315
1089,mora,packing_C,T08,largo,9,G4,8.335279430839526,0.8153977527756162,0.897017590734872,False,452,461.15962697241275,-1.986216146575358,0.3751656985486355,24.69431028707624,60,271.2,10.397774932918196,225,-2.7928272184436085
1089,mora,packing_C,T08,largo,9,G4,8.335279430839526,0.8153977527756162,0.897017590734872,False,452,461.15962697241275,-1.986216146575358,0.3751656985486355,24.69431028707624,60,271.2,10.397774932918196,226,-3.050749287157908
1089,mora,packing_C,T08,largo,9,G4,8.335279430839526,0.8153977527756162,0.897017590734872,False,452,461.15962697241275,-1.986216146575358,0.3751656985486355,24.69431028707624,60,271.2,10.397774932918196,227,-2.8277193541516867
1089,mora,packing_C,T08,largo,9,G4,8.335279430839526,0.8153977527756162,0.897017590734872,False,452,461.15962697241275,-1.986216146575358,0.3751656985486355,24.69431028707624,60,271.2,10.397774932918196,228,-2.8743831113825005
1089,mora,packing_C,T08,largo,9,G4,8.335279430839526,0.8153977527756162,0.897017590734872,False,452,461.15962697241275,-1.986216146575358,0.3751656985486355,24.69431028707624,60,271.2,10.397774932918196,229,-2.653658334250124
1089,mora,packing_C,T08,largo,9,G4,8.335279430839526,0.8153977527756162,0.897017590734872,False,452,461.15962697241275,-1.986216146575358,0.3751656985486355,24.69431028707624,60,271.2,10.397774932918196,230,-2.60607566334159
1089,mora,packing_C,T08,largo,9,G4,8.335279430839526,0.8153977527756162,0.897017590734872,False,452,461.15962697241275,-1.986216146575358,0.3751656985486355,24.69431028707624,60,271.2,10.397774932918196,231,-2.6874079954815975
1089,mora,packing_C,T08,largo,9,G4,8.335279430839526,0.8153977527756162,0.897017590734872,False,452,461.15962697241275,-1.986216146575358,0.3751656985486355,24.69431028707624,60,271.2,10.397774932918196,232,-2.487606543067617
1089,mora,packing_C,T08,largo,9,G4,8.335279430839526,0.8153977527756162,0.897017590734872,False,452,461.15962697241275,-1.986216146575358,0.3751656985486355,24.69431028707624,60,271.2,10.397774932918196,233,-2.458516978736876
1089,mora,packing_C,T08,largo,9,G4,8.335279430839526,0.8153977527756162,0.897017590734872,False,452,461.15962697241275,-1.986216146575358,0.3751656985486355,24.69431028707624,60,271.2,10.397774932918196,234,-2.116558309074359
1089,mora,packing_C,T08,largo,9,G4,8.335279430839526,0.8153977527756162,0.897017590734872,False,452,461.15962697241275,-1.986216146575358,0.3751656985486355,24.69431028707624,60,271.2,10.397774932918196,235,-2.154173134268223
1089,mora,packing_C,T08,largo,9,G4,8.335279430839526,0.8153977527756162,0.897017590734872,False,452,461.15962697241275,-1.986216146575358,0.3751656985486355,24.69431028707624,60,271.2,10.397774932918196,236,-2.292035146369121
1089,mora,packing_C,T08,largo,9,G4,8.335279430839526,0.8153977527756162,0.897017590734872,False,452,461.15962697241275,-1.986216146575358,0.3751656985486355,24.69431028707624,60,271.2,10.397774932918196,237,-2.007359061146805
1089,mora,packing_C,T08,largo,9,G4,8.335279430839526,0.8153977527756162,0.897017590734872,False,452,461.15962697241275,-1.986216146575358,0.3751656985486355,24.69431028707624,60,271.2,10.397774932918196,238,-1.895052231033703
1089,mora,packing_C,T08,largo,9,G4,8.335279430839526,0.8153977527756162,0.897017590734872,False,452,461.15962697241275,-1.986216146575358,0.3751656985486355,24.69431028707624,60,271.2,10.397774932918196,239,-1.8629610956386735
1089,mora,packing_C,T08,largo,9,G4,8.335279430839526,0.8153977527756162,0.897017590734872,False,452,461.15962697241275,-1.986216146575358,0.3751656985486355,24.69431028707624,60,271.2,10.397774932918196,240,-1.693774070312612
1089,mora,packing_C,T08,largo,9,G4,8.335279430839526,0.8153977527756162,0.897017590734872,False,452,461.15962697241275,-1.986216146575358,0.3751656985486355,24.69431028707624,60,271.2,10.397774932918196,241,-1.8044517984166508
1089,mora,packing_C,T08,largo,9,G4,8.335279430839526,0.8153977527756162,0.897017590734872,False,452,461.15962697241275,-1.986216146575358,0.3751656985486355,24.69431028707624,60,271.2,10.397774932918196,242,-1.747621484557502
1089,mora,packing_C,T08,largo,9,G4,8.335279430839526,0.8153977527756162,0.897017590734872,False,452,461.15962697241275,-1.986216146575358,0.3751656985486355,24.69431028707624,60,271.2,10.397774932918196,243,-1.6740184049088367
1089,mora,packing_C,T08,largo,9,G4,8.335279430839526,0.8153977527756162,0.897017590734872,False,452,461.15962697241275,-1.986216146575358,0.3751656985486355,24.69431028707624,60,271.2,10.397774932918196,244,-1.5107857989817783
1089,mora,packing_C,T08,largo,9,G4,8.335279430839526,0.8153977527756162,0.897017590734872,False,452,461.15962697241275,-1.986216146575358,0.3751656985486355,24.69431028707624,60,271.2,10.397774932918196,245,-1.5393771344029428
1089,mora,packing_C,T08,largo,9,G4,8.335279430839526,0.8153977527756162,0.897017590734872,False,452,461.15962697241275,-1.986216146575358,0.3751656985486355,24.69431028707624,60,271.2,10.397774932918196,246,-1.4522763424084106
1089,mora,packing_C,T08,largo,9,G4,8.335279430839526,0.8153977527756162,0.897017590734872,False,452,461.15962697241275,-1.986216146575358,0.3751656985486355,24.69431028707624,60,271.2,10.397774932918196,247,-1.3346144379472515
1089,mora,packing_C,T08,largo,9,G4,8.335279430839526,0.8153977527756162,0.897017590734872,False,452,461.15962697241275,-1.986216146575358,0.3751656985486355,24.69431028707624,60,271.2,10.397774932918196,248,-1.1504835948048198
1089,mora,packing_C,T08,largo,9,G4,8.335279430839526,0.8153977527756162,0.897017590734872,False,452,461.15962697241275,-1.986216146575358,0.3751656985486355,24.69431028707624,60,271.2,10.397774932918196,249,-1.182901517476375
1089,mora,packing_C,T08,largo,9,G4,8.335279430839526,0.8153977527756162,0.897017590734872,False,452,461.15962697241275,-1.986216146575358,0.3751656985486355,24.69431028707624,60,271.2,10.397774932918196,250,-1.1635727108944254
1089,mora,packing_C,T08,largo,9,G4,8.335279430839526,0.8153977527756162,0.897017590734872,False,452,461.15962697241275,-1.986216146575358,0.3751656985486355,24.69431028707624,60,271.2,10.397774932918196,251,-1.085828651020155
1089,mora,packing_C,T08,largo,9,G4,8.335279430839526,0.8153977527756162,0.897017590734872,False,452,461.15962697241275,-1.986216146575358,0.3751656985486355,24.69431028707624,60,271.2,10.397774932918196,252,-0.8993432735973557
1089,mora,packing_C,T08,largo,9,G4,8.335279430839526,0.8153977527756162,0.897017590734872,False,452,461.15962697241275,-1.986216146575358,0.3751656985486355,24.69431028707624,60,271.2,10.397774932918196,253,-1.0631514340234616
1089,mora,packing_C,T08,largo,9,G4,8.335279430839526,0.8153977527756162,0.897017590734872,False,452,461.15962697241275,-1.986216146575358,0.3751656985486355,24.69431028707624,60,271.2,10.397774932918196,254,-0.7310709614541144
1089,mora,packing_C,T08,largo,9,G4,8.335279430839526,0.8153977527756162,0.897017590734872,False,452,461.15962697241275,-1.986216146575358,0.3751656985486355,24.69431028707624,60,271.2,10.397774932918196,255,-0.6256410249436847
1089,mora,packing_C,T08,largo,9,G4,8.335279430839526,0.8153977527756162,0.897017590734872,False,452,461.15962697241275,-1.986216146575358,0.3751656985486355,24.69431028707624,60,271.2,10.397774932918196,256,-0.6975196569168165
1089,mora,packing_C,T08,largo,9,G4,8.335279430839526,0.8153977527756162,0.897017590734872,False,452,461.15962697241275,-1.986216146575358,0.3751656985486355,24.69431028707624,60,271.2,10.397774932918196,257,-0.5514135959093059
1089,mora,packing_C,T08,largo,9,G4,8.335279430839526,0.8153977527756162,0.897017590734872,False,452,461.15962697241275,-1.986216146575358,0.3751656985486355,24.69431028707624,60,271.2,10.397774932918196,258,-0.36398233575640543
1089,mora,packing_C,T08,largo,9,G4,8.335279430839526,0.8153977527756162,0.897017590734872,False,452,461.15962697241275,-1.986216146575358,0.3751656985486355,24.69431028707624,60,271.2,10.397774932918196,259,-0.4317018106558409
1089,mora,packing_C,T08,largo,9,G4,8.335279430839526,0.8153977527756162,0.897017590734872,False,452,461.15962697241275,-1.986216146575358,0.3751656985486355,24.69431028707624,60,271.2,10.397774932918196,260,-0.23345234562990874
1089,mora,packing_C,T08,largo,9,G4,8.335279430839526,0.8153977527756162,0.897017590734872,False,452,461.15962697241275,-1.986216146575358,0.3751656985486355,24.69431028707624,60,271.2,10.397774932918196,261,-0.28396721547112996
1089,mora,packing_C,T08,largo,9,G4,8.335279430839526,0.8153977527756162,0.897017590734872,False,452,461.15962697241275,-1.986216146575358,0.3751656985486355,24.69431028707624,60,271.2,10.397774932918196,262,-0.2845702885328918
1089,mora,packing_C,T08,largo,9,G4,8.335279430839526,0.8153977527756162,0.897017590734872,False,452,461.15962697241275,-1.986216146575358,0.3751656985486355,24.69431028707624,60,271.2,10.397774932918196,263,-0.1897792367902784
1089,mora,packing_C,T08,largo,9,G4,8.335279430839526,0.8153977527756162,0.897017590734872,False,452,461.15962697241275,-1.986216146575358,0.3751656985486355,24.69431028707624,60,271.2,10.397774932918196,264,-0.11009688761158323
1089,mora,packing_C,T08,largo,9,G4,8.335279430839526,0.8153977527756162,0.897017590734872,False,452,461.15962697241275,-1.986216146575358,0.3751656985486355,24.69431028707624,60,271.2,10.397774932918196,265,-0.1506626908672692
1089,mora,packing_C,T08,largo,9,G4,8.335279430839526,0.8153977527756162,0.897017590734872,False,452,461.15962697241275,-1.986216146575358,0.3751656985486355,24.69431028707624,60,271.2,10.397774932918196,266,0.053318756488356794
1089,mora,packing_C,T08,largo,9,G4,8.335279430839526,0.8153977527756162,0.897017590734872,False,452,461.15962697241275,-1.986216146575358,0.3751656985486355,24.69431028707624,60,271.2,10.397774932918196,267,-0.0553479822118669
1089,mora,packing_C,T08,largo,9,G4,8.335279430839526,0.8153977527756162,0.897017590734872,False,452,461.15962697241275,-1.986216146575358,0.3751656985486355,24.69431028707624,60,271.2,10.397774932918196,268,0.1672316926334445
1089,mora,packing_C,T08,largo,9,G4,8.335279430839526,0.8153977527756162,0.897017590734872,False,452,461.15962697241275,-1.986216146575358,0.3751656985486355,24.69431028707624,60,271.2,10.397774932918196,269,0.07847147122779043
1089,mora,packing_C,T08,largo,9,G4,8.335279430839526,0.8153977527756162,0.897017590734872,False,452,461.15962697241275,-1.986216146575358,0.3751656985486355,24.69431028707624,60,271.2,10.397774932918196,270,0.05096997214850377
1089,mora,packing_C,T08,largo,9,G4,8.335279430839526,0.8153977527756162,0.897017590734872,False,452,461.15962697241275,-1.986216146575358,0.3751656985486355,24.69431028707624,60,271.2,10.397774932918196,271,0.2823637872219275
1089,mora,packing_C,T08,largo,9,G4,8.335279430839526,0.8153977527756162,0.897017590734872,False,452,461.15962697241275,-1.986216146575358,0.3751656985486355,24.69431028707624,60,271.2,10.397774932918196,272,0.5668654056944679
1089,mora,packing_C,T08,largo,9,G4,8.335279430839526,0.8153977527756162,0.897017590734872,False,452,461.15962697241275,-1.986216146575358,0.3751656985486355,24.69431028707624,60,271.2,10.397774932918196,273,0.6470646972940496
1089,mora,packing_C,T08,largo,9,G4,8.335279430839526,0.8153977527756162,0.897017590734872,False,452,461.15962697241275,-1.986216146575358,0.3751656985486355,24.69431028707624,60,271.2,10.397774932918196,274,0.7806941148536785
1089,mora,packing_C,T08,largo,9,G4,8.335279430839526,0.8153977527756162,0.897017590734872,False,452,461.15962697241275,-1.986216146575358,0.3751656985486355,24.69431028707624,60,271.2,10.397774932918196,275,0.8158256092626892
1089,mora,packing_C,T08,largo,9,G4,8.335279430839526,0.8153977527756162,0.897017590734872,False,452,461.15962697241275,-1.986216146575358,0.3751656985486355,24.69431028707624,60,271.2,10.397774932918196,276,0.8616478458312095
1089,mora,packing_C,T08,largo,9,G4,8.335279430839526,0.8153977527756162,0.897017590734872,False,452,461.15962697241275,-1.986216146575358,0.3751656985486355,24.69431028707624,60,271.2,10.397774932918196,277,0.8139089429705675
1089,mora,packing_C,T08,largo,9,G4,8.335279430839526,0.8153977527756162,0.897017590734872,False,452,461.15962697241275,-1.986216146575358,0.3751656985486355,24.69431028707624,60,271.2,10.397774932918196,278,0.9978441097716304
1089,mora,packing_C,T08,largo,9,G4,8.335279430839526,0.8153977527756162,0.897017590734872,False,452,461.15962697241275,-1.986216146575358,0.3751656985486355,24.69431028707624,60,271.2,10.397774932918196,279,0.7050423456909999
1089,mora,packing_C,T08,largo,9,G4,8.335279430839526,0.8153977527756162,0.897017590734872,False,452,461.15962697241275,-1.986216146575358,0.3751656985486355,24.69431028707624,60,271.2,10.397774932918196,280,0.6310723864154457
1089,mora,packing_C,T08,largo,9,G4,8.335279430839526,0.8153977527756162,0.897017590734872,False,452,461.15962697241275,-1.986216146575358,0.3751656985486355,24.69431028707624,60,271.2,10.397774932918196,281,0.739698201574664
1089,mora,packing_C,T08,largo,9,G4,8.335279430839526,0.8153977527756162,0.897017590734872,False,452,461.15962697241275,-1.986216146575358,0.3751656985486355,24.69431028707624,60,271.2,10.397774932918196,282,0.7457843084448776
1089,mora,packing_C,T08,largo,9,G4,8.335279430839526,0.8153977527756162,0.897017590734872,False,452,461.15962697241275,-1.986216146575358,0.3751656985486355,24.69431028707624,60,271.2,10.397774932918196,283,0.7001647518740939
1089,mora,packing_C,T08,largo,9,G4,8.335279430839526,0.8153977527756162,0.897017590734872,False,452,461.15962697241275,-1.986216146575358,0.3751656985486355,24.69431028707624,60,271.2,10.397774932918196,284,0.5221742986883944
1089,mora,packing_C,T08,largo,9,G4,8.335279430839526,0.8153977527756162,0.897017590734872,False,452,461.15962697241275,-1.986216146575358,0.3751656985486355,24.69431028707624,60,271.2,10.397774932918196,285,0.29430028481297876
1089,mora,packing_C,T08,largo,9,G4,8.335279430839526,0.8153977527756162,0.897017590734872,False,452,461.15962697241275,-1.986216146575358,0.3751656985486355,24.69431028707624,60,271.2,10.397774932918196,286,0.22149731989076404
1089,mora,packing_C,T08,largo,9,G4,8.335279430839526,0.8153977527756162,0.897017590734872,False,452,461.15962697241275,-1.986216146575358,0.3751656985486355,24.69431028707624,60,271.2,10.397774932918196,287,0.25304545923783733
1089,mora,packing_C,T08,largo,9,G4,8.335279430839526,0.8153977527756162,0.897017590734872,False,452,461.15962697241275,-1.986216146575358,0.3751656985486355,24.69431028707624,60,271.2,10.397774932918196,288,0.13733484860222392
1089,mora,packing_C,T08,largo,9,G4,8.335279430839526,0.8153977527756162,0.897017590734872,False,452,461.15962697241275,-1.986216146575358,0.3751656985486355,24.69431028707624,60,271.2,10.397774932918196,289,0.024818753867153886
1089,mora,packing_C,T08,largo,9,G4,8.335279430839526,0.8153977527756162,0.897017590734872,False,452,461.15962697241275,-1.986216146575358,0.3751656985486355,24.69431028707624,60,271.2,10.397774932918196,290,-0.03875447206754088
1089,mora,packing_C,T08,largo,9,G4,8.335279430839526,0.8153977527756162,0.897017590734872,False,452,461.15962697241275,-1.986216146575358,0.3751656985486355,24.69431028707624,60,271.2,10.397774932918196,291,0.16214005669544362
1089,mora,packing_C,T08,largo,9,G4,8.335279430839526,0.8153977527756162,0.897017590734872,False,452,461.15962697241275,-1.986216146575358,0.3751656985486355,24.69431028707624,60,271.2,10.397774932918196,292,-0.041232411427229596
1089,mora,packing_C,T08,largo,9,G4,8.335279430839526,0.8153977527756162,0.897017590734872,False,452,461.15962697241275,-1.986216146575358,0.3751656985486355,24.69431028707624,60,271.2,10.397774932918196,293,-0.14296227417163038
1089,mora,packing_C,T08,largo,9,G4,8.335279430839526,0.8153977527756162,0.897017590734872,False,452,461.15962697241275,-1.986216146575358,0.3751656985486355,24.69431028707624,60,271.2,10.397774932918196,294,-0.2599472276524709
1089,mora,packing_C,T08,largo,9,G4,8.335279430839526,0.8153977527756162,0.897017590734872,False,452,461.15962697241275,-1.986216146575358,0.3751656985486355,24.69431028707624,60,271.2,10.397774932918196,295,-0.20292223217113725
1089,mora,packing_C,T08,largo,9,G4,8.335279430839526,0.8153977527756162,0.897017590734872,False,452,461.15962697241275,-1.986216146575358,0.3751656985486355,24.69431028707624,60,271.2,10.397774932918196,296,-0.06182561375115214
1089,mora,packing_C,T08,largo,9,G4,8.335279430839526,0.8153977527756162,0.897017590734872,False,452,461.15962697241275,-1.986216146575358,0.3751656985486355,24.69431028707624,60,271.2,10.397774932918196,297,0.19729627208122047
1089,mora,packing_C,T08,largo,9,G4,8.335279430839526,0.8153977527756162,0.897017590734872,False,452,461.15962697241275,-1.986216146575358,0.3751656985486355,24.69431028707624,60,271.2,10.397774932918196,298,0.2423480467522699
1089,mora,packing_C,T08,largo,9,G4,8.335279430839526,0.8153977527756162,0.897017590734872,False,452,461.15962697241275,-1.986216146575358,0.3751656985486355,24.69431028707624,60,271.2,10.397774932918196,299,0.17450257276833991
1089,mora,packing_C,T08,largo,9,G4,8.335279430839526,0.8153977527756162,0.897017590734872,False,452,461.15962697241275,-1.986216146575358,0.3751656985486355,24.69431028707624,60,271.2,10.397774932918196,300,0.5141856315971602
1089,mora,packing_C,T08,largo,9,G4,8.335279430839526,0.8153977527756162,0.897017590734872,False,452,461.15962697241275,-1.986216146575358,0.3751656985486355,24.69431028707624,60,271.2,10.397774932918196,301,0.5269072881192641
1089,mora,packing_C,T08,largo,9,G4,8.335279430839526,0.8153977527756162,0.897017590734872,False,452,461.15962697241275,-1.986216146575358,0.3751656985486355,24.69431028707624,60,271.2,10.397774932918196,302,0.4432948941857071
1089,mora,packing_C,T08,largo,9,G4,8.335279430839526,0.8153977527756162,0.897017590734872,False,452,461.15962697241275,-1.986216146575358,0.3751656985486355,24.69431028707624,60,271.2,10.397774932918196,303,0.6989735477293555
1089,mora,packing_C,T08,largo,9,G4,8.335279430839526,0.8153977527756162,0.897017590734872,False,452,461.15962697241275,-1.986216146575358,0.3751656985486355,24.69431028707624,60,271.2,10.397774932918196,304,0.6249950132343857
1089,mora,packing_C,T08,largo,9,G4,8.335279430839526,0.8153977527756162,0.897017590734872,False,452,461.15962697241275,-1.986216146575358,0.3751656985486355,24.69431028707624,60,271.2,10.397774932918196,305,0.8118621849688717
1089,mora,packing_C,T08,largo,9,G4,8.335279430839526,0.8153977527756162,0.897017590734872,False,452,461.15962697241275,-1.986216146575358,0.3751656985486355,24.69431028707624,60,271.2,10.397774932918196,306,0.9787752213624333
1089,mora,packing_C,T08,largo,9,G4,8.335279430839526,0.8153977527756162,0.897017590734872,False,452,461.15962697241275,-1.986216146575358,0.3751656985486355,24.69431028707624,60,271.2,10.397774932918196,307,0.8813353573022474
1089,mora,packing_C,T08,largo,9,G4,8.335279430839526,0.8153977527756162,0.897017590734872,False,452,461.15962697241275,-1.986216146575358,0.3751656985486355,24.69431028707624,60,271.2,10.397774932918196,308,0.9421928491105076
1089,mora,packing_C,T08,largo,9,G4,8.335279430839526,0.8153977527756162,0.897017590734872,False,452,461.15962697241275,-1.986216146575358,0.3751656985486355,24.69431028707624,60,271.2,10.397774932918196,309,0.9590164679746473
1089,mora,packing_C,T08,largo,9,G4,8.335279430839526,0.8153977527756162,0.897017590734872,False,452,461.15962697241275,-1.986216146575358,0.3751656985486355,24.69431028707624,60,271.2,10.397774932918196,310,0.8674861331474119
1089,mora,packing_C,T08,largo,9,G4,8.335279430839526,0.8153977527756162,0.897017590734872,False,452,461.15962697241275,-1.986216146575358,0.3751656985486355,24.69431028707624,60,271.2,10.397774932918196,311,0.7926192235500799
1089,mora,packing_C,T08,largo,9,G4,8.335279430839526,0.8153977527756162,0.897017590734872,False,452,461.15962697241275,-1.986216146575358,0.3751656985486355,24.69431028707624,60,271.2,10.397774932918196,312,0.7131388630784747
1089,mora,packing_C,T08,largo,9,G4,8.335279430839526,0.8153977527756162,0.897017590734872,False,452,461.15962697241275,-1.986216146575358,0.3751656985486355,24.69431028707624,60,271.2,10.397774932918196,313,0.7148068725567138
1089,mora,packing_C,T08,largo,9,G4,8.335279430839526,0.8153977527756162,0.897017590734872,False,452,461.15962697241275,-1.986216146575358,0.3751656985486355,24.69431028707624,60,271.2,10.397774932918196,314,0.4357478766948186
1089,mora,packing_C,T08,largo,9,G4,8.335279430839526,0.8153977527756162,0.897017590734872,False,452,461.15962697241275,-1.986216146575358,0.3751656985486355,24.69431028707624,60,271.2,10.397774932918196,315,0.4074089131650267
1089,mora,packing_C,T08,largo,9,G4,8.335279430839526,0.8153977527756162,0.897017590734872,False,452,461.15962697241275,-1.986216146575358,0.3751656985486355,24.69431028707624,60,271.2,10.397774932918196,316,0.3224757257239022
1089,mora,packing_C,T08,largo,9,G4,8.335279430839526,0.8153977527756162,0.897017590734872,False,452,461.15962697241275,-1.986216146575358,0.3751656985486355,24.69431028707624,60,271.2,10.397774932918196,317,0.2838341261297436
1089,mora,packing_C,T08,largo,9,G4,8.335279430839526,0.8153977527756162,0.897017590734872,False,452,461.15962697241275,-1.986216146575358,0.3751656985486355,24.69431028707624,60,271.2,10.397774932918196,318,0.08023522402225763
1089,mora,packing_C,T08,largo,9,G4,8.335279430839526,0.8153977527756162,0.897017590734872,False,452,461.15962697241275,-1.986216146575358,0.3751656985486355,24.69431028707624,60,271.2,10.397774932918196,319,-0.13745306378139302
1089,mora,packing_C,T08,largo,9,G4,8.335279430839526,0.8153977527756162,0.897017590734872,False,452,461.15962697241275,-1.986216146575358,0.3751656985486355,24.69431028707624,60,271.2,10.397774932918196,320,0.0030037510385419533
1089,mora,packing_C,T08,largo,9,G4,8.335279430839526,0.8153977527756162,0.897017590734872,False,452,461.15962697241275,-1.986216146575358,0.3751656985486355,24.69431028707624,60,271.2,10.397774932918196,321,-0.1600015215996577
1089,mora,packing_C,T08,largo,9,G4,8.335279430839526,0.8153977527756162,0.897017590734872,False,452,461.15962697241275,-1.986216146575358,0.3751656985486355,24.69431028707624,60,271.2,10.397774932918196,322,-0.07910129721496319
1089,mora,packing_C,T08,largo,9,G4,8.335279430839526,0.8153977527756162,0.897017590734872,False,452,461.15962697241275,-1.986216146575358,0.3751656985486355,24.69431028707624,60,271.2,10.397774932918196,323,-0.09202916692241833
1089,mora,packing_C,T08,largo,9,G4,8.335279430839526,0.8153977527756162,0.897017590734872,False,452,461.15962697241275,-1.986216146575358,0.3751656985486355,24.69431028707624,60,271.2,10.397774932918196,324,-0.16663358885655194
1089,mora,packing_C,T08,largo,9,G4,8.335279430839526,0.8153977527756162,0.897017590734872,False,452,461.15962697241275,-1.986216146575358,0.3751656985486355,24.69431028707624,60,271.2,10.397774932918196,325,-0.08024409407998596
1089,mora,packing_C,T08,largo,9,G4,8.335279430839526,0.8153977527756162,0.897017590734872,False,452,461.15962697241275,-1.986216146575358,0.3751656985486355,24.69431028707624,60,271.2,10.397774932918196,326,0.10789096811049637
1089,mora,packing_C,T08,largo,9,G4,8.335279430839526,0.8153977527756162,0.897017590734872,False,452,461.15962697241275,-1.986216146575358,0.3751656985486355,24.69431028707624,60,271.2,10.397774932918196,327,0.30919678288642116
1089,mora,packing_C,T08,largo,9,G4,8.335279430839526,0.8153977527756162,0.897017590734872,False,452,461.15962697241275,-1.986216146575358,0.3751656985486355,24.69431028707624,60,271.2,10.397774932918196,328,0.12024625472926202
1089,mora,packing_C,T08,largo,9,G4,8.335279430839526,0.8153977527756162,0.897017590734872,False,452,461.15962697241275,-1.986216146575358,0.3751656985486355,24.69431028707624,60,271.2,10.397774932918196,329,0.2812136480317698
1089,mora,packing_C,T08,largo,9,G4,8.335279430839526,0.8153977527756162,0.897017590734872,False,452,461.15962697241275,-1.986216146575358,0.3751656985486355,24.69431028707624,60,271.2,10.397774932918196,330,0.3489182678997497
1089,mora,packing_C,T08,largo,9,G4,8.335279430839526,0.8153977527756162,0.897017590734872,False,452,461.15962697241275,-1.986216146575358,0.3751656985486355,24.69431028707624,60,271.2,10.397774932918196,331,0.47260911314729076
1089,mora,packing_C,T08,largo,9,G4,8.335279430839526,0.8153977527756162,0.897017590734872,False,452,461.15962697241275,-1.986216146575358,0.3751656985486355,24.69431028707624,60,271.2,10.397774932918196,332,0.6329351963221947
1089,mora,packing_C,T08,largo,9,G4,8.335279430839526,0.8153977527756162,0.897017590734872,False,452,461.15962697241275,-1.986216146575358,0.3751656985486355,24.69431028707624,60,271.2,10.397774932918196,333,0.8137887608586933
1089,mora,packing_C,T08,largo,9,G4,8.335279430839526,0.8153977527756162,0.897017590734872,False,452,461.15962697241275,-1.986216146575358,0.3751656985486355,24.69431028707624,60,271.2,10.397774932918196,334,0.8970592044980742
1089,mora,packing_C,T08,largo,9,G4,8.335279430839526,0.8153977527756162,0.897017590734872,False,452,461.15962697241275,-1.986216146575358,0.3751656985486355,24.69431028707624,60,271.2,10.397774932918196,335,0.7588194223338673
1089,mora,packing_C,T08,largo,9,G4,8.335279430839526,0.8153977527756162,0.897017590734872,False,452,461.15962697241275,-1.986216146575358,0.3751656985486355,24.69431028707624,60,271.2,10.397774932918196,336,0.7749027482424026
1089,mora,packing_C,T08,largo,9,G4,8.335279430839526,0.8153977527756162,0.897017590734872,False,452,461.15962697241275,-1.986216146575358,0.3751656985486355,24.69431028707624,60,271.2,10.397774932918196,337,0.7831988936527163
1089,mora,packing_C,T08,largo,9,G4,8.335279430839526,0.8153977527756162,0.897017590734872,False,452,461.15962697241275,-1.986216146575358,0.3751656985486355,24.69431028707624,60,271.2,10.397774932918196,338,0.8724119411008507
1089,mora,packing_C,T08,largo,9,G4,8.335279430839526,0.8153977527756162,0.897017590734872,False,452,461.15962697241275,-1.986216146575358,0.3751656985486355,24.69431028707624,60,271.2,10.397774932918196,339,0.8307748570745537
1089,mora,packing_C,T08,largo,9,G4,8.335279430839526,0.8153977527756162,0.897017590734872,False,452,461.15962697241275,-1.986216146575358,0.3751656985486355,24.69431028707624,60,271.2,10.397774932918196,340,0.7837303974000361
1089,mora,packing_C,T08,largo,9,G4,8.335279430839526,0.8153977527756162,0.897017590734872,False,452,461.15962697241275,-1.986216146575358,0.3751656985486355,24.69431028707624,60,271.2,10.397774932918196,341,0.8791997194903103
1089,mora,packing_C,T08,largo,9,G4,8.335279430839526,0.8153977527756162,0.897017590734872,False,452,461.15962697241275,-1.986216146575358,0.3751656985486355,24.69431028707624,60,271.2,10.397774932918196,342,0.532984889961923
1089,mora,packing_C,T08,largo,9,G4,8.335279430839526,0.8153977527756162,0.897017590734872,False,452,461.15962697241275,-1.986216146575358,0.3751656985486355,24.69431028707624,60,271.2,10.397774932918196,343,0.604225380563163
1089,mora,packing_C,T08,largo,9,G4,8.335279430839526,0.8153977527756162,0.897017590734872,False,452,461.15962697241275,-1.986216146575358,0.3751656985486355,24.69431028707624,60,271.2,10.397774932918196,344,0.4915458756378675
1089,mora,packing_C,T08,largo,9,G4,8.335279430839526,0.8153977527756162,0.897017590734872,False,452,461.15962697241275,-1.986216146575358,0.3751656985486355,24.69431028707624,60,271.2,10.397774932918196,345,0.3149331799228868
1089,mora,packing_C,T08,largo,9,G4,8.335279430839526,0.8153977527756162,0.897017590734872,False,452,461.15962697241275,-1.986216146575358,0.3751656985486355,24.69431028707624,60,271.2,10.397774932918196,346,0.13688048365488795
1089,mora,packing_C,T08,largo,9,G4,8.335279430839526,0.8153977527756162,0.897017590734872,False,452,461.15962697241275,-1.986216146575358,0.3751656985486355,24.69431028707624,60,271.2,10.397774932918196,347,0.10716077674278866
1089,mora,packing_C,T08,largo,9,G4,8.335279430839526,0.8153977527756162,0.897017590734872,False,452,461.15962697241275,-1.986216146575358,0.3751656985486355,24.69431028707624,60,271.2,10.397774932918196,348,0.13930798058089863
1089,mora,packing_C,T08,largo,9,G4,8.335279430839526,0.8153977527756162,0.897017590734872,False,452,461.15962697241275,-1.986216146575358,0.3751656985486355,24.69431028707624,60,271.2,10.397774932918196,349,0.05002291812604929
1089,mora,packing_C,T08,largo,9,G4,8.335279430839526,0.8153977527756162,0.897017590734872,False,452,461.15962697241275,-1.986216146575358,0.3751656985486355,24.69431028707624,60,271.2,10.397774932918196,350,-0.14925408574877405
1089,mora,packing_C,T08,largo,9,G4,8.335279430839526,0.8153977527756162,0.897017590734872,False,452,461.15962697241275,-1.986216146575358,0.3751656985486355,24.69431028707624,60,271.2,10.397774932918196,351,-0.12738449860833373
1089,mora,packing_C,T08,largo,9,G4,8.335279430839526,0.8153977527756162,0.897017590734872,False,452,461.15962697241275,-1.986216146575358,0.3751656985486355,24.69431028707624,60,271.2,10.397774932918196,352,-0.01945781900776211
1089,mora,packing_C,T08,largo,9,G4,8.335279430839526,0.8153977527756162,0.897017590734872,False,452,461.15962697241275,-1.986216146575358,0.3751656985486355,24.69431028707624,60,271.2,10.397774932918196,353,-0.08204987999848737
1089,mora,packing_C,T08,largo,9,G4,8.335279430839526,0.8153977527756162,0.897017590734872,False,452,461.15962697241275,-1.986216146575358,0.3751656985486355,24.69431028707624,60,271.2,10.397774932918196,354,-0.049709385039162446
1089,mora,packing_C,T08,largo,9,G4,8.335279430839526,0.8153977527756162,0.897017590734872,False,452,461.15962697241275,-1.986216146575358,0.3751656985486355,24.69431028707624,60,271.2,10.397774932918196,355,-0.10768166885279026
1089,mora,packing_C,T08,largo,9,G4,8.335279430839526,0.8153977527756162,0.897017590734872,False,452,461.15962697241275,-1.986216146575358,0.3751656985486355,24.69431028707624,60,271.2,10.397774932918196,356,0.07106326565718293
1089,mora,packing_C,T08,largo,9,G4,8.335279430839526,0.8153977527756162,0.897017590734872,False,452,461.15962697241275,-1.986216146575358,0.3751656985486355,24.69431028707624,60,271.2,10.397774932918196,357,0.19202350978967123
1089,mora,packing_C,T08,largo,9,G4,8.335279430839526,0.8153977527756162,0.897017590734872,False,452,461.15962697241275,-1.986216146575358,0.3751656985486355,24.69431028707624,60,271.2,10.397774932918196,358,0.2340337808937204
1089,mora,packing_C,T08,largo,9,G4,8.335279430839526,0.8153977527756162,0.897017590734872,False,452,461.15962697241275,-1.986216146575358,0.3751656985486355,24.69431028707624,60,271.2,10.397774932918196,359,0.3380471045342868
1089,mora,packing_C,T08,largo,9,G4,8.335279430839526,0.8153977527756162,0.897017590734872,False,452,461.15962697241275,-1.986216146575358,0.3751656985486355,24.69431028707624,60,271.2,10.397774932918196,360,0.397836075405546
1089,mora,packing_C,T08,largo,9,G4,8.335279430839526,0.8153977527756162,0.897017590734872,False,452,461.15962697241275,-1.986216146575358,0.3751656985486355,24.69431028707624,60,271.2,10.397774932918196,361,0.45376234654950753
1089,mora,packing_C,T08,largo,9,G4,8.335279430839526,0.8153977527756162,0.897017590734872,False,452,461.15962697241275,-1.986216146575358,0.3751656985486355,24.69431028707624,60,271.2,10.397774932918196,362,0.6045019122050419
1089,mora,packing_C,T08,largo,9,G4,8.335279430839526,0.8153977527756162,0.897017590734872,False,452,461.15962697241275,-1.986216146575358,0.3751656985486355,24.69431028707624,60,271.2,10.397774932918196,363,0.6462914029176393
1089,mora,packing_C,T08,largo,9,G4,8.335279430839526,0.8153977527756162,0.897017590734872,False,452,461.15962697241275,-1.986216146575358,0.3751656985486355,24.69431028707624,60,271.2,10.397774932918196,364,0.6947411848625531
1089,mora,packing_C,T08,largo,9,G4,8.335279430839526,0.8153977527756162,0.897017590734872,False,452,461.15962697241275,-1.986216146575358,0.3751656985486355,24.69431028707624,60,271.2,10.397774932918196,365,0.7445317831948105
1089,mora,packing_C,T08,largo,9,G4,8.335279430839526,0.8153977527756162,0.897017590734872,False,452,461.15962697241275,-1.986216146575358,0.3751656985486355,24.69431028707624,60,271.2,10.397774932918196,366,0.7845894849730843
1089,mora,packing_C,T08,largo,9,G4,8.335279430839526,0.8153977527756162,0.897017590734872,False,452,461.15962697241275,-1.986216146575358,0.3751656985486355,24.69431028707624,60,271.2,10.397774932918196,367,1.078491763407735
1089,mora,packing_C,T08,largo,9,G4,8.335279430839526,0.8153977527756162,0.897017590734872,False,452,461.15962697241275,-1.986216146575358,0.3751656985486355,24.69431028707624,60,271.2,10.397774932918196,368,0.8486843237689545
1089,mora,packing_C,T08,largo,9,G4,8.335279430839526,0.8153977527756162,0.897017590734872,False,452,461.15962697241275,-1.986216146575358,0.3751656985486355,24.69431028707624,60,271.2,10.397774932918196,369,0.8531303803210374
1089,mora,packing_C,T08,largo,9,G4,8.335279430839526,0.8153977527756162,0.897017590734872,False,452,461.15962697241275,-1.986216146575358,0.3751656985486355,24.69431028707624,60,271.2,10.397774932918196,370,0.8037216590635683
1089,mora,packing_C,T08,largo,9,G4,8.335279430839526,0.8153977527756162,0.897017590734872,False,452,461.15962697241275,-1.986216146575358,0.3751656985486355,24.69431028707624,60,271.2,10.397774932918196,371,0.7072843130969431
1089,mora,packing_C,T08,largo,9,G4,8.335279430839526,0.8153977527756162,0.897017590734872,False,452,461.15962697241275,-1.986216146575358,0.3751656985486355,24.69431028707624,60,271.2,10.397774932918196,372,0.6717692523860245
1089,mora,packing_C,T08,largo,9,G4,8.335279430839526,0.8153977527756162,0.897017590734872,False,452,461.15962697241275,-1.986216146575358,0.3751656985486355,24.69431028707624,60,271.2,10.397774932918196,373,0.6027559735206688
1089,mora,packing_C,T08,largo,9,G4,8.335279430839526,0.8153977527756162,0.897017590734872,False,452,461.15962697241275,-1.986216146575358,0.3751656985486355,24.69431028707624,60,271.2,10.397774932918196,374,0.40212894808201927
1089,mora,packing_C,T08,largo,9,G4,8.335279430839526,0.8153977527756162,0.897017590734872,False,452,461.15962697241275,-1.986216146575358,0.3751656985486355,24.69431028707624,60,271.2,10.397774932918196,375,0.1986213930674004
1089,mora,packing_C,T08,largo,9,G4,8.335279430839526,0.8153977527756162,0.897017590734872,False,452,461.15962697241275,-1.986216146575358,0.3751656985486355,24.69431028707624,60,271.2,10.397774932918196,376,0.28355850515296005
1089,mora,packing_C,T08,largo,9,G4,8.335279430839526,0.8153977527756162,0.897017590734872,False,452,461.15962697241275,-1.986216146575358,0.3751656985486355,24.69431028707624,60,271.2,10.397774932918196,377,0.07648998902897036
1089,mora,packing_C,T08,largo,9,G4,8.335279430839526,0.8153977527756162,0.897017590734872,False,452,461.15962697241275,-1.986216146575358,0.3751656985486355,24.69431028707624,60,271.2,10.397774932918196,378,0.12934308682561033
1089,mora,packing_C,T08,largo,9,G4,8.335279430839526,0.8153977527756162,0.897017590734872,False,452,461.15962697241275,-1.986216146575358,0.3751656985486355,24.69431028707624,60,271.2,10.397774932918196,379,0.04137963958583936
1089,mora,packing_C,T08,largo,9,G4,8.335279430839526,0.8153977527756162,0.897017590734872,False,452,461.15962697241275,-1.986216146575358,0.3751656985486355,24.69431028707624,60,271.2,10.397774932918196,380,-0.048799754426087534
1089,mora,packing_C,T08,largo,9,G4,8.335279430839526,0.8153977527756162,0.897017590734872,False,452,461.15962697241275,-1.986216146575358,0.3751656985486355,24.69431028707624,60,271.2,10.397774932918196,381,0.1159649511923713
1089,mora,packing_C,T08,largo,9,G4,8.335279430839526,0.8153977527756162,0.897017590734872,False,452,461.15962697241275,-1.986216146575358,0.3751656985486355,24.69431028707624,60,271.2,10.397774932918196,382,-0.2363039546477386
1089,mora,packing_C,T08,largo,9,G4,8.335279430839526,0.8153977527756162,0.897017590734872,False,452,461.15962697241275,-1.986216146575358,0.3751656985486355,24.69431028707624,60,271.2,10.397774932918196,383,0.055108776992215946
1089,mora,packing_C,T08,largo,9,G4,8.335279430839526,0.8153977527756162,0.897017590734872,False,452,461.15962697241275,-1.986216146575358,0.3751656985486355,24.69431028707624,60,271.2,10.397774932918196,384,-0.08234410283901289
1089,mora,packing_C,T08,largo,9,G4,8.335279430839526,0.8153977527756162,0.897017590734872,False,452,461.15962697241275,-1.986216146575358,0.3751656985486355,24.69431028707624,60,271.2,10.397774932918196,385,-0.3190829832352086
1089,mora,packing_C,T08,largo,9,G4,8.335279430839526,0.8153977527756162,0.897017590734872,False,452,461.15962697241275,-1.986216146575358,0.3751656985486355,24.69431028707624,60,271.2,10.397774932918196,386,0.058302392836951544
1089,mora,packing_C,T08,largo,9,G4,8.335279430839526,0.8153977527756162,0.897017590734872,False,452,461.15962697241275,-1.986216146575358,0.3751656985486355,24.69431028707624,60,271.2,10.397774932918196,387,0.1321880900986996
1089,mora,packing_C,T08,largo,9,G4,8.335279430839526,0.8153977527756162,0.897017590734872,False,452,461.15962697241275,-1.986216146575358,0.3751656985486355,24.69431028707624,60,271.2,10.397774932918196,388,0.21197790147059092
1089,mora,packing_C,T08,largo,9,G4,8.335279430839526,0.8153977527756162,0.897017590734872,False,452,461.15962697241275,-1.986216146575358,0.3751656985486355,24.69431028707624,60,271.2,10.397774932918196,389,0.3812771116923436
1089,mora,packing_C,T08,largo,9,G4,8.335279430839526,0.8153977527756162,0.897017590734872,False,452,461.15962697241275,-1.986216146575358,0.3751656985486355,24.69431028707624,60,271.2,10.397774932918196,390,0.5909580734785381
1089,mora,packing_C,T08,largo,9,G4,8.335279430839526,0.8153977527756162,0.897017590734872,False,452,461.15962697241275,-1.986216146575358,0.3751656985486355,24.69431028707624,60,271.2,10.397774932918196,391,0.49085196063649406
1089,mora,packing_C,T08,largo,9,G4,8.335279430839526,0.8153977527756162,0.897017590734872,False,452,461.15962697241275,-1.986216146575358,0.3751656985486355,24.69431028707624,60,271.2,10.397774932918196,392,0.4632846919254858
1089,mora,packing_C,T08,largo,9,G4,8.335279430839526,0.8153977527756162,0.897017590734872,False,452,461.15962697241275,-1.986216146575358,0.3751656985486355,24.69431028707624,60,271.2,10.397774932918196,393,0.4541288098675251
1089,mora,packing_C,T08,largo,9,G4,8.335279430839526,0.8153977527756162,0.897017590734872,False,452,461.15962697241275,-1.986216146575358,0.3751656985486355,24.69431028707624,60,271.2,10.397774932918196,394,0.7893470547302985
1089,mora,packing_C,T08,largo,9,G4,8.335279430839526,0.8153977527756162,0.897017590734872,False,452,461.15962697241275,-1.986216146575358,0.3751656985486355,24.69431028707624,60,271.2,10.397774932918196,395,0.7867888607229164
1089,mora,packing_C,T08,largo,9,G4,8.335279430839526,0.8153977527756162,0.897017590734872,False,452,461.15962697241275,-1.986216146575358,0.3751656985486355,24.69431028707624,60,271.2,10.397774932918196,396,0.9458933744017753
1089,mora,packing_C,T08,largo,9,G4,8.335279430839526,0.8153977527756162,0.897017590734872,False,452,461.15962697241275,-1.986216146575358,0.3751656985486355,24.69431028707624,60,271.2,10.397774932918196,397,0.9109093791401334
1089,mora,packing_C,T08,largo,9,G4,8.335279430839526,0.8153977527756162,0.897017590734872,False,452,461.15962697241275,-1.986216146575358,0.3751656985486355,24.69431028707624,60,271.2,10.397774932918196,398,0.8502930704650636
1089,mora,packing_C,T08,largo,9,G4,8.335279430839526,0.8153977527756162,0.897017590734872,False,452,461.15962697241275,-1.986216146575358,0.3751656985486355,24.69431028707624,60,271.2,10.397774932918196,399,0.8249466361293162
1089,mora,packing_C,T08,largo,9,G4,8.335279430839526,0.8153977527756162,0.897017590734872,False,452,461.15962697241275,-1.986216146575358,0.3751656985486355,24.69431028707624,60,271.2,10.397774932918196,400,0.9334838568018797
1089,mora,packing_C,T08,largo,9,G4,8.335279430839526,0.8153977527756162,0.897017590734872,False,452,461.15962697241275,-1.986216146575358,0.3751656985486355,24.69431028707624,60,271.2,10.397774932918196,401,0.6480999050037398
1089,mora,packing_C,T08,largo,9,G4,8.335279430839526,0.8153977527756162,0.897017590734872,False,452,461.15962697241275,-1.986216146575358,0.3751656985486355,24.69431028707624,60,271.2,10.397774932918196,402,0.5304306478947359
1089,mora,packing_C,T08,largo,9,G4,8.335279430839526,0.8153977527756162,0.897017590734872,False,452,461.15962697241275,-1.986216146575358,0.3751656985486355,24.69431028707624,60,271.2,10.397774932918196,403,0.5387952501424527
1089,mora,packing_C,T08,largo,9,G4,8.335279430839526,0.8153977527756162,0.897017590734872,False,452,461.15962697241275,-1.986216146575358,0.3751656985486355,24.69431028707624,60,271.2,10.397774932918196,404,0.591378667418655
1089,mora,packing_C,T08,largo,9,G4,8.335279430839526,0.8153977527756162,0.897017590734872,False,452,461.15962697241275,-1.986216146575358,0.3751656985486355,24.69431028707624,60,271.2,10.397774932918196,405,0.26929050227452467
1089,mora,packing_C,T08,largo,9,G4,8.335279430839526,0.8153977527756162,0.897017590734872,False,452,461.15962697241275,-1.986216146575358,0.3751656985486355,24.69431028707624,60,271.2,10.397774932918196,406,0.3342595059056557
1089,mora,packing_C,T08,largo,9,G4,8.335279430839526,0.8153977527756162,0.897017590734872,False,452,461.15962697241275,-1.986216146575358,0.3751656985486355,24.69431028707624,60,271.2,10.397774932918196,407,-0.1123500580505098
1089,mora,packing_C,T08,largo,9,G4,8.335279430839526,0.8153977527756162,0.897017590734872,False,452,461.15962697241275,-1.986216146575358,0.3751656985486355,24.69431028707624,60,271.2,10.397774932918196,408,-0.013146378760012054
1089,mora,packing_C,T08,largo,9,G4,8.335279430839526,0.8153977527756162,0.897017590734872,False,452,461.15962697241275,-1.986216146575358,0.3751656985486355,24.69431028707624,60,271.2,10.397774932918196,409,-0.07001690200660143
1089,mora,packing_C,T08,largo,9,G4,8.335279430839526,0.8153977527756162,0.897017590734872,False,452,461.15962697241275,-1.986216146575358,0.3751656985486355,24.69431028707624,60,271.2,10.397774932918196,410,0.11973636679782895
1089,mora,packing_C,T08,largo,9,G4,8.335279430839526,0.8153977527756162,0.897017590734872,False,452,461.15962697241275,-1.986216146575358,0.3751656985486355,24.69431028707624,60,271.2,10.397774932918196,411,0.022404833772889043
1089,mora,packing_C,T08,largo,9,G4,8.335279430839526,0.8153977527756162,0.897017590734872,False,452,461.15962697241275,-1.986216146575358,0.3751656985486355,24.69431028707624,60,271.2,10.397774932918196,412,-0.2335154659434609
1089,mora,packing_C,T08,largo,9,G4,8.335279430839526,0.8153977527756162,0.897017590734872,False,452,461.15962697241275,-1.986216146575358,0.3751656985486355,24.69431028707624,60,271.2,10.397774932918196,413,-0.10890830533795848
1089,mora,packing_C,T08,largo,9,G4,8.335279430839526,0.8153977527756162,0.897017590734872,False,452,461.15962697241275,-1.986216146575358,0.3751656985486355,24.69431028707624,60,271.2,10.397774932918196,414,-0.11137438831649667
1089,mora,packing_C,T08,largo,9,G4,8.335279430839526,0.8153977527756162,0.897017590734872,False,452,461.15962697241275,-1.986216146575358,0.3751656985486355,24.69431028707624,60,271.2,10.397774932918196,415,-0.12352436132844663
1089,mora,packing_C,T08,largo,9,G4,8.335279430839526,0.8153977527756162,0.897017590734872,False,452,461.15962697241275,-1.986216146575358,0.3751656985486355,24.69431028707624,60,271.2,10.397774932918196,416,0.13108436068860546
1089,mora,packing_C,T08,largo,9,G4,8.335279430839526,0.8153977527756162,0.897017590734872,False,452,461.15962697241275,-1.986216146575358,0.3751656985486355,24.69431028707624,60,271.2,10.397774932918196,417,0.25056892581128265
1089,mora,packing_C,T08,largo,9,G4,8.335279430839526,0.8153977527756162,0.897017590734872,False,452,461.15962697241275,-1.986216146575358,0.3751656985486355,24.69431028707624,60,271.2,10.397774932918196,418,0.11111290552068566
1089,mora,packing_C,T08,largo,9,G4,8.335279430839526,0.8153977527756162,0.897017590734872,False,452,461.15962697241275,-1.986216146575358,0.3751656985486355,24.69431028707624,60,271.2,10.397774932918196,419,0.34812365654170635
1089,mora,packing_C,T08,largo,9,G4,8.335279430839526,0.8153977527756162,0.897017590734872,False,452,461.15962697241275,-1.986216146575358,0.3751656985486355,24.69431028707624,60,271.2,10.397774932918196,420,0.4701122395611513
1089,mora,packing_C,T08,largo,9,G4,8.335279430839526,0.8153977527756162,0.897017590734872,False,452,461.15962697241275,-1.986216146575358,0.3751656985486355,24.69431028707624,60,271.2,10.397774932918196,421,0.5059658868144048
1089,mora,packing_C,T08,largo,9,G4,8.335279430839526,0.8153977527756162,0.897017590734872,False,452,461.15962697241275,-1.986216146575358,0.3751656985486355,24.69431028707624,60,271.2,10.397774932918196,422,0.4835328405355232
1089,mora,packing_C,T08,largo,9,G4,8.335279430839526,0.8153977527756162,0.897017590734872,False,452,461.15962697241275,-1.986216146575358,0.3751656985486355,24.69431028707624,60,271.2,10.397774932918196,423,0.646552839655805
1089,mora,packing_C,T08,largo,9,G4,8.335279430839526,0.8153977527756162,0.897017590734872,False,452,461.15962697241275,-1.986216146575358,0.3751656985486355,24.69431028707624,60,271.2,10.397774932918196,424,0.8164494195538663
1089,mora,packing_C,T08,largo,9,G4,8.335279430839526,0.8153977527756162,0.897017590734872,False,452,461.15962697241275,-1.986216146575358,0.3751656985486355,24.69431028707624,60,271.2,10.397774932918196,425,0.771072942917445
1089,mora,packing_C,T08,largo,9,G4,8.335279430839526,0.8153977527756162,0.897017590734872,False,452,461.15962697241275,-1.986216146575358,0.3751656985486355,24.69431028707624,60,271.2,10.397774932918196,426,0.9045330022618617
1089,mora,packing_C,T08,largo,9,G4,8.335279430839526,0.8153977527756162,0.897017590734872,False,452,461.15962697241275,-1.986216146575358,0.3751656985486355,24.69431028707624,60,271.2,10.397774932918196,427,0.9056254642482221
1089,mora,packing_C,T08,largo,9,G4,8.335279430839526,0.8153977527756162,0.897017590734872,False,452,461.15962697241275,-1.986216146575358,0.3751656985486355,24.69431028707624,60,271.2,10.397774932918196,428,0.6299237340561392
1089,mora,packing_C,T08,largo,9,G4,8.335279430839526,0.8153977527756162,0.897017590734872,False,452,461.15962697241275,-1.986216146575358,0.3751656985486355,24.69431028707624,60,271.2,10.397774932918196,429,0.8884895894248638
1089,mora,packing_C,T08,largo,9,G4,8.335279430839526,0.8153977527756162,0.897017590734872,False,452,461.15962697241275,-1.986216146575358,0.3751656985486355,24.69431028707624,60,271.2,10.397774932918196,430,0.843906790362371
1089,mora,packing_C,T08,largo,9,G4,8.335279430839526,0.8153977527756162,0.897017590734872,False,452,461.15962697241275,-1.986216146575358,0.3751656985486355,24.69431028707624,60,271.2,10.397774932918196,431,0.6611495618790183
1089,mora,packing_C,T08,largo,9,G4,8.335279430839526,0.8153977527756162,0.897017590734872,False,452,461.15962697241275,-1.986216146575358,0.3751656985486355,24.69431028707624,60,271.2,10.397774932918196,432,0.6689717791973318
1089,mora,packing_C,T08,largo,9,G4,8.335279430839526,0.8153977527756162,0.897017590734872,False,452,461.15962697241275,-1.986216146575358,0.3751656985486355,24.69431028707624,60,271.2,10.397774932918196,433,0.39322163066420646
1089,mora,packing_C,T08,largo,9,G4,8.335279430839526,0.8153977527756162,0.897017590734872,False,452,461.15962697241275,-1.986216146575358,0.3751656985486355,24.69431028707624,60,271.2,10.397774932918196,434,0.3380473929141311
1089,mora,packing_C,T08,largo,9,G4,8.335279430839526,0.8153977527756162,0.897017590734872,False,452,461.15962697241275,-1.986216146575358,0.3751656985486355,24.69431028707624,60,271.2,10.397774932918196,435,0.46393019713675343
1089,mora,packing_C,T08,largo,9,G4,8.335279430839526,0.8153977527756162,0.897017590734872,False,452,461.15962697241275,-1.986216146575358,0.3751656985486355,24.69431028707624,60,271.2,10.397774932918196,436,0.3355965320950125
1089,mora,packing_C,T08,largo,9,G4,8.335279430839526,0.8153977527756162,0.897017590734872,False,452,461.15962697241275,-1.986216146575358,0.3751656985486355,24.69431028707624,60,271.2,10.397774932918196,437,0.07025440945357897
1089,mora,packing_C,T08,largo,9,G4,8.335279430839526,0.8153977527756162,0.897017590734872,False,452,461.15962697241275,-1.986216146575358,0.3751656985486355,24.69431028707624,60,271.2,10.397774932918196,438,0.07242630722571737
1089,mora,packing_C,T08,largo,9,G4,8.335279430839526,0.8153977527756162,0.897017590734872,False,452,461.15962697241275,-1.986216146575358,0.3751656985486355,24.69431028707624,60,271.2,10.397774932918196,439,-0.05820768424270334
1089,mora,packing_C,T08,largo,9,G4,8.335279430839526,0.8153977527756162,0.897017590734872,False,452,461.15962697241275,-1.986216146575358,0.3751656985486355,24.69431028707624,60,271.2,10.397774932918196,440,0.04195182822432189
1089,mora,packing_C,T08,largo,9,G4,8.335279430839526,0.8153977527756162,0.897017590734872,False,452,461.15962697241275,-1.986216146575358,0.3751656985486355,24.69431028707624,60,271.2,10.397774932918196,441,-0.26503228635510806
1089,mora,packing_C,T08,largo,9,G4,8.335279430839526,0.8153977527756162,0.897017590734872,False,452,461.15962697241275,-1.986216146575358,0.3751656985486355,24.69431028707624,60,271.2,10.397774932918196,442,-0.010455044094003774
1089,mora,packing_C,T08,largo,9,G4,8.335279430839526,0.8153977527756162,0.897017590734872,False,452,461.15962697241275,-1.986216146575358,0.3751656985486355,24.69431028707624,60,271.2,10.397774932918196,443,-0.18920437382555128
1089,mora,packing_C,T08,largo,9,G4,8.335279430839526,0.8153977527756162,0.897017590734872,False,452,461.15962697241275,-1.986216146575358,0.3751656985486355,24.69431028707624,60,271.2,10.397774932918196,444,-0.09329320401238886
1089,mora,packing_C,T08,largo,9,G4,8.335279430839526,0.8153977527756162,0.897017590734872,False,452,461.15962697241275,-1.986216146575358,0.3751656985486355,24.69431028707624,60,271.2,10.397774932918196,445,-0.04839610645502047
1089,mora,packing_C,T08,largo,9,G4,8.335279430839526,0.8153977527756162,0.897017590734872,False,452,461.15962697241275,-1.986216146575358,0.3751656985486355,24.69431028707624,60,271.2,10.397774932918196,446,0.10760031783507779
1089,mora,packing_C,T08,largo,9,G4,8.335279430839526,0.8153977527756162,0.897017590734872,False,452,461.15962697241275,-1.986216146575358,0.3751656985486355,24.69431028707624,60,271.2,10.397774932918196,447,0.0756200910447928
1089,mora,packing_C,T08,largo,9,G4,8.335279430839526,0.8153977527756162,0.897017590734872,False,452,461.15962697241275,-1.986216146575358,0.3751656985486355,24.69431028707624,60,271.2,10.397774932918196,448,0.15461147659386687
1089,mora,packing_C,T08,largo,9,G4,8.335279430839526,0.8153977527756162,0.897017590734872,False,452,461.15962697241275,-1.986216146575358,0.3751656985486355,24.69431028707624,60,271.2,10.397774932918196,449,0.19009205031125795
1089,mora,packing_C,T08,largo,9,G4,8.335279430839526,0.8153977527756162,0.897017590734872,False,452,461.15962697241275,-1.986216146575358,0.3751656985486355,24.69431028707624,60,271.2,10.397774932918196,450,0.39893163920867064
1089,mora,packing_C,T08,largo,9,G4,8.335279430839526,0.8153977527756162,0.897017590734872,False,452,461.15962697241275,-1.986216146575358,0.3751656985486355,24.69431028707624,60,271.2,10.397774932918196,451,0.47101404247695783
