proceso_id,epoca,packing,tunel,tipo_tunel,iteracion,mass_group,masa_ton,ocupabilidad,caudal_factor,anomalia_duracion,duracion_min,duracion_esperada_min,delta_duracion_pct,setpoint,T0,pct_transitorio,t_trans_min,overshoot_pct,tiempo_min,temperatura
1930,uva,packing_B,T09,largo,10,G2,3.973135995047141,0.7828579270329843,1.0581475498484132,True,490,307.24166648024686,59.48357708556532,-0.3524719958372732,24.518377049961995,60,294.0,11.445159103316767,0,24.452415013575965
1930,uva,packing_B,T09,largo,10,G2,3.973135995047141,0.7828579270329843,1.0581475498484132,True,490,307.24166648024686,59.48357708556532,-0.3524719958372732,24.518377049961995,60,294.0,11.445159103316767,1,24.214419721789042
1930,uva,packing_B,T09,largo,10,G2,3.973135995047141,0.7828579270329843,1.0581475498484132,True,490,307.24166648024686,59.48357708556532,-0.3524719958372732,24.518377049961995,60,294.0,11.445159103316767,2,24.063934345409557
1930,uva,packing_B,T09,largo,10,G2,3.973135995047141,0.7828579270329843,1.0581475498484132,True,490,307.24166648024686,59.48357708556532,-0.3524719958372732,24.518377049961995,60,294.0,11.445159103316767,3,23.754196418767254
1930,uva,packing_B,T09,largo,10,G2,3.973135995047141,0.7828579270329843,1.0581475498484132,True,490,307.24166648024686,59.48357708556532,-0.3524719958372732,24.518377049961995,60,294.0,11.445159103316767,4,23.516689871959095
1930,uva,packing_B,T09,largo,10,G2,3.973135995047141,0.7828579270329843,1.0581475498484132,True,490,307.24166648024686,59.48357708556532,-0.3524719958372732,24.518377049961995,60,294.0,11.445159103316767,5,23.49715551352954
1930,uva,packing_B,T09,largo,10,G2,3.973135995047141,0.7828579270329843,1.0581475498484132,True,490,307.24166648024686,59.48357708556532,-0.3524719958372732,24.518377049961995,60,294.0,11.445159103316767,6,23.03065679391554
1930,uva,packing_B,T09,largo,10,G2,3.973135995047141,0.7828579270329843,1.0581475498484132,True,490,307.24166648024686,59.48357708556532,-0.3524719958372732,24.518377049961995,60,294.0,11.445159103316767,7,22.9032520133577
1930,uva,packing_B,T09,largo,10,G2,3.973135995047141,0.7828579270329843,1.0581475498484132,True,490,307.24166648024686,59.48357708556532,-0.3524719958372732,24.518377049961995,60,294.0,11.445159103316767,8,22.636113414531536
1930,uva,packing_B,T09,largo,10,G2,3.973135995047141,0.7828579270329843,1.0581475498484132,True,490,307.24166648024686,59.48357708556532,-0.3524719958372732,24.518377049961995,60,294.0,11.445159103316767,9,22.64004795124474
1930,uva,packing_B,T09,largo,10,G2,3.973135995047141,0.7828579270329843,1.0581475498484132,True,490,307.24166648024686,59.48357708556532,-0.3524719958372732,24.518377049961995,60,294.0,11.445159103316767,10,22.042803301304367
1930,uva,packing_B,T09,largo,10,G2,3.973135995047141,0.7828579270329843,1.0581475498484132,True,490,307.24166648024686,59.48357708556532,-0.3524719958372732,24.518377049961995,60,294.0,11.445159103316767,11,21.89150774858997
1930,uva,packing_B,T09,largo,10,G2,3.973135995047141,0.7828579270329843,1.0581475498484132,True,490,307.24166648024686,59.48357708556532,-0.3524719958372732,24.518377049961995,60,294.0,11.445159103316767,12,21.724139733556626
1930,uva,packing_B,T09,largo,10,G2,3.973135995047141,0.7828579270329843,1.0581475498484132,True,490,307.24166648024686,59.48357708556532,-0.3524719958372732,24.518377049961995,60,294.0,11.445159103316767,13,21.36061839832705
1930,uva,packing_B,T09,largo,10,G2,3.973135995047141,0.7828579270329843,1.0581475498484132,True,490,307.24166648024686,59.48357708556532,-0.3524719958372732,24.518377049961995,60,294.0,11.445159103316767,14,21.02835843338802
1930,uva,packing_B,T09,largo,10,G2,3.973135995047141,0.7828579270329843,1.0581475498484132,True,490,307.24166648024686,59.48357708556532,-0.3524719958372732,24.518377049961995,60,294.0,11.445159103316767,15,20.90107526445439
1930,uva,packing_B,T09,largo,10,G2,3.973135995047141,0.7828579270329843,1.0581475498484132,True,490,307.24166648024686,59.48357708556532,-0.3524719958372732,24.518377049961995,60,294.0,11.445159103316767,16,20.717414719405777
1930,uva,packing_B,T09,largo,10,G2,3.973135995047141,0.7828579270329843,1.0581475498484132,True,490,307.24166648024686,59.48357708556532,-0.3524719958372732,24.518377049961995,60,294.0,11.445159103316767,17,20.473821675977348
1930,uva,packing_B,T09,largo,10,G2,3.973135995047141,0.7828579270329843,1.0581475498484132,True,490,307.24166648024686,59.48357708556532,-0.3524719958372732,24.518377049961995,60,294.0,11.445159103316767,18,20.02213493425507
1930,uva,packing_B,T09,largo,10,G2,3.973135995047141,0.7828579270329843,1.0581475498484132,True,490,307.24166648024686,59.48357708556532,-0.3524719958372732,24.518377049961995,60,294.0,11.445159103316767,19,19.792163158442627
1930,uva,packing_B,T09,largo,10,G2,3.973135995047141,0.7828579270329843,1.0581475498484132,True,490,307.24166648024686,59.48357708556532,-0.3524719958372732,24.518377049961995,60,294.0,11.445159103316767,20,19.77299698203362
1930,uva,packing_B,T09,largo,10,G2,3.973135995047141,0.7828579270329843,1.0581475498484132,True,490,307.24166648024686,59.48357708556532,-0.3524719958372732,24.518377049961995,60,294.0,11.445159103316767,21,19.193258418581753
1930,uva,packing_B,T09,largo,10,G2,3.973135995047141,0.7828579270329843,1.0581475498484132,True,490,307.24166648024686,59.48357708556532,-0.3524719958372732,24.518377049961995,60,294.0,11.445159103316767,22,19.098810335240024
1930,uva,packing_B,T09,largo,10,G2,3.973135995047141,0.7828579270329843,1.0581475498484132,True,490,307.24166648024686,59.48357708556532,-0.3524719958372732,24.518377049961995,60,294.0,11.445159103316767,23,18.836342752366463
1930,uva,packing_B,T09,largo,10,G2,3.973135995047141,0.7828579270329843,1.0581475498484132,True,490,307.24166648024686,59.48357708556532,-0.3524719958372732,24.518377049961995,60,294.0,11.445159103316767,24,18.47000653422436
1930,uva,packing_B,T09,largo,10,G2,3.973135995047141,0.7828579270329843,1.0581475498484132,True,490,307.24166648024686,59.48357708556532,-0.3524719958372732,24.518377049961995,60,294.0,11.445159103316767,25,18.424346068865404
1930,uva,packing_B,T09,largo,10,G2,3.973135995047141,0.7828579270329843,1.0581475498484132,True,490,307.24166648024686,59.48357708556532,-0.3524719958372732,24.518377049961995,60,294.0,11.445159103316767,26,17.840477312612716
1930,uva,packing_B,T09,largo,10,G2,3.973135995047141,0.7828579270329843,1.0581475498484132,True,490,307.24166648024686,59.48357708556532,-0.3524719958372732,24.518377049961995,60,294.0,11.445159103316767,27,17.439182059712213
1930,uva,packing_B,T09,largo,10,G2,3.973135995047141,0.7828579270329843,1.0581475498484132,True,490,307.24166648024686,59.48357708556532,-0.3524719958372732,24.518377049961995,60,294.0,11.445159103316767,28,17.303782636932347
1930,uva,packing_B,T09,largo,10,G2,3.973135995047141,0.7828579270329843,1.0581475498484132,True,490,307.24166648024686,59.48357708556532,-0.3524719958372732,24.518377049961995,60,294.0,11.445159103316767,29,16.91873899553744
1930,uva,packing_B,T09,largo,10,G2,3.973135995047141,0.7828579270329843,1.0581475498484132,True,490,307.24166648024686,59.48357708556532,-0.3524719958372732,24.518377049961995,60,294.0,11.445159103316767,30,16.533480008277195
1930,uva,packing_B,T09,largo,10,G2,3.973135995047141,0.7828579270329843,1.0581475498484132,True,490,307.24166648024686,59.48357708556532,-0.3524719958372732,24.518377049961995,60,294.0,11.445159103316767,31,16.299319026054842
1930,uva,packing_B,T09,largo,10,G2,3.973135995047141,0.7828579270329843,1.0581475498484132,True,490,307.24166648024686,59.48357708556532,-0.3524719958372732,24.518377049961995,60,294.0,11.445159103316767,32,16.149668454645923
1930,uva,packing_B,T09,largo,10,G2,3.973135995047141,0.7828579270329843,1.0581475498484132,True,490,307.24166648024686,59.48357708556532,-0.3524719958372732,24.518377049961995,60,294.0,11.445159103316767,33,15.882784388093832
1930,uva,packing_B,T09,largo,10,G2,3.973135995047141,0.7828579270329843,1.0581475498484132,True,490,307.24166648024686,59.48357708556532,-0.3524719958372732,24.518377049961995,60,294.0,11.445159103316767,34,15.497113684888692
1930,uva,packing_B,T09,largo,10,G2,3.973135995047141,0.7828579270329843,1.0581475498484132,True,490,307.24166648024686,59.48357708556532,-0.3524719958372732,24.518377049961995,60,294.0,11.445159103316767,35,15.313164347363777
1930,uva,packing_B,T09,largo,10,G2,3.973135995047141,0.7828579270329843,1.0581475498484132,True,490,307.24166648024686,59.48357708556532,-0.3524719958372732,24.518377049961995,60,294.0,11.445159103316767,36,14.882556400375725
1930,uva,packing_B,T09,largo,10,G2,3.973135995047141,0.7828579270329843,1.0581475498484132,True,490,307.24166648024686,59.48357708556532,-0.3524719958372732,24.518377049961995,60,294.0,11.445159103316767,37,14.77606935032909
1930,uva,packing_B,T09,largo,10,G2,3.973135995047141,0.7828579270329843,1.0581475498484132,True,490,307.24166648024686,59.48357708556532,-0.3524719958372732,24.518377049961995,60,294.0,11.445159103316767,38,14.338022636456103
1930,uva,packing_B,T09,largo,10,G2,3.973135995047141,0.7828579270329843,1.0581475498484132,True,490,307.24166648024686,59.48357708556532,-0.3524719958372732,24.518377049961995,60,294.0,11.445159103316767,39,13.971616892039041
1930,uva,packing_B,T09,largo,10,G2,3.973135995047141,0.7828579270329843,1.0581475498484132,True,490,307.24166648024686,59.48357708556532,-0.3524719958372732,24.518377049961995,60,294.0,11.445159103316767,40,13.71754027581475
1930,uva,packing_B,T09,largo,10,G2,3.973135995047141,0.7828579270329843,1.0581475498484132,True,490,307.24166648024686,59.48357708556532,-0.3524719958372732,24.518377049961995,60,294.0,11.445159103316767,41,13.631206918937204
1930,uva,packing_B,T09,largo,10,G2,3.973135995047141,0.7828579270329843,1.0581475498484132,True,490,307.24166648024686,59.48357708556532,-0.3524719958372732,24.518377049961995,60,294.0,11.445159103316767,42,13.121325864725529
1930,uva,packing_B,T09,largo,10,G2,3.973135995047141,0.7828579270329843,1.0581475498484132,True,490,307.24166648024686,59.48357708556532,-0.3524719958372732,24.518377049961995,60,294.0,11.445159103316767,43,12.906334405208574
1930,uva,packing_B,T09,largo,10,G2,3.973135995047141,0.7828579270329843,1.0581475498484132,True,490,307.24166648024686,59.48357708556532,-0.3524719958372732,24.518377049961995,60,294.0,11.445159103316767,44,12.51142403155903
1930,uva,packing_B,T09,largo,10,G2,3.973135995047141,0.7828579270329843,1.0581475498484132,True,490,307.24166648024686,59.48357708556532,-0.3524719958372732,24.518377049961995,60,294.0,11.445159103316767,45,12.300331116260555
1930,uva,packing_B,T09,largo,10,G2,3.973135995047141,0.7828579270329843,1.0581475498484132,True,490,307.24166648024686,59.48357708556532,-0.3524719958372732,24.518377049961995,60,294.0,11.445159103316767,46,11.855127050670019
1930,uva,packing_B,T09,largo,10,G2,3.973135995047141,0.7828579270329843,1.0581475498484132,True,490,307.24166648024686,59.48357708556532,-0.3524719958372732,24.518377049961995,60,294.0,11.445159103316767,47,11.587387754529537
1930,uva,packing_B,T09,largo,10,G2,3.973135995047141,0.7828579270329843,1.0581475498484132,True,490,307.24166648024686,59.48357708556532,-0.3524719958372732,24.518377049961995,60,294.0,11.445159103316767,48,11.356104686430385
1930,uva,packing_B,T09,largo,10,G2,3.973135995047141,0.7828579270329843,1.0581475498484132,True,490,307.24166648024686,59.48357708556532,-0.3524719958372732,24.518377049961995,60,294.0,11.445159103316767,49,11.192120592581402
1930,uva,packing_B,T09,largo,10,G2,3.973135995047141,0.7828579270329843,1.0581475498484132,True,490,307.24166648024686,59.48357708556532,-0.3524719958372732,24.518377049961995,60,294.0,11.445159103316767,50,10.887975823729663
1930,uva,packing_B,T09,largo,10,G2,3.973135995047141,0.7828579270329843,1.0581475498484132,True,490,307.24166648024686,59.48357708556532,-0.3524719958372732,24.518377049961995,60,294.0,11.445159103316767,51,10.529601217818495
1930,uva,packing_B,T09,largo,10,G2,3.973135995047141,0.7828579270329843,1.0581475498484132,True,490,307.24166648024686,59.48357708556532,-0.3524719958372732,24.518377049961995,60,294.0,11.445159103316767,52,10.120640947020194
1930,uva,packing_B,T09,largo,10,G2,3.973135995047141,0.7828579270329843,1.0581475498484132,True,490,307.24166648024686,59.48357708556532,-0.3524719958372732,24.518377049961995,60,294.0,11.445159103316767,53,10.00331318009448
1930,uva,packing_B,T09,largo,10,G2,3.973135995047141,0.7828579270329843,1.0581475498484132,True,490,307.24166648024686,59.48357708556532,-0.3524719958372732,24.518377049961995,60,294.0,11.445159103316767,54,9.624232479787239
1930,uva,packing_B,T09,largo,10,G2,3.973135995047141,0.7828579270329843,1.0581475498484132,True,490,307.24166648024686,59.48357708556532,-0.3524719958372732,24.518377049961995,60,294.0,11.445159103316767,55,9.462543383075314
1930,uva,packing_B,T09,largo,10,G2,3.973135995047141,0.7828579270329843,1.0581475498484132,True,490,307.24166648024686,59.48357708556532,-0.3524719958372732,24.518377049961995,60,294.0,11.445159103316767,56,9.046439459684784
1930,uva,packing_B,T09,largo,10,G2,3.973135995047141,0.7828579270329843,1.0581475498484132,True,490,307.24166648024686,59.48357708556532,-0.3524719958372732,24.518377049961995,60,294.0,11.445159103316767,57,8.750467179877896
1930,uva,packing_B,T09,largo,10,G2,3.973135995047141,0.7828579270329843,1.0581475498484132,True,490,307.24166648024686,59.48357708556532,-0.3524719958372732,24.518377049961995,60,294.0,11.445159103316767,58,8.543188733842234
1930,uva,packing_B,T09,largo,10,G2,3.973135995047141,0.7828579270329843,1.0581475498484132,True,490,307.24166648024686,59.48357708556532,-0.3524719958372732,24.518377049961995,60,294.0,11.445159103316767,59,8.24771738732882
1930,uva,packing_B,T09,largo,10,G2,3.973135995047141,0.7828579270329843,1.0581475498484132,True,490,307.24166648024686,59.48357708556532,-0.3524719958372732,24.518377049961995,60,294.0,11.445159103316767,60,7.963498016344424
1930,uva,packing_B,T09,largo,10,G2,3.973135995047141,0.7828579270329843,1.0581475498484132,True,490,307.24166648024686,59.48357708556532,-0.3524719958372732,24.518377049961995,60,294.0,11.445159103316767,61,7.601345483646606
1930,uva,packing_B,T09,largo,10,G2,3.973135995047141,0.7828579270329843,1.0581475498484132,True,490,307.24166648024686,59.48357708556532,-0.3524719958372732,24.518377049961995,60,294.0,11.445159103316767,62,7.699795981132322
1930,uva,packing_B,T09,largo,10,G2,3.973135995047141,0.7828579270329843,1.0581475498484132,True,490,307.24166648024686,59.48357708556532,-0.3524719958372732,24.518377049961995,60,294.0,11.445159103316767,63,7.088042538337273
1930,uva,packing_B,T09,largo,10,G2,3.973135995047141,0.7828579270329843,1.0581475498484132,True,490,307.24166648024686,59.48357708556532,-0.3524719958372732,24.518377049961995,60,294.0,11.445159103316767,64,6.821244993446117
1930,uva,packing_B,T09,largo,10,G2,3.973135995047141,0.7828579270329843,1.0581475498484132,True,490,307.24166648024686,59.48357708556532,-0.3524719958372732,24.518377049961995,60,294.0,11.445159103316767,65,6.627903611577179
1930,uva,packing_B,T09,largo,10,G2,3.973135995047141,0.7828579270329843,1.0581475498484132,True,490,307.24166648024686,59.48357708556532,-0.3524719958372732,24.518377049961995,60,294.0,11.445159103316767,66,6.259931199451946
1930,uva,packing_B,T09,largo,10,G2,3.973135995047141,0.7828579270329843,1.0581475498484132,True,490,307.24166648024686,59.48357708556532,-0.3524719958372732,24.518377049961995,60,294.0,11.445159103316767,67,6.196744772267322
1930,uva,packing_B,T09,largo,10,G2,3.973135995047141,0.7828579270329843,1.0581475498484132,True,490,307.24166648024686,59.48357708556532,-0.3524719958372732,24.518377049961995,60,294.0,11.445159103316767,68,5.652464015893082
1930,uva,packing_B,T09,largo,10,G2,3.973135995047141,0.7828579270329843,1.0581475498484132,True,490,307.24166648024686,59.48357708556532,-0.3524719958372732,24.518377049961995,60,294.0,11.445159103316767,69,5.553708732162836
1930,uva,packing_B,T09,largo,10,G2,3.973135995047141,0.7828579270329843,1.0581475498484132,True,490,307.24166648024686,59.48357708556532,-0.3524719958372732,24.518377049961995,60,294.0,11.445159103316767,70,5.1857811619849565
1930,uva,packing_B,T09,largo,10,G2,3.973135995047141,0.7828579270329843,1.0581475498484132,True,490,307.24166648024686,59.48357708556532,-0.3524719958372732,24.518377049961995,60,294.0,11.445159103316767,71,4.84239126878773
1930,uva,packing_B,T09,largo,10,G2,3.973135995047141,0.7828579270329843,1.0581475498484132,True,490,307.24166648024686,59.48357708556532,-0.3524719958372732,24.518377049961995,60,294.0,11.445159103316767,72,4.771337907311214
1930,uva,packing_B,T09,largo,10,G2,3.973135995047141,0.7828579270329843,1.0581475498484132,True,490,307.24166648024686,59.48357708556532,-0.3524719958372732,24.518377049961995,60,294.0,11.445159103316767,73,4.361030096237239
1930,uva,packing_B,T09,largo,10,G2,3.973135995047141,0.7828579270329843,1.0581475498484132,True,490,307.24166648024686,59.48357708556532,-0.3524719958372732,24.518377049961995,60,294.0,11.445159103316767,74,4.179417555221309
1930,uva,packing_B,T09,largo,10,G2,3.973135995047141,0.7828579270329843,1.0581475498484132,True,490,307.24166648024686,59.48357708556532,-0.3524719958372732,24.518377049961995,60,294.0,11.445159103316767,75,4.00015505327645
1930,uva,packing_B,T09,largo,10,G2,3.973135995047141,0.7828579270329843,1.0581475498484132,True,490,307.24166648024686,59.48357708556532,-0.3524719958372732,24.518377049961995,60,294.0,11.445159103316767,76,3.7671633983421198
1930,uva,packing_B,T09,largo,10,G2,3.973135995047141,0.7828579270329843,1.0581475498484132,True,490,307.24166648024686,59.48357708556532,-0.3524719958372732,24.518377049961995,60,294.0,11.445159103316767,77,3.2892303146711677
1930,uva,packing_B,T09,largo,10,G2,3.973135995047141,0.7828579270329843,1.0581475498484132,True,490,307.24166648024686,59.48357708556532,-0.3524719958372732,24.518377049961995,60,294.0,11.445159103316767,78,3.2788099855918458
1930,uva,packing_B,T09,largo,10,G2,3.973135995047141,0.7828579270329843,1.0581475498484132,True,490,307.24166648024686,59.48357708556532,-0.3524719958372732,24.518377049961995,60,294.0,11.445159103316767,79,2.9919961097126073
1930,uva,packing_B,T09,largo,10,G2,3.973135995047141,0.7828579270329843,1.0581475498484132,True,490,307.24166648024686,59.48357708556532,-0.3524719958372732,24.518377049961995,60,294.0,11.445159103316767,80,2.644984486224418
1930,uva,packing_B,T09,largo,10,G2,3.973135995047141,0.7828579270329843,1.0581475498484132,True,490,307.24166648024686,59.48357708556532,-0.3524719958372732,24.518377049961995,60,294.0,11.445159103316767,81,2.4995373704039325
1930,uva,packing_B,T09,largo,10,G2,3.973135995047141,0.7828579270329843,1.0581475498484132,True,490,307.24166648024686,59.48357708556532,-0.3524719958372732,24.518377049961995,60,294.0,11.445159103316767,82,2.3435700328857907
1930,uva,packing_B,T09,largo,10,G2,3.973135995047141,0.7828579270329843,1.0581475498484132,True,490,307.24166648024686,59.48357708556532,-0.3524719958372732,24.518377049961995,60,294.0,11.445159103316767,83,1.8438982917616984
1930,uva,packing_B,T09,largo,10,G2,3.973135995047141,0.7828579270329843,1.0581475498484132,True,490,307.24166648024686,59.48357708556532,-0.3524719958372732,24.518377049961995,60,294.0,11.445159103316767,84,1.7915404867049116
1930,uva,packing_B,T09,largo,10,G2,3.973135995047141,0.7828579270329843,1.0581475498484132,True,490,307.24166648024686,59.48357708556532,-0.3524719958372732,24.518377049961995,60,294.0,11.445159103316767,85,1.5024836407409732
1930,uva,packing_B,T09,largo,10,G2,3.973135995047141,0.7828579270329843,1.0581475498484132,True,490,307.24166648024686,59.48357708556532,-0.3524719958372732,24.518377049961995,60,294.0,11.445159103316767,86,1.3815576927931847
1930,uva,packing_B,T09,largo,10,G2,3.973135995047141,0.7828579270329843,1.0581475498484132,True,490,307.24166648024686,59.48357708556532,-0.3524719958372732,24.518377049961995,60,294.0,11.445159103316767,87,1.1689904629058343
1930,uva,packing_B,T09,largo,10,G2,3.973135995047141,0.7828579270329843,1.0581475498484132,True,490,307.24166648024686,59.48357708556532,-0.3524719958372732,24.518377049961995,60,294.0,11.445159103316767,88,0.7096783353439179
1930,uva,packing_B,T09,largo,10,G2,3.973135995047141,0.7828579270329843,1.0581475498484132,True,490,307.24166648024686,59.48357708556532,-0.3524719958372732,24.518377049961995,60,294.0,11.445159103316767,89,0.7272129957335491
1930,uva,packing_B,T09,largo,10,G2,3.973135995047141,0.7828579270329843,1.0581475498484132,True,490,307.24166648024686,59.48357708556532,-0.3524719958372732,24.518377049961995,60,294.0,11.445159103316767,90,0.2920953240602664
1930,uva,packing_B,T09,largo,10,G2,3.973135995047141,0.7828579270329843,1.0581475498484132,True,490,307.24166648024686,59.48357708556532,-0.3524719958372732,24.518377049961995,60,294.0,11.445159103316767,91,0.10763289783538092
1930,uva,packing_B,T09,largo,10,G2,3.973135995047141,0.7828579270329843,1.0581475498484132,True,490,307.24166648024686,59.48357708556532,-0.3524719958372732,24.518377049961995,60,294.0,11.445159103316767,92,-0.13720164265528956
1930,uva,packing_B,T09,largo,10,G2,3.973135995047141,0.7828579270329843,1.0581475498484132,True,490,307.24166648024686,59.48357708556532,-0.3524719958372732,24.518377049961995,60,294.0,11.445159103316767,93,-0.10218616605847192
1930,uva,packing_B,T09,largo,10,G2,3.973135995047141,0.7828579270329843,1.0581475498484132,True,490,307.24166648024686,59.48357708556532,-0.3524719958372732,24.518377049961995,60,294.0,11.445159103316767,94,-0.4382882904177946
1930,uva,packing_B,T09,largo,10,G2,3.973135995047141,0.7828579270329843,1.0581475498484132,True,490,307.24166648024686,59.48357708556532,-0.3524719958372732,24.518377049961995,60,294.0,11.445159103316767,95,-0.6313701367491745
1930,uva,packing_B,T09,largo,10,G2,3.973135995047141,0.7828579270329843,1.0581475498484132,True,490,307.24166648024686,59.48357708556532,-0.3524719958372732,24.518377049961995,60,294.0,11.445159103316767,96,-0.8375634642754219
1930,uva,packing_B,T09,largo,10,G2,3.973135995047141,0.7828579270329843,1.0581475498484132,True,490,307.24166648024686,59.48357708556532,-0.3524719958372732,24.518377049961995,60,294.0,11.445159103316767,97,-0.9866347110873708
1930,uva,packing_B,T09,largo,10,G2,3.973135995047141,0.7828579270329843,1.0581475498484132,True,490,307.24166648024686,59.48357708556532,-0.3524719958372732,24.518377049961995,60,294.0,11.445159103316767,98,-1.2602147206402916
1930,uva,packing_B,T09,largo,10,G2,3.973135995047141,0.7828579270329843,1.0581475498484132,True,490,307.24166648024686,59.48357708556532,-0.3524719958372732,24.518377049961995,60,294.0,11.445159103316767,99,-1.295356495231868
1930,uva,packing_B,T09,largo,10,G2,3.973135995047141,0.7828579270329843,1.0581475498484132,True,490,307.24166648024686,59.48357708556532,-0.3524719958372732,24.518377049961995,60,294.0,11.445159103316767,100,-1.7365248133783255
1930,uva,packing_B,T09,largo,10,G2,3.973135995047141,0.7828579270329843,1.0581475498484132,True,490,307.24166648024686,59.48357708556532,-0.3524719958372732,24.518377049961995,60,294.0,11.445159103316767,101,-1.8725445412381463
1930,uva,packing_B,T09,largo,10,G2,3.973135995047141,0.7828579270329843,1.0581475498484132,True,490,307.24166648024686,59.48357708556532,-0.3524719958372732,24.518377049961995,60,294.0,11.445159103316767,102,-1.8898590746001385
1930,uva,packing_B,T09,largo,10,G2,3.973135995047141,0.7828579270329843,1.0581475498484132,True,490,307.24166648024686,59.48357708556532,-0.3524719958372732,24.518377049961995,60,294.0,11.445159103316767,103,-2.086339089370719
1930,uva,packing_B,T09,largo,10,G2,3.973135995047141,0.7828579270329843,1.0581475498484132,True,490,307.24166648024686,59.48357708556532,-0.3524719958372732,24.518377049961995,60,294.0,11.445159103316767,104,-2.186585402819991
1930,uva,packing_B,T09,largo,10,G2,3.973135995047141,0.7828579270329843,1.0581475498484132,True,490,307.24166648024686,59.48357708556532,-0.3524719958372732,24.518377049961995,60,294.0,11.445159103316767,105,-2.5979449158165697
1930,uva,packing_B,T09,largo,10,G2,3.973135995047141,0.7828579270329843,1.0581475498484132,True,490,307.24166648024686,59.48357708556532,-0.3524719958372732,24.518377049961995,60,294.0,11.445159103316767,106,-2.771414400289648
1930,uva,packing_B,T09,largo,10,G2,3.973135995047141,0.7828579270329843,1.0581475498484132,True,490,307.24166648024686,59.48357708556532,-0.3524719958372732,24.518377049961995,60,294.0,11.445159103316767,107,-2.893381660074588
1930,uva,packing_B,T09,largo,10,G2,3.973135995047141,0.7828579270329843,1.0581475498484132,True,490,307.24166648024686,59.48357708556532,-0.3524719958372732,24.518377049961995,60,294.0,11.445159103316767,108,-3.040819989757453
1930,uva,packing_B,T09,largo,10,G2,3.973135995047141,0.7828579270329843,1.0581475498484132,True,490,307.24166648024686,59.48357708556532,-0.3524719958372732,24.518377049961995,60,294.0,11.445159103316767,109,-3.1058717678063306
1930,uva,packing_B,T09,largo,10,G2,3.973135995047141,0.7828579270329843,1.0581475498484132,True,490,307.24166648024686,59.48357708556532,-0.3524719958372732,24.518377049961995,60,294.0,11.445159103316767,110,-3.345580993103798
1930,uva,packing_B,T09,largo,10,G2,3.973135995047141,0.7828579270329843,1.0581475498484132,True,490,307.24166648024686,59.48357708556532,-0.3524719958372732,24.518377049961995,60,294.0,11.445159103316767,111,-3.5765400462237174
1930,uva,packing_B,T09,largo,10,G2,3.973135995047141,0.7828579270329843,1.0581475498484132,True,490,307.24166648024686,59.48357708556532,-0.3524719958372732,24.518377049961995,60,294.0,11.445159103316767,112,-3.5706766293849097
1930,uva,packing_B,T09,largo,10,G2,3.973135995047141,0.7828579270329843,1.0581475498484132,True,490,307.24166648024686,59.48357708556532,-0.3524719958372732,24.518377049961995,60,294.0,11.445159103316767,113,-3.836433099281537
1930,uva,packing_B,T09,largo,10,G2,3.973135995047141,0.7828579270329843,1.0581475498484132,True,490,307.24166648024686,59.48357708556532,-0.3524719958372732,24.518377049961995,60,294.0,11.445159103316767,114,-4.017732714979396
1930,uva,packing_B,T09,largo,10,G2,3.973135995047141,0.7828579270329843,1.0581475498484132,True,490,307.24166648024686,59.48357708556532,-0.3524719958372732,24.518377049961995,60,294.0,11.445159103316767,115,-4.233863342507792
1930,uva,packing_B,T09,largo,10,G2,3.973135995047141,0.7828579270329843,1.0581475498484132,True,490,307.24166648024686,59.48357708556532,-0.3524719958372732,24.518377049961995,60,294.0,11.445159103316767,116,-4.10901354643171
1930,uva,packing_B,T09,largo,10,G2,3.973135995047141,0.7828579270329843,1.0581475498484132,True,490,307.24166648024686,59.48357708556532,-0.3524719958372732,24.518377049961995,60,294.0,11.445159103316767,117,-4.355765281268354
1930,uva,packing_B,T09,largo,10,G2,3.973135995047141,0.7828579270329843,1.0581475498484132,True,490,307.24166648024686,59.48357708556532,-0.3524719958372732,24.518377049961995,60,294.0,11.445159103316767,118,-4.745709171797638
1930,uva,packing_B,T09,largo,10,G2,3.973135995047141,0.7828579270329843,1.0581475498484132,True,490,307.24166648024686,59.48357708556532,-0.3524719958372732,24.518377049961995,60,294.0,11.445159103316767,119,-4.7789817423603855
1930,uva,packing_B,T09,largo,10,G2,3.973135995047141,0.7828579270329843,1.0581475498484132,True,490,307.24166648024686,59.48357708556532,-0.3524719958372732,24.518377049961995,60,294.0,11.445159103316767,120,-4.722764629859938
1930,uva,packing_B,T09,largo,10,G2,3.973135995047141,0.7828579270329843,1.0581475498484132,True,490,307.24166648024686,59.48357708556532,-0.3524719958372732,24.518377049961995,60,294.0,11.445159103316767,121,-4.8766193800143345
1930,uva,packing_B,T09,largo,10,G2,3.973135995047141,0.7828579270329843,1.0581475498484132,True,490,307.24166648024686,59.48357708556532,-0.3524719958372732,24.518377049961995,60,294.0,11.445159103316767,122,-5.069780976874129
1930,uva,packing_B,T09,largo,10,G2,3.973135995047141,0.7828579270329843,1.0581475498484132,True,490,307.24166648024686,59.48357708556532,-0.3524719958372732,24.518377049961995,60,294.0,11.445159103316767,123,-5.185151733190401
1930,uva,packing_B,T09,largo,10,G2,3.973135995047141,0.7828579270329843,1.0581475498484132,True,490,307.24166648024686,59.48357708556532,-0.3524719958372732,24.518377049961995,60,294.0,11.445159103316767,124,-5.2260452377428726
1930,uva,packing_B,T09,largo,10,G2,3.973135995047141,0.7828579270329843,1.0581475498484132,True,490,307.24166648024686,59.48357708556532,-0.3524719958372732,24.518377049961995,60,294.0,11.445159103316767,125,-5.275752382354941
1930,uva,packing_B,T09,largo,10,G2,3.973135995047141,0.7828579270329843,1.0581475498484132,True,490,307.24166648024686,59.48357708556532,-0.3524719958372732,24.518377049961995,60,294.0,11.445159103316767,126,-5.4588251132535195
1930,uva,packing_B,T09,largo,10,G2,3.973135995047141,0.7828579270329843,1.0581475498484132,True,490,307.24166648024686,59.48357708556532,-0.3524719958372732,24.518377049961995,60,294.0,11.445159103316767,127,-5.697529223499844
1930,uva,packing_B,T09,largo,10,G2,3.973135995047141,0.7828579270329843,1.0581475498484132,True,490,307.24166648024686,59.48357708556532,-0.3524719958372732,24.518377049961995,60,294.0,11.445159103316767,128,-5.597217727187468
1930,uva,packing_B,T09,largo,10,G2,3.973135995047141,0.7828579270329843,1.0581475498484132,True,490,307.24166648024686,59.48357708556532,-0.3524719958372732,24.518377049961995,60,294.0,11.445159103316767,129,-5.856197516340757
1930,uva,packing_B,T09,largo,10,G2,3.973135995047141,0.7828579270329843,1.0581475498484132,True,490,307.24166648024686,59.48357708556532,-0.3524719958372732,24.518377049961995,60,294.0,11.445159103316767,130,-6.016373854286011
1930,uva,packing_B,T09,largo,10,G2,3.973135995047141,0.7828579270329843,1.0581475498484132,True,490,307.24166648024686,59.48357708556532,-0.3524719958372732,24.518377049961995,60,294.0,11.445159103316767,131,-5.811678383224017
1930,uva,packing_B,T09,largo,10,G2,3.973135995047141,0.7828579270329843,1.0581475498484132,True,490,307.24166648024686,59.48357708556532,-0.3524719958372732,24.518377049961995,60,294.0,11.445159103316767,132,-6.2086951861457695
1930,uva,packing_B,T09,largo,10,G2,3.973135995047141,0.7828579270329843,1.0581475498484132,True,490,307.24166648024686,59.48357708556532,-0.3524719958372732,24.518377049961995,60,294.0,11.445159103316767,133,-6.130824065383525
1930,uva,packing_B,T09,largo,10,G2,3.973135995047141,0.7828579270329843,1.0581475498484132,True,490,307.24166648024686,59.48357708556532,-0.3524719958372732,24.518377049961995,60,294.0,11.445159103316767,134,-6.468358327334646
1930,uva,packing_B,T09,largo,10,G2,3.973135995047141,0.7828579270329843,1.0581475498484132,True,490,307.24166648024686,59.48357708556532,-0.3524719958372732,24.518377049961995,60,294.0,11.445159103316767,135,-6.323411432978405
1930,uva,packing_B,T09,largo,10,G2,3.973135995047141,0.7828579270329843,1.0581475498484132,True,490,307.24166648024686,59.48357708556532,-0.3524719958372732,24.518377049961995,60,294.0,11.445159103316767,136,-6.553378239757267
1930,uva,packing_B,T09,largo,10,G2,3.973135995047141,0.7828579270329843,1.0581475498484132,True,490,307.24166648024686,59.48357708556532,-0.3524719958372732,24.518377049961995,60,294.0,11.445159103316767,137,-6.547392172692189
1930,uva,packing_B,T09,largo,10,G2,3.973135995047141,0.7828579270329843,1.0581475498484132,True,490,307.24166648024686,59.48357708556532,-0.3524719958372732,24.518377049961995,60,294.0,11.445159103316767,138,-6.830127368587031
1930,uva,packing_B,T09,largo,10,G2,3.973135995047141,0.7828579270329843,1.0581475498484132,True,490,307.24166648024686,59.48357708556532,-0.3524719958372732,24.518377049961995,60,294.0,11.445159103316767,139,-6.744364946905619
1930,uva,packing_B,T09,largo,10,G2,3.973135995047141,0.7828579270329843,1.0581475498484132,True,490,307.24166648024686,59.48357708556532,-0.3524719958372732,24.518377049961995,60,294.0,11.445159103316767,140,-6.726889172613962
1930,uva,packing_B,T09,largo,10,G2,3.973135995047141,0.7828579270329843,1.0581475498484132,True,490,307.24166648024686,59.48357708556532,-0.3524719958372732,24.518377049961995,60,294.0,11.445159103316767,141,-6.734629480418974
1930,uva,packing_B,T09,largo,10,G2,3.973135995047141,0.7828579270329843,1.0581475498484132,True,490,307.24166648024686,59.48357708556532,-0.3524719958372732,24.518377049961995,60,294.0,11.445159103316767,142,-6.908596317934864
1930,uva,packing_B,T09,largo,10,G2,3.973135995047141,0.7828579270329843,1.0581475498484132,True,490,307.24166648024686,59.48357708556532,-0.3524719958372732,24.518377049961995,60,294.0,11.445159103316767,143,-6.904326012652042
1930,uva,packing_B,T09,largo,10,G2,3.973135995047141,0.7828579270329843,1.0581475498484132,True,490,307.24166648024686,59.48357708556532,-0.3524719958372732,24.518377049961995,60,294.0,11.445159103316767,144,-6.919549140227657
1930,uva,packing_B,T09,largo,10,G2,3.973135995047141,0.7828579270329843,1.0581475498484132,True,490,307.24166648024686,59.48357708556532,-0.3524719958372732,24.518377049961995,60,294.0,11.445159103316767,145,-6.9364697716642345
1930,uva,packing_B,T09,largo,10,G2,3.973135995047141,0.7828579270329843,1.0581475498484132,True,490,307.24166648024686,59.48357708556532,-0.3524719958372732,24.518377049961995,60,294.0,11.445159103316767,146,-6.997506061571084
1930,uva,packing_B,T09,largo,10,G2,3.973135995047141,0.7828579270329843,1.0581475498484132,True,490,307.24166648024686,59.48357708556532,-0.3524719958372732,24.518377049961995,60,294.0,11.445159103316767,147,-7.1465470023157405
1930,uva,packing_B,T09,largo,10,G2,3.973135995047141,0.7828579270329843,1.0581475498484132,True,490,307.24166648024686,59.48357708556532,-0.3524719958372732,24.518377049961995,60,294.0,11.445159103316767,148,-7.283670731330471
1930,uva,packing_B,T09,largo,10,G2,3.973135995047141,0.7828579270329843,1.0581475498484132,True,490,307.24166648024686,59.48357708556532,-0.3524719958372732,24.518377049961995,60,294.0,11.445159103316767,149,-7.277505476803811
1930,uva,packing_B,T09,largo,10,G2,3.973135995047141,0.7828579270329843,1.0581475498484132,True,490,307.24166648024686,59.48357708556532,-0.3524719958372732,24.518377049961995,60,294.0,11.445159103316767,150,-7.202405349315633
1930,uva,packing_B,T09,largo,10,G2,3.973135995047141,0.7828579270329843,1.0581475498484132,True,490,307.24166648024686,59.48357708556532,-0.3524719958372732,24.518377049961995,60,294.0,11.445159103316767,151,-7.289116729383351
1930,uva,packing_B,T09,largo,10,G2,3.973135995047141,0.7828579270329843,1.0581475498484132,True,490,307.24166648024686,59.48357708556532,-0.3524719958372732,24.518377049961995,60,294.0,11.445159103316767,152,-7.6033045389094625
1930,uva,packing_B,T09,largo,10,G2,3.973135995047141,0.7828579270329843,1.0581475498484132,True,490,307.24166648024686,59.48357708556532,-0.3524719958372732,24.518377049961995,60,294.0,11.445159103316767,153,-7.39609064842592
1930,uva,packing_B,T09,largo,10,G2,3.973135995047141,0.7828579270329843,1.0581475498484132,True,490,307.24166648024686,59.48357708556532,-0.3524719958372732,24.518377049961995,60,294.0,11.445159103316767,154,-7.5807772983363
1930,uva,packing_B,T09,largo,10,G2,3.973135995047141,0.7828579270329843,1.0581475498484132,True,490,307.24166648024686,59.48357708556532,-0.3524719958372732,24.518377049961995,60,294.0,11.445159103316767,155,-7.320902095303491
1930,uva,packing_B,T09,largo,10,G2,3.973135995047141,0.7828579270329843,1.0581475498484132,True,490,307.24166648024686,59.48357708556532,-0.3524719958372732,24.518377049961995,60,294.0,11.445159103316767,156,-7.510945866544494
1930,uva,packing_B,T09,largo,10,G2,3.973135995047141,0.7828579270329843,1.0581475498484132,True,490,307.24166648024686,59.48357708556532,-0.3524719958372732,24.518377049961995,60,294.0,11.445159103316767,157,-7.865684755521194
1930,uva,packing_B,T09,largo,10,G2,3.973135995047141,0.7828579270329843,1.0581475498484132,True,490,307.24166648024686,59.48357708556532,-0.3524719958372732,24.518377049961995,60,294.0,11.445159103316767,158,-7.440975270433743
1930,uva,packing_B,T09,largo,10,G2,3.973135995047141,0.7828579270329843,1.0581475498484132,True,490,307.24166648024686,59.48357708556532,-0.3524719958372732,24.518377049961995,60,294.0,11.445159103316767,159,-7.545996571797915
1930,uva,packing_B,T09,largo,10,G2,3.973135995047141,0.7828579270329843,1.0581475498484132,True,490,307.24166648024686,59.48357708556532,-0.3524719958372732,24.518377049961995,60,294.0,11.445159103316767,160,-7.548790070933489
1930,uva,packing_B,T09,largo,10,G2,3.973135995047141,0.7828579270329843,1.0581475498484132,True,490,307.24166648024686,59.48357708556532,-0.3524719958372732,24.518377049961995,60,294.0,11.445159103316767,161,-7.716363678675437
1930,uva,packing_B,T09,largo,10,G2,3.973135995047141,0.7828579270329843,1.0581475498484132,True,490,307.24166648024686,59.48357708556532,-0.3524719958372732,24.518377049961995,60,294.0,11.445159103316767,162,-7.632730808575292
1930,uva,packing_B,T09,largo,10,G2,3.973135995047141,0.7828579270329843,1.0581475498484132,True,490,307.24166648024686,59.48357708556532,-0.3524719958372732,24.518377049961995,60,294.0,11.445159103316767,163,-7.689327915017872
1930,uva,packing_B,T09,largo,10,G2,3.973135995047141,0.7828579270329843,1.0581475498484132,True,490,307.24166648024686,59.48357708556532,-0.3524719958372732,24.518377049961995,60,294.0,11.445159103316767,164,-7.530469121714046
1930,uva,packing_B,T09,largo,10,G2,3.973135995047141,0.7828579270329843,1.0581475498484132,True,490,307.24166648024686,59.48357708556532,-0.3524719958372732,24.518377049961995,60,294.0,11.445159103316767,165,-7.422619277996204
1930,uva,packing_B,T09,largo,10,G2,3.973135995047141,0.7828579270329843,1.0581475498484132,True,490,307.24166648024686,59.48357708556532,-0.3524719958372732,24.518377049961995,60,294.0,11.445159103316767,166,-7.701204881737965
1930,uva,packing_B,T09,largo,10,G2,3.973135995047141,0.7828579270329843,1.0581475498484132,True,490,307.24166648024686,59.48357708556532,-0.3524719958372732,24.518377049961995,60,294.0,11.445159103316767,167,-7.668115545656659
1930,uva,packing_B,T09,largo,10,G2,3.973135995047141,0.7828579270329843,1.0581475498484132,True,490,307.24166648024686,59.48357708556532,-0.3524719958372732,24.518377049961995,60,294.0,11.445159103316767,168,-7.7057777242529895
1930,uva,packing_B,T09,largo,10,G2,3.973135995047141,0.7828579270329843,1.0581475498484132,True,490,307.24166648024686,59.48357708556532,-0.3524719958372732,24.518377049961995,60,294.0,11.445159103316767,169,-7.628657545016549
1930,uva,packing_B,T09,largo,10,G2,3.973135995047141,0.7828579270329843,1.0581475498484132,True,490,307.24166648024686,59.48357708556532,-0.3524719958372732,24.518377049961995,60,294.0,11.445159103316767,170,-7.565562595444299
1930,uva,packing_B,T09,largo,10,G2,3.973135995047141,0.7828579270329843,1.0581475498484132,True,490,307.24166648024686,59.48357708556532,-0.3524719958372732,24.518377049961995,60,294.0,11.445159103316767,171,-7.630976210687626
1930,uva,packing_B,T09,largo,10,G2,3.973135995047141,0.7828579270329843,1.0581475498484132,True,490,307.24166648024686,59.48357708556532,-0.3524719958372732,24.518377049961995,60,294.0,11.445159103316767,172,-7.486547567166823
1930,uva,packing_B,T09,largo,10,G2,3.973135995047141,0.7828579270329843,1.0581475498484132,True,490,307.24166648024686,59.48357708556532,-0.3524719958372732,24.518377049961995,60,294.0,11.445159103316767,173,-7.7437504646277295
1930,uva,packing_B,T09,largo,10,G2,3.973135995047141,0.7828579270329843,1.0581475498484132,True,490,307.24166648024686,59.48357708556532,-0.3524719958372732,24.518377049961995,60,294.0,11.445159103316767,174,-7.593152059902547
1930,uva,packing_B,T09,largo,10,G2,3.973135995047141,0.7828579270329843,1.0581475498484132,True,490,307.24166648024686,59.48357708556532,-0.3524719958372732,24.518377049961995,60,294.0,11.445159103316767,175,-7.627512185119097
1930,uva,packing_B,T09,largo,10,G2,3.973135995047141,0.7828579270329843,1.0581475498484132,True,490,307.24166648024686,59.48357708556532,-0.3524719958372732,24.518377049961995,60,294.0,11.445159103316767,176,-7.6450096987138325
1930,uva,packing_B,T09,largo,10,G2,3.973135995047141,0.7828579270329843,1.0581475498484132,True,490,307.24166648024686,59.48357708556532,-0.3524719958372732,24.518377049961995,60,294.0,11.445159103316767,177,-7.605673026567211
1930,uva,packing_B,T09,largo,10,G2,3.973135995047141,0.7828579270329843,1.0581475498484132,True,490,307.24166648024686,59.48357708556532,-0.3524719958372732,24.518377049961995,60,294.0,11.445159103316767,178,-7.387390650939867
1930,uva,packing_B,T09,largo,10,G2,3.973135995047141,0.7828579270329843,1.0581475498484132,True,490,307.24166648024686,59.48357708556532,-0.3524719958372732,24.518377049961995,60,294.0,11.445159103316767,179,-7.568076765477069
1930,uva,packing_B,T09,largo,10,G2,3.973135995047141,0.7828579270329843,1.0581475498484132,True,490,307.24166648024686,59.48357708556532,-0.3524719958372732,24.518377049961995,60,294.0,11.445159103316767,180,-7.487346143085625
1930,uva,packing_B,T09,largo,10,G2,3.973135995047141,0.7828579270329843,1.0581475498484132,True,490,307.24166648024686,59.48357708556532,-0.3524719958372732,24.518377049961995,60,294.0,11.445159103316767,181,-7.421480202186709
1930,uva,packing_B,T09,largo,10,G2,3.973135995047141,0.7828579270329843,1.0581475498484132,True,490,307.24166648024686,59.48357708556532,-0.3524719958372732,24.518377049961995,60,294.0,11.445159103316767,182,-7.523670437749677
1930,uva,packing_B,T09,largo,10,G2,3.973135995047141,0.7828579270329843,1.0581475498484132,True,490,307.24166648024686,59.48357708556532,-0.3524719958372732,24.518377049961995,60,294.0,11.445159103316767,183,-7.486424752579577
1930,uva,packing_B,T09,largo,10,G2,3.973135995047141,0.7828579270329843,1.0581475498484132,True,490,307.24166648024686,59.48357708556532,-0.3524719958372732,24.518377049961995,60,294.0,11.445159103316767,184,-7.471091400124483
1930,uva,packing_B,T09,largo,10,G2,3.973135995047141,0.7828579270329843,1.0581475498484132,True,490,307.24166648024686,59.48357708556532,-0.3524719958372732,24.518377049961995,60,294.0,11.445159103316767,185,-7.301488356060091
1930,uva,packing_B,T09,largo,10,G2,3.973135995047141,0.7828579270329843,1.0581475498484132,True,490,307.24166648024686,59.48357708556532,-0.3524719958372732,24.518377049961995,60,294.0,11.445159103316767,186,-7.316901063130932
1930,uva,packing_B,T09,largo,10,G2,3.973135995047141,0.7828579270329843,1.0581475498484132,True,490,307.24166648024686,59.48357708556532,-0.3524719958372732,24.518377049961995,60,294.0,11.445159103316767,187,-7.512572924593189
1930,uva,packing_B,T09,largo,10,G2,3.973135995047141,0.7828579270329843,1.0581475498484132,True,490,307.24166648024686,59.48357708556532,-0.3524719958372732,24.518377049961995,60,294.0,11.445159103316767,188,-7.190826128891204
1930,uva,packing_B,T09,largo,10,G2,3.973135995047141,0.7828579270329843,1.0581475498484132,True,490,307.24166648024686,59.48357708556532,-0.3524719958372732,24.518377049961995,60,294.0,11.445159103316767,189,-7.3466821879923785
1930,uva,packing_B,T09,largo,10,G2,3.973135995047141,0.7828579270329843,1.0581475498484132,True,490,307.24166648024686,59.48357708556532,-0.3524719958372732,24.518377049961995,60,294.0,11.445159103316767,190,-6.986685837289646
1930,uva,packing_B,T09,largo,10,G2,3.973135995047141,0.7828579270329843,1.0581475498484132,True,490,307.24166648024686,59.48357708556532,-0.3524719958372732,24.518377049961995,60,294.0,11.445159103316767,191,-7.360850243943721
1930,uva,packing_B,T09,largo,10,G2,3.973135995047141,0.7828579270329843,1.0581475498484132,True,490,307.24166648024686,59.48357708556532,-0.3524719958372732,24.518377049961995,60,294.0,11.445159103316767,192,-7.187666461511785
1930,uva,packing_B,T09,largo,10,G2,3.973135995047141,0.7828579270329843,1.0581475498484132,True,490,307.24166648024686,59.48357708556532,-0.3524719958372732,24.518377049961995,60,294.0,11.445159103316767,193,-7.0760676986849065
1930,uva,packing_B,T09,largo,10,G2,3.973135995047141,0.7828579270329843,1.0581475498484132,True,490,307.24166648024686,59.48357708556532,-0.3524719958372732,24.518377049961995,60,294.0,11.445159103316767,194,-7.2264832105128995
1930,uva,packing_B,T09,largo,10,G2,3.973135995047141,0.7828579270329843,1.0581475498484132,True,490,307.24166648024686,59.48357708556532,-0.3524719958372732,24.518377049961995,60,294.0,11.445159103316767,195,-6.999019986568464
1930,uva,packing_B,T09,largo,10,G2,3.973135995047141,0.7828579270329843,1.0581475498484132,True,490,307.24166648024686,59.48357708556532,-0.3524719958372732,24.518377049961995,60,294.0,11.445159103316767,196,-6.958069902963205
1930,uva,packing_B,T09,largo,10,G2,3.973135995047141,0.7828579270329843,1.0581475498484132,True,490,307.24166648024686,59.48357708556532,-0.3524719958372732,24.518377049961995,60,294.0,11.445159103316767,197,-6.931175337040793
1930,uva,packing_B,T09,largo,10,G2,3.973135995047141,0.7828579270329843,1.0581475498484132,True,490,307.24166648024686,59.48357708556532,-0.3524719958372732,24.518377049961995,60,294.0,11.445159103316767,198,-6.766563670444864
1930,uva,packing_B,T09,largo,10,G2,3.973135995047141,0.7828579270329843,1.0581475498484132,True,490,307.24166648024686,59.48357708556532,-0.3524719958372732,24.518377049961995,60,294.0,11.445159103316767,199,-6.797447719449497
1930,uva,packing_B,T09,largo,10,G2,3.973135995047141,0.7828579270329843,1.0581475498484132,True,490,307.24166648024686,59.48357708556532,-0.3524719958372732,24.518377049961995,60,294.0,11.445159103316767,200,-6.75391513338589
1930,uva,packing_B,T09,largo,10,G2,3.973135995047141,0.7828579270329843,1.0581475498484132,True,490,307.24166648024686,59.48357708556532,-0.3524719958372732,24.518377049961995,60,294.0,11.445159103316767,201,-6.6983567851714465
1930,uva,packing_B,T09,largo,10,G2,3.973135995047141,0.7828579270329843,1.0581475498484132,True,490,307.24166648024686,59.48357708556532,-0.3524719958372732,24.518377049961995,60,294.0,11.445159103316767,202,-7.006703838765489
1930,uva,packing_B,T09,largo,10,G2,3.973135995047141,0.7828579270329843,1.0581475498484132,True,490,307.24166648024686,59.48357708556532,-0.3524719958372732,24.518377049961995,60,294.0,11.445159103316767,203,-6.476351346091939
1930,uva,packing_B,T09,largo,10,G2,3.973135995047141,0.7828579270329843,1.0581475498484132,True,490,307.24166648024686,59.48357708556532,-0.3524719958372732,24.518377049961995,60,294.0,11.445159103316767,204,-6.574464342944212
1930,uva,packing_B,T09,largo,10,G2,3.973135995047141,0.7828579270329843,1.0581475498484132,True,490,307.24166648024686,59.48357708556532,-0.3524719958372732,24.518377049961995,60,294.0,11.445159103316767,205,-6.44582137968395
1930,uva,packing_B,T09,largo,10,G2,3.973135995047141,0.7828579270329843,1.0581475498484132,True,490,307.24166648024686,59.48357708556532,-0.3524719958372732,24.518377049961995,60,294.0,11.445159103316767,206,-6.497001865113913
1930,uva,packing_B,T09,largo,10,G2,3.973135995047141,0.7828579270329843,1.0581475498484132,True,490,307.24166648024686,59.48357708556532,-0.3524719958372732,24.518377049961995,60,294.0,11.445159103316767,207,-6.465949139139521
1930,uva,packing_B,T09,largo,10,G2,3.973135995047141,0.7828579270329843,1.0581475498484132,True,490,307.24166648024686,59.48357708556532,-0.3524719958372732,24.518377049961995,60,294.0,11.445159103316767,208,-6.366348113916044
1930,uva,packing_B,T09,largo,10,G2,3.973135995047141,0.7828579270329843,1.0581475498484132,True,490,307.24166648024686,59.48357708556532,-0.3524719958372732,24.518377049961995,60,294.0,11.445159103316767,209,-6.224399177051247
1930,uva,packing_B,T09,largo,10,G2,3.973135995047141,0.7828579270329843,1.0581475498484132,True,490,307.24166648024686,59.48357708556532,-0.3524719958372732,24.518377049961995,60,294.0,11.445159103316767,210,-6.18738799165799
1930,uva,packing_B,T09,largo,10,G2,3.973135995047141,0.7828579270329843,1.0581475498484132,True,490,307.24166648024686,59.48357708556532,-0.3524719958372732,24.518377049961995,60,294.0,11.445159103316767,211,-5.987225926912244
1930,uva,packing_B,T09,largo,10,G2,3.973135995047141,0.7828579270329843,1.0581475498484132,True,490,307.24166648024686,59.48357708556532,-0.3524719958372732,24.518377049961995,60,294.0,11.445159103316767,212,-5.9632919373570825
1930,uva,packing_B,T09,largo,10,G2,3.973135995047141,0.7828579270329843,1.0581475498484132,True,490,307.24166648024686,59.48357708556532,-0.3524719958372732,24.518377049961995,60,294.0,11.445159103316767,213,-6.001282362495425
1930,uva,packing_B,T09,largo,10,G2,3.973135995047141,0.7828579270329843,1.0581475498484132,True,490,307.24166648024686,59.48357708556532,-0.3524719958372732,24.518377049961995,60,294.0,11.445159103316767,214,-5.906351253076972
1930,uva,packing_B,T09,largo,10,G2,3.973135995047141,0.7828579270329843,1.0581475498484132,True,490,307.24166648024686,59.48357708556532,-0.3524719958372732,24.518377049961995,60,294.0,11.445159103316767,215,-5.933255581557541
1930,uva,packing_B,T09,largo,10,G2,3.973135995047141,0.7828579270329843,1.0581475498484132,True,490,307.24166648024686,59.48357708556532,-0.3524719958372732,24.518377049961995,60,294.0,11.445159103316767,216,-5.78572492169035
1930,uva,packing_B,T09,largo,10,G2,3.973135995047141,0.7828579270329843,1.0581475498484132,True,490,307.24166648024686,59.48357708556532,-0.3524719958372732,24.518377049961995,60,294.0,11.445159103316767,217,-5.768085768631502
1930,uva,packing_B,T09,largo,10,G2,3.973135995047141,0.7828579270329843,1.0581475498484132,True,490,307.24166648024686,59.48357708556532,-0.3524719958372732,24.518377049961995,60,294.0,11.445159103316767,218,-5.7241728971106305
1930,uva,packing_B,T09,largo,10,G2,3.973135995047141,0.7828579270329843,1.0581475498484132,True,490,307.24166648024686,59.48357708556532,-0.3524719958372732,24.518377049961995,60,294.0,11.445159103316767,219,-5.688185990291589
1930,uva,packing_B,T09,largo,10,G2,3.973135995047141,0.7828579270329843,1.0581475498484132,True,490,307.24166648024686,59.48357708556532,-0.3524719958372732,24.518377049961995,60,294.0,11.445159103316767,220,-5.533422376431884
1930,uva,packing_B,T09,largo,10,G2,3.973135995047141,0.7828579270329843,1.0581475498484132,True,490,307.24166648024686,59.48357708556532,-0.3524719958372732,24.518377049961995,60,294.0,11.445159103316767,221,-5.492563920327045
1930,uva,packing_B,T09,largo,10,G2,3.973135995047141,0.7828579270329843,1.0581475498484132,True,490,307.24166648024686,59.48357708556532,-0.3524719958372732,24.518377049961995,60,294.0,11.445159103316767,222,-5.257419352126599
1930,uva,packing_B,T09,largo,10,G2,3.973135995047141,0.7828579270329843,1.0581475498484132,True,490,307.24166648024686,59.48357708556532,-0.3524719958372732,24.518377049961995,60,294.0,11.445159103316767,223,-5.371291567888127
1930,uva,packing_B,T09,largo,10,G2,3.973135995047141,0.7828579270329843,1.0581475498484132,True,490,307.24166648024686,59.48357708556532,-0.3524719958372732,24.518377049961995,60,294.0,11.445159103316767,224,-5.280164450872963
1930,uva,packing_B,T09,largo,10,G2,3.973135995047141,0.7828579270329843,1.0581475498484132,True,490,307.24166648024686,59.48357708556532,-0.3524719958372732,24.518377049961995,60,294.0,11.445159103316767,225,-5.330677107832647
1930,uva,packing_B,T09,largo,10,G2,3.973135995047141,0.7828579270329843,1.0581475498484132,True,490,307.24166648024686,59.48357708556532,-0.3524719958372732,24.518377049961995,60,294.0,11.445159103316767,226,-5.147141981685464
1930,uva,packing_B,T09,largo,10,G2,3.973135995047141,0.7828579270329843,1.0581475498484132,True,490,307.24166648024686,59.48357708556532,-0.3524719958372732,24.518377049961995,60,294.0,11.445159103316767,227,-4.980918757530433
1930,uva,packing_B,T09,largo,10,G2,3.973135995047141,0.7828579270329843,1.0581475498484132,True,490,307.24166648024686,59.48357708556532,-0.3524719958372732,24.518377049961995,60,294.0,11.445159103316767,228,-4.899092293384512
1930,uva,packing_B,T09,largo,10,G2,3.973135995047141,0.7828579270329843,1.0581475498484132,True,490,307.24166648024686,59.48357708556532,-0.3524719958372732,24.518377049961995,60,294.0,11.445159103316767,229,-4.833205225354734
1930,uva,packing_B,T09,largo,10,G2,3.973135995047141,0.7828579270329843,1.0581475498484132,True,490,307.24166648024686,59.48357708556532,-0.3524719958372732,24.518377049961995,60,294.0,11.445159103316767,230,-4.786427670954507
1930,uva,packing_B,T09,largo,10,G2,3.973135995047141,0.7828579270329843,1.0581475498484132,True,490,307.24166648024686,59.48357708556532,-0.3524719958372732,24.518377049961995,60,294.0,11.445159103316767,231,-4.62095071287608
1930,uva,packing_B,T09,largo,10,G2,3.973135995047141,0.7828579270329843,1.0581475498484132,True,490,307.24166648024686,59.48357708556532,-0.3524719958372732,24.518377049961995,60,294.0,11.445159103316767,232,-4.704532016800142
1930,uva,packing_B,T09,largo,10,G2,3.973135995047141,0.7828579270329843,1.0581475498484132,True,490,307.24166648024686,59.48357708556532,-0.3524719958372732,24.518377049961995,60,294.0,11.445159103316767,233,-4.4785838158526285
1930,uva,packing_B,T09,largo,10,G2,3.973135995047141,0.7828579270329843,1.0581475498484132,True,490,307.24166648024686,59.48357708556532,-0.3524719958372732,24.518377049961995,60,294.0,11.445159103316767,234,-4.528431905079113
1930,uva,packing_B,T09,largo,10,G2,3.973135995047141,0.7828579270329843,1.0581475498484132,True,490,307.24166648024686,59.48357708556532,-0.3524719958372732,24.518377049961995,60,294.0,11.445159103316767,235,-4.440019191559302
1930,uva,packing_B,T09,largo,10,G2,3.973135995047141,0.7828579270329843,1.0581475498484132,True,490,307.24166648024686,59.48357708556532,-0.3524719958372732,24.518377049961995,60,294.0,11.445159103316767,236,-4.487008567756603
1930,uva,packing_B,T09,largo,10,G2,3.973135995047141,0.7828579270329843,1.0581475498484132,True,490,307.24166648024686,59.48357708556532,-0.3524719958372732,24.518377049961995,60,294.0,11.445159103316767,237,-4.276150593637368
1930,uva,packing_B,T09,largo,10,G2,3.973135995047141,0.7828579270329843,1.0581475498484132,True,490,307.24166648024686,59.48357708556532,-0.3524719958372732,24.518377049961995,60,294.0,11.445159103316767,238,-4.080362530098667
1930,uva,packing_B,T09,largo,10,G2,3.973135995047141,0.7828579270329843,1.0581475498484132,True,490,307.24166648024686,59.48357708556532,-0.3524719958372732,24.518377049961995,60,294.0,11.445159103316767,239,-4.105743603722617
1930,uva,packing_B,T09,largo,10,G2,3.973135995047141,0.7828579270329843,1.0581475498484132,True,490,307.24166648024686,59.48357708556532,-0.3524719958372732,24.518377049961995,60,294.0,11.445159103316767,240,-3.988060940916219
1930,uva,packing_B,T09,largo,10,G2,3.973135995047141,0.7828579270329843,1.0581475498484132,True,490,307.24166648024686,59.48357708556532,-0.3524719958372732,24.518377049961995,60,294.0,11.445159103316767,241,-3.886443520905315
1930,uva,packing_B,T09,largo,10,G2,3.973135995047141,0.7828579270329843,1.0581475498484132,True,490,307.24166648024686,59.48357708556532,-0.3524719958372732,24.518377049961995,60,294.0,11.445159103316767,242,-3.6452340582502982
1930,uva,packing_B,T09,largo,10,G2,3.973135995047141,0.7828579270329843,1.0581475498484132,True,490,307.24166648024686,59.48357708556532,-0.3524719958372732,24.518377049961995,60,294.0,11.445159103316767,243,-3.8114089427301203
1930,uva,packing_B,T09,largo,10,G2,3.973135995047141,0.7828579270329843,1.0581475498484132,True,490,307.24166648024686,59.48357708556532,-0.3524719958372732,24.518377049961995,60,294.0,11.445159103316767,244,-3.9099352466609956
1930,uva,packing_B,T09,largo,10,G2,3.973135995047141,0.7828579270329843,1.0581475498484132,True,490,307.24166648024686,59.48357708556532,-0.3524719958372732,24.518377049961995,60,294.0,11.445159103316767,245,-3.590141569080104
1930,uva,packing_B,T09,largo,10,G2,3.973135995047141,0.7828579270329843,1.0581475498484132,True,490,307.24166648024686,59.48357708556532,-0.3524719958372732,24.518377049961995,60,294.0,11.445159103316767,246,-3.5674218445342016
1930,uva,packing_B,T09,largo,10,G2,3.973135995047141,0.7828579270329843,1.0581475498484132,True,490,307.24166648024686,59.48357708556532,-0.3524719958372732,24.518377049961995,60,294.0,11.445159103316767,247,-3.4778577228118306
1930,uva,packing_B,T09,largo,10,G2,3.973135995047141,0.7828579270329843,1.0581475498484132,True,490,307.24166648024686,59.48357708556532,-0.3524719958372732,24.518377049961995,60,294.0,11.445159103316767,248,-3.4978433243066056
1930,uva,packing_B,T09,largo,10,G2,3.973135995047141,0.7828579270329843,1.0581475498484132,True,490,307.24166648024686,59.48357708556532,-0.3524719958372732,24.518377049961995,60,294.0,11.445159103316767,249,-3.268970316894564
1930,uva,packing_B,T09,largo,10,G2,3.973135995047141,0.7828579270329843,1.0581475498484132,True,490,307.24166648024686,59.48357708556532,-0.3524719958372732,24.518377049961995,60,294.0,11.445159103316767,250,-3.352600634713071
1930,uva,packing_B,T09,largo,10,G2,3.973135995047141,0.7828579270329843,1.0581475498484132,True,490,307.24166648024686,59.48357708556532,-0.3524719958372732,24.518377049961995,60,294.0,11.445159103316767,251,-3.2065539442042192
1930,uva,packing_B,T09,largo,10,G2,3.973135995047141,0.7828579270329843,1.0581475498484132,True,490,307.24166648024686,59.48357708556532,-0.3524719958372732,24.518377049961995,60,294.0,11.445159103316767,252,-3.1201740044335597
1930,uva,packing_B,T09,largo,10,G2,3.973135995047141,0.7828579270329843,1.0581475498484132,True,490,307.24166648024686,59.48357708556532,-0.3524719958372732,24.518377049961995,60,294.0,11.445159103316767,253,-3.153620560438595
1930,uva,packing_B,T09,largo,10,G2,3.973135995047141,0.7828579270329843,1.0581475498484132,True,490,307.24166648024686,59.48357708556532,-0.3524719958372732,24.518377049961995,60,294.0,11.445159103316767,254,-3.0648163569821123
1930,uva,packing_B,T09,largo,10,G2,3.973135995047141,0.7828579270329843,1.0581475498484132,True,490,307.24166648024686,59.48357708556532,-0.3524719958372732,24.518377049961995,60,294.0,11.445159103316767,255,-2.998837748865644
1930,uva,packing_B,T09,largo,10,G2,3.973135995047141,0.7828579270329843,1.0581475498484132,True,490,307.24166648024686,59.48357708556532,-0.3524719958372732,24.518377049961995,60,294.0,11.445159103316767,256,-2.7726684739905147
1930,uva,packing_B,T09,largo,10,G2,3.973135995047141,0.7828579270329843,1.0581475498484132,True,490,307.24166648024686,59.48357708556532,-0.3524719958372732,24.518377049961995,60,294.0,11.445159103316767,257,-2.8053966747937853
1930,uva,packing_B,T09,largo,10,G2,3.973135995047141,0.7828579270329843,1.0581475498484132,True,490,307.24166648024686,59.48357708556532,-0.3524719958372732,24.518377049961995,60,294.0,11.445159103316767,258,-2.8424594053659327
1930,uva,packing_B,T09,largo,10,G2,3.973135995047141,0.7828579270329843,1.0581475498484132,True,490,307.24166648024686,59.48357708556532,-0.3524719958372732,24.518377049961995,60,294.0,11.445159103316767,259,-2.602200097858111
1930,uva,packing_B,T09,largo,10,G2,3.973135995047141,0.7828579270329843,1.0581475498484132,True,490,307.24166648024686,59.48357708556532,-0.3524719958372732,24.518377049961995,60,294.0,11.445159103316767,260,-2.635499653877776
1930,uva,packing_B,T09,largo,10,G2,3.973135995047141,0.7828579270329843,1.0581475498484132,True,490,307.24166648024686,59.48357708556532,-0.3524719958372732,24.518377049961995,60,294.0,11.445159103316767,261,-2.6821331086708193
1930,uva,packing_B,T09,largo,10,G2,3.973135995047141,0.7828579270329843,1.0581475498484132,True,490,307.24166648024686,59.48357708556532,-0.3524719958372732,24.518377049961995,60,294.0,11.445159103316767,262,-2.5476930868739585
1930,uva,packing_B,T09,largo,10,G2,3.973135995047141,0.7828579270329843,1.0581475498484132,True,490,307.24166648024686,59.48357708556532,-0.3524719958372732,24.518377049961995,60,294.0,11.445159103316767,263,-2.1997151406080784
1930,uva,packing_B,T09,largo,10,G2,3.973135995047141,0.7828579270329843,1.0581475498484132,True,490,307.24166648024686,59.48357708556532,-0.3524719958372732,24.518377049961995,60,294.0,11.445159103316767,264,-2.108777431569314
1930,uva,packing_B,T09,largo,10,G2,3.973135995047141,0.7828579270329843,1.0581475498484132,True,490,307.24166648024686,59.48357708556532,-0.3524719958372732,24.518377049961995,60,294.0,11.445159103316767,265,-2.3770211899779423
1930,uva,packing_B,T09,largo,10,G2,3.973135995047141,0.7828579270329843,1.0581475498484132,True,490,307.24166648024686,59.48357708556532,-0.3524719958372732,24.518377049961995,60,294.0,11.445159103316767,266,-2.152764716450432
1930,uva,packing_B,T09,largo,10,G2,3.973135995047141,0.7828579270329843,1.0581475498484132,True,490,307.24166648024686,59.48357708556532,-0.3524719958372732,24.518377049961995,60,294.0,11.445159103316767,267,-2.241294671499095
1930,uva,packing_B,T09,largo,10,G2,3.973135995047141,0.7828579270329843,1.0581475498484132,True,490,307.24166648024686,59.48357708556532,-0.3524719958372732,24.518377049961995,60,294.0,11.445159103316767,268,-1.9401910164981164
1930,uva,packing_B,T09,largo,10,G2,3.973135995047141,0.7828579270329843,1.0581475498484132,True,490,307.24166648024686,59.48357708556532,-0.3524719958372732,24.518377049961995,60,294.0,11.445159103316767,269,-1.8146105577290246
1930,uva,packing_B,T09,largo,10,G2,3.973135995047141,0.7828579270329843,1.0581475498484132,True,490,307.24166648024686,59.48357708556532,-0.3524719958372732,24.518377049961995,60,294.0,11.445159103316767,270,-1.7884503383132737
1930,uva,packing_B,T09,largo,10,G2,3.973135995047141,0.7828579270329843,1.0581475498484132,True,490,307.24166648024686,59.48357708556532,-0.3524719958372732,24.518377049961995,60,294.0,11.445159103316767,271,-1.792907269754373
1930,uva,packing_B,T09,largo,10,G2,3.973135995047141,0.7828579270329843,1.0581475498484132,True,490,307.24166648024686,59.48357708556532,-0.3524719958372732,24.518377049961995,60,294.0,11.445159103316767,272,-1.7154999207783495
1930,uva,packing_B,T09,largo,10,G2,3.973135995047141,0.7828579270329843,1.0581475498484132,True,490,307.24166648024686,59.48357708556532,-0.3524719958372732,24.518377049961995,60,294.0,11.445159103316767,273,-1.5697356208174884
1930,uva,packing_B,T09,largo,10,G2,3.973135995047141,0.7828579270329843,1.0581475498484132,True,490,307.24166648024686,59.48357708556532,-0.3524719958372732,24.518377049961995,60,294.0,11.445159103316767,274,-1.4400498022575459
1930,uva,packing_B,T09,largo,10,G2,3.973135995047141,0.7828579270329843,1.0581475498484132,True,490,307.24166648024686,59.48357708556532,-0.3524719958372732,24.518377049961995,60,294.0,11.445159103316767,275,-1.5523887772564888
1930,uva,packing_B,T09,largo,10,G2,3.973135995047141,0.7828579270329843,1.0581475498484132,True,490,307.24166648024686,59.48357708556532,-0.3524719958372732,24.518377049961995,60,294.0,11.445159103316767,276,-1.2208584573218149
1930,uva,packing_B,T09,largo,10,G2,3.973135995047141,0.7828579270329843,1.0581475498484132,True,490,307.24166648024686,59.48357708556532,-0.3524719958372732,24.518377049961995,60,294.0,11.445159103316767,277,-1.4264420736270311
1930,uva,packing_B,T09,largo,10,G2,3.973135995047141,0.7828579270329843,1.0581475498484132,True,490,307.24166648024686,59.48357708556532,-0.3524719958372732,24.518377049961995,60,294.0,11.445159103316767,278,-1.388243807623697
1930,uva,packing_B,T09,largo,10,G2,3.973135995047141,0.7828579270329843,1.0581475498484132,True,490,307.24166648024686,59.48357708556532,-0.3524719958372732,24.518377049961995,60,294.0,11.445159103316767,279,-1.4591609907277092
1930,uva,packing_B,T09,largo,10,G2,3.973135995047141,0.7828579270329843,1.0581475498484132,True,490,307.24166648024686,59.48357708556532,-0.3524719958372732,24.518377049961995,60,294.0,11.445159103316767,280,-1.309159189539556
1930,uva,packing_B,T09,largo,10,G2,3.973135995047141,0.7828579270329843,1.0581475498484132,True,490,307.24166648024686,59.48357708556532,-0.3524719958372732,24.518377049961995,60,294.0,11.445159103316767,281,-1.2128220377112775
1930,uva,packing_B,T09,largo,10,G2,3.973135995047141,0.7828579270329843,1.0581475498484132,True,490,307.24166648024686,59.48357708556532,-0.3524719958372732,24.518377049961995,60,294.0,11.445159103316767,282,-1.026064911424939
1930,uva,packing_B,T09,largo,10,G2,3.973135995047141,0.7828579270329843,1.0581475498484132,True,490,307.24166648024686,59.48357708556532,-0.3524719958372732,24.518377049961995,60,294.0,11.445159103316767,283,-1.0113308133733798
1930,uva,packing_B,T09,largo,10,G2,3.973135995047141,0.7828579270329843,1.0581475498484132,True,490,307.24166648024686,59.48357708556532,-0.3524719958372732,24.518377049961995,60,294.0,11.445159103316767,284,-1.0055488177324772
1930,uva,packing_B,T09,largo,10,G2,3.973135995047141,0.7828579270329843,1.0581475498484132,True,490,307.24166648024686,59.48357708556532,-0.3524719958372732,24.518377049961995,60,294.0,11.445159103316767,285,-0.8956230481900807
1930,uva,packing_B,T09,largo,10,G2,3.973135995047141,0.7828579270329843,1.0581475498484132,True,490,307.24166648024686,59.48357708556532,-0.3524719958372732,24.518377049961995,60,294.0,11.445159103316767,286,-0.8187420913542611
1930,uva,packing_B,T09,largo,10,G2,3.973135995047141,0.7828579270329843,1.0581475498484132,True,490,307.24166648024686,59.48357708556532,-0.3524719958372732,24.518377049961995,60,294.0,11.445159103316767,287,-0.7932103342653857
1930,uva,packing_B,T09,largo,10,G2,3.973135995047141,0.7828579270329843,1.0581475498484132,True,490,307.24166648024686,59.48357708556532,-0.3524719958372732,24.518377049961995,60,294.0,11.445159103316767,288,-0.799785028476823
1930,uva,packing_B,T09,largo,10,G2,3.973135995047141,0.7828579270329843,1.0581475498484132,True,490,307.24166648024686,59.48357708556532,-0.3524719958372732,24.518377049961995,60,294.0,11.445159103316767,289,-0.6332367367134089
1930,uva,packing_B,T09,largo,10,G2,3.973135995047141,0.7828579270329843,1.0581475498484132,True,490,307.24166648024686,59.48357708556532,-0.3524719958372732,24.518377049961995,60,294.0,11.445159103316767,290,-0.7261484629323323
1930,uva,packing_B,T09,largo,10,G2,3.973135995047141,0.7828579270329843,1.0581475498484132,True,490,307.24166648024686,59.48357708556532,-0.3524719958372732,24.518377049961995,60,294.0,11.445159103316767,291,-0.3782351026397679
1930,uva,packing_B,T09,largo,10,G2,3.973135995047141,0.7828579270329843,1.0581475498484132,True,490,307.24166648024686,59.48357708556532,-0.3524719958372732,24.518377049961995,60,294.0,11.445159103316767,292,-0.5726821965496353
1930,uva,packing_B,T09,largo,10,G2,3.973135995047141,0.7828579270329843,1.0581475498484132,True,490,307.24166648024686,59.48357708556532,-0.3524719958372732,24.518377049961995,60,294.0,11.445159103316767,293,-0.3329600893712957
1930,uva,packing_B,T09,largo,10,G2,3.973135995047141,0.7828579270329843,1.0581475498484132,True,490,307.24166648024686,59.48357708556532,-0.3524719958372732,24.518377049961995,60,294.0,11.445159103316767,294,-0.2654885893303044
1930,uva,packing_B,T09,largo,10,G2,3.973135995047141,0.7828579270329843,1.0581475498484132,True,490,307.24166648024686,59.48357708556532,-0.3524719958372732,24.518377049961995,60,294.0,11.445159103316767,295,-0.8493736005646448
1930,uva,packing_B,T09,largo,10,G2,3.973135995047141,0.7828579270329843,1.0581475498484132,True,490,307.24166648024686,59.48357708556532,-0.3524719958372732,24.518377049961995,60,294.0,11.445159103316767,296,-0.622830087511198
1930,uva,packing_B,T09,largo,10,G2,3.973135995047141,0.7828579270329843,1.0581475498484132,True,490,307.24166648024686,59.48357708556532,-0.3524719958372732,24.518377049961995,60,294.0,11.445159103316767,297,-0.6568381908315535
1930,uva,packing_B,T09,largo,10,G2,3.973135995047141,0.7828579270329843,1.0581475498484132,True,490,307.24166648024686,59.48357708556532,-0.3524719958372732,24.518377049961995,60,294.0,11.445159103316767,298,-0.6219584940564272
1930,uva,packing_B,T09,largo,10,G2,3.973135995047141,0.7828579270329843,1.0581475498484132,True,490,307.24166648024686,59.48357708556532,-0.3524719958372732,24.518377049961995,60,294.0,11.445159103316767,299,-0.26196836683203617
1930,uva,packing_B,T09,largo,10,G2,3.973135995047141,0.7828579270329843,1.0581475498484132,True,490,307.24166648024686,59.48357708556532,-0.3524719958372732,24.518377049961995,60,294.0,11.445159103316767,300,-0.35553270296726547
1930,uva,packing_B,T09,largo,10,G2,3.973135995047141,0.7828579270329843,1.0581475498484132,True,490,307.24166648024686,59.48357708556532,-0.3524719958372732,24.518377049961995,60,294.0,11.445159103316767,301,-0.1956109451287867
1930,uva,packing_B,T09,largo,10,G2,3.973135995047141,0.7828579270329843,1.0581475498484132,True,490,307.24166648024686,59.48357708556532,-0.3524719958372732,24.518377049961995,60,294.0,11.445159103316767,302,-0.08246460920182058
1930,uva,packing_B,T09,largo,10,G2,3.973135995047141,0.7828579270329843,1.0581475498484132,True,490,307.24166648024686,59.48357708556532,-0.3524719958372732,24.518377049961995,60,294.0,11.445159103316767,303,0.06204382266175061
1930,uva,packing_B,T09,largo,10,G2,3.973135995047141,0.7828579270329843,1.0581475498484132,True,490,307.24166648024686,59.48357708556532,-0.3524719958372732,24.518377049961995,60,294.0,11.445159103316767,304,0.12190616401321168
1930,uva,packing_B,T09,largo,10,G2,3.973135995047141,0.7828579270329843,1.0581475498484132,True,490,307.24166648024686,59.48357708556532,-0.3524719958372732,24.518377049961995,60,294.0,11.445159103316767,305,0.03757654587752201
1930,uva,packing_B,T09,largo,10,G2,3.973135995047141,0.7828579270329843,1.0581475498484132,True,490,307.24166648024686,59.48357708556532,-0.3524719958372732,24.518377049961995,60,294.0,11.445159103316767,306,0.29053863913550676
1930,uva,packing_B,T09,largo,10,G2,3.973135995047141,0.7828579270329843,1.0581475498484132,True,490,307.24166648024686,59.48357708556532,-0.3524719958372732,24.518377049961995,60,294.0,11.445159103316767,307,0.019466522787095486
1930,uva,packing_B,T09,largo,10,G2,3.973135995047141,0.7828579270329843,1.0581475498484132,True,490,307.24166648024686,59.48357708556532,-0.3524719958372732,24.518377049961995,60,294.0,11.445159103316767,308,0.09843998615321296
1930,uva,packing_B,T09,largo,10,G2,3.973135995047141,0.7828579270329843,1.0581475498484132,True,490,307.24166648024686,59.48357708556532,-0.3524719958372732,24.518377049961995,60,294.0,11.445159103316767,309,0.17986030311799034
1930,uva,packing_B,T09,largo,10,G2,3.973135995047141,0.7828579270329843,1.0581475498484132,True,490,307.24166648024686,59.48357708556532,-0.3524719958372732,24.518377049961995,60,294.0,11.445159103316767,310,0.019060955157964563
1930,uva,packing_B,T09,largo,10,G2,3.973135995047141,0.7828579270329843,1.0581475498484132,True,490,307.24166648024686,59.48357708556532,-0.3524719958372732,24.518377049961995,60,294.0,11.445159103316767,311,0.057056403019653326
1930,uva,packing_B,T09,largo,10,G2,3.973135995047141,0.7828579270329843,1.0581475498484132,True,490,307.24166648024686,59.48357708556532,-0.3524719958372732,24.518377049961995,60,294.0,11.445159103316767,312,-0.15012690230812237
1930,uva,packing_B,T09,largo,10,G2,3.973135995047141,0.7828579270329843,1.0581475498484132,True,490,307.24166648024686,59.48357708556532,-0.3524719958372732,24.518377049961995,60,294.0,11.445159103316767,313,-0.11155916804299823
1930,uva,packing_B,T09,largo,10,G2,3.973135995047141,0.7828579270329843,1.0581475498484132,True,490,307.24166648024686,59.48357708556532,-0.3524719958372732,24.518377049961995,60,294.0,11.445159103316767,314,-0.2319623546697578
1930,uva,packing_B,T09,largo,10,G2,3.973135995047141,0.7828579270329843,1.0581475498484132,True,490,307.24166648024686,59.48357708556532,-0.3524719958372732,24.518377049961995,60,294.0,11.445159103316767,315,-0.4896232437383592
1930,uva,packing_B,T09,largo,10,G2,3.973135995047141,0.7828579270329843,1.0581475498484132,True,490,307.24166648024686,59.48357708556532,-0.3524719958372732,24.518377049961995,60,294.0,11.445159103316767,316,-0.3847926582535173
1930,uva,packing_B,T09,largo,10,G2,3.973135995047141,0.7828579270329843,1.0581475498484132,True,490,307.24166648024686,59.48357708556532,-0.3524719958372732,24.518377049961995,60,294.0,11.445159103316767,317,-0.43177236333509805
1930,uva,packing_B,T09,largo,10,G2,3.973135995047141,0.7828579270329843,1.0581475498484132,True,490,307.24166648024686,59.48357708556532,-0.3524719958372732,24.518377049961995,60,294.0,11.445159103316767,318,-0.6031750922719896
1930,uva,packing_B,T09,largo,10,G2,3.973135995047141,0.7828579270329843,1.0581475498484132,True,490,307.24166648024686,59.48357708556532,-0.3524719958372732,24.518377049961995,60,294.0,11.445159103316767,319,-0.5953286104931741
1930,uva,packing_B,T09,largo,10,G2,3.973135995047141,0.7828579270329843,1.0581475498484132,True,490,307.24166648024686,59.48357708556532,-0.3524719958372732,24.518377049961995,60,294.0,11.445159103316767,320,-0.7208406146232994
1930,uva,packing_B,T09,largo,10,G2,3.973135995047141,0.7828579270329843,1.0581475498484132,True,490,307.24166648024686,59.48357708556532,-0.3524719958372732,24.518377049961995,60,294.0,11.445159103316767,321,-0.8571971528597447
1930,uva,packing_B,T09,largo,10,G2,3.973135995047141,0.7828579270329843,1.0581475498484132,True,490,307.24166648024686,59.48357708556532,-0.3524719958372732,24.518377049961995,60,294.0,11.445159103316767,322,-0.9015951959901884
1930,uva,packing_B,T09,largo,10,G2,3.973135995047141,0.7828579270329843,1.0581475498484132,True,490,307.24166648024686,59.48357708556532,-0.3524719958372732,24.518377049961995,60,294.0,11.445159103316767,323,-0.9452971233174913
1930,uva,packing_B,T09,largo,10,G2,3.973135995047141,0.7828579270329843,1.0581475498484132,True,490,307.24166648024686,59.48357708556532,-0.3524719958372732,24.518377049961995,60,294.0,11.445159103316767,324,-0.8753403408881927
1930,uva,packing_B,T09,largo,10,G2,3.973135995047141,0.7828579270329843,1.0581475498484132,True,490,307.24166648024686,59.48357708556532,-0.3524719958372732,24.518377049961995,60,294.0,11.445159103316767,325,-1.071175653960798
1930,uva,packing_B,T09,largo,10,G2,3.973135995047141,0.7828579270329843,1.0581475498484132,True,490,307.24166648024686,59.48357708556532,-0.3524719958372732,24.518377049961995,60,294.0,11.445159103316767,326,-0.6611060153289771
1930,uva,packing_B,T09,largo,10,G2,3.973135995047141,0.7828579270329843,1.0581475498484132,True,490,307.24166648024686,59.48357708556532,-0.3524719958372732,24.518377049961995,60,294.0,11.445159103316767,327,-0.7341623160223912
1930,uva,packing_B,T09,largo,10,G2,3.973135995047141,0.7828579270329843,1.0581475498484132,True,490,307.24166648024686,59.48357708556532,-0.3524719958372732,24.518377049961995,60,294.0,11.445159103316767,328,-0.5758614192418092
1930,uva,packing_B,T09,largo,10,G2,3.973135995047141,0.7828579270329843,1.0581475498484132,True,490,307.24166648024686,59.48357708556532,-0.3524719958372732,24.518377049961995,60,294.0,11.445159103316767,329,-0.39027326149817154
1930,uva,packing_B,T09,largo,10,G2,3.973135995047141,0.7828579270329843,1.0581475498484132,True,490,307.24166648024686,59.48357708556532,-0.3524719958372732,24.518377049961995,60,294.0,11.445159103316767,330,-0.5036442563174737
1930,uva,packing_B,T09,largo,10,G2,3.973135995047141,0.7828579270329843,1.0581475498484132,True,490,307.24166648024686,59.48357708556532,-0.3524719958372732,24.518377049961995,60,294.0,11.445159103316767,331,-0.3359787415760963
1930,uva,packing_B,T09,largo,10,G2,3.973135995047141,0.7828579270329843,1.0581475498484132,True,490,307.24166648024686,59.48357708556532,-0.3524719958372732,24.518377049961995,60,294.0,11.445159103316767,332,-0.3130604555545118
1930,uva,packing_B,T09,largo,10,G2,3.973135995047141,0.7828579270329843,1.0581475498484132,True,490,307.24166648024686,59.48357708556532,-0.3524719958372732,24.518377049961995,60,294.0,11.445159103316767,333,-0.18065048370058412
1930,uva,packing_B,T09,largo,10,G2,3.973135995047141,0.7828579270329843,1.0581475498484132,True,490,307.24166648024686,59.48357708556532,-0.3524719958372732,24.518377049961995,60,294.0,11.445159103316767,334,0.15907545396561587
1930,uva,packing_B,T09,largo,10,G2,3.973135995047141,0.7828579270329843,1.0581475498484132,True,490,307.24166648024686,59.48357708556532,-0.3524719958372732,24.518377049961995,60,294.0,11.445159103316767,335,0.11302098853100033
1930,uva,packing_B,T09,largo,10,G2,3.973135995047141,0.7828579270329843,1.0581475498484132,True,490,307.24166648024686,59.48357708556532,-0.3524719958372732,24.518377049961995,60,294.0,11.445159103316767,336,-0.007020096182027286
1930,uva,packing_B,T09,largo,10,G2,3.973135995047141,0.7828579270329843,1.0581475498484132,True,490,307.24166648024686,59.48357708556532,-0.3524719958372732,24.518377049961995,60,294.0,11.445159103316767,337,0.1487025723521962
1930,uva,packing_B,T09,largo,10,G2,3.973135995047141,0.7828579270329843,1.0581475498484132,True,490,307.24166648024686,59.48357708556532,-0.3524719958372732,24.518377049961995,60,294.0,11.445159103316767,338,0.12044029529679773
1930,uva,packing_B,T09,largo,10,G2,3.973135995047141,0.7828579270329843,1.0581475498484132,True,490,307.24166648024686,59.48357708556532,-0.3524719958372732,24.518377049961995,60,294.0,11.445159103316767,339,-0.033090087903888066
1930,uva,packing_B,T09,largo,10,G2,3.973135995047141,0.7828579270329843,1.0581475498484132,True,490,307.24166648024686,59.48357708556532,-0.3524719958372732,24.518377049961995,60,294.0,11.445159103316767,340,0.13504774224585958
1930,uva,packing_B,T09,largo,10,G2,3.973135995047141,0.7828579270329843,1.0581475498484132,True,490,307.24166648024686,59.48357708556532,-0.3524719958372732,24.518377049961995,60,294.0,11.445159103316767,341,0.11112705681266231
1930,uva,packing_B,T09,largo,10,G2,3.973135995047141,0.7828579270329843,1.0581475498484132,True,490,307.24166648024686,59.48357708556532,-0.3524719958372732,24.518377049961995,60,294.0,11.445159103316767,342,-0.10030685226800057
1930,uva,packing_B,T09,largo,10,G2,3.973135995047141,0.7828579270329843,1.0581475498484132,True,490,307.24166648024686,59.48357708556532,-0.3524719958372732,24.518377049961995,60,294.0,11.445159103316767,343,-0.12601999318121052
1930,uva,packing_B,T09,largo,10,G2,3.973135995047141,0.7828579270329843,1.0581475498484132,True,490,307.24166648024686,59.48357708556532,-0.3524719958372732,24.518377049961995,60,294.0,11.445159103316767,344,-0.03644099727814348
1930,uva,packing_B,T09,largo,10,G2,3.973135995047141,0.7828579270329843,1.0581475498484132,True,490,307.24166648024686,59.48357708556532,-0.3524719958372732,24.518377049961995,60,294.0,11.445159103316767,345,-0.4444100038417377
1930,uva,packing_B,T09,largo,10,G2,3.973135995047141,0.7828579270329843,1.0581475498484132,True,490,307.24166648024686,59.48357708556532,-0.3524719958372732,24.518377049961995,60,294.0,11.445159103316767,346,-0.6288105240060764
1930,uva,packing_B,T09,largo,10,G2,3.973135995047141,0.7828579270329843,1.0581475498484132,True,490,307.24166648024686,59.48357708556532,-0.3524719958372732,24.518377049961995,60,294.0,11.445159103316767,347,-0.5539842119932931
1930,uva,packing_B,T09,largo,10,G2,3.973135995047141,0.7828579270329843,1.0581475498484132,True,490,307.24166648024686,59.48357708556532,-0.3524719958372732,24.518377049961995,60,294.0,11.445159103316767,348,-0.7626555964349202
1930,uva,packing_B,T09,largo,10,G2,3.973135995047141,0.7828579270329843,1.0581475498484132,True,490,307.24166648024686,59.48357708556532,-0.3524719958372732,24.518377049961995,60,294.0,11.445159103316767,349,-0.8768513057364362
1930,uva,packing_B,T09,largo,10,G2,3.973135995047141,0.7828579270329843,1.0581475498484132,True,490,307.24166648024686,59.48357708556532,-0.3524719958372732,24.518377049961995,60,294.0,11.445159103316767,350,-0.8964360102187933
1930,uva,packing_B,T09,largo,10,G2,3.973135995047141,0.7828579270329843,1.0581475498484132,True,490,307.24166648024686,59.48357708556532,-0.3524719958372732,24.518377049961995,60,294.0,11.445159103316767,351,-0.6551783224868896
1930,uva,packing_B,T09,largo,10,G2,3.973135995047141,0.7828579270329843,1.0581475498484132,True,490,307.24166648024686,59.48357708556532,-0.3524719958372732,24.518377049961995,60,294.0,11.445159103316767,352,-0.76426079633714
1930,uva,packing_B,T09,largo,10,G2,3.973135995047141,0.7828579270329843,1.0581475498484132,True,490,307.24166648024686,59.48357708556532,-0.3524719958372732,24.518377049961995,60,294.0,11.445159103316767,353,-0.7984419526319595
1930,uva,packing_B,T09,largo,10,G2,3.973135995047141,0.7828579270329843,1.0581475498484132,True,490,307.24166648024686,59.48357708556532,-0.3524719958372732,24.518377049961995,60,294.0,11.445159103316767,354,-0.8346997040513908
1930,uva,packing_B,T09,largo,10,G2,3.973135995047141,0.7828579270329843,1.0581475498484132,True,490,307.24166648024686,59.48357708556532,-0.3524719958372732,24.518377049961995,60,294.0,11.445159103316767,355,-0.7346610664678208
1930,uva,packing_B,T09,largo,10,G2,3.973135995047141,0.7828579270329843,1.0581475498484132,True,490,307.24166648024686,59.48357708556532,-0.3524719958372732,24.518377049961995,60,294.0,11.445159103316767,356,-0.6239969737748357
1930,uva,packing_B,T09,largo,10,G2,3.973135995047141,0.7828579270329843,1.0581475498484132,True,490,307.24166648024686,59.48357708556532,-0.3524719958372732,24.518377049961995,60,294.0,11.445159103316767,357,-0.7219428051602044
1930,uva,packing_B,T09,largo,10,G2,3.973135995047141,0.7828579270329843,1.0581475498484132,True,490,307.24166648024686,59.48357708556532,-0.3524719958372732,24.518377049961995,60,294.0,11.445159103316767,358,-0.6497518869652623
1930,uva,packing_B,T09,largo,10,G2,3.973135995047141,0.7828579270329843,1.0581475498484132,True,490,307.24166648024686,59.48357708556532,-0.3524719958372732,24.518377049961995,60,294.0,11.445159103316767,359,-0.42581127981258343
1930,uva,packing_B,T09,largo,10,G2,3.973135995047141,0.7828579270329843,1.0581475498484132,True,490,307.24166648024686,59.48357708556532,-0.3524719958372732,24.518377049961995,60,294.0,11.445159103316767,360,-0.4306579897016497
1930,uva,packing_B,T09,largo,10,G2,3.973135995047141,0.7828579270329843,1.0581475498484132,True,490,307.24166648024686,59.48357708556532,-0.3524719958372732,24.518377049961995,60,294.0,11.445159103316767,361,-0.1734214973110817
1930,uva,packing_B,T09,largo,10,G2,3.973135995047141,0.7828579270329843,1.0581475498484132,True,490,307.24166648024686,59.48357708556532,-0.3524719958372732,24.518377049961995,60,294.0,11.445159103316767,362,-0.1561516560562406
1930,uva,packing_B,T09,largo,10,G2,3.973135995047141,0.7828579270329843,1.0581475498484132,True,490,307.24166648024686,59.48357708556532,-0.3524719958372732,24.518377049961995,60,294.0,11.445159103316767,363,0.03664937706090042
1930,uva,packing_B,T09,largo,10,G2,3.973135995047141,0.7828579270329843,1.0581475498484132,True,490,307.24166648024686,59.48357708556532,-0.3524719958372732,24.518377049961995,60,294.0,11.445159103316767,364,-0.040943245738020655
1930,uva,packing_B,T09,largo,10,G2,3.973135995047141,0.7828579270329843,1.0581475498484132,True,490,307.24166648024686,59.48357708556532,-0.3524719958372732,24.518377049961995,60,294.0,11.445159103316767,365,-0.020922330089623117
1930,uva,packing_B,T09,largo,10,G2,3.973135995047141,0.7828579270329843,1.0581475498484132,True,490,307.24166648024686,59.48357708556532,-0.3524719958372732,24.518377049961995,60,294.0,11.445159103316767,366,0.205843145652776
1930,uva,packing_B,T09,largo,10,G2,3.973135995047141,0.7828579270329843,1.0581475498484132,True,490,307.24166648024686,59.48357708556532,-0.3524719958372732,24.518377049961995,60,294.0,11.445159103316767,367,-0.06184185989589308
1930,uva,packing_B,T09,largo,10,G2,3.973135995047141,0.7828579270329843,1.0581475498484132,True,490,307.24166648024686,59.48357708556532,-0.3524719958372732,24.518377049961995,60,294.0,11.445159103316767,368,0.17399479442929675
1930,uva,packing_B,T09,largo,10,G2,3.973135995047141,0.7828579270329843,1.0581475498484132,True,490,307.24166648024686,59.48357708556532,-0.3524719958372732,24.518377049961995,60,294.0,11.445159103316767,369,0.11875008809418204
1930,uva,packing_B,T09,largo,10,G2,3.973135995047141,0.7828579270329843,1.0581475498484132,True,490,307.24166648024686,59.48357708556532,-0.3524719958372732,24.518377049961995,60,294.0,11.445159103316767,370,0.1972125458879707
1930,uva,packing_B,T09,largo,10,G2,3.973135995047141,0.7828579270329843,1.0581475498484132,True,490,307.24166648024686,59.48357708556532,-0.3524719958372732,24.518377049961995,60,294.0,11.445159103316767,371,0.041682221115586365
1930,uva,packing_B,T09,largo,10,G2,3.973135995047141,0.7828579270329843,1.0581475498484132,True,490,307.24166648024686,59.48357708556532,-0.3524719958372732,24.518377049961995,60,294.0,11.445159103316767,372,-0.09372956842360106
1930,uva,packing_B,T09,largo,10,G2,3.973135995047141,0.7828579270329843,1.0581475498484132,True,490,307.24166648024686,59.48357708556532,-0.3524719958372732,24.518377049961995,60,294.0,11.445159103316767,373,-0.22214850116503543
1930,uva,packing_B,T09,largo,10,G2,3.973135995047141,0.7828579270329843,1.0581475498484132,True,490,307.24166648024686,59.48357708556532,-0.3524719958372732,24.518377049961995,60,294.0,11.445159103316767,374,-0.3937329766372154
1930,uva,packing_B,T09,largo,10,G2,3.973135995047141,0.7828579270329843,1.0581475498484132,True,490,307.24166648024686,59.48357708556532,-0.3524719958372732,24.518377049961995,60,294.0,11.445159103316767,375,-0.24909357723410994
1930,uva,packing_B,T09,largo,10,G2,3.973135995047141,0.7828579270329843,1.0581475498484132,True,490,307.24166648024686,59.48357708556532,-0.3524719958372732,24.518377049961995,60,294.0,11.445159103316767,376,-0.4153827521749235
1930,uva,packing_B,T09,largo,10,G2,3.973135995047141,0.7828579270329843,1.0581475498484132,True,490,307.24166648024686,59.48357708556532,-0.3524719958372732,24.518377049961995,60,294.0,11.445159103316767,377,-0.501923661875644
1930,uva,packing_B,T09,largo,10,G2,3.973135995047141,0.7828579270329843,1.0581475498484132,True,490,307.24166648024686,59.48357708556532,-0.3524719958372732,24.518377049961995,60,294.0,11.445159103316767,378,-0.8133393317008216
1930,uva,packing_B,T09,largo,10,G2,3.973135995047141,0.7828579270329843,1.0581475498484132,True,490,307.24166648024686,59.48357708556532,-0.3524719958372732,24.518377049961995,60,294.0,11.445159103316767,379,-0.7872530695105219
1930,uva,packing_B,T09,largo,10,G2,3.973135995047141,0.7828579270329843,1.0581475498484132,True,490,307.24166648024686,59.48357708556532,-0.3524719958372732,24.518377049961995,60,294.0,11.445159103316767,380,-0.8092527283415284
1930,uva,packing_B,T09,largo,10,G2,3.973135995047141,0.7828579270329843,1.0581475498484132,True,490,307.24166648024686,59.48357708556532,-0.3524719958372732,24.518377049961995,60,294.0,11.445159103316767,381,-0.9542763542681076
1930,uva,packing_B,T09,largo,10,G2,3.973135995047141,0.7828579270329843,1.0581475498484132,True,490,307.24166648024686,59.48357708556532,-0.3524719958372732,24.518377049961995,60,294.0,11.445159103316767,382,-0.7477562795571021
1930,uva,packing_B,T09,largo,10,G2,3.973135995047141,0.7828579270329843,1.0581475498484132,True,490,307.24166648024686,59.48357708556532,-0.3524719958372732,24.518377049961995,60,294.0,11.445159103316767,383,-0.8046460017399025
1930,uva,packing_B,T09,largo,10,G2,3.973135995047141,0.7828579270329843,1.0581475498484132,True,490,307.24166648024686,59.48357708556532,-0.3524719958372732,24.518377049961995,60,294.0,11.445159103316767,384,-0.8096842243111532
1930,uva,packing_B,T09,largo,10,G2,3.973135995047141,0.7828579270329843,1.0581475498484132,True,490,307.24166648024686,59.48357708556532,-0.3524719958372732,24.518377049961995,60,294.0,11.445159103316767,385,-0.8439191116150402
1930,uva,packing_B,T09,largo,10,G2,3.973135995047141,0.7828579270329843,1.0581475498484132,True,490,307.24166648024686,59.48357708556532,-0.3524719958372732,24.518377049961995,60,294.0,11.445159103316767,386,-0.8092105656324436
1930,uva,packing_B,T09,largo,10,G2,3.973135995047141,0.7828579270329843,1.0581475498484132,True,490,307.24166648024686,59.48357708556532,-0.3524719958372732,24.518377049961995,60,294.0,11.445159103316767,387,-0.7209931685086233
1930,uva,packing_B,T09,largo,10,G2,3.973135995047141,0.7828579270329843,1.0581475498484132,True,490,307.24166648024686,59.48357708556532,-0.3524719958372732,24.518377049961995,60,294.0,11.445159103316767,388,-0.5632133442307864
1930,uva,packing_B,T09,largo,10,G2,3.973135995047141,0.7828579270329843,1.0581475498484132,True,490,307.24166648024686,59.48357708556532,-0.3524719958372732,24.518377049961995,60,294.0,11.445159103316767,389,-0.4715564682862872
1930,uva,packing_B,T09,largo,10,G2,3.973135995047141,0.7828579270329843,1.0581475498484132,True,490,307.24166648024686,59.48357708556532,-0.3524719958372732,24.518377049961995,60,294.0,11.445159103316767,390,-0.3928926677181022
1930,uva,packing_B,T09,largo,10,G2,3.973135995047141,0.7828579270329843,1.0581475498484132,True,490,307.24166648024686,59.48357708556532,-0.3524719958372732,24.518377049961995,60,294.0,11.445159103316767,391,-0.18788818715816513
1930,uva,packing_B,T09,largo,10,G2,3.973135995047141,0.7828579270329843,1.0581475498484132,True,490,307.24166648024686,59.48357708556532,-0.3524719958372732,24.518377049961995,60,294.0,11.445159103316767,392,-0.10662930213055777
1930,uva,packing_B,T09,largo,10,G2,3.973135995047141,0.7828579270329843,1.0581475498484132,True,490,307.24166648024686,59.48357708556532,-0.3524719958372732,24.518377049961995,60,294.0,11.445159103316767,393,-0.022306820784542797
1930,uva,packing_B,T09,largo,10,G2,3.973135995047141,0.7828579270329843,1.0581475498484132,True,490,307.24166648024686,59.48357708556532,-0.3524719958372732,24.518377049961995,60,294.0,11.445159103316767,394,-0.03159157044820388
1930,uva,packing_B,T09,largo,10,G2,3.973135995047141,0.7828579270329843,1.0581475498484132,True,490,307.24166648024686,59.48357708556532,-0.3524719958372732,24.518377049961995,60,294.0,11.445159103316767,395,0.04008053442846874
1930,uva,packing_B,T09,largo,10,G2,3.973135995047141,0.7828579270329843,1.0581475498484132,True,490,307.24166648024686,59.48357708556532,-0.3524719958372732,24.518377049961995,60,294.0,11.445159103316767,396,0.18255805217605525
1930,uva,packing_B,T09,largo,10,G2,3.973135995047141,0.7828579270329843,1.0581475498484132,True,490,307.24166648024686,59.48357708556532,-0.3524719958372732,24.518377049961995,60,294.0,11.445159103316767,397,-0.015023287748449077
1930,uva,packing_B,T09,largo,10,G2,3.973135995047141,0.7828579270329843,1.0581475498484132,True,490,307.24166648024686,59.48357708556532,-0.3524719958372732,24.518377049961995,60,294.0,11.445159103316767,398,0.045221448296736355
1930,uva,packing_B,T09,largo,10,G2,3.973135995047141,0.7828579270329843,1.0581475498484132,True,490,307.24166648024686,59.48357708556532,-0.3524719958372732,24.518377049961995,60,294.0,11.445159103316767,399,0.09576636066687072
1930,uva,packing_B,T09,largo,10,G2,3.973135995047141,0.7828579270329843,1.0581475498484132,True,490,307.24166648024686,59.48357708556532,-0.3524719958372732,24.518377049961995,60,294.0,11.445159103316767,400,0.009473892305982182
1930,uva,packing_B,T09,largo,10,G2,3.973135995047141,0.7828579270329843,1.0581475498484132,True,490,307.24166648024686,59.48357708556532,-0.3524719958372732,24.518377049961995,60,294.0,11.445159103316767,401,-0.010280645537451946
1930,uva,packing_B,T09,largo,10,G2,3.973135995047141,0.7828579270329843,1.0581475498484132,True,490,307.24166648024686,59.48357708556532,-0.3524719958372732,24.518377049961995,60,294.0,11.445159103316767,402,-0.024851385445320263
1930,uva,packing_B,T09,largo,10,G2,3.973135995047141,0.7828579270329843,1.0581475498484132,True,490,307.24166648024686,59.48357708556532,-0.3524719958372732,24.518377049961995,60,294.0,11.445159103316767,403,-0.10336870298932624
1930,uva,packing_B,T09,largo,10,G2,3.973135995047141,0.7828579270329843,1.0581475498484132,True,490,307.24166648024686,59.48357708556532,-0.3524719958372732,24.518377049961995,60,294.0,11.445159103316767,404,-0.28926532331823596
1930,uva,packing_B,T09,largo,10,G2,3.973135995047141,0.7828579270329843,1.0581475498484132,True,490,307.24166648024686,59.48357708556532,-0.3524719958372732,24.518377049961995,60,294.0,11.445159103316767,405,-0.30352552169358865
1930,uva,packing_B,T09,largo,10,G2,3.973135995047141,0.7828579270329843,1.0581475498484132,True,490,307.24166648024686,59.48357708556532,-0.3524719958372732,24.518377049961995,60,294.0,11.445159103316767,406,-0.42070386755241884
1930,uva,packing_B,T09,largo,10,G2,3.973135995047141,0.7828579270329843,1.0581475498484132,True,490,307.24166648024686,59.48357708556532,-0.3524719958372732,24.518377049961995,60,294.0,11.445159103316767,407,-0.623312679162612
1930,uva,packing_B,T09,largo,10,G2,3.973135995047141,0.7828579270329843,1.0581475498484132,True,490,307.24166648024686,59.48357708556532,-0.3524719958372732,24.518377049961995,60,294.0,11.445159103316767,408,-0.6269854934835033
1930,uva,packing_B,T09,largo,10,G2,3.973135995047141,0.7828579270329843,1.0581475498484132,True,490,307.24166648024686,59.48357708556532,-0.3524719958372732,24.518377049961995,60,294.0,11.445159103316767,409,-0.7782747572264711
1930,uva,packing_B,T09,largo,10,G2,3.973135995047141,0.7828579270329843,1.0581475498484132,True,490,307.24166648024686,59.48357708556532,-0.3524719958372732,24.518377049961995,60,294.0,11.445159103316767,410,-0.7922394459899531
1930,uva,packing_B,T09,largo,10,G2,3.973135995047141,0.7828579270329843,1.0581475498484132,True,490,307.24166648024686,59.48357708556532,-0.3524719958372732,24.518377049961995,60,294.0,11.445159103316767,411,-0.7792592675433915
1930,uva,packing_B,T09,largo,10,G2,3.973135995047141,0.7828579270329843,1.0581475498484132,True,490,307.24166648024686,59.48357708556532,-0.3524719958372732,24.518377049961995,60,294.0,11.445159103316767,412,-0.6926016980182439
1930,uva,packing_B,T09,largo,10,G2,3.973135995047141,0.7828579270329843,1.0581475498484132,True,490,307.24166648024686,59.48357708556532,-0.3524719958372732,24.518377049961995,60,294.0,11.445159103316767,413,-0.816643431024224
1930,uva,packing_B,T09,largo,10,G2,3.973135995047141,0.7828579270329843,1.0581475498484132,True,490,307.24166648024686,59.48357708556532,-0.3524719958372732,24.518377049961995,60,294.0,11.445159103316767,414,-0.9548791803611197
1930,uva,packing_B,T09,largo,10,G2,3.973135995047141,0.7828579270329843,1.0581475498484132,True,490,307.24166648024686,59.48357708556532,-0.3524719958372732,24.518377049961995,60,294.0,11.445159103316767,415,-0.6685023211989884
1930,uva,packing_B,T09,largo,10,G2,3.973135995047141,0.7828579270329843,1.0581475498484132,True,490,307.24166648024686,59.48357708556532,-0.3524719958372732,24.518377049961995,60,294.0,11.445159103316767,416,-0.694675885665121
1930,uva,packing_B,T09,largo,10,G2,3.973135995047141,0.7828579270329843,1.0581475498484132,True,490,307.24166648024686,59.48357708556532,-0.3524719958372732,24.518377049961995,60,294.0,11.445159103316767,417,-0.45679855562034094
1930,uva,packing_B,T09,largo,10,G2,3.973135995047141,0.7828579270329843,1.0581475498484132,True,490,307.24166648024686,59.48357708556532,-0.3524719958372732,24.518377049961995,60,294.0,11.445159103316767,418,-0.6066162904192773
1930,uva,packing_B,T09,largo,10,G2,3.973135995047141,0.7828579270329843,1.0581475498484132,True,490,307.24166648024686,59.48357708556532,-0.3524719958372732,24.518377049961995,60,294.0,11.445159103316767,419,-0.5445581053210251
1930,uva,packing_B,T09,largo,10,G2,3.973135995047141,0.7828579270329843,1.0581475498484132,True,490,307.24166648024686,59.48357708556532,-0.3524719958372732,24.518377049961995,60,294.0,11.445159103316767,420,-0.3704111017587478
1930,uva,packing_B,T09,largo,10,G2,3.973135995047141,0.7828579270329843,1.0581475498484132,True,490,307.24166648024686,59.48357708556532,-0.3524719958372732,24.518377049961995,60,294.0,11.445159103316767,421,-0.1766278494370967
1930,uva,packing_B,T09,largo,10,G2,3.973135995047141,0.7828579270329843,1.0581475498484132,True,490,307.24166648024686,59.48357708556532,-0.3524719958372732,24.518377049961995,60,294.0,11.445159103316767,422,-0.33055626348702183
1930,uva,packing_B,T09,largo,10,G2,3.973135995047141,0.7828579270329843,1.0581475498484132,True,490,307.24166648024686,59.48357708556532,-0.3524719958372732,24.518377049961995,60,294.0,11.445159103316767,423,0.046626136418808084
1930,uva,packing_B,T09,largo,10,G2,3.973135995047141,0.7828579270329843,1.0581475498484132,True,490,307.24166648024686,59.48357708556532,-0.3524719958372732,24.518377049961995,60,294.0,11.445159103316767,424,0.05007959139471204
1930,uva,packing_B,T09,largo,10,G2,3.973135995047141,0.7828579270329843,1.0581475498484132,True,490,307.24166648024686,59.48357708556532,-0.3524719958372732,24.518377049961995,60,294.0,11.445159103316767,425,-0.03498195755133808
1930,uva,packing_B,T09,largo,10,G2,3.973135995047141,0.7828579270329843,1.0581475498484132,True,490,307.24166648024686,59.48357708556532,-0.3524719958372732,24.518377049961995,60,294.0,11.445159103316767,426,0.21360922358176698
1930,uva,packing_B,T09,largo,10,G2,3.973135995047141,0.7828579270329843,1.0581475498484132,True,490,307.24166648024686,59.48357708556532,-0.3524719958372732,24.518377049961995,60,294.0,11.445159103316767,427,0.2161357067988386
1930,uva,packing_B,T09,largo,10,G2,3.973135995047141,0.7828579270329843,1.0581475498484132,True,490,307.24166648024686,59.48357708556532,-0.3524719958372732,24.518377049961995,60,294.0,11.445159103316767,428,0.12731524034325592
1930,uva,packing_B,T09,largo,10,G2,3.973135995047141,0.7828579270329843,1.0581475498484132,True,490,307.24166648024686,59.48357708556532,-0.3524719958372732,24.518377049961995,60,294.0,11.445159103316767,429,0.11514318524305706
1930,uva,packing_B,T09,largo,10,G2,3.973135995047141,0.7828579270329843,1.0581475498484132,True,490,307.24166648024686,59.48357708556532,-0.3524719958372732,24.518377049961995,60,294.0,11.445159103316767,430,0.2054488599564417
1930,uva,packing_B,T09,largo,10,G2,3.973135995047141,0.7828579270329843,1.0581475498484132,True,490,307.24166648024686,59.48357708556532,-0.3524719958372732,24.518377049961995,60,294.0,11.445159103316767,431,0.002423647793024541
1930,uva,packing_B,T09,largo,10,G2,3.973135995047141,0.7828579270329843,1.0581475498484132,True,490,307.24166648024686,59.48357708556532,-0.3524719958372732,24.518377049961995,60,294.0,11.445159103316767,432,-0.09680859404783118
1930,uva,packing_B,T09,largo,10,G2,3.973135995047141,0.7828579270329843,1.0581475498484132,True,490,307.24166648024686,59.48357708556532,-0.3524719958372732,24.518377049961995,60,294.0,11.445159103316767,433,0.0038498899004395792
1930,uva,packing_B,T09,largo,10,G2,3.973135995047141,0.7828579270329843,1.0581475498484132,True,490,307.24166648024686,59.48357708556532,-0.3524719958372732,24.518377049961995,60,294.0,11.445159103316767,434,-0.042716840228134795
1930,uva,packing_B,T09,largo,10,G2,3.973135995047141,0.7828579270329843,1.0581475498484132,True,490,307.24166648024686,59.48357708556532,-0.3524719958372732,24.518377049961995,60,294.0,11.445159103316767,435,-0.34807719175790736
1930,uva,packing_B,T09,largo,10,G2,3.973135995047141,0.7828579270329843,1.0581475498484132,True,490,307.24166648024686,59.48357708556532,-0.3524719958372732,24.518377049961995,60,294.0,11.445159103316767,436,-0.45826819480853526
1930,uva,packing_B,T09,largo,10,G2,3.973135995047141,0.7828579270329843,1.0581475498484132,True,490,307.24166648024686,59.48357708556532,-0.3524719958372732,24.518377049961995,60,294.0,11.445159103316767,437,-0.5380584220892212
1930,uva,packing_B,T09,largo,10,G2,3.973135995047141,0.7828579270329843,1.0581475498484132,True,490,307.24166648024686,59.48357708556532,-0.3524719958372732,24.518377049961995,60,294.0,11.445159103316767,438,-0.5777510373401346
1930,uva,packing_B,T09,largo,10,G2,3.973135995047141,0.7828579270329843,1.0581475498484132,True,490,307.24166648024686,59.48357708556532,-0.3524719958372732,24.518377049961995,60,294.0,11.445159103316767,439,-0.8313628587787704
1930,uva,packing_B,T09,largo,10,G2,3.973135995047141,0.7828579270329843,1.0581475498484132,True,490,307.24166648024686,59.48357708556532,-0.3524719958372732,24.518377049961995,60,294.0,11.445159103316767,440,-0.7899329813604201
1930,uva,packing_B,T09,largo,10,G2,3.973135995047141,0.7828579270329843,1.0581475498484132,True,490,307.24166648024686,59.48357708556532,-0.3524719958372732,24.518377049961995,60,294.0,11.445159103316767,441,-0.8190940519083756
1930,uva,packing_B,T09,largo,10,G2,3.973135995047141,0.7828579270329843,1.0581475498484132,True,490,307.24166648024686,59.48357708556532,-0.3524719958372732,24.518377049961995,60,294.0,11.445159103316767,442,-0.8535284444750618
1930,uva,packing_B,T09,largo,10,G2,3.973135995047141,0.7828579270329843,1.0581475498484132,True,490,307.24166648024686,59.48357708556532,-0.3524719958372732,24.518377049961995,60,294.0,11.445159103316767,443,-0.9478358349827387
1930,uva,packing_B,T09,largo,10,G2,3.973135995047141,0.7828579270329843,1.0581475498484132,True,490,307.24166648024686,59.48357708556532,-0.3524719958372732,24.518377049961995,60,294.0,11.445159103316767,444,-0.8815345482641066
1930,uva,packing_B,T09,largo,10,G2,3.973135995047141,0.7828579270329843,1.0581475498484132,True,490,307.24166648024686,59.48357708556532,-0.3524719958372732,24.518377049961995,60,294.0,11.445159103316767,445,-0.5748429913211784
1930,uva,packing_B,T09,largo,10,G2,3.973135995047141,0.7828579270329843,1.0581475498484132,True,490,307.24166648024686,59.48357708556532,-0.3524719958372732,24.518377049961995,60,294.0,11.445159103316767,446,-0.6146502999757
1930,uva,packing_B,T09,largo,10,G2,3.973135995047141,0.7828579270329843,1.0581475498484132,True,490,307.24166648024686,59.48357708556532,-0.3524719958372732,24.518377049961995,60,294.0,11.445159103316767,447,-0.5939097074562011
1930,uva,packing_B,T09,largo,10,G2,3.973135995047141,0.7828579270329843,1.0581475498484132,True,490,307.24166648024686,59.48357708556532,-0.3524719958372732,24.518377049961995,60,294.0,11.445159103316767,448,-0.4951230993793773
1930,uva,packing_B,T09,largo,10,G2,3.973135995047141,0.7828579270329843,1.0581475498484132,True,490,307.24166648024686,59.48357708556532,-0.3524719958372732,24.518377049961995,60,294.0,11.445159103316767,449,-0.46126776900787825
1930,uva,packing_B,T09,largo,10,G2,3.973135995047141,0.7828579270329843,1.0581475498484132,True,490,307.24166648024686,59.48357708556532,-0.3524719958372732,24.518377049961995,60,294.0,11.445159103316767,450,-0.2134273851057857
1930,uva,packing_B,T09,largo,10,G2,3.973135995047141,0.7828579270329843,1.0581475498484132,True,490,307.24166648024686,59.48357708556532,-0.3524719958372732,24.518377049961995,60,294.0,11.445159103316767,451,-0.15774019150654145
1930,uva,packing_B,T09,largo,10,G2,3.973135995047141,0.7828579270329843,1.0581475498484132,True,490,307.24166648024686,59.48357708556532,-0.3524719958372732,24.518377049961995,60,294.0,11.445159103316767,452,-0.19305182134488913
1930,uva,packing_B,T09,largo,10,G2,3.973135995047141,0.7828579270329843,1.0581475498484132,True,490,307.24166648024686,59.48357708556532,-0.3524719958372732,24.518377049961995,60,294.0,11.445159103316767,453,-0.12486507225203045
1930,uva,packing_B,T09,largo,10,G2,3.973135995047141,0.7828579270329843,1.0581475498484132,True,490,307.24166648024686,59.48357708556532,-0.3524719958372732,24.518377049961995,60,294.0,11.445159103316767,454,-0.10689719587598087
1930,uva,packing_B,T09,largo,10,G2,3.973135995047141,0.7828579270329843,1.0581475498484132,True,490,307.24166648024686,59.48357708556532,-0.3524719958372732,24.518377049961995,60,294.0,11.445159103316767,455,0.13431958327433932
1930,uva,packing_B,T09,largo,10,G2,3.973135995047141,0.7828579270329843,1.0581475498484132,True,490,307.24166648024686,59.48357708556532,-0.3524719958372732,24.518377049961995,60,294.0,11.445159103316767,456,0.11557341760806955
1930,uva,packing_B,T09,largo,10,G2,3.973135995047141,0.7828579270329843,1.0581475498484132,True,490,307.24166648024686,59.48357708556532,-0.3524719958372732,24.518377049961995,60,294.0,11.445159103316767,457,0.23834094922533156
1930,uva,packing_B,T09,largo,10,G2,3.973135995047141,0.7828579270329843,1.0581475498484132,True,490,307.24166648024686,59.48357708556532,-0.3524719958372732,24.518377049961995,60,294.0,11.445159103316767,458,0.16708568301532314
1930,uva,packing_B,T09,largo,10,G2,3.973135995047141,0.7828579270329843,1.0581475498484132,True,490,307.24166648024686,59.48357708556532,-0.3524719958372732,24.518377049961995,60,294.0,11.445159103316767,459,0.21894543838840994
1930,uva,packing_B,T09,largo,10,G2,3.973135995047141,0.7828579270329843,1.0581475498484132,True,490,307.24166648024686,59.48357708556532,-0.3524719958372732,24.518377049961995,60,294.0,11.445159103316767,460,0.12086915442183328
1930,uva,packing_B,T09,largo,10,G2,3.973135995047141,0.7828579270329843,1.0581475498484132,True,490,307.24166648024686,59.48357708556532,-0.3524719958372732,24.518377049961995,60,294.0,11.445159103316767,461,-0.005653227410497397
1930,uva,packing_B,T09,largo,10,G2,3.973135995047141,0.7828579270329843,1.0581475498484132,True,490,307.24166648024686,59.48357708556532,-0.3524719958372732,24.518377049961995,60,294.0,11.445159103316767,462,-0.17808913997174425
1930,uva,packing_B,T09,largo,10,G2,3.973135995047141,0.7828579270329843,1.0581475498484132,True,490,307.24166648024686,59.48357708556532,-0.3524719958372732,24.518377049961995,60,294.0,11.445159103316767,463,-0.2755093351284805
1930,uva,packing_B,T09,largo,10,G2,3.973135995047141,0.7828579270329843,1.0581475498484132,True,490,307.24166648024686,59.48357708556532,-0.3524719958372732,24.518377049961995,60,294.0,11.445159103316767,464,-0.11326412634751182
1930,uva,packing_B,T09,largo,10,G2,3.973135995047141,0.7828579270329843,1.0581475498484132,True,490,307.24166648024686,59.48357708556532,-0.3524719958372732,24.518377049961995,60,294.0,11.445159103316767,465,-0.2573609719393528
1930,uva,packing_B,T09,largo,10,G2,3.973135995047141,0.7828579270329843,1.0581475498484132,True,490,307.24166648024686,59.48357708556532,-0.3524719958372732,24.518377049961995,60,294.0,11.445159103316767,466,-0.4868475890086085
1930,uva,packing_B,T09,largo,10,G2,3.973135995047141,0.7828579270329843,1.0581475498484132,True,490,307.24166648024686,59.48357708556532,-0.3524719958372732,24.518377049961995,60,294.0,11.445159103316767,467,-0.6051962494970221
1930,uva,packing_B,T09,largo,10,G2,3.973135995047141,0.7828579270329843,1.0581475498484132,True,490,307.24166648024686,59.48357708556532,-0.3524719958372732,24.518377049961995,60,294.0,11.445159103316767,468,-0.8022271853530696
1930,uva,packing_B,T09,largo,10,G2,3.973135995047141,0.7828579270329843,1.0581475498484132,True,490,307.24166648024686,59.48357708556532,-0.3524719958372732,24.518377049961995,60,294.0,11.445159103316767,469,-0.8126669759528776
1930,uva,packing_B,T09,largo,10,G2,3.973135995047141,0.7828579270329843,1.0581475498484132,True,490,307.24166648024686,59.48357708556532,-0.3524719958372732,24.518377049961995,60,294.0,11.445159103316767,470,-0.8271900005247467
1930,uva,packing_B,T09,largo,10,G2,3.973135995047141,0.7828579270329843,1.0581475498484132,True,490,307.24166648024686,59.48357708556532,-0.3524719958372732,24.518377049961995,60,294.0,11.445159103316767,471,-0.7836414381717705
1930,uva,packing_B,T09,largo,10,G2,3.973135995047141,0.7828579270329843,1.0581475498484132,True,490,307.24166648024686,59.48357708556532,-0.3524719958372732,24.518377049961995,60,294.0,11.445159103316767,472,-0.6763396965001117
1930,uva,packing_B,T09,largo,10,G2,3.973135995047141,0.7828579270329843,1.0581475498484132,True,490,307.24166648024686,59.48357708556532,-0.3524719958372732,24.518377049961995,60,294.0,11.445159103316767,473,-0.8743352431787793
1930,uva,packing_B,T09,largo,10,G2,3.973135995047141,0.7828579270329843,1.0581475498484132,True,490,307.24166648024686,59.48357708556532,-0.3524719958372732,24.518377049961995,60,294.0,11.445159103316767,474,-0.9686483580648555
1930,uva,packing_B,T09,largo,10,G2,3.973135995047141,0.7828579270329843,1.0581475498484132,True,490,307.24166648024686,59.48357708556532,-0.3524719958372732,24.518377049961995,60,294.0,11.445159103316767,475,-0.76568901547944
1930,uva,packing_B,T09,largo,10,G2,3.973135995047141,0.7828579270329843,1.0581475498484132,True,490,307.24166648024686,59.48357708556532,-0.3524719958372732,24.518377049961995,60,294.0,11.445159103316767,476,-0.6142075715603806
1930,uva,packing_B,T09,largo,10,G2,3.973135995047141,0.7828579270329843,1.0581475498484132,True,490,307.24166648024686,59.48357708556532,-0.3524719958372732,24.518377049961995,60,294.0,11.445159103316767,477,-0.6127044619499308
1930,uva,packing_B,T09,largo,10,G2,3.973135995047141,0.7828579270329843,1.0581475498484132,True,490,307.24166648024686,59.48357708556532,-0.3524719958372732,24.518377049961995,60,294.0,11.445159103316767,478,-0.40698554939435727
1930,uva,packing_B,T09,largo,10,G2,3.973135995047141,0.7828579270329843,1.0581475498484132,True,490,307.24166648024686,59.48357708556532,-0.3524719958372732,24.518377049961995,60,294.0,11.445159103316767,479,-0.45059518902967405
1930,uva,packing_B,T09,largo,10,G2,3.973135995047141,0.7828579270329843,1.0581475498484132,True,490,307.24166648024686,59.48357708556532,-0.3524719958372732,24.518377049961995,60,294.0,11.445159103316767,480,-0.4229787073430614
1930,uva,packing_B,T09,largo,10,G2,3.973135995047141,0.7828579270329843,1.0581475498484132,True,490,307.24166648024686,59.48357708556532,-0.3524719958372732,24.518377049961995,60,294.0,11.445159103316767,481,-0.38306147937946955
1930,uva,packing_B,T09,largo,10,G2,3.973135995047141,0.7828579270329843,1.0581475498484132,True,490,307.24166648024686,59.48357708556532,-0.3524719958372732,24.518377049961995,60,294.0,11.445159103316767,482,-0.259261946988385
1930,uva,packing_B,T09,largo,10,G2,3.973135995047141,0.7828579270329843,1.0581475498484132,True,490,307.24166648024686,59.48357708556532,-0.3524719958372732,24.518377049961995,60,294.0,11.445159103316767,483,-0.13819798945413114
1930,uva,packing_B,T09,largo,10,G2,3.973135995047141,0.7828579270329843,1.0581475498484132,True,490,307.24166648024686,59.48357708556532,-0.3524719958372732,24.518377049961995,60,294.0,11.445159103316767,484,-0.012479501804698354
1930,uva,packing_B,T09,largo,10,G2,3.973135995047141,0.7828579270329843,1.0581475498484132,True,490,307.24166648024686,59.48357708556532,-0.3524719958372732,24.518377049961995,60,294.0,11.445159103316767,485,0.2964049681513465
1930,uva,packing_B,T09,largo,10,G2,3.973135995047141,0.7828579270329843,1.0581475498484132,True,490,307.24166648024686,59.48357708556532,-0.3524719958372732,24.518377049961995,60,294.0,11.445159103316767,486,0.23159974134476452
1930,uva,packing_B,T09,largo,10,G2,3.973135995047141,0.7828579270329843,1.0581475498484132,True,490,307.24166648024686,59.48357708556532,-0.3524719958372732,24.518377049961995,60,294.0,11.445159103316767,487,0.26787732646225326
1930,uva,packing_B,T09,largo,10,G2,3.973135995047141,0.7828579270329843,1.0581475498484132,True,490,307.24166648024686,59.48357708556532,-0.3524719958372732,24.518377049961995,60,294.0,11.445159103316767,488,0.051136965294595216
1930,uva,packing_B,T09,largo,10,G2,3.973135995047141,0.7828579270329843,1.0581475498484132,True,490,307.24166648024686,59.48357708556532,-0.3524719958372732,24.518377049961995,60,294.0,11.445159103316767,489,0.06715127639192206
