proceso_id,epoca,packing,tunel,tipo_tunel,iteracion,mass_group,masa_ton,ocupabilidad,caudal_factor,anomalia_duracion,duracion_min,duracion_esperada_min,delta_duracion_pct,setpoint,T0,pct_transitorio,t_trans_min,overshoot_pct,tiempo_min,temperatura
2728,mixtura,packing_A,T09,largo,8,G4,8.381608778645749,0.6883020330902941,0.8261899371115237,False,436,466.64865435080134,-6.567822293078194,0.013714294962519524,24.09022871655132,60,261.6,9.046535875819746,0,23.976586959512293
2728,mixtura,packing_A,T09,largo,8,G4,8.381608778645749,0.6883020330902941,0.8261899371115237,False,436,466.64865435080134,-6.567822293078194,0.013714294962519524,24.09022871655132,60,261.6,9.046535875819746,1,23.753203810538047
2728,mixtura,packing_A,T09,largo,8,G4,8.381608778645749,0.6883020330902941,0.8261899371115237,False,436,466.64865435080134,-6.567822293078194,0.013714294962519524,24.09022871655132,60,261.6,9.046535875819746,2,23.633534174076132
2728,mixtura,packing_A,T09,largo,8,G4,8.381608778645749,0.6883020330902941,0.8261899371115237,False,436,466.64865435080134,-6.567822293078194,0.013714294962519524,24.09022871655132,60,261.6,9.046535875819746,3,23.44535405086112
2728,mixtura,packing_A,T09,largo,8,G4,8.381608778645749,0.6883020330902941,0.8261899371115237,False,436,466.64865435080134,-6.567822293078194,0.013714294962519524,24.09022871655132,60,261.6,9.046535875819746,4,23.131055387830767
2728,mixtura,packing_A,T09,largo,8,G4,8.381608778645749,0.6883020330902941,0.8261899371115237,False,436,466.64865435080134,-6.567822293078194,0.013714294962519524,24.09022871655132,60,261.6,9.046535875819746,5,22.927388686359322
2728,mixtura,packing_A,T09,largo,8,G4,8.381608778645749,0.6883020330902941,0.8261899371115237,False,436,466.64865435080134,-6.567822293078194,0.013714294962519524,24.09022871655132,60,261.6,9.046535875819746,6,22.538210156591123
2728,mixtura,packing_A,T09,largo,8,G4,8.381608778645749,0.6883020330902941,0.8261899371115237,False,436,466.64865435080134,-6.567822293078194,0.013714294962519524,24.09022871655132,60,261.6,9.046535875819746,7,22.366922849967768
2728,mixtura,packing_A,T09,largo,8,G4,8.381608778645749,0.6883020330902941,0.8261899371115237,False,436,466.64865435080134,-6.567822293078194,0.013714294962519524,24.09022871655132,60,261.6,9.046535875819746,8,22.17118778214329
2728,mixtura,packing_A,T09,largo,8,G4,8.381608778645749,0.6883020330902941,0.8261899371115237,False,436,466.64865435080134,-6.567822293078194,0.013714294962519524,24.09022871655132,60,261.6,9.046535875819746,9,21.906441415161755
2728,mixtura,packing_A,T09,largo,8,G4,8.381608778645749,0.6883020330902941,0.8261899371115237,False,436,466.64865435080134,-6.567822293078194,0.013714294962519524,24.09022871655132,60,261.6,9.046535875819746,10,21.483935525210303
2728,mixtura,packing_A,T09,largo,8,G4,8.381608778645749,0.6883020330902941,0.8261899371115237,False,436,466.64865435080134,-6.567822293078194,0.013714294962519524,24.09022871655132,60,261.6,9.046535875819746,11,21.170007065840274
2728,mixtura,packing_A,T09,largo,8,G4,8.381608778645749,0.6883020330902941,0.8261899371115237,False,436,466.64865435080134,-6.567822293078194,0.013714294962519524,24.09022871655132,60,261.6,9.046535875819746,12,20.961482210230873
2728,mixtura,packing_A,T09,largo,8,G4,8.381608778645749,0.6883020330902941,0.8261899371115237,False,436,466.64865435080134,-6.567822293078194,0.013714294962519524,24.09022871655132,60,261.6,9.046535875819746,13,20.673254312278594
2728,mixtura,packing_A,T09,largo,8,G4,8.381608778645749,0.6883020330902941,0.8261899371115237,False,436,466.64865435080134,-6.567822293078194,0.013714294962519524,24.09022871655132,60,261.6,9.046535875819746,14,20.580405361052254
2728,mixtura,packing_A,T09,largo,8,G4,8.381608778645749,0.6883020330902941,0.8261899371115237,False,436,466.64865435080134,-6.567822293078194,0.013714294962519524,24.09022871655132,60,261.6,9.046535875819746,15,20.238540994510203
2728,mixtura,packing_A,T09,largo,8,G4,8.381608778645749,0.6883020330902941,0.8261899371115237,False,436,466.64865435080134,-6.567822293078194,0.013714294962519524,24.09022871655132,60,261.6,9.046535875819746,16,20.047497599740403
2728,mixtura,packing_A,T09,largo,8,G4,8.381608778645749,0.6883020330902941,0.8261899371115237,False,436,466.64865435080134,-6.567822293078194,0.013714294962519524,24.09022871655132,60,261.6,9.046535875819746,17,19.74394181690067
2728,mixtura,packing_A,T09,largo,8,G4,8.381608778645749,0.6883020330902941,0.8261899371115237,False,436,466.64865435080134,-6.567822293078194,0.013714294962519524,24.09022871655132,60,261.6,9.046535875819746,18,19.49783859313729
2728,mixtura,packing_A,T09,largo,8,G4,8.381608778645749,0.6883020330902941,0.8261899371115237,False,436,466.64865435080134,-6.567822293078194,0.013714294962519524,24.09022871655132,60,261.6,9.046535875819746,19,19.146965477751632
2728,mixtura,packing_A,T09,largo,8,G4,8.381608778645749,0.6883020330902941,0.8261899371115237,False,436,466.64865435080134,-6.567822293078194,0.013714294962519524,24.09022871655132,60,261.6,9.046535875819746,20,18.599186335976967
2728,mixtura,packing_A,T09,largo,8,G4,8.381608778645749,0.6883020330902941,0.8261899371115237,False,436,466.64865435080134,-6.567822293078194,0.013714294962519524,24.09022871655132,60,261.6,9.046535875819746,21,18.4813974999602
2728,mixtura,packing_A,T09,largo,8,G4,8.381608778645749,0.6883020330902941,0.8261899371115237,False,436,466.64865435080134,-6.567822293078194,0.013714294962519524,24.09022871655132,60,261.6,9.046535875819746,22,18.047678771585872
2728,mixtura,packing_A,T09,largo,8,G4,8.381608778645749,0.6883020330902941,0.8261899371115237,False,436,466.64865435080134,-6.567822293078194,0.013714294962519524,24.09022871655132,60,261.6,9.046535875819746,23,17.903849859609558
2728,mixtura,packing_A,T09,largo,8,G4,8.381608778645749,0.6883020330902941,0.8261899371115237,False,436,466.64865435080134,-6.567822293078194,0.013714294962519524,24.09022871655132,60,261.6,9.046535875819746,24,17.52794575171719
2728,mixtura,packing_A,T09,largo,8,G4,8.381608778645749,0.6883020330902941,0.8261899371115237,False,436,466.64865435080134,-6.567822293078194,0.013714294962519524,24.09022871655132,60,261.6,9.046535875819746,25,17.26582848072562
2728,mixtura,packing_A,T09,largo,8,G4,8.381608778645749,0.6883020330902941,0.8261899371115237,False,436,466.64865435080134,-6.567822293078194,0.013714294962519524,24.09022871655132,60,261.6,9.046535875819746,26,17.093118349529252
2728,mixtura,packing_A,T09,largo,8,G4,8.381608778645749,0.6883020330902941,0.8261899371115237,False,436,466.64865435080134,-6.567822293078194,0.013714294962519524,24.09022871655132,60,261.6,9.046535875819746,27,16.718146853164946
2728,mixtura,packing_A,T09,largo,8,G4,8.381608778645749,0.6883020330902941,0.8261899371115237,False,436,466.64865435080134,-6.567822293078194,0.013714294962519524,24.09022871655132,60,261.6,9.046535875819746,28,16.302018957734518
2728,mixtura,packing_A,T09,largo,8,G4,8.381608778645749,0.6883020330902941,0.8261899371115237,False,436,466.64865435080134,-6.567822293078194,0.013714294962519524,24.09022871655132,60,261.6,9.046535875819746,29,15.971223088490758
2728,mixtura,packing_A,T09,largo,8,G4,8.381608778645749,0.6883020330902941,0.8261899371115237,False,436,466.64865435080134,-6.567822293078194,0.013714294962519524,24.09022871655132,60,261.6,9.046535875819746,30,15.7010367673173
2728,mixtura,packing_A,T09,largo,8,G4,8.381608778645749,0.6883020330902941,0.8261899371115237,False,436,466.64865435080134,-6.567822293078194,0.013714294962519524,24.09022871655132,60,261.6,9.046535875819746,31,15.382909128643492
2728,mixtura,packing_A,T09,largo,8,G4,8.381608778645749,0.6883020330902941,0.8261899371115237,False,436,466.64865435080134,-6.567822293078194,0.013714294962519524,24.09022871655132,60,261.6,9.046535875819746,32,14.908278218429338
2728,mixtura,packing_A,T09,largo,8,G4,8.381608778645749,0.6883020330902941,0.8261899371115237,False,436,466.64865435080134,-6.567822293078194,0.013714294962519524,24.09022871655132,60,261.6,9.046535875819746,33,14.691216486398432
2728,mixtura,packing_A,T09,largo,8,G4,8.381608778645749,0.6883020330902941,0.8261899371115237,False,436,466.64865435080134,-6.567822293078194,0.013714294962519524,24.09022871655132,60,261.6,9.046535875819746,34,14.629239124006325
2728,mixtura,packing_A,T09,largo,8,G4,8.381608778645749,0.6883020330902941,0.8261899371115237,False,436,466.64865435080134,-6.567822293078194,0.013714294962519524,24.09022871655132,60,261.6,9.046535875819746,35,14.129731265946113
2728,mixtura,packing_A,T09,largo,8,G4,8.381608778645749,0.6883020330902941,0.8261899371115237,False,436,466.64865435080134,-6.567822293078194,0.013714294962519524,24.09022871655132,60,261.6,9.046535875819746,36,13.945615465636504
2728,mixtura,packing_A,T09,largo,8,G4,8.381608778645749,0.6883020330902941,0.8261899371115237,False,436,466.64865435080134,-6.567822293078194,0.013714294962519524,24.09022871655132,60,261.6,9.046535875819746,37,13.470244136177383
2728,mixtura,packing_A,T09,largo,8,G4,8.381608778645749,0.6883020330902941,0.8261899371115237,False,436,466.64865435080134,-6.567822293078194,0.013714294962519524,24.09022871655132,60,261.6,9.046535875819746,38,13.131018521146395
2728,mixtura,packing_A,T09,largo,8,G4,8.381608778645749,0.6883020330902941,0.8261899371115237,False,436,466.64865435080134,-6.567822293078194,0.013714294962519524,24.09022871655132,60,261.6,9.046535875819746,39,12.732578716830854
2728,mixtura,packing_A,T09,largo,8,G4,8.381608778645749,0.6883020330902941,0.8261899371115237,False,436,466.64865435080134,-6.567822293078194,0.013714294962519524,24.09022871655132,60,261.6,9.046535875819746,40,12.490223391399041
2728,mixtura,packing_A,T09,largo,8,G4,8.381608778645749,0.6883020330902941,0.8261899371115237,False,436,466.64865435080134,-6.567822293078194,0.013714294962519524,24.09022871655132,60,261.6,9.046535875819746,41,12.207778467236476
2728,mixtura,packing_A,T09,largo,8,G4,8.381608778645749,0.6883020330902941,0.8261899371115237,False,436,466.64865435080134,-6.567822293078194,0.013714294962519524,24.09022871655132,60,261.6,9.046535875819746,42,11.946705014511503
2728,mixtura,packing_A,T09,largo,8,G4,8.381608778645749,0.6883020330902941,0.8261899371115237,False,436,466.64865435080134,-6.567822293078194,0.013714294962519524,24.09022871655132,60,261.6,9.046535875819746,43,11.518230595775696
2728,mixtura,packing_A,T09,largo,8,G4,8.381608778645749,0.6883020330902941,0.8261899371115237,False,436,466.64865435080134,-6.567822293078194,0.013714294962519524,24.09022871655132,60,261.6,9.046535875819746,44,11.25215620787771
2728,mixtura,packing_A,T09,largo,8,G4,8.381608778645749,0.6883020330902941,0.8261899371115237,False,436,466.64865435080134,-6.567822293078194,0.013714294962519524,24.09022871655132,60,261.6,9.046535875819746,45,10.922928106802773
2728,mixtura,packing_A,T09,largo,8,G4,8.381608778645749,0.6883020330902941,0.8261899371115237,False,436,466.64865435080134,-6.567822293078194,0.013714294962519524,24.09022871655132,60,261.6,9.046535875819746,46,10.752702379750417
2728,mixtura,packing_A,T09,largo,8,G4,8.381608778645749,0.6883020330902941,0.8261899371115237,False,436,466.64865435080134,-6.567822293078194,0.013714294962519524,24.09022871655132,60,261.6,9.046535875819746,47,10.471521690360326
2728,mixtura,packing_A,T09,largo,8,G4,8.381608778645749,0.6883020330902941,0.8261899371115237,False,436,466.64865435080134,-6.567822293078194,0.013714294962519524,24.09022871655132,60,261.6,9.046535875819746,48,10.031740391959914
2728,mixtura,packing_A,T09,largo,8,G4,8.381608778645749,0.6883020330902941,0.8261899371115237,False,436,466.64865435080134,-6.567822293078194,0.013714294962519524,24.09022871655132,60,261.6,9.046535875819746,49,9.788800034232432
2728,mixtura,packing_A,T09,largo,8,G4,8.381608778645749,0.6883020330902941,0.8261899371115237,False,436,466.64865435080134,-6.567822293078194,0.013714294962519524,24.09022871655132,60,261.6,9.046535875819746,50,9.419193356628202
2728,mixtura,packing_A,T09,largo,8,G4,8.381608778645749,0.6883020330902941,0.8261899371115237,False,436,466.64865435080134,-6.567822293078194,0.013714294962519524,24.09022871655132,60,261.6,9.046535875819746,51,9.177221148501093
2728,mixtura,packing_A,T09,largo,8,G4,8.381608778645749,0.6883020330902941,0.8261899371115237,False,436,466.64865435080134,-6.567822293078194,0.013714294962519524,24.09022871655132,60,261.6,9.046535875819746,52,8.643211648873573
2728,mixtura,packing_A,T09,largo,8,G4,8.381608778645749,0.6883020330902941,0.8261899371115237,False,436,466.64865435080134,-6.567822293078194,0.013714294962519524,24.09022871655132,60,261.6,9.046535875819746,53,8.410978135073892
2728,mixtura,packing_A,T09,largo,8,G4,8.381608778645749,0.6883020330902941,0.8261899371115237,False,436,466.64865435080134,-6.567822293078194,0.013714294962519524,24.09022871655132,60,261.6,9.046535875819746,54,8.241264967105113
2728,mixtura,packing_A,T09,largo,8,G4,8.381608778645749,0.6883020330902941,0.8261899371115237,False,436,466.64865435080134,-6.567822293078194,0.013714294962519524,24.09022871655132,60,261.6,9.046535875819746,55,7.784324391071549
2728,mixtura,packing_A,T09,largo,8,G4,8.381608778645749,0.6883020330902941,0.8261899371115237,False,436,466.64865435080134,-6.567822293078194,0.013714294962519524,24.09022871655132,60,261.6,9.046535875819746,56,7.476899186323168
2728,mixtura,packing_A,T09,largo,8,G4,8.381608778645749,0.6883020330902941,0.8261899371115237,False,436,466.64865435080134,-6.567822293078194,0.013714294962519524,24.09022871655132,60,261.6,9.046535875819746,57,7.293505906888617
2728,mixtura,packing_A,T09,largo,8,G4,8.381608778645749,0.6883020330902941,0.8261899371115237,False,436,466.64865435080134,-6.567822293078194,0.013714294962519524,24.09022871655132,60,261.6,9.046535875819746,58,6.9193799472035
2728,mixtura,packing_A,T09,largo,8,G4,8.381608778645749,0.6883020330902941,0.8261899371115237,False,436,466.64865435080134,-6.567822293078194,0.013714294962519524,24.09022871655132,60,261.6,9.046535875819746,59,6.469328279473486
2728,mixtura,packing_A,T09,largo,8,G4,8.381608778645749,0.6883020330902941,0.8261899371115237,False,436,466.64865435080134,-6.567822293078194,0.013714294962519524,24.09022871655132,60,261.6,9.046535875819746,60,6.574993977014268
2728,mixtura,packing_A,T09,largo,8,G4,8.381608778645749,0.6883020330902941,0.8261899371115237,False,436,466.64865435080134,-6.567822293078194,0.013714294962519524,24.09022871655132,60,261.6,9.046535875819746,61,6.253695878145874
2728,mixtura,packing_A,T09,largo,8,G4,8.381608778645749,0.6883020330902941,0.8261899371115237,False,436,466.64865435080134,-6.567822293078194,0.013714294962519524,24.09022871655132,60,261.6,9.046535875819746,62,5.632195573261989
2728,mixtura,packing_A,T09,largo,8,G4,8.381608778645749,0.6883020330902941,0.8261899371115237,False,436,466.64865435080134,-6.567822293078194,0.013714294962519524,24.09022871655132,60,261.6,9.046535875819746,63,5.399990314924711
2728,mixtura,packing_A,T09,largo,8,G4,8.381608778645749,0.6883020330902941,0.8261899371115237,False,436,466.64865435080134,-6.567822293078194,0.013714294962519524,24.09022871655132,60,261.6,9.046535875819746,64,5.1748983382198155
2728,mixtura,packing_A,T09,largo,8,G4,8.381608778645749,0.6883020330902941,0.8261899371115237,False,436,466.64865435080134,-6.567822293078194,0.013714294962519524,24.09022871655132,60,261.6,9.046535875819746,65,4.780550398300562
2728,mixtura,packing_A,T09,largo,8,G4,8.381608778645749,0.6883020330902941,0.8261899371115237,False,436,466.64865435080134,-6.567822293078194,0.013714294962519524,24.09022871655132,60,261.6,9.046535875819746,66,4.815036841732098
2728,mixtura,packing_A,T09,largo,8,G4,8.381608778645749,0.6883020330902941,0.8261899371115237,False,436,466.64865435080134,-6.567822293078194,0.013714294962519524,24.09022871655132,60,261.6,9.046535875819746,67,4.361810833853886
2728,mixtura,packing_A,T09,largo,8,G4,8.381608778645749,0.6883020330902941,0.8261899371115237,False,436,466.64865435080134,-6.567822293078194,0.013714294962519524,24.09022871655132,60,261.6,9.046535875819746,68,4.066874572519688
2728,mixtura,packing_A,T09,largo,8,G4,8.381608778645749,0.6883020330902941,0.8261899371115237,False,436,466.64865435080134,-6.567822293078194,0.013714294962519524,24.09022871655132,60,261.6,9.046535875819746,69,3.823427624838865
2728,mixtura,packing_A,T09,largo,8,G4,8.381608778645749,0.6883020330902941,0.8261899371115237,False,436,466.64865435080134,-6.567822293078194,0.013714294962519524,24.09022871655132,60,261.6,9.046535875819746,70,3.426413057867935
2728,mixtura,packing_A,T09,largo,8,G4,8.381608778645749,0.6883020330902941,0.8261899371115237,False,436,466.64865435080134,-6.567822293078194,0.013714294962519524,24.09022871655132,60,261.6,9.046535875819746,71,3.48546435509717
2728,mixtura,packing_A,T09,largo,8,G4,8.381608778645749,0.6883020330902941,0.8261899371115237,False,436,466.64865435080134,-6.567822293078194,0.013714294962519524,24.09022871655132,60,261.6,9.046535875819746,72,3.039151496072241
2728,mixtura,packing_A,T09,largo,8,G4,8.381608778645749,0.6883020330902941,0.8261899371115237,False,436,466.64865435080134,-6.567822293078194,0.013714294962519524,24.09022871655132,60,261.6,9.046535875819746,73,2.9422693697399827
2728,mixtura,packing_A,T09,largo,8,G4,8.381608778645749,0.6883020330902941,0.8261899371115237,False,436,466.64865435080134,-6.567822293078194,0.013714294962519524,24.09022871655132,60,261.6,9.046535875819746,74,2.6986468208549668
2728,mixtura,packing_A,T09,largo,8,G4,8.381608778645749,0.6883020330902941,0.8261899371115237,False,436,466.64865435080134,-6.567822293078194,0.013714294962519524,24.09022871655132,60,261.6,9.046535875819746,75,2.3208096683680153
2728,mixtura,packing_A,T09,largo,8,G4,8.381608778645749,0.6883020330902941,0.8261899371115237,False,436,466.64865435080134,-6.567822293078194,0.013714294962519524,24.09022871655132,60,261.6,9.046535875819746,76,2.0566221850252626
2728,mixtura,packing_A,T09,largo,8,G4,8.381608778645749,0.6883020330902941,0.8261899371115237,False,436,466.64865435080134,-6.567822293078194,0.013714294962519524,24.09022871655132,60,261.6,9.046535875819746,77,1.755234277821268
2728,mixtura,packing_A,T09,largo,8,G4,8.381608778645749,0.6883020330902941,0.8261899371115237,False,436,466.64865435080134,-6.567822293078194,0.013714294962519524,24.09022871655132,60,261.6,9.046535875819746,78,1.5103040925176892
2728,mixtura,packing_A,T09,largo,8,G4,8.381608778645749,0.6883020330902941,0.8261899371115237,False,436,466.64865435080134,-6.567822293078194,0.013714294962519524,24.09022871655132,60,261.6,9.046535875819746,79,1.310133724189627
2728,mixtura,packing_A,T09,largo,8,G4,8.381608778645749,0.6883020330902941,0.8261899371115237,False,436,466.64865435080134,-6.567822293078194,0.013714294962519524,24.09022871655132,60,261.6,9.046535875819746,80,1.001041413390977
2728,mixtura,packing_A,T09,largo,8,G4,8.381608778645749,0.6883020330902941,0.8261899371115237,False,436,466.64865435080134,-6.567822293078194,0.013714294962519524,24.09022871655132,60,261.6,9.046535875819746,81,0.7339716772604274
2728,mixtura,packing_A,T09,largo,8,G4,8.381608778645749,0.6883020330902941,0.8261899371115237,False,436,466.64865435080134,-6.567822293078194,0.013714294962519524,24.09022871655132,60,261.6,9.046535875819746,82,0.5500483707937793
2728,mixtura,packing_A,T09,largo,8,G4,8.381608778645749,0.6883020330902941,0.8261899371115237,False,436,466.64865435080134,-6.567822293078194,0.013714294962519524,24.09022871655132,60,261.6,9.046535875819746,83,0.32115219178055016
2728,mixtura,packing_A,T09,largo,8,G4,8.381608778645749,0.6883020330902941,0.8261899371115237,False,436,466.64865435080134,-6.567822293078194,0.013714294962519524,24.09022871655132,60,261.6,9.046535875819746,84,0.19173382420045945
2728,mixtura,packing_A,T09,largo,8,G4,8.381608778645749,0.6883020330902941,0.8261899371115237,False,436,466.64865435080134,-6.567822293078194,0.013714294962519524,24.09022871655132,60,261.6,9.046535875819746,85,-0.07363299800077627
2728,mixtura,packing_A,T09,largo,8,G4,8.381608778645749,0.6883020330902941,0.8261899371115237,False,436,466.64865435080134,-6.567822293078194,0.013714294962519524,24.09022871655132,60,261.6,9.046535875819746,86,-0.27478861097715174
2728,mixtura,packing_A,T09,largo,8,G4,8.381608778645749,0.6883020330902941,0.8261899371115237,False,436,466.64865435080134,-6.567822293078194,0.013714294962519524,24.09022871655132,60,261.6,9.046535875819746,87,-0.5245796768999669
2728,mixtura,packing_A,T09,largo,8,G4,8.381608778645749,0.6883020330902941,0.8261899371115237,False,436,466.64865435080134,-6.567822293078194,0.013714294962519524,24.09022871655132,60,261.6,9.046535875819746,88,-0.711700389619589
2728,mixtura,packing_A,T09,largo,8,G4,8.381608778645749,0.6883020330902941,0.8261899371115237,False,436,466.64865435080134,-6.567822293078194,0.013714294962519524,24.09022871655132,60,261.6,9.046535875819746,89,-0.8827835067647943
2728,mixtura,packing_A,T09,largo,8,G4,8.381608778645749,0.6883020330902941,0.8261899371115237,False,436,466.64865435080134,-6.567822293078194,0.013714294962519524,24.09022871655132,60,261.6,9.046535875819746,90,-1.0514003866613404
2728,mixtura,packing_A,T09,largo,8,G4,8.381608778645749,0.6883020330902941,0.8261899371115237,False,436,466.64865435080134,-6.567822293078194,0.013714294962519524,24.09022871655132,60,261.6,9.046535875819746,91,-1.638182579886299
2728,mixtura,packing_A,T09,largo,8,G4,8.381608778645749,0.6883020330902941,0.8261899371115237,False,436,466.64865435080134,-6.567822293078194,0.013714294962519524,24.09022871655132,60,261.6,9.046535875819746,92,-1.7690876138441474
2728,mixtura,packing_A,T09,largo,8,G4,8.381608778645749,0.6883020330902941,0.8261899371115237,False,436,466.64865435080134,-6.567822293078194,0.013714294962519524,24.09022871655132,60,261.6,9.046535875819746,93,-1.8113160092067182
2728,mixtura,packing_A,T09,largo,8,G4,8.381608778645749,0.6883020330902941,0.8261899371115237,False,436,466.64865435080134,-6.567822293078194,0.013714294962519524,24.09022871655132,60,261.6,9.046535875819746,94,-1.8979787397157417
2728,mixtura,packing_A,T09,largo,8,G4,8.381608778645749,0.6883020330902941,0.8261899371115237,False,436,466.64865435080134,-6.567822293078194,0.013714294962519524,24.09022871655132,60,261.6,9.046535875819746,95,-2.0945648417997154
2728,mixtura,packing_A,T09,largo,8,G4,8.381608778645749,0.6883020330902941,0.8261899371115237,False,436,466.64865435080134,-6.567822293078194,0.013714294962519524,24.09022871655132,60,261.6,9.046535875819746,96,-2.295243723858727
2728,mixtura,packing_A,T09,largo,8,G4,8.381608778645749,0.6883020330902941,0.8261899371115237,False,436,466.64865435080134,-6.567822293078194,0.013714294962519524,24.09022871655132,60,261.6,9.046535875819746,97,-2.627985750049293
2728,mixtura,packing_A,T09,largo,8,G4,8.381608778645749,0.6883020330902941,0.8261899371115237,False,436,466.64865435080134,-6.567822293078194,0.013714294962519524,24.09022871655132,60,261.6,9.046535875819746,98,-2.593345804555767
2728,mixtura,packing_A,T09,largo,8,G4,8.381608778645749,0.6883020330902941,0.8261899371115237,False,436,466.64865435080134,-6.567822293078194,0.013714294962519524,24.09022871655132,60,261.6,9.046535875819746,99,-2.6660656304304498
2728,mixtura,packing_A,T09,largo,8,G4,8.381608778645749,0.6883020330902941,0.8261899371115237,False,436,466.64865435080134,-6.567822293078194,0.013714294962519524,24.09022871655132,60,261.6,9.046535875819746,100,-2.9348876023489847
2728,mixtura,packing_A,T09,largo,8,G4,8.381608778645749,0.6883020330902941,0.8261899371115237,False,436,466.64865435080134,-6.567822293078194,0.013714294962519524,24.09022871655132,60,261.6,9.046535875819746,101,-3.230621198429264
2728,mixtura,packing_A,T09,largo,8,G4,8.381608778645749,0.6883020330902941,0.8261899371115237,False,436,466.64865435080134,-6.567822293078194,0.013714294962519524,24.09022871655132,60,261.6,9.046535875819746,102,-3.3501296937422627
2728,mixtura,packing_A,T09,largo,8,G4,8.381608778645749,0.6883020330902941,0.8261899371115237,False,436,466.64865435080134,-6.567822293078194,0.013714294962519524,24.09022871655132,60,261.6,9.046535875819746,103,-3.5401901374616145
2728,mixtura,packing_A,T09,largo,8,G4,8.381608778645749,0.6883020330902941,0.8261899371115237,False,436,466.64865435080134,-6.567822293078194,0.013714294962519524,24.09022871655132,60,261.6,9.046535875819746,104,-3.6000859557699436
2728,mixtura,packing_A,T09,largo,8,G4,8.381608778645749,0.6883020330902941,0.8261899371115237,False,436,466.64865435080134,-6.567822293078194,0.013714294962519524,24.09022871655132,60,261.6,9.046535875819746,105,-3.6554845865549765
2728,mixtura,packing_A,T09,largo,8,G4,8.381608778645749,0.6883020330902941,0.8261899371115237,False,436,466.64865435080134,-6.567822293078194,0.013714294962519524,24.09022871655132,60,261.6,9.046535875819746,106,-3.9239801956799334
2728,mixtura,packing_A,T09,largo,8,G4,8.381608778645749,0.6883020330902941,0.8261899371115237,False,436,466.64865435080134,-6.567822293078194,0.013714294962519524,24.09022871655132,60,261.6,9.046535875819746,107,-4.085106056667183
2728,mixtura,packing_A,T09,largo,8,G4,8.381608778645749,0.6883020330902941,0.8261899371115237,False,436,466.64865435080134,-6.567822293078194,0.013714294962519524,24.09022871655132,60,261.6,9.046535875819746,108,-4.230295218421247
2728,mixtura,packing_A,T09,largo,8,G4,8.381608778645749,0.6883020330902941,0.8261899371115237,False,436,466.64865435080134,-6.567822293078194,0.013714294962519524,24.09022871655132,60,261.6,9.046535875819746,109,-4.442623871951311
2728,mixtura,packing_A,T09,largo,8,G4,8.381608778645749,0.6883020330902941,0.8261899371115237,False,436,466.64865435080134,-6.567822293078194,0.013714294962519524,24.09022871655132,60,261.6,9.046535875819746,110,-4.515566889932196
2728,mixtura,packing_A,T09,largo,8,G4,8.381608778645749,0.6883020330902941,0.8261899371115237,False,436,466.64865435080134,-6.567822293078194,0.013714294962519524,24.09022871655132,60,261.6,9.046535875819746,111,-4.552539042758683
2728,mixtura,packing_A,T09,largo,8,G4,8.381608778645749,0.6883020330902941,0.8261899371115237,False,436,466.64865435080134,-6.567822293078194,0.013714294962519524,24.09022871655132,60,261.6,9.046535875819746,112,-4.525566099139581
2728,mixtura,packing_A,T09,largo,8,G4,8.381608778645749,0.6883020330902941,0.8261899371115237,False,436,466.64865435080134,-6.567822293078194,0.013714294962519524,24.09022871655132,60,261.6,9.046535875819746,113,-5.014039460844392
2728,mixtura,packing_A,T09,largo,8,G4,8.381608778645749,0.6883020330902941,0.8261899371115237,False,436,466.64865435080134,-6.567822293078194,0.013714294962519524,24.09022871655132,60,261.6,9.046535875819746,114,-5.0463203672822905
2728,mixtura,packing_A,T09,largo,8,G4,8.381608778645749,0.6883020330902941,0.8261899371115237,False,436,466.64865435080134,-6.567822293078194,0.013714294962519524,24.09022871655132,60,261.6,9.046535875819746,115,-5.034375235563043
2728,mixtura,packing_A,T09,largo,8,G4,8.381608778645749,0.6883020330902941,0.8261899371115237,False,436,466.64865435080134,-6.567822293078194,0.013714294962519524,24.09022871655132,60,261.6,9.046535875819746,116,-5.288796798668651
2728,mixtura,packing_A,T09,largo,8,G4,8.381608778645749,0.6883020330902941,0.8261899371115237,False,436,466.64865435080134,-6.567822293078194,0.013714294962519524,24.09022871655132,60,261.6,9.046535875819746,117,-5.243198290590591
2728,mixtura,packing_A,T09,largo,8,G4,8.381608778645749,0.6883020330902941,0.8261899371115237,False,436,466.64865435080134,-6.567822293078194,0.013714294962519524,24.09022871655132,60,261.6,9.046535875819746,118,-5.35062305638194
2728,mixtura,packing_A,T09,largo,8,G4,8.381608778645749,0.6883020330902941,0.8261899371115237,False,436,466.64865435080134,-6.567822293078194,0.013714294962519524,24.09022871655132,60,261.6,9.046535875819746,119,-5.369720104572051
2728,mixtura,packing_A,T09,largo,8,G4,8.381608778645749,0.6883020330902941,0.8261899371115237,False,436,466.64865435080134,-6.567822293078194,0.013714294962519524,24.09022871655132,60,261.6,9.046535875819746,120,-5.561915033456564
2728,mixtura,packing_A,T09,largo,8,G4,8.381608778645749,0.6883020330902941,0.8261899371115237,False,436,466.64865435080134,-6.567822293078194,0.013714294962519524,24.09022871655132,60,261.6,9.046535875819746,121,-5.785652694188832
2728,mixtura,packing_A,T09,largo,8,G4,8.381608778645749,0.6883020330902941,0.8261899371115237,False,436,466.64865435080134,-6.567822293078194,0.013714294962519524,24.09022871655132,60,261.6,9.046535875819746,122,-5.753515517579273
2728,mixtura,packing_A,T09,largo,8,G4,8.381608778645749,0.6883020330902941,0.8261899371115237,False,436,466.64865435080134,-6.567822293078194,0.013714294962519524,24.09022871655132,60,261.6,9.046535875819746,123,-5.798659373007585
2728,mixtura,packing_A,T09,largo,8,G4,8.381608778645749,0.6883020330902941,0.8261899371115237,False,436,466.64865435080134,-6.567822293078194,0.013714294962519524,24.09022871655132,60,261.6,9.046535875819746,124,-5.916570016765118
2728,mixtura,packing_A,T09,largo,8,G4,8.381608778645749,0.6883020330902941,0.8261899371115237,False,436,466.64865435080134,-6.567822293078194,0.013714294962519524,24.09022871655132,60,261.6,9.046535875819746,125,-6.201516586751453
2728,mixtura,packing_A,T09,largo,8,G4,8.381608778645749,0.6883020330902941,0.8261899371115237,False,436,466.64865435080134,-6.567822293078194,0.013714294962519524,24.09022871655132,60,261.6,9.046535875819746,126,-6.22833251618147
2728,mixtura,packing_A,T09,largo,8,G4,8.381608778645749,0.6883020330902941,0.8261899371115237,False,436,466.64865435080134,-6.567822293078194,0.013714294962519524,24.09022871655132,60,261.6,9.046535875819746,127,-6.101633729335131
2728,mixtura,packing_A,T09,largo,8,G4,8.381608778645749,0.6883020330902941,0.8261899371115237,False,436,466.64865435080134,-6.567822293078194,0.013714294962519524,24.09022871655132,60,261.6,9.046535875819746,128,-6.283678543414183
2728,mixtura,packing_A,T09,largo,8,G4,8.381608778645749,0.6883020330902941,0.8261899371115237,False,436,466.64865435080134,-6.567822293078194,0.013714294962519524,24.09022871655132,60,261.6,9.046535875819746,129,-6.271581142485364
2728,mixtura,packing_A,T09,largo,8,G4,8.381608778645749,0.6883020330902941,0.8261899371115237,False,436,466.64865435080134,-6.567822293078194,0.013714294962519524,24.09022871655132,60,261.6,9.046535875819746,130,-6.663999534409553
2728,mixtura,packing_A,T09,largo,8,G4,8.381608778645749,0.6883020330902941,0.8261899371115237,False,436,466.64865435080134,-6.567822293078194,0.013714294962519524,24.09022871655132,60,261.6,9.046535875819746,131,-6.521559502031661
2728,mixtura,packing_A,T09,largo,8,G4,8.381608778645749,0.6883020330902941,0.8261899371115237,False,436,466.64865435080134,-6.567822293078194,0.013714294962519524,24.09022871655132,60,261.6,9.046535875819746,132,-6.485017056740172
2728,mixtura,packing_A,T09,largo,8,G4,8.381608778645749,0.6883020330902941,0.8261899371115237,False,436,466.64865435080134,-6.567822293078194,0.013714294962519524,24.09022871655132,60,261.6,9.046535875819746,133,-6.621202274812931
2728,mixtura,packing_A,T09,largo,8,G4,8.381608778645749,0.6883020330902941,0.8261899371115237,False,436,466.64865435080134,-6.567822293078194,0.013714294962519524,24.09022871655132,60,261.6,9.046535875819746,134,-6.660616798722851
2728,mixtura,packing_A,T09,largo,8,G4,8.381608778645749,0.6883020330902941,0.8261899371115237,False,436,466.64865435080134,-6.567822293078194,0.013714294962519524,24.09022871655132,60,261.6,9.046535875819746,135,-6.543658099681408
2728,mixtura,packing_A,T09,largo,8,G4,8.381608778645749,0.6883020330902941,0.8261899371115237,False,436,466.64865435080134,-6.567822293078194,0.013714294962519524,24.09022871655132,60,261.6,9.046535875819746,136,-6.560590203500363
2728,mixtura,packing_A,T09,largo,8,G4,8.381608778645749,0.6883020330902941,0.8261899371115237,False,436,466.64865435080134,-6.567822293078194,0.013714294962519524,24.09022871655132,60,261.6,9.046535875819746,137,-6.79800845463597
2728,mixtura,packing_A,T09,largo,8,G4,8.381608778645749,0.6883020330902941,0.8261899371115237,False,436,466.64865435080134,-6.567822293078194,0.013714294962519524,24.09022871655132,60,261.6,9.046535875819746,138,-6.82687044026597
2728,mixtura,packing_A,T09,largo,8,G4,8.381608778645749,0.6883020330902941,0.8261899371115237,False,436,466.64865435080134,-6.567822293078194,0.013714294962519524,24.09022871655132,60,261.6,9.046535875819746,139,-6.991283589632535
2728,mixtura,packing_A,T09,largo,8,G4,8.381608778645749,0.6883020330902941,0.8261899371115237,False,436,466.64865435080134,-6.567822293078194,0.013714294962519524,24.09022871655132,60,261.6,9.046535875819746,140,-6.805628110848415
2728,mixtura,packing_A,T09,largo,8,G4,8.381608778645749,0.6883020330902941,0.8261899371115237,False,436,466.64865435080134,-6.567822293078194,0.013714294962519524,24.09022871655132,60,261.6,9.046535875819746,141,-6.739712930860267
2728,mixtura,packing_A,T09,largo,8,G4,8.381608778645749,0.6883020330902941,0.8261899371115237,False,436,466.64865435080134,-6.567822293078194,0.013714294962519524,24.09022871655132,60,261.6,9.046535875819746,142,-6.812670910195448
2728,mixtura,packing_A,T09,largo,8,G4,8.381608778645749,0.6883020330902941,0.8261899371115237,False,436,466.64865435080134,-6.567822293078194,0.013714294962519524,24.09022871655132,60,261.6,9.046535875819746,143,-6.956964705213014
2728,mixtura,packing_A,T09,largo,8,G4,8.381608778645749,0.6883020330902941,0.8261899371115237,False,436,466.64865435080134,-6.567822293078194,0.013714294962519524,24.09022871655132,60,261.6,9.046535875819746,144,-7.024529692120083
2728,mixtura,packing_A,T09,largo,8,G4,8.381608778645749,0.6883020330902941,0.8261899371115237,False,436,466.64865435080134,-6.567822293078194,0.013714294962519524,24.09022871655132,60,261.6,9.046535875819746,145,-6.863963404593667
2728,mixtura,packing_A,T09,largo,8,G4,8.381608778645749,0.6883020330902941,0.8261899371115237,False,436,466.64865435080134,-6.567822293078194,0.013714294962519524,24.09022871655132,60,261.6,9.046535875819746,146,-6.985501775799876
2728,mixtura,packing_A,T09,largo,8,G4,8.381608778645749,0.6883020330902941,0.8261899371115237,False,436,466.64865435080134,-6.567822293078194,0.013714294962519524,24.09022871655132,60,261.6,9.046535875819746,147,-6.974482594197454
2728,mixtura,packing_A,T09,largo,8,G4,8.381608778645749,0.6883020330902941,0.8261899371115237,False,436,466.64865435080134,-6.567822293078194,0.013714294962519524,24.09022871655132,60,261.6,9.046535875819746,148,-7.051942878099437
2728,mixtura,packing_A,T09,largo,8,G4,8.381608778645749,0.6883020330902941,0.8261899371115237,False,436,466.64865435080134,-6.567822293078194,0.013714294962519524,24.09022871655132,60,261.6,9.046535875819746,149,-7.013839554882197
2728,mixtura,packing_A,T09,largo,8,G4,8.381608778645749,0.6883020330902941,0.8261899371115237,False,436,466.64865435080134,-6.567822293078194,0.013714294962519524,24.09022871655132,60,261.6,9.046535875819746,150,-6.982058971926765
2728,mixtura,packing_A,T09,largo,8,G4,8.381608778645749,0.6883020330902941,0.8261899371115237,False,436,466.64865435080134,-6.567822293078194,0.013714294962519524,24.09022871655132,60,261.6,9.046535875819746,151,-7.211209157505602
2728,mixtura,packing_A,T09,largo,8,G4,8.381608778645749,0.6883020330902941,0.8261899371115237,False,436,466.64865435080134,-6.567822293078194,0.013714294962519524,24.09022871655132,60,261.6,9.046535875819746,152,-7.129349126704281
2728,mixtura,packing_A,T09,largo,8,G4,8.381608778645749,0.6883020330902941,0.8261899371115237,False,436,466.64865435080134,-6.567822293078194,0.013714294962519524,24.09022871655132,60,261.6,9.046535875819746,153,-7.085683158590918
2728,mixtura,packing_A,T09,largo,8,G4,8.381608778645749,0.6883020330902941,0.8261899371115237,False,436,466.64865435080134,-6.567822293078194,0.013714294962519524,24.09022871655132,60,261.6,9.046535875819746,154,-6.784676671036493
2728,mixtura,packing_A,T09,largo,8,G4,8.381608778645749,0.6883020330902941,0.8261899371115237,False,436,466.64865435080134,-6.567822293078194,0.013714294962519524,24.09022871655132,60,261.6,9.046535875819746,155,-6.953395681573256
2728,mixtura,packing_A,T09,largo,8,G4,8.381608778645749,0.6883020330902941,0.8261899371115237,False,436,466.64865435080134,-6.567822293078194,0.013714294962519524,24.09022871655132,60,261.6,9.046535875819746,156,-7.003570774700779
2728,mixtura,packing_A,T09,largo,8,G4,8.381608778645749,0.6883020330902941,0.8261899371115237,False,436,466.64865435080134,-6.567822293078194,0.013714294962519524,24.09022871655132,60,261.6,9.046535875819746,157,-6.919272888464252
2728,mixtura,packing_A,T09,largo,8,G4,8.381608778645749,0.6883020330902941,0.8261899371115237,False,436,466.64865435080134,-6.567822293078194,0.013714294962519524,24.09022871655132,60,261.6,9.046535875819746,158,-6.889592792149925
2728,mixtura,packing_A,T09,largo,8,G4,8.381608778645749,0.6883020330902941,0.8261899371115237,False,436,466.64865435080134,-6.567822293078194,0.013714294962519524,24.09022871655132,60,261.6,9.046535875819746,159,-6.808575642914135
2728,mixtura,packing_A,T09,largo,8,G4,8.381608778645749,0.6883020330902941,0.8261899371115237,False,436,466.64865435080134,-6.567822293078194,0.013714294962519524,24.09022871655132,60,261.6,9.046535875819746,160,-7.037179773570078
2728,mixtura,packing_A,T09,largo,8,G4,8.381608778645749,0.6883020330902941,0.8261899371115237,False,436,466.64865435080134,-6.567822293078194,0.013714294962519524,24.09022871655132,60,261.6,9.046535875819746,161,-6.784748558295212
2728,mixtura,packing_A,T09,largo,8,G4,8.381608778645749,0.6883020330902941,0.8261899371115237,False,436,466.64865435080134,-6.567822293078194,0.013714294962519524,24.09022871655132,60,261.6,9.046535875819746,162,-6.7270437422929135
2728,mixtura,packing_A,T09,largo,8,G4,8.381608778645749,0.6883020330902941,0.8261899371115237,False,436,466.64865435080134,-6.567822293078194,0.013714294962519524,24.09022871655132,60,261.6,9.046535875819746,163,-6.754871270307321
2728,mixtura,packing_A,T09,largo,8,G4,8.381608778645749,0.6883020330902941,0.8261899371115237,False,436,466.64865435080134,-6.567822293078194,0.013714294962519524,24.09022871655132,60,261.6,9.046535875819746,164,-6.678839652259293
2728,mixtura,packing_A,T09,largo,8,G4,8.381608778645749,0.6883020330902941,0.8261899371115237,False,436,466.64865435080134,-6.567822293078194,0.013714294962519524,24.09022871655132,60,261.6,9.046535875819746,165,-7.041489989195783
2728,mixtura,packing_A,T09,largo,8,G4,8.381608778645749,0.6883020330902941,0.8261899371115237,False,436,466.64865435080134,-6.567822293078194,0.013714294962519524,24.09022871655132,60,261.6,9.046535875819746,166,-6.765751540775081
2728,mixtura,packing_A,T09,largo,8,G4,8.381608778645749,0.6883020330902941,0.8261899371115237,False,436,466.64865435080134,-6.567822293078194,0.013714294962519524,24.09022871655132,60,261.6,9.046535875819746,167,-6.6370371346026005
2728,mixtura,packing_A,T09,largo,8,G4,8.381608778645749,0.6883020330902941,0.8261899371115237,False,436,466.64865435080134,-6.567822293078194,0.013714294962519524,24.09022871655132,60,261.6,9.046535875819746,168,-6.833102118620968
2728,mixtura,packing_A,T09,largo,8,G4,8.381608778645749,0.6883020330902941,0.8261899371115237,False,436,466.64865435080134,-6.567822293078194,0.013714294962519524,24.09022871655132,60,261.6,9.046535875819746,169,-6.602259162126472
2728,mixtura,packing_A,T09,largo,8,G4,8.381608778645749,0.6883020330902941,0.8261899371115237,False,436,466.64865435080134,-6.567822293078194,0.013714294962519524,24.09022871655132,60,261.6,9.046535875819746,170,-6.527382739215122
2728,mixtura,packing_A,T09,largo,8,G4,8.381608778645749,0.6883020330902941,0.8261899371115237,False,436,466.64865435080134,-6.567822293078194,0.013714294962519524,24.09022871655132,60,261.6,9.046535875819746,171,-6.441176458172106
2728,mixtura,packing_A,T09,largo,8,G4,8.381608778645749,0.6883020330902941,0.8261899371115237,False,436,466.64865435080134,-6.567822293078194,0.013714294962519524,24.09022871655132,60,261.6,9.046535875819746,172,-6.1489501851370045
2728,mixtura,packing_A,T09,largo,8,G4,8.381608778645749,0.6883020330902941,0.8261899371115237,False,436,466.64865435080134,-6.567822293078194,0.013714294962519524,24.09022871655132,60,261.6,9.046535875819746,173,-6.558087824157915
2728,mixtura,packing_A,T09,largo,8,G4,8.381608778645749,0.6883020330902941,0.8261899371115237,False,436,466.64865435080134,-6.567822293078194,0.013714294962519524,24.09022871655132,60,261.6,9.046535875819746,174,-6.168824963302755
2728,mixtura,packing_A,T09,largo,8,G4,8.381608778645749,0.6883020330902941,0.8261899371115237,False,436,466.64865435080134,-6.567822293078194,0.013714294962519524,24.09022871655132,60,261.6,9.046535875819746,175,-6.267099510372734
2728,mixtura,packing_A,T09,largo,8,G4,8.381608778645749,0.6883020330902941,0.8261899371115237,False,436,466.64865435080134,-6.567822293078194,0.013714294962519524,24.09022871655132,60,261.6,9.046535875819746,176,-6.121234445554545
2728,mixtura,packing_A,T09,largo,8,G4,8.381608778645749,0.6883020330902941,0.8261899371115237,False,436,466.64865435080134,-6.567822293078194,0.013714294962519524,24.09022871655132,60,261.6,9.046535875819746,177,-6.219594788938552
2728,mixtura,packing_A,T09,largo,8,G4,8.381608778645749,0.6883020330902941,0.8261899371115237,False,436,466.64865435080134,-6.567822293078194,0.013714294962519524,24.09022871655132,60,261.6,9.046535875819746,178,-6.138438481368273
2728,mixtura,packing_A,T09,largo,8,G4,8.381608778645749,0.6883020330902941,0.8261899371115237,False,436,466.64865435080134,-6.567822293078194,0.013714294962519524,24.09022871655132,60,261.6,9.046535875819746,179,-6.207534897780389
2728,mixtura,packing_A,T09,largo,8,G4,8.381608778645749,0.6883020330902941,0.8261899371115237,False,436,466.64865435080134,-6.567822293078194,0.013714294962519524,24.09022871655132,60,261.6,9.046535875819746,180,-6.0865727972288965
2728,mixtura,packing_A,T09,largo,8,G4,8.381608778645749,0.6883020330902941,0.8261899371115237,False,436,466.64865435080134,-6.567822293078194,0.013714294962519524,24.09022871655132,60,261.6,9.046535875819746,181,-5.946959740296197
2728,mixtura,packing_A,T09,largo,8,G4,8.381608778645749,0.6883020330902941,0.8261899371115237,False,436,466.64865435080134,-6.567822293078194,0.013714294962519524,24.09022871655132,60,261.6,9.046535875819746,182,-5.813237020370477
2728,mixtura,packing_A,T09,largo,8,G4,8.381608778645749,0.6883020330902941,0.8261899371115237,False,436,466.64865435080134,-6.567822293078194,0.013714294962519524,24.09022871655132,60,261.6,9.046535875819746,183,-5.71992782241494
2728,mixtura,packing_A,T09,largo,8,G4,8.381608778645749,0.6883020330902941,0.8261899371115237,False,436,466.64865435080134,-6.567822293078194,0.013714294962519524,24.09022871655132,60,261.6,9.046535875819746,184,-5.75504394143517
2728,mixtura,packing_A,T09,largo,8,G4,8.381608778645749,0.6883020330902941,0.8261899371115237,False,436,466.64865435080134,-6.567822293078194,0.013714294962519524,24.09022871655132,60,261.6,9.046535875819746,185,-5.627810633955929
2728,mixtura,packing_A,T09,largo,8,G4,8.381608778645749,0.6883020330902941,0.8261899371115237,False,436,466.64865435080134,-6.567822293078194,0.013714294962519524,24.09022871655132,60,261.6,9.046535875819746,186,-5.814154936314344
2728,mixtura,packing_A,T09,largo,8,G4,8.381608778645749,0.6883020330902941,0.8261899371115237,False,436,466.64865435080134,-6.567822293078194,0.013714294962519524,24.09022871655132,60,261.6,9.046535875819746,187,-5.69165355258785
2728,mixtura,packing_A,T09,largo,8,G4,8.381608778645749,0.6883020330902941,0.8261899371115237,False,436,466.64865435080134,-6.567822293078194,0.013714294962519524,24.09022871655132,60,261.6,9.046535875819746,188,-5.551646214037741
2728,mixtura,packing_A,T09,largo,8,G4,8.381608778645749,0.6883020330902941,0.8261899371115237,False,436,466.64865435080134,-6.567822293078194,0.013714294962519524,24.09022871655132,60,261.6,9.046535875819746,189,-5.481197114382055
2728,mixtura,packing_A,T09,largo,8,G4,8.381608778645749,0.6883020330902941,0.8261899371115237,False,436,466.64865435080134,-6.567822293078194,0.013714294962519524,24.09022871655132,60,261.6,9.046535875819746,190,-5.497873354001509
2728,mixtura,packing_A,T09,largo,8,G4,8.381608778645749,0.6883020330902941,0.8261899371115237,False,436,466.64865435080134,-6.567822293078194,0.013714294962519524,24.09022871655132,60,261.6,9.046535875819746,191,-5.424143401670133
2728,mixtura,packing_A,T09,largo,8,G4,8.381608778645749,0.6883020330902941,0.8261899371115237,False,436,466.64865435080134,-6.567822293078194,0.013714294962519524,24.09022871655132,60,261.6,9.046535875819746,192,-5.43214860326544
2728,mixtura,packing_A,T09,largo,8,G4,8.381608778645749,0.6883020330902941,0.8261899371115237,False,436,466.64865435080134,-6.567822293078194,0.013714294962519524,24.09022871655132,60,261.6,9.046535875819746,193,-5.208289289662806
2728,mixtura,packing_A,T09,largo,8,G4,8.381608778645749,0.6883020330902941,0.8261899371115237,False,436,466.64865435080134,-6.567822293078194,0.013714294962519524,24.09022871655132,60,261.6,9.046535875819746,194,-5.271476396970945
2728,mixtura,packing_A,T09,largo,8,G4,8.381608778645749,0.6883020330902941,0.8261899371115237,False,436,466.64865435080134,-6.567822293078194,0.013714294962519524,24.09022871655132,60,261.6,9.046535875819746,195,-5.04586637691781
2728,mixtura,packing_A,T09,largo,8,G4,8.381608778645749,0.6883020330902941,0.8261899371115237,False,436,466.64865435080134,-6.567822293078194,0.013714294962519524,24.09022871655132,60,261.6,9.046535875819746,196,-5.111800285711572
2728,mixtura,packing_A,T09,largo,8,G4,8.381608778645749,0.6883020330902941,0.8261899371115237,False,436,466.64865435080134,-6.567822293078194,0.013714294962519524,24.09022871655132,60,261.6,9.046535875819746,197,-4.990519107760815
2728,mixtura,packing_A,T09,largo,8,G4,8.381608778645749,0.6883020330902941,0.8261899371115237,False,436,466.64865435080134,-6.567822293078194,0.013714294962519524,24.09022871655132,60,261.6,9.046535875819746,198,-4.990456297812688
2728,mixtura,packing_A,T09,largo,8,G4,8.381608778645749,0.6883020330902941,0.8261899371115237,False,436,466.64865435080134,-6.567822293078194,0.013714294962519524,24.09022871655132,60,261.6,9.046535875819746,199,-4.850394909534376
2728,mixtura,packing_A,T09,largo,8,G4,8.381608778645749,0.6883020330902941,0.8261899371115237,False,436,466.64865435080134,-6.567822293078194,0.013714294962519524,24.09022871655132,60,261.6,9.046535875819746,200,-4.711592607216795
2728,mixtura,packing_A,T09,largo,8,G4,8.381608778645749,0.6883020330902941,0.8261899371115237,False,436,466.64865435080134,-6.567822293078194,0.013714294962519524,24.09022871655132,60,261.6,9.046535875819746,201,-4.586240397195283
2728,mixtura,packing_A,T09,largo,8,G4,8.381608778645749,0.6883020330902941,0.8261899371115237,False,436,466.64865435080134,-6.567822293078194,0.013714294962519524,24.09022871655132,60,261.6,9.046535875819746,202,-4.5459538086432465
2728,mixtura,packing_A,T09,largo,8,G4,8.381608778645749,0.6883020330902941,0.8261899371115237,False,436,466.64865435080134,-6.567822293078194,0.013714294962519524,24.09022871655132,60,261.6,9.046535875819746,203,-4.631416976987069
2728,mixtura,packing_A,T09,largo,8,G4,8.381608778645749,0.6883020330902941,0.8261899371115237,False,436,466.64865435080134,-6.567822293078194,0.013714294962519524,24.09022871655132,60,261.6,9.046535875819746,204,-4.35992389892435
2728,mixtura,packing_A,T09,largo,8,G4,8.381608778645749,0.6883020330902941,0.8261899371115237,False,436,466.64865435080134,-6.567822293078194,0.013714294962519524,24.09022871655132,60,261.6,9.046535875819746,205,-4.216738026763146
2728,mixtura,packing_A,T09,largo,8,G4,8.381608778645749,0.6883020330902941,0.8261899371115237,False,436,466.64865435080134,-6.567822293078194,0.013714294962519524,24.09022871655132,60,261.6,9.046535875819746,206,-4.2059313144486685
2728,mixtura,packing_A,T09,largo,8,G4,8.381608778645749,0.6883020330902941,0.8261899371115237,False,436,466.64865435080134,-6.567822293078194,0.013714294962519524,24.09022871655132,60,261.6,9.046535875819746,207,-4.191940836995139
2728,mixtura,packing_A,T09,largo,8,G4,8.381608778645749,0.6883020330902941,0.8261899371115237,False,436,466.64865435080134,-6.567822293078194,0.013714294962519524,24.09022871655132,60,261.6,9.046535875819746,208,-4.13393973533962
2728,mixtura,packing_A,T09,largo,8,G4,8.381608778645749,0.6883020330902941,0.8261899371115237,False,436,466.64865435080134,-6.567822293078194,0.013714294962519524,24.09022871655132,60,261.6,9.046535875819746,209,-4.0730422961767845
2728,mixtura,packing_A,T09,largo,8,G4,8.381608778645749,0.6883020330902941,0.8261899371115237,False,436,466.64865435080134,-6.567822293078194,0.013714294962519524,24.09022871655132,60,261.6,9.046535875819746,210,-3.9232350618669884
2728,mixtura,packing_A,T09,largo,8,G4,8.381608778645749,0.6883020330902941,0.8261899371115237,False,436,466.64865435080134,-6.567822293078194,0.013714294962519524,24.09022871655132,60,261.6,9.046535875819746,211,-3.8227766471437503
2728,mixtura,packing_A,T09,largo,8,G4,8.381608778645749,0.6883020330902941,0.8261899371115237,False,436,466.64865435080134,-6.567822293078194,0.013714294962519524,24.09022871655132,60,261.6,9.046535875819746,212,-4.070263752259272
2728,mixtura,packing_A,T09,largo,8,G4,8.381608778645749,0.6883020330902941,0.8261899371115237,False,436,466.64865435080134,-6.567822293078194,0.013714294962519524,24.09022871655132,60,261.6,9.046535875819746,213,-3.692068688048779
2728,mixtura,packing_A,T09,largo,8,G4,8.381608778645749,0.6883020330902941,0.8261899371115237,False,436,466.64865435080134,-6.567822293078194,0.013714294962519524,24.09022871655132,60,261.6,9.046535875819746,214,-3.6171311796078873
2728,mixtura,packing_A,T09,largo,8,G4,8.381608778645749,0.6883020330902941,0.8261899371115237,False,436,466.64865435080134,-6.567822293078194,0.013714294962519524,24.09022871655132,60,261.6,9.046535875819746,215,-3.6022337608754653
2728,mixtura,packing_A,T09,largo,8,G4,8.381608778645749,0.6883020330902941,0.8261899371115237,False,436,466.64865435080134,-6.567822293078194,0.013714294962519524,24.09022871655132,60,261.6,9.046535875819746,216,-3.443096602986887
2728,mixtura,packing_A,T09,largo,8,G4,8.381608778645749,0.6883020330902941,0.8261899371115237,False,436,466.64865435080134,-6.567822293078194,0.013714294962519524,24.09022871655132,60,261.6,9.046535875819746,217,-3.3385457563705767
2728,mixtura,packing_A,T09,largo,8,G4,8.381608778645749,0.6883020330902941,0.8261899371115237,False,436,466.64865435080134,-6.567822293078194,0.013714294962519524,24.09022871655132,60,261.6,9.046535875819746,218,-3.3588919408488187
2728,mixtura,packing_A,T09,largo,8,G4,8.381608778645749,0.6883020330902941,0.8261899371115237,False,436,466.64865435080134,-6.567822293078194,0.013714294962519524,24.09022871655132,60,261.6,9.046535875819746,219,-3.2182910337283963
2728,mixtura,packing_A,T09,largo,8,G4,8.381608778645749,0.6883020330902941,0.8261899371115237,False,436,466.64865435080134,-6.567822293078194,0.013714294962519524,24.09022871655132,60,261.6,9.046535875819746,220,-3.116561444657741
2728,mixtura,packing_A,T09,largo,8,G4,8.381608778645749,0.6883020330902941,0.8261899371115237,False,436,466.64865435080134,-6.567822293078194,0.013714294962519524,24.09022871655132,60,261.6,9.046535875819746,221,-3.129943541270084
2728,mixtura,packing_A,T09,largo,8,G4,8.381608778645749,0.6883020330902941,0.8261899371115237,False,436,466.64865435080134,-6.567822293078194,0.013714294962519524,24.09022871655132,60,261.6,9.046535875819746,222,-3.0636426805676944
2728,mixtura,packing_A,T09,largo,8,G4,8.381608778645749,0.6883020330902941,0.8261899371115237,False,436,466.64865435080134,-6.567822293078194,0.013714294962519524,24.09022871655132,60,261.6,9.046535875819746,223,-2.775897635080003
2728,mixtura,packing_A,T09,largo,8,G4,8.381608778645749,0.6883020330902941,0.8261899371115237,False,436,466.64865435080134,-6.567822293078194,0.013714294962519524,24.09022871655132,60,261.6,9.046535875819746,224,-2.671601050112603
2728,mixtura,packing_A,T09,largo,8,G4,8.381608778645749,0.6883020330902941,0.8261899371115237,False,436,466.64865435080134,-6.567822293078194,0.013714294962519524,24.09022871655132,60,261.6,9.046535875819746,225,-2.7601366038920845
2728,mixtura,packing_A,T09,largo,8,G4,8.381608778645749,0.6883020330902941,0.8261899371115237,False,436,466.64865435080134,-6.567822293078194,0.013714294962519524,24.09022871655132,60,261.6,9.046535875819746,226,-2.559296447510676
2728,mixtura,packing_A,T09,largo,8,G4,8.381608778645749,0.6883020330902941,0.8261899371115237,False,436,466.64865435080134,-6.567822293078194,0.013714294962519524,24.09022871655132,60,261.6,9.046535875819746,227,-2.386555300585222
2728,mixtura,packing_A,T09,largo,8,G4,8.381608778645749,0.6883020330902941,0.8261899371115237,False,436,466.64865435080134,-6.567822293078194,0.013714294962519524,24.09022871655132,60,261.6,9.046535875819746,228,-2.63913299948782
2728,mixtura,packing_A,T09,largo,8,G4,8.381608778645749,0.6883020330902941,0.8261899371115237,False,436,466.64865435080134,-6.567822293078194,0.013714294962519524,24.09022871655132,60,261.6,9.046535875819746,229,-2.3946578733097947
2728,mixtura,packing_A,T09,largo,8,G4,8.381608778645749,0.6883020330902941,0.8261899371115237,False,436,466.64865435080134,-6.567822293078194,0.013714294962519524,24.09022871655132,60,261.6,9.046535875819746,230,-2.2385324887964515
2728,mixtura,packing_A,T09,largo,8,G4,8.381608778645749,0.6883020330902941,0.8261899371115237,False,436,466.64865435080134,-6.567822293078194,0.013714294962519524,24.09022871655132,60,261.6,9.046535875819746,231,-2.3688953612586663
2728,mixtura,packing_A,T09,largo,8,G4,8.381608778645749,0.6883020330902941,0.8261899371115237,False,436,466.64865435080134,-6.567822293078194,0.013714294962519524,24.09022871655132,60,261.6,9.046535875819746,232,-2.123866215958065
2728,mixtura,packing_A,T09,largo,8,G4,8.381608778645749,0.6883020330902941,0.8261899371115237,False,436,466.64865435080134,-6.567822293078194,0.013714294962519524,24.09022871655132,60,261.6,9.046535875819746,233,-2.2049730724752257
2728,mixtura,packing_A,T09,largo,8,G4,8.381608778645749,0.6883020330902941,0.8261899371115237,False,436,466.64865435080134,-6.567822293078194,0.013714294962519524,24.09022871655132,60,261.6,9.046535875819746,234,-1.882331823190792
2728,mixtura,packing_A,T09,largo,8,G4,8.381608778645749,0.6883020330902941,0.8261899371115237,False,436,466.64865435080134,-6.567822293078194,0.013714294962519524,24.09022871655132,60,261.6,9.046535875819746,235,-1.9404512273381742
2728,mixtura,packing_A,T09,largo,8,G4,8.381608778645749,0.6883020330902941,0.8261899371115237,False,436,466.64865435080134,-6.567822293078194,0.013714294962519524,24.09022871655132,60,261.6,9.046535875819746,236,-1.937904355395342
2728,mixtura,packing_A,T09,largo,8,G4,8.381608778645749,0.6883020330902941,0.8261899371115237,False,436,466.64865435080134,-6.567822293078194,0.013714294962519524,24.09022871655132,60,261.6,9.046535875819746,237,-1.697129509386835
2728,mixtura,packing_A,T09,largo,8,G4,8.381608778645749,0.6883020330902941,0.8261899371115237,False,436,466.64865435080134,-6.567822293078194,0.013714294962519524,24.09022871655132,60,261.6,9.046535875819746,238,-1.6751208441706784
2728,mixtura,packing_A,T09,largo,8,G4,8.381608778645749,0.6883020330902941,0.8261899371115237,False,436,466.64865435080134,-6.567822293078194,0.013714294962519524,24.09022871655132,60,261.6,9.046535875819746,239,-1.7063657750022996
2728,mixtura,packing_A,T09,largo,8,G4,8.381608778645749,0.6883020330902941,0.8261899371115237,False,436,466.64865435080134,-6.567822293078194,0.013714294962519524,24.09022871655132,60,261.6,9.046535875819746,240,-1.4934395626017565
2728,mixtura,packing_A,T09,largo,8,G4,8.381608778645749,0.6883020330902941,0.8261899371115237,False,436,466.64865435080134,-6.567822293078194,0.013714294962519524,24.09022871655132,60,261.6,9.046535875819746,241,-1.5393136385604105
2728,mixtura,packing_A,T09,largo,8,G4,8.381608778645749,0.6883020330902941,0.8261899371115237,False,436,466.64865435080134,-6.567822293078194,0.013714294962519524,24.09022871655132,60,261.6,9.046535875819746,242,-1.4300291668625822
2728,mixtura,packing_A,T09,largo,8,G4,8.381608778645749,0.6883020330902941,0.8261899371115237,False,436,466.64865435080134,-6.567822293078194,0.013714294962519524,24.09022871655132,60,261.6,9.046535875819746,243,-1.2436824388882397
2728,mixtura,packing_A,T09,largo,8,G4,8.381608778645749,0.6883020330902941,0.8261899371115237,False,436,466.64865435080134,-6.567822293078194,0.013714294962519524,24.09022871655132,60,261.6,9.046535875819746,244,-0.9967343091712818
2728,mixtura,packing_A,T09,largo,8,G4,8.381608778645749,0.6883020330902941,0.8261899371115237,False,436,466.64865435080134,-6.567822293078194,0.013714294962519524,24.09022871655132,60,261.6,9.046535875819746,245,-1.1269331056096514
2728,mixtura,packing_A,T09,largo,8,G4,8.381608778645749,0.6883020330902941,0.8261899371115237,False,436,466.64865435080134,-6.567822293078194,0.013714294962519524,24.09022871655132,60,261.6,9.046535875819746,246,-1.1274170164222497
2728,mixtura,packing_A,T09,largo,8,G4,8.381608778645749,0.6883020330902941,0.8261899371115237,False,436,466.64865435080134,-6.567822293078194,0.013714294962519524,24.09022871655132,60,261.6,9.046535875819746,247,-0.955442906272028
2728,mixtura,packing_A,T09,largo,8,G4,8.381608778645749,0.6883020330902941,0.8261899371115237,False,436,466.64865435080134,-6.567822293078194,0.013714294962519524,24.09022871655132,60,261.6,9.046535875819746,248,-0.9237608277559335
2728,mixtura,packing_A,T09,largo,8,G4,8.381608778645749,0.6883020330902941,0.8261899371115237,False,436,466.64865435080134,-6.567822293078194,0.013714294962519524,24.09022871655132,60,261.6,9.046535875819746,249,-0.9564204487203355
2728,mixtura,packing_A,T09,largo,8,G4,8.381608778645749,0.6883020330902941,0.8261899371115237,False,436,466.64865435080134,-6.567822293078194,0.013714294962519524,24.09022871655132,60,261.6,9.046535875819746,250,-0.8997565742525313
2728,mixtura,packing_A,T09,largo,8,G4,8.381608778645749,0.6883020330902941,0.8261899371115237,False,436,466.64865435080134,-6.567822293078194,0.013714294962519524,24.09022871655132,60,261.6,9.046535875819746,251,-0.8854912854316317
2728,mixtura,packing_A,T09,largo,8,G4,8.381608778645749,0.6883020330902941,0.8261899371115237,False,436,466.64865435080134,-6.567822293078194,0.013714294962519524,24.09022871655132,60,261.6,9.046535875819746,252,-0.5431661787821631
2728,mixtura,packing_A,T09,largo,8,G4,8.381608778645749,0.6883020330902941,0.8261899371115237,False,436,466.64865435080134,-6.567822293078194,0.013714294962519524,24.09022871655132,60,261.6,9.046535875819746,253,-0.6983764177190296
2728,mixtura,packing_A,T09,largo,8,G4,8.381608778645749,0.6883020330902941,0.8261899371115237,False,436,466.64865435080134,-6.567822293078194,0.013714294962519524,24.09022871655132,60,261.6,9.046535875819746,254,-0.5822623129202928
2728,mixtura,packing_A,T09,largo,8,G4,8.381608778645749,0.6883020330902941,0.8261899371115237,False,436,466.64865435080134,-6.567822293078194,0.013714294962519524,24.09022871655132,60,261.6,9.046535875819746,255,-0.6147826892358428
2728,mixtura,packing_A,T09,largo,8,G4,8.381608778645749,0.6883020330902941,0.8261899371115237,False,436,466.64865435080134,-6.567822293078194,0.013714294962519524,24.09022871655132,60,261.6,9.046535875819746,256,-0.3997580131322585
2728,mixtura,packing_A,T09,largo,8,G4,8.381608778645749,0.6883020330902941,0.8261899371115237,False,436,466.64865435080134,-6.567822293078194,0.013714294962519524,24.09022871655132,60,261.6,9.046535875819746,257,-0.40981823141830953
2728,mixtura,packing_A,T09,largo,8,G4,8.381608778645749,0.6883020330902941,0.8261899371115237,False,436,466.64865435080134,-6.567822293078194,0.013714294962519524,24.09022871655132,60,261.6,9.046535875819746,258,-0.2486386429124343
2728,mixtura,packing_A,T09,largo,8,G4,8.381608778645749,0.6883020330902941,0.8261899371115237,False,436,466.64865435080134,-6.567822293078194,0.013714294962519524,24.09022871655132,60,261.6,9.046535875819746,259,-0.26555352180784036
2728,mixtura,packing_A,T09,largo,8,G4,8.381608778645749,0.6883020330902941,0.8261899371115237,False,436,466.64865435080134,-6.567822293078194,0.013714294962519524,24.09022871655132,60,261.6,9.046535875819746,260,-0.22193980561275445
2728,mixtura,packing_A,T09,largo,8,G4,8.381608778645749,0.6883020330902941,0.8261899371115237,False,436,466.64865435080134,-6.567822293078194,0.013714294962519524,24.09022871655132,60,261.6,9.046535875819746,261,-0.30187235294562415
2728,mixtura,packing_A,T09,largo,8,G4,8.381608778645749,0.6883020330902941,0.8261899371115237,False,436,466.64865435080134,-6.567822293078194,0.013714294962519524,24.09022871655132,60,261.6,9.046535875819746,262,-0.4474547353535829
2728,mixtura,packing_A,T09,largo,8,G4,8.381608778645749,0.6883020330902941,0.8261899371115237,False,436,466.64865435080134,-6.567822293078194,0.013714294962519524,24.09022871655132,60,261.6,9.046535875819746,263,-0.5540955247709193
2728,mixtura,packing_A,T09,largo,8,G4,8.381608778645749,0.6883020330902941,0.8261899371115237,False,436,466.64865435080134,-6.567822293078194,0.013714294962519524,24.09022871655132,60,261.6,9.046535875819746,264,-0.6588024319751479
2728,mixtura,packing_A,T09,largo,8,G4,8.381608778645749,0.6883020330902941,0.8261899371115237,False,436,466.64865435080134,-6.567822293078194,0.013714294962519524,24.09022871655132,60,261.6,9.046535875819746,265,-0.40713879764525907
2728,mixtura,packing_A,T09,largo,8,G4,8.381608778645749,0.6883020330902941,0.8261899371115237,False,436,466.64865435080134,-6.567822293078194,0.013714294962519524,24.09022871655132,60,261.6,9.046535875819746,266,-0.5996698744284008
2728,mixtura,packing_A,T09,largo,8,G4,8.381608778645749,0.6883020330902941,0.8261899371115237,False,436,466.64865435080134,-6.567822293078194,0.013714294962519524,24.09022871655132,60,261.6,9.046535875819746,267,-0.18991715858129646
2728,mixtura,packing_A,T09,largo,8,G4,8.381608778645749,0.6883020330902941,0.8261899371115237,False,436,466.64865435080134,-6.567822293078194,0.013714294962519524,24.09022871655132,60,261.6,9.046535875819746,268,0.05529708514813009
2728,mixtura,packing_A,T09,largo,8,G4,8.381608778645749,0.6883020330902941,0.8261899371115237,False,436,466.64865435080134,-6.567822293078194,0.013714294962519524,24.09022871655132,60,261.6,9.046535875819746,269,-0.057440798085162975
2728,mixtura,packing_A,T09,largo,8,G4,8.381608778645749,0.6883020330902941,0.8261899371115237,False,436,466.64865435080134,-6.567822293078194,0.013714294962519524,24.09022871655132,60,261.6,9.046535875819746,270,-0.04436554924464015
2728,mixtura,packing_A,T09,largo,8,G4,8.381608778645749,0.6883020330902941,0.8261899371115237,False,436,466.64865435080134,-6.567822293078194,0.013714294962519524,24.09022871655132,60,261.6,9.046535875819746,271,0.08647522597315022
2728,mixtura,packing_A,T09,largo,8,G4,8.381608778645749,0.6883020330902941,0.8261899371115237,False,436,466.64865435080134,-6.567822293078194,0.013714294962519524,24.09022871655132,60,261.6,9.046535875819746,272,0.18573183343941718
2728,mixtura,packing_A,T09,largo,8,G4,8.381608778645749,0.6883020330902941,0.8261899371115237,False,436,466.64865435080134,-6.567822293078194,0.013714294962519524,24.09022871655132,60,261.6,9.046535875819746,273,0.2674607023617973
2728,mixtura,packing_A,T09,largo,8,G4,8.381608778645749,0.6883020330902941,0.8261899371115237,False,436,466.64865435080134,-6.567822293078194,0.013714294962519524,24.09022871655132,60,261.6,9.046535875819746,274,0.4940653278437833
2728,mixtura,packing_A,T09,largo,8,G4,8.381608778645749,0.6883020330902941,0.8261899371115237,False,436,466.64865435080134,-6.567822293078194,0.013714294962519524,24.09022871655132,60,261.6,9.046535875819746,275,0.42066795065483303
2728,mixtura,packing_A,T09,largo,8,G4,8.381608778645749,0.6883020330902941,0.8261899371115237,False,436,466.64865435080134,-6.567822293078194,0.013714294962519524,24.09022871655132,60,261.6,9.046535875819746,276,0.3728700478738704
2728,mixtura,packing_A,T09,largo,8,G4,8.381608778645749,0.6883020330902941,0.8261899371115237,False,436,466.64865435080134,-6.567822293078194,0.013714294962519524,24.09022871655132,60,261.6,9.046535875819746,277,0.34393487151411983
2728,mixtura,packing_A,T09,largo,8,G4,8.381608778645749,0.6883020330902941,0.8261899371115237,False,436,466.64865435080134,-6.567822293078194,0.013714294962519524,24.09022871655132,60,261.6,9.046535875819746,278,0.7233464438865609
2728,mixtura,packing_A,T09,largo,8,G4,8.381608778645749,0.6883020330902941,0.8261899371115237,False,436,466.64865435080134,-6.567822293078194,0.013714294962519524,24.09022871655132,60,261.6,9.046535875819746,279,0.5283941318394959
2728,mixtura,packing_A,T09,largo,8,G4,8.381608778645749,0.6883020330902941,0.8261899371115237,False,436,466.64865435080134,-6.567822293078194,0.013714294962519524,24.09022871655132,60,261.6,9.046535875819746,280,0.46832289148752504
2728,mixtura,packing_A,T09,largo,8,G4,8.381608778645749,0.6883020330902941,0.8261899371115237,False,436,466.64865435080134,-6.567822293078194,0.013714294962519524,24.09022871655132,60,261.6,9.046535875819746,281,0.342311981880415
2728,mixtura,packing_A,T09,largo,8,G4,8.381608778645749,0.6883020330902941,0.8261899371115237,False,436,466.64865435080134,-6.567822293078194,0.013714294962519524,24.09022871655132,60,261.6,9.046535875819746,282,0.3670561290250231
2728,mixtura,packing_A,T09,largo,8,G4,8.381608778645749,0.6883020330902941,0.8261899371115237,False,436,466.64865435080134,-6.567822293078194,0.013714294962519524,24.09022871655132,60,261.6,9.046535875819746,283,0.38772847660499765
2728,mixtura,packing_A,T09,largo,8,G4,8.381608778645749,0.6883020330902941,0.8261899371115237,False,436,466.64865435080134,-6.567822293078194,0.013714294962519524,24.09022871655132,60,261.6,9.046535875819746,284,0.24045835877781993
2728,mixtura,packing_A,T09,largo,8,G4,8.381608778645749,0.6883020330902941,0.8261899371115237,False,436,466.64865435080134,-6.567822293078194,0.013714294962519524,24.09022871655132,60,261.6,9.046535875819746,285,0.00389017183978569
2728,mixtura,packing_A,T09,largo,8,G4,8.381608778645749,0.6883020330902941,0.8261899371115237,False,436,466.64865435080134,-6.567822293078194,0.013714294962519524,24.09022871655132,60,261.6,9.046535875819746,286,-0.16414871326318703
2728,mixtura,packing_A,T09,largo,8,G4,8.381608778645749,0.6883020330902941,0.8261899371115237,False,436,466.64865435080134,-6.567822293078194,0.013714294962519524,24.09022871655132,60,261.6,9.046535875819746,287,-0.26814124802621486
2728,mixtura,packing_A,T09,largo,8,G4,8.381608778645749,0.6883020330902941,0.8261899371115237,False,436,466.64865435080134,-6.567822293078194,0.013714294962519524,24.09022871655132,60,261.6,9.046535875819746,288,-0.2287800279414423
2728,mixtura,packing_A,T09,largo,8,G4,8.381608778645749,0.6883020330902941,0.8261899371115237,False,436,466.64865435080134,-6.567822293078194,0.013714294962519524,24.09022871655132,60,261.6,9.046535875819746,289,-0.5100405597672169
2728,mixtura,packing_A,T09,largo,8,G4,8.381608778645749,0.6883020330902941,0.8261899371115237,False,436,466.64865435080134,-6.567822293078194,0.013714294962519524,24.09022871655132,60,261.6,9.046535875819746,290,-0.6527751356679193
2728,mixtura,packing_A,T09,largo,8,G4,8.381608778645749,0.6883020330902941,0.8261899371115237,False,436,466.64865435080134,-6.567822293078194,0.013714294962519524,24.09022871655132,60,261.6,9.046535875819746,291,-0.39970331279077076
2728,mixtura,packing_A,T09,largo,8,G4,8.381608778645749,0.6883020330902941,0.8261899371115237,False,436,466.64865435080134,-6.567822293078194,0.013714294962519524,24.09022871655132,60,261.6,9.046535875819746,292,-0.43183066351923804
2728,mixtura,packing_A,T09,largo,8,G4,8.381608778645749,0.6883020330902941,0.8261899371115237,False,436,466.64865435080134,-6.567822293078194,0.013714294962519524,24.09022871655132,60,261.6,9.046535875819746,293,-0.3707316874434515
2728,mixtura,packing_A,T09,largo,8,G4,8.381608778645749,0.6883020330902941,0.8261899371115237,False,436,466.64865435080134,-6.567822293078194,0.013714294962519524,24.09022871655132,60,261.6,9.046535875819746,294,-0.4065450110784329
2728,mixtura,packing_A,T09,largo,8,G4,8.381608778645749,0.6883020330902941,0.8261899371115237,False,436,466.64865435080134,-6.567822293078194,0.013714294962519524,24.09022871655132,60,261.6,9.046535875819746,295,-0.4214229947823234
2728,mixtura,packing_A,T09,largo,8,G4,8.381608778645749,0.6883020330902941,0.8261899371115237,False,436,466.64865435080134,-6.567822293078194,0.013714294962519524,24.09022871655132,60,261.6,9.046535875819746,296,-0.43541210684035525
2728,mixtura,packing_A,T09,largo,8,G4,8.381608778645749,0.6883020330902941,0.8261899371115237,False,436,466.64865435080134,-6.567822293078194,0.013714294962519524,24.09022871655132,60,261.6,9.046535875819746,297,-0.16536366128389557
2728,mixtura,packing_A,T09,largo,8,G4,8.381608778645749,0.6883020330902941,0.8261899371115237,False,436,466.64865435080134,-6.567822293078194,0.013714294962519524,24.09022871655132,60,261.6,9.046535875819746,298,-0.2495451226671399
2728,mixtura,packing_A,T09,largo,8,G4,8.381608778645749,0.6883020330902941,0.8261899371115237,False,436,466.64865435080134,-6.567822293078194,0.013714294962519524,24.09022871655132,60,261.6,9.046535875819746,299,-0.3261968823084627
2728,mixtura,packing_A,T09,largo,8,G4,8.381608778645749,0.6883020330902941,0.8261899371115237,False,436,466.64865435080134,-6.567822293078194,0.013714294962519524,24.09022871655132,60,261.6,9.046535875819746,300,-0.04765189680465058
2728,mixtura,packing_A,T09,largo,8,G4,8.381608778645749,0.6883020330902941,0.8261899371115237,False,436,466.64865435080134,-6.567822293078194,0.013714294962519524,24.09022871655132,60,261.6,9.046535875819746,301,0.13044712135909223
2728,mixtura,packing_A,T09,largo,8,G4,8.381608778645749,0.6883020330902941,0.8261899371115237,False,436,466.64865435080134,-6.567822293078194,0.013714294962519524,24.09022871655132,60,261.6,9.046535875819746,302,0.26750392780480514
2728,mixtura,packing_A,T09,largo,8,G4,8.381608778645749,0.6883020330902941,0.8261899371115237,False,436,466.64865435080134,-6.567822293078194,0.013714294962519524,24.09022871655132,60,261.6,9.046535875819746,303,0.17513083143591557
2728,mixtura,packing_A,T09,largo,8,G4,8.381608778645749,0.6883020330902941,0.8261899371115237,False,436,466.64865435080134,-6.567822293078194,0.013714294962519524,24.09022871655132,60,261.6,9.046535875819746,304,0.34828775666312767
2728,mixtura,packing_A,T09,largo,8,G4,8.381608778645749,0.6883020330902941,0.8261899371115237,False,436,466.64865435080134,-6.567822293078194,0.013714294962519524,24.09022871655132,60,261.6,9.046535875819746,305,0.3336227930961573
2728,mixtura,packing_A,T09,largo,8,G4,8.381608778645749,0.6883020330902941,0.8261899371115237,False,436,466.64865435080134,-6.567822293078194,0.013714294962519524,24.09022871655132,60,261.6,9.046535875819746,306,0.6962732671108637
2728,mixtura,packing_A,T09,largo,8,G4,8.381608778645749,0.6883020330902941,0.8261899371115237,False,436,466.64865435080134,-6.567822293078194,0.013714294962519524,24.09022871655132,60,261.6,9.046535875819746,307,0.42214575336575155
2728,mixtura,packing_A,T09,largo,8,G4,8.381608778645749,0.6883020330902941,0.8261899371115237,False,436,466.64865435080134,-6.567822293078194,0.013714294962519524,24.09022871655132,60,261.6,9.046535875819746,308,0.4369968882424677
2728,mixtura,packing_A,T09,largo,8,G4,8.381608778645749,0.6883020330902941,0.8261899371115237,False,436,466.64865435080134,-6.567822293078194,0.013714294962519524,24.09022871655132,60,261.6,9.046535875819746,309,0.4406597607850472
2728,mixtura,packing_A,T09,largo,8,G4,8.381608778645749,0.6883020330902941,0.8261899371115237,False,436,466.64865435080134,-6.567822293078194,0.013714294962519524,24.09022871655132,60,261.6,9.046535875819746,310,0.3230314452800865
2728,mixtura,packing_A,T09,largo,8,G4,8.381608778645749,0.6883020330902941,0.8261899371115237,False,436,466.64865435080134,-6.567822293078194,0.013714294962519524,24.09022871655132,60,261.6,9.046535875819746,311,0.24844210963916658
2728,mixtura,packing_A,T09,largo,8,G4,8.381608778645749,0.6883020330902941,0.8261899371115237,False,436,466.64865435080134,-6.567822293078194,0.013714294962519524,24.09022871655132,60,261.6,9.046535875819746,312,0.20008498037405748
2728,mixtura,packing_A,T09,largo,8,G4,8.381608778645749,0.6883020330902941,0.8261899371115237,False,436,466.64865435080134,-6.567822293078194,0.013714294962519524,24.09022871655132,60,261.6,9.046535875819746,313,0.1726671858913308
2728,mixtura,packing_A,T09,largo,8,G4,8.381608778645749,0.6883020330902941,0.8261899371115237,False,436,466.64865435080134,-6.567822293078194,0.013714294962519524,24.09022871655132,60,261.6,9.046535875819746,314,0.20770042830098123
2728,mixtura,packing_A,T09,largo,8,G4,8.381608778645749,0.6883020330902941,0.8261899371115237,False,436,466.64865435080134,-6.567822293078194,0.013714294962519524,24.09022871655132,60,261.6,9.046535875819746,315,0.21814113934829432
2728,mixtura,packing_A,T09,largo,8,G4,8.381608778645749,0.6883020330902941,0.8261899371115237,False,436,466.64865435080134,-6.567822293078194,0.013714294962519524,24.09022871655132,60,261.6,9.046535875819746,316,0.07071062236918703
2728,mixtura,packing_A,T09,largo,8,G4,8.381608778645749,0.6883020330902941,0.8261899371115237,False,436,466.64865435080134,-6.567822293078194,0.013714294962519524,24.09022871655132,60,261.6,9.046535875819746,317,0.01131905343544412
2728,mixtura,packing_A,T09,largo,8,G4,8.381608778645749,0.6883020330902941,0.8261899371115237,False,436,466.64865435080134,-6.567822293078194,0.013714294962519524,24.09022871655132,60,261.6,9.046535875819746,318,-0.28561291844768383
2728,mixtura,packing_A,T09,largo,8,G4,8.381608778645749,0.6883020330902941,0.8261899371115237,False,436,466.64865435080134,-6.567822293078194,0.013714294962519524,24.09022871655132,60,261.6,9.046535875819746,319,-0.2292094666347001
2728,mixtura,packing_A,T09,largo,8,G4,8.381608778645749,0.6883020330902941,0.8261899371115237,False,436,466.64865435080134,-6.567822293078194,0.013714294962519524,24.09022871655132,60,261.6,9.046535875819746,320,-0.2323808954979032
2728,mixtura,packing_A,T09,largo,8,G4,8.381608778645749,0.6883020330902941,0.8261899371115237,False,436,466.64865435080134,-6.567822293078194,0.013714294962519524,24.09022871655132,60,261.6,9.046535875819746,321,-0.3566721571142918
2728,mixtura,packing_A,T09,largo,8,G4,8.381608778645749,0.6883020330902941,0.8261899371115237,False,436,466.64865435080134,-6.567822293078194,0.013714294962519524,24.09022871655132,60,261.6,9.046535875819746,322,-0.7180698912792498
2728,mixtura,packing_A,T09,largo,8,G4,8.381608778645749,0.6883020330902941,0.8261899371115237,False,436,466.64865435080134,-6.567822293078194,0.013714294962519524,24.09022871655132,60,261.6,9.046535875819746,323,-0.5764929704593509
2728,mixtura,packing_A,T09,largo,8,G4,8.381608778645749,0.6883020330902941,0.8261899371115237,False,436,466.64865435080134,-6.567822293078194,0.013714294962519524,24.09022871655132,60,261.6,9.046535875819746,324,-0.35666540450797735
2728,mixtura,packing_A,T09,largo,8,G4,8.381608778645749,0.6883020330902941,0.8261899371115237,False,436,466.64865435080134,-6.567822293078194,0.013714294962519524,24.09022871655132,60,261.6,9.046535875819746,325,-0.4602385783331196
2728,mixtura,packing_A,T09,largo,8,G4,8.381608778645749,0.6883020330902941,0.8261899371115237,False,436,466.64865435080134,-6.567822293078194,0.013714294962519524,24.09022871655132,60,261.6,9.046535875819746,326,-0.4504470313330812
2728,mixtura,packing_A,T09,largo,8,G4,8.381608778645749,0.6883020330902941,0.8261899371115237,False,436,466.64865435080134,-6.567822293078194,0.013714294962519524,24.09022871655132,60,261.6,9.046535875819746,327,-0.1505469101885481
2728,mixtura,packing_A,T09,largo,8,G4,8.381608778645749,0.6883020330902941,0.8261899371115237,False,436,466.64865435080134,-6.567822293078194,0.013714294962519524,24.09022871655132,60,261.6,9.046535875819746,328,-0.13016872755318462
2728,mixtura,packing_A,T09,largo,8,G4,8.381608778645749,0.6883020330902941,0.8261899371115237,False,436,466.64865435080134,-6.567822293078194,0.013714294962519524,24.09022871655132,60,261.6,9.046535875819746,329,-0.0962875516687289
2728,mixtura,packing_A,T09,largo,8,G4,8.381608778645749,0.6883020330902941,0.8261899371115237,False,436,466.64865435080134,-6.567822293078194,0.013714294962519524,24.09022871655132,60,261.6,9.046535875819746,330,0.13208786291880698
2728,mixtura,packing_A,T09,largo,8,G4,8.381608778645749,0.6883020330902941,0.8261899371115237,False,436,466.64865435080134,-6.567822293078194,0.013714294962519524,24.09022871655132,60,261.6,9.046535875819746,331,0.0703094664103337
2728,mixtura,packing_A,T09,largo,8,G4,8.381608778645749,0.6883020330902941,0.8261899371115237,False,436,466.64865435080134,-6.567822293078194,0.013714294962519524,24.09022871655132,60,261.6,9.046535875819746,332,0.16107164700371224
2728,mixtura,packing_A,T09,largo,8,G4,8.381608778645749,0.6883020330902941,0.8261899371115237,False,436,466.64865435080134,-6.567822293078194,0.013714294962519524,24.09022871655132,60,261.6,9.046535875819746,333,0.11532897499412353
2728,mixtura,packing_A,T09,largo,8,G4,8.381608778645749,0.6883020330902941,0.8261899371115237,False,436,466.64865435080134,-6.567822293078194,0.013714294962519524,24.09022871655132,60,261.6,9.046535875819746,334,0.49177599357630836
2728,mixtura,packing_A,T09,largo,8,G4,8.381608778645749,0.6883020330902941,0.8261899371115237,False,436,466.64865435080134,-6.567822293078194,0.013714294962519524,24.09022871655132,60,261.6,9.046535875819746,335,0.40887584722352793
2728,mixtura,packing_A,T09,largo,8,G4,8.381608778645749,0.6883020330902941,0.8261899371115237,False,436,466.64865435080134,-6.567822293078194,0.013714294962519524,24.09022871655132,60,261.6,9.046535875819746,336,0.5573229327941912
2728,mixtura,packing_A,T09,largo,8,G4,8.381608778645749,0.6883020330902941,0.8261899371115237,False,436,466.64865435080134,-6.567822293078194,0.013714294962519524,24.09022871655132,60,261.6,9.046535875819746,337,0.49010847850871514
2728,mixtura,packing_A,T09,largo,8,G4,8.381608778645749,0.6883020330902941,0.8261899371115237,False,436,466.64865435080134,-6.567822293078194,0.013714294962519524,24.09022871655132,60,261.6,9.046535875819746,338,0.5944851048038853
2728,mixtura,packing_A,T09,largo,8,G4,8.381608778645749,0.6883020330902941,0.8261899371115237,False,436,466.64865435080134,-6.567822293078194,0.013714294962519524,24.09022871655132,60,261.6,9.046535875819746,339,0.5354952155842321
2728,mixtura,packing_A,T09,largo,8,G4,8.381608778645749,0.6883020330902941,0.8261899371115237,False,436,466.64865435080134,-6.567822293078194,0.013714294962519524,24.09022871655132,60,261.6,9.046535875819746,340,0.3804641831511453
2728,mixtura,packing_A,T09,largo,8,G4,8.381608778645749,0.6883020330902941,0.8261899371115237,False,436,466.64865435080134,-6.567822293078194,0.013714294962519524,24.09022871655132,60,261.6,9.046535875819746,341,0.5803541238620312
2728,mixtura,packing_A,T09,largo,8,G4,8.381608778645749,0.6883020330902941,0.8261899371115237,False,436,466.64865435080134,-6.567822293078194,0.013714294962519524,24.09022871655132,60,261.6,9.046535875819746,342,0.4297250486678911
2728,mixtura,packing_A,T09,largo,8,G4,8.381608778645749,0.6883020330902941,0.8261899371115237,False,436,466.64865435080134,-6.567822293078194,0.013714294962519524,24.09022871655132,60,261.6,9.046535875819746,343,0.2448618033432662
2728,mixtura,packing_A,T09,largo,8,G4,8.381608778645749,0.6883020330902941,0.8261899371115237,False,436,466.64865435080134,-6.567822293078194,0.013714294962519524,24.09022871655132,60,261.6,9.046535875819746,344,0.04104523104427102
2728,mixtura,packing_A,T09,largo,8,G4,8.381608778645749,0.6883020330902941,0.8261899371115237,False,436,466.64865435080134,-6.567822293078194,0.013714294962519524,24.09022871655132,60,261.6,9.046535875819746,345,-0.007949428803662686
2728,mixtura,packing_A,T09,largo,8,G4,8.381608778645749,0.6883020330902941,0.8261899371115237,False,436,466.64865435080134,-6.567822293078194,0.013714294962519524,24.09022871655132,60,261.6,9.046535875819746,346,0.016179278566457872
2728,mixtura,packing_A,T09,largo,8,G4,8.381608778645749,0.6883020330902941,0.8261899371115237,False,436,466.64865435080134,-6.567822293078194,0.013714294962519524,24.09022871655132,60,261.6,9.046535875819746,347,-0.16009461518966936
2728,mixtura,packing_A,T09,largo,8,G4,8.381608778645749,0.6883020330902941,0.8261899371115237,False,436,466.64865435080134,-6.567822293078194,0.013714294962519524,24.09022871655132,60,261.6,9.046535875819746,348,-0.28972733365790115
2728,mixtura,packing_A,T09,largo,8,G4,8.381608778645749,0.6883020330902941,0.8261899371115237,False,436,466.64865435080134,-6.567822293078194,0.013714294962519524,24.09022871655132,60,261.6,9.046535875819746,349,-0.21451609039389957
2728,mixtura,packing_A,T09,largo,8,G4,8.381608778645749,0.6883020330902941,0.8261899371115237,False,436,466.64865435080134,-6.567822293078194,0.013714294962519524,24.09022871655132,60,261.6,9.046535875819746,350,-0.45102620541576277
2728,mixtura,packing_A,T09,largo,8,G4,8.381608778645749,0.6883020330902941,0.8261899371115237,False,436,466.64865435080134,-6.567822293078194,0.013714294962519524,24.09022871655132,60,261.6,9.046535875819746,351,-0.4170750350477598
2728,mixtura,packing_A,T09,largo,8,G4,8.381608778645749,0.6883020330902941,0.8261899371115237,False,436,466.64865435080134,-6.567822293078194,0.013714294962519524,24.09022871655132,60,261.6,9.046535875819746,352,-0.6361180829572843
2728,mixtura,packing_A,T09,largo,8,G4,8.381608778645749,0.6883020330902941,0.8261899371115237,False,436,466.64865435080134,-6.567822293078194,0.013714294962519524,24.09022871655132,60,261.6,9.046535875819746,353,-0.5764172566612107
2728,mixtura,packing_A,T09,largo,8,G4,8.381608778645749,0.6883020330902941,0.8261899371115237,False,436,466.64865435080134,-6.567822293078194,0.013714294962519524,24.09022871655132,60,261.6,9.046535875819746,354,-0.2749037052465337
2728,mixtura,packing_A,T09,largo,8,G4,8.381608778645749,0.6883020330902941,0.8261899371115237,False,436,466.64865435080134,-6.567822293078194,0.013714294962519524,24.09022871655132,60,261.6,9.046535875819746,355,-0.518682315453954
2728,mixtura,packing_A,T09,largo,8,G4,8.381608778645749,0.6883020330902941,0.8261899371115237,False,436,466.64865435080134,-6.567822293078194,0.013714294962519524,24.09022871655132,60,261.6,9.046535875819746,356,-0.38266430588566086
2728,mixtura,packing_A,T09,largo,8,G4,8.381608778645749,0.6883020330902941,0.8261899371115237,False,436,466.64865435080134,-6.567822293078194,0.013714294962519524,24.09022871655132,60,261.6,9.046535875819746,357,-0.18719933177630346
2728,mixtura,packing_A,T09,largo,8,G4,8.381608778645749,0.6883020330902941,0.8261899371115237,False,436,466.64865435080134,-6.567822293078194,0.013714294962519524,24.09022871655132,60,261.6,9.046535875819746,358,-0.14880933647611963
2728,mixtura,packing_A,T09,largo,8,G4,8.381608778645749,0.6883020330902941,0.8261899371115237,False,436,466.64865435080134,-6.567822293078194,0.013714294962519524,24.09022871655132,60,261.6,9.046535875819746,359,0.09572597282146283
2728,mixtura,packing_A,T09,largo,8,G4,8.381608778645749,0.6883020330902941,0.8261899371115237,False,436,466.64865435080134,-6.567822293078194,0.013714294962519524,24.09022871655132,60,261.6,9.046535875819746,360,0.027640958988499963
2728,mixtura,packing_A,T09,largo,8,G4,8.381608778645749,0.6883020330902941,0.8261899371115237,False,436,466.64865435080134,-6.567822293078194,0.013714294962519524,24.09022871655132,60,261.6,9.046535875819746,361,0.1921763921025166
2728,mixtura,packing_A,T09,largo,8,G4,8.381608778645749,0.6883020330902941,0.8261899371115237,False,436,466.64865435080134,-6.567822293078194,0.013714294962519524,24.09022871655132,60,261.6,9.046535875819746,362,0.28801223725891023
2728,mixtura,packing_A,T09,largo,8,G4,8.381608778645749,0.6883020330902941,0.8261899371115237,False,436,466.64865435080134,-6.567822293078194,0.013714294962519524,24.09022871655132,60,261.6,9.046535875819746,363,0.3692680323288436
2728,mixtura,packing_A,T09,largo,8,G4,8.381608778645749,0.6883020330902941,0.8261899371115237,False,436,466.64865435080134,-6.567822293078194,0.013714294962519524,24.09022871655132,60,261.6,9.046535875819746,364,0.2718011002864588
2728,mixtura,packing_A,T09,largo,8,G4,8.381608778645749,0.6883020330902941,0.8261899371115237,False,436,466.64865435080134,-6.567822293078194,0.013714294962519524,24.09022871655132,60,261.6,9.046535875819746,365,0.33617279694481345
2728,mixtura,packing_A,T09,largo,8,G4,8.381608778645749,0.6883020330902941,0.8261899371115237,False,436,466.64865435080134,-6.567822293078194,0.013714294962519524,24.09022871655132,60,261.6,9.046535875819746,366,0.32847375522524386
2728,mixtura,packing_A,T09,largo,8,G4,8.381608778645749,0.6883020330902941,0.8261899371115237,False,436,466.64865435080134,-6.567822293078194,0.013714294962519524,24.09022871655132,60,261.6,9.046535875819746,367,0.3732358641555396
2728,mixtura,packing_A,T09,largo,8,G4,8.381608778645749,0.6883020330902941,0.8261899371115237,False,436,466.64865435080134,-6.567822293078194,0.013714294962519524,24.09022871655132,60,261.6,9.046535875819746,368,0.5652826147937482
2728,mixtura,packing_A,T09,largo,8,G4,8.381608778645749,0.6883020330902941,0.8261899371115237,False,436,466.64865435080134,-6.567822293078194,0.013714294962519524,24.09022871655132,60,261.6,9.046535875819746,369,0.4072516199871921
2728,mixtura,packing_A,T09,largo,8,G4,8.381608778645749,0.6883020330902941,0.8261899371115237,False,436,466.64865435080134,-6.567822293078194,0.013714294962519524,24.09022871655132,60,261.6,9.046535875819746,370,0.41193962550840274
2728,mixtura,packing_A,T09,largo,8,G4,8.381608778645749,0.6883020330902941,0.8261899371115237,False,436,466.64865435080134,-6.567822293078194,0.013714294962519524,24.09022871655132,60,261.6,9.046535875819746,371,0.46359457103453067
2728,mixtura,packing_A,T09,largo,8,G4,8.381608778645749,0.6883020330902941,0.8261899371115237,False,436,466.64865435080134,-6.567822293078194,0.013714294962519524,24.09022871655132,60,261.6,9.046535875819746,372,0.46916035905987646
2728,mixtura,packing_A,T09,largo,8,G4,8.381608778645749,0.6883020330902941,0.8261899371115237,False,436,466.64865435080134,-6.567822293078194,0.013714294962519524,24.09022871655132,60,261.6,9.046535875819746,373,0.21451786345384022
2728,mixtura,packing_A,T09,largo,8,G4,8.381608778645749,0.6883020330902941,0.8261899371115237,False,436,466.64865435080134,-6.567822293078194,0.013714294962519524,24.09022871655132,60,261.6,9.046535875819746,374,-0.0015899349475907987
2728,mixtura,packing_A,T09,largo,8,G4,8.381608778645749,0.6883020330902941,0.8261899371115237,False,436,466.64865435080134,-6.567822293078194,0.013714294962519524,24.09022871655132,60,261.6,9.046535875819746,375,-0.05075714262467157
2728,mixtura,packing_A,T09,largo,8,G4,8.381608778645749,0.6883020330902941,0.8261899371115237,False,436,466.64865435080134,-6.567822293078194,0.013714294962519524,24.09022871655132,60,261.6,9.046535875819746,376,-0.12051795689085976
2728,mixtura,packing_A,T09,largo,8,G4,8.381608778645749,0.6883020330902941,0.8261899371115237,False,436,466.64865435080134,-6.567822293078194,0.013714294962519524,24.09022871655132,60,261.6,9.046535875819746,377,-0.07957047747907212
2728,mixtura,packing_A,T09,largo,8,G4,8.381608778645749,0.6883020330902941,0.8261899371115237,False,436,466.64865435080134,-6.567822293078194,0.013714294962519524,24.09022871655132,60,261.6,9.046535875819746,378,-0.21115330716172803
2728,mixtura,packing_A,T09,largo,8,G4,8.381608778645749,0.6883020330902941,0.8261899371115237,False,436,466.64865435080134,-6.567822293078194,0.013714294962519524,24.09022871655132,60,261.6,9.046535875819746,379,-0.1595085788487711
2728,mixtura,packing_A,T09,largo,8,G4,8.381608778645749,0.6883020330902941,0.8261899371115237,False,436,466.64865435080134,-6.567822293078194,0.013714294962519524,24.09022871655132,60,261.6,9.046535875819746,380,-0.4549978869798291
2728,mixtura,packing_A,T09,largo,8,G4,8.381608778645749,0.6883020330902941,0.8261899371115237,False,436,466.64865435080134,-6.567822293078194,0.013714294962519524,24.09022871655132,60,261.6,9.046535875819746,381,-0.4256265723715937
2728,mixtura,packing_A,T09,largo,8,G4,8.381608778645749,0.6883020330902941,0.8261899371115237,False,436,466.64865435080134,-6.567822293078194,0.013714294962519524,24.09022871655132,60,261.6,9.046535875819746,382,-0.6966703250786703
2728,mixtura,packing_A,T09,largo,8,G4,8.381608778645749,0.6883020330902941,0.8261899371115237,False,436,466.64865435080134,-6.567822293078194,0.013714294962519524,24.09022871655132,60,261.6,9.046535875819746,383,-0.34343818861656045
2728,mixtura,packing_A,T09,largo,8,G4,8.381608778645749,0.6883020330902941,0.8261899371115237,False,436,466.64865435080134,-6.567822293078194,0.013714294962519524,24.09022871655132,60,261.6,9.046535875819746,384,-0.306855266748699
2728,mixtura,packing_A,T09,largo,8,G4,8.381608778645749,0.6883020330902941,0.8261899371115237,False,436,466.64865435080134,-6.567822293078194,0.013714294962519524,24.09022871655132,60,261.6,9.046535875819746,385,-0.26764236330415025
2728,mixtura,packing_A,T09,largo,8,G4,8.381608778645749,0.6883020330902941,0.8261899371115237,False,436,466.64865435080134,-6.567822293078194,0.013714294962519524,24.09022871655132,60,261.6,9.046535875819746,386,-0.3764633619419469
2728,mixtura,packing_A,T09,largo,8,G4,8.381608778645749,0.6883020330902941,0.8261899371115237,False,436,466.64865435080134,-6.567822293078194,0.013714294962519524,24.09022871655132,60,261.6,9.046535875819746,387,-0.08287999398178139
2728,mixtura,packing_A,T09,largo,8,G4,8.381608778645749,0.6883020330902941,0.8261899371115237,False,436,466.64865435080134,-6.567822293078194,0.013714294962519524,24.09022871655132,60,261.6,9.046535875819746,388,-0.18211701486336013
2728,mixtura,packing_A,T09,largo,8,G4,8.381608778645749,0.6883020330902941,0.8261899371115237,False,436,466.64865435080134,-6.567822293078194,0.013714294962519524,24.09022871655132,60,261.6,9.046535875819746,389,-0.13939937862014515
2728,mixtura,packing_A,T09,largo,8,G4,8.381608778645749,0.6883020330902941,0.8261899371115237,False,436,466.64865435080134,-6.567822293078194,0.013714294962519524,24.09022871655132,60,261.6,9.046535875819746,390,0.053913193593900656
2728,mixtura,packing_A,T09,largo,8,G4,8.381608778645749,0.6883020330902941,0.8261899371115237,False,436,466.64865435080134,-6.567822293078194,0.013714294962519524,24.09022871655132,60,261.6,9.046535875819746,391,0.04146261875616268
2728,mixtura,packing_A,T09,largo,8,G4,8.381608778645749,0.6883020330902941,0.8261899371115237,False,436,466.64865435080134,-6.567822293078194,0.013714294962519524,24.09022871655132,60,261.6,9.046535875819746,392,0.3055352227675442
2728,mixtura,packing_A,T09,largo,8,G4,8.381608778645749,0.6883020330902941,0.8261899371115237,False,436,466.64865435080134,-6.567822293078194,0.013714294962519524,24.09022871655132,60,261.6,9.046535875819746,393,0.3262882184327873
2728,mixtura,packing_A,T09,largo,8,G4,8.381608778645749,0.6883020330902941,0.8261899371115237,False,436,466.64865435080134,-6.567822293078194,0.013714294962519524,24.09022871655132,60,261.6,9.046535875819746,394,0.302442190872634
2728,mixtura,packing_A,T09,largo,8,G4,8.381608778645749,0.6883020330902941,0.8261899371115237,False,436,466.64865435080134,-6.567822293078194,0.013714294962519524,24.09022871655132,60,261.6,9.046535875819746,395,0.30845779146019753
2728,mixtura,packing_A,T09,largo,8,G4,8.381608778645749,0.6883020330902941,0.8261899371115237,False,436,466.64865435080134,-6.567822293078194,0.013714294962519524,24.09022871655132,60,261.6,9.046535875819746,396,0.4856090188426556
2728,mixtura,packing_A,T09,largo,8,G4,8.381608778645749,0.6883020330902941,0.8261899371115237,False,436,466.64865435080134,-6.567822293078194,0.013714294962519524,24.09022871655132,60,261.6,9.046535875819746,397,0.4743094587661913
2728,mixtura,packing_A,T09,largo,8,G4,8.381608778645749,0.6883020330902941,0.8261899371115237,False,436,466.64865435080134,-6.567822293078194,0.013714294962519524,24.09022871655132,60,261.6,9.046535875819746,398,0.6105843245998649
2728,mixtura,packing_A,T09,largo,8,G4,8.381608778645749,0.6883020330902941,0.8261899371115237,False,436,466.64865435080134,-6.567822293078194,0.013714294962519524,24.09022871655132,60,261.6,9.046535875819746,399,0.5048248125893862
2728,mixtura,packing_A,T09,largo,8,G4,8.381608778645749,0.6883020330902941,0.8261899371115237,False,436,466.64865435080134,-6.567822293078194,0.013714294962519524,24.09022871655132,60,261.6,9.046535875819746,400,0.5977661734263972
2728,mixtura,packing_A,T09,largo,8,G4,8.381608778645749,0.6883020330902941,0.8261899371115237,False,436,466.64865435080134,-6.567822293078194,0.013714294962519524,24.09022871655132,60,261.6,9.046535875819746,401,0.3369377616234825
2728,mixtura,packing_A,T09,largo,8,G4,8.381608778645749,0.6883020330902941,0.8261899371115237,False,436,466.64865435080134,-6.567822293078194,0.013714294962519524,24.09022871655132,60,261.6,9.046535875819746,402,0.08945666375513
2728,mixtura,packing_A,T09,largo,8,G4,8.381608778645749,0.6883020330902941,0.8261899371115237,False,436,466.64865435080134,-6.567822293078194,0.013714294962519524,24.09022871655132,60,261.6,9.046535875819746,403,0.09445449056478922
2728,mixtura,packing_A,T09,largo,8,G4,8.381608778645749,0.6883020330902941,0.8261899371115237,False,436,466.64865435080134,-6.567822293078194,0.013714294962519524,24.09022871655132,60,261.6,9.046535875819746,404,0.052352942162540925
2728,mixtura,packing_A,T09,largo,8,G4,8.381608778645749,0.6883020330902941,0.8261899371115237,False,436,466.64865435080134,-6.567822293078194,0.013714294962519524,24.09022871655132,60,261.6,9.046535875819746,405,0.14872278162515187
2728,mixtura,packing_A,T09,largo,8,G4,8.381608778645749,0.6883020330902941,0.8261899371115237,False,436,466.64865435080134,-6.567822293078194,0.013714294962519524,24.09022871655132,60,261.6,9.046535875819746,406,-0.10850115407938178
2728,mixtura,packing_A,T09,largo,8,G4,8.381608778645749,0.6883020330902941,0.8261899371115237,False,436,466.64865435080134,-6.567822293078194,0.013714294962519524,24.09022871655132,60,261.6,9.046535875819746,407,-0.12648253075430602
2728,mixtura,packing_A,T09,largo,8,G4,8.381608778645749,0.6883020330902941,0.8261899371115237,False,436,466.64865435080134,-6.567822293078194,0.013714294962519524,24.09022871655132,60,261.6,9.046535875819746,408,-0.15878284945641485
2728,mixtura,packing_A,T09,largo,8,G4,8.381608778645749,0.6883020330902941,0.8261899371115237,False,436,466.64865435080134,-6.567822293078194,0.013714294962519524,24.09022871655132,60,261.6,9.046535875819746,409,-0.2966348958910008
2728,mixtura,packing_A,T09,largo,8,G4,8.381608778645749,0.6883020330902941,0.8261899371115237,False,436,466.64865435080134,-6.567822293078194,0.013714294962519524,24.09022871655132,60,261.6,9.046535875819746,410,-0.46331770084905005
2728,mixtura,packing_A,T09,largo,8,G4,8.381608778645749,0.6883020330902941,0.8261899371115237,False,436,466.64865435080134,-6.567822293078194,0.013714294962519524,24.09022871655132,60,261.6,9.046535875819746,411,-0.45200175535701925
2728,mixtura,packing_A,T09,largo,8,G4,8.381608778645749,0.6883020330902941,0.8261899371115237,False,436,466.64865435080134,-6.567822293078194,0.013714294962519524,24.09022871655132,60,261.6,9.046535875819746,412,-0.56215347091369
2728,mixtura,packing_A,T09,largo,8,G4,8.381608778645749,0.6883020330902941,0.8261899371115237,False,436,466.64865435080134,-6.567822293078194,0.013714294962519524,24.09022871655132,60,261.6,9.046535875819746,413,-0.6249631399650708
2728,mixtura,packing_A,T09,largo,8,G4,8.381608778645749,0.6883020330902941,0.8261899371115237,False,436,466.64865435080134,-6.567822293078194,0.013714294962519524,24.09022871655132,60,261.6,9.046535875819746,414,-0.537884310456378
2728,mixtura,packing_A,T09,largo,8,G4,8.381608778645749,0.6883020330902941,0.8261899371115237,False,436,466.64865435080134,-6.567822293078194,0.013714294962519524,24.09022871655132,60,261.6,9.046535875819746,415,-0.35315673862743263
2728,mixtura,packing_A,T09,largo,8,G4,8.381608778645749,0.6883020330902941,0.8261899371115237,False,436,466.64865435080134,-6.567822293078194,0.013714294962519524,24.09022871655132,60,261.6,9.046535875819746,416,-0.3795135924127287
2728,mixtura,packing_A,T09,largo,8,G4,8.381608778645749,0.6883020330902941,0.8261899371115237,False,436,466.64865435080134,-6.567822293078194,0.013714294962519524,24.09022871655132,60,261.6,9.046535875819746,417,-0.24214664221832435
2728,mixtura,packing_A,T09,largo,8,G4,8.381608778645749,0.6883020330902941,0.8261899371115237,False,436,466.64865435080134,-6.567822293078194,0.013714294962519524,24.09022871655132,60,261.6,9.046535875819746,418,-0.23562739629743049
2728,mixtura,packing_A,T09,largo,8,G4,8.381608778645749,0.6883020330902941,0.8261899371115237,False,436,466.64865435080134,-6.567822293078194,0.013714294962519524,24.09022871655132,60,261.6,9.046535875819746,419,-0.17354325941967283
2728,mixtura,packing_A,T09,largo,8,G4,8.381608778645749,0.6883020330902941,0.8261899371115237,False,436,466.64865435080134,-6.567822293078194,0.013714294962519524,24.09022871655132,60,261.6,9.046535875819746,420,0.0013042212934293515
2728,mixtura,packing_A,T09,largo,8,G4,8.381608778645749,0.6883020330902941,0.8261899371115237,False,436,466.64865435080134,-6.567822293078194,0.013714294962519524,24.09022871655132,60,261.6,9.046535875819746,421,0.1409816801131153
2728,mixtura,packing_A,T09,largo,8,G4,8.381608778645749,0.6883020330902941,0.8261899371115237,False,436,466.64865435080134,-6.567822293078194,0.013714294962519524,24.09022871655132,60,261.6,9.046535875819746,422,0.213034957981186
2728,mixtura,packing_A,T09,largo,8,G4,8.381608778645749,0.6883020330902941,0.8261899371115237,False,436,466.64865435080134,-6.567822293078194,0.013714294962519524,24.09022871655132,60,261.6,9.046535875819746,423,0.4837842799432934
2728,mixtura,packing_A,T09,largo,8,G4,8.381608778645749,0.6883020330902941,0.8261899371115237,False,436,466.64865435080134,-6.567822293078194,0.013714294962519524,24.09022871655132,60,261.6,9.046535875819746,424,0.3325645068602211
2728,mixtura,packing_A,T09,largo,8,G4,8.381608778645749,0.6883020330902941,0.8261899371115237,False,436,466.64865435080134,-6.567822293078194,0.013714294962519524,24.09022871655132,60,261.6,9.046535875819746,425,0.4463441622753193
2728,mixtura,packing_A,T09,largo,8,G4,8.381608778645749,0.6883020330902941,0.8261899371115237,False,436,466.64865435080134,-6.567822293078194,0.013714294962519524,24.09022871655132,60,261.6,9.046535875819746,426,0.42542130079372176
2728,mixtura,packing_A,T09,largo,8,G4,8.381608778645749,0.6883020330902941,0.8261899371115237,False,436,466.64865435080134,-6.567822293078194,0.013714294962519524,24.09022871655132,60,261.6,9.046535875819746,427,0.4188066236605464
2728,mixtura,packing_A,T09,largo,8,G4,8.381608778645749,0.6883020330902941,0.8261899371115237,False,436,466.64865435080134,-6.567822293078194,0.013714294962519524,24.09022871655132,60,261.6,9.046535875819746,428,0.5390594018022722
2728,mixtura,packing_A,T09,largo,8,G4,8.381608778645749,0.6883020330902941,0.8261899371115237,False,436,466.64865435080134,-6.567822293078194,0.013714294962519524,24.09022871655132,60,261.6,9.046535875819746,429,0.676575571752835
2728,mixtura,packing_A,T09,largo,8,G4,8.381608778645749,0.6883020330902941,0.8261899371115237,False,436,466.64865435080134,-6.567822293078194,0.013714294962519524,24.09022871655132,60,261.6,9.046535875819746,430,0.5321666982092033
2728,mixtura,packing_A,T09,largo,8,G4,8.381608778645749,0.6883020330902941,0.8261899371115237,False,436,466.64865435080134,-6.567822293078194,0.013714294962519524,24.09022871655132,60,261.6,9.046535875819746,431,0.3388723968190113
2728,mixtura,packing_A,T09,largo,8,G4,8.381608778645749,0.6883020330902941,0.8261899371115237,False,436,466.64865435080134,-6.567822293078194,0.013714294962519524,24.09022871655132,60,261.6,9.046535875819746,432,0.4886533425087173
2728,mixtura,packing_A,T09,largo,8,G4,8.381608778645749,0.6883020330902941,0.8261899371115237,False,436,466.64865435080134,-6.567822293078194,0.013714294962519524,24.09022871655132,60,261.6,9.046535875819746,433,0.1423968277610918
2728,mixtura,packing_A,T09,largo,8,G4,8.381608778645749,0.6883020330902941,0.8261899371115237,False,436,466.64865435080134,-6.567822293078194,0.013714294962519524,24.09022871655132,60,261.6,9.046535875819746,434,0.09925096304514378
2728,mixtura,packing_A,T09,largo,8,G4,8.381608778645749,0.6883020330902941,0.8261899371115237,False,436,466.64865435080134,-6.567822293078194,0.013714294962519524,24.09022871655132,60,261.6,9.046535875819746,435,0.08581012285806174
