proceso_id,epoca,packing,tunel,tipo_tunel,iteracion,mass_group,masa_ton,ocupabilidad,caudal_factor,anomalia_duracion,duracion_min,duracion_esperada_min,delta_duracion_pct,setpoint,T0,pct_transitorio,t_trans_min,overshoot_pct,tiempo_min,temperatura
3068,mixtura,packing_B,T07,largo,28,G4,8.762430365116614,0.7750672044361785,0.8722597443319312,False,455,473.8715531439152,-3.982419501384144,-0.04109617119790607,23.063632490980158,60,273.0,8.983126862540502,0,23.15942989323989
3068,mixtura,packing_B,T07,largo,28,G4,8.762430365116614,0.7750672044361785,0.8722597443319312,False,455,473.8715531439152,-3.982419501384144,-0.04109617119790607,23.063632490980158,60,273.0,8.983126862540502,1,23.0177034764533
3068,mixtura,packing_B,T07,largo,28,G4,8.762430365116614,0.7750672044361785,0.8722597443319312,False,455,473.8715531439152,-3.982419501384144,-0.04109617119790607,23.063632490980158,60,273.0,8.983126862540502,2,22.635225293351557
3068,mixtura,packing_B,T07,largo,28,G4,8.762430365116614,0.7750672044361785,0.8722597443319312,False,455,473.8715531439152,-3.982419501384144,-0.04109617119790607,23.063632490980158,60,273.0,8.983126862540502,3,22.276101846095592
3068,mixtura,packing_B,T07,largo,28,G4,8.762430365116614,0.7750672044361785,0.8722597443319312,False,455,473.8715531439152,-3.982419501384144,-0.04109617119790607,23.063632490980158,60,273.0,8.983126862540502,4,22.03991547487521
3068,mixtura,packing_B,T07,largo,28,G4,8.762430365116614,0.7750672044361785,0.8722597443319312,False,455,473.8715531439152,-3.982419501384144,-0.04109617119790607,23.063632490980158,60,273.0,8.983126862540502,5,22.075834917319817
3068,mixtura,packing_B,T07,largo,28,G4,8.762430365116614,0.7750672044361785,0.8722597443319312,False,455,473.8715531439152,-3.982419501384144,-0.04109617119790607,23.063632490980158,60,273.0,8.983126862540502,6,21.799931619930454
3068,mixtura,packing_B,T07,largo,28,G4,8.762430365116614,0.7750672044361785,0.8722597443319312,False,455,473.8715531439152,-3.982419501384144,-0.04109617119790607,23.063632490980158,60,273.0,8.983126862540502,7,21.56531105559475
3068,mixtura,packing_B,T07,largo,28,G4,8.762430365116614,0.7750672044361785,0.8722597443319312,False,455,473.8715531439152,-3.982419501384144,-0.04109617119790607,23.063632490980158,60,273.0,8.983126862540502,8,21.270702818033886
3068,mixtura,packing_B,T07,largo,28,G4,8.762430365116614,0.7750672044361785,0.8722597443319312,False,455,473.8715531439152,-3.982419501384144,-0.04109617119790607,23.063632490980158,60,273.0,8.983126862540502,9,20.923284150529103
3068,mixtura,packing_B,T07,largo,28,G4,8.762430365116614,0.7750672044361785,0.8722597443319312,False,455,473.8715531439152,-3.982419501384144,-0.04109617119790607,23.063632490980158,60,273.0,8.983126862540502,10,20.64709560411751
3068,mixtura,packing_B,T07,largo,28,G4,8.762430365116614,0.7750672044361785,0.8722597443319312,False,455,473.8715531439152,-3.982419501384144,-0.04109617119790607,23.063632490980158,60,273.0,8.983126862540502,11,20.578492212505388
3068,mixtura,packing_B,T07,largo,28,G4,8.762430365116614,0.7750672044361785,0.8722597443319312,False,455,473.8715531439152,-3.982419501384144,-0.04109617119790607,23.063632490980158,60,273.0,8.983126862540502,12,20.515830851533504
3068,mixtura,packing_B,T07,largo,28,G4,8.762430365116614,0.7750672044361785,0.8722597443319312,False,455,473.8715531439152,-3.982419501384144,-0.04109617119790607,23.063632490980158,60,273.0,8.983126862540502,13,20.263997296387114
3068,mixtura,packing_B,T07,largo,28,G4,8.762430365116614,0.7750672044361785,0.8722597443319312,False,455,473.8715531439152,-3.982419501384144,-0.04109617119790607,23.063632490980158,60,273.0,8.983126862540502,14,19.761380649412956
3068,mixtura,packing_B,T07,largo,28,G4,8.762430365116614,0.7750672044361785,0.8722597443319312,False,455,473.8715531439152,-3.982419501384144,-0.04109617119790607,23.063632490980158,60,273.0,8.983126862540502,15,19.639778353569888
3068,mixtura,packing_B,T07,largo,28,G4,8.762430365116614,0.7750672044361785,0.8722597443319312,False,455,473.8715531439152,-3.982419501384144,-0.04109617119790607,23.063632490980158,60,273.0,8.983126862540502,16,19.145253183049817
3068,mixtura,packing_B,T07,largo,28,G4,8.762430365116614,0.7750672044361785,0.8722597443319312,False,455,473.8715531439152,-3.982419501384144,-0.04109617119790607,23.063632490980158,60,273.0,8.983126862540502,17,19.148452317798213
3068,mixtura,packing_B,T07,largo,28,G4,8.762430365116614,0.7750672044361785,0.8722597443319312,False,455,473.8715531439152,-3.982419501384144,-0.04109617119790607,23.063632490980158,60,273.0,8.983126862540502,18,18.802132210865157
3068,mixtura,packing_B,T07,largo,28,G4,8.762430365116614,0.7750672044361785,0.8722597443319312,False,455,473.8715531439152,-3.982419501384144,-0.04109617119790607,23.063632490980158,60,273.0,8.983126862540502,19,18.41613818581317
3068,mixtura,packing_B,T07,largo,28,G4,8.762430365116614,0.7750672044361785,0.8722597443319312,False,455,473.8715531439152,-3.982419501384144,-0.04109617119790607,23.063632490980158,60,273.0,8.983126862540502,20,18.247148694250473
3068,mixtura,packing_B,T07,largo,28,G4,8.762430365116614,0.7750672044361785,0.8722597443319312,False,455,473.8715531439152,-3.982419501384144,-0.04109617119790607,23.063632490980158,60,273.0,8.983126862540502,21,17.90841478918319
3068,mixtura,packing_B,T07,largo,28,G4,8.762430365116614,0.7750672044361785,0.8722597443319312,False,455,473.8715531439152,-3.982419501384144,-0.04109617119790607,23.063632490980158,60,273.0,8.983126862540502,22,17.782325395205508
3068,mixtura,packing_B,T07,largo,28,G4,8.762430365116614,0.7750672044361785,0.8722597443319312,False,455,473.8715531439152,-3.982419501384144,-0.04109617119790607,23.063632490980158,60,273.0,8.983126862540502,23,17.299122290593488
3068,mixtura,packing_B,T07,largo,28,G4,8.762430365116614,0.7750672044361785,0.8722597443319312,False,455,473.8715531439152,-3.982419501384144,-0.04109617119790607,23.063632490980158,60,273.0,8.983126862540502,24,17.13873512004531
3068,mixtura,packing_B,T07,largo,28,G4,8.762430365116614,0.7750672044361785,0.8722597443319312,False,455,473.8715531439152,-3.982419501384144,-0.04109617119790607,23.063632490980158,60,273.0,8.983126862540502,25,16.67106139377352
3068,mixtura,packing_B,T07,largo,28,G4,8.762430365116614,0.7750672044361785,0.8722597443319312,False,455,473.8715531439152,-3.982419501384144,-0.04109617119790607,23.063632490980158,60,273.0,8.983126862540502,26,16.474380124549917
3068,mixtura,packing_B,T07,largo,28,G4,8.762430365116614,0.7750672044361785,0.8722597443319312,False,455,473.8715531439152,-3.982419501384144,-0.04109617119790607,23.063632490980158,60,273.0,8.983126862540502,27,16.257224893882142
3068,mixtura,packing_B,T07,largo,28,G4,8.762430365116614,0.7750672044361785,0.8722597443319312,False,455,473.8715531439152,-3.982419501384144,-0.04109617119790607,23.063632490980158,60,273.0,8.983126862540502,28,16.04143303554969
3068,mixtura,packing_B,T07,largo,28,G4,8.762430365116614,0.7750672044361785,0.8722597443319312,False,455,473.8715531439152,-3.982419501384144,-0.04109617119790607,23.063632490980158,60,273.0,8.983126862540502,29,15.564568443750506
3068,mixtura,packing_B,T07,largo,28,G4,8.762430365116614,0.7750672044361785,0.8722597443319312,False,455,473.8715531439152,-3.982419501384144,-0.04109617119790607,23.063632490980158,60,273.0,8.983126862540502,30,15.364519641580433
3068,mixtura,packing_B,T07,largo,28,G4,8.762430365116614,0.7750672044361785,0.8722597443319312,False,455,473.8715531439152,-3.982419501384144,-0.04109617119790607,23.063632490980158,60,273.0,8.983126862540502,31,15.147486703554819
3068,mixtura,packing_B,T07,largo,28,G4,8.762430365116614,0.7750672044361785,0.8722597443319312,False,455,473.8715531439152,-3.982419501384144,-0.04109617119790607,23.063632490980158,60,273.0,8.983126862540502,32,14.723019728467246
3068,mixtura,packing_B,T07,largo,28,G4,8.762430365116614,0.7750672044361785,0.8722597443319312,False,455,473.8715531439152,-3.982419501384144,-0.04109617119790607,23.063632490980158,60,273.0,8.983126862540502,33,14.615586733701615
3068,mixtura,packing_B,T07,largo,28,G4,8.762430365116614,0.7750672044361785,0.8722597443319312,False,455,473.8715531439152,-3.982419501384144,-0.04109617119790607,23.063632490980158,60,273.0,8.983126862540502,34,14.27725447891801
3068,mixtura,packing_B,T07,largo,28,G4,8.762430365116614,0.7750672044361785,0.8722597443319312,False,455,473.8715531439152,-3.982419501384144,-0.04109617119790607,23.063632490980158,60,273.0,8.983126862540502,35,13.978144770067518
3068,mixtura,packing_B,T07,largo,28,G4,8.762430365116614,0.7750672044361785,0.8722597443319312,False,455,473.8715531439152,-3.982419501384144,-0.04109617119790607,23.063632490980158,60,273.0,8.983126862540502,36,13.590316807939448
3068,mixtura,packing_B,T07,largo,28,G4,8.762430365116614,0.7750672044361785,0.8722597443319312,False,455,473.8715531439152,-3.982419501384144,-0.04109617119790607,23.063632490980158,60,273.0,8.983126862540502,37,13.233780296992741
3068,mixtura,packing_B,T07,largo,28,G4,8.762430365116614,0.7750672044361785,0.8722597443319312,False,455,473.8715531439152,-3.982419501384144,-0.04109617119790607,23.063632490980158,60,273.0,8.983126862540502,38,13.166764657563256
3068,mixtura,packing_B,T07,largo,28,G4,8.762430365116614,0.7750672044361785,0.8722597443319312,False,455,473.8715531439152,-3.982419501384144,-0.04109617119790607,23.063632490980158,60,273.0,8.983126862540502,39,12.73056024995837
3068,mixtura,packing_B,T07,largo,28,G4,8.762430365116614,0.7750672044361785,0.8722597443319312,False,455,473.8715531439152,-3.982419501384144,-0.04109617119790607,23.063632490980158,60,273.0,8.983126862540502,40,12.52596808686582
3068,mixtura,packing_B,T07,largo,28,G4,8.762430365116614,0.7750672044361785,0.8722597443319312,False,455,473.8715531439152,-3.982419501384144,-0.04109617119790607,23.063632490980158,60,273.0,8.983126862540502,41,12.093802802634215
3068,mixtura,packing_B,T07,largo,28,G4,8.762430365116614,0.7750672044361785,0.8722597443319312,False,455,473.8715531439152,-3.982419501384144,-0.04109617119790607,23.063632490980158,60,273.0,8.983126862540502,42,11.859610905336297
3068,mixtura,packing_B,T07,largo,28,G4,8.762430365116614,0.7750672044361785,0.8722597443319312,False,455,473.8715531439152,-3.982419501384144,-0.04109617119790607,23.063632490980158,60,273.0,8.983126862540502,43,11.707553567483492
3068,mixtura,packing_B,T07,largo,28,G4,8.762430365116614,0.7750672044361785,0.8722597443319312,False,455,473.8715531439152,-3.982419501384144,-0.04109617119790607,23.063632490980158,60,273.0,8.983126862540502,44,11.465458263860555
3068,mixtura,packing_B,T07,largo,28,G4,8.762430365116614,0.7750672044361785,0.8722597443319312,False,455,473.8715531439152,-3.982419501384144,-0.04109617119790607,23.063632490980158,60,273.0,8.983126862540502,45,11.057523340029682
3068,mixtura,packing_B,T07,largo,28,G4,8.762430365116614,0.7750672044361785,0.8722597443319312,False,455,473.8715531439152,-3.982419501384144,-0.04109617119790607,23.063632490980158,60,273.0,8.983126862540502,46,10.897059731479281
3068,mixtura,packing_B,T07,largo,28,G4,8.762430365116614,0.7750672044361785,0.8722597443319312,False,455,473.8715531439152,-3.982419501384144,-0.04109617119790607,23.063632490980158,60,273.0,8.983126862540502,47,10.549753005865899
3068,mixtura,packing_B,T07,largo,28,G4,8.762430365116614,0.7750672044361785,0.8722597443319312,False,455,473.8715531439152,-3.982419501384144,-0.04109617119790607,23.063632490980158,60,273.0,8.983126862540502,48,10.002114893925876
3068,mixtura,packing_B,T07,largo,28,G4,8.762430365116614,0.7750672044361785,0.8722597443319312,False,455,473.8715531439152,-3.982419501384144,-0.04109617119790607,23.063632490980158,60,273.0,8.983126862540502,49,9.775072287285838
3068,mixtura,packing_B,T07,largo,28,G4,8.762430365116614,0.7750672044361785,0.8722597443319312,False,455,473.8715531439152,-3.982419501384144,-0.04109617119790607,23.063632490980158,60,273.0,8.983126862540502,50,9.425559792656985
3068,mixtura,packing_B,T07,largo,28,G4,8.762430365116614,0.7750672044361785,0.8722597443319312,False,455,473.8715531439152,-3.982419501384144,-0.04109617119790607,23.063632490980158,60,273.0,8.983126862540502,51,9.185481749372688
3068,mixtura,packing_B,T07,largo,28,G4,8.762430365116614,0.7750672044361785,0.8722597443319312,False,455,473.8715531439152,-3.982419501384144,-0.04109617119790607,23.063632490980158,60,273.0,8.983126862540502,52,9.01314400588141
3068,mixtura,packing_B,T07,largo,28,G4,8.762430365116614,0.7750672044361785,0.8722597443319312,False,455,473.8715531439152,-3.982419501384144,-0.04109617119790607,23.063632490980158,60,273.0,8.983126862540502,53,8.861690239221334
3068,mixtura,packing_B,T07,largo,28,G4,8.762430365116614,0.7750672044361785,0.8722597443319312,False,455,473.8715531439152,-3.982419501384144,-0.04109617119790607,23.063632490980158,60,273.0,8.983126862540502,54,8.392355379276069
3068,mixtura,packing_B,T07,largo,28,G4,8.762430365116614,0.7750672044361785,0.8722597443319312,False,455,473.8715531439152,-3.982419501384144,-0.04109617119790607,23.063632490980158,60,273.0,8.983126862540502,55,8.165298875345348
3068,mixtura,packing_B,T07,largo,28,G4,8.762430365116614,0.7750672044361785,0.8722597443319312,False,455,473.8715531439152,-3.982419501384144,-0.04109617119790607,23.063632490980158,60,273.0,8.983126862540502,56,7.91609369366151
3068,mixtura,packing_B,T07,largo,28,G4,8.762430365116614,0.7750672044361785,0.8722597443319312,False,455,473.8715531439152,-3.982419501384144,-0.04109617119790607,23.063632490980158,60,273.0,8.983126862540502,57,7.4544360177354365
3068,mixtura,packing_B,T07,largo,28,G4,8.762430365116614,0.7750672044361785,0.8722597443319312,False,455,473.8715531439152,-3.982419501384144,-0.04109617119790607,23.063632490980158,60,273.0,8.983126862540502,58,7.340154371265052
3068,mixtura,packing_B,T07,largo,28,G4,8.762430365116614,0.7750672044361785,0.8722597443319312,False,455,473.8715531439152,-3.982419501384144,-0.04109617119790607,23.063632490980158,60,273.0,8.983126862540502,59,7.086702331272472
3068,mixtura,packing_B,T07,largo,28,G4,8.762430365116614,0.7750672044361785,0.8722597443319312,False,455,473.8715531439152,-3.982419501384144,-0.04109617119790607,23.063632490980158,60,273.0,8.983126862540502,60,6.867597863319528
3068,mixtura,packing_B,T07,largo,28,G4,8.762430365116614,0.7750672044361785,0.8722597443319312,False,455,473.8715531439152,-3.982419501384144,-0.04109617119790607,23.063632490980158,60,273.0,8.983126862540502,61,6.517801365824135
3068,mixtura,packing_B,T07,largo,28,G4,8.762430365116614,0.7750672044361785,0.8722597443319312,False,455,473.8715531439152,-3.982419501384144,-0.04109617119790607,23.063632490980158,60,273.0,8.983126862540502,62,6.256061108663434
3068,mixtura,packing_B,T07,largo,28,G4,8.762430365116614,0.7750672044361785,0.8722597443319312,False,455,473.8715531439152,-3.982419501384144,-0.04109617119790607,23.063632490980158,60,273.0,8.983126862540502,63,5.9968107908793655
3068,mixtura,packing_B,T07,largo,28,G4,8.762430365116614,0.7750672044361785,0.8722597443319312,False,455,473.8715531439152,-3.982419501384144,-0.04109617119790607,23.063632490980158,60,273.0,8.983126862540502,64,5.55027364413394
3068,mixtura,packing_B,T07,largo,28,G4,8.762430365116614,0.7750672044361785,0.8722597443319312,False,455,473.8715531439152,-3.982419501384144,-0.04109617119790607,23.063632490980158,60,273.0,8.983126862540502,65,5.409527019217577
3068,mixtura,packing_B,T07,largo,28,G4,8.762430365116614,0.7750672044361785,0.8722597443319312,False,455,473.8715531439152,-3.982419501384144,-0.04109617119790607,23.063632490980158,60,273.0,8.983126862540502,66,5.194535669248389
3068,mixtura,packing_B,T07,largo,28,G4,8.762430365116614,0.7750672044361785,0.8722597443319312,False,455,473.8715531439152,-3.982419501384144,-0.04109617119790607,23.063632490980158,60,273.0,8.983126862540502,67,4.898752818144069
3068,mixtura,packing_B,T07,largo,28,G4,8.762430365116614,0.7750672044361785,0.8722597443319312,False,455,473.8715531439152,-3.982419501384144,-0.04109617119790607,23.063632490980158,60,273.0,8.983126862540502,68,4.858884695523306
3068,mixtura,packing_B,T07,largo,28,G4,8.762430365116614,0.7750672044361785,0.8722597443319312,False,455,473.8715531439152,-3.982419501384144,-0.04109617119790607,23.063632490980158,60,273.0,8.983126862540502,69,4.238530038654543
3068,mixtura,packing_B,T07,largo,28,G4,8.762430365116614,0.7750672044361785,0.8722597443319312,False,455,473.8715531439152,-3.982419501384144,-0.04109617119790607,23.063632490980158,60,273.0,8.983126862540502,70,3.975573918276847
3068,mixtura,packing_B,T07,largo,28,G4,8.762430365116614,0.7750672044361785,0.8722597443319312,False,455,473.8715531439152,-3.982419501384144,-0.04109617119790607,23.063632490980158,60,273.0,8.983126862540502,71,3.827350764419795
3068,mixtura,packing_B,T07,largo,28,G4,8.762430365116614,0.7750672044361785,0.8722597443319312,False,455,473.8715531439152,-3.982419501384144,-0.04109617119790607,23.063632490980158,60,273.0,8.983126862540502,72,3.7092033928734964
3068,mixtura,packing_B,T07,largo,28,G4,8.762430365116614,0.7750672044361785,0.8722597443319312,False,455,473.8715531439152,-3.982419501384144,-0.04109617119790607,23.063632490980158,60,273.0,8.983126862540502,73,3.215761094138287
3068,mixtura,packing_B,T07,largo,28,G4,8.762430365116614,0.7750672044361785,0.8722597443319312,False,455,473.8715531439152,-3.982419501384144,-0.04109617119790607,23.063632490980158,60,273.0,8.983126862540502,74,3.2519795500002684
3068,mixtura,packing_B,T07,largo,28,G4,8.762430365116614,0.7750672044361785,0.8722597443319312,False,455,473.8715531439152,-3.982419501384144,-0.04109617119790607,23.063632490980158,60,273.0,8.983126862540502,75,2.949939152584274
3068,mixtura,packing_B,T07,largo,28,G4,8.762430365116614,0.7750672044361785,0.8722597443319312,False,455,473.8715531439152,-3.982419501384144,-0.04109617119790607,23.063632490980158,60,273.0,8.983126862540502,76,2.8592215049201175
3068,mixtura,packing_B,T07,largo,28,G4,8.762430365116614,0.7750672044361785,0.8722597443319312,False,455,473.8715531439152,-3.982419501384144,-0.04109617119790607,23.063632490980158,60,273.0,8.983126862540502,77,2.6217944497560453
3068,mixtura,packing_B,T07,largo,28,G4,8.762430365116614,0.7750672044361785,0.8722597443319312,False,455,473.8715531439152,-3.982419501384144,-0.04109617119790607,23.063632490980158,60,273.0,8.983126862540502,78,2.2058056787093427
3068,mixtura,packing_B,T07,largo,28,G4,8.762430365116614,0.7750672044361785,0.8722597443319312,False,455,473.8715531439152,-3.982419501384144,-0.04109617119790607,23.063632490980158,60,273.0,8.983126862540502,79,2.0895003245857566
3068,mixtura,packing_B,T07,largo,28,G4,8.762430365116614,0.7750672044361785,0.8722597443319312,False,455,473.8715531439152,-3.982419501384144,-0.04109617119790607,23.063632490980158,60,273.0,8.983126862540502,80,1.8223095187636842
3068,mixtura,packing_B,T07,largo,28,G4,8.762430365116614,0.7750672044361785,0.8722597443319312,False,455,473.8715531439152,-3.982419501384144,-0.04109617119790607,23.063632490980158,60,273.0,8.983126862540502,81,1.4321480005344027
3068,mixtura,packing_B,T07,largo,28,G4,8.762430365116614,0.7750672044361785,0.8722597443319312,False,455,473.8715531439152,-3.982419501384144,-0.04109617119790607,23.063632490980158,60,273.0,8.983126862540502,82,1.2118807649984629
3068,mixtura,packing_B,T07,largo,28,G4,8.762430365116614,0.7750672044361785,0.8722597443319312,False,455,473.8715531439152,-3.982419501384144,-0.04109617119790607,23.063632490980158,60,273.0,8.983126862540502,83,0.956374909334836
3068,mixtura,packing_B,T07,largo,28,G4,8.762430365116614,0.7750672044361785,0.8722597443319312,False,455,473.8715531439152,-3.982419501384144,-0.04109617119790607,23.063632490980158,60,273.0,8.983126862540502,84,0.7083367725051554
3068,mixtura,packing_B,T07,largo,28,G4,8.762430365116614,0.7750672044361785,0.8722597443319312,False,455,473.8715531439152,-3.982419501384144,-0.04109617119790607,23.063632490980158,60,273.0,8.983126862540502,85,0.6776542882549789
3068,mixtura,packing_B,T07,largo,28,G4,8.762430365116614,0.7750672044361785,0.8722597443319312,False,455,473.8715531439152,-3.982419501384144,-0.04109617119790607,23.063632490980158,60,273.0,8.983126862540502,86,0.4776601583944879
3068,mixtura,packing_B,T07,largo,28,G4,8.762430365116614,0.7750672044361785,0.8722597443319312,False,455,473.8715531439152,-3.982419501384144,-0.04109617119790607,23.063632490980158,60,273.0,8.983126862540502,87,0.27944827374179587
3068,mixtura,packing_B,T07,largo,28,G4,8.762430365116614,0.7750672044361785,0.8722597443319312,False,455,473.8715531439152,-3.982419501384144,-0.04109617119790607,23.063632490980158,60,273.0,8.983126862540502,88,-0.009446608467863004
3068,mixtura,packing_B,T07,largo,28,G4,8.762430365116614,0.7750672044361785,0.8722597443319312,False,455,473.8715531439152,-3.982419501384144,-0.04109617119790607,23.063632490980158,60,273.0,8.983126862540502,89,-0.28556584783944106
3068,mixtura,packing_B,T07,largo,28,G4,8.762430365116614,0.7750672044361785,0.8722597443319312,False,455,473.8715531439152,-3.982419501384144,-0.04109617119790607,23.063632490980158,60,273.0,8.983126862540502,90,-0.1454985204332868
3068,mixtura,packing_B,T07,largo,28,G4,8.762430365116614,0.7750672044361785,0.8722597443319312,False,455,473.8715531439152,-3.982419501384144,-0.04109617119790607,23.063632490980158,60,273.0,8.983126862540502,91,-0.3915889349176004
3068,mixtura,packing_B,T07,largo,28,G4,8.762430365116614,0.7750672044361785,0.8722597443319312,False,455,473.8715531439152,-3.982419501384144,-0.04109617119790607,23.063632490980158,60,273.0,8.983126862540502,92,-0.8122036293674233
3068,mixtura,packing_B,T07,largo,28,G4,8.762430365116614,0.7750672044361785,0.8722597443319312,False,455,473.8715531439152,-3.982419501384144,-0.04109617119790607,23.063632490980158,60,273.0,8.983126862540502,93,-0.9341510858889344
3068,mixtura,packing_B,T07,largo,28,G4,8.762430365116614,0.7750672044361785,0.8722597443319312,False,455,473.8715531439152,-3.982419501384144,-0.04109617119790607,23.063632490980158,60,273.0,8.983126862540502,94,-1.2189057731889783
3068,mixtura,packing_B,T07,largo,28,G4,8.762430365116614,0.7750672044361785,0.8722597443319312,False,455,473.8715531439152,-3.982419501384144,-0.04109617119790607,23.063632490980158,60,273.0,8.983126862540502,95,-1.316847310018853
3068,mixtura,packing_B,T07,largo,28,G4,8.762430365116614,0.7750672044361785,0.8722597443319312,False,455,473.8715531439152,-3.982419501384144,-0.04109617119790607,23.063632490980158,60,273.0,8.983126862540502,96,-1.4111678520310569
3068,mixtura,packing_B,T07,largo,28,G4,8.762430365116614,0.7750672044361785,0.8722597443319312,False,455,473.8715531439152,-3.982419501384144,-0.04109617119790607,23.063632490980158,60,273.0,8.983126862540502,97,-1.6550217993885352
3068,mixtura,packing_B,T07,largo,28,G4,8.762430365116614,0.7750672044361785,0.8722597443319312,False,455,473.8715531439152,-3.982419501384144,-0.04109617119790607,23.063632490980158,60,273.0,8.983126862540502,98,-1.8549884858925947
3068,mixtura,packing_B,T07,largo,28,G4,8.762430365116614,0.7750672044361785,0.8722597443319312,False,455,473.8715531439152,-3.982419501384144,-0.04109617119790607,23.063632490980158,60,273.0,8.983126862540502,99,-1.9871848151458813
3068,mixtura,packing_B,T07,largo,28,G4,8.762430365116614,0.7750672044361785,0.8722597443319312,False,455,473.8715531439152,-3.982419501384144,-0.04109617119790607,23.063632490980158,60,273.0,8.983126862540502,100,-2.3503954697763736
3068,mixtura,packing_B,T07,largo,28,G4,8.762430365116614,0.7750672044361785,0.8722597443319312,False,455,473.8715531439152,-3.982419501384144,-0.04109617119790607,23.063632490980158,60,273.0,8.983126862540502,101,-2.175786056527218
3068,mixtura,packing_B,T07,largo,28,G4,8.762430365116614,0.7750672044361785,0.8722597443319312,False,455,473.8715531439152,-3.982419501384144,-0.04109617119790607,23.063632490980158,60,273.0,8.983126862540502,102,-2.5905275244434978
3068,mixtura,packing_B,T07,largo,28,G4,8.762430365116614,0.7750672044361785,0.8722597443319312,False,455,473.8715531439152,-3.982419501384144,-0.04109617119790607,23.063632490980158,60,273.0,8.983126862540502,103,-2.8118545911376316
3068,mixtura,packing_B,T07,largo,28,G4,8.762430365116614,0.7750672044361785,0.8722597443319312,False,455,473.8715531439152,-3.982419501384144,-0.04109617119790607,23.063632490980158,60,273.0,8.983126862540502,104,-2.837189730237546
3068,mixtura,packing_B,T07,largo,28,G4,8.762430365116614,0.7750672044361785,0.8722597443319312,False,455,473.8715531439152,-3.982419501384144,-0.04109617119790607,23.063632490980158,60,273.0,8.983126862540502,105,-3.0260123835328585
3068,mixtura,packing_B,T07,largo,28,G4,8.762430365116614,0.7750672044361785,0.8722597443319312,False,455,473.8715531439152,-3.982419501384144,-0.04109617119790607,23.063632490980158,60,273.0,8.983126862540502,106,-3.111031862429825
3068,mixtura,packing_B,T07,largo,28,G4,8.762430365116614,0.7750672044361785,0.8722597443319312,False,455,473.8715531439152,-3.982419501384144,-0.04109617119790607,23.063632490980158,60,273.0,8.983126862540502,107,-3.3295941405181706
3068,mixtura,packing_B,T07,largo,28,G4,8.762430365116614,0.7750672044361785,0.8722597443319312,False,455,473.8715531439152,-3.982419501384144,-0.04109617119790607,23.063632490980158,60,273.0,8.983126862540502,108,-3.477452243876857
3068,mixtura,packing_B,T07,largo,28,G4,8.762430365116614,0.7750672044361785,0.8722597443319312,False,455,473.8715531439152,-3.982419501384144,-0.04109617119790607,23.063632490980158,60,273.0,8.983126862540502,109,-3.568988035311845
3068,mixtura,packing_B,T07,largo,28,G4,8.762430365116614,0.7750672044361785,0.8722597443319312,False,455,473.8715531439152,-3.982419501384144,-0.04109617119790607,23.063632490980158,60,273.0,8.983126862540502,110,-3.7100643456273223
3068,mixtura,packing_B,T07,largo,28,G4,8.762430365116614,0.7750672044361785,0.8722597443319312,False,455,473.8715531439152,-3.982419501384144,-0.04109617119790607,23.063632490980158,60,273.0,8.983126862540502,111,-3.834448822645234
3068,mixtura,packing_B,T07,largo,28,G4,8.762430365116614,0.7750672044361785,0.8722597443319312,False,455,473.8715531439152,-3.982419501384144,-0.04109617119790607,23.063632490980158,60,273.0,8.983126862540502,112,-4.2451465201687055
3068,mixtura,packing_B,T07,largo,28,G4,8.762430365116614,0.7750672044361785,0.8722597443319312,False,455,473.8715531439152,-3.982419501384144,-0.04109617119790607,23.063632490980158,60,273.0,8.983126862540502,113,-4.271607423185715
3068,mixtura,packing_B,T07,largo,28,G4,8.762430365116614,0.7750672044361785,0.8722597443319312,False,455,473.8715531439152,-3.982419501384144,-0.04109617119790607,23.063632490980158,60,273.0,8.983126862540502,114,-4.266655358589744
3068,mixtura,packing_B,T07,largo,28,G4,8.762430365116614,0.7750672044361785,0.8722597443319312,False,455,473.8715531439152,-3.982419501384144,-0.04109617119790607,23.063632490980158,60,273.0,8.983126862540502,115,-4.2491599696653
3068,mixtura,packing_B,T07,largo,28,G4,8.762430365116614,0.7750672044361785,0.8722597443319312,False,455,473.8715531439152,-3.982419501384144,-0.04109617119790607,23.063632490980158,60,273.0,8.983126862540502,116,-4.511537501763807
3068,mixtura,packing_B,T07,largo,28,G4,8.762430365116614,0.7750672044361785,0.8722597443319312,False,455,473.8715531439152,-3.982419501384144,-0.04109617119790607,23.063632490980158,60,273.0,8.983126862540502,117,-4.473353792054429
3068,mixtura,packing_B,T07,largo,28,G4,8.762430365116614,0.7750672044361785,0.8722597443319312,False,455,473.8715531439152,-3.982419501384144,-0.04109617119790607,23.063632490980158,60,273.0,8.983126862540502,118,-4.788918611438053
3068,mixtura,packing_B,T07,largo,28,G4,8.762430365116614,0.7750672044361785,0.8722597443319312,False,455,473.8715531439152,-3.982419501384144,-0.04109617119790607,23.063632490980158,60,273.0,8.983126862540502,119,-5.007506775264168
3068,mixtura,packing_B,T07,largo,28,G4,8.762430365116614,0.7750672044361785,0.8722597443319312,False,455,473.8715531439152,-3.982419501384144,-0.04109617119790607,23.063632490980158,60,273.0,8.983126862540502,120,-4.97628949841226
3068,mixtura,packing_B,T07,largo,28,G4,8.762430365116614,0.7750672044361785,0.8722597443319312,False,455,473.8715531439152,-3.982419501384144,-0.04109617119790607,23.063632490980158,60,273.0,8.983126862540502,121,-5.207646990640976
3068,mixtura,packing_B,T07,largo,28,G4,8.762430365116614,0.7750672044361785,0.8722597443319312,False,455,473.8715531439152,-3.982419501384144,-0.04109617119790607,23.063632490980158,60,273.0,8.983126862540502,122,-5.159110279770149
3068,mixtura,packing_B,T07,largo,28,G4,8.762430365116614,0.7750672044361785,0.8722597443319312,False,455,473.8715531439152,-3.982419501384144,-0.04109617119790607,23.063632490980158,60,273.0,8.983126862540502,123,-5.22353214353235
3068,mixtura,packing_B,T07,largo,28,G4,8.762430365116614,0.7750672044361785,0.8722597443319312,False,455,473.8715531439152,-3.982419501384144,-0.04109617119790607,23.063632490980158,60,273.0,8.983126862540502,124,-5.282653266747831
3068,mixtura,packing_B,T07,largo,28,G4,8.762430365116614,0.7750672044361785,0.8722597443319312,False,455,473.8715531439152,-3.982419501384144,-0.04109617119790607,23.063632490980158,60,273.0,8.983126862540502,125,-5.389173354861208
3068,mixtura,packing_B,T07,largo,28,G4,8.762430365116614,0.7750672044361785,0.8722597443319312,False,455,473.8715531439152,-3.982419501384144,-0.04109617119790607,23.063632490980158,60,273.0,8.983126862540502,126,-5.289740940294644
3068,mixtura,packing_B,T07,largo,28,G4,8.762430365116614,0.7750672044361785,0.8722597443319312,False,455,473.8715531439152,-3.982419501384144,-0.04109617119790607,23.063632490980158,60,273.0,8.983126862540502,127,-5.484821066026293
3068,mixtura,packing_B,T07,largo,28,G4,8.762430365116614,0.7750672044361785,0.8722597443319312,False,455,473.8715531439152,-3.982419501384144,-0.04109617119790607,23.063632490980158,60,273.0,8.983126862540502,128,-5.542027743231872
3068,mixtura,packing_B,T07,largo,28,G4,8.762430365116614,0.7750672044361785,0.8722597443319312,False,455,473.8715531439152,-3.982419501384144,-0.04109617119790607,23.063632490980158,60,273.0,8.983126862540502,129,-5.670988367251375
3068,mixtura,packing_B,T07,largo,28,G4,8.762430365116614,0.7750672044361785,0.8722597443319312,False,455,473.8715531439152,-3.982419501384144,-0.04109617119790607,23.063632490980158,60,273.0,8.983126862540502,130,-5.70402541469027
3068,mixtura,packing_B,T07,largo,28,G4,8.762430365116614,0.7750672044361785,0.8722597443319312,False,455,473.8715531439152,-3.982419501384144,-0.04109617119790607,23.063632490980158,60,273.0,8.983126862540502,131,-5.891835985416514
3068,mixtura,packing_B,T07,largo,28,G4,8.762430365116614,0.7750672044361785,0.8722597443319312,False,455,473.8715531439152,-3.982419501384144,-0.04109617119790607,23.063632490980158,60,273.0,8.983126862540502,132,-5.907745355297536
3068,mixtura,packing_B,T07,largo,28,G4,8.762430365116614,0.7750672044361785,0.8722597443319312,False,455,473.8715531439152,-3.982419501384144,-0.04109617119790607,23.063632490980158,60,273.0,8.983126862540502,133,-5.9677015850982364
3068,mixtura,packing_B,T07,largo,28,G4,8.762430365116614,0.7750672044361785,0.8722597443319312,False,455,473.8715531439152,-3.982419501384144,-0.04109617119790607,23.063632490980158,60,273.0,8.983126862540502,134,-6.182194857430974
3068,mixtura,packing_B,T07,largo,28,G4,8.762430365116614,0.7750672044361785,0.8722597443319312,False,455,473.8715531439152,-3.982419501384144,-0.04109617119790607,23.063632490980158,60,273.0,8.983126862540502,135,-5.936276668915629
3068,mixtura,packing_B,T07,largo,28,G4,8.762430365116614,0.7750672044361785,0.8722597443319312,False,455,473.8715531439152,-3.982419501384144,-0.04109617119790607,23.063632490980158,60,273.0,8.983126862540502,136,-6.231710512690437
3068,mixtura,packing_B,T07,largo,28,G4,8.762430365116614,0.7750672044361785,0.8722597443319312,False,455,473.8715531439152,-3.982419501384144,-0.04109617119790607,23.063632490980158,60,273.0,8.983126862540502,137,-6.352683371790859
3068,mixtura,packing_B,T07,largo,28,G4,8.762430365116614,0.7750672044361785,0.8722597443319312,False,455,473.8715531439152,-3.982419501384144,-0.04109617119790607,23.063632490980158,60,273.0,8.983126862540502,138,-6.338658995863096
3068,mixtura,packing_B,T07,largo,28,G4,8.762430365116614,0.7750672044361785,0.8722597443319312,False,455,473.8715531439152,-3.982419501384144,-0.04109617119790607,23.063632490980158,60,273.0,8.983126862540502,139,-6.307140884855821
3068,mixtura,packing_B,T07,largo,28,G4,8.762430365116614,0.7750672044361785,0.8722597443319312,False,455,473.8715531439152,-3.982419501384144,-0.04109617119790607,23.063632490980158,60,273.0,8.983126862540502,140,-6.52933698488458
3068,mixtura,packing_B,T07,largo,28,G4,8.762430365116614,0.7750672044361785,0.8722597443319312,False,455,473.8715531439152,-3.982419501384144,-0.04109617119790607,23.063632490980158,60,273.0,8.983126862540502,141,-6.64018542659704
3068,mixtura,packing_B,T07,largo,28,G4,8.762430365116614,0.7750672044361785,0.8722597443319312,False,455,473.8715531439152,-3.982419501384144,-0.04109617119790607,23.063632490980158,60,273.0,8.983126862540502,142,-6.3459488151991446
3068,mixtura,packing_B,T07,largo,28,G4,8.762430365116614,0.7750672044361785,0.8722597443319312,False,455,473.8715531439152,-3.982419501384144,-0.04109617119790607,23.063632490980158,60,273.0,8.983126862540502,143,-6.39715886455918
3068,mixtura,packing_B,T07,largo,28,G4,8.762430365116614,0.7750672044361785,0.8722597443319312,False,455,473.8715531439152,-3.982419501384144,-0.04109617119790607,23.063632490980158,60,273.0,8.983126862540502,144,-6.569875300523305
3068,mixtura,packing_B,T07,largo,28,G4,8.762430365116614,0.7750672044361785,0.8722597443319312,False,455,473.8715531439152,-3.982419501384144,-0.04109617119790607,23.063632490980158,60,273.0,8.983126862540502,145,-6.533520044967565
3068,mixtura,packing_B,T07,largo,28,G4,8.762430365116614,0.7750672044361785,0.8722597443319312,False,455,473.8715531439152,-3.982419501384144,-0.04109617119790607,23.063632490980158,60,273.0,8.983126862540502,146,-6.620346445268946
3068,mixtura,packing_B,T07,largo,28,G4,8.762430365116614,0.7750672044361785,0.8722597443319312,False,455,473.8715531439152,-3.982419501384144,-0.04109617119790607,23.063632490980158,60,273.0,8.983126862540502,147,-6.769789631683831
3068,mixtura,packing_B,T07,largo,28,G4,8.762430365116614,0.7750672044361785,0.8722597443319312,False,455,473.8715531439152,-3.982419501384144,-0.04109617119790607,23.063632490980158,60,273.0,8.983126862540502,148,-6.685823733767861
3068,mixtura,packing_B,T07,largo,28,G4,8.762430365116614,0.7750672044361785,0.8722597443319312,False,455,473.8715531439152,-3.982419501384144,-0.04109617119790607,23.063632490980158,60,273.0,8.983126862540502,149,-6.8386556758867645
3068,mixtura,packing_B,T07,largo,28,G4,8.762430365116614,0.7750672044361785,0.8722597443319312,False,455,473.8715531439152,-3.982419501384144,-0.04109617119790607,23.063632490980158,60,273.0,8.983126862540502,150,-6.75974748069575
3068,mixtura,packing_B,T07,largo,28,G4,8.762430365116614,0.7750672044361785,0.8722597443319312,False,455,473.8715531439152,-3.982419501384144,-0.04109617119790607,23.063632490980158,60,273.0,8.983126862540502,151,-6.8413445870797
3068,mixtura,packing_B,T07,largo,28,G4,8.762430365116614,0.7750672044361785,0.8722597443319312,False,455,473.8715531439152,-3.982419501384144,-0.04109617119790607,23.063632490980158,60,273.0,8.983126862540502,152,-6.727681355130332
3068,mixtura,packing_B,T07,largo,28,G4,8.762430365116614,0.7750672044361785,0.8722597443319312,False,455,473.8715531439152,-3.982419501384144,-0.04109617119790607,23.063632490980158,60,273.0,8.983126862540502,153,-6.756749979259837
3068,mixtura,packing_B,T07,largo,28,G4,8.762430365116614,0.7750672044361785,0.8722597443319312,False,455,473.8715531439152,-3.982419501384144,-0.04109617119790607,23.063632490980158,60,273.0,8.983126862540502,154,-6.8465455051361985
3068,mixtura,packing_B,T07,largo,28,G4,8.762430365116614,0.7750672044361785,0.8722597443319312,False,455,473.8715531439152,-3.982419501384144,-0.04109617119790607,23.063632490980158,60,273.0,8.983126862540502,155,-6.863290271636811
3068,mixtura,packing_B,T07,largo,28,G4,8.762430365116614,0.7750672044361785,0.8722597443319312,False,455,473.8715531439152,-3.982419501384144,-0.04109617119790607,23.063632490980158,60,273.0,8.983126862540502,156,-6.611406915845935
3068,mixtura,packing_B,T07,largo,28,G4,8.762430365116614,0.7750672044361785,0.8722597443319312,False,455,473.8715531439152,-3.982419501384144,-0.04109617119790607,23.063632490980158,60,273.0,8.983126862540502,157,-6.895572597662745
3068,mixtura,packing_B,T07,largo,28,G4,8.762430365116614,0.7750672044361785,0.8722597443319312,False,455,473.8715531439152,-3.982419501384144,-0.04109617119790607,23.063632490980158,60,273.0,8.983126862540502,158,-6.765134612203785
3068,mixtura,packing_B,T07,largo,28,G4,8.762430365116614,0.7750672044361785,0.8722597443319312,False,455,473.8715531439152,-3.982419501384144,-0.04109617119790607,23.063632490980158,60,273.0,8.983126862540502,159,-6.867438543364589
3068,mixtura,packing_B,T07,largo,28,G4,8.762430365116614,0.7750672044361785,0.8722597443319312,False,455,473.8715531439152,-3.982419501384144,-0.04109617119790607,23.063632490980158,60,273.0,8.983126862540502,160,-6.7244704742514445
3068,mixtura,packing_B,T07,largo,28,G4,8.762430365116614,0.7750672044361785,0.8722597443319312,False,455,473.8715531439152,-3.982419501384144,-0.04109617119790607,23.063632490980158,60,273.0,8.983126862540502,161,-6.665649863394197
3068,mixtura,packing_B,T07,largo,28,G4,8.762430365116614,0.7750672044361785,0.8722597443319312,False,455,473.8715531439152,-3.982419501384144,-0.04109617119790607,23.063632490980158,60,273.0,8.983126862540502,162,-6.7168965749221705
3068,mixtura,packing_B,T07,largo,28,G4,8.762430365116614,0.7750672044361785,0.8722597443319312,False,455,473.8715531439152,-3.982419501384144,-0.04109617119790607,23.063632490980158,60,273.0,8.983126862540502,163,-6.690175824602911
3068,mixtura,packing_B,T07,largo,28,G4,8.762430365116614,0.7750672044361785,0.8722597443319312,False,455,473.8715531439152,-3.982419501384144,-0.04109617119790607,23.063632490980158,60,273.0,8.983126862540502,164,-6.685347194991277
3068,mixtura,packing_B,T07,largo,28,G4,8.762430365116614,0.7750672044361785,0.8722597443319312,False,455,473.8715531439152,-3.982419501384144,-0.04109617119790607,23.063632490980158,60,273.0,8.983126862540502,165,-6.5796631275564295
3068,mixtura,packing_B,T07,largo,28,G4,8.762430365116614,0.7750672044361785,0.8722597443319312,False,455,473.8715531439152,-3.982419501384144,-0.04109617119790607,23.063632490980158,60,273.0,8.983126862540502,166,-6.677799007796804
3068,mixtura,packing_B,T07,largo,28,G4,8.762430365116614,0.7750672044361785,0.8722597443319312,False,455,473.8715531439152,-3.982419501384144,-0.04109617119790607,23.063632490980158,60,273.0,8.983126862540502,167,-6.750487142510618
3068,mixtura,packing_B,T07,largo,28,G4,8.762430365116614,0.7750672044361785,0.8722597443319312,False,455,473.8715531439152,-3.982419501384144,-0.04109617119790607,23.063632490980158,60,273.0,8.983126862540502,168,-6.626691633060464
3068,mixtura,packing_B,T07,largo,28,G4,8.762430365116614,0.7750672044361785,0.8722597443319312,False,455,473.8715531439152,-3.982419501384144,-0.04109617119790607,23.063632490980158,60,273.0,8.983126862540502,169,-6.766831680297101
3068,mixtura,packing_B,T07,largo,28,G4,8.762430365116614,0.7750672044361785,0.8722597443319312,False,455,473.8715531439152,-3.982419501384144,-0.04109617119790607,23.063632490980158,60,273.0,8.983126862540502,170,-6.558083486105043
3068,mixtura,packing_B,T07,largo,28,G4,8.762430365116614,0.7750672044361785,0.8722597443319312,False,455,473.8715531439152,-3.982419501384144,-0.04109617119790607,23.063632490980158,60,273.0,8.983126862540502,171,-6.562764451616801
3068,mixtura,packing_B,T07,largo,28,G4,8.762430365116614,0.7750672044361785,0.8722597443319312,False,455,473.8715531439152,-3.982419501384144,-0.04109617119790607,23.063632490980158,60,273.0,8.983126862540502,172,-6.594259618271966
3068,mixtura,packing_B,T07,largo,28,G4,8.762430365116614,0.7750672044361785,0.8722597443319312,False,455,473.8715531439152,-3.982419501384144,-0.04109617119790607,23.063632490980158,60,273.0,8.983126862540502,173,-6.377290006190152
3068,mixtura,packing_B,T07,largo,28,G4,8.762430365116614,0.7750672044361785,0.8722597443319312,False,455,473.8715531439152,-3.982419501384144,-0.04109617119790607,23.063632490980158,60,273.0,8.983126862540502,174,-6.487377838071751
3068,mixtura,packing_B,T07,largo,28,G4,8.762430365116614,0.7750672044361785,0.8722597443319312,False,455,473.8715531439152,-3.982419501384144,-0.04109617119790607,23.063632490980158,60,273.0,8.983126862540502,175,-6.5096724971756785
3068,mixtura,packing_B,T07,largo,28,G4,8.762430365116614,0.7750672044361785,0.8722597443319312,False,455,473.8715531439152,-3.982419501384144,-0.04109617119790607,23.063632490980158,60,273.0,8.983126862540502,176,-6.390607386138587
3068,mixtura,packing_B,T07,largo,28,G4,8.762430365116614,0.7750672044361785,0.8722597443319312,False,455,473.8715531439152,-3.982419501384144,-0.04109617119790607,23.063632490980158,60,273.0,8.983126862540502,177,-6.258458889287508
3068,mixtura,packing_B,T07,largo,28,G4,8.762430365116614,0.7750672044361785,0.8722597443319312,False,455,473.8715531439152,-3.982419501384144,-0.04109617119790607,23.063632490980158,60,273.0,8.983126862540502,178,-6.349216473836616
3068,mixtura,packing_B,T07,largo,28,G4,8.762430365116614,0.7750672044361785,0.8722597443319312,False,455,473.8715531439152,-3.982419501384144,-0.04109617119790607,23.063632490980158,60,273.0,8.983126862540502,179,-6.270279126148326
3068,mixtura,packing_B,T07,largo,28,G4,8.762430365116614,0.7750672044361785,0.8722597443319312,False,455,473.8715531439152,-3.982419501384144,-0.04109617119790607,23.063632490980158,60,273.0,8.983126862540502,180,-6.08412807128764
3068,mixtura,packing_B,T07,largo,28,G4,8.762430365116614,0.7750672044361785,0.8722597443319312,False,455,473.8715531439152,-3.982419501384144,-0.04109617119790607,23.063632490980158,60,273.0,8.983126862540502,181,-6.274021922421927
3068,mixtura,packing_B,T07,largo,28,G4,8.762430365116614,0.7750672044361785,0.8722597443319312,False,455,473.8715531439152,-3.982419501384144,-0.04109617119790607,23.063632490980158,60,273.0,8.983126862540502,182,-6.224693914885744
3068,mixtura,packing_B,T07,largo,28,G4,8.762430365116614,0.7750672044361785,0.8722597443319312,False,455,473.8715531439152,-3.982419501384144,-0.04109617119790607,23.063632490980158,60,273.0,8.983126862540502,183,-6.143543582809165
3068,mixtura,packing_B,T07,largo,28,G4,8.762430365116614,0.7750672044361785,0.8722597443319312,False,455,473.8715531439152,-3.982419501384144,-0.04109617119790607,23.063632490980158,60,273.0,8.983126862540502,184,-6.079095315786131
3068,mixtura,packing_B,T07,largo,28,G4,8.762430365116614,0.7750672044361785,0.8722597443319312,False,455,473.8715531439152,-3.982419501384144,-0.04109617119790607,23.063632490980158,60,273.0,8.983126862540502,185,-5.914078823932424
3068,mixtura,packing_B,T07,largo,28,G4,8.762430365116614,0.7750672044361785,0.8722597443319312,False,455,473.8715531439152,-3.982419501384144,-0.04109617119790607,23.063632490980158,60,273.0,8.983126862540502,186,-6.063519693019741
3068,mixtura,packing_B,T07,largo,28,G4,8.762430365116614,0.7750672044361785,0.8722597443319312,False,455,473.8715531439152,-3.982419501384144,-0.04109617119790607,23.063632490980158,60,273.0,8.983126862540502,187,-5.919790764039893
3068,mixtura,packing_B,T07,largo,28,G4,8.762430365116614,0.7750672044361785,0.8722597443319312,False,455,473.8715531439152,-3.982419501384144,-0.04109617119790607,23.063632490980158,60,273.0,8.983126862540502,188,-5.866004744243109
3068,mixtura,packing_B,T07,largo,28,G4,8.762430365116614,0.7750672044361785,0.8722597443319312,False,455,473.8715531439152,-3.982419501384144,-0.04109617119790607,23.063632490980158,60,273.0,8.983126862540502,189,-5.809438392216892
3068,mixtura,packing_B,T07,largo,28,G4,8.762430365116614,0.7750672044361785,0.8722597443319312,False,455,473.8715531439152,-3.982419501384144,-0.04109617119790607,23.063632490980158,60,273.0,8.983126862540502,190,-5.802336915529102
3068,mixtura,packing_B,T07,largo,28,G4,8.762430365116614,0.7750672044361785,0.8722597443319312,False,455,473.8715531439152,-3.982419501384144,-0.04109617119790607,23.063632490980158,60,273.0,8.983126862540502,191,-5.728418160567011
3068,mixtura,packing_B,T07,largo,28,G4,8.762430365116614,0.7750672044361785,0.8722597443319312,False,455,473.8715531439152,-3.982419501384144,-0.04109617119790607,23.063632490980158,60,273.0,8.983126862540502,192,-5.6372957058344575
3068,mixtura,packing_B,T07,largo,28,G4,8.762430365116614,0.7750672044361785,0.8722597443319312,False,455,473.8715531439152,-3.982419501384144,-0.04109617119790607,23.063632490980158,60,273.0,8.983126862540502,193,-5.7126638722656295
3068,mixtura,packing_B,T07,largo,28,G4,8.762430365116614,0.7750672044361785,0.8722597443319312,False,455,473.8715531439152,-3.982419501384144,-0.04109617119790607,23.063632490980158,60,273.0,8.983126862540502,194,-5.648930346805412
3068,mixtura,packing_B,T07,largo,28,G4,8.762430365116614,0.7750672044361785,0.8722597443319312,False,455,473.8715531439152,-3.982419501384144,-0.04109617119790607,23.063632490980158,60,273.0,8.983126862540502,195,-5.4529075172231005
3068,mixtura,packing_B,T07,largo,28,G4,8.762430365116614,0.7750672044361785,0.8722597443319312,False,455,473.8715531439152,-3.982419501384144,-0.04109617119790607,23.063632490980158,60,273.0,8.983126862540502,196,-5.465604963990902
3068,mixtura,packing_B,T07,largo,28,G4,8.762430365116614,0.7750672044361785,0.8722597443319312,False,455,473.8715531439152,-3.982419501384144,-0.04109617119790607,23.063632490980158,60,273.0,8.983126862540502,197,-5.2127218154546195
3068,mixtura,packing_B,T07,largo,28,G4,8.762430365116614,0.7750672044361785,0.8722597443319312,False,455,473.8715531439152,-3.982419501384144,-0.04109617119790607,23.063632490980158,60,273.0,8.983126862540502,198,-5.443865958850197
3068,mixtura,packing_B,T07,largo,28,G4,8.762430365116614,0.7750672044361785,0.8722597443319312,False,455,473.8715531439152,-3.982419501384144,-0.04109617119790607,23.063632490980158,60,273.0,8.983126862540502,199,-5.254581182360189
3068,mixtura,packing_B,T07,largo,28,G4,8.762430365116614,0.7750672044361785,0.8722597443319312,False,455,473.8715531439152,-3.982419501384144,-0.04109617119790607,23.063632490980158,60,273.0,8.983126862540502,200,-5.271534957023779
3068,mixtura,packing_B,T07,largo,28,G4,8.762430365116614,0.7750672044361785,0.8722597443319312,False,455,473.8715531439152,-3.982419501384144,-0.04109617119790607,23.063632490980158,60,273.0,8.983126862540502,201,-5.039443491978306
3068,mixtura,packing_B,T07,largo,28,G4,8.762430365116614,0.7750672044361785,0.8722597443319312,False,455,473.8715531439152,-3.982419501384144,-0.04109617119790607,23.063632490980158,60,273.0,8.983126862540502,202,-5.066588532471307
3068,mixtura,packing_B,T07,largo,28,G4,8.762430365116614,0.7750672044361785,0.8722597443319312,False,455,473.8715531439152,-3.982419501384144,-0.04109617119790607,23.063632490980158,60,273.0,8.983126862540502,203,-4.992549528838251
3068,mixtura,packing_B,T07,largo,28,G4,8.762430365116614,0.7750672044361785,0.8722597443319312,False,455,473.8715531439152,-3.982419501384144,-0.04109617119790607,23.063632490980158,60,273.0,8.983126862540502,204,-4.9750812854738395
3068,mixtura,packing_B,T07,largo,28,G4,8.762430365116614,0.7750672044361785,0.8722597443319312,False,455,473.8715531439152,-3.982419501384144,-0.04109617119790607,23.063632490980158,60,273.0,8.983126862540502,205,-4.9651340400190485
3068,mixtura,packing_B,T07,largo,28,G4,8.762430365116614,0.7750672044361785,0.8722597443319312,False,455,473.8715531439152,-3.982419501384144,-0.04109617119790607,23.063632490980158,60,273.0,8.983126862540502,206,-4.561779358453845
3068,mixtura,packing_B,T07,largo,28,G4,8.762430365116614,0.7750672044361785,0.8722597443319312,False,455,473.8715531439152,-3.982419501384144,-0.04109617119790607,23.063632490980158,60,273.0,8.983126862540502,207,-4.4936934030912505
3068,mixtura,packing_B,T07,largo,28,G4,8.762430365116614,0.7750672044361785,0.8722597443319312,False,455,473.8715531439152,-3.982419501384144,-0.04109617119790607,23.063632490980158,60,273.0,8.983126862540502,208,-4.618643328322717
3068,mixtura,packing_B,T07,largo,28,G4,8.762430365116614,0.7750672044361785,0.8722597443319312,False,455,473.8715531439152,-3.982419501384144,-0.04109617119790607,23.063632490980158,60,273.0,8.983126862540502,209,-4.5598464050336
3068,mixtura,packing_B,T07,largo,28,G4,8.762430365116614,0.7750672044361785,0.8722597443319312,False,455,473.8715531439152,-3.982419501384144,-0.04109617119790607,23.063632490980158,60,273.0,8.983126862540502,210,-4.411680596415934
3068,mixtura,packing_B,T07,largo,28,G4,8.762430365116614,0.7750672044361785,0.8722597443319312,False,455,473.8715531439152,-3.982419501384144,-0.04109617119790607,23.063632490980158,60,273.0,8.983126862540502,211,-4.433801957696857
3068,mixtura,packing_B,T07,largo,28,G4,8.762430365116614,0.7750672044361785,0.8722597443319312,False,455,473.8715531439152,-3.982419501384144,-0.04109617119790607,23.063632490980158,60,273.0,8.983126862540502,212,-4.410735173265065
3068,mixtura,packing_B,T07,largo,28,G4,8.762430365116614,0.7750672044361785,0.8722597443319312,False,455,473.8715531439152,-3.982419501384144,-0.04109617119790607,23.063632490980158,60,273.0,8.983126862540502,213,-4.1839377221856635
3068,mixtura,packing_B,T07,largo,28,G4,8.762430365116614,0.7750672044361785,0.8722597443319312,False,455,473.8715531439152,-3.982419501384144,-0.04109617119790607,23.063632490980158,60,273.0,8.983126862540502,214,-4.1951170114753635
3068,mixtura,packing_B,T07,largo,28,G4,8.762430365116614,0.7750672044361785,0.8722597443319312,False,455,473.8715531439152,-3.982419501384144,-0.04109617119790607,23.063632490980158,60,273.0,8.983126862540502,215,-4.218829048980081
3068,mixtura,packing_B,T07,largo,28,G4,8.762430365116614,0.7750672044361785,0.8722597443319312,False,455,473.8715531439152,-3.982419501384144,-0.04109617119790607,23.063632490980158,60,273.0,8.983126862540502,216,-3.975974059270258
3068,mixtura,packing_B,T07,largo,28,G4,8.762430365116614,0.7750672044361785,0.8722597443319312,False,455,473.8715531439152,-3.982419501384144,-0.04109617119790607,23.063632490980158,60,273.0,8.983126862540502,217,-3.9156520990750026
3068,mixtura,packing_B,T07,largo,28,G4,8.762430365116614,0.7750672044361785,0.8722597443319312,False,455,473.8715531439152,-3.982419501384144,-0.04109617119790607,23.063632490980158,60,273.0,8.983126862540502,218,-3.901983233185146
3068,mixtura,packing_B,T07,largo,28,G4,8.762430365116614,0.7750672044361785,0.8722597443319312,False,455,473.8715531439152,-3.982419501384144,-0.04109617119790607,23.063632490980158,60,273.0,8.983126862540502,219,-3.742621325853035
3068,mixtura,packing_B,T07,largo,28,G4,8.762430365116614,0.7750672044361785,0.8722597443319312,False,455,473.8715531439152,-3.982419501384144,-0.04109617119790607,23.063632490980158,60,273.0,8.983126862540502,220,-3.676607304856732
3068,mixtura,packing_B,T07,largo,28,G4,8.762430365116614,0.7750672044361785,0.8722597443319312,False,455,473.8715531439152,-3.982419501384144,-0.04109617119790607,23.063632490980158,60,273.0,8.983126862540502,221,-3.6947059464399925
3068,mixtura,packing_B,T07,largo,28,G4,8.762430365116614,0.7750672044361785,0.8722597443319312,False,455,473.8715531439152,-3.982419501384144,-0.04109617119790607,23.063632490980158,60,273.0,8.983126862540502,222,-3.5625893502727717
3068,mixtura,packing_B,T07,largo,28,G4,8.762430365116614,0.7750672044361785,0.8722597443319312,False,455,473.8715531439152,-3.982419501384144,-0.04109617119790607,23.063632490980158,60,273.0,8.983126862540502,223,-3.5458823463890816
3068,mixtura,packing_B,T07,largo,28,G4,8.762430365116614,0.7750672044361785,0.8722597443319312,False,455,473.8715531439152,-3.982419501384144,-0.04109617119790607,23.063632490980158,60,273.0,8.983126862540502,224,-3.3364813563398297
3068,mixtura,packing_B,T07,largo,28,G4,8.762430365116614,0.7750672044361785,0.8722597443319312,False,455,473.8715531439152,-3.982419501384144,-0.04109617119790607,23.063632490980158,60,273.0,8.983126862540502,225,-3.2902421636339954
3068,mixtura,packing_B,T07,largo,28,G4,8.762430365116614,0.7750672044361785,0.8722597443319312,False,455,473.8715531439152,-3.982419501384144,-0.04109617119790607,23.063632490980158,60,273.0,8.983126862540502,226,-3.2027086991615303
3068,mixtura,packing_B,T07,largo,28,G4,8.762430365116614,0.7750672044361785,0.8722597443319312,False,455,473.8715531439152,-3.982419501384144,-0.04109617119790607,23.063632490980158,60,273.0,8.983126862540502,227,-3.322600560014288
3068,mixtura,packing_B,T07,largo,28,G4,8.762430365116614,0.7750672044361785,0.8722597443319312,False,455,473.8715531439152,-3.982419501384144,-0.04109617119790607,23.063632490980158,60,273.0,8.983126862540502,228,-3.3807626502743475
3068,mixtura,packing_B,T07,largo,28,G4,8.762430365116614,0.7750672044361785,0.8722597443319312,False,455,473.8715531439152,-3.982419501384144,-0.04109617119790607,23.063632490980158,60,273.0,8.983126862540502,229,-3.1104879088738437
3068,mixtura,packing_B,T07,largo,28,G4,8.762430365116614,0.7750672044361785,0.8722597443319312,False,455,473.8715531439152,-3.982419501384144,-0.04109617119790607,23.063632490980158,60,273.0,8.983126862540502,230,-2.8302326796122035
3068,mixtura,packing_B,T07,largo,28,G4,8.762430365116614,0.7750672044361785,0.8722597443319312,False,455,473.8715531439152,-3.982419501384144,-0.04109617119790607,23.063632490980158,60,273.0,8.983126862540502,231,-2.975293133256852
3068,mixtura,packing_B,T07,largo,28,G4,8.762430365116614,0.7750672044361785,0.8722597443319312,False,455,473.8715531439152,-3.982419501384144,-0.04109617119790607,23.063632490980158,60,273.0,8.983126862540502,232,-2.8693337988731495
3068,mixtura,packing_B,T07,largo,28,G4,8.762430365116614,0.7750672044361785,0.8722597443319312,False,455,473.8715531439152,-3.982419501384144,-0.04109617119790607,23.063632490980158,60,273.0,8.983126862540502,233,-2.6505558047660833
3068,mixtura,packing_B,T07,largo,28,G4,8.762430365116614,0.7750672044361785,0.8722597443319312,False,455,473.8715531439152,-3.982419501384144,-0.04109617119790607,23.063632490980158,60,273.0,8.983126862540502,234,-2.621333942381856
3068,mixtura,packing_B,T07,largo,28,G4,8.762430365116614,0.7750672044361785,0.8722597443319312,False,455,473.8715531439152,-3.982419501384144,-0.04109617119790607,23.063632490980158,60,273.0,8.983126862540502,235,-2.6049771797021393
3068,mixtura,packing_B,T07,largo,28,G4,8.762430365116614,0.7750672044361785,0.8722597443319312,False,455,473.8715531439152,-3.982419501384144,-0.04109617119790607,23.063632490980158,60,273.0,8.983126862540502,236,-2.5327772939131825
3068,mixtura,packing_B,T07,largo,28,G4,8.762430365116614,0.7750672044361785,0.8722597443319312,False,455,473.8715531439152,-3.982419501384144,-0.04109617119790607,23.063632490980158,60,273.0,8.983126862540502,237,-2.523374617394881
3068,mixtura,packing_B,T07,largo,28,G4,8.762430365116614,0.7750672044361785,0.8722597443319312,False,455,473.8715531439152,-3.982419501384144,-0.04109617119790607,23.063632490980158,60,273.0,8.983126862540502,238,-2.423631506740334
3068,mixtura,packing_B,T07,largo,28,G4,8.762430365116614,0.7750672044361785,0.8722597443319312,False,455,473.8715531439152,-3.982419501384144,-0.04109617119790607,23.063632490980158,60,273.0,8.983126862540502,239,-2.2317958281216033
3068,mixtura,packing_B,T07,largo,28,G4,8.762430365116614,0.7750672044361785,0.8722597443319312,False,455,473.8715531439152,-3.982419501384144,-0.04109617119790607,23.063632490980158,60,273.0,8.983126862540502,240,-2.2809406540588135
3068,mixtura,packing_B,T07,largo,28,G4,8.762430365116614,0.7750672044361785,0.8722597443319312,False,455,473.8715531439152,-3.982419501384144,-0.04109617119790607,23.063632490980158,60,273.0,8.983126862540502,241,-2.303627011492052
3068,mixtura,packing_B,T07,largo,28,G4,8.762430365116614,0.7750672044361785,0.8722597443319312,False,455,473.8715531439152,-3.982419501384144,-0.04109617119790607,23.063632490980158,60,273.0,8.983126862540502,242,-2.050115164305827
3068,mixtura,packing_B,T07,largo,28,G4,8.762430365116614,0.7750672044361785,0.8722597443319312,False,455,473.8715531439152,-3.982419501384144,-0.04109617119790607,23.063632490980158,60,273.0,8.983126862540502,243,-1.9430092193622206
3068,mixtura,packing_B,T07,largo,28,G4,8.762430365116614,0.7750672044361785,0.8722597443319312,False,455,473.8715531439152,-3.982419501384144,-0.04109617119790607,23.063632490980158,60,273.0,8.983126862540502,244,-2.2414783998788086
3068,mixtura,packing_B,T07,largo,28,G4,8.762430365116614,0.7750672044361785,0.8722597443319312,False,455,473.8715531439152,-3.982419501384144,-0.04109617119790607,23.063632490980158,60,273.0,8.983126862540502,245,-1.9809409112421914
3068,mixtura,packing_B,T07,largo,28,G4,8.762430365116614,0.7750672044361785,0.8722597443319312,False,455,473.8715531439152,-3.982419501384144,-0.04109617119790607,23.063632490980158,60,273.0,8.983126862540502,246,-1.8052476422720807
3068,mixtura,packing_B,T07,largo,28,G4,8.762430365116614,0.7750672044361785,0.8722597443319312,False,455,473.8715531439152,-3.982419501384144,-0.04109617119790607,23.063632490980158,60,273.0,8.983126862540502,247,-1.964861005462117
3068,mixtura,packing_B,T07,largo,28,G4,8.762430365116614,0.7750672044361785,0.8722597443319312,False,455,473.8715531439152,-3.982419501384144,-0.04109617119790607,23.063632490980158,60,273.0,8.983126862540502,248,-1.764745120919044
3068,mixtura,packing_B,T07,largo,28,G4,8.762430365116614,0.7750672044361785,0.8722597443319312,False,455,473.8715531439152,-3.982419501384144,-0.04109617119790607,23.063632490980158,60,273.0,8.983126862540502,249,-1.6805217790023785
3068,mixtura,packing_B,T07,largo,28,G4,8.762430365116614,0.7750672044361785,0.8722597443319312,False,455,473.8715531439152,-3.982419501384144,-0.04109617119790607,23.063632490980158,60,273.0,8.983126862540502,250,-1.5771881349375754
3068,mixtura,packing_B,T07,largo,28,G4,8.762430365116614,0.7750672044361785,0.8722597443319312,False,455,473.8715531439152,-3.982419501384144,-0.04109617119790607,23.063632490980158,60,273.0,8.983126862540502,251,-1.3993214717244447
3068,mixtura,packing_B,T07,largo,28,G4,8.762430365116614,0.7750672044361785,0.8722597443319312,False,455,473.8715531439152,-3.982419501384144,-0.04109617119790607,23.063632490980158,60,273.0,8.983126862540502,252,-1.4980798303484426
3068,mixtura,packing_B,T07,largo,28,G4,8.762430365116614,0.7750672044361785,0.8722597443319312,False,455,473.8715531439152,-3.982419501384144,-0.04109617119790607,23.063632490980158,60,273.0,8.983126862540502,253,-1.4013445815699819
3068,mixtura,packing_B,T07,largo,28,G4,8.762430365116614,0.7750672044361785,0.8722597443319312,False,455,473.8715531439152,-3.982419501384144,-0.04109617119790607,23.063632490980158,60,273.0,8.983126862540502,254,-1.3360134433725506
3068,mixtura,packing_B,T07,largo,28,G4,8.762430365116614,0.7750672044361785,0.8722597443319312,False,455,473.8715531439152,-3.982419501384144,-0.04109617119790607,23.063632490980158,60,273.0,8.983126862540502,255,-1.1877811262060871
3068,mixtura,packing_B,T07,largo,28,G4,8.762430365116614,0.7750672044361785,0.8722597443319312,False,455,473.8715531439152,-3.982419501384144,-0.04109617119790607,23.063632490980158,60,273.0,8.983126862540502,256,-1.0496289574407083
3068,mixtura,packing_B,T07,largo,28,G4,8.762430365116614,0.7750672044361785,0.8722597443319312,False,455,473.8715531439152,-3.982419501384144,-0.04109617119790607,23.063632490980158,60,273.0,8.983126862540502,257,-1.1361235029572725
3068,mixtura,packing_B,T07,largo,28,G4,8.762430365116614,0.7750672044361785,0.8722597443319312,False,455,473.8715531439152,-3.982419501384144,-0.04109617119790607,23.063632490980158,60,273.0,8.983126862540502,258,-1.097084279254462
3068,mixtura,packing_B,T07,largo,28,G4,8.762430365116614,0.7750672044361785,0.8722597443319312,False,455,473.8715531439152,-3.982419501384144,-0.04109617119790607,23.063632490980158,60,273.0,8.983126862540502,259,-1.0117005510181105
3068,mixtura,packing_B,T07,largo,28,G4,8.762430365116614,0.7750672044361785,0.8722597443319312,False,455,473.8715531439152,-3.982419501384144,-0.04109617119790607,23.063632490980158,60,273.0,8.983126862540502,260,-1.0058773888680819
3068,mixtura,packing_B,T07,largo,28,G4,8.762430365116614,0.7750672044361785,0.8722597443319312,False,455,473.8715531439152,-3.982419501384144,-0.04109617119790607,23.063632490980158,60,273.0,8.983126862540502,261,-0.8766645263610091
3068,mixtura,packing_B,T07,largo,28,G4,8.762430365116614,0.7750672044361785,0.8722597443319312,False,455,473.8715531439152,-3.982419501384144,-0.04109617119790607,23.063632490980158,60,273.0,8.983126862540502,262,-0.8011062045891906
3068,mixtura,packing_B,T07,largo,28,G4,8.762430365116614,0.7750672044361785,0.8722597443319312,False,455,473.8715531439152,-3.982419501384144,-0.04109617119790607,23.063632490980158,60,273.0,8.983126862540502,263,-0.850772112337265
3068,mixtura,packing_B,T07,largo,28,G4,8.762430365116614,0.7750672044361785,0.8722597443319312,False,455,473.8715531439152,-3.982419501384144,-0.04109617119790607,23.063632490980158,60,273.0,8.983126862540502,264,-0.6539400997810559
3068,mixtura,packing_B,T07,largo,28,G4,8.762430365116614,0.7750672044361785,0.8722597443319312,False,455,473.8715531439152,-3.982419501384144,-0.04109617119790607,23.063632490980158,60,273.0,8.983126862540502,265,-0.5137742119737176
3068,mixtura,packing_B,T07,largo,28,G4,8.762430365116614,0.7750672044361785,0.8722597443319312,False,455,473.8715531439152,-3.982419501384144,-0.04109617119790607,23.063632490980158,60,273.0,8.983126862540502,266,-0.47508367945859586
3068,mixtura,packing_B,T07,largo,28,G4,8.762430365116614,0.7750672044361785,0.8722597443319312,False,455,473.8715531439152,-3.982419501384144,-0.04109617119790607,23.063632490980158,60,273.0,8.983126862540502,267,-0.35011298418319403
3068,mixtura,packing_B,T07,largo,28,G4,8.762430365116614,0.7750672044361785,0.8722597443319312,False,455,473.8715531439152,-3.982419501384144,-0.04109617119790607,23.063632490980158,60,273.0,8.983126862540502,268,-0.543585529974105
3068,mixtura,packing_B,T07,largo,28,G4,8.762430365116614,0.7750672044361785,0.8722597443319312,False,455,473.8715531439152,-3.982419501384144,-0.04109617119790607,23.063632490980158,60,273.0,8.983126862540502,269,-0.5449269071210352
3068,mixtura,packing_B,T07,largo,28,G4,8.762430365116614,0.7750672044361785,0.8722597443319312,False,455,473.8715531439152,-3.982419501384144,-0.04109617119790607,23.063632490980158,60,273.0,8.983126862540502,270,-0.5052588292412566
3068,mixtura,packing_B,T07,largo,28,G4,8.762430365116614,0.7750672044361785,0.8722597443319312,False,455,473.8715531439152,-3.982419501384144,-0.04109617119790607,23.063632490980158,60,273.0,8.983126862540502,271,-0.21537514911814334
3068,mixtura,packing_B,T07,largo,28,G4,8.762430365116614,0.7750672044361785,0.8722597443319312,False,455,473.8715531439152,-3.982419501384144,-0.04109617119790607,23.063632490980158,60,273.0,8.983126862540502,272,-0.19811655675898793
3068,mixtura,packing_B,T07,largo,28,G4,8.762430365116614,0.7750672044361785,0.8722597443319312,False,455,473.8715531439152,-3.982419501384144,-0.04109617119790607,23.063632490980158,60,273.0,8.983126862540502,273,-0.16785786519276583
3068,mixtura,packing_B,T07,largo,28,G4,8.762430365116614,0.7750672044361785,0.8722597443319312,False,455,473.8715531439152,-3.982419501384144,-0.04109617119790607,23.063632490980158,60,273.0,8.983126862540502,274,0.2258946866517949
3068,mixtura,packing_B,T07,largo,28,G4,8.762430365116614,0.7750672044361785,0.8722597443319312,False,455,473.8715531439152,-3.982419501384144,-0.04109617119790607,23.063632490980158,60,273.0,8.983126862540502,275,0.37951219676788545
3068,mixtura,packing_B,T07,largo,28,G4,8.762430365116614,0.7750672044361785,0.8722597443319312,False,455,473.8715531439152,-3.982419501384144,-0.04109617119790607,23.063632490980158,60,273.0,8.983126862540502,276,0.4823633502486334
3068,mixtura,packing_B,T07,largo,28,G4,8.762430365116614,0.7750672044361785,0.8722597443319312,False,455,473.8715531439152,-3.982419501384144,-0.04109617119790607,23.063632490980158,60,273.0,8.983126862540502,277,0.5253932287700536
3068,mixtura,packing_B,T07,largo,28,G4,8.762430365116614,0.7750672044361785,0.8722597443319312,False,455,473.8715531439152,-3.982419501384144,-0.04109617119790607,23.063632490980158,60,273.0,8.983126862540502,278,0.3452870589755873
3068,mixtura,packing_B,T07,largo,28,G4,8.762430365116614,0.7750672044361785,0.8722597443319312,False,455,473.8715531439152,-3.982419501384144,-0.04109617119790607,23.063632490980158,60,273.0,8.983126862540502,279,0.40087758897819586
3068,mixtura,packing_B,T07,largo,28,G4,8.762430365116614,0.7750672044361785,0.8722597443319312,False,455,473.8715531439152,-3.982419501384144,-0.04109617119790607,23.063632490980158,60,273.0,8.983126862540502,280,0.3843736985139249
3068,mixtura,packing_B,T07,largo,28,G4,8.762430365116614,0.7750672044361785,0.8722597443319312,False,455,473.8715531439152,-3.982419501384144,-0.04109617119790607,23.063632490980158,60,273.0,8.983126862540502,281,0.310599374236014
3068,mixtura,packing_B,T07,largo,28,G4,8.762430365116614,0.7750672044361785,0.8722597443319312,False,455,473.8715531439152,-3.982419501384144,-0.04109617119790607,23.063632490980158,60,273.0,8.983126862540502,282,0.2875650857084491
3068,mixtura,packing_B,T07,largo,28,G4,8.762430365116614,0.7750672044361785,0.8722597443319312,False,455,473.8715531439152,-3.982419501384144,-0.04109617119790607,23.063632490980158,60,273.0,8.983126862540502,283,0.06268222558538088
3068,mixtura,packing_B,T07,largo,28,G4,8.762430365116614,0.7750672044361785,0.8722597443319312,False,455,473.8715531439152,-3.982419501384144,-0.04109617119790607,23.063632490980158,60,273.0,8.983126862540502,284,0.08406949463004461
3068,mixtura,packing_B,T07,largo,28,G4,8.762430365116614,0.7750672044361785,0.8722597443319312,False,455,473.8715531439152,-3.982419501384144,-0.04109617119790607,23.063632490980158,60,273.0,8.983126862540502,285,-0.0387983490073946
3068,mixtura,packing_B,T07,largo,28,G4,8.762430365116614,0.7750672044361785,0.8722597443319312,False,455,473.8715531439152,-3.982419501384144,-0.04109617119790607,23.063632490980158,60,273.0,8.983126862540502,286,-0.17050389595577606
3068,mixtura,packing_B,T07,largo,28,G4,8.762430365116614,0.7750672044361785,0.8722597443319312,False,455,473.8715531439152,-3.982419501384144,-0.04109617119790607,23.063632490980158,60,273.0,8.983126862540502,287,-0.24699104242661543
3068,mixtura,packing_B,T07,largo,28,G4,8.762430365116614,0.7750672044361785,0.8722597443319312,False,455,473.8715531439152,-3.982419501384144,-0.04109617119790607,23.063632490980158,60,273.0,8.983126862540502,288,-0.20926896935776734
3068,mixtura,packing_B,T07,largo,28,G4,8.762430365116614,0.7750672044361785,0.8722597443319312,False,455,473.8715531439152,-3.982419501384144,-0.04109617119790607,23.063632490980158,60,273.0,8.983126862540502,289,-0.4305702342027873
3068,mixtura,packing_B,T07,largo,28,G4,8.762430365116614,0.7750672044361785,0.8722597443319312,False,455,473.8715531439152,-3.982419501384144,-0.04109617119790607,23.063632490980158,60,273.0,8.983126862540502,290,-0.48479858598811765
3068,mixtura,packing_B,T07,largo,28,G4,8.762430365116614,0.7750672044361785,0.8722597443319312,False,455,473.8715531439152,-3.982419501384144,-0.04109617119790607,23.063632490980158,60,273.0,8.983126862540502,291,-0.4786488152556904
3068,mixtura,packing_B,T07,largo,28,G4,8.762430365116614,0.7750672044361785,0.8722597443319312,False,455,473.8715531439152,-3.982419501384144,-0.04109617119790607,23.063632490980158,60,273.0,8.983126862540502,292,-0.3885084936467521
3068,mixtura,packing_B,T07,largo,28,G4,8.762430365116614,0.7750672044361785,0.8722597443319312,False,455,473.8715531439152,-3.982419501384144,-0.04109617119790607,23.063632490980158,60,273.0,8.983126862540502,293,-0.4744616346173187
3068,mixtura,packing_B,T07,largo,28,G4,8.762430365116614,0.7750672044361785,0.8722597443319312,False,455,473.8715531439152,-3.982419501384144,-0.04109617119790607,23.063632490980158,60,273.0,8.983126862540502,294,-0.46784461388641135
3068,mixtura,packing_B,T07,largo,28,G4,8.762430365116614,0.7750672044361785,0.8722597443319312,False,455,473.8715531439152,-3.982419501384144,-0.04109617119790607,23.063632490980158,60,273.0,8.983126862540502,295,-0.5756453586278809
3068,mixtura,packing_B,T07,largo,28,G4,8.762430365116614,0.7750672044361785,0.8722597443319312,False,455,473.8715531439152,-3.982419501384144,-0.04109617119790607,23.063632490980158,60,273.0,8.983126862540502,296,-0.18486627233831623
3068,mixtura,packing_B,T07,largo,28,G4,8.762430365116614,0.7750672044361785,0.8722597443319312,False,455,473.8715531439152,-3.982419501384144,-0.04109617119790607,23.063632490980158,60,273.0,8.983126862540502,297,-0.2810530395155488
3068,mixtura,packing_B,T07,largo,28,G4,8.762430365116614,0.7750672044361785,0.8722597443319312,False,455,473.8715531439152,-3.982419501384144,-0.04109617119790607,23.063632490980158,60,273.0,8.983126862540502,298,-0.3361327558176337
3068,mixtura,packing_B,T07,largo,28,G4,8.762430365116614,0.7750672044361785,0.8722597443319312,False,455,473.8715531439152,-3.982419501384144,-0.04109617119790607,23.063632490980158,60,273.0,8.983126862540502,299,-0.1385662283528512
3068,mixtura,packing_B,T07,largo,28,G4,8.762430365116614,0.7750672044361785,0.8722597443319312,False,455,473.8715531439152,-3.982419501384144,-0.04109617119790607,23.063632490980158,60,273.0,8.983126862540502,300,-0.08956891777059284
3068,mixtura,packing_B,T07,largo,28,G4,8.762430365116614,0.7750672044361785,0.8722597443319312,False,455,473.8715531439152,-3.982419501384144,-0.04109617119790607,23.063632490980158,60,273.0,8.983126862540502,301,-0.010906946175503307
3068,mixtura,packing_B,T07,largo,28,G4,8.762430365116614,0.7750672044361785,0.8722597443319312,False,455,473.8715531439152,-3.982419501384144,-0.04109617119790607,23.063632490980158,60,273.0,8.983126862540502,302,0.33497369611540206
3068,mixtura,packing_B,T07,largo,28,G4,8.762430365116614,0.7750672044361785,0.8722597443319312,False,455,473.8715531439152,-3.982419501384144,-0.04109617119790607,23.063632490980158,60,273.0,8.983126862540502,303,0.28340833461120557
3068,mixtura,packing_B,T07,largo,28,G4,8.762430365116614,0.7750672044361785,0.8722597443319312,False,455,473.8715531439152,-3.982419501384144,-0.04109617119790607,23.063632490980158,60,273.0,8.983126862540502,304,0.28262920246754497
3068,mixtura,packing_B,T07,largo,28,G4,8.762430365116614,0.7750672044361785,0.8722597443319312,False,455,473.8715531439152,-3.982419501384144,-0.04109617119790607,23.063632490980158,60,273.0,8.983126862540502,305,0.4354240239264959
3068,mixtura,packing_B,T07,largo,28,G4,8.762430365116614,0.7750672044361785,0.8722597443319312,False,455,473.8715531439152,-3.982419501384144,-0.04109617119790607,23.063632490980158,60,273.0,8.983126862540502,306,0.36777333102887005
3068,mixtura,packing_B,T07,largo,28,G4,8.762430365116614,0.7750672044361785,0.8722597443319312,False,455,473.8715531439152,-3.982419501384144,-0.04109617119790607,23.063632490980158,60,273.0,8.983126862540502,307,0.45472189782046596
3068,mixtura,packing_B,T07,largo,28,G4,8.762430365116614,0.7750672044361785,0.8722597443319312,False,455,473.8715531439152,-3.982419501384144,-0.04109617119790607,23.063632490980158,60,273.0,8.983126862540502,308,0.4998183992202455
3068,mixtura,packing_B,T07,largo,28,G4,8.762430365116614,0.7750672044361785,0.8722597443319312,False,455,473.8715531439152,-3.982419501384144,-0.04109617119790607,23.063632490980158,60,273.0,8.983126862540502,309,0.3194251078756105
3068,mixtura,packing_B,T07,largo,28,G4,8.762430365116614,0.7750672044361785,0.8722597443319312,False,455,473.8715531439152,-3.982419501384144,-0.04109617119790607,23.063632490980158,60,273.0,8.983126862540502,310,0.17618250189752938
3068,mixtura,packing_B,T07,largo,28,G4,8.762430365116614,0.7750672044361785,0.8722597443319312,False,455,473.8715531439152,-3.982419501384144,-0.04109617119790607,23.063632490980158,60,273.0,8.983126862540502,311,0.3922124443136952
3068,mixtura,packing_B,T07,largo,28,G4,8.762430365116614,0.7750672044361785,0.8722597443319312,False,455,473.8715531439152,-3.982419501384144,-0.04109617119790607,23.063632490980158,60,273.0,8.983126862540502,312,0.2434934522401334
3068,mixtura,packing_B,T07,largo,28,G4,8.762430365116614,0.7750672044361785,0.8722597443319312,False,455,473.8715531439152,-3.982419501384144,-0.04109617119790607,23.063632490980158,60,273.0,8.983126862540502,313,0.285622951636454
3068,mixtura,packing_B,T07,largo,28,G4,8.762430365116614,0.7750672044361785,0.8722597443319312,False,455,473.8715531439152,-3.982419501384144,-0.04109617119790607,23.063632490980158,60,273.0,8.983126862540502,314,0.01453859086817614
3068,mixtura,packing_B,T07,largo,28,G4,8.762430365116614,0.7750672044361785,0.8722597443319312,False,455,473.8715531439152,-3.982419501384144,-0.04109617119790607,23.063632490980158,60,273.0,8.983126862540502,315,-0.05822977410710607
3068,mixtura,packing_B,T07,largo,28,G4,8.762430365116614,0.7750672044361785,0.8722597443319312,False,455,473.8715531439152,-3.982419501384144,-0.04109617119790607,23.063632490980158,60,273.0,8.983126862540502,316,-0.13513106969871974
3068,mixtura,packing_B,T07,largo,28,G4,8.762430365116614,0.7750672044361785,0.8722597443319312,False,455,473.8715531439152,-3.982419501384144,-0.04109617119790607,23.063632490980158,60,273.0,8.983126862540502,317,-0.17438706768701692
3068,mixtura,packing_B,T07,largo,28,G4,8.762430365116614,0.7750672044361785,0.8722597443319312,False,455,473.8715531439152,-3.982419501384144,-0.04109617119790607,23.063632490980158,60,273.0,8.983126862540502,318,-0.41256548740191146
3068,mixtura,packing_B,T07,largo,28,G4,8.762430365116614,0.7750672044361785,0.8722597443319312,False,455,473.8715531439152,-3.982419501384144,-0.04109617119790607,23.063632490980158,60,273.0,8.983126862540502,319,-0.43298997205176504
3068,mixtura,packing_B,T07,largo,28,G4,8.762430365116614,0.7750672044361785,0.8722597443319312,False,455,473.8715531439152,-3.982419501384144,-0.04109617119790607,23.063632490980158,60,273.0,8.983126862540502,320,-0.4950936037383492
3068,mixtura,packing_B,T07,largo,28,G4,8.762430365116614,0.7750672044361785,0.8722597443319312,False,455,473.8715531439152,-3.982419501384144,-0.04109617119790607,23.063632490980158,60,273.0,8.983126862540502,321,-0.4905851368053342
3068,mixtura,packing_B,T07,largo,28,G4,8.762430365116614,0.7750672044361785,0.8722597443319312,False,455,473.8715531439152,-3.982419501384144,-0.04109617119790607,23.063632490980158,60,273.0,8.983126862540502,322,-0.5250985819348202
3068,mixtura,packing_B,T07,largo,28,G4,8.762430365116614,0.7750672044361785,0.8722597443319312,False,455,473.8715531439152,-3.982419501384144,-0.04109617119790607,23.063632490980158,60,273.0,8.983126862540502,323,-0.3403816961717947
3068,mixtura,packing_B,T07,largo,28,G4,8.762430365116614,0.7750672044361785,0.8722597443319312,False,455,473.8715531439152,-3.982419501384144,-0.04109617119790607,23.063632490980158,60,273.0,8.983126862540502,324,-0.4293995897521338
3068,mixtura,packing_B,T07,largo,28,G4,8.762430365116614,0.7750672044361785,0.8722597443319312,False,455,473.8715531439152,-3.982419501384144,-0.04109617119790607,23.063632490980158,60,273.0,8.983126862540502,325,-0.49240241763944353
3068,mixtura,packing_B,T07,largo,28,G4,8.762430365116614,0.7750672044361785,0.8722597443319312,False,455,473.8715531439152,-3.982419501384144,-0.04109617119790607,23.063632490980158,60,273.0,8.983126862540502,326,-0.3222824597093302
3068,mixtura,packing_B,T07,largo,28,G4,8.762430365116614,0.7750672044361785,0.8722597443319312,False,455,473.8715531439152,-3.982419501384144,-0.04109617119790607,23.063632490980158,60,273.0,8.983126862540502,327,-0.3405070527396343
3068,mixtura,packing_B,T07,largo,28,G4,8.762430365116614,0.7750672044361785,0.8722597443319312,False,455,473.8715531439152,-3.982419501384144,-0.04109617119790607,23.063632490980158,60,273.0,8.983126862540502,328,-0.21517243474272163
3068,mixtura,packing_B,T07,largo,28,G4,8.762430365116614,0.7750672044361785,0.8722597443319312,False,455,473.8715531439152,-3.982419501384144,-0.04109617119790607,23.063632490980158,60,273.0,8.983126862540502,329,-0.2733866661636839
3068,mixtura,packing_B,T07,largo,28,G4,8.762430365116614,0.7750672044361785,0.8722597443319312,False,455,473.8715531439152,-3.982419501384144,-0.04109617119790607,23.063632490980158,60,273.0,8.983126862540502,330,-0.15442487819306172
3068,mixtura,packing_B,T07,largo,28,G4,8.762430365116614,0.7750672044361785,0.8722597443319312,False,455,473.8715531439152,-3.982419501384144,-0.04109617119790607,23.063632490980158,60,273.0,8.983126862540502,331,-0.027593014231774182
3068,mixtura,packing_B,T07,largo,28,G4,8.762430365116614,0.7750672044361785,0.8722597443319312,False,455,473.8715531439152,-3.982419501384144,-0.04109617119790607,23.063632490980158,60,273.0,8.983126862540502,332,-0.031769214825924985
3068,mixtura,packing_B,T07,largo,28,G4,8.762430365116614,0.7750672044361785,0.8722597443319312,False,455,473.8715531439152,-3.982419501384144,-0.04109617119790607,23.063632490980158,60,273.0,8.983126862540502,333,0.29159002023318337
3068,mixtura,packing_B,T07,largo,28,G4,8.762430365116614,0.7750672044361785,0.8722597443319312,False,455,473.8715531439152,-3.982419501384144,-0.04109617119790607,23.063632490980158,60,273.0,8.983126862540502,334,0.2926260288236972
3068,mixtura,packing_B,T07,largo,28,G4,8.762430365116614,0.7750672044361785,0.8722597443319312,False,455,473.8715531439152,-3.982419501384144,-0.04109617119790607,23.063632490980158,60,273.0,8.983126862540502,335,0.39698491891117255
3068,mixtura,packing_B,T07,largo,28,G4,8.762430365116614,0.7750672044361785,0.8722597443319312,False,455,473.8715531439152,-3.982419501384144,-0.04109617119790607,23.063632490980158,60,273.0,8.983126862540502,336,0.4707580084413865
3068,mixtura,packing_B,T07,largo,28,G4,8.762430365116614,0.7750672044361785,0.8722597443319312,False,455,473.8715531439152,-3.982419501384144,-0.04109617119790607,23.063632490980158,60,273.0,8.983126862540502,337,0.5132441401862275
3068,mixtura,packing_B,T07,largo,28,G4,8.762430365116614,0.7750672044361785,0.8722597443319312,False,455,473.8715531439152,-3.982419501384144,-0.04109617119790607,23.063632490980158,60,273.0,8.983126862540502,338,0.4562246742685365
3068,mixtura,packing_B,T07,largo,28,G4,8.762430365116614,0.7750672044361785,0.8722597443319312,False,455,473.8715531439152,-3.982419501384144,-0.04109617119790607,23.063632490980158,60,273.0,8.983126862540502,339,0.389487034183404
3068,mixtura,packing_B,T07,largo,28,G4,8.762430365116614,0.7750672044361785,0.8722597443319312,False,455,473.8715531439152,-3.982419501384144,-0.04109617119790607,23.063632490980158,60,273.0,8.983126862540502,340,0.31161713387118595
3068,mixtura,packing_B,T07,largo,28,G4,8.762430365116614,0.7750672044361785,0.8722597443319312,False,455,473.8715531439152,-3.982419501384144,-0.04109617119790607,23.063632490980158,60,273.0,8.983126862540502,341,0.15348836827911386
3068,mixtura,packing_B,T07,largo,28,G4,8.762430365116614,0.7750672044361785,0.8722597443319312,False,455,473.8715531439152,-3.982419501384144,-0.04109617119790607,23.063632490980158,60,273.0,8.983126862540502,342,0.20657495388569208
3068,mixtura,packing_B,T07,largo,28,G4,8.762430365116614,0.7750672044361785,0.8722597443319312,False,455,473.8715531439152,-3.982419501384144,-0.04109617119790607,23.063632490980158,60,273.0,8.983126862540502,343,0.06086929835500118
3068,mixtura,packing_B,T07,largo,28,G4,8.762430365116614,0.7750672044361785,0.8722597443319312,False,455,473.8715531439152,-3.982419501384144,-0.04109617119790607,23.063632490980158,60,273.0,8.983126862540502,344,0.09851740820897102
3068,mixtura,packing_B,T07,largo,28,G4,8.762430365116614,0.7750672044361785,0.8722597443319312,False,455,473.8715531439152,-3.982419501384144,-0.04109617119790607,23.063632490980158,60,273.0,8.983126862540502,345,-0.12862087493735724
3068,mixtura,packing_B,T07,largo,28,G4,8.762430365116614,0.7750672044361785,0.8722597443319312,False,455,473.8715531439152,-3.982419501384144,-0.04109617119790607,23.063632490980158,60,273.0,8.983126862540502,346,-0.07679270393533279
3068,mixtura,packing_B,T07,largo,28,G4,8.762430365116614,0.7750672044361785,0.8722597443319312,False,455,473.8715531439152,-3.982419501384144,-0.04109617119790607,23.063632490980158,60,273.0,8.983126862540502,347,-0.2713686416345973
3068,mixtura,packing_B,T07,largo,28,G4,8.762430365116614,0.7750672044361785,0.8722597443319312,False,455,473.8715531439152,-3.982419501384144,-0.04109617119790607,23.063632490980158,60,273.0,8.983126862540502,348,-0.24220064769146976
3068,mixtura,packing_B,T07,largo,28,G4,8.762430365116614,0.7750672044361785,0.8722597443319312,False,455,473.8715531439152,-3.982419501384144,-0.04109617119790607,23.063632490980158,60,273.0,8.983126862540502,349,-0.3864273648453099
3068,mixtura,packing_B,T07,largo,28,G4,8.762430365116614,0.7750672044361785,0.8722597443319312,False,455,473.8715531439152,-3.982419501384144,-0.04109617119790607,23.063632490980158,60,273.0,8.983126862540502,350,-0.425270181844671
3068,mixtura,packing_B,T07,largo,28,G4,8.762430365116614,0.7750672044361785,0.8722597443319312,False,455,473.8715531439152,-3.982419501384144,-0.04109617119790607,23.063632490980158,60,273.0,8.983126862540502,351,-0.5780794771191987
3068,mixtura,packing_B,T07,largo,28,G4,8.762430365116614,0.7750672044361785,0.8722597443319312,False,455,473.8715531439152,-3.982419501384144,-0.04109617119790607,23.063632490980158,60,273.0,8.983126862540502,352,-0.498007727089642
3068,mixtura,packing_B,T07,largo,28,G4,8.762430365116614,0.7750672044361785,0.8722597443319312,False,455,473.8715531439152,-3.982419501384144,-0.04109617119790607,23.063632490980158,60,273.0,8.983126862540502,353,-0.42322319507977196
3068,mixtura,packing_B,T07,largo,28,G4,8.762430365116614,0.7750672044361785,0.8722597443319312,False,455,473.8715531439152,-3.982419501384144,-0.04109617119790607,23.063632490980158,60,273.0,8.983126862540502,354,-0.5938128993385294
3068,mixtura,packing_B,T07,largo,28,G4,8.762430365116614,0.7750672044361785,0.8722597443319312,False,455,473.8715531439152,-3.982419501384144,-0.04109617119790607,23.063632490980158,60,273.0,8.983126862540502,355,-0.4534641985795811
3068,mixtura,packing_B,T07,largo,28,G4,8.762430365116614,0.7750672044361785,0.8722597443319312,False,455,473.8715531439152,-3.982419501384144,-0.04109617119790607,23.063632490980158,60,273.0,8.983126862540502,356,-0.47683095620159993
3068,mixtura,packing_B,T07,largo,28,G4,8.762430365116614,0.7750672044361785,0.8722597443319312,False,455,473.8715531439152,-3.982419501384144,-0.04109617119790607,23.063632490980158,60,273.0,8.983126862540502,357,-0.3672584185798898
3068,mixtura,packing_B,T07,largo,28,G4,8.762430365116614,0.7750672044361785,0.8722597443319312,False,455,473.8715531439152,-3.982419501384144,-0.04109617119790607,23.063632490980158,60,273.0,8.983126862540502,358,-0.1906370984039798
3068,mixtura,packing_B,T07,largo,28,G4,8.762430365116614,0.7750672044361785,0.8722597443319312,False,455,473.8715531439152,-3.982419501384144,-0.04109617119790607,23.063632490980158,60,273.0,8.983126862540502,359,-0.14546992049762464
3068,mixtura,packing_B,T07,largo,28,G4,8.762430365116614,0.7750672044361785,0.8722597443319312,False,455,473.8715531439152,-3.982419501384144,-0.04109617119790607,23.063632490980158,60,273.0,8.983126862540502,360,-0.1733903356132999
3068,mixtura,packing_B,T07,largo,28,G4,8.762430365116614,0.7750672044361785,0.8722597443319312,False,455,473.8715531439152,-3.982419501384144,-0.04109617119790607,23.063632490980158,60,273.0,8.983126862540502,361,-0.19608378248240357
3068,mixtura,packing_B,T07,largo,28,G4,8.762430365116614,0.7750672044361785,0.8722597443319312,False,455,473.8715531439152,-3.982419501384144,-0.04109617119790607,23.063632490980158,60,273.0,8.983126862540502,362,0.19682678069461337
3068,mixtura,packing_B,T07,largo,28,G4,8.762430365116614,0.7750672044361785,0.8722597443319312,False,455,473.8715531439152,-3.982419501384144,-0.04109617119790607,23.063632490980158,60,273.0,8.983126862540502,363,0.21765884799828517
3068,mixtura,packing_B,T07,largo,28,G4,8.762430365116614,0.7750672044361785,0.8722597443319312,False,455,473.8715531439152,-3.982419501384144,-0.04109617119790607,23.063632490980158,60,273.0,8.983126862540502,364,0.29130987291140037
3068,mixtura,packing_B,T07,largo,28,G4,8.762430365116614,0.7750672044361785,0.8722597443319312,False,455,473.8715531439152,-3.982419501384144,-0.04109617119790607,23.063632490980158,60,273.0,8.983126862540502,365,0.21303198362620446
3068,mixtura,packing_B,T07,largo,28,G4,8.762430365116614,0.7750672044361785,0.8722597443319312,False,455,473.8715531439152,-3.982419501384144,-0.04109617119790607,23.063632490980158,60,273.0,8.983126862540502,366,0.37564312953013673
3068,mixtura,packing_B,T07,largo,28,G4,8.762430365116614,0.7750672044361785,0.8722597443319312,False,455,473.8715531439152,-3.982419501384144,-0.04109617119790607,23.063632490980158,60,273.0,8.983126862540502,367,0.1761330595093348
3068,mixtura,packing_B,T07,largo,28,G4,8.762430365116614,0.7750672044361785,0.8722597443319312,False,455,473.8715531439152,-3.982419501384144,-0.04109617119790607,23.063632490980158,60,273.0,8.983126862540502,368,0.35449065667301005
3068,mixtura,packing_B,T07,largo,28,G4,8.762430365116614,0.7750672044361785,0.8722597443319312,False,455,473.8715531439152,-3.982419501384144,-0.04109617119790607,23.063632490980158,60,273.0,8.983126862540502,369,0.48023843638356445
3068,mixtura,packing_B,T07,largo,28,G4,8.762430365116614,0.7750672044361785,0.8722597443319312,False,455,473.8715531439152,-3.982419501384144,-0.04109617119790607,23.063632490980158,60,273.0,8.983126862540502,370,0.38726301782363676
3068,mixtura,packing_B,T07,largo,28,G4,8.762430365116614,0.7750672044361785,0.8722597443319312,False,455,473.8715531439152,-3.982419501384144,-0.04109617119790607,23.063632490980158,60,273.0,8.983126862540502,371,0.353854515943669
3068,mixtura,packing_B,T07,largo,28,G4,8.762430365116614,0.7750672044361785,0.8722597443319312,False,455,473.8715531439152,-3.982419501384144,-0.04109617119790607,23.063632490980158,60,273.0,8.983126862540502,372,0.36083696003529175
3068,mixtura,packing_B,T07,largo,28,G4,8.762430365116614,0.7750672044361785,0.8722597443319312,False,455,473.8715531439152,-3.982419501384144,-0.04109617119790607,23.063632490980158,60,273.0,8.983126862540502,373,-0.01213785879325216
3068,mixtura,packing_B,T07,largo,28,G4,8.762430365116614,0.7750672044361785,0.8722597443319312,False,455,473.8715531439152,-3.982419501384144,-0.04109617119790607,23.063632490980158,60,273.0,8.983126862540502,374,0.008527826181811603
3068,mixtura,packing_B,T07,largo,28,G4,8.762430365116614,0.7750672044361785,0.8722597443319312,False,455,473.8715531439152,-3.982419501384144,-0.04109617119790607,23.063632490980158,60,273.0,8.983126862540502,375,-0.009491544003182042
3068,mixtura,packing_B,T07,largo,28,G4,8.762430365116614,0.7750672044361785,0.8722597443319312,False,455,473.8715531439152,-3.982419501384144,-0.04109617119790607,23.063632490980158,60,273.0,8.983126862540502,376,-0.30537922610120033
3068,mixtura,packing_B,T07,largo,28,G4,8.762430365116614,0.7750672044361785,0.8722597443319312,False,455,473.8715531439152,-3.982419501384144,-0.04109617119790607,23.063632490980158,60,273.0,8.983126862540502,377,-0.32115057379742606
3068,mixtura,packing_B,T07,largo,28,G4,8.762430365116614,0.7750672044361785,0.8722597443319312,False,455,473.8715531439152,-3.982419501384144,-0.04109617119790607,23.063632490980158,60,273.0,8.983126862540502,378,-0.2983265573759071
3068,mixtura,packing_B,T07,largo,28,G4,8.762430365116614,0.7750672044361785,0.8722597443319312,False,455,473.8715531439152,-3.982419501384144,-0.04109617119790607,23.063632490980158,60,273.0,8.983126862540502,379,-0.29511170400153613
3068,mixtura,packing_B,T07,largo,28,G4,8.762430365116614,0.7750672044361785,0.8722597443319312,False,455,473.8715531439152,-3.982419501384144,-0.04109617119790607,23.063632490980158,60,273.0,8.983126862540502,380,-0.5579588349927252
3068,mixtura,packing_B,T07,largo,28,G4,8.762430365116614,0.7750672044361785,0.8722597443319312,False,455,473.8715531439152,-3.982419501384144,-0.04109617119790607,23.063632490980158,60,273.0,8.983126862540502,381,-0.6181034908416289
3068,mixtura,packing_B,T07,largo,28,G4,8.762430365116614,0.7750672044361785,0.8722597443319312,False,455,473.8715531439152,-3.982419501384144,-0.04109617119790607,23.063632490980158,60,273.0,8.983126862540502,382,-0.2983228125048344
3068,mixtura,packing_B,T07,largo,28,G4,8.762430365116614,0.7750672044361785,0.8722597443319312,False,455,473.8715531439152,-3.982419501384144,-0.04109617119790607,23.063632490980158,60,273.0,8.983126862540502,383,-0.549813391267618
3068,mixtura,packing_B,T07,largo,28,G4,8.762430365116614,0.7750672044361785,0.8722597443319312,False,455,473.8715531439152,-3.982419501384144,-0.04109617119790607,23.063632490980158,60,273.0,8.983126862540502,384,-0.38155112257129553
3068,mixtura,packing_B,T07,largo,28,G4,8.762430365116614,0.7750672044361785,0.8722597443319312,False,455,473.8715531439152,-3.982419501384144,-0.04109617119790607,23.063632490980158,60,273.0,8.983126862540502,385,-0.3825939090929435
3068,mixtura,packing_B,T07,largo,28,G4,8.762430365116614,0.7750672044361785,0.8722597443319312,False,455,473.8715531439152,-3.982419501384144,-0.04109617119790607,23.063632490980158,60,273.0,8.983126862540502,386,-0.43397908184163125
3068,mixtura,packing_B,T07,largo,28,G4,8.762430365116614,0.7750672044361785,0.8722597443319312,False,455,473.8715531439152,-3.982419501384144,-0.04109617119790607,23.063632490980158,60,273.0,8.983126862540502,387,-0.4301961567602037
3068,mixtura,packing_B,T07,largo,28,G4,8.762430365116614,0.7750672044361785,0.8722597443319312,False,455,473.8715531439152,-3.982419501384144,-0.04109617119790607,23.063632490980158,60,273.0,8.983126862540502,388,-0.5031183298454037
3068,mixtura,packing_B,T07,largo,28,G4,8.762430365116614,0.7750672044361785,0.8722597443319312,False,455,473.8715531439152,-3.982419501384144,-0.04109617119790607,23.063632490980158,60,273.0,8.983126862540502,389,-0.15867567366688345
3068,mixtura,packing_B,T07,largo,28,G4,8.762430365116614,0.7750672044361785,0.8722597443319312,False,455,473.8715531439152,-3.982419501384144,-0.04109617119790607,23.063632490980158,60,273.0,8.983126862540502,390,0.07679203835491921
3068,mixtura,packing_B,T07,largo,28,G4,8.762430365116614,0.7750672044361785,0.8722597443319312,False,455,473.8715531439152,-3.982419501384144,-0.04109617119790607,23.063632490980158,60,273.0,8.983126862540502,391,-0.034728863525067946
3068,mixtura,packing_B,T07,largo,28,G4,8.762430365116614,0.7750672044361785,0.8722597443319312,False,455,473.8715531439152,-3.982419501384144,-0.04109617119790607,23.063632490980158,60,273.0,8.983126862540502,392,0.12418480364477749
3068,mixtura,packing_B,T07,largo,28,G4,8.762430365116614,0.7750672044361785,0.8722597443319312,False,455,473.8715531439152,-3.982419501384144,-0.04109617119790607,23.063632490980158,60,273.0,8.983126862540502,393,0.35834755923531414
3068,mixtura,packing_B,T07,largo,28,G4,8.762430365116614,0.7750672044361785,0.8722597443319312,False,455,473.8715531439152,-3.982419501384144,-0.04109617119790607,23.063632490980158,60,273.0,8.983126862540502,394,0.24988096293822953
3068,mixtura,packing_B,T07,largo,28,G4,8.762430365116614,0.7750672044361785,0.8722597443319312,False,455,473.8715531439152,-3.982419501384144,-0.04109617119790607,23.063632490980158,60,273.0,8.983126862540502,395,0.5109842924724424
3068,mixtura,packing_B,T07,largo,28,G4,8.762430365116614,0.7750672044361785,0.8722597443319312,False,455,473.8715531439152,-3.982419501384144,-0.04109617119790607,23.063632490980158,60,273.0,8.983126862540502,396,0.4046727481670622
3068,mixtura,packing_B,T07,largo,28,G4,8.762430365116614,0.7750672044361785,0.8722597443319312,False,455,473.8715531439152,-3.982419501384144,-0.04109617119790607,23.063632490980158,60,273.0,8.983126862540502,397,0.49416930572614515
3068,mixtura,packing_B,T07,largo,28,G4,8.762430365116614,0.7750672044361785,0.8722597443319312,False,455,473.8715531439152,-3.982419501384144,-0.04109617119790607,23.063632490980158,60,273.0,8.983126862540502,398,0.5286662224035699
3068,mixtura,packing_B,T07,largo,28,G4,8.762430365116614,0.7750672044361785,0.8722597443319312,False,455,473.8715531439152,-3.982419501384144,-0.04109617119790607,23.063632490980158,60,273.0,8.983126862540502,399,0.4594869954920524
3068,mixtura,packing_B,T07,largo,28,G4,8.762430365116614,0.7750672044361785,0.8722597443319312,False,455,473.8715531439152,-3.982419501384144,-0.04109617119790607,23.063632490980158,60,273.0,8.983126862540502,400,0.34631703295586
3068,mixtura,packing_B,T07,largo,28,G4,8.762430365116614,0.7750672044361785,0.8722597443319312,False,455,473.8715531439152,-3.982419501384144,-0.04109617119790607,23.063632490980158,60,273.0,8.983126862540502,401,0.3389487790230086
3068,mixtura,packing_B,T07,largo,28,G4,8.762430365116614,0.7750672044361785,0.8722597443319312,False,455,473.8715531439152,-3.982419501384144,-0.04109617119790607,23.063632490980158,60,273.0,8.983126862540502,402,0.026586534379996057
3068,mixtura,packing_B,T07,largo,28,G4,8.762430365116614,0.7750672044361785,0.8722597443319312,False,455,473.8715531439152,-3.982419501384144,-0.04109617119790607,23.063632490980158,60,273.0,8.983126862540502,403,0.11608804108252098
3068,mixtura,packing_B,T07,largo,28,G4,8.762430365116614,0.7750672044361785,0.8722597443319312,False,455,473.8715531439152,-3.982419501384144,-0.04109617119790607,23.063632490980158,60,273.0,8.983126862540502,404,0.11537101672981358
3068,mixtura,packing_B,T07,largo,28,G4,8.762430365116614,0.7750672044361785,0.8722597443319312,False,455,473.8715531439152,-3.982419501384144,-0.04109617119790607,23.063632490980158,60,273.0,8.983126862540502,405,-0.14550363496619018
3068,mixtura,packing_B,T07,largo,28,G4,8.762430365116614,0.7750672044361785,0.8722597443319312,False,455,473.8715531439152,-3.982419501384144,-0.04109617119790607,23.063632490980158,60,273.0,8.983126862540502,406,0.08041840658312957
3068,mixtura,packing_B,T07,largo,28,G4,8.762430365116614,0.7750672044361785,0.8722597443319312,False,455,473.8715531439152,-3.982419501384144,-0.04109617119790607,23.063632490980158,60,273.0,8.983126862540502,407,-0.2714891361360592
3068,mixtura,packing_B,T07,largo,28,G4,8.762430365116614,0.7750672044361785,0.8722597443319312,False,455,473.8715531439152,-3.982419501384144,-0.04109617119790607,23.063632490980158,60,273.0,8.983126862540502,408,-0.03428510016133207
3068,mixtura,packing_B,T07,largo,28,G4,8.762430365116614,0.7750672044361785,0.8722597443319312,False,455,473.8715531439152,-3.982419501384144,-0.04109617119790607,23.063632490980158,60,273.0,8.983126862540502,409,-0.4656368283707286
3068,mixtura,packing_B,T07,largo,28,G4,8.762430365116614,0.7750672044361785,0.8722597443319312,False,455,473.8715531439152,-3.982419501384144,-0.04109617119790607,23.063632490980158,60,273.0,8.983126862540502,410,-0.5003157445999352
3068,mixtura,packing_B,T07,largo,28,G4,8.762430365116614,0.7750672044361785,0.8722597443319312,False,455,473.8715531439152,-3.982419501384144,-0.04109617119790607,23.063632490980158,60,273.0,8.983126862540502,411,-0.37433153250167966
3068,mixtura,packing_B,T07,largo,28,G4,8.762430365116614,0.7750672044361785,0.8722597443319312,False,455,473.8715531439152,-3.982419501384144,-0.04109617119790607,23.063632490980158,60,273.0,8.983126862540502,412,-0.4920526116678282
3068,mixtura,packing_B,T07,largo,28,G4,8.762430365116614,0.7750672044361785,0.8722597443319312,False,455,473.8715531439152,-3.982419501384144,-0.04109617119790607,23.063632490980158,60,273.0,8.983126862540502,413,-0.37496421271859415
3068,mixtura,packing_B,T07,largo,28,G4,8.762430365116614,0.7750672044361785,0.8722597443319312,False,455,473.8715531439152,-3.982419501384144,-0.04109617119790607,23.063632490980158,60,273.0,8.983126862540502,414,-0.35121684406854053
3068,mixtura,packing_B,T07,largo,28,G4,8.762430365116614,0.7750672044361785,0.8722597443319312,False,455,473.8715531439152,-3.982419501384144,-0.04109617119790607,23.063632490980158,60,273.0,8.983126862540502,415,-0.46781607635289574
3068,mixtura,packing_B,T07,largo,28,G4,8.762430365116614,0.7750672044361785,0.8722597443319312,False,455,473.8715531439152,-3.982419501384144,-0.04109617119790607,23.063632490980158,60,273.0,8.983126862540502,416,-0.5638227916229791
3068,mixtura,packing_B,T07,largo,28,G4,8.762430365116614,0.7750672044361785,0.8722597443319312,False,455,473.8715531439152,-3.982419501384144,-0.04109617119790607,23.063632490980158,60,273.0,8.983126862540502,417,-0.142414081525484
3068,mixtura,packing_B,T07,largo,28,G4,8.762430365116614,0.7750672044361785,0.8722597443319312,False,455,473.8715531439152,-3.982419501384144,-0.04109617119790607,23.063632490980158,60,273.0,8.983126862540502,418,-0.2707838323126211
3068,mixtura,packing_B,T07,largo,28,G4,8.762430365116614,0.7750672044361785,0.8722597443319312,False,455,473.8715531439152,-3.982419501384144,-0.04109617119790607,23.063632490980158,60,273.0,8.983126862540502,419,-0.17579387603144953
3068,mixtura,packing_B,T07,largo,28,G4,8.762430365116614,0.7750672044361785,0.8722597443319312,False,455,473.8715531439152,-3.982419501384144,-0.04109617119790607,23.063632490980158,60,273.0,8.983126862540502,420,-0.10771273641619793
3068,mixtura,packing_B,T07,largo,28,G4,8.762430365116614,0.7750672044361785,0.8722597443319312,False,455,473.8715531439152,-3.982419501384144,-0.04109617119790607,23.063632490980158,60,273.0,8.983126862540502,421,0.038850190241390234
3068,mixtura,packing_B,T07,largo,28,G4,8.762430365116614,0.7750672044361785,0.8722597443319312,False,455,473.8715531439152,-3.982419501384144,-0.04109617119790607,23.063632490980158,60,273.0,8.983126862540502,422,-0.029580706643024784
3068,mixtura,packing_B,T07,largo,28,G4,8.762430365116614,0.7750672044361785,0.8722597443319312,False,455,473.8715531439152,-3.982419501384144,-0.04109617119790607,23.063632490980158,60,273.0,8.983126862540502,423,0.19776345702701387
3068,mixtura,packing_B,T07,largo,28,G4,8.762430365116614,0.7750672044361785,0.8722597443319312,False,455,473.8715531439152,-3.982419501384144,-0.04109617119790607,23.063632490980158,60,273.0,8.983126862540502,424,0.14624435989850976
3068,mixtura,packing_B,T07,largo,28,G4,8.762430365116614,0.7750672044361785,0.8722597443319312,False,455,473.8715531439152,-3.982419501384144,-0.04109617119790607,23.063632490980158,60,273.0,8.983126862540502,425,0.4530314913667304
3068,mixtura,packing_B,T07,largo,28,G4,8.762430365116614,0.7750672044361785,0.8722597443319312,False,455,473.8715531439152,-3.982419501384144,-0.04109617119790607,23.063632490980158,60,273.0,8.983126862540502,426,0.45380003705748456
3068,mixtura,packing_B,T07,largo,28,G4,8.762430365116614,0.7750672044361785,0.8722597443319312,False,455,473.8715531439152,-3.982419501384144,-0.04109617119790607,23.063632490980158,60,273.0,8.983126862540502,427,0.3390669196516873
3068,mixtura,packing_B,T07,largo,28,G4,8.762430365116614,0.7750672044361785,0.8722597443319312,False,455,473.8715531439152,-3.982419501384144,-0.04109617119790607,23.063632490980158,60,273.0,8.983126862540502,428,0.38207443076338665
3068,mixtura,packing_B,T07,largo,28,G4,8.762430365116614,0.7750672044361785,0.8722597443319312,False,455,473.8715531439152,-3.982419501384144,-0.04109617119790607,23.063632490980158,60,273.0,8.983126862540502,429,0.3444205603416211
3068,mixtura,packing_B,T07,largo,28,G4,8.762430365116614,0.7750672044361785,0.8722597443319312,False,455,473.8715531439152,-3.982419501384144,-0.04109617119790607,23.063632490980158,60,273.0,8.983126862540502,430,0.3855750186008804
3068,mixtura,packing_B,T07,largo,28,G4,8.762430365116614,0.7750672044361785,0.8722597443319312,False,455,473.8715531439152,-3.982419501384144,-0.04109617119790607,23.063632490980158,60,273.0,8.983126862540502,431,0.2494672622972851
3068,mixtura,packing_B,T07,largo,28,G4,8.762430365116614,0.7750672044361785,0.8722597443319312,False,455,473.8715531439152,-3.982419501384144,-0.04109617119790607,23.063632490980158,60,273.0,8.983126862540502,432,0.28293311391185666
3068,mixtura,packing_B,T07,largo,28,G4,8.762430365116614,0.7750672044361785,0.8722597443319312,False,455,473.8715531439152,-3.982419501384144,-0.04109617119790607,23.063632490980158,60,273.0,8.983126862540502,433,0.07394473880572101
3068,mixtura,packing_B,T07,largo,28,G4,8.762430365116614,0.7750672044361785,0.8722597443319312,False,455,473.8715531439152,-3.982419501384144,-0.04109617119790607,23.063632490980158,60,273.0,8.983126862540502,434,0.10471888981595359
3068,mixtura,packing_B,T07,largo,28,G4,8.762430365116614,0.7750672044361785,0.8722597443319312,False,455,473.8715531439152,-3.982419501384144,-0.04109617119790607,23.063632490980158,60,273.0,8.983126862540502,435,-0.06775025894322911
3068,mixtura,packing_B,T07,largo,28,G4,8.762430365116614,0.7750672044361785,0.8722597443319312,False,455,473.8715531439152,-3.982419501384144,-0.04109617119790607,23.063632490980158,60,273.0,8.983126862540502,436,-0.18005389304139024
3068,mixtura,packing_B,T07,largo,28,G4,8.762430365116614,0.7750672044361785,0.8722597443319312,False,455,473.8715531439152,-3.982419501384144,-0.04109617119790607,23.063632490980158,60,273.0,8.983126862540502,437,-0.23769282633199784
3068,mixtura,packing_B,T07,largo,28,G4,8.762430365116614,0.7750672044361785,0.8722597443319312,False,455,473.8715531439152,-3.982419501384144,-0.04109617119790607,23.063632490980158,60,273.0,8.983126862540502,438,-0.41367700525460843
3068,mixtura,packing_B,T07,largo,28,G4,8.762430365116614,0.7750672044361785,0.8722597443319312,False,455,473.8715531439152,-3.982419501384144,-0.04109617119790607,23.063632490980158,60,273.0,8.983126862540502,439,-0.3653511093283872
3068,mixtura,packing_B,T07,largo,28,G4,8.762430365116614,0.7750672044361785,0.8722597443319312,False,455,473.8715531439152,-3.982419501384144,-0.04109617119790607,23.063632490980158,60,273.0,8.983126862540502,440,-0.3960313997844435
3068,mixtura,packing_B,T07,largo,28,G4,8.762430365116614,0.7750672044361785,0.8722597443319312,False,455,473.8715531439152,-3.982419501384144,-0.04109617119790607,23.063632490980158,60,273.0,8.983126862540502,441,-0.329771161983068
3068,mixtura,packing_B,T07,largo,28,G4,8.762430365116614,0.7750672044361785,0.8722597443319312,False,455,473.8715531439152,-3.982419501384144,-0.04109617119790607,23.063632490980158,60,273.0,8.983126862540502,442,-0.4717231618683756
3068,mixtura,packing_B,T07,largo,28,G4,8.762430365116614,0.7750672044361785,0.8722597443319312,False,455,473.8715531439152,-3.982419501384144,-0.04109617119790607,23.063632490980158,60,273.0,8.983126862540502,443,-0.35782423639530736
3068,mixtura,packing_B,T07,largo,28,G4,8.762430365116614,0.7750672044361785,0.8722597443319312,False,455,473.8715531439152,-3.982419501384144,-0.04109617119790607,23.063632490980158,60,273.0,8.983126862540502,444,-0.4011464819166997
3068,mixtura,packing_B,T07,largo,28,G4,8.762430365116614,0.7750672044361785,0.8722597443319312,False,455,473.8715531439152,-3.982419501384144,-0.04109617119790607,23.063632490980158,60,273.0,8.983126862540502,445,-0.5444187276521237
3068,mixtura,packing_B,T07,largo,28,G4,8.762430365116614,0.7750672044361785,0.8722597443319312,False,455,473.8715531439152,-3.982419501384144,-0.04109617119790607,23.063632490980158,60,273.0,8.983126862540502,446,-0.41809234967306885
3068,mixtura,packing_B,T07,largo,28,G4,8.762430365116614,0.7750672044361785,0.8722597443319312,False,455,473.8715531439152,-3.982419501384144,-0.04109617119790607,23.063632490980158,60,273.0,8.983126862540502,447,-0.16895267320569393
3068,mixtura,packing_B,T07,largo,28,G4,8.762430365116614,0.7750672044361785,0.8722597443319312,False,455,473.8715531439152,-3.982419501384144,-0.04109617119790607,23.063632490980158,60,273.0,8.983126862540502,448,-0.20173388175668389
3068,mixtura,packing_B,T07,largo,28,G4,8.762430365116614,0.7750672044361785,0.8722597443319312,False,455,473.8715531439152,-3.982419501384144,-0.04109617119790607,23.063632490980158,60,273.0,8.983126862540502,449,-0.1754427870992204
3068,mixtura,packing_B,T07,largo,28,G4,8.762430365116614,0.7750672044361785,0.8722597443319312,False,455,473.8715531439152,-3.982419501384144,-0.04109617119790607,23.063632490980158,60,273.0,8.983126862540502,450,-0.08689468692770416
3068,mixtura,packing_B,T07,largo,28,G4,8.762430365116614,0.7750672044361785,0.8722597443319312,False,455,473.8715531439152,-3.982419501384144,-0.04109617119790607,23.063632490980158,60,273.0,8.983126862540502,451,0.1336947473687713
3068,mixtura,packing_B,T07,largo,28,G4,8.762430365116614,0.7750672044361785,0.8722597443319312,False,455,473.8715531439152,-3.982419501384144,-0.04109617119790607,23.063632490980158,60,273.0,8.983126862540502,452,0.020821129990563347
3068,mixtura,packing_B,T07,largo,28,G4,8.762430365116614,0.7750672044361785,0.8722597443319312,False,455,473.8715531439152,-3.982419501384144,-0.04109617119790607,23.063632490980158,60,273.0,8.983126862540502,453,0.19255458632587988
3068,mixtura,packing_B,T07,largo,28,G4,8.762430365116614,0.7750672044361785,0.8722597443319312,False,455,473.8715531439152,-3.982419501384144,-0.04109617119790607,23.063632490980158,60,273.0,8.983126862540502,454,0.2873517515171067
