proceso_id,epoca,packing,tunel,tipo_tunel,iteracion,mass_group,masa_ton,ocupabilidad,caudal_factor,anomalia_duracion,duracion_min,duracion_esperada_min,delta_duracion_pct,setpoint,T0,pct_transitorio,t_trans_min,overshoot_pct,tiempo_min,temperatura
330,mora,packing_A,T09,largo,10,G2,4.260648579334788,0.6458886474610187,0.9823255149804211,True,455,318.82685310906686,42.71068937984027,0.39742584277399673,23.666714147835705,60,273.0,9.07431962452215,0,23.622913265942117
330,mora,packing_A,T09,largo,10,G2,4.260648579334788,0.6458886474610187,0.9823255149804211,True,455,318.82685310906686,42.71068937984027,0.39742584277399673,23.666714147835705,60,273.0,9.07431962452215,1,23.448298200636486
330,mora,packing_A,T09,largo,10,G2,4.260648579334788,0.6458886474610187,0.9823255149804211,True,455,318.82685310906686,42.71068937984027,0.39742584277399673,23.666714147835705,60,273.0,9.07431962452215,2,23.178957592261273
330,mora,packing_A,T09,largo,10,G2,4.260648579334788,0.6458886474610187,0.9823255149804211,True,455,318.82685310906686,42.71068937984027,0.39742584277399673,23.666714147835705,60,273.0,9.07431962452215,3,23.051524243837154
330,mora,packing_A,T09,largo,10,G2,4.260648579334788,0.6458886474610187,0.9823255149804211,True,455,318.82685310906686,42.71068937984027,0.39742584277399673,23.666714147835705,60,273.0,9.07431962452215,4,22.767409659276808
330,mora,packing_A,T09,largo,10,G2,4.260648579334788,0.6458886474610187,0.9823255149804211,True,455,318.82685310906686,42.71068937984027,0.39742584277399673,23.666714147835705,60,273.0,9.07431962452215,5,22.647556786647836
330,mora,packing_A,T09,largo,10,G2,4.260648579334788,0.6458886474610187,0.9823255149804211,True,455,318.82685310906686,42.71068937984027,0.39742584277399673,23.666714147835705,60,273.0,9.07431962452215,6,22.28052882492339
330,mora,packing_A,T09,largo,10,G2,4.260648579334788,0.6458886474610187,0.9823255149804211,True,455,318.82685310906686,42.71068937984027,0.39742584277399673,23.666714147835705,60,273.0,9.07431962452215,7,22.028038805682954
330,mora,packing_A,T09,largo,10,G2,4.260648579334788,0.6458886474610187,0.9823255149804211,True,455,318.82685310906686,42.71068937984027,0.39742584277399673,23.666714147835705,60,273.0,9.07431962452215,8,21.888372035240383
330,mora,packing_A,T09,largo,10,G2,4.260648579334788,0.6458886474610187,0.9823255149804211,True,455,318.82685310906686,42.71068937984027,0.39742584277399673,23.666714147835705,60,273.0,9.07431962452215,9,21.798221901948118
330,mora,packing_A,T09,largo,10,G2,4.260648579334788,0.6458886474610187,0.9823255149804211,True,455,318.82685310906686,42.71068937984027,0.39742584277399673,23.666714147835705,60,273.0,9.07431962452215,10,21.226901108892985
330,mora,packing_A,T09,largo,10,G2,4.260648579334788,0.6458886474610187,0.9823255149804211,True,455,318.82685310906686,42.71068937984027,0.39742584277399673,23.666714147835705,60,273.0,9.07431962452215,11,21.195109107623107
330,mora,packing_A,T09,largo,10,G2,4.260648579334788,0.6458886474610187,0.9823255149804211,True,455,318.82685310906686,42.71068937984027,0.39742584277399673,23.666714147835705,60,273.0,9.07431962452215,12,20.827640395124902
330,mora,packing_A,T09,largo,10,G2,4.260648579334788,0.6458886474610187,0.9823255149804211,True,455,318.82685310906686,42.71068937984027,0.39742584277399673,23.666714147835705,60,273.0,9.07431962452215,13,20.670658815531713
330,mora,packing_A,T09,largo,10,G2,4.260648579334788,0.6458886474610187,0.9823255149804211,True,455,318.82685310906686,42.71068937984027,0.39742584277399673,23.666714147835705,60,273.0,9.07431962452215,14,20.29315894728898
330,mora,packing_A,T09,largo,10,G2,4.260648579334788,0.6458886474610187,0.9823255149804211,True,455,318.82685310906686,42.71068937984027,0.39742584277399673,23.666714147835705,60,273.0,9.07431962452215,15,20.13491386654075
330,mora,packing_A,T09,largo,10,G2,4.260648579334788,0.6458886474610187,0.9823255149804211,True,455,318.82685310906686,42.71068937984027,0.39742584277399673,23.666714147835705,60,273.0,9.07431962452215,16,19.784352962662275
330,mora,packing_A,T09,largo,10,G2,4.260648579334788,0.6458886474610187,0.9823255149804211,True,455,318.82685310906686,42.71068937984027,0.39742584277399673,23.666714147835705,60,273.0,9.07431962452215,17,19.503368102937685
330,mora,packing_A,T09,largo,10,G2,4.260648579334788,0.6458886474610187,0.9823255149804211,True,455,318.82685310906686,42.71068937984027,0.39742584277399673,23.666714147835705,60,273.0,9.07431962452215,18,19.373629634524878
330,mora,packing_A,T09,largo,10,G2,4.260648579334788,0.6458886474610187,0.9823255149804211,True,455,318.82685310906686,42.71068937984027,0.39742584277399673,23.666714147835705,60,273.0,9.07431962452215,19,18.93037862670919
330,mora,packing_A,T09,largo,10,G2,4.260648579334788,0.6458886474610187,0.9823255149804211,True,455,318.82685310906686,42.71068937984027,0.39742584277399673,23.666714147835705,60,273.0,9.07431962452215,20,18.82577118397091
330,mora,packing_A,T09,largo,10,G2,4.260648579334788,0.6458886474610187,0.9823255149804211,True,455,318.82685310906686,42.71068937984027,0.39742584277399673,23.666714147835705,60,273.0,9.07431962452215,21,18.55908998609968
330,mora,packing_A,T09,largo,10,G2,4.260648579334788,0.6458886474610187,0.9823255149804211,True,455,318.82685310906686,42.71068937984027,0.39742584277399673,23.666714147835705,60,273.0,9.07431962452215,22,18.154722841122744
330,mora,packing_A,T09,largo,10,G2,4.260648579334788,0.6458886474610187,0.9823255149804211,True,455,318.82685310906686,42.71068937984027,0.39742584277399673,23.666714147835705,60,273.0,9.07431962452215,23,18.053722347904053
330,mora,packing_A,T09,largo,10,G2,4.260648579334788,0.6458886474610187,0.9823255149804211,True,455,318.82685310906686,42.71068937984027,0.39742584277399673,23.666714147835705,60,273.0,9.07431962452215,24,17.49888965788814
330,mora,packing_A,T09,largo,10,G2,4.260648579334788,0.6458886474610187,0.9823255149804211,True,455,318.82685310906686,42.71068937984027,0.39742584277399673,23.666714147835705,60,273.0,9.07431962452215,25,17.378921891274892
330,mora,packing_A,T09,largo,10,G2,4.260648579334788,0.6458886474610187,0.9823255149804211,True,455,318.82685310906686,42.71068937984027,0.39742584277399673,23.666714147835705,60,273.0,9.07431962452215,26,17.048023702602123
330,mora,packing_A,T09,largo,10,G2,4.260648579334788,0.6458886474610187,0.9823255149804211,True,455,318.82685310906686,42.71068937984027,0.39742584277399673,23.666714147835705,60,273.0,9.07431962452215,27,16.986415145013584
330,mora,packing_A,T09,largo,10,G2,4.260648579334788,0.6458886474610187,0.9823255149804211,True,455,318.82685310906686,42.71068937984027,0.39742584277399673,23.666714147835705,60,273.0,9.07431962452215,28,16.464299377563243
330,mora,packing_A,T09,largo,10,G2,4.260648579334788,0.6458886474610187,0.9823255149804211,True,455,318.82685310906686,42.71068937984027,0.39742584277399673,23.666714147835705,60,273.0,9.07431962452215,29,16.3949837062127
330,mora,packing_A,T09,largo,10,G2,4.260648579334788,0.6458886474610187,0.9823255149804211,True,455,318.82685310906686,42.71068937984027,0.39742584277399673,23.666714147835705,60,273.0,9.07431962452215,30,15.922523553910036
330,mora,packing_A,T09,largo,10,G2,4.260648579334788,0.6458886474610187,0.9823255149804211,True,455,318.82685310906686,42.71068937984027,0.39742584277399673,23.666714147835705,60,273.0,9.07431962452215,31,15.691304414533777
330,mora,packing_A,T09,largo,10,G2,4.260648579334788,0.6458886474610187,0.9823255149804211,True,455,318.82685310906686,42.71068937984027,0.39742584277399673,23.666714147835705,60,273.0,9.07431962452215,32,15.378425682844092
330,mora,packing_A,T09,largo,10,G2,4.260648579334788,0.6458886474610187,0.9823255149804211,True,455,318.82685310906686,42.71068937984027,0.39742584277399673,23.666714147835705,60,273.0,9.07431962452215,33,15.05260652715332
330,mora,packing_A,T09,largo,10,G2,4.260648579334788,0.6458886474610187,0.9823255149804211,True,455,318.82685310906686,42.71068937984027,0.39742584277399673,23.666714147835705,60,273.0,9.07431962452215,34,14.716579066279245
330,mora,packing_A,T09,largo,10,G2,4.260648579334788,0.6458886474610187,0.9823255149804211,True,455,318.82685310906686,42.71068937984027,0.39742584277399673,23.666714147835705,60,273.0,9.07431962452215,35,14.594169118866782
330,mora,packing_A,T09,largo,10,G2,4.260648579334788,0.6458886474610187,0.9823255149804211,True,455,318.82685310906686,42.71068937984027,0.39742584277399673,23.666714147835705,60,273.0,9.07431962452215,36,14.298350837552533
330,mora,packing_A,T09,largo,10,G2,4.260648579334788,0.6458886474610187,0.9823255149804211,True,455,318.82685310906686,42.71068937984027,0.39742584277399673,23.666714147835705,60,273.0,9.07431962452215,37,13.796198036332362
330,mora,packing_A,T09,largo,10,G2,4.260648579334788,0.6458886474610187,0.9823255149804211,True,455,318.82685310906686,42.71068937984027,0.39742584277399673,23.666714147835705,60,273.0,9.07431962452215,38,13.385640281599704
330,mora,packing_A,T09,largo,10,G2,4.260648579334788,0.6458886474610187,0.9823255149804211,True,455,318.82685310906686,42.71068937984027,0.39742584277399673,23.666714147835705,60,273.0,9.07431962452215,39,13.275621772763632
330,mora,packing_A,T09,largo,10,G2,4.260648579334788,0.6458886474610187,0.9823255149804211,True,455,318.82685310906686,42.71068937984027,0.39742584277399673,23.666714147835705,60,273.0,9.07431962452215,40,12.876925540428678
330,mora,packing_A,T09,largo,10,G2,4.260648579334788,0.6458886474610187,0.9823255149804211,True,455,318.82685310906686,42.71068937984027,0.39742584277399673,23.666714147835705,60,273.0,9.07431962452215,41,12.605201523956557
330,mora,packing_A,T09,largo,10,G2,4.260648579334788,0.6458886474610187,0.9823255149804211,True,455,318.82685310906686,42.71068937984027,0.39742584277399673,23.666714147835705,60,273.0,9.07431962452215,42,12.411845543497497
330,mora,packing_A,T09,largo,10,G2,4.260648579334788,0.6458886474610187,0.9823255149804211,True,455,318.82685310906686,42.71068937984027,0.39742584277399673,23.666714147835705,60,273.0,9.07431962452215,43,12.282832225807955
330,mora,packing_A,T09,largo,10,G2,4.260648579334788,0.6458886474610187,0.9823255149804211,True,455,318.82685310906686,42.71068937984027,0.39742584277399673,23.666714147835705,60,273.0,9.07431962452215,44,11.793961354871126
330,mora,packing_A,T09,largo,10,G2,4.260648579334788,0.6458886474610187,0.9823255149804211,True,455,318.82685310906686,42.71068937984027,0.39742584277399673,23.666714147835705,60,273.0,9.07431962452215,45,11.400881406988212
330,mora,packing_A,T09,largo,10,G2,4.260648579334788,0.6458886474610187,0.9823255149804211,True,455,318.82685310906686,42.71068937984027,0.39742584277399673,23.666714147835705,60,273.0,9.07431962452215,46,11.446485212845435
330,mora,packing_A,T09,largo,10,G2,4.260648579334788,0.6458886474610187,0.9823255149804211,True,455,318.82685310906686,42.71068937984027,0.39742584277399673,23.666714147835705,60,273.0,9.07431962452215,47,10.842557480584938
330,mora,packing_A,T09,largo,10,G2,4.260648579334788,0.6458886474610187,0.9823255149804211,True,455,318.82685310906686,42.71068937984027,0.39742584277399673,23.666714147835705,60,273.0,9.07431962452215,48,10.618375928195901
330,mora,packing_A,T09,largo,10,G2,4.260648579334788,0.6458886474610187,0.9823255149804211,True,455,318.82685310906686,42.71068937984027,0.39742584277399673,23.666714147835705,60,273.0,9.07431962452215,49,10.397596796985104
330,mora,packing_A,T09,largo,10,G2,4.260648579334788,0.6458886474610187,0.9823255149804211,True,455,318.82685310906686,42.71068937984027,0.39742584277399673,23.666714147835705,60,273.0,9.07431962452215,50,10.04285768387119
330,mora,packing_A,T09,largo,10,G2,4.260648579334788,0.6458886474610187,0.9823255149804211,True,455,318.82685310906686,42.71068937984027,0.39742584277399673,23.666714147835705,60,273.0,9.07431962452215,51,9.649864143016009
330,mora,packing_A,T09,largo,10,G2,4.260648579334788,0.6458886474610187,0.9823255149804211,True,455,318.82685310906686,42.71068937984027,0.39742584277399673,23.666714147835705,60,273.0,9.07431962452215,52,9.764015567246176
330,mora,packing_A,T09,largo,10,G2,4.260648579334788,0.6458886474610187,0.9823255149804211,True,455,318.82685310906686,42.71068937984027,0.39742584277399673,23.666714147835705,60,273.0,9.07431962452215,53,9.240044308297183
330,mora,packing_A,T09,largo,10,G2,4.260648579334788,0.6458886474610187,0.9823255149804211,True,455,318.82685310906686,42.71068937984027,0.39742584277399673,23.666714147835705,60,273.0,9.07431962452215,54,8.966162884104117
330,mora,packing_A,T09,largo,10,G2,4.260648579334788,0.6458886474610187,0.9823255149804211,True,455,318.82685310906686,42.71068937984027,0.39742584277399673,23.666714147835705,60,273.0,9.07431962452215,55,8.628439627277416
330,mora,packing_A,T09,largo,10,G2,4.260648579334788,0.6458886474610187,0.9823255149804211,True,455,318.82685310906686,42.71068937984027,0.39742584277399673,23.666714147835705,60,273.0,9.07431962452215,56,8.316079713003353
330,mora,packing_A,T09,largo,10,G2,4.260648579334788,0.6458886474610187,0.9823255149804211,True,455,318.82685310906686,42.71068937984027,0.39742584277399673,23.666714147835705,60,273.0,9.07431962452215,57,8.239795282007341
330,mora,packing_A,T09,largo,10,G2,4.260648579334788,0.6458886474610187,0.9823255149804211,True,455,318.82685310906686,42.71068937984027,0.39742584277399673,23.666714147835705,60,273.0,9.07431962452215,58,7.668679098695699
330,mora,packing_A,T09,largo,10,G2,4.260648579334788,0.6458886474610187,0.9823255149804211,True,455,318.82685310906686,42.71068937984027,0.39742584277399673,23.666714147835705,60,273.0,9.07431962452215,59,7.609425411706561
330,mora,packing_A,T09,largo,10,G2,4.260648579334788,0.6458886474610187,0.9823255149804211,True,455,318.82685310906686,42.71068937984027,0.39742584277399673,23.666714147835705,60,273.0,9.07431962452215,60,7.243053481597479
330,mora,packing_A,T09,largo,10,G2,4.260648579334788,0.6458886474610187,0.9823255149804211,True,455,318.82685310906686,42.71068937984027,0.39742584277399673,23.666714147835705,60,273.0,9.07431962452215,61,7.006432819846131
330,mora,packing_A,T09,largo,10,G2,4.260648579334788,0.6458886474610187,0.9823255149804211,True,455,318.82685310906686,42.71068937984027,0.39742584277399673,23.666714147835705,60,273.0,9.07431962452215,62,6.539561231802338
330,mora,packing_A,T09,largo,10,G2,4.260648579334788,0.6458886474610187,0.9823255149804211,True,455,318.82685310906686,42.71068937984027,0.39742584277399673,23.666714147835705,60,273.0,9.07431962452215,63,6.386404597118958
330,mora,packing_A,T09,largo,10,G2,4.260648579334788,0.6458886474610187,0.9823255149804211,True,455,318.82685310906686,42.71068937984027,0.39742584277399673,23.666714147835705,60,273.0,9.07431962452215,64,6.249463137396446
330,mora,packing_A,T09,largo,10,G2,4.260648579334788,0.6458886474610187,0.9823255149804211,True,455,318.82685310906686,42.71068937984027,0.39742584277399673,23.666714147835705,60,273.0,9.07431962452215,65,5.940520246767349
330,mora,packing_A,T09,largo,10,G2,4.260648579334788,0.6458886474610187,0.9823255149804211,True,455,318.82685310906686,42.71068937984027,0.39742584277399673,23.666714147835705,60,273.0,9.07431962452215,66,5.775530183495345
330,mora,packing_A,T09,largo,10,G2,4.260648579334788,0.6458886474610187,0.9823255149804211,True,455,318.82685310906686,42.71068937984027,0.39742584277399673,23.666714147835705,60,273.0,9.07431962452215,67,5.420813441752413
330,mora,packing_A,T09,largo,10,G2,4.260648579334788,0.6458886474610187,0.9823255149804211,True,455,318.82685310906686,42.71068937984027,0.39742584277399673,23.666714147835705,60,273.0,9.07431962452215,68,5.097598251781705
330,mora,packing_A,T09,largo,10,G2,4.260648579334788,0.6458886474610187,0.9823255149804211,True,455,318.82685310906686,42.71068937984027,0.39742584277399673,23.666714147835705,60,273.0,9.07431962452215,69,4.81129883875899
330,mora,packing_A,T09,largo,10,G2,4.260648579334788,0.6458886474610187,0.9823255149804211,True,455,318.82685310906686,42.71068937984027,0.39742584277399673,23.666714147835705,60,273.0,9.07431962452215,70,4.7343405388339175
330,mora,packing_A,T09,largo,10,G2,4.260648579334788,0.6458886474610187,0.9823255149804211,True,455,318.82685310906686,42.71068937984027,0.39742584277399673,23.666714147835705,60,273.0,9.07431962452215,71,4.253374016056893
330,mora,packing_A,T09,largo,10,G2,4.260648579334788,0.6458886474610187,0.9823255149804211,True,455,318.82685310906686,42.71068937984027,0.39742584277399673,23.666714147835705,60,273.0,9.07431962452215,72,4.227463013373932
330,mora,packing_A,T09,largo,10,G2,4.260648579334788,0.6458886474610187,0.9823255149804211,True,455,318.82685310906686,42.71068937984027,0.39742584277399673,23.666714147835705,60,273.0,9.07431962452215,73,3.8813800126190827
330,mora,packing_A,T09,largo,10,G2,4.260648579334788,0.6458886474610187,0.9823255149804211,True,455,318.82685310906686,42.71068937984027,0.39742584277399673,23.666714147835705,60,273.0,9.07431962452215,74,3.624376685805988
330,mora,packing_A,T09,largo,10,G2,4.260648579334788,0.6458886474610187,0.9823255149804211,True,455,318.82685310906686,42.71068937984027,0.39742584277399673,23.666714147835705,60,273.0,9.07431962452215,75,3.375774895565123
330,mora,packing_A,T09,largo,10,G2,4.260648579334788,0.6458886474610187,0.9823255149804211,True,455,318.82685310906686,42.71068937984027,0.39742584277399673,23.666714147835705,60,273.0,9.07431962452215,76,3.2822508440091025
330,mora,packing_A,T09,largo,10,G2,4.260648579334788,0.6458886474610187,0.9823255149804211,True,455,318.82685310906686,42.71068937984027,0.39742584277399673,23.666714147835705,60,273.0,9.07431962452215,77,2.8906710768260337
330,mora,packing_A,T09,largo,10,G2,4.260648579334788,0.6458886474610187,0.9823255149804211,True,455,318.82685310906686,42.71068937984027,0.39742584277399673,23.666714147835705,60,273.0,9.07431962452215,78,2.651701694937449
330,mora,packing_A,T09,largo,10,G2,4.260648579334788,0.6458886474610187,0.9823255149804211,True,455,318.82685310906686,42.71068937984027,0.39742584277399673,23.666714147835705,60,273.0,9.07431962452215,79,2.372912243698525
330,mora,packing_A,T09,largo,10,G2,4.260648579334788,0.6458886474610187,0.9823255149804211,True,455,318.82685310906686,42.71068937984027,0.39742584277399673,23.666714147835705,60,273.0,9.07431962452215,80,2.210469721707827
330,mora,packing_A,T09,largo,10,G2,4.260648579334788,0.6458886474610187,0.9823255149804211,True,455,318.82685310906686,42.71068937984027,0.39742584277399673,23.666714147835705,60,273.0,9.07431962452215,81,2.0789925315808357
330,mora,packing_A,T09,largo,10,G2,4.260648579334788,0.6458886474610187,0.9823255149804211,True,455,318.82685310906686,42.71068937984027,0.39742584277399673,23.666714147835705,60,273.0,9.07431962452215,82,1.6122510167409634
330,mora,packing_A,T09,largo,10,G2,4.260648579334788,0.6458886474610187,0.9823255149804211,True,455,318.82685310906686,42.71068937984027,0.39742584277399673,23.666714147835705,60,273.0,9.07431962452215,83,1.5097650248015984
330,mora,packing_A,T09,largo,10,G2,4.260648579334788,0.6458886474610187,0.9823255149804211,True,455,318.82685310906686,42.71068937984027,0.39742584277399673,23.666714147835705,60,273.0,9.07431962452215,84,1.404287682025458
330,mora,packing_A,T09,largo,10,G2,4.260648579334788,0.6458886474610187,0.9823255149804211,True,455,318.82685310906686,42.71068937984027,0.39742584277399673,23.666714147835705,60,273.0,9.07431962452215,85,1.0971402122527547
330,mora,packing_A,T09,largo,10,G2,4.260648579334788,0.6458886474610187,0.9823255149804211,True,455,318.82685310906686,42.71068937984027,0.39742584277399673,23.666714147835705,60,273.0,9.07431962452215,86,0.747421181433185
330,mora,packing_A,T09,largo,10,G2,4.260648579334788,0.6458886474610187,0.9823255149804211,True,455,318.82685310906686,42.71068937984027,0.39742584277399673,23.666714147835705,60,273.0,9.07431962452215,87,0.5745516170081724
330,mora,packing_A,T09,largo,10,G2,4.260648579334788,0.6458886474610187,0.9823255149804211,True,455,318.82685310906686,42.71068937984027,0.39742584277399673,23.666714147835705,60,273.0,9.07431962452215,88,0.415160365223936
330,mora,packing_A,T09,largo,10,G2,4.260648579334788,0.6458886474610187,0.9823255149804211,True,455,318.82685310906686,42.71068937984027,0.39742584277399673,23.666714147835705,60,273.0,9.07431962452215,89,0.0885924010629057
330,mora,packing_A,T09,largo,10,G2,4.260648579334788,0.6458886474610187,0.9823255149804211,True,455,318.82685310906686,42.71068937984027,0.39742584277399673,23.666714147835705,60,273.0,9.07431962452215,90,0.028439042879774463
330,mora,packing_A,T09,largo,10,G2,4.260648579334788,0.6458886474610187,0.9823255149804211,True,455,318.82685310906686,42.71068937984027,0.39742584277399673,23.666714147835705,60,273.0,9.07431962452215,91,-0.2152123382123775
330,mora,packing_A,T09,largo,10,G2,4.260648579334788,0.6458886474610187,0.9823255149804211,True,455,318.82685310906686,42.71068937984027,0.39742584277399673,23.666714147835705,60,273.0,9.07431962452215,92,-0.30217752524569175
330,mora,packing_A,T09,largo,10,G2,4.260648579334788,0.6458886474610187,0.9823255149804211,True,455,318.82685310906686,42.71068937984027,0.39742584277399673,23.666714147835705,60,273.0,9.07431962452215,93,-0.5252051384321654
330,mora,packing_A,T09,largo,10,G2,4.260648579334788,0.6458886474610187,0.9823255149804211,True,455,318.82685310906686,42.71068937984027,0.39742584277399673,23.666714147835705,60,273.0,9.07431962452215,94,-0.8033806341620876
330,mora,packing_A,T09,largo,10,G2,4.260648579334788,0.6458886474610187,0.9823255149804211,True,455,318.82685310906686,42.71068937984027,0.39742584277399673,23.666714147835705,60,273.0,9.07431962452215,95,-0.9490610027437753
330,mora,packing_A,T09,largo,10,G2,4.260648579334788,0.6458886474610187,0.9823255149804211,True,455,318.82685310906686,42.71068937984027,0.39742584277399673,23.666714147835705,60,273.0,9.07431962452215,96,-1.213729226499711
330,mora,packing_A,T09,largo,10,G2,4.260648579334788,0.6458886474610187,0.9823255149804211,True,455,318.82685310906686,42.71068937984027,0.39742584277399673,23.666714147835705,60,273.0,9.07431962452215,97,-1.3035171765029507
330,mora,packing_A,T09,largo,10,G2,4.260648579334788,0.6458886474610187,0.9823255149804211,True,455,318.82685310906686,42.71068937984027,0.39742584277399673,23.666714147835705,60,273.0,9.07431962452215,98,-1.4064466795557287
330,mora,packing_A,T09,largo,10,G2,4.260648579334788,0.6458886474610187,0.9823255149804211,True,455,318.82685310906686,42.71068937984027,0.39742584277399673,23.666714147835705,60,273.0,9.07431962452215,99,-1.4430171518898178
330,mora,packing_A,T09,largo,10,G2,4.260648579334788,0.6458886474610187,0.9823255149804211,True,455,318.82685310906686,42.71068937984027,0.39742584277399673,23.666714147835705,60,273.0,9.07431962452215,100,-1.9045956829953397
330,mora,packing_A,T09,largo,10,G2,4.260648579334788,0.6458886474610187,0.9823255149804211,True,455,318.82685310906686,42.71068937984027,0.39742584277399673,23.666714147835705,60,273.0,9.07431962452215,101,-2.09923886288449
330,mora,packing_A,T09,largo,10,G2,4.260648579334788,0.6458886474610187,0.9823255149804211,True,455,318.82685310906686,42.71068937984027,0.39742584277399673,23.666714147835705,60,273.0,9.07431962452215,102,-2.060753873482943
330,mora,packing_A,T09,largo,10,G2,4.260648579334788,0.6458886474610187,0.9823255149804211,True,455,318.82685310906686,42.71068937984027,0.39742584277399673,23.666714147835705,60,273.0,9.07431962452215,103,-2.310780349791794
330,mora,packing_A,T09,largo,10,G2,4.260648579334788,0.6458886474610187,0.9823255149804211,True,455,318.82685310906686,42.71068937984027,0.39742584277399673,23.666714147835705,60,273.0,9.07431962452215,104,-2.474385030192624
330,mora,packing_A,T09,largo,10,G2,4.260648579334788,0.6458886474610187,0.9823255149804211,True,455,318.82685310906686,42.71068937984027,0.39742584277399673,23.666714147835705,60,273.0,9.07431962452215,105,-2.6686954034164048
330,mora,packing_A,T09,largo,10,G2,4.260648579334788,0.6458886474610187,0.9823255149804211,True,455,318.82685310906686,42.71068937984027,0.39742584277399673,23.666714147835705,60,273.0,9.07431962452215,106,-2.8222315644053237
330,mora,packing_A,T09,largo,10,G2,4.260648579334788,0.6458886474610187,0.9823255149804211,True,455,318.82685310906686,42.71068937984027,0.39742584277399673,23.666714147835705,60,273.0,9.07431962452215,107,-3.109696327408177
330,mora,packing_A,T09,largo,10,G2,4.260648579334788,0.6458886474610187,0.9823255149804211,True,455,318.82685310906686,42.71068937984027,0.39742584277399673,23.666714147835705,60,273.0,9.07431962452215,108,-3.207916483038458
330,mora,packing_A,T09,largo,10,G2,4.260648579334788,0.6458886474610187,0.9823255149804211,True,455,318.82685310906686,42.71068937984027,0.39742584277399673,23.666714147835705,60,273.0,9.07431962452215,109,-3.1190015633135304
330,mora,packing_A,T09,largo,10,G2,4.260648579334788,0.6458886474610187,0.9823255149804211,True,455,318.82685310906686,42.71068937984027,0.39742584277399673,23.666714147835705,60,273.0,9.07431962452215,110,-3.3157793204283514
330,mora,packing_A,T09,largo,10,G2,4.260648579334788,0.6458886474610187,0.9823255149804211,True,455,318.82685310906686,42.71068937984027,0.39742584277399673,23.666714147835705,60,273.0,9.07431962452215,111,-3.2366380473382357
330,mora,packing_A,T09,largo,10,G2,4.260648579334788,0.6458886474610187,0.9823255149804211,True,455,318.82685310906686,42.71068937984027,0.39742584277399673,23.666714147835705,60,273.0,9.07431962452215,112,-3.6596775571921953
330,mora,packing_A,T09,largo,10,G2,4.260648579334788,0.6458886474610187,0.9823255149804211,True,455,318.82685310906686,42.71068937984027,0.39742584277399673,23.666714147835705,60,273.0,9.07431962452215,113,-3.80615265147878
330,mora,packing_A,T09,largo,10,G2,4.260648579334788,0.6458886474610187,0.9823255149804211,True,455,318.82685310906686,42.71068937984027,0.39742584277399673,23.666714147835705,60,273.0,9.07431962452215,114,-3.908047194845903
330,mora,packing_A,T09,largo,10,G2,4.260648579334788,0.6458886474610187,0.9823255149804211,True,455,318.82685310906686,42.71068937984027,0.39742584277399673,23.666714147835705,60,273.0,9.07431962452215,115,-3.95443488114408
330,mora,packing_A,T09,largo,10,G2,4.260648579334788,0.6458886474610187,0.9823255149804211,True,455,318.82685310906686,42.71068937984027,0.39742584277399673,23.666714147835705,60,273.0,9.07431962452215,116,-3.965968600064983
330,mora,packing_A,T09,largo,10,G2,4.260648579334788,0.6458886474610187,0.9823255149804211,True,455,318.82685310906686,42.71068937984027,0.39742584277399673,23.666714147835705,60,273.0,9.07431962452215,117,-4.354820417879383
330,mora,packing_A,T09,largo,10,G2,4.260648579334788,0.6458886474610187,0.9823255149804211,True,455,318.82685310906686,42.71068937984027,0.39742584277399673,23.666714147835705,60,273.0,9.07431962452215,118,-4.270777407135976
330,mora,packing_A,T09,largo,10,G2,4.260648579334788,0.6458886474610187,0.9823255149804211,True,455,318.82685310906686,42.71068937984027,0.39742584277399673,23.666714147835705,60,273.0,9.07431962452215,119,-4.51079637050767
330,mora,packing_A,T09,largo,10,G2,4.260648579334788,0.6458886474610187,0.9823255149804211,True,455,318.82685310906686,42.71068937984027,0.39742584277399673,23.666714147835705,60,273.0,9.07431962452215,120,-4.583866559277999
330,mora,packing_A,T09,largo,10,G2,4.260648579334788,0.6458886474610187,0.9823255149804211,True,455,318.82685310906686,42.71068937984027,0.39742584277399673,23.666714147835705,60,273.0,9.07431962452215,121,-4.545451723546169
330,mora,packing_A,T09,largo,10,G2,4.260648579334788,0.6458886474610187,0.9823255149804211,True,455,318.82685310906686,42.71068937984027,0.39742584277399673,23.666714147835705,60,273.0,9.07431962452215,122,-4.717166129701882
330,mora,packing_A,T09,largo,10,G2,4.260648579334788,0.6458886474610187,0.9823255149804211,True,455,318.82685310906686,42.71068937984027,0.39742584277399673,23.666714147835705,60,273.0,9.07431962452215,123,-4.940605306929002
330,mora,packing_A,T09,largo,10,G2,4.260648579334788,0.6458886474610187,0.9823255149804211,True,455,318.82685310906686,42.71068937984027,0.39742584277399673,23.666714147835705,60,273.0,9.07431962452215,124,-4.9477480416067845
330,mora,packing_A,T09,largo,10,G2,4.260648579334788,0.6458886474610187,0.9823255149804211,True,455,318.82685310906686,42.71068937984027,0.39742584277399673,23.666714147835705,60,273.0,9.07431962452215,125,-5.0044149464252445
330,mora,packing_A,T09,largo,10,G2,4.260648579334788,0.6458886474610187,0.9823255149804211,True,455,318.82685310906686,42.71068937984027,0.39742584277399673,23.666714147835705,60,273.0,9.07431962452215,126,-5.1450312370430105
330,mora,packing_A,T09,largo,10,G2,4.260648579334788,0.6458886474610187,0.9823255149804211,True,455,318.82685310906686,42.71068937984027,0.39742584277399673,23.666714147835705,60,273.0,9.07431962452215,127,-5.16429386677795
330,mora,packing_A,T09,largo,10,G2,4.260648579334788,0.6458886474610187,0.9823255149804211,True,455,318.82685310906686,42.71068937984027,0.39742584277399673,23.666714147835705,60,273.0,9.07431962452215,128,-5.192059701159822
330,mora,packing_A,T09,largo,10,G2,4.260648579334788,0.6458886474610187,0.9823255149804211,True,455,318.82685310906686,42.71068937984027,0.39742584277399673,23.666714147835705,60,273.0,9.07431962452215,129,-5.328834198077991
330,mora,packing_A,T09,largo,10,G2,4.260648579334788,0.6458886474610187,0.9823255149804211,True,455,318.82685310906686,42.71068937984027,0.39742584277399673,23.666714147835705,60,273.0,9.07431962452215,130,-5.422175438347647
330,mora,packing_A,T09,largo,10,G2,4.260648579334788,0.6458886474610187,0.9823255149804211,True,455,318.82685310906686,42.71068937984027,0.39742584277399673,23.666714147835705,60,273.0,9.07431962452215,131,-5.331784075623374
330,mora,packing_A,T09,largo,10,G2,4.260648579334788,0.6458886474610187,0.9823255149804211,True,455,318.82685310906686,42.71068937984027,0.39742584277399673,23.666714147835705,60,273.0,9.07431962452215,132,-5.5617115020016445
330,mora,packing_A,T09,largo,10,G2,4.260648579334788,0.6458886474610187,0.9823255149804211,True,455,318.82685310906686,42.71068937984027,0.39742584277399673,23.666714147835705,60,273.0,9.07431962452215,133,-5.767790665880991
330,mora,packing_A,T09,largo,10,G2,4.260648579334788,0.6458886474610187,0.9823255149804211,True,455,318.82685310906686,42.71068937984027,0.39742584277399673,23.666714147835705,60,273.0,9.07431962452215,134,-5.734733287034841
330,mora,packing_A,T09,largo,10,G2,4.260648579334788,0.6458886474610187,0.9823255149804211,True,455,318.82685310906686,42.71068937984027,0.39742584277399673,23.666714147835705,60,273.0,9.07431962452215,135,-5.832076516458636
330,mora,packing_A,T09,largo,10,G2,4.260648579334788,0.6458886474610187,0.9823255149804211,True,455,318.82685310906686,42.71068937984027,0.39742584277399673,23.666714147835705,60,273.0,9.07431962452215,136,-5.921796469258129
330,mora,packing_A,T09,largo,10,G2,4.260648579334788,0.6458886474610187,0.9823255149804211,True,455,318.82685310906686,42.71068937984027,0.39742584277399673,23.666714147835705,60,273.0,9.07431962452215,137,-5.99843273118854
330,mora,packing_A,T09,largo,10,G2,4.260648579334788,0.6458886474610187,0.9823255149804211,True,455,318.82685310906686,42.71068937984027,0.39742584277399673,23.666714147835705,60,273.0,9.07431962452215,138,-6.07727105284044
330,mora,packing_A,T09,largo,10,G2,4.260648579334788,0.6458886474610187,0.9823255149804211,True,455,318.82685310906686,42.71068937984027,0.39742584277399673,23.666714147835705,60,273.0,9.07431962452215,139,-5.985547773925495
330,mora,packing_A,T09,largo,10,G2,4.260648579334788,0.6458886474610187,0.9823255149804211,True,455,318.82685310906686,42.71068937984027,0.39742584277399673,23.666714147835705,60,273.0,9.07431962452215,140,-5.965560990132276
330,mora,packing_A,T09,largo,10,G2,4.260648579334788,0.6458886474610187,0.9823255149804211,True,455,318.82685310906686,42.71068937984027,0.39742584277399673,23.666714147835705,60,273.0,9.07431962452215,141,-5.971430075827647
330,mora,packing_A,T09,largo,10,G2,4.260648579334788,0.6458886474610187,0.9823255149804211,True,455,318.82685310906686,42.71068937984027,0.39742584277399673,23.666714147835705,60,273.0,9.07431962452215,142,-5.9922084370434145
330,mora,packing_A,T09,largo,10,G2,4.260648579334788,0.6458886474610187,0.9823255149804211,True,455,318.82685310906686,42.71068937984027,0.39742584277399673,23.666714147835705,60,273.0,9.07431962452215,143,-6.119197045695566
330,mora,packing_A,T09,largo,10,G2,4.260648579334788,0.6458886474610187,0.9823255149804211,True,455,318.82685310906686,42.71068937984027,0.39742584277399673,23.666714147835705,60,273.0,9.07431962452215,144,-6.1637696802107484
330,mora,packing_A,T09,largo,10,G2,4.260648579334788,0.6458886474610187,0.9823255149804211,True,455,318.82685310906686,42.71068937984027,0.39742584277399673,23.666714147835705,60,273.0,9.07431962452215,145,-6.082059252727294
330,mora,packing_A,T09,largo,10,G2,4.260648579334788,0.6458886474610187,0.9823255149804211,True,455,318.82685310906686,42.71068937984027,0.39742584277399673,23.666714147835705,60,273.0,9.07431962452215,146,-6.240688400870878
330,mora,packing_A,T09,largo,10,G2,4.260648579334788,0.6458886474610187,0.9823255149804211,True,455,318.82685310906686,42.71068937984027,0.39742584277399673,23.666714147835705,60,273.0,9.07431962452215,147,-6.298648781558075
330,mora,packing_A,T09,largo,10,G2,4.260648579334788,0.6458886474610187,0.9823255149804211,True,455,318.82685310906686,42.71068937984027,0.39742584277399673,23.666714147835705,60,273.0,9.07431962452215,148,-6.345861512703188
330,mora,packing_A,T09,largo,10,G2,4.260648579334788,0.6458886474610187,0.9823255149804211,True,455,318.82685310906686,42.71068937984027,0.39742584277399673,23.666714147835705,60,273.0,9.07431962452215,149,-6.258390202930035
330,mora,packing_A,T09,largo,10,G2,4.260648579334788,0.6458886474610187,0.9823255149804211,True,455,318.82685310906686,42.71068937984027,0.39742584277399673,23.666714147835705,60,273.0,9.07431962452215,150,-6.209813817026761
330,mora,packing_A,T09,largo,10,G2,4.260648579334788,0.6458886474610187,0.9823255149804211,True,455,318.82685310906686,42.71068937984027,0.39742584277399673,23.666714147835705,60,273.0,9.07431962452215,151,-6.281123475627446
330,mora,packing_A,T09,largo,10,G2,4.260648579334788,0.6458886474610187,0.9823255149804211,True,455,318.82685310906686,42.71068937984027,0.39742584277399673,23.666714147835705,60,273.0,9.07431962452215,152,-6.304684707861463
330,mora,packing_A,T09,largo,10,G2,4.260648579334788,0.6458886474610187,0.9823255149804211,True,455,318.82685310906686,42.71068937984027,0.39742584277399673,23.666714147835705,60,273.0,9.07431962452215,153,-6.417697535439359
330,mora,packing_A,T09,largo,10,G2,4.260648579334788,0.6458886474610187,0.9823255149804211,True,455,318.82685310906686,42.71068937984027,0.39742584277399673,23.666714147835705,60,273.0,9.07431962452215,154,-6.279613728659322
330,mora,packing_A,T09,largo,10,G2,4.260648579334788,0.6458886474610187,0.9823255149804211,True,455,318.82685310906686,42.71068937984027,0.39742584277399673,23.666714147835705,60,273.0,9.07431962452215,155,-6.401050514165459
330,mora,packing_A,T09,largo,10,G2,4.260648579334788,0.6458886474610187,0.9823255149804211,True,455,318.82685310906686,42.71068937984027,0.39742584277399673,23.666714147835705,60,273.0,9.07431962452215,156,-6.37146067105685
330,mora,packing_A,T09,largo,10,G2,4.260648579334788,0.6458886474610187,0.9823255149804211,True,455,318.82685310906686,42.71068937984027,0.39742584277399673,23.666714147835705,60,273.0,9.07431962452215,157,-6.38199773291405
330,mora,packing_A,T09,largo,10,G2,4.260648579334788,0.6458886474610187,0.9823255149804211,True,455,318.82685310906686,42.71068937984027,0.39742584277399673,23.666714147835705,60,273.0,9.07431962452215,158,-6.2727096891767555
330,mora,packing_A,T09,largo,10,G2,4.260648579334788,0.6458886474610187,0.9823255149804211,True,455,318.82685310906686,42.71068937984027,0.39742584277399673,23.666714147835705,60,273.0,9.07431962452215,159,-6.304017130368838
330,mora,packing_A,T09,largo,10,G2,4.260648579334788,0.6458886474610187,0.9823255149804211,True,455,318.82685310906686,42.71068937984027,0.39742584277399673,23.666714147835705,60,273.0,9.07431962452215,160,-6.32242080682901
330,mora,packing_A,T09,largo,10,G2,4.260648579334788,0.6458886474610187,0.9823255149804211,True,455,318.82685310906686,42.71068937984027,0.39742584277399673,23.666714147835705,60,273.0,9.07431962452215,161,-6.192315879648957
330,mora,packing_A,T09,largo,10,G2,4.260648579334788,0.6458886474610187,0.9823255149804211,True,455,318.82685310906686,42.71068937984027,0.39742584277399673,23.666714147835705,60,273.0,9.07431962452215,162,-6.392180613548822
330,mora,packing_A,T09,largo,10,G2,4.260648579334788,0.6458886474610187,0.9823255149804211,True,455,318.82685310906686,42.71068937984027,0.39742584277399673,23.666714147835705,60,273.0,9.07431962452215,163,-6.44300968719534
330,mora,packing_A,T09,largo,10,G2,4.260648579334788,0.6458886474610187,0.9823255149804211,True,455,318.82685310906686,42.71068937984027,0.39742584277399673,23.666714147835705,60,273.0,9.07431962452215,164,-6.389058174170063
330,mora,packing_A,T09,largo,10,G2,4.260648579334788,0.6458886474610187,0.9823255149804211,True,455,318.82685310906686,42.71068937984027,0.39742584277399673,23.666714147835705,60,273.0,9.07431962452215,165,-6.369124963436237
330,mora,packing_A,T09,largo,10,G2,4.260648579334788,0.6458886474610187,0.9823255149804211,True,455,318.82685310906686,42.71068937984027,0.39742584277399673,23.666714147835705,60,273.0,9.07431962452215,166,-6.4144745707669735
330,mora,packing_A,T09,largo,10,G2,4.260648579334788,0.6458886474610187,0.9823255149804211,True,455,318.82685310906686,42.71068937984027,0.39742584277399673,23.666714147835705,60,273.0,9.07431962452215,167,-6.337126520754194
330,mora,packing_A,T09,largo,10,G2,4.260648579334788,0.6458886474610187,0.9823255149804211,True,455,318.82685310906686,42.71068937984027,0.39742584277399673,23.666714147835705,60,273.0,9.07431962452215,168,-6.233711243207948
330,mora,packing_A,T09,largo,10,G2,4.260648579334788,0.6458886474610187,0.9823255149804211,True,455,318.82685310906686,42.71068937984027,0.39742584277399673,23.666714147835705,60,273.0,9.07431962452215,169,-6.243394618859895
330,mora,packing_A,T09,largo,10,G2,4.260648579334788,0.6458886474610187,0.9823255149804211,True,455,318.82685310906686,42.71068937984027,0.39742584277399673,23.666714147835705,60,273.0,9.07431962452215,170,-6.196107320118584
330,mora,packing_A,T09,largo,10,G2,4.260648579334788,0.6458886474610187,0.9823255149804211,True,455,318.82685310906686,42.71068937984027,0.39742584277399673,23.666714147835705,60,273.0,9.07431962452215,171,-6.219252949977171
330,mora,packing_A,T09,largo,10,G2,4.260648579334788,0.6458886474610187,0.9823255149804211,True,455,318.82685310906686,42.71068937984027,0.39742584277399673,23.666714147835705,60,273.0,9.07431962452215,172,-6.264585233226533
330,mora,packing_A,T09,largo,10,G2,4.260648579334788,0.6458886474610187,0.9823255149804211,True,455,318.82685310906686,42.71068937984027,0.39742584277399673,23.666714147835705,60,273.0,9.07431962452215,173,-6.0416531881329
330,mora,packing_A,T09,largo,10,G2,4.260648579334788,0.6458886474610187,0.9823255149804211,True,455,318.82685310906686,42.71068937984027,0.39742584277399673,23.666714147835705,60,273.0,9.07431962452215,174,-6.1619437433013
330,mora,packing_A,T09,largo,10,G2,4.260648579334788,0.6458886474610187,0.9823255149804211,True,455,318.82685310906686,42.71068937984027,0.39742584277399673,23.666714147835705,60,273.0,9.07431962452215,175,-6.107426366414603
330,mora,packing_A,T09,largo,10,G2,4.260648579334788,0.6458886474610187,0.9823255149804211,True,455,318.82685310906686,42.71068937984027,0.39742584277399673,23.666714147835705,60,273.0,9.07431962452215,176,-5.996832328821495
330,mora,packing_A,T09,largo,10,G2,4.260648579334788,0.6458886474610187,0.9823255149804211,True,455,318.82685310906686,42.71068937984027,0.39742584277399673,23.666714147835705,60,273.0,9.07431962452215,177,-6.031316220619415
330,mora,packing_A,T09,largo,10,G2,4.260648579334788,0.6458886474610187,0.9823255149804211,True,455,318.82685310906686,42.71068937984027,0.39742584277399673,23.666714147835705,60,273.0,9.07431962452215,178,-5.993964270435984
330,mora,packing_A,T09,largo,10,G2,4.260648579334788,0.6458886474610187,0.9823255149804211,True,455,318.82685310906686,42.71068937984027,0.39742584277399673,23.666714147835705,60,273.0,9.07431962452215,179,-5.880789189412827
330,mora,packing_A,T09,largo,10,G2,4.260648579334788,0.6458886474610187,0.9823255149804211,True,455,318.82685310906686,42.71068937984027,0.39742584277399673,23.666714147835705,60,273.0,9.07431962452215,180,-5.814137228119991
330,mora,packing_A,T09,largo,10,G2,4.260648579334788,0.6458886474610187,0.9823255149804211,True,455,318.82685310906686,42.71068937984027,0.39742584277399673,23.666714147835705,60,273.0,9.07431962452215,181,-5.694345849938462
330,mora,packing_A,T09,largo,10,G2,4.260648579334788,0.6458886474610187,0.9823255149804211,True,455,318.82685310906686,42.71068937984027,0.39742584277399673,23.666714147835705,60,273.0,9.07431962452215,182,-5.780411379063391
330,mora,packing_A,T09,largo,10,G2,4.260648579334788,0.6458886474610187,0.9823255149804211,True,455,318.82685310906686,42.71068937984027,0.39742584277399673,23.666714147835705,60,273.0,9.07431962452215,183,-5.553945575826957
330,mora,packing_A,T09,largo,10,G2,4.260648579334788,0.6458886474610187,0.9823255149804211,True,455,318.82685310906686,42.71068937984027,0.39742584277399673,23.666714147835705,60,273.0,9.07431962452215,184,-5.625977961278715
330,mora,packing_A,T09,largo,10,G2,4.260648579334788,0.6458886474610187,0.9823255149804211,True,455,318.82685310906686,42.71068937984027,0.39742584277399673,23.666714147835705,60,273.0,9.07431962452215,185,-5.672057506247978
330,mora,packing_A,T09,largo,10,G2,4.260648579334788,0.6458886474610187,0.9823255149804211,True,455,318.82685310906686,42.71068937984027,0.39742584277399673,23.666714147835705,60,273.0,9.07431962452215,186,-5.538887353129498
330,mora,packing_A,T09,largo,10,G2,4.260648579334788,0.6458886474610187,0.9823255149804211,True,455,318.82685310906686,42.71068937984027,0.39742584277399673,23.666714147835705,60,273.0,9.07431962452215,187,-5.48903942587227
330,mora,packing_A,T09,largo,10,G2,4.260648579334788,0.6458886474610187,0.9823255149804211,True,455,318.82685310906686,42.71068937984027,0.39742584277399673,23.666714147835705,60,273.0,9.07431962452215,188,-5.4838502065227015
330,mora,packing_A,T09,largo,10,G2,4.260648579334788,0.6458886474610187,0.9823255149804211,True,455,318.82685310906686,42.71068937984027,0.39742584277399673,23.666714147835705,60,273.0,9.07431962452215,189,-5.374581746796441
330,mora,packing_A,T09,largo,10,G2,4.260648579334788,0.6458886474610187,0.9823255149804211,True,455,318.82685310906686,42.71068937984027,0.39742584277399673,23.666714147835705,60,273.0,9.07431962452215,190,-5.314991857943021
330,mora,packing_A,T09,largo,10,G2,4.260648579334788,0.6458886474610187,0.9823255149804211,True,455,318.82685310906686,42.71068937984027,0.39742584277399673,23.666714147835705,60,273.0,9.07431962452215,191,-5.231738932239418
330,mora,packing_A,T09,largo,10,G2,4.260648579334788,0.6458886474610187,0.9823255149804211,True,455,318.82685310906686,42.71068937984027,0.39742584277399673,23.666714147835705,60,273.0,9.07431962452215,192,-5.089961427819102
330,mora,packing_A,T09,largo,10,G2,4.260648579334788,0.6458886474610187,0.9823255149804211,True,455,318.82685310906686,42.71068937984027,0.39742584277399673,23.666714147835705,60,273.0,9.07431962452215,193,-5.2992804115284295
330,mora,packing_A,T09,largo,10,G2,4.260648579334788,0.6458886474610187,0.9823255149804211,True,455,318.82685310906686,42.71068937984027,0.39742584277399673,23.666714147835705,60,273.0,9.07431962452215,194,-5.239643118150477
330,mora,packing_A,T09,largo,10,G2,4.260648579334788,0.6458886474610187,0.9823255149804211,True,455,318.82685310906686,42.71068937984027,0.39742584277399673,23.666714147835705,60,273.0,9.07431962452215,195,-5.161536453274286
330,mora,packing_A,T09,largo,10,G2,4.260648579334788,0.6458886474610187,0.9823255149804211,True,455,318.82685310906686,42.71068937984027,0.39742584277399673,23.666714147835705,60,273.0,9.07431962452215,196,-4.962702099708967
330,mora,packing_A,T09,largo,10,G2,4.260648579334788,0.6458886474610187,0.9823255149804211,True,455,318.82685310906686,42.71068937984027,0.39742584277399673,23.666714147835705,60,273.0,9.07431962452215,197,-4.960975324860593
330,mora,packing_A,T09,largo,10,G2,4.260648579334788,0.6458886474610187,0.9823255149804211,True,455,318.82685310906686,42.71068937984027,0.39742584277399673,23.666714147835705,60,273.0,9.07431962452215,198,-5.064453776642919
330,mora,packing_A,T09,largo,10,G2,4.260648579334788,0.6458886474610187,0.9823255149804211,True,455,318.82685310906686,42.71068937984027,0.39742584277399673,23.666714147835705,60,273.0,9.07431962452215,199,-4.806823237512647
330,mora,packing_A,T09,largo,10,G2,4.260648579334788,0.6458886474610187,0.9823255149804211,True,455,318.82685310906686,42.71068937984027,0.39742584277399673,23.666714147835705,60,273.0,9.07431962452215,200,-4.8425980632903
330,mora,packing_A,T09,largo,10,G2,4.260648579334788,0.6458886474610187,0.9823255149804211,True,455,318.82685310906686,42.71068937984027,0.39742584277399673,23.666714147835705,60,273.0,9.07431962452215,201,-4.6159603655503005
330,mora,packing_A,T09,largo,10,G2,4.260648579334788,0.6458886474610187,0.9823255149804211,True,455,318.82685310906686,42.71068937984027,0.39742584277399673,23.666714147835705,60,273.0,9.07431962452215,202,-4.632587001263598
330,mora,packing_A,T09,largo,10,G2,4.260648579334788,0.6458886474610187,0.9823255149804211,True,455,318.82685310906686,42.71068937984027,0.39742584277399673,23.666714147835705,60,273.0,9.07431962452215,203,-4.451580875028193
330,mora,packing_A,T09,largo,10,G2,4.260648579334788,0.6458886474610187,0.9823255149804211,True,455,318.82685310906686,42.71068937984027,0.39742584277399673,23.666714147835705,60,273.0,9.07431962452215,204,-4.438003354258543
330,mora,packing_A,T09,largo,10,G2,4.260648579334788,0.6458886474610187,0.9823255149804211,True,455,318.82685310906686,42.71068937984027,0.39742584277399673,23.666714147835705,60,273.0,9.07431962452215,205,-4.309077653384677
330,mora,packing_A,T09,largo,10,G2,4.260648579334788,0.6458886474610187,0.9823255149804211,True,455,318.82685310906686,42.71068937984027,0.39742584277399673,23.666714147835705,60,273.0,9.07431962452215,206,-4.295378577902642
330,mora,packing_A,T09,largo,10,G2,4.260648579334788,0.6458886474610187,0.9823255149804211,True,455,318.82685310906686,42.71068937984027,0.39742584277399673,23.666714147835705,60,273.0,9.07431962452215,207,-4.144131643103771
330,mora,packing_A,T09,largo,10,G2,4.260648579334788,0.6458886474610187,0.9823255149804211,True,455,318.82685310906686,42.71068937984027,0.39742584277399673,23.666714147835705,60,273.0,9.07431962452215,208,-4.210524761215365
330,mora,packing_A,T09,largo,10,G2,4.260648579334788,0.6458886474610187,0.9823255149804211,True,455,318.82685310906686,42.71068937984027,0.39742584277399673,23.666714147835705,60,273.0,9.07431962452215,209,-4.076496179022497
330,mora,packing_A,T09,largo,10,G2,4.260648579334788,0.6458886474610187,0.9823255149804211,True,455,318.82685310906686,42.71068937984027,0.39742584277399673,23.666714147835705,60,273.0,9.07431962452215,210,-3.978796880713383
330,mora,packing_A,T09,largo,10,G2,4.260648579334788,0.6458886474610187,0.9823255149804211,True,455,318.82685310906686,42.71068937984027,0.39742584277399673,23.666714147835705,60,273.0,9.07431962452215,211,-4.007768346829795
330,mora,packing_A,T09,largo,10,G2,4.260648579334788,0.6458886474610187,0.9823255149804211,True,455,318.82685310906686,42.71068937984027,0.39742584277399673,23.666714147835705,60,273.0,9.07431962452215,212,-3.972464136927645
330,mora,packing_A,T09,largo,10,G2,4.260648579334788,0.6458886474610187,0.9823255149804211,True,455,318.82685310906686,42.71068937984027,0.39742584277399673,23.666714147835705,60,273.0,9.07431962452215,213,-3.8276703811994293
330,mora,packing_A,T09,largo,10,G2,4.260648579334788,0.6458886474610187,0.9823255149804211,True,455,318.82685310906686,42.71068937984027,0.39742584277399673,23.666714147835705,60,273.0,9.07431962452215,214,-3.7903812263170744
330,mora,packing_A,T09,largo,10,G2,4.260648579334788,0.6458886474610187,0.9823255149804211,True,455,318.82685310906686,42.71068937984027,0.39742584277399673,23.666714147835705,60,273.0,9.07431962452215,215,-3.7653471068715105
330,mora,packing_A,T09,largo,10,G2,4.260648579334788,0.6458886474610187,0.9823255149804211,True,455,318.82685310906686,42.71068937984027,0.39742584277399673,23.666714147835705,60,273.0,9.07431962452215,216,-3.552193543183155
330,mora,packing_A,T09,largo,10,G2,4.260648579334788,0.6458886474610187,0.9823255149804211,True,455,318.82685310906686,42.71068937984027,0.39742584277399673,23.666714147835705,60,273.0,9.07431962452215,217,-3.5793841977154135
330,mora,packing_A,T09,largo,10,G2,4.260648579334788,0.6458886474610187,0.9823255149804211,True,455,318.82685310906686,42.71068937984027,0.39742584277399673,23.666714147835705,60,273.0,9.07431962452215,218,-3.4083333368285396
330,mora,packing_A,T09,largo,10,G2,4.260648579334788,0.6458886474610187,0.9823255149804211,True,455,318.82685310906686,42.71068937984027,0.39742584277399673,23.666714147835705,60,273.0,9.07431962452215,219,-3.340488370931946
330,mora,packing_A,T09,largo,10,G2,4.260648579334788,0.6458886474610187,0.9823255149804211,True,455,318.82685310906686,42.71068937984027,0.39742584277399673,23.666714147835705,60,273.0,9.07431962452215,220,-3.0510094914385015
330,mora,packing_A,T09,largo,10,G2,4.260648579334788,0.6458886474610187,0.9823255149804211,True,455,318.82685310906686,42.71068937984027,0.39742584277399673,23.666714147835705,60,273.0,9.07431962452215,221,-3.249455396262389
330,mora,packing_A,T09,largo,10,G2,4.260648579334788,0.6458886474610187,0.9823255149804211,True,455,318.82685310906686,42.71068937984027,0.39742584277399673,23.666714147835705,60,273.0,9.07431962452215,222,-3.307738117763009
330,mora,packing_A,T09,largo,10,G2,4.260648579334788,0.6458886474610187,0.9823255149804211,True,455,318.82685310906686,42.71068937984027,0.39742584277399673,23.666714147835705,60,273.0,9.07431962452215,223,-3.284120565665299
330,mora,packing_A,T09,largo,10,G2,4.260648579334788,0.6458886474610187,0.9823255149804211,True,455,318.82685310906686,42.71068937984027,0.39742584277399673,23.666714147835705,60,273.0,9.07431962452215,224,-3.121032993826598
330,mora,packing_A,T09,largo,10,G2,4.260648579334788,0.6458886474610187,0.9823255149804211,True,455,318.82685310906686,42.71068937984027,0.39742584277399673,23.666714147835705,60,273.0,9.07431962452215,225,-2.9639139294982333
330,mora,packing_A,T09,largo,10,G2,4.260648579334788,0.6458886474610187,0.9823255149804211,True,455,318.82685310906686,42.71068937984027,0.39742584277399673,23.666714147835705,60,273.0,9.07431962452215,226,-2.802175604924072
330,mora,packing_A,T09,largo,10,G2,4.260648579334788,0.6458886474610187,0.9823255149804211,True,455,318.82685310906686,42.71068937984027,0.39742584277399673,23.666714147835705,60,273.0,9.07431962452215,227,-2.990498035562781
330,mora,packing_A,T09,largo,10,G2,4.260648579334788,0.6458886474610187,0.9823255149804211,True,455,318.82685310906686,42.71068937984027,0.39742584277399673,23.666714147835705,60,273.0,9.07431962452215,228,-2.662944636522839
330,mora,packing_A,T09,largo,10,G2,4.260648579334788,0.6458886474610187,0.9823255149804211,True,455,318.82685310906686,42.71068937984027,0.39742584277399673,23.666714147835705,60,273.0,9.07431962452215,229,-2.647318144243701
330,mora,packing_A,T09,largo,10,G2,4.260648579334788,0.6458886474610187,0.9823255149804211,True,455,318.82685310906686,42.71068937984027,0.39742584277399673,23.666714147835705,60,273.0,9.07431962452215,230,-2.5368410052261963
330,mora,packing_A,T09,largo,10,G2,4.260648579334788,0.6458886474610187,0.9823255149804211,True,455,318.82685310906686,42.71068937984027,0.39742584277399673,23.666714147835705,60,273.0,9.07431962452215,231,-2.4975192002783295
330,mora,packing_A,T09,largo,10,G2,4.260648579334788,0.6458886474610187,0.9823255149804211,True,455,318.82685310906686,42.71068937984027,0.39742584277399673,23.666714147835705,60,273.0,9.07431962452215,232,-2.5005081078019886
330,mora,packing_A,T09,largo,10,G2,4.260648579334788,0.6458886474610187,0.9823255149804211,True,455,318.82685310906686,42.71068937984027,0.39742584277399673,23.666714147835705,60,273.0,9.07431962452215,233,-2.463220029281211
330,mora,packing_A,T09,largo,10,G2,4.260648579334788,0.6458886474610187,0.9823255149804211,True,455,318.82685310906686,42.71068937984027,0.39742584277399673,23.666714147835705,60,273.0,9.07431962452215,234,-2.2866629058837247
330,mora,packing_A,T09,largo,10,G2,4.260648579334788,0.6458886474610187,0.9823255149804211,True,455,318.82685310906686,42.71068937984027,0.39742584277399673,23.666714147835705,60,273.0,9.07431962452215,235,-1.983454394254544
330,mora,packing_A,T09,largo,10,G2,4.260648579334788,0.6458886474610187,0.9823255149804211,True,455,318.82685310906686,42.71068937984027,0.39742584277399673,23.666714147835705,60,273.0,9.07431962452215,236,-2.1763048337059785
330,mora,packing_A,T09,largo,10,G2,4.260648579334788,0.6458886474610187,0.9823255149804211,True,455,318.82685310906686,42.71068937984027,0.39742584277399673,23.666714147835705,60,273.0,9.07431962452215,237,-1.936930309185916
330,mora,packing_A,T09,largo,10,G2,4.260648579334788,0.6458886474610187,0.9823255149804211,True,455,318.82685310906686,42.71068937984027,0.39742584277399673,23.666714147835705,60,273.0,9.07431962452215,238,-1.9991358548592788
330,mora,packing_A,T09,largo,10,G2,4.260648579334788,0.6458886474610187,0.9823255149804211,True,455,318.82685310906686,42.71068937984027,0.39742584277399673,23.666714147835705,60,273.0,9.07431962452215,239,-2.01893103327304
330,mora,packing_A,T09,largo,10,G2,4.260648579334788,0.6458886474610187,0.9823255149804211,True,455,318.82685310906686,42.71068937984027,0.39742584277399673,23.666714147835705,60,273.0,9.07431962452215,240,-1.8989212299637652
330,mora,packing_A,T09,largo,10,G2,4.260648579334788,0.6458886474610187,0.9823255149804211,True,455,318.82685310906686,42.71068937984027,0.39742584277399673,23.666714147835705,60,273.0,9.07431962452215,241,-1.8081516100545103
330,mora,packing_A,T09,largo,10,G2,4.260648579334788,0.6458886474610187,0.9823255149804211,True,455,318.82685310906686,42.71068937984027,0.39742584277399673,23.666714147835705,60,273.0,9.07431962452215,242,-1.6200894768664973
330,mora,packing_A,T09,largo,10,G2,4.260648579334788,0.6458886474610187,0.9823255149804211,True,455,318.82685310906686,42.71068937984027,0.39742584277399673,23.666714147835705,60,273.0,9.07431962452215,243,-1.6745895870622145
330,mora,packing_A,T09,largo,10,G2,4.260648579334788,0.6458886474610187,0.9823255149804211,True,455,318.82685310906686,42.71068937984027,0.39742584277399673,23.666714147835705,60,273.0,9.07431962452215,244,-1.4353614685219822
330,mora,packing_A,T09,largo,10,G2,4.260648579334788,0.6458886474610187,0.9823255149804211,True,455,318.82685310906686,42.71068937984027,0.39742584277399673,23.666714147835705,60,273.0,9.07431962452215,245,-1.4564487525854333
330,mora,packing_A,T09,largo,10,G2,4.260648579334788,0.6458886474610187,0.9823255149804211,True,455,318.82685310906686,42.71068937984027,0.39742584277399673,23.666714147835705,60,273.0,9.07431962452215,246,-1.5708280003805506
330,mora,packing_A,T09,largo,10,G2,4.260648579334788,0.6458886474610187,0.9823255149804211,True,455,318.82685310906686,42.71068937984027,0.39742584277399673,23.666714147835705,60,273.0,9.07431962452215,247,-1.4560764395445138
330,mora,packing_A,T09,largo,10,G2,4.260648579334788,0.6458886474610187,0.9823255149804211,True,455,318.82685310906686,42.71068937984027,0.39742584277399673,23.666714147835705,60,273.0,9.07431962452215,248,-1.1951602856196695
330,mora,packing_A,T09,largo,10,G2,4.260648579334788,0.6458886474610187,0.9823255149804211,True,455,318.82685310906686,42.71068937984027,0.39742584277399673,23.666714147835705,60,273.0,9.07431962452215,249,-1.2392120036878131
330,mora,packing_A,T09,largo,10,G2,4.260648579334788,0.6458886474610187,0.9823255149804211,True,455,318.82685310906686,42.71068937984027,0.39742584277399673,23.666714147835705,60,273.0,9.07431962452215,250,-1.0608481947428952
330,mora,packing_A,T09,largo,10,G2,4.260648579334788,0.6458886474610187,0.9823255149804211,True,455,318.82685310906686,42.71068937984027,0.39742584277399673,23.666714147835705,60,273.0,9.07431962452215,251,-0.9976754134529014
330,mora,packing_A,T09,largo,10,G2,4.260648579334788,0.6458886474610187,0.9823255149804211,True,455,318.82685310906686,42.71068937984027,0.39742584277399673,23.666714147835705,60,273.0,9.07431962452215,252,-0.9755997324500759
330,mora,packing_A,T09,largo,10,G2,4.260648579334788,0.6458886474610187,0.9823255149804211,True,455,318.82685310906686,42.71068937984027,0.39742584277399673,23.666714147835705,60,273.0,9.07431962452215,253,-0.8977739179378007
330,mora,packing_A,T09,largo,10,G2,4.260648579334788,0.6458886474610187,0.9823255149804211,True,455,318.82685310906686,42.71068937984027,0.39742584277399673,23.666714147835705,60,273.0,9.07431962452215,254,-0.9584847874794015
330,mora,packing_A,T09,largo,10,G2,4.260648579334788,0.6458886474610187,0.9823255149804211,True,455,318.82685310906686,42.71068937984027,0.39742584277399673,23.666714147835705,60,273.0,9.07431962452215,255,-0.8636607403528302
330,mora,packing_A,T09,largo,10,G2,4.260648579334788,0.6458886474610187,0.9823255149804211,True,455,318.82685310906686,42.71068937984027,0.39742584277399673,23.666714147835705,60,273.0,9.07431962452215,256,-0.6407380119136903
330,mora,packing_A,T09,largo,10,G2,4.260648579334788,0.6458886474610187,0.9823255149804211,True,455,318.82685310906686,42.71068937984027,0.39742584277399673,23.666714147835705,60,273.0,9.07431962452215,257,-0.6839114837585015
330,mora,packing_A,T09,largo,10,G2,4.260648579334788,0.6458886474610187,0.9823255149804211,True,455,318.82685310906686,42.71068937984027,0.39742584277399673,23.666714147835705,60,273.0,9.07431962452215,258,-0.7031025076864669
330,mora,packing_A,T09,largo,10,G2,4.260648579334788,0.6458886474610187,0.9823255149804211,True,455,318.82685310906686,42.71068937984027,0.39742584277399673,23.666714147835705,60,273.0,9.07431962452215,259,-0.638817806554
330,mora,packing_A,T09,largo,10,G2,4.260648579334788,0.6458886474610187,0.9823255149804211,True,455,318.82685310906686,42.71068937984027,0.39742584277399673,23.666714147835705,60,273.0,9.07431962452215,260,-0.47824445606473637
330,mora,packing_A,T09,largo,10,G2,4.260648579334788,0.6458886474610187,0.9823255149804211,True,455,318.82685310906686,42.71068937984027,0.39742584277399673,23.666714147835705,60,273.0,9.07431962452215,261,-0.29699618969814967
330,mora,packing_A,T09,largo,10,G2,4.260648579334788,0.6458886474610187,0.9823255149804211,True,455,318.82685310906686,42.71068937984027,0.39742584277399673,23.666714147835705,60,273.0,9.07431962452215,262,-0.41039159785374524
330,mora,packing_A,T09,largo,10,G2,4.260648579334788,0.6458886474610187,0.9823255149804211,True,455,318.82685310906686,42.71068937984027,0.39742584277399673,23.666714147835705,60,273.0,9.07431962452215,263,-0.412041332117907
330,mora,packing_A,T09,largo,10,G2,4.260648579334788,0.6458886474610187,0.9823255149804211,True,455,318.82685310906686,42.71068937984027,0.39742584277399673,23.666714147835705,60,273.0,9.07431962452215,264,-0.22685877562179177
330,mora,packing_A,T09,largo,10,G2,4.260648579334788,0.6458886474610187,0.9823255149804211,True,455,318.82685310906686,42.71068937984027,0.39742584277399673,23.666714147835705,60,273.0,9.07431962452215,265,-0.29508463052705874
330,mora,packing_A,T09,largo,10,G2,4.260648579334788,0.6458886474610187,0.9823255149804211,True,455,318.82685310906686,42.71068937984027,0.39742584277399673,23.666714147835705,60,273.0,9.07431962452215,266,0.03623459520681119
330,mora,packing_A,T09,largo,10,G2,4.260648579334788,0.6458886474610187,0.9823255149804211,True,455,318.82685310906686,42.71068937984027,0.39742584277399673,23.666714147835705,60,273.0,9.07431962452215,267,-0.17733724203500129
330,mora,packing_A,T09,largo,10,G2,4.260648579334788,0.6458886474610187,0.9823255149804211,True,455,318.82685310906686,42.71068937984027,0.39742584277399673,23.666714147835705,60,273.0,9.07431962452215,268,0.08402543226643655
330,mora,packing_A,T09,largo,10,G2,4.260648579334788,0.6458886474610187,0.9823255149804211,True,455,318.82685310906686,42.71068937984027,0.39742584277399673,23.666714147835705,60,273.0,9.07431962452215,269,0.0004923957356834582
330,mora,packing_A,T09,largo,10,G2,4.260648579334788,0.6458886474610187,0.9823255149804211,True,455,318.82685310906686,42.71068937984027,0.39742584277399673,23.666714147835705,60,273.0,9.07431962452215,270,-0.019157449962257322
330,mora,packing_A,T09,largo,10,G2,4.260648579334788,0.6458886474610187,0.9823255149804211,True,455,318.82685310906686,42.71068937984027,0.39742584277399673,23.666714147835705,60,273.0,9.07431962452215,271,0.3063014769906922
330,mora,packing_A,T09,largo,10,G2,4.260648579334788,0.6458886474610187,0.9823255149804211,True,455,318.82685310906686,42.71068937984027,0.39742584277399673,23.666714147835705,60,273.0,9.07431962452215,272,0.37863270010193584
330,mora,packing_A,T09,largo,10,G2,4.260648579334788,0.6458886474610187,0.9823255149804211,True,455,318.82685310906686,42.71068937984027,0.39742584277399673,23.666714147835705,60,273.0,9.07431962452215,273,0.37629072782040646
330,mora,packing_A,T09,largo,10,G2,4.260648579334788,0.6458886474610187,0.9823255149804211,True,455,318.82685310906686,42.71068937984027,0.39742584277399673,23.666714147835705,60,273.0,9.07431962452215,274,0.7897921846869338
330,mora,packing_A,T09,largo,10,G2,4.260648579334788,0.6458886474610187,0.9823255149804211,True,455,318.82685310906686,42.71068937984027,0.39742584277399673,23.666714147835705,60,273.0,9.07431962452215,275,0.9160623972333295
330,mora,packing_A,T09,largo,10,G2,4.260648579334788,0.6458886474610187,0.9823255149804211,True,455,318.82685310906686,42.71068937984027,0.39742584277399673,23.666714147835705,60,273.0,9.07431962452215,276,0.8482915712629269
330,mora,packing_A,T09,largo,10,G2,4.260648579334788,0.6458886474610187,0.9823255149804211,True,455,318.82685310906686,42.71068937984027,0.39742584277399673,23.666714147835705,60,273.0,9.07431962452215,277,0.9157203530511359
330,mora,packing_A,T09,largo,10,G2,4.260648579334788,0.6458886474610187,0.9823255149804211,True,455,318.82685310906686,42.71068937984027,0.39742584277399673,23.666714147835705,60,273.0,9.07431962452215,278,0.8087349177943793
330,mora,packing_A,T09,largo,10,G2,4.260648579334788,0.6458886474610187,0.9823255149804211,True,455,318.82685310906686,42.71068937984027,0.39742584277399673,23.666714147835705,60,273.0,9.07431962452215,279,0.9521101289792477
330,mora,packing_A,T09,largo,10,G2,4.260648579334788,0.6458886474610187,0.9823255149804211,True,455,318.82685310906686,42.71068937984027,0.39742584277399673,23.666714147835705,60,273.0,9.07431962452215,280,0.8938704697034423
330,mora,packing_A,T09,largo,10,G2,4.260648579334788,0.6458886474610187,0.9823255149804211,True,455,318.82685310906686,42.71068937984027,0.39742584277399673,23.666714147835705,60,273.0,9.07431962452215,281,0.7239016279492626
330,mora,packing_A,T09,largo,10,G2,4.260648579334788,0.6458886474610187,0.9823255149804211,True,455,318.82685310906686,42.71068937984027,0.39742584277399673,23.666714147835705,60,273.0,9.07431962452215,282,0.75633517785838
330,mora,packing_A,T09,largo,10,G2,4.260648579334788,0.6458886474610187,0.9823255149804211,True,455,318.82685310906686,42.71068937984027,0.39742584277399673,23.666714147835705,60,273.0,9.07431962452215,283,0.6390991572706739
330,mora,packing_A,T09,largo,10,G2,4.260648579334788,0.6458886474610187,0.9823255149804211,True,455,318.82685310906686,42.71068937984027,0.39742584277399673,23.666714147835705,60,273.0,9.07431962452215,284,0.4313034772980957
330,mora,packing_A,T09,largo,10,G2,4.260648579334788,0.6458886474610187,0.9823255149804211,True,455,318.82685310906686,42.71068937984027,0.39742584277399673,23.666714147835705,60,273.0,9.07431962452215,285,0.4489948512795252
330,mora,packing_A,T09,largo,10,G2,4.260648579334788,0.6458886474610187,0.9823255149804211,True,455,318.82685310906686,42.71068937984027,0.39742584277399673,23.666714147835705,60,273.0,9.07431962452215,286,0.33399546872712293
330,mora,packing_A,T09,largo,10,G2,4.260648579334788,0.6458886474610187,0.9823255149804211,True,455,318.82685310906686,42.71068937984027,0.39742584277399673,23.666714147835705,60,273.0,9.07431962452215,287,0.17270853720958
330,mora,packing_A,T09,largo,10,G2,4.260648579334788,0.6458886474610187,0.9823255149804211,True,455,318.82685310906686,42.71068937984027,0.39742584277399673,23.666714147835705,60,273.0,9.07431962452215,288,0.3301817426568675
330,mora,packing_A,T09,largo,10,G2,4.260648579334788,0.6458886474610187,0.9823255149804211,True,455,318.82685310906686,42.71068937984027,0.39742584277399673,23.666714147835705,60,273.0,9.07431962452215,289,-0.07866766251786031
330,mora,packing_A,T09,largo,10,G2,4.260648579334788,0.6458886474610187,0.9823255149804211,True,455,318.82685310906686,42.71068937984027,0.39742584277399673,23.666714147835705,60,273.0,9.07431962452215,290,-0.10553910168283297
330,mora,packing_A,T09,largo,10,G2,4.260648579334788,0.6458886474610187,0.9823255149804211,True,455,318.82685310906686,42.71068937984027,0.39742584277399673,23.666714147835705,60,273.0,9.07431962452215,291,-0.14208404064297175
330,mora,packing_A,T09,largo,10,G2,4.260648579334788,0.6458886474610187,0.9823255149804211,True,455,318.82685310906686,42.71068937984027,0.39742584277399673,23.666714147835705,60,273.0,9.07431962452215,292,-0.11257049279219741
330,mora,packing_A,T09,largo,10,G2,4.260648579334788,0.6458886474610187,0.9823255149804211,True,455,318.82685310906686,42.71068937984027,0.39742584277399673,23.666714147835705,60,273.0,9.07431962452215,293,-0.043288543980799926
330,mora,packing_A,T09,largo,10,G2,4.260648579334788,0.6458886474610187,0.9823255149804211,True,455,318.82685310906686,42.71068937984027,0.39742584277399673,23.666714147835705,60,273.0,9.07431962452215,294,-0.14360267350856057
330,mora,packing_A,T09,largo,10,G2,4.260648579334788,0.6458886474610187,0.9823255149804211,True,455,318.82685310906686,42.71068937984027,0.39742584277399673,23.666714147835705,60,273.0,9.07431962452215,295,-0.08199648574705803
330,mora,packing_A,T09,largo,10,G2,4.260648579334788,0.6458886474610187,0.9823255149804211,True,455,318.82685310906686,42.71068937984027,0.39742584277399673,23.666714147835705,60,273.0,9.07431962452215,296,0.05663707386322521
330,mora,packing_A,T09,largo,10,G2,4.260648579334788,0.6458886474610187,0.9823255149804211,True,455,318.82685310906686,42.71068937984027,0.39742584277399673,23.666714147835705,60,273.0,9.07431962452215,297,0.16494110739287896
330,mora,packing_A,T09,largo,10,G2,4.260648579334788,0.6458886474610187,0.9823255149804211,True,455,318.82685310906686,42.71068937984027,0.39742584277399673,23.666714147835705,60,273.0,9.07431962452215,298,0.24032714648834433
330,mora,packing_A,T09,largo,10,G2,4.260648579334788,0.6458886474610187,0.9823255149804211,True,455,318.82685310906686,42.71068937984027,0.39742584277399673,23.666714147835705,60,273.0,9.07431962452215,299,0.35688926858836756
330,mora,packing_A,T09,largo,10,G2,4.260648579334788,0.6458886474610187,0.9823255149804211,True,455,318.82685310906686,42.71068937984027,0.39742584277399673,23.666714147835705,60,273.0,9.07431962452215,300,0.5015061577913825
330,mora,packing_A,T09,largo,10,G2,4.260648579334788,0.6458886474610187,0.9823255149804211,True,455,318.82685310906686,42.71068937984027,0.39742584277399673,23.666714147835705,60,273.0,9.07431962452215,301,0.35628459434012294
330,mora,packing_A,T09,largo,10,G2,4.260648579334788,0.6458886474610187,0.9823255149804211,True,455,318.82685310906686,42.71068937984027,0.39742584277399673,23.666714147835705,60,273.0,9.07431962452215,302,0.5009313924398435
330,mora,packing_A,T09,largo,10,G2,4.260648579334788,0.6458886474610187,0.9823255149804211,True,455,318.82685310906686,42.71068937984027,0.39742584277399673,23.666714147835705,60,273.0,9.07431962452215,303,0.7802737028105188
330,mora,packing_A,T09,largo,10,G2,4.260648579334788,0.6458886474610187,0.9823255149804211,True,455,318.82685310906686,42.71068937984027,0.39742584277399673,23.666714147835705,60,273.0,9.07431962452215,304,0.5235410533547087
330,mora,packing_A,T09,largo,10,G2,4.260648579334788,0.6458886474610187,0.9823255149804211,True,455,318.82685310906686,42.71068937984027,0.39742584277399673,23.666714147835705,60,273.0,9.07431962452215,305,0.9188839076344443
330,mora,packing_A,T09,largo,10,G2,4.260648579334788,0.6458886474610187,0.9823255149804211,True,455,318.82685310906686,42.71068937984027,0.39742584277399673,23.666714147835705,60,273.0,9.07431962452215,306,0.8756963627935167
330,mora,packing_A,T09,largo,10,G2,4.260648579334788,0.6458886474610187,0.9823255149804211,True,455,318.82685310906686,42.71068937984027,0.39742584277399673,23.666714147835705,60,273.0,9.07431962452215,307,0.8105560819031342
330,mora,packing_A,T09,largo,10,G2,4.260648579334788,0.6458886474610187,0.9823255149804211,True,455,318.82685310906686,42.71068937984027,0.39742584277399673,23.666714147835705,60,273.0,9.07431962452215,308,0.8790024199467713
330,mora,packing_A,T09,largo,10,G2,4.260648579334788,0.6458886474610187,0.9823255149804211,True,455,318.82685310906686,42.71068937984027,0.39742584277399673,23.666714147835705,60,273.0,9.07431962452215,309,0.8514879481773063
330,mora,packing_A,T09,largo,10,G2,4.260648579334788,0.6458886474610187,0.9823255149804211,True,455,318.82685310906686,42.71068937984027,0.39742584277399673,23.666714147835705,60,273.0,9.07431962452215,310,0.8538128862197429
330,mora,packing_A,T09,largo,10,G2,4.260648579334788,0.6458886474610187,0.9823255149804211,True,455,318.82685310906686,42.71068937984027,0.39742584277399673,23.666714147835705,60,273.0,9.07431962452215,311,0.8341356428720899
330,mora,packing_A,T09,largo,10,G2,4.260648579334788,0.6458886474610187,0.9823255149804211,True,455,318.82685310906686,42.71068937984027,0.39742584277399673,23.666714147835705,60,273.0,9.07431962452215,312,0.5549707159294398
330,mora,packing_A,T09,largo,10,G2,4.260648579334788,0.6458886474610187,0.9823255149804211,True,455,318.82685310906686,42.71068937984027,0.39742584277399673,23.666714147835705,60,273.0,9.07431962452215,313,0.578407681716827
330,mora,packing_A,T09,largo,10,G2,4.260648579334788,0.6458886474610187,0.9823255149804211,True,455,318.82685310906686,42.71068937984027,0.39742584277399673,23.666714147835705,60,273.0,9.07431962452215,314,0.41467592398679193
330,mora,packing_A,T09,largo,10,G2,4.260648579334788,0.6458886474610187,0.9823255149804211,True,455,318.82685310906686,42.71068937984027,0.39742584277399673,23.666714147835705,60,273.0,9.07431962452215,315,0.375773150938938
330,mora,packing_A,T09,largo,10,G2,4.260648579334788,0.6458886474610187,0.9823255149804211,True,455,318.82685310906686,42.71068937984027,0.39742584277399673,23.666714147835705,60,273.0,9.07431962452215,316,0.18517653979160764
330,mora,packing_A,T09,largo,10,G2,4.260648579334788,0.6458886474610187,0.9823255149804211,True,455,318.82685310906686,42.71068937984027,0.39742584277399673,23.666714147835705,60,273.0,9.07431962452215,317,0.11908243097897586
330,mora,packing_A,T09,largo,10,G2,4.260648579334788,0.6458886474610187,0.9823255149804211,True,455,318.82685310906686,42.71068937984027,0.39742584277399673,23.666714147835705,60,273.0,9.07431962452215,318,0.16442492102149928
330,mora,packing_A,T09,largo,10,G2,4.260648579334788,0.6458886474610187,0.9823255149804211,True,455,318.82685310906686,42.71068937984027,0.39742584277399673,23.666714147835705,60,273.0,9.07431962452215,319,0.09064344198018959
330,mora,packing_A,T09,largo,10,G2,4.260648579334788,0.6458886474610187,0.9823255149804211,True,455,318.82685310906686,42.71068937984027,0.39742584277399673,23.666714147835705,60,273.0,9.07431962452215,320,0.01753153891928807
330,mora,packing_A,T09,largo,10,G2,4.260648579334788,0.6458886474610187,0.9823255149804211,True,455,318.82685310906686,42.71068937984027,0.39742584277399673,23.666714147835705,60,273.0,9.07431962452215,321,-0.0021729357346911907
330,mora,packing_A,T09,largo,10,G2,4.260648579334788,0.6458886474610187,0.9823255149804211,True,455,318.82685310906686,42.71068937984027,0.39742584277399673,23.666714147835705,60,273.0,9.07431962452215,322,-0.005628677821043204
330,mora,packing_A,T09,largo,10,G2,4.260648579334788,0.6458886474610187,0.9823255149804211,True,455,318.82685310906686,42.71068937984027,0.39742584277399673,23.666714147835705,60,273.0,9.07431962452215,323,-0.10393313097670306
330,mora,packing_A,T09,largo,10,G2,4.260648579334788,0.6458886474610187,0.9823255149804211,True,455,318.82685310906686,42.71068937984027,0.39742584277399673,23.666714147835705,60,273.0,9.07431962452215,324,-0.007303286181148255
330,mora,packing_A,T09,largo,10,G2,4.260648579334788,0.6458886474610187,0.9823255149804211,True,455,318.82685310906686,42.71068937984027,0.39742584277399673,23.666714147835705,60,273.0,9.07431962452215,325,-0.01095962212279472
330,mora,packing_A,T09,largo,10,G2,4.260648579334788,0.6458886474610187,0.9823255149804211,True,455,318.82685310906686,42.71068937984027,0.39742584277399673,23.666714147835705,60,273.0,9.07431962452215,326,-0.03224527629360384
330,mora,packing_A,T09,largo,10,G2,4.260648579334788,0.6458886474610187,0.9823255149804211,True,455,318.82685310906686,42.71068937984027,0.39742584277399673,23.666714147835705,60,273.0,9.07431962452215,327,0.10812424665723869
330,mora,packing_A,T09,largo,10,G2,4.260648579334788,0.6458886474610187,0.9823255149804211,True,455,318.82685310906686,42.71068937984027,0.39742584277399673,23.666714147835705,60,273.0,9.07431962452215,328,0.12827901631504507
330,mora,packing_A,T09,largo,10,G2,4.260648579334788,0.6458886474610187,0.9823255149804211,True,455,318.82685310906686,42.71068937984027,0.39742584277399673,23.666714147835705,60,273.0,9.07431962452215,329,0.14285305208244273
330,mora,packing_A,T09,largo,10,G2,4.260648579334788,0.6458886474610187,0.9823255149804211,True,455,318.82685310906686,42.71068937984027,0.39742584277399673,23.666714147835705,60,273.0,9.07431962452215,330,0.298578987479147
330,mora,packing_A,T09,largo,10,G2,4.260648579334788,0.6458886474610187,0.9823255149804211,True,455,318.82685310906686,42.71068937984027,0.39742584277399673,23.666714147835705,60,273.0,9.07431962452215,331,0.46831598858372714
330,mora,packing_A,T09,largo,10,G2,4.260648579334788,0.6458886474610187,0.9823255149804211,True,455,318.82685310906686,42.71068937984027,0.39742584277399673,23.666714147835705,60,273.0,9.07431962452215,332,0.5182148484090675
330,mora,packing_A,T09,largo,10,G2,4.260648579334788,0.6458886474610187,0.9823255149804211,True,455,318.82685310906686,42.71068937984027,0.39742584277399673,23.666714147835705,60,273.0,9.07431962452215,333,0.6221450981353632
330,mora,packing_A,T09,largo,10,G2,4.260648579334788,0.6458886474610187,0.9823255149804211,True,455,318.82685310906686,42.71068937984027,0.39742584277399673,23.666714147835705,60,273.0,9.07431962452215,334,0.6937622217119341
330,mora,packing_A,T09,largo,10,G2,4.260648579334788,0.6458886474610187,0.9823255149804211,True,455,318.82685310906686,42.71068937984027,0.39742584277399673,23.666714147835705,60,273.0,9.07431962452215,335,0.7904789247210937
330,mora,packing_A,T09,largo,10,G2,4.260648579334788,0.6458886474610187,0.9823255149804211,True,455,318.82685310906686,42.71068937984027,0.39742584277399673,23.666714147835705,60,273.0,9.07431962452215,336,0.8965185886217538
330,mora,packing_A,T09,largo,10,G2,4.260648579334788,0.6458886474610187,0.9823255149804211,True,455,318.82685310906686,42.71068937984027,0.39742584277399673,23.666714147835705,60,273.0,9.07431962452215,337,0.9547922670590505
330,mora,packing_A,T09,largo,10,G2,4.260648579334788,0.6458886474610187,0.9823255149804211,True,455,318.82685310906686,42.71068937984027,0.39742584277399673,23.666714147835705,60,273.0,9.07431962452215,338,0.8749763805941853
330,mora,packing_A,T09,largo,10,G2,4.260648579334788,0.6458886474610187,0.9823255149804211,True,455,318.82685310906686,42.71068937984027,0.39742584277399673,23.666714147835705,60,273.0,9.07431962452215,339,0.7291653733428956
330,mora,packing_A,T09,largo,10,G2,4.260648579334788,0.6458886474610187,0.9823255149804211,True,455,318.82685310906686,42.71068937984027,0.39742584277399673,23.666714147835705,60,273.0,9.07431962452215,340,0.8266433390259862
330,mora,packing_A,T09,largo,10,G2,4.260648579334788,0.6458886474610187,0.9823255149804211,True,455,318.82685310906686,42.71068937984027,0.39742584277399673,23.666714147835705,60,273.0,9.07431962452215,341,0.891058555539872
330,mora,packing_A,T09,largo,10,G2,4.260648579334788,0.6458886474610187,0.9823255149804211,True,455,318.82685310906686,42.71068937984027,0.39742584277399673,23.666714147835705,60,273.0,9.07431962452215,342,0.5968263925903406
330,mora,packing_A,T09,largo,10,G2,4.260648579334788,0.6458886474610187,0.9823255149804211,True,455,318.82685310906686,42.71068937984027,0.39742584277399673,23.666714147835705,60,273.0,9.07431962452215,343,0.5356696046984412
330,mora,packing_A,T09,largo,10,G2,4.260648579334788,0.6458886474610187,0.9823255149804211,True,455,318.82685310906686,42.71068937984027,0.39742584277399673,23.666714147835705,60,273.0,9.07431962452215,344,0.45008230876019906
330,mora,packing_A,T09,largo,10,G2,4.260648579334788,0.6458886474610187,0.9823255149804211,True,455,318.82685310906686,42.71068937984027,0.39742584277399673,23.666714147835705,60,273.0,9.07431962452215,345,0.3109586773251179
330,mora,packing_A,T09,largo,10,G2,4.260648579334788,0.6458886474610187,0.9823255149804211,True,455,318.82685310906686,42.71068937984027,0.39742584277399673,23.666714147835705,60,273.0,9.07431962452215,346,0.2791217858919719
330,mora,packing_A,T09,largo,10,G2,4.260648579334788,0.6458886474610187,0.9823255149804211,True,455,318.82685310906686,42.71068937984027,0.39742584277399673,23.666714147835705,60,273.0,9.07431962452215,347,0.33764411343332734
330,mora,packing_A,T09,largo,10,G2,4.260648579334788,0.6458886474610187,0.9823255149804211,True,455,318.82685310906686,42.71068937984027,0.39742584277399673,23.666714147835705,60,273.0,9.07431962452215,348,0.3163590923740581
330,mora,packing_A,T09,largo,10,G2,4.260648579334788,0.6458886474610187,0.9823255149804211,True,455,318.82685310906686,42.71068937984027,0.39742584277399673,23.666714147835705,60,273.0,9.07431962452215,349,0.011729292143065395
330,mora,packing_A,T09,largo,10,G2,4.260648579334788,0.6458886474610187,0.9823255149804211,True,455,318.82685310906686,42.71068937984027,0.39742584277399673,23.666714147835705,60,273.0,9.07431962452215,350,-0.021675958073881344
330,mora,packing_A,T09,largo,10,G2,4.260648579334788,0.6458886474610187,0.9823255149804211,True,455,318.82685310906686,42.71068937984027,0.39742584277399673,23.666714147835705,60,273.0,9.07431962452215,351,-0.07616519246760817
330,mora,packing_A,T09,largo,10,G2,4.260648579334788,0.6458886474610187,0.9823255149804211,True,455,318.82685310906686,42.71068937984027,0.39742584277399673,23.666714147835705,60,273.0,9.07431962452215,352,0.08960798063571546
330,mora,packing_A,T09,largo,10,G2,4.260648579334788,0.6458886474610187,0.9823255149804211,True,455,318.82685310906686,42.71068937984027,0.39742584277399673,23.666714147835705,60,273.0,9.07431962452215,353,0.016005128651189762
330,mora,packing_A,T09,largo,10,G2,4.260648579334788,0.6458886474610187,0.9823255149804211,True,455,318.82685310906686,42.71068937984027,0.39742584277399673,23.666714147835705,60,273.0,9.07431962452215,354,0.023300435725122498
330,mora,packing_A,T09,largo,10,G2,4.260648579334788,0.6458886474610187,0.9823255149804211,True,455,318.82685310906686,42.71068937984027,0.39742584277399673,23.666714147835705,60,273.0,9.07431962452215,355,0.15352222727490608
330,mora,packing_A,T09,largo,10,G2,4.260648579334788,0.6458886474610187,0.9823255149804211,True,455,318.82685310906686,42.71068937984027,0.39742584277399673,23.666714147835705,60,273.0,9.07431962452215,356,0.29593522614675083
330,mora,packing_A,T09,largo,10,G2,4.260648579334788,0.6458886474610187,0.9823255149804211,True,455,318.82685310906686,42.71068937984027,0.39742584277399673,23.666714147835705,60,273.0,9.07431962452215,357,0.05157052916310097
330,mora,packing_A,T09,largo,10,G2,4.260648579334788,0.6458886474610187,0.9823255149804211,True,455,318.82685310906686,42.71068937984027,0.39742584277399673,23.666714147835705,60,273.0,9.07431962452215,358,0.24590251072357155
330,mora,packing_A,T09,largo,10,G2,4.260648579334788,0.6458886474610187,0.9823255149804211,True,455,318.82685310906686,42.71068937984027,0.39742584277399673,23.666714147835705,60,273.0,9.07431962452215,359,0.16665562308801332
330,mora,packing_A,T09,largo,10,G2,4.260648579334788,0.6458886474610187,0.9823255149804211,True,455,318.82685310906686,42.71068937984027,0.39742584277399673,23.666714147835705,60,273.0,9.07431962452215,360,0.47169354127292795
330,mora,packing_A,T09,largo,10,G2,4.260648579334788,0.6458886474610187,0.9823255149804211,True,455,318.82685310906686,42.71068937984027,0.39742584277399673,23.666714147835705,60,273.0,9.07431962452215,361,0.4131837157118268
330,mora,packing_A,T09,largo,10,G2,4.260648579334788,0.6458886474610187,0.9823255149804211,True,455,318.82685310906686,42.71068937984027,0.39742584277399673,23.666714147835705,60,273.0,9.07431962452215,362,0.5664783029859835
330,mora,packing_A,T09,largo,10,G2,4.260648579334788,0.6458886474610187,0.9823255149804211,True,455,318.82685310906686,42.71068937984027,0.39742584277399673,23.666714147835705,60,273.0,9.07431962452215,363,0.7461375244879194
330,mora,packing_A,T09,largo,10,G2,4.260648579334788,0.6458886474610187,0.9823255149804211,True,455,318.82685310906686,42.71068937984027,0.39742584277399673,23.666714147835705,60,273.0,9.07431962452215,364,0.7715125138100246
330,mora,packing_A,T09,largo,10,G2,4.260648579334788,0.6458886474610187,0.9823255149804211,True,455,318.82685310906686,42.71068937984027,0.39742584277399673,23.666714147835705,60,273.0,9.07431962452215,365,0.7162770152629048
330,mora,packing_A,T09,largo,10,G2,4.260648579334788,0.6458886474610187,0.9823255149804211,True,455,318.82685310906686,42.71068937984027,0.39742584277399673,23.666714147835705,60,273.0,9.07431962452215,366,0.7942027920304949
330,mora,packing_A,T09,largo,10,G2,4.260648579334788,0.6458886474610187,0.9823255149804211,True,455,318.82685310906686,42.71068937984027,0.39742584277399673,23.666714147835705,60,273.0,9.07431962452215,367,0.8198783400676496
330,mora,packing_A,T09,largo,10,G2,4.260648579334788,0.6458886474610187,0.9823255149804211,True,455,318.82685310906686,42.71068937984027,0.39742584277399673,23.666714147835705,60,273.0,9.07431962452215,368,0.691625702115669
330,mora,packing_A,T09,largo,10,G2,4.260648579334788,0.6458886474610187,0.9823255149804211,True,455,318.82685310906686,42.71068937984027,0.39742584277399673,23.666714147835705,60,273.0,9.07431962452215,369,0.7102069362513808
330,mora,packing_A,T09,largo,10,G2,4.260648579334788,0.6458886474610187,0.9823255149804211,True,455,318.82685310906686,42.71068937984027,0.39742584277399673,23.666714147835705,60,273.0,9.07431962452215,370,0.9059532942877293
330,mora,packing_A,T09,largo,10,G2,4.260648579334788,0.6458886474610187,0.9823255149804211,True,455,318.82685310906686,42.71068937984027,0.39742584277399673,23.666714147835705,60,273.0,9.07431962452215,371,0.7313910525099112
330,mora,packing_A,T09,largo,10,G2,4.260648579334788,0.6458886474610187,0.9823255149804211,True,455,318.82685310906686,42.71068937984027,0.39742584277399673,23.666714147835705,60,273.0,9.07431962452215,372,0.751148931393504
330,mora,packing_A,T09,largo,10,G2,4.260648579334788,0.6458886474610187,0.9823255149804211,True,455,318.82685310906686,42.71068937984027,0.39742584277399673,23.666714147835705,60,273.0,9.07431962452215,373,0.4287549036253445
330,mora,packing_A,T09,largo,10,G2,4.260648579334788,0.6458886474610187,0.9823255149804211,True,455,318.82685310906686,42.71068937984027,0.39742584277399673,23.666714147835705,60,273.0,9.07431962452215,374,0.5898731782122544
330,mora,packing_A,T09,largo,10,G2,4.260648579334788,0.6458886474610187,0.9823255149804211,True,455,318.82685310906686,42.71068937984027,0.39742584277399673,23.666714147835705,60,273.0,9.07431962452215,375,0.3726553255234049
330,mora,packing_A,T09,largo,10,G2,4.260648579334788,0.6458886474610187,0.9823255149804211,True,455,318.82685310906686,42.71068937984027,0.39742584277399673,23.666714147835705,60,273.0,9.07431962452215,376,0.32896989794554815
330,mora,packing_A,T09,largo,10,G2,4.260648579334788,0.6458886474610187,0.9823255149804211,True,455,318.82685310906686,42.71068937984027,0.39742584277399673,23.666714147835705,60,273.0,9.07431962452215,377,0.3703205506336587
330,mora,packing_A,T09,largo,10,G2,4.260648579334788,0.6458886474610187,0.9823255149804211,True,455,318.82685310906686,42.71068937984027,0.39742584277399673,23.666714147835705,60,273.0,9.07431962452215,378,-0.008494118763294728
330,mora,packing_A,T09,largo,10,G2,4.260648579334788,0.6458886474610187,0.9823255149804211,True,455,318.82685310906686,42.71068937984027,0.39742584277399673,23.666714147835705,60,273.0,9.07431962452215,379,0.2040344894579932
330,mora,packing_A,T09,largo,10,G2,4.260648579334788,0.6458886474610187,0.9823255149804211,True,455,318.82685310906686,42.71068937984027,0.39742584277399673,23.666714147835705,60,273.0,9.07431962452215,380,-0.04532169477345396
330,mora,packing_A,T09,largo,10,G2,4.260648579334788,0.6458886474610187,0.9823255149804211,True,455,318.82685310906686,42.71068937984027,0.39742584277399673,23.666714147835705,60,273.0,9.07431962452215,381,0.04466403984450476
330,mora,packing_A,T09,largo,10,G2,4.260648579334788,0.6458886474610187,0.9823255149804211,True,455,318.82685310906686,42.71068937984027,0.39742584277399673,23.666714147835705,60,273.0,9.07431962452215,382,-0.1335410397204308
330,mora,packing_A,T09,largo,10,G2,4.260648579334788,0.6458886474610187,0.9823255149804211,True,455,318.82685310906686,42.71068937984027,0.39742584277399673,23.666714147835705,60,273.0,9.07431962452215,383,-0.1316239819712295
330,mora,packing_A,T09,largo,10,G2,4.260648579334788,0.6458886474610187,0.9823255149804211,True,455,318.82685310906686,42.71068937984027,0.39742584277399673,23.666714147835705,60,273.0,9.07431962452215,384,-0.1702776414016269
330,mora,packing_A,T09,largo,10,G2,4.260648579334788,0.6458886474610187,0.9823255149804211,True,455,318.82685310906686,42.71068937984027,0.39742584277399673,23.666714147835705,60,273.0,9.07431962452215,385,-0.0035243748157212868
330,mora,packing_A,T09,largo,10,G2,4.260648579334788,0.6458886474610187,0.9823255149804211,True,455,318.82685310906686,42.71068937984027,0.39742584277399673,23.666714147835705,60,273.0,9.07431962452215,386,0.07644981851484317
330,mora,packing_A,T09,largo,10,G2,4.260648579334788,0.6458886474610187,0.9823255149804211,True,455,318.82685310906686,42.71068937984027,0.39742584277399673,23.666714147835705,60,273.0,9.07431962452215,387,1.8381423095209515e-05
330,mora,packing_A,T09,largo,10,G2,4.260648579334788,0.6458886474610187,0.9823255149804211,True,455,318.82685310906686,42.71068937984027,0.39742584277399673,23.666714147835705,60,273.0,9.07431962452215,388,0.12057937613644476
330,mora,packing_A,T09,largo,10,G2,4.260648579334788,0.6458886474610187,0.9823255149804211,True,455,318.82685310906686,42.71068937984027,0.39742584277399673,23.666714147835705,60,273.0,9.07431962452215,389,0.3278946761698863
330,mora,packing_A,T09,largo,10,G2,4.260648579334788,0.6458886474610187,0.9823255149804211,True,455,318.82685310906686,42.71068937984027,0.39742584277399673,23.666714147835705,60,273.0,9.07431962452215,390,0.45188496809447193
330,mora,packing_A,T09,largo,10,G2,4.260648579334788,0.6458886474610187,0.9823255149804211,True,455,318.82685310906686,42.71068937984027,0.39742584277399673,23.666714147835705,60,273.0,9.07431962452215,391,0.5456571716068651
330,mora,packing_A,T09,largo,10,G2,4.260648579334788,0.6458886474610187,0.9823255149804211,True,455,318.82685310906686,42.71068937984027,0.39742584277399673,23.666714147835705,60,273.0,9.07431962452215,392,0.5405953185168018
330,mora,packing_A,T09,largo,10,G2,4.260648579334788,0.6458886474610187,0.9823255149804211,True,455,318.82685310906686,42.71068937984027,0.39742584277399673,23.666714147835705,60,273.0,9.07431962452215,393,0.6329317935147314
330,mora,packing_A,T09,largo,10,G2,4.260648579334788,0.6458886474610187,0.9823255149804211,True,455,318.82685310906686,42.71068937984027,0.39742584277399673,23.666714147835705,60,273.0,9.07431962452215,394,0.7717882200937805
330,mora,packing_A,T09,largo,10,G2,4.260648579334788,0.6458886474610187,0.9823255149804211,True,455,318.82685310906686,42.71068937984027,0.39742584277399673,23.666714147835705,60,273.0,9.07431962452215,395,0.9194057083299887
330,mora,packing_A,T09,largo,10,G2,4.260648579334788,0.6458886474610187,0.9823255149804211,True,455,318.82685310906686,42.71068937984027,0.39742584277399673,23.666714147835705,60,273.0,9.07431962452215,396,0.7756076473588726
330,mora,packing_A,T09,largo,10,G2,4.260648579334788,0.6458886474610187,0.9823255149804211,True,455,318.82685310906686,42.71068937984027,0.39742584277399673,23.666714147835705,60,273.0,9.07431962452215,397,0.9363743373986151
330,mora,packing_A,T09,largo,10,G2,4.260648579334788,0.6458886474610187,0.9823255149804211,True,455,318.82685310906686,42.71068937984027,0.39742584277399673,23.666714147835705,60,273.0,9.07431962452215,398,0.9047683532676237
330,mora,packing_A,T09,largo,10,G2,4.260648579334788,0.6458886474610187,0.9823255149804211,True,455,318.82685310906686,42.71068937984027,0.39742584277399673,23.666714147835705,60,273.0,9.07431962452215,399,0.753353545192315
330,mora,packing_A,T09,largo,10,G2,4.260648579334788,0.6458886474610187,0.9823255149804211,True,455,318.82685310906686,42.71068937984027,0.39742584277399673,23.666714147835705,60,273.0,9.07431962452215,400,0.8929675113053599
330,mora,packing_A,T09,largo,10,G2,4.260648579334788,0.6458886474610187,0.9823255149804211,True,455,318.82685310906686,42.71068937984027,0.39742584277399673,23.666714147835705,60,273.0,9.07431962452215,401,0.680757779157434
330,mora,packing_A,T09,largo,10,G2,4.260648579334788,0.6458886474610187,0.9823255149804211,True,455,318.82685310906686,42.71068937984027,0.39742584277399673,23.666714147835705,60,273.0,9.07431962452215,402,0.638448290026802
330,mora,packing_A,T09,largo,10,G2,4.260648579334788,0.6458886474610187,0.9823255149804211,True,455,318.82685310906686,42.71068937984027,0.39742584277399673,23.666714147835705,60,273.0,9.07431962452215,403,0.5447966863520879
330,mora,packing_A,T09,largo,10,G2,4.260648579334788,0.6458886474610187,0.9823255149804211,True,455,318.82685310906686,42.71068937984027,0.39742584277399673,23.666714147835705,60,273.0,9.07431962452215,404,0.3470236093891509
330,mora,packing_A,T09,largo,10,G2,4.260648579334788,0.6458886474610187,0.9823255149804211,True,455,318.82685310906686,42.71068937984027,0.39742584277399673,23.666714147835705,60,273.0,9.07431962452215,405,0.5445933306530143
330,mora,packing_A,T09,largo,10,G2,4.260648579334788,0.6458886474610187,0.9823255149804211,True,455,318.82685310906686,42.71068937984027,0.39742584277399673,23.666714147835705,60,273.0,9.07431962452215,406,0.2920527808082642
330,mora,packing_A,T09,largo,10,G2,4.260648579334788,0.6458886474610187,0.9823255149804211,True,455,318.82685310906686,42.71068937984027,0.39742584277399673,23.666714147835705,60,273.0,9.07431962452215,407,0.1683164419119556
330,mora,packing_A,T09,largo,10,G2,4.260648579334788,0.6458886474610187,0.9823255149804211,True,455,318.82685310906686,42.71068937984027,0.39742584277399673,23.666714147835705,60,273.0,9.07431962452215,408,0.1940888561331217
330,mora,packing_A,T09,largo,10,G2,4.260648579334788,0.6458886474610187,0.9823255149804211,True,455,318.82685310906686,42.71068937984027,0.39742584277399673,23.666714147835705,60,273.0,9.07431962452215,409,-0.01889161587901092
330,mora,packing_A,T09,largo,10,G2,4.260648579334788,0.6458886474610187,0.9823255149804211,True,455,318.82685310906686,42.71068937984027,0.39742584277399673,23.666714147835705,60,273.0,9.07431962452215,410,-0.04991934473907887
330,mora,packing_A,T09,largo,10,G2,4.260648579334788,0.6458886474610187,0.9823255149804211,True,455,318.82685310906686,42.71068937984027,0.39742584277399673,23.666714147835705,60,273.0,9.07431962452215,411,0.20267790825610005
330,mora,packing_A,T09,largo,10,G2,4.260648579334788,0.6458886474610187,0.9823255149804211,True,455,318.82685310906686,42.71068937984027,0.39742584277399673,23.666714147835705,60,273.0,9.07431962452215,412,-0.007205506750508413
330,mora,packing_A,T09,largo,10,G2,4.260648579334788,0.6458886474610187,0.9823255149804211,True,455,318.82685310906686,42.71068937984027,0.39742584277399673,23.666714147835705,60,273.0,9.07431962452215,413,0.04921449402062307
330,mora,packing_A,T09,largo,10,G2,4.260648579334788,0.6458886474610187,0.9823255149804211,True,455,318.82685310906686,42.71068937984027,0.39742584277399673,23.666714147835705,60,273.0,9.07431962452215,414,-0.07272524875135496
330,mora,packing_A,T09,largo,10,G2,4.260648579334788,0.6458886474610187,0.9823255149804211,True,455,318.82685310906686,42.71068937984027,0.39742584277399673,23.666714147835705,60,273.0,9.07431962452215,415,-0.01649773005886162
330,mora,packing_A,T09,largo,10,G2,4.260648579334788,0.6458886474610187,0.9823255149804211,True,455,318.82685310906686,42.71068937984027,0.39742584277399673,23.666714147835705,60,273.0,9.07431962452215,416,0.010486324660083958
330,mora,packing_A,T09,largo,10,G2,4.260648579334788,0.6458886474610187,0.9823255149804211,True,455,318.82685310906686,42.71068937984027,0.39742584277399673,23.666714147835705,60,273.0,9.07431962452215,417,-0.07210413813042929
330,mora,packing_A,T09,largo,10,G2,4.260648579334788,0.6458886474610187,0.9823255149804211,True,455,318.82685310906686,42.71068937984027,0.39742584277399673,23.666714147835705,60,273.0,9.07431962452215,418,0.20948514082560135
330,mora,packing_A,T09,largo,10,G2,4.260648579334788,0.6458886474610187,0.9823255149804211,True,455,318.82685310906686,42.71068937984027,0.39742584277399673,23.666714147835705,60,273.0,9.07431962452215,419,0.1878329102173798
330,mora,packing_A,T09,largo,10,G2,4.260648579334788,0.6458886474610187,0.9823255149804211,True,455,318.82685310906686,42.71068937984027,0.39742584277399673,23.666714147835705,60,273.0,9.07431962452215,420,0.3589043734503543
330,mora,packing_A,T09,largo,10,G2,4.260648579334788,0.6458886474610187,0.9823255149804211,True,455,318.82685310906686,42.71068937984027,0.39742584277399673,23.666714147835705,60,273.0,9.07431962452215,421,0.466836241195333
330,mora,packing_A,T09,largo,10,G2,4.260648579334788,0.6458886474610187,0.9823255149804211,True,455,318.82685310906686,42.71068937984027,0.39742584277399673,23.666714147835705,60,273.0,9.07431962452215,422,0.5375540413607528
330,mora,packing_A,T09,largo,10,G2,4.260648579334788,0.6458886474610187,0.9823255149804211,True,455,318.82685310906686,42.71068937984027,0.39742584277399673,23.666714147835705,60,273.0,9.07431962452215,423,0.7979252202392054
330,mora,packing_A,T09,largo,10,G2,4.260648579334788,0.6458886474610187,0.9823255149804211,True,455,318.82685310906686,42.71068937984027,0.39742584277399673,23.666714147835705,60,273.0,9.07431962452215,424,0.9054811983867004
330,mora,packing_A,T09,largo,10,G2,4.260648579334788,0.6458886474610187,0.9823255149804211,True,455,318.82685310906686,42.71068937984027,0.39742584277399673,23.666714147835705,60,273.0,9.07431962452215,425,0.9267661095327573
330,mora,packing_A,T09,largo,10,G2,4.260648579334788,0.6458886474610187,0.9823255149804211,True,455,318.82685310906686,42.71068937984027,0.39742584277399673,23.666714147835705,60,273.0,9.07431962452215,426,0.791829611682028
330,mora,packing_A,T09,largo,10,G2,4.260648579334788,0.6458886474610187,0.9823255149804211,True,455,318.82685310906686,42.71068937984027,0.39742584277399673,23.666714147835705,60,273.0,9.07431962452215,427,0.9278558457494943
330,mora,packing_A,T09,largo,10,G2,4.260648579334788,0.6458886474610187,0.9823255149804211,True,455,318.82685310906686,42.71068937984027,0.39742584277399673,23.666714147835705,60,273.0,9.07431962452215,428,0.8362718502781479
330,mora,packing_A,T09,largo,10,G2,4.260648579334788,0.6458886474610187,0.9823255149804211,True,455,318.82685310906686,42.71068937984027,0.39742584277399673,23.666714147835705,60,273.0,9.07431962452215,429,0.8473379845842725
330,mora,packing_A,T09,largo,10,G2,4.260648579334788,0.6458886474610187,0.9823255149804211,True,455,318.82685310906686,42.71068937984027,0.39742584277399673,23.666714147835705,60,273.0,9.07431962452215,430,0.7640086535442389
330,mora,packing_A,T09,largo,10,G2,4.260648579334788,0.6458886474610187,0.9823255149804211,True,455,318.82685310906686,42.71068937984027,0.39742584277399673,23.666714147835705,60,273.0,9.07431962452215,431,0.7157578107136024
330,mora,packing_A,T09,largo,10,G2,4.260648579334788,0.6458886474610187,0.9823255149804211,True,455,318.82685310906686,42.71068937984027,0.39742584277399673,23.666714147835705,60,273.0,9.07431962452215,432,0.6420002063537456
330,mora,packing_A,T09,largo,10,G2,4.260648579334788,0.6458886474610187,0.9823255149804211,True,455,318.82685310906686,42.71068937984027,0.39742584277399673,23.666714147835705,60,273.0,9.07431962452215,433,0.6873290628493762
330,mora,packing_A,T09,largo,10,G2,4.260648579334788,0.6458886474610187,0.9823255149804211,True,455,318.82685310906686,42.71068937984027,0.39742584277399673,23.666714147835705,60,273.0,9.07431962452215,434,0.34217590952591936
330,mora,packing_A,T09,largo,10,G2,4.260648579334788,0.6458886474610187,0.9823255149804211,True,455,318.82685310906686,42.71068937984027,0.39742584277399673,23.666714147835705,60,273.0,9.07431962452215,435,0.48629244125477844
330,mora,packing_A,T09,largo,10,G2,4.260648579334788,0.6458886474610187,0.9823255149804211,True,455,318.82685310906686,42.71068937984027,0.39742584277399673,23.666714147835705,60,273.0,9.07431962452215,436,0.34908824819205014
330,mora,packing_A,T09,largo,10,G2,4.260648579334788,0.6458886474610187,0.9823255149804211,True,455,318.82685310906686,42.71068937984027,0.39742584277399673,23.666714147835705,60,273.0,9.07431962452215,437,0.2650692770508419
330,mora,packing_A,T09,largo,10,G2,4.260648579334788,0.6458886474610187,0.9823255149804211,True,455,318.82685310906686,42.71068937984027,0.39742584277399673,23.666714147835705,60,273.0,9.07431962452215,438,0.09778215180128129
330,mora,packing_A,T09,largo,10,G2,4.260648579334788,0.6458886474610187,0.9823255149804211,True,455,318.82685310906686,42.71068937984027,0.39742584277399673,23.666714147835705,60,273.0,9.07431962452215,439,0.02425339326712128
330,mora,packing_A,T09,largo,10,G2,4.260648579334788,0.6458886474610187,0.9823255149804211,True,455,318.82685310906686,42.71068937984027,0.39742584277399673,23.666714147835705,60,273.0,9.07431962452215,440,0.003348372326451708
330,mora,packing_A,T09,largo,10,G2,4.260648579334788,0.6458886474610187,0.9823255149804211,True,455,318.82685310906686,42.71068937984027,0.39742584277399673,23.666714147835705,60,273.0,9.07431962452215,441,-0.174148227178999
330,mora,packing_A,T09,largo,10,G2,4.260648579334788,0.6458886474610187,0.9823255149804211,True,455,318.82685310906686,42.71068937984027,0.39742584277399673,23.666714147835705,60,273.0,9.07431962452215,442,-0.26488817840745293
330,mora,packing_A,T09,largo,10,G2,4.260648579334788,0.6458886474610187,0.9823255149804211,True,455,318.82685310906686,42.71068937984027,0.39742584277399673,23.666714147835705,60,273.0,9.07431962452215,443,-0.2461253786003737
330,mora,packing_A,T09,largo,10,G2,4.260648579334788,0.6458886474610187,0.9823255149804211,True,455,318.82685310906686,42.71068937984027,0.39742584277399673,23.666714147835705,60,273.0,9.07431962452215,444,-0.07811798809526688
330,mora,packing_A,T09,largo,10,G2,4.260648579334788,0.6458886474610187,0.9823255149804211,True,455,318.82685310906686,42.71068937984027,0.39742584277399673,23.666714147835705,60,273.0,9.07431962452215,445,-0.01048466739354319
330,mora,packing_A,T09,largo,10,G2,4.260648579334788,0.6458886474610187,0.9823255149804211,True,455,318.82685310906686,42.71068937984027,0.39742584277399673,23.666714147835705,60,273.0,9.07431962452215,446,0.08319237161266117
330,mora,packing_A,T09,largo,10,G2,4.260648579334788,0.6458886474610187,0.9823255149804211,True,455,318.82685310906686,42.71068937984027,0.39742584277399673,23.666714147835705,60,273.0,9.07431962452215,447,0.01338479912176728
330,mora,packing_A,T09,largo,10,G2,4.260648579334788,0.6458886474610187,0.9823255149804211,True,455,318.82685310906686,42.71068937984027,0.39742584277399673,23.666714147835705,60,273.0,9.07431962452215,448,0.25607880840422526
330,mora,packing_A,T09,largo,10,G2,4.260648579334788,0.6458886474610187,0.9823255149804211,True,455,318.82685310906686,42.71068937984027,0.39742584277399673,23.666714147835705,60,273.0,9.07431962452215,449,0.3103951634055482
330,mora,packing_A,T09,largo,10,G2,4.260648579334788,0.6458886474610187,0.9823255149804211,True,455,318.82685310906686,42.71068937984027,0.39742584277399673,23.666714147835705,60,273.0,9.07431962452215,450,0.2590551560780743
330,mora,packing_A,T09,largo,10,G2,4.260648579334788,0.6458886474610187,0.9823255149804211,True,455,318.82685310906686,42.71068937984027,0.39742584277399673,23.666714147835705,60,273.0,9.07431962452215,451,0.6407393117945058
330,mora,packing_A,T09,largo,10,G2,4.260648579334788,0.6458886474610187,0.9823255149804211,True,455,318.82685310906686,42.71068937984027,0.39742584277399673,23.666714147835705,60,273.0,9.07431962452215,452,0.5799825597839015
330,mora,packing_A,T09,largo,10,G2,4.260648579334788,0.6458886474610187,0.9823255149804211,True,455,318.82685310906686,42.71068937984027,0.39742584277399673,23.666714147835705,60,273.0,9.07431962452215,453,0.6342944291735958
330,mora,packing_A,T09,largo,10,G2,4.260648579334788,0.6458886474610187,0.9823255149804211,True,455,318.82685310906686,42.71068937984027,0.39742584277399673,23.666714147835705,60,273.0,9.07431962452215,454,0.900176414651838
