proceso_id,epoca,packing,tunel,tipo_tunel,iteracion,mass_group,masa_ton,ocupabilidad,caudal_factor,anomalia_duracion,duracion_min,duracion_esperada_min,delta_duracion_pct,setpoint,T0,pct_transitorio,t_trans_min,overshoot_pct,tiempo_min,temperatura
1830,uva,packing_B,T06,largo,30,G2,4.070000379619832,0.849965324167062,1.0546005074140277,True,572,317.1973863494754,80.3293547222969,-0.4097695248316604,24.789377440070403,60,343.2,8.661691250804408,0,24.82257485846587
1830,uva,packing_B,T06,largo,30,G2,4.070000379619832,0.849965324167062,1.0546005074140277,True,572,317.1973863494754,80.3293547222969,-0.4097695248316604,24.789377440070403,60,343.2,8.661691250804408,1,24.689409483297176
1830,uva,packing_B,T06,largo,30,G2,4.070000379619832,0.849965324167062,1.0546005074140277,True,572,317.1973863494754,80.3293547222969,-0.4097695248316604,24.789377440070403,60,343.2,8.661691250804408,2,24.494785847528526
1830,uva,packing_B,T06,largo,30,G2,4.070000379619832,0.849965324167062,1.0546005074140277,True,572,317.1973863494754,80.3293547222969,-0.4097695248316604,24.789377440070403,60,343.2,8.661691250804408,3,24.14130094982548
1830,uva,packing_B,T06,largo,30,G2,4.070000379619832,0.849965324167062,1.0546005074140277,True,572,317.1973863494754,80.3293547222969,-0.4097695248316604,24.789377440070403,60,343.2,8.661691250804408,4,24.034978557566088
1830,uva,packing_B,T06,largo,30,G2,4.070000379619832,0.849965324167062,1.0546005074140277,True,572,317.1973863494754,80.3293547222969,-0.4097695248316604,24.789377440070403,60,343.2,8.661691250804408,5,23.861257873925375
1830,uva,packing_B,T06,largo,30,G2,4.070000379619832,0.849965324167062,1.0546005074140277,True,572,317.1973863494754,80.3293547222969,-0.4097695248316604,24.789377440070403,60,343.2,8.661691250804408,6,23.471642327727203
1830,uva,packing_B,T06,largo,30,G2,4.070000379619832,0.849965324167062,1.0546005074140277,True,572,317.1973863494754,80.3293547222969,-0.4097695248316604,24.789377440070403,60,343.2,8.661691250804408,7,23.274511608030505
1830,uva,packing_B,T06,largo,30,G2,4.070000379619832,0.849965324167062,1.0546005074140277,True,572,317.1973863494754,80.3293547222969,-0.4097695248316604,24.789377440070403,60,343.2,8.661691250804408,8,23.136562149594482
1830,uva,packing_B,T06,largo,30,G2,4.070000379619832,0.849965324167062,1.0546005074140277,True,572,317.1973863494754,80.3293547222969,-0.4097695248316604,24.789377440070403,60,343.2,8.661691250804408,9,23.07860198663183
1830,uva,packing_B,T06,largo,30,G2,4.070000379619832,0.849965324167062,1.0546005074140277,True,572,317.1973863494754,80.3293547222969,-0.4097695248316604,24.789377440070403,60,343.2,8.661691250804408,10,22.881631009839467
1830,uva,packing_B,T06,largo,30,G2,4.070000379619832,0.849965324167062,1.0546005074140277,True,572,317.1973863494754,80.3293547222969,-0.4097695248316604,24.789377440070403,60,343.2,8.661691250804408,11,22.782714447118444
1830,uva,packing_B,T06,largo,30,G2,4.070000379619832,0.849965324167062,1.0546005074140277,True,572,317.1973863494754,80.3293547222969,-0.4097695248316604,24.789377440070403,60,343.2,8.661691250804408,12,22.22447623953048
1830,uva,packing_B,T06,largo,30,G2,4.070000379619832,0.849965324167062,1.0546005074140277,True,572,317.1973863494754,80.3293547222969,-0.4097695248316604,24.789377440070403,60,343.2,8.661691250804408,13,22.5209350812308
1830,uva,packing_B,T06,largo,30,G2,4.070000379619832,0.849965324167062,1.0546005074140277,True,572,317.1973863494754,80.3293547222969,-0.4097695248316604,24.789377440070403,60,343.2,8.661691250804408,14,21.993944280088673
1830,uva,packing_B,T06,largo,30,G2,4.070000379619832,0.849965324167062,1.0546005074140277,True,572,317.1973863494754,80.3293547222969,-0.4097695248316604,24.789377440070403,60,343.2,8.661691250804408,15,21.817606277199793
1830,uva,packing_B,T06,largo,30,G2,4.070000379619832,0.849965324167062,1.0546005074140277,True,572,317.1973863494754,80.3293547222969,-0.4097695248316604,24.789377440070403,60,343.2,8.661691250804408,16,21.59686245155286
1830,uva,packing_B,T06,largo,30,G2,4.070000379619832,0.849965324167062,1.0546005074140277,True,572,317.1973863494754,80.3293547222969,-0.4097695248316604,24.789377440070403,60,343.2,8.661691250804408,17,21.319774981476225
1830,uva,packing_B,T06,largo,30,G2,4.070000379619832,0.849965324167062,1.0546005074140277,True,572,317.1973863494754,80.3293547222969,-0.4097695248316604,24.789377440070403,60,343.2,8.661691250804408,18,21.18625589392476
1830,uva,packing_B,T06,largo,30,G2,4.070000379619832,0.849965324167062,1.0546005074140277,True,572,317.1973863494754,80.3293547222969,-0.4097695248316604,24.789377440070403,60,343.2,8.661691250804408,19,20.956544889207922
1830,uva,packing_B,T06,largo,30,G2,4.070000379619832,0.849965324167062,1.0546005074140277,True,572,317.1973863494754,80.3293547222969,-0.4097695248316604,24.789377440070403,60,343.2,8.661691250804408,20,20.64654521458853
1830,uva,packing_B,T06,largo,30,G2,4.070000379619832,0.849965324167062,1.0546005074140277,True,572,317.1973863494754,80.3293547222969,-0.4097695248316604,24.789377440070403,60,343.2,8.661691250804408,21,20.40953780787986
1830,uva,packing_B,T06,largo,30,G2,4.070000379619832,0.849965324167062,1.0546005074140277,True,572,317.1973863494754,80.3293547222969,-0.4097695248316604,24.789377440070403,60,343.2,8.661691250804408,22,20.29301893715372
1830,uva,packing_B,T06,largo,30,G2,4.070000379619832,0.849965324167062,1.0546005074140277,True,572,317.1973863494754,80.3293547222969,-0.4097695248316604,24.789377440070403,60,343.2,8.661691250804408,23,20.079204030490384
1830,uva,packing_B,T06,largo,30,G2,4.070000379619832,0.849965324167062,1.0546005074140277,True,572,317.1973863494754,80.3293547222969,-0.4097695248316604,24.789377440070403,60,343.2,8.661691250804408,24,19.847354462887516
1830,uva,packing_B,T06,largo,30,G2,4.070000379619832,0.849965324167062,1.0546005074140277,True,572,317.1973863494754,80.3293547222969,-0.4097695248316604,24.789377440070403,60,343.2,8.661691250804408,25,19.670881865272637
1830,uva,packing_B,T06,largo,30,G2,4.070000379619832,0.849965324167062,1.0546005074140277,True,572,317.1973863494754,80.3293547222969,-0.4097695248316604,24.789377440070403,60,343.2,8.661691250804408,26,19.30226709400135
1830,uva,packing_B,T06,largo,30,G2,4.070000379619832,0.849965324167062,1.0546005074140277,True,572,317.1973863494754,80.3293547222969,-0.4097695248316604,24.789377440070403,60,343.2,8.661691250804408,27,19.008472285739412
1830,uva,packing_B,T06,largo,30,G2,4.070000379619832,0.849965324167062,1.0546005074140277,True,572,317.1973863494754,80.3293547222969,-0.4097695248316604,24.789377440070403,60,343.2,8.661691250804408,28,18.831197756431973
1830,uva,packing_B,T06,largo,30,G2,4.070000379619832,0.849965324167062,1.0546005074140277,True,572,317.1973863494754,80.3293547222969,-0.4097695248316604,24.789377440070403,60,343.2,8.661691250804408,29,18.52403132701117
1830,uva,packing_B,T06,largo,30,G2,4.070000379619832,0.849965324167062,1.0546005074140277,True,572,317.1973863494754,80.3293547222969,-0.4097695248316604,24.789377440070403,60,343.2,8.661691250804408,30,18.434173117487067
1830,uva,packing_B,T06,largo,30,G2,4.070000379619832,0.849965324167062,1.0546005074140277,True,572,317.1973863494754,80.3293547222969,-0.4097695248316604,24.789377440070403,60,343.2,8.661691250804408,31,18.225701327185078
1830,uva,packing_B,T06,largo,30,G2,4.070000379619832,0.849965324167062,1.0546005074140277,True,572,317.1973863494754,80.3293547222969,-0.4097695248316604,24.789377440070403,60,343.2,8.661691250804408,32,17.90001992086734
1830,uva,packing_B,T06,largo,30,G2,4.070000379619832,0.849965324167062,1.0546005074140277,True,572,317.1973863494754,80.3293547222969,-0.4097695248316604,24.789377440070403,60,343.2,8.661691250804408,33,17.638188158634478
1830,uva,packing_B,T06,largo,30,G2,4.070000379619832,0.849965324167062,1.0546005074140277,True,572,317.1973863494754,80.3293547222969,-0.4097695248316604,24.789377440070403,60,343.2,8.661691250804408,34,17.423566898106436
1830,uva,packing_B,T06,largo,30,G2,4.070000379619832,0.849965324167062,1.0546005074140277,True,572,317.1973863494754,80.3293547222969,-0.4097695248316604,24.789377440070403,60,343.2,8.661691250804408,35,17.13533198448446
1830,uva,packing_B,T06,largo,30,G2,4.070000379619832,0.849965324167062,1.0546005074140277,True,572,317.1973863494754,80.3293547222969,-0.4097695248316604,24.789377440070403,60,343.2,8.661691250804408,36,17.06868719605061
1830,uva,packing_B,T06,largo,30,G2,4.070000379619832,0.849965324167062,1.0546005074140277,True,572,317.1973863494754,80.3293547222969,-0.4097695248316604,24.789377440070403,60,343.2,8.661691250804408,37,16.508467919818393
1830,uva,packing_B,T06,largo,30,G2,4.070000379619832,0.849965324167062,1.0546005074140277,True,572,317.1973863494754,80.3293547222969,-0.4097695248316604,24.789377440070403,60,343.2,8.661691250804408,38,16.46212822617068
1830,uva,packing_B,T06,largo,30,G2,4.070000379619832,0.849965324167062,1.0546005074140277,True,572,317.1973863494754,80.3293547222969,-0.4097695248316604,24.789377440070403,60,343.2,8.661691250804408,39,16.17417732568052
1830,uva,packing_B,T06,largo,30,G2,4.070000379619832,0.849965324167062,1.0546005074140277,True,572,317.1973863494754,80.3293547222969,-0.4097695248316604,24.789377440070403,60,343.2,8.661691250804408,40,15.805326672182478
1830,uva,packing_B,T06,largo,30,G2,4.070000379619832,0.849965324167062,1.0546005074140277,True,572,317.1973863494754,80.3293547222969,-0.4097695248316604,24.789377440070403,60,343.2,8.661691250804408,41,15.744283284161142
1830,uva,packing_B,T06,largo,30,G2,4.070000379619832,0.849965324167062,1.0546005074140277,True,572,317.1973863494754,80.3293547222969,-0.4097695248316604,24.789377440070403,60,343.2,8.661691250804408,42,15.301817372294138
1830,uva,packing_B,T06,largo,30,G2,4.070000379619832,0.849965324167062,1.0546005074140277,True,572,317.1973863494754,80.3293547222969,-0.4097695248316604,24.789377440070403,60,343.2,8.661691250804408,43,15.16068311958826
1830,uva,packing_B,T06,largo,30,G2,4.070000379619832,0.849965324167062,1.0546005074140277,True,572,317.1973863494754,80.3293547222969,-0.4097695248316604,24.789377440070403,60,343.2,8.661691250804408,44,14.760271787302806
1830,uva,packing_B,T06,largo,30,G2,4.070000379619832,0.849965324167062,1.0546005074140277,True,572,317.1973863494754,80.3293547222969,-0.4097695248316604,24.789377440070403,60,343.2,8.661691250804408,45,14.585188468019185
1830,uva,packing_B,T06,largo,30,G2,4.070000379619832,0.849965324167062,1.0546005074140277,True,572,317.1973863494754,80.3293547222969,-0.4097695248316604,24.789377440070403,60,343.2,8.661691250804408,46,14.341379730557103
1830,uva,packing_B,T06,largo,30,G2,4.070000379619832,0.849965324167062,1.0546005074140277,True,572,317.1973863494754,80.3293547222969,-0.4097695248316604,24.789377440070403,60,343.2,8.661691250804408,47,14.061561864711445
1830,uva,packing_B,T06,largo,30,G2,4.070000379619832,0.849965324167062,1.0546005074140277,True,572,317.1973863494754,80.3293547222969,-0.4097695248316604,24.789377440070403,60,343.2,8.661691250804408,48,13.95781141050275
1830,uva,packing_B,T06,largo,30,G2,4.070000379619832,0.849965324167062,1.0546005074140277,True,572,317.1973863494754,80.3293547222969,-0.4097695248316604,24.789377440070403,60,343.2,8.661691250804408,49,13.671551905373015
1830,uva,packing_B,T06,largo,30,G2,4.070000379619832,0.849965324167062,1.0546005074140277,True,572,317.1973863494754,80.3293547222969,-0.4097695248316604,24.789377440070403,60,343.2,8.661691250804408,50,13.44538678769895
1830,uva,packing_B,T06,largo,30,G2,4.070000379619832,0.849965324167062,1.0546005074140277,True,572,317.1973863494754,80.3293547222969,-0.4097695248316604,24.789377440070403,60,343.2,8.661691250804408,51,13.244930982528171
1830,uva,packing_B,T06,largo,30,G2,4.070000379619832,0.849965324167062,1.0546005074140277,True,572,317.1973863494754,80.3293547222969,-0.4097695248316604,24.789377440070403,60,343.2,8.661691250804408,52,12.908665021871286
1830,uva,packing_B,T06,largo,30,G2,4.070000379619832,0.849965324167062,1.0546005074140277,True,572,317.1973863494754,80.3293547222969,-0.4097695248316604,24.789377440070403,60,343.2,8.661691250804408,53,12.518101698763306
1830,uva,packing_B,T06,largo,30,G2,4.070000379619832,0.849965324167062,1.0546005074140277,True,572,317.1973863494754,80.3293547222969,-0.4097695248316604,24.789377440070403,60,343.2,8.661691250804408,54,12.392335050565734
1830,uva,packing_B,T06,largo,30,G2,4.070000379619832,0.849965324167062,1.0546005074140277,True,572,317.1973863494754,80.3293547222969,-0.4097695248316604,24.789377440070403,60,343.2,8.661691250804408,55,12.23452861931651
1830,uva,packing_B,T06,largo,30,G2,4.070000379619832,0.849965324167062,1.0546005074140277,True,572,317.1973863494754,80.3293547222969,-0.4097695248316604,24.789377440070403,60,343.2,8.661691250804408,56,11.803939213378797
1830,uva,packing_B,T06,largo,30,G2,4.070000379619832,0.849965324167062,1.0546005074140277,True,572,317.1973863494754,80.3293547222969,-0.4097695248316604,24.789377440070403,60,343.2,8.661691250804408,57,11.624350349214257
1830,uva,packing_B,T06,largo,30,G2,4.070000379619832,0.849965324167062,1.0546005074140277,True,572,317.1973863494754,80.3293547222969,-0.4097695248316604,24.789377440070403,60,343.2,8.661691250804408,58,11.269364898827991
1830,uva,packing_B,T06,largo,30,G2,4.070000379619832,0.849965324167062,1.0546005074140277,True,572,317.1973863494754,80.3293547222969,-0.4097695248316604,24.789377440070403,60,343.2,8.661691250804408,59,11.216114418628596
1830,uva,packing_B,T06,largo,30,G2,4.070000379619832,0.849965324167062,1.0546005074140277,True,572,317.1973863494754,80.3293547222969,-0.4097695248316604,24.789377440070403,60,343.2,8.661691250804408,60,10.888177550732532
1830,uva,packing_B,T06,largo,30,G2,4.070000379619832,0.849965324167062,1.0546005074140277,True,572,317.1973863494754,80.3293547222969,-0.4097695248316604,24.789377440070403,60,343.2,8.661691250804408,61,10.686763102862786
1830,uva,packing_B,T06,largo,30,G2,4.070000379619832,0.849965324167062,1.0546005074140277,True,572,317.1973863494754,80.3293547222969,-0.4097695248316604,24.789377440070403,60,343.2,8.661691250804408,62,10.436026580806418
1830,uva,packing_B,T06,largo,30,G2,4.070000379619832,0.849965324167062,1.0546005074140277,True,572,317.1973863494754,80.3293547222969,-0.4097695248316604,24.789377440070403,60,343.2,8.661691250804408,63,10.181295588240609
1830,uva,packing_B,T06,largo,30,G2,4.070000379619832,0.849965324167062,1.0546005074140277,True,572,317.1973863494754,80.3293547222969,-0.4097695248316604,24.789377440070403,60,343.2,8.661691250804408,64,9.701487903855844
1830,uva,packing_B,T06,largo,30,G2,4.070000379619832,0.849965324167062,1.0546005074140277,True,572,317.1973863494754,80.3293547222969,-0.4097695248316604,24.789377440070403,60,343.2,8.661691250804408,65,9.579079161400308
1830,uva,packing_B,T06,largo,30,G2,4.070000379619832,0.849965324167062,1.0546005074140277,True,572,317.1973863494754,80.3293547222969,-0.4097695248316604,24.789377440070403,60,343.2,8.661691250804408,66,9.499218342708211
1830,uva,packing_B,T06,largo,30,G2,4.070000379619832,0.849965324167062,1.0546005074140277,True,572,317.1973863494754,80.3293547222969,-0.4097695248316604,24.789377440070403,60,343.2,8.661691250804408,67,8.968768795008364
1830,uva,packing_B,T06,largo,30,G2,4.070000379619832,0.849965324167062,1.0546005074140277,True,572,317.1973863494754,80.3293547222969,-0.4097695248316604,24.789377440070403,60,343.2,8.661691250804408,68,9.111411394186971
1830,uva,packing_B,T06,largo,30,G2,4.070000379619832,0.849965324167062,1.0546005074140277,True,572,317.1973863494754,80.3293547222969,-0.4097695248316604,24.789377440070403,60,343.2,8.661691250804408,69,8.591487425854725
1830,uva,packing_B,T06,largo,30,G2,4.070000379619832,0.849965324167062,1.0546005074140277,True,572,317.1973863494754,80.3293547222969,-0.4097695248316604,24.789377440070403,60,343.2,8.661691250804408,70,8.307072641834836
1830,uva,packing_B,T06,largo,30,G2,4.070000379619832,0.849965324167062,1.0546005074140277,True,572,317.1973863494754,80.3293547222969,-0.4097695248316604,24.789377440070403,60,343.2,8.661691250804408,71,8.103180981921222
1830,uva,packing_B,T06,largo,30,G2,4.070000379619832,0.849965324167062,1.0546005074140277,True,572,317.1973863494754,80.3293547222969,-0.4097695248316604,24.789377440070403,60,343.2,8.661691250804408,72,7.845583071483208
1830,uva,packing_B,T06,largo,30,G2,4.070000379619832,0.849965324167062,1.0546005074140277,True,572,317.1973863494754,80.3293547222969,-0.4097695248316604,24.789377440070403,60,343.2,8.661691250804408,73,7.571870103099162
1830,uva,packing_B,T06,largo,30,G2,4.070000379619832,0.849965324167062,1.0546005074140277,True,572,317.1973863494754,80.3293547222969,-0.4097695248316604,24.789377440070403,60,343.2,8.661691250804408,74,7.3598103953764005
1830,uva,packing_B,T06,largo,30,G2,4.070000379619832,0.849965324167062,1.0546005074140277,True,572,317.1973863494754,80.3293547222969,-0.4097695248316604,24.789377440070403,60,343.2,8.661691250804408,75,7.224617988473248
1830,uva,packing_B,T06,largo,30,G2,4.070000379619832,0.849965324167062,1.0546005074140277,True,572,317.1973863494754,80.3293547222969,-0.4097695248316604,24.789377440070403,60,343.2,8.661691250804408,76,6.991182060369598
1830,uva,packing_B,T06,largo,30,G2,4.070000379619832,0.849965324167062,1.0546005074140277,True,572,317.1973863494754,80.3293547222969,-0.4097695248316604,24.789377440070403,60,343.2,8.661691250804408,77,6.917437496447353
1830,uva,packing_B,T06,largo,30,G2,4.070000379619832,0.849965324167062,1.0546005074140277,True,572,317.1973863494754,80.3293547222969,-0.4097695248316604,24.789377440070403,60,343.2,8.661691250804408,78,6.61543431532371
1830,uva,packing_B,T06,largo,30,G2,4.070000379619832,0.849965324167062,1.0546005074140277,True,572,317.1973863494754,80.3293547222969,-0.4097695248316604,24.789377440070403,60,343.2,8.661691250804408,79,6.262125135638836
1830,uva,packing_B,T06,largo,30,G2,4.070000379619832,0.849965324167062,1.0546005074140277,True,572,317.1973863494754,80.3293547222969,-0.4097695248316604,24.789377440070403,60,343.2,8.661691250804408,80,5.876288810633163
1830,uva,packing_B,T06,largo,30,G2,4.070000379619832,0.849965324167062,1.0546005074140277,True,572,317.1973863494754,80.3293547222969,-0.4097695248316604,24.789377440070403,60,343.2,8.661691250804408,81,5.659350663201536
1830,uva,packing_B,T06,largo,30,G2,4.070000379619832,0.849965324167062,1.0546005074140277,True,572,317.1973863494754,80.3293547222969,-0.4097695248316604,24.789377440070403,60,343.2,8.661691250804408,82,5.442647240991973
1830,uva,packing_B,T06,largo,30,G2,4.070000379619832,0.849965324167062,1.0546005074140277,True,572,317.1973863494754,80.3293547222969,-0.4097695248316604,24.789377440070403,60,343.2,8.661691250804408,83,5.294440731656367
1830,uva,packing_B,T06,largo,30,G2,4.070000379619832,0.849965324167062,1.0546005074140277,True,572,317.1973863494754,80.3293547222969,-0.4097695248316604,24.789377440070403,60,343.2,8.661691250804408,84,5.1436940856816245
1830,uva,packing_B,T06,largo,30,G2,4.070000379619832,0.849965324167062,1.0546005074140277,True,572,317.1973863494754,80.3293547222969,-0.4097695248316604,24.789377440070403,60,343.2,8.661691250804408,85,4.7650862109739025
1830,uva,packing_B,T06,largo,30,G2,4.070000379619832,0.849965324167062,1.0546005074140277,True,572,317.1973863494754,80.3293547222969,-0.4097695248316604,24.789377440070403,60,343.2,8.661691250804408,86,4.581905374194406
1830,uva,packing_B,T06,largo,30,G2,4.070000379619832,0.849965324167062,1.0546005074140277,True,572,317.1973863494754,80.3293547222969,-0.4097695248316604,24.789377440070403,60,343.2,8.661691250804408,87,4.470158483913296
1830,uva,packing_B,T06,largo,30,G2,4.070000379619832,0.849965324167062,1.0546005074140277,True,572,317.1973863494754,80.3293547222969,-0.4097695248316604,24.789377440070403,60,343.2,8.661691250804408,88,4.316999480820637
1830,uva,packing_B,T06,largo,30,G2,4.070000379619832,0.849965324167062,1.0546005074140277,True,572,317.1973863494754,80.3293547222969,-0.4097695248316604,24.789377440070403,60,343.2,8.661691250804408,89,3.9051793425394044
1830,uva,packing_B,T06,largo,30,G2,4.070000379619832,0.849965324167062,1.0546005074140277,True,572,317.1973863494754,80.3293547222969,-0.4097695248316604,24.789377440070403,60,343.2,8.661691250804408,90,3.7949063803681726
1830,uva,packing_B,T06,largo,30,G2,4.070000379619832,0.849965324167062,1.0546005074140277,True,572,317.1973863494754,80.3293547222969,-0.4097695248316604,24.789377440070403,60,343.2,8.661691250804408,91,3.5701127275097404
1830,uva,packing_B,T06,largo,30,G2,4.070000379619832,0.849965324167062,1.0546005074140277,True,572,317.1973863494754,80.3293547222969,-0.4097695248316604,24.789377440070403,60,343.2,8.661691250804408,92,3.4292940191903156
1830,uva,packing_B,T06,largo,30,G2,4.070000379619832,0.849965324167062,1.0546005074140277,True,572,317.1973863494754,80.3293547222969,-0.4097695248316604,24.789377440070403,60,343.2,8.661691250804408,93,3.0587515421373963
1830,uva,packing_B,T06,largo,30,G2,4.070000379619832,0.849965324167062,1.0546005074140277,True,572,317.1973863494754,80.3293547222969,-0.4097695248316604,24.789377440070403,60,343.2,8.661691250804408,94,2.984996693184768
1830,uva,packing_B,T06,largo,30,G2,4.070000379619832,0.849965324167062,1.0546005074140277,True,572,317.1973863494754,80.3293547222969,-0.4097695248316604,24.789377440070403,60,343.2,8.661691250804408,95,2.5919096326494584
1830,uva,packing_B,T06,largo,30,G2,4.070000379619832,0.849965324167062,1.0546005074140277,True,572,317.1973863494754,80.3293547222969,-0.4097695248316604,24.789377440070403,60,343.2,8.661691250804408,96,2.484477194209217
1830,uva,packing_B,T06,largo,30,G2,4.070000379619832,0.849965324167062,1.0546005074140277,True,572,317.1973863494754,80.3293547222969,-0.4097695248316604,24.789377440070403,60,343.2,8.661691250804408,97,2.343119071875906
1830,uva,packing_B,T06,largo,30,G2,4.070000379619832,0.849965324167062,1.0546005074140277,True,572,317.1973863494754,80.3293547222969,-0.4097695248316604,24.789377440070403,60,343.2,8.661691250804408,98,2.0736654703651816
1830,uva,packing_B,T06,largo,30,G2,4.070000379619832,0.849965324167062,1.0546005074140277,True,572,317.1973863494754,80.3293547222969,-0.4097695248316604,24.789377440070403,60,343.2,8.661691250804408,99,1.7242363865153727
1830,uva,packing_B,T06,largo,30,G2,4.070000379619832,0.849965324167062,1.0546005074140277,True,572,317.1973863494754,80.3293547222969,-0.4097695248316604,24.789377440070403,60,343.2,8.661691250804408,100,1.6310395194367318
1830,uva,packing_B,T06,largo,30,G2,4.070000379619832,0.849965324167062,1.0546005074140277,True,572,317.1973863494754,80.3293547222969,-0.4097695248316604,24.789377440070403,60,343.2,8.661691250804408,101,1.500937957406537
1830,uva,packing_B,T06,largo,30,G2,4.070000379619832,0.849965324167062,1.0546005074140277,True,572,317.1973863494754,80.3293547222969,-0.4097695248316604,24.789377440070403,60,343.2,8.661691250804408,102,1.241542522140922
1830,uva,packing_B,T06,largo,30,G2,4.070000379619832,0.849965324167062,1.0546005074140277,True,572,317.1973863494754,80.3293547222969,-0.4097695248316604,24.789377440070403,60,343.2,8.661691250804408,103,1.1226882215153071
1830,uva,packing_B,T06,largo,30,G2,4.070000379619832,0.849965324167062,1.0546005074140277,True,572,317.1973863494754,80.3293547222969,-0.4097695248316604,24.789377440070403,60,343.2,8.661691250804408,104,0.8886880988987527
1830,uva,packing_B,T06,largo,30,G2,4.070000379619832,0.849965324167062,1.0546005074140277,True,572,317.1973863494754,80.3293547222969,-0.4097695248316604,24.789377440070403,60,343.2,8.661691250804408,105,0.7876808850112175
1830,uva,packing_B,T06,largo,30,G2,4.070000379619832,0.849965324167062,1.0546005074140277,True,572,317.1973863494754,80.3293547222969,-0.4097695248316604,24.789377440070403,60,343.2,8.661691250804408,106,0.6793239793890745
1830,uva,packing_B,T06,largo,30,G2,4.070000379619832,0.849965324167062,1.0546005074140277,True,572,317.1973863494754,80.3293547222969,-0.4097695248316604,24.789377440070403,60,343.2,8.661691250804408,107,0.40827271343113386
1830,uva,packing_B,T06,largo,30,G2,4.070000379619832,0.849965324167062,1.0546005074140277,True,572,317.1973863494754,80.3293547222969,-0.4097695248316604,24.789377440070403,60,343.2,8.661691250804408,108,0.31774091893910417
1830,uva,packing_B,T06,largo,30,G2,4.070000379619832,0.849965324167062,1.0546005074140277,True,572,317.1973863494754,80.3293547222969,-0.4097695248316604,24.789377440070403,60,343.2,8.661691250804408,109,-0.028635598871235398
1830,uva,packing_B,T06,largo,30,G2,4.070000379619832,0.849965324167062,1.0546005074140277,True,572,317.1973863494754,80.3293547222969,-0.4097695248316604,24.789377440070403,60,343.2,8.661691250804408,110,-0.10767317325665428
1830,uva,packing_B,T06,largo,30,G2,4.070000379619832,0.849965324167062,1.0546005074140277,True,572,317.1973863494754,80.3293547222969,-0.4097695248316604,24.789377440070403,60,343.2,8.661691250804408,111,-0.2699866548837903
1830,uva,packing_B,T06,largo,30,G2,4.070000379619832,0.849965324167062,1.0546005074140277,True,572,317.1973863494754,80.3293547222969,-0.4097695248316604,24.789377440070403,60,343.2,8.661691250804408,112,-0.4218252214539299
1830,uva,packing_B,T06,largo,30,G2,4.070000379619832,0.849965324167062,1.0546005074140277,True,572,317.1973863494754,80.3293547222969,-0.4097695248316604,24.789377440070403,60,343.2,8.661691250804408,113,-0.6550096431275865
1830,uva,packing_B,T06,largo,30,G2,4.070000379619832,0.849965324167062,1.0546005074140277,True,572,317.1973863494754,80.3293547222969,-0.4097695248316604,24.789377440070403,60,343.2,8.661691250804408,114,-0.809589511089576
1830,uva,packing_B,T06,largo,30,G2,4.070000379619832,0.849965324167062,1.0546005074140277,True,572,317.1973863494754,80.3293547222969,-0.4097695248316604,24.789377440070403,60,343.2,8.661691250804408,115,-0.9945841911285033
1830,uva,packing_B,T06,largo,30,G2,4.070000379619832,0.849965324167062,1.0546005074140277,True,572,317.1973863494754,80.3293547222969,-0.4097695248316604,24.789377440070403,60,343.2,8.661691250804408,116,-1.3854507916755334
1830,uva,packing_B,T06,largo,30,G2,4.070000379619832,0.849965324167062,1.0546005074140277,True,572,317.1973863494754,80.3293547222969,-0.4097695248316604,24.789377440070403,60,343.2,8.661691250804408,117,-1.5409417388391533
1830,uva,packing_B,T06,largo,30,G2,4.070000379619832,0.849965324167062,1.0546005074140277,True,572,317.1973863494754,80.3293547222969,-0.4097695248316604,24.789377440070403,60,343.2,8.661691250804408,118,-1.310968478277885
1830,uva,packing_B,T06,largo,30,G2,4.070000379619832,0.849965324167062,1.0546005074140277,True,572,317.1973863494754,80.3293547222969,-0.4097695248316604,24.789377440070403,60,343.2,8.661691250804408,119,-1.6887242280258077
1830,uva,packing_B,T06,largo,30,G2,4.070000379619832,0.849965324167062,1.0546005074140277,True,572,317.1973863494754,80.3293547222969,-0.4097695248316604,24.789377440070403,60,343.2,8.661691250804408,120,-1.969229796041716
1830,uva,packing_B,T06,largo,30,G2,4.070000379619832,0.849965324167062,1.0546005074140277,True,572,317.1973863494754,80.3293547222969,-0.4097695248316604,24.789377440070403,60,343.2,8.661691250804408,121,-2.0401459686552
1830,uva,packing_B,T06,largo,30,G2,4.070000379619832,0.849965324167062,1.0546005074140277,True,572,317.1973863494754,80.3293547222969,-0.4097695248316604,24.789377440070403,60,343.2,8.661691250804408,122,-2.238768920921338
1830,uva,packing_B,T06,largo,30,G2,4.070000379619832,0.849965324167062,1.0546005074140277,True,572,317.1973863494754,80.3293547222969,-0.4097695248316604,24.789377440070403,60,343.2,8.661691250804408,123,-2.3157378416708685
1830,uva,packing_B,T06,largo,30,G2,4.070000379619832,0.849965324167062,1.0546005074140277,True,572,317.1973863494754,80.3293547222969,-0.4097695248316604,24.789377440070403,60,343.2,8.661691250804408,124,-2.5378477103914445
1830,uva,packing_B,T06,largo,30,G2,4.070000379619832,0.849965324167062,1.0546005074140277,True,572,317.1973863494754,80.3293547222969,-0.4097695248316604,24.789377440070403,60,343.2,8.661691250804408,125,-2.6533184958306117
1830,uva,packing_B,T06,largo,30,G2,4.070000379619832,0.849965324167062,1.0546005074140277,True,572,317.1973863494754,80.3293547222969,-0.4097695248316604,24.789377440070403,60,343.2,8.661691250804408,126,-3.035857983182515
1830,uva,packing_B,T06,largo,30,G2,4.070000379619832,0.849965324167062,1.0546005074140277,True,572,317.1973863494754,80.3293547222969,-0.4097695248316604,24.789377440070403,60,343.2,8.661691250804408,127,-2.9647441358064897
1830,uva,packing_B,T06,largo,30,G2,4.070000379619832,0.849965324167062,1.0546005074140277,True,572,317.1973863494754,80.3293547222969,-0.4097695248316604,24.789377440070403,60,343.2,8.661691250804408,128,-3.013831134845116
1830,uva,packing_B,T06,largo,30,G2,4.070000379619832,0.849965324167062,1.0546005074140277,True,572,317.1973863494754,80.3293547222969,-0.4097695248316604,24.789377440070403,60,343.2,8.661691250804408,129,-3.31829792176633
1830,uva,packing_B,T06,largo,30,G2,4.070000379619832,0.849965324167062,1.0546005074140277,True,572,317.1973863494754,80.3293547222969,-0.4097695248316604,24.789377440070403,60,343.2,8.661691250804408,130,-3.2580235788594707
1830,uva,packing_B,T06,largo,30,G2,4.070000379619832,0.849965324167062,1.0546005074140277,True,572,317.1973863494754,80.3293547222969,-0.4097695248316604,24.789377440070403,60,343.2,8.661691250804408,131,-3.565951628084578
1830,uva,packing_B,T06,largo,30,G2,4.070000379619832,0.849965324167062,1.0546005074140277,True,572,317.1973863494754,80.3293547222969,-0.4097695248316604,24.789377440070403,60,343.2,8.661691250804408,132,-3.7523634847765557
1830,uva,packing_B,T06,largo,30,G2,4.070000379619832,0.849965324167062,1.0546005074140277,True,572,317.1973863494754,80.3293547222969,-0.4097695248316604,24.789377440070403,60,343.2,8.661691250804408,133,-3.788349970156932
1830,uva,packing_B,T06,largo,30,G2,4.070000379619832,0.849965324167062,1.0546005074140277,True,572,317.1973863494754,80.3293547222969,-0.4097695248316604,24.789377440070403,60,343.2,8.661691250804408,134,-3.881901448131125
1830,uva,packing_B,T06,largo,30,G2,4.070000379619832,0.849965324167062,1.0546005074140277,True,572,317.1973863494754,80.3293547222969,-0.4097695248316604,24.789377440070403,60,343.2,8.661691250804408,135,-3.9739628448813296
1830,uva,packing_B,T06,largo,30,G2,4.070000379619832,0.849965324167062,1.0546005074140277,True,572,317.1973863494754,80.3293547222969,-0.4097695248316604,24.789377440070403,60,343.2,8.661691250804408,136,-4.254051244340838
1830,uva,packing_B,T06,largo,30,G2,4.070000379619832,0.849965324167062,1.0546005074140277,True,572,317.1973863494754,80.3293547222969,-0.4097695248316604,24.789377440070403,60,343.2,8.661691250804408,137,-4.17032602754001
1830,uva,packing_B,T06,largo,30,G2,4.070000379619832,0.849965324167062,1.0546005074140277,True,572,317.1973863494754,80.3293547222969,-0.4097695248316604,24.789377440070403,60,343.2,8.661691250804408,138,-4.4266995249037
1830,uva,packing_B,T06,largo,30,G2,4.070000379619832,0.849965324167062,1.0546005074140277,True,572,317.1973863494754,80.3293547222969,-0.4097695248316604,24.789377440070403,60,343.2,8.661691250804408,139,-4.613544564716157
1830,uva,packing_B,T06,largo,30,G2,4.070000379619832,0.849965324167062,1.0546005074140277,True,572,317.1973863494754,80.3293547222969,-0.4097695248316604,24.789377440070403,60,343.2,8.661691250804408,140,-4.595412600310371
1830,uva,packing_B,T06,largo,30,G2,4.070000379619832,0.849965324167062,1.0546005074140277,True,572,317.1973863494754,80.3293547222969,-0.4097695248316604,24.789377440070403,60,343.2,8.661691250804408,141,-4.6743880510031675
1830,uva,packing_B,T06,largo,30,G2,4.070000379619832,0.849965324167062,1.0546005074140277,True,572,317.1973863494754,80.3293547222969,-0.4097695248316604,24.789377440070403,60,343.2,8.661691250804408,142,-4.679945294469776
1830,uva,packing_B,T06,largo,30,G2,4.070000379619832,0.849965324167062,1.0546005074140277,True,572,317.1973863494754,80.3293547222969,-0.4097695248316604,24.789377440070403,60,343.2,8.661691250804408,143,-5.0658769841009486
1830,uva,packing_B,T06,largo,30,G2,4.070000379619832,0.849965324167062,1.0546005074140277,True,572,317.1973863494754,80.3293547222969,-0.4097695248316604,24.789377440070403,60,343.2,8.661691250804408,144,-4.991187687325963
1830,uva,packing_B,T06,largo,30,G2,4.070000379619832,0.849965324167062,1.0546005074140277,True,572,317.1973863494754,80.3293547222969,-0.4097695248316604,24.789377440070403,60,343.2,8.661691250804408,145,-5.1991846983704475
1830,uva,packing_B,T06,largo,30,G2,4.070000379619832,0.849965324167062,1.0546005074140277,True,572,317.1973863494754,80.3293547222969,-0.4097695248316604,24.789377440070403,60,343.2,8.661691250804408,146,-5.331401621146074
1830,uva,packing_B,T06,largo,30,G2,4.070000379619832,0.849965324167062,1.0546005074140277,True,572,317.1973863494754,80.3293547222969,-0.4097695248316604,24.789377440070403,60,343.2,8.661691250804408,147,-5.416964000184893
1830,uva,packing_B,T06,largo,30,G2,4.070000379619832,0.849965324167062,1.0546005074140277,True,572,317.1973863494754,80.3293547222969,-0.4097695248316604,24.789377440070403,60,343.2,8.661691250804408,148,-5.473326382845851
1830,uva,packing_B,T06,largo,30,G2,4.070000379619832,0.849965324167062,1.0546005074140277,True,572,317.1973863494754,80.3293547222969,-0.4097695248316604,24.789377440070403,60,343.2,8.661691250804408,149,-5.520329788319105
1830,uva,packing_B,T06,largo,30,G2,4.070000379619832,0.849965324167062,1.0546005074140277,True,572,317.1973863494754,80.3293547222969,-0.4097695248316604,24.789377440070403,60,343.2,8.661691250804408,150,-5.531947814225367
1830,uva,packing_B,T06,largo,30,G2,4.070000379619832,0.849965324167062,1.0546005074140277,True,572,317.1973863494754,80.3293547222969,-0.4097695248316604,24.789377440070403,60,343.2,8.661691250804408,151,-5.611090419172034
1830,uva,packing_B,T06,largo,30,G2,4.070000379619832,0.849965324167062,1.0546005074140277,True,572,317.1973863494754,80.3293547222969,-0.4097695248316604,24.789377440070403,60,343.2,8.661691250804408,152,-5.861890808914181
1830,uva,packing_B,T06,largo,30,G2,4.070000379619832,0.849965324167062,1.0546005074140277,True,572,317.1973863494754,80.3293547222969,-0.4097695248316604,24.789377440070403,60,343.2,8.661691250804408,153,-5.820875870192094
1830,uva,packing_B,T06,largo,30,G2,4.070000379619832,0.849965324167062,1.0546005074140277,True,572,317.1973863494754,80.3293547222969,-0.4097695248316604,24.789377440070403,60,343.2,8.661691250804408,154,-6.027891010088287
1830,uva,packing_B,T06,largo,30,G2,4.070000379619832,0.849965324167062,1.0546005074140277,True,572,317.1973863494754,80.3293547222969,-0.4097695248316604,24.789377440070403,60,343.2,8.661691250804408,155,-6.12389131846957
1830,uva,packing_B,T06,largo,30,G2,4.070000379619832,0.849965324167062,1.0546005074140277,True,572,317.1973863494754,80.3293547222969,-0.4097695248316604,24.789377440070403,60,343.2,8.661691250804408,156,-6.167216605194636
1830,uva,packing_B,T06,largo,30,G2,4.070000379619832,0.849965324167062,1.0546005074140277,True,572,317.1973863494754,80.3293547222969,-0.4097695248316604,24.789377440070403,60,343.2,8.661691250804408,157,-6.381661734056496
1830,uva,packing_B,T06,largo,30,G2,4.070000379619832,0.849965324167062,1.0546005074140277,True,572,317.1973863494754,80.3293547222969,-0.4097695248316604,24.789377440070403,60,343.2,8.661691250804408,158,-6.4891694797375195
1830,uva,packing_B,T06,largo,30,G2,4.070000379619832,0.849965324167062,1.0546005074140277,True,572,317.1973863494754,80.3293547222969,-0.4097695248316604,24.789377440070403,60,343.2,8.661691250804408,159,-6.402839867085915
1830,uva,packing_B,T06,largo,30,G2,4.070000379619832,0.849965324167062,1.0546005074140277,True,572,317.1973863494754,80.3293547222969,-0.4097695248316604,24.789377440070403,60,343.2,8.661691250804408,160,-6.392704068006641
1830,uva,packing_B,T06,largo,30,G2,4.070000379619832,0.849965324167062,1.0546005074140277,True,572,317.1973863494754,80.3293547222969,-0.4097695248316604,24.789377440070403,60,343.2,8.661691250804408,161,-6.301213354102876
1830,uva,packing_B,T06,largo,30,G2,4.070000379619832,0.849965324167062,1.0546005074140277,True,572,317.1973863494754,80.3293547222969,-0.4097695248316604,24.789377440070403,60,343.2,8.661691250804408,162,-6.495121153319704
1830,uva,packing_B,T06,largo,30,G2,4.070000379619832,0.849965324167062,1.0546005074140277,True,572,317.1973863494754,80.3293547222969,-0.4097695248316604,24.789377440070403,60,343.2,8.661691250804408,163,-6.617914575679205
1830,uva,packing_B,T06,largo,30,G2,4.070000379619832,0.849965324167062,1.0546005074140277,True,572,317.1973863494754,80.3293547222969,-0.4097695248316604,24.789377440070403,60,343.2,8.661691250804408,164,-6.591575449720073
1830,uva,packing_B,T06,largo,30,G2,4.070000379619832,0.849965324167062,1.0546005074140277,True,572,317.1973863494754,80.3293547222969,-0.4097695248316604,24.789377440070403,60,343.2,8.661691250804408,165,-6.711339987172297
1830,uva,packing_B,T06,largo,30,G2,4.070000379619832,0.849965324167062,1.0546005074140277,True,572,317.1973863494754,80.3293547222969,-0.4097695248316604,24.789377440070403,60,343.2,8.661691250804408,166,-6.782689303797547
1830,uva,packing_B,T06,largo,30,G2,4.070000379619832,0.849965324167062,1.0546005074140277,True,572,317.1973863494754,80.3293547222969,-0.4097695248316604,24.789377440070403,60,343.2,8.661691250804408,167,-6.845683907763762
1830,uva,packing_B,T06,largo,30,G2,4.070000379619832,0.849965324167062,1.0546005074140277,True,572,317.1973863494754,80.3293547222969,-0.4097695248316604,24.789377440070403,60,343.2,8.661691250804408,168,-6.770811262670266
1830,uva,packing_B,T06,largo,30,G2,4.070000379619832,0.849965324167062,1.0546005074140277,True,572,317.1973863494754,80.3293547222969,-0.4097695248316604,24.789377440070403,60,343.2,8.661691250804408,169,-6.901051745087151
1830,uva,packing_B,T06,largo,30,G2,4.070000379619832,0.849965324167062,1.0546005074140277,True,572,317.1973863494754,80.3293547222969,-0.4097695248316604,24.789377440070403,60,343.2,8.661691250804408,170,-6.917212736794101
1830,uva,packing_B,T06,largo,30,G2,4.070000379619832,0.849965324167062,1.0546005074140277,True,572,317.1973863494754,80.3293547222969,-0.4097695248316604,24.789377440070403,60,343.2,8.661691250804408,171,-7.14505707292988
1830,uva,packing_B,T06,largo,30,G2,4.070000379619832,0.849965324167062,1.0546005074140277,True,572,317.1973863494754,80.3293547222969,-0.4097695248316604,24.789377440070403,60,343.2,8.661691250804408,172,-7.213071759546094
1830,uva,packing_B,T06,largo,30,G2,4.070000379619832,0.849965324167062,1.0546005074140277,True,572,317.1973863494754,80.3293547222969,-0.4097695248316604,24.789377440070403,60,343.2,8.661691250804408,173,-7.072413702851304
1830,uva,packing_B,T06,largo,30,G2,4.070000379619832,0.849965324167062,1.0546005074140277,True,572,317.1973863494754,80.3293547222969,-0.4097695248316604,24.789377440070403,60,343.2,8.661691250804408,174,-7.311617780277959
1830,uva,packing_B,T06,largo,30,G2,4.070000379619832,0.849965324167062,1.0546005074140277,True,572,317.1973863494754,80.3293547222969,-0.4097695248316604,24.789377440070403,60,343.2,8.661691250804408,175,-7.285454286318696
1830,uva,packing_B,T06,largo,30,G2,4.070000379619832,0.849965324167062,1.0546005074140277,True,572,317.1973863494754,80.3293547222969,-0.4097695248316604,24.789377440070403,60,343.2,8.661691250804408,176,-7.100382732945413
1830,uva,packing_B,T06,largo,30,G2,4.070000379619832,0.849965324167062,1.0546005074140277,True,572,317.1973863494754,80.3293547222969,-0.4097695248316604,24.789377440070403,60,343.2,8.661691250804408,177,-7.310533145070116
1830,uva,packing_B,T06,largo,30,G2,4.070000379619832,0.849965324167062,1.0546005074140277,True,572,317.1973863494754,80.3293547222969,-0.4097695248316604,24.789377440070403,60,343.2,8.661691250804408,178,-7.192106340548875
1830,uva,packing_B,T06,largo,30,G2,4.070000379619832,0.849965324167062,1.0546005074140277,True,572,317.1973863494754,80.3293547222969,-0.4097695248316604,24.789377440070403,60,343.2,8.661691250804408,179,-7.551025328013725
1830,uva,packing_B,T06,largo,30,G2,4.070000379619832,0.849965324167062,1.0546005074140277,True,572,317.1973863494754,80.3293547222969,-0.4097695248316604,24.789377440070403,60,343.2,8.661691250804408,180,-7.570943214217746
1830,uva,packing_B,T06,largo,30,G2,4.070000379619832,0.849965324167062,1.0546005074140277,True,572,317.1973863494754,80.3293547222969,-0.4097695248316604,24.789377440070403,60,343.2,8.661691250804408,181,-7.497468202804014
1830,uva,packing_B,T06,largo,30,G2,4.070000379619832,0.849965324167062,1.0546005074140277,True,572,317.1973863494754,80.3293547222969,-0.4097695248316604,24.789377440070403,60,343.2,8.661691250804408,182,-7.646963477088264
1830,uva,packing_B,T06,largo,30,G2,4.070000379619832,0.849965324167062,1.0546005074140277,True,572,317.1973863494754,80.3293547222969,-0.4097695248316604,24.789377440070403,60,343.2,8.661691250804408,183,-7.59258641033338
1830,uva,packing_B,T06,largo,30,G2,4.070000379619832,0.849965324167062,1.0546005074140277,True,572,317.1973863494754,80.3293547222969,-0.4097695248316604,24.789377440070403,60,343.2,8.661691250804408,184,-7.65655165692047
1830,uva,packing_B,T06,largo,30,G2,4.070000379619832,0.849965324167062,1.0546005074140277,True,572,317.1973863494754,80.3293547222969,-0.4097695248316604,24.789377440070403,60,343.2,8.661691250804408,185,-7.697290102324551
1830,uva,packing_B,T06,largo,30,G2,4.070000379619832,0.849965324167062,1.0546005074140277,True,572,317.1973863494754,80.3293547222969,-0.4097695248316604,24.789377440070403,60,343.2,8.661691250804408,186,-7.531209773183948
1830,uva,packing_B,T06,largo,30,G2,4.070000379619832,0.849965324167062,1.0546005074140277,True,572,317.1973863494754,80.3293547222969,-0.4097695248316604,24.789377440070403,60,343.2,8.661691250804408,187,-7.543708325211443
1830,uva,packing_B,T06,largo,30,G2,4.070000379619832,0.849965324167062,1.0546005074140277,True,572,317.1973863494754,80.3293547222969,-0.4097695248316604,24.789377440070403,60,343.2,8.661691250804408,188,-7.601007188158842
1830,uva,packing_B,T06,largo,30,G2,4.070000379619832,0.849965324167062,1.0546005074140277,True,572,317.1973863494754,80.3293547222969,-0.4097695248316604,24.789377440070403,60,343.2,8.661691250804408,189,-7.805837034851486
1830,uva,packing_B,T06,largo,30,G2,4.070000379619832,0.849965324167062,1.0546005074140277,True,572,317.1973863494754,80.3293547222969,-0.4097695248316604,24.789377440070403,60,343.2,8.661691250804408,190,-7.716736899898774
1830,uva,packing_B,T06,largo,30,G2,4.070000379619832,0.849965324167062,1.0546005074140277,True,572,317.1973863494754,80.3293547222969,-0.4097695248316604,24.789377440070403,60,343.2,8.661691250804408,191,-7.674662374123322
1830,uva,packing_B,T06,largo,30,G2,4.070000379619832,0.849965324167062,1.0546005074140277,True,572,317.1973863494754,80.3293547222969,-0.4097695248316604,24.789377440070403,60,343.2,8.661691250804408,192,-7.662835095287644
1830,uva,packing_B,T06,largo,30,G2,4.070000379619832,0.849965324167062,1.0546005074140277,True,572,317.1973863494754,80.3293547222969,-0.4097695248316604,24.789377440070403,60,343.2,8.661691250804408,193,-7.7643330458602335
1830,uva,packing_B,T06,largo,30,G2,4.070000379619832,0.849965324167062,1.0546005074140277,True,572,317.1973863494754,80.3293547222969,-0.4097695248316604,24.789377440070403,60,343.2,8.661691250804408,194,-7.742125477601488
1830,uva,packing_B,T06,largo,30,G2,4.070000379619832,0.849965324167062,1.0546005074140277,True,572,317.1973863494754,80.3293547222969,-0.4097695248316604,24.789377440070403,60,343.2,8.661691250804408,195,-7.794489597962581
1830,uva,packing_B,T06,largo,30,G2,4.070000379619832,0.849965324167062,1.0546005074140277,True,572,317.1973863494754,80.3293547222969,-0.4097695248316604,24.789377440070403,60,343.2,8.661691250804408,196,-7.761516637426806
1830,uva,packing_B,T06,largo,30,G2,4.070000379619832,0.849965324167062,1.0546005074140277,True,572,317.1973863494754,80.3293547222969,-0.4097695248316604,24.789377440070403,60,343.2,8.661691250804408,197,-7.799107378044522
1830,uva,packing_B,T06,largo,30,G2,4.070000379619832,0.849965324167062,1.0546005074140277,True,572,317.1973863494754,80.3293547222969,-0.4097695248316604,24.789377440070403,60,343.2,8.661691250804408,198,-7.690286096244822
1830,uva,packing_B,T06,largo,30,G2,4.070000379619832,0.849965324167062,1.0546005074140277,True,572,317.1973863494754,80.3293547222969,-0.4097695248316604,24.789377440070403,60,343.2,8.661691250804408,199,-7.769928044720709
1830,uva,packing_B,T06,largo,30,G2,4.070000379619832,0.849965324167062,1.0546005074140277,True,572,317.1973863494754,80.3293547222969,-0.4097695248316604,24.789377440070403,60,343.2,8.661691250804408,200,-7.647012778719855
1830,uva,packing_B,T06,largo,30,G2,4.070000379619832,0.849965324167062,1.0546005074140277,True,572,317.1973863494754,80.3293547222969,-0.4097695248316604,24.789377440070403,60,343.2,8.661691250804408,201,-7.596404481452098
1830,uva,packing_B,T06,largo,30,G2,4.070000379619832,0.849965324167062,1.0546005074140277,True,572,317.1973863494754,80.3293547222969,-0.4097695248316604,24.789377440070403,60,343.2,8.661691250804408,202,-7.788501432347844
1830,uva,packing_B,T06,largo,30,G2,4.070000379619832,0.849965324167062,1.0546005074140277,True,572,317.1973863494754,80.3293547222969,-0.4097695248316604,24.789377440070403,60,343.2,8.661691250804408,203,-7.789143269470817
1830,uva,packing_B,T06,largo,30,G2,4.070000379619832,0.849965324167062,1.0546005074140277,True,572,317.1973863494754,80.3293547222969,-0.4097695248316604,24.789377440070403,60,343.2,8.661691250804408,204,-7.669387841143664
1830,uva,packing_B,T06,largo,30,G2,4.070000379619832,0.849965324167062,1.0546005074140277,True,572,317.1973863494754,80.3293547222969,-0.4097695248316604,24.789377440070403,60,343.2,8.661691250804408,205,-7.805496131539617
1830,uva,packing_B,T06,largo,30,G2,4.070000379619832,0.849965324167062,1.0546005074140277,True,572,317.1973863494754,80.3293547222969,-0.4097695248316604,24.789377440070403,60,343.2,8.661691250804408,206,-7.657826667658909
1830,uva,packing_B,T06,largo,30,G2,4.070000379619832,0.849965324167062,1.0546005074140277,True,572,317.1973863494754,80.3293547222969,-0.4097695248316604,24.789377440070403,60,343.2,8.661691250804408,207,-7.71931485584616
1830,uva,packing_B,T06,largo,30,G2,4.070000379619832,0.849965324167062,1.0546005074140277,True,572,317.1973863494754,80.3293547222969,-0.4097695248316604,24.789377440070403,60,343.2,8.661691250804408,208,-7.779016086658363
1830,uva,packing_B,T06,largo,30,G2,4.070000379619832,0.849965324167062,1.0546005074140277,True,572,317.1973863494754,80.3293547222969,-0.4097695248316604,24.789377440070403,60,343.2,8.661691250804408,209,-7.477375624101825
1830,uva,packing_B,T06,largo,30,G2,4.070000379619832,0.849965324167062,1.0546005074140277,True,572,317.1973863494754,80.3293547222969,-0.4097695248316604,24.789377440070403,60,343.2,8.661691250804408,210,-7.504090064634693
1830,uva,packing_B,T06,largo,30,G2,4.070000379619832,0.849965324167062,1.0546005074140277,True,572,317.1973863494754,80.3293547222969,-0.4097695248316604,24.789377440070403,60,343.2,8.661691250804408,211,-7.623867203919062
1830,uva,packing_B,T06,largo,30,G2,4.070000379619832,0.849965324167062,1.0546005074140277,True,572,317.1973863494754,80.3293547222969,-0.4097695248316604,24.789377440070403,60,343.2,8.661691250804408,212,-7.5718839066794175
1830,uva,packing_B,T06,largo,30,G2,4.070000379619832,0.849965324167062,1.0546005074140277,True,572,317.1973863494754,80.3293547222969,-0.4097695248316604,24.789377440070403,60,343.2,8.661691250804408,213,-7.429884735414439
1830,uva,packing_B,T06,largo,30,G2,4.070000379619832,0.849965324167062,1.0546005074140277,True,572,317.1973863494754,80.3293547222969,-0.4097695248316604,24.789377440070403,60,343.2,8.661691250804408,214,-7.565708122619145
1830,uva,packing_B,T06,largo,30,G2,4.070000379619832,0.849965324167062,1.0546005074140277,True,572,317.1973863494754,80.3293547222969,-0.4097695248316604,24.789377440070403,60,343.2,8.661691250804408,215,-7.539406387863763
1830,uva,packing_B,T06,largo,30,G2,4.070000379619832,0.849965324167062,1.0546005074140277,True,572,317.1973863494754,80.3293547222969,-0.4097695248316604,24.789377440070403,60,343.2,8.661691250804408,216,-7.631444962883819
1830,uva,packing_B,T06,largo,30,G2,4.070000379619832,0.849965324167062,1.0546005074140277,True,572,317.1973863494754,80.3293547222969,-0.4097695248316604,24.789377440070403,60,343.2,8.661691250804408,217,-7.244202361393554
1830,uva,packing_B,T06,largo,30,G2,4.070000379619832,0.849965324167062,1.0546005074140277,True,572,317.1973863494754,80.3293547222969,-0.4097695248316604,24.789377440070403,60,343.2,8.661691250804408,218,-7.456690981974369
1830,uva,packing_B,T06,largo,30,G2,4.070000379619832,0.849965324167062,1.0546005074140277,True,572,317.1973863494754,80.3293547222969,-0.4097695248316604,24.789377440070403,60,343.2,8.661691250804408,219,-7.4615726216380835
1830,uva,packing_B,T06,largo,30,G2,4.070000379619832,0.849965324167062,1.0546005074140277,True,572,317.1973863494754,80.3293547222969,-0.4097695248316604,24.789377440070403,60,343.2,8.661691250804408,220,-7.308840708028437
1830,uva,packing_B,T06,largo,30,G2,4.070000379619832,0.849965324167062,1.0546005074140277,True,572,317.1973863494754,80.3293547222969,-0.4097695248316604,24.789377440070403,60,343.2,8.661691250804408,221,-7.531844427563949
1830,uva,packing_B,T06,largo,30,G2,4.070000379619832,0.849965324167062,1.0546005074140277,True,572,317.1973863494754,80.3293547222969,-0.4097695248316604,24.789377440070403,60,343.2,8.661691250804408,222,-7.4797104208375655
1830,uva,packing_B,T06,largo,30,G2,4.070000379619832,0.849965324167062,1.0546005074140277,True,572,317.1973863494754,80.3293547222969,-0.4097695248316604,24.789377440070403,60,343.2,8.661691250804408,223,-7.201397651730664
1830,uva,packing_B,T06,largo,30,G2,4.070000379619832,0.849965324167062,1.0546005074140277,True,572,317.1973863494754,80.3293547222969,-0.4097695248316604,24.789377440070403,60,343.2,8.661691250804408,224,-7.122816165705311
1830,uva,packing_B,T06,largo,30,G2,4.070000379619832,0.849965324167062,1.0546005074140277,True,572,317.1973863494754,80.3293547222969,-0.4097695248316604,24.789377440070403,60,343.2,8.661691250804408,225,-7.213474960015997
1830,uva,packing_B,T06,largo,30,G2,4.070000379619832,0.849965324167062,1.0546005074140277,True,572,317.1973863494754,80.3293547222969,-0.4097695248316604,24.789377440070403,60,343.2,8.661691250804408,226,-7.15531240947191
1830,uva,packing_B,T06,largo,30,G2,4.070000379619832,0.849965324167062,1.0546005074140277,True,572,317.1973863494754,80.3293547222969,-0.4097695248316604,24.789377440070403,60,343.2,8.661691250804408,227,-7.167711955561339
1830,uva,packing_B,T06,largo,30,G2,4.070000379619832,0.849965324167062,1.0546005074140277,True,572,317.1973863494754,80.3293547222969,-0.4097695248316604,24.789377440070403,60,343.2,8.661691250804408,228,-7.031484242317892
1830,uva,packing_B,T06,largo,30,G2,4.070000379619832,0.849965324167062,1.0546005074140277,True,572,317.1973863494754,80.3293547222969,-0.4097695248316604,24.789377440070403,60,343.2,8.661691250804408,229,-7.004547906033681
1830,uva,packing_B,T06,largo,30,G2,4.070000379619832,0.849965324167062,1.0546005074140277,True,572,317.1973863494754,80.3293547222969,-0.4097695248316604,24.789377440070403,60,343.2,8.661691250804408,230,-6.973353417194088
1830,uva,packing_B,T06,largo,30,G2,4.070000379619832,0.849965324167062,1.0546005074140277,True,572,317.1973863494754,80.3293547222969,-0.4097695248316604,24.789377440070403,60,343.2,8.661691250804408,231,-6.882445374297097
1830,uva,packing_B,T06,largo,30,G2,4.070000379619832,0.849965324167062,1.0546005074140277,True,572,317.1973863494754,80.3293547222969,-0.4097695248316604,24.789377440070403,60,343.2,8.661691250804408,232,-6.846415075984913
1830,uva,packing_B,T06,largo,30,G2,4.070000379619832,0.849965324167062,1.0546005074140277,True,572,317.1973863494754,80.3293547222969,-0.4097695248316604,24.789377440070403,60,343.2,8.661691250804408,233,-6.938539471168182
1830,uva,packing_B,T06,largo,30,G2,4.070000379619832,0.849965324167062,1.0546005074140277,True,572,317.1973863494754,80.3293547222969,-0.4097695248316604,24.789377440070403,60,343.2,8.661691250804408,234,-6.721368276128302
1830,uva,packing_B,T06,largo,30,G2,4.070000379619832,0.849965324167062,1.0546005074140277,True,572,317.1973863494754,80.3293547222969,-0.4097695248316604,24.789377440070403,60,343.2,8.661691250804408,235,-6.775706261853961
1830,uva,packing_B,T06,largo,30,G2,4.070000379619832,0.849965324167062,1.0546005074140277,True,572,317.1973863494754,80.3293547222969,-0.4097695248316604,24.789377440070403,60,343.2,8.661691250804408,236,-6.732475296213273
1830,uva,packing_B,T06,largo,30,G2,4.070000379619832,0.849965324167062,1.0546005074140277,True,572,317.1973863494754,80.3293547222969,-0.4097695248316604,24.789377440070403,60,343.2,8.661691250804408,237,-6.693751370462686
1830,uva,packing_B,T06,largo,30,G2,4.070000379619832,0.849965324167062,1.0546005074140277,True,572,317.1973863494754,80.3293547222969,-0.4097695248316604,24.789377440070403,60,343.2,8.661691250804408,238,-6.59905542112146
1830,uva,packing_B,T06,largo,30,G2,4.070000379619832,0.849965324167062,1.0546005074140277,True,572,317.1973863494754,80.3293547222969,-0.4097695248316604,24.789377440070403,60,343.2,8.661691250804408,239,-6.621130461614653
1830,uva,packing_B,T06,largo,30,G2,4.070000379619832,0.849965324167062,1.0546005074140277,True,572,317.1973863494754,80.3293547222969,-0.4097695248316604,24.789377440070403,60,343.2,8.661691250804408,240,-6.341334517300911
1830,uva,packing_B,T06,largo,30,G2,4.070000379619832,0.849965324167062,1.0546005074140277,True,572,317.1973863494754,80.3293547222969,-0.4097695248316604,24.789377440070403,60,343.2,8.661691250804408,241,-6.64852345134502
1830,uva,packing_B,T06,largo,30,G2,4.070000379619832,0.849965324167062,1.0546005074140277,True,572,317.1973863494754,80.3293547222969,-0.4097695248316604,24.789377440070403,60,343.2,8.661691250804408,242,-6.566436540231656
1830,uva,packing_B,T06,largo,30,G2,4.070000379619832,0.849965324167062,1.0546005074140277,True,572,317.1973863494754,80.3293547222969,-0.4097695248316604,24.789377440070403,60,343.2,8.661691250804408,243,-6.513598165676717
1830,uva,packing_B,T06,largo,30,G2,4.070000379619832,0.849965324167062,1.0546005074140277,True,572,317.1973863494754,80.3293547222969,-0.4097695248316604,24.789377440070403,60,343.2,8.661691250804408,244,-6.338788037435612
1830,uva,packing_B,T06,largo,30,G2,4.070000379619832,0.849965324167062,1.0546005074140277,True,572,317.1973863494754,80.3293547222969,-0.4097695248316604,24.789377440070403,60,343.2,8.661691250804408,245,-6.316549533252252
1830,uva,packing_B,T06,largo,30,G2,4.070000379619832,0.849965324167062,1.0546005074140277,True,572,317.1973863494754,80.3293547222969,-0.4097695248316604,24.789377440070403,60,343.2,8.661691250804408,246,-6.456749480607994
1830,uva,packing_B,T06,largo,30,G2,4.070000379619832,0.849965324167062,1.0546005074140277,True,572,317.1973863494754,80.3293547222969,-0.4097695248316604,24.789377440070403,60,343.2,8.661691250804408,247,-6.121032547763731
1830,uva,packing_B,T06,largo,30,G2,4.070000379619832,0.849965324167062,1.0546005074140277,True,572,317.1973863494754,80.3293547222969,-0.4097695248316604,24.789377440070403,60,343.2,8.661691250804408,248,-6.186499028765621
1830,uva,packing_B,T06,largo,30,G2,4.070000379619832,0.849965324167062,1.0546005074140277,True,572,317.1973863494754,80.3293547222969,-0.4097695248316604,24.789377440070403,60,343.2,8.661691250804408,249,-6.11596941025055
1830,uva,packing_B,T06,largo,30,G2,4.070000379619832,0.849965324167062,1.0546005074140277,True,572,317.1973863494754,80.3293547222969,-0.4097695248316604,24.789377440070403,60,343.2,8.661691250804408,250,-6.048784971561282
1830,uva,packing_B,T06,largo,30,G2,4.070000379619832,0.849965324167062,1.0546005074140277,True,572,317.1973863494754,80.3293547222969,-0.4097695248316604,24.789377440070403,60,343.2,8.661691250804408,251,-5.854781532564786
1830,uva,packing_B,T06,largo,30,G2,4.070000379619832,0.849965324167062,1.0546005074140277,True,572,317.1973863494754,80.3293547222969,-0.4097695248316604,24.789377440070403,60,343.2,8.661691250804408,252,-5.797497951968778
1830,uva,packing_B,T06,largo,30,G2,4.070000379619832,0.849965324167062,1.0546005074140277,True,572,317.1973863494754,80.3293547222969,-0.4097695248316604,24.789377440070403,60,343.2,8.661691250804408,253,-5.992582004301283
1830,uva,packing_B,T06,largo,30,G2,4.070000379619832,0.849965324167062,1.0546005074140277,True,572,317.1973863494754,80.3293547222969,-0.4097695248316604,24.789377440070403,60,343.2,8.661691250804408,254,-5.912227117036757
1830,uva,packing_B,T06,largo,30,G2,4.070000379619832,0.849965324167062,1.0546005074140277,True,572,317.1973863494754,80.3293547222969,-0.4097695248316604,24.789377440070403,60,343.2,8.661691250804408,255,-5.9234537425015725
1830,uva,packing_B,T06,largo,30,G2,4.070000379619832,0.849965324167062,1.0546005074140277,True,572,317.1973863494754,80.3293547222969,-0.4097695248316604,24.789377440070403,60,343.2,8.661691250804408,256,-5.724268700607622
1830,uva,packing_B,T06,largo,30,G2,4.070000379619832,0.849965324167062,1.0546005074140277,True,572,317.1973863494754,80.3293547222969,-0.4097695248316604,24.789377440070403,60,343.2,8.661691250804408,257,-5.511057426645735
1830,uva,packing_B,T06,largo,30,G2,4.070000379619832,0.849965324167062,1.0546005074140277,True,572,317.1973863494754,80.3293547222969,-0.4097695248316604,24.789377440070403,60,343.2,8.661691250804408,258,-5.696911361219047
1830,uva,packing_B,T06,largo,30,G2,4.070000379619832,0.849965324167062,1.0546005074140277,True,572,317.1973863494754,80.3293547222969,-0.4097695248316604,24.789377440070403,60,343.2,8.661691250804408,259,-5.724265485301841
1830,uva,packing_B,T06,largo,30,G2,4.070000379619832,0.849965324167062,1.0546005074140277,True,572,317.1973863494754,80.3293547222969,-0.4097695248316604,24.789377440070403,60,343.2,8.661691250804408,260,-5.509563818225289
1830,uva,packing_B,T06,largo,30,G2,4.070000379619832,0.849965324167062,1.0546005074140277,True,572,317.1973863494754,80.3293547222969,-0.4097695248316604,24.789377440070403,60,343.2,8.661691250804408,261,-5.386882798102483
1830,uva,packing_B,T06,largo,30,G2,4.070000379619832,0.849965324167062,1.0546005074140277,True,572,317.1973863494754,80.3293547222969,-0.4097695248316604,24.789377440070403,60,343.2,8.661691250804408,262,-5.45847873406101
1830,uva,packing_B,T06,largo,30,G2,4.070000379619832,0.849965324167062,1.0546005074140277,True,572,317.1973863494754,80.3293547222969,-0.4097695248316604,24.789377440070403,60,343.2,8.661691250804408,263,-5.456364344498117
1830,uva,packing_B,T06,largo,30,G2,4.070000379619832,0.849965324167062,1.0546005074140277,True,572,317.1973863494754,80.3293547222969,-0.4097695248316604,24.789377440070403,60,343.2,8.661691250804408,264,-5.1597828858559005
1830,uva,packing_B,T06,largo,30,G2,4.070000379619832,0.849965324167062,1.0546005074140277,True,572,317.1973863494754,80.3293547222969,-0.4097695248316604,24.789377440070403,60,343.2,8.661691250804408,265,-5.077773886845909
1830,uva,packing_B,T06,largo,30,G2,4.070000379619832,0.849965324167062,1.0546005074140277,True,572,317.1973863494754,80.3293547222969,-0.4097695248316604,24.789377440070403,60,343.2,8.661691250804408,266,-5.222504187321034
1830,uva,packing_B,T06,largo,30,G2,4.070000379619832,0.849965324167062,1.0546005074140277,True,572,317.1973863494754,80.3293547222969,-0.4097695248316604,24.789377440070403,60,343.2,8.661691250804408,267,-5.151157627465497
1830,uva,packing_B,T06,largo,30,G2,4.070000379619832,0.849965324167062,1.0546005074140277,True,572,317.1973863494754,80.3293547222969,-0.4097695248316604,24.789377440070403,60,343.2,8.661691250804408,268,-4.85816929692916
1830,uva,packing_B,T06,largo,30,G2,4.070000379619832,0.849965324167062,1.0546005074140277,True,572,317.1973863494754,80.3293547222969,-0.4097695248316604,24.789377440070403,60,343.2,8.661691250804408,269,-4.99847240660376
1830,uva,packing_B,T06,largo,30,G2,4.070000379619832,0.849965324167062,1.0546005074140277,True,572,317.1973863494754,80.3293547222969,-0.4097695248316604,24.789377440070403,60,343.2,8.661691250804408,270,-5.072262979169873
1830,uva,packing_B,T06,largo,30,G2,4.070000379619832,0.849965324167062,1.0546005074140277,True,572,317.1973863494754,80.3293547222969,-0.4097695248316604,24.789377440070403,60,343.2,8.661691250804408,271,-4.779183988938715
1830,uva,packing_B,T06,largo,30,G2,4.070000379619832,0.849965324167062,1.0546005074140277,True,572,317.1973863494754,80.3293547222969,-0.4097695248316604,24.789377440070403,60,343.2,8.661691250804408,272,-4.800669930190242
1830,uva,packing_B,T06,largo,30,G2,4.070000379619832,0.849965324167062,1.0546005074140277,True,572,317.1973863494754,80.3293547222969,-0.4097695248316604,24.789377440070403,60,343.2,8.661691250804408,273,-4.631436065972218
1830,uva,packing_B,T06,largo,30,G2,4.070000379619832,0.849965324167062,1.0546005074140277,True,572,317.1973863494754,80.3293547222969,-0.4097695248316604,24.789377440070403,60,343.2,8.661691250804408,274,-4.506048295084397
1830,uva,packing_B,T06,largo,30,G2,4.070000379619832,0.849965324167062,1.0546005074140277,True,572,317.1973863494754,80.3293547222969,-0.4097695248316604,24.789377440070403,60,343.2,8.661691250804408,275,-4.486699831266373
1830,uva,packing_B,T06,largo,30,G2,4.070000379619832,0.849965324167062,1.0546005074140277,True,572,317.1973863494754,80.3293547222969,-0.4097695248316604,24.789377440070403,60,343.2,8.661691250804408,276,-4.51142596044603
1830,uva,packing_B,T06,largo,30,G2,4.070000379619832,0.849965324167062,1.0546005074140277,True,572,317.1973863494754,80.3293547222969,-0.4097695248316604,24.789377440070403,60,343.2,8.661691250804408,277,-4.699919633815698
1830,uva,packing_B,T06,largo,30,G2,4.070000379619832,0.849965324167062,1.0546005074140277,True,572,317.1973863494754,80.3293547222969,-0.4097695248316604,24.789377440070403,60,343.2,8.661691250804408,278,-4.5617434477243135
1830,uva,packing_B,T06,largo,30,G2,4.070000379619832,0.849965324167062,1.0546005074140277,True,572,317.1973863494754,80.3293547222969,-0.4097695248316604,24.789377440070403,60,343.2,8.661691250804408,279,-4.215043195594439
1830,uva,packing_B,T06,largo,30,G2,4.070000379619832,0.849965324167062,1.0546005074140277,True,572,317.1973863494754,80.3293547222969,-0.4097695248316604,24.789377440070403,60,343.2,8.661691250804408,280,-4.079980384596635
1830,uva,packing_B,T06,largo,30,G2,4.070000379619832,0.849965324167062,1.0546005074140277,True,572,317.1973863494754,80.3293547222969,-0.4097695248316604,24.789377440070403,60,343.2,8.661691250804408,281,-4.1994328369708365
1830,uva,packing_B,T06,largo,30,G2,4.070000379619832,0.849965324167062,1.0546005074140277,True,572,317.1973863494754,80.3293547222969,-0.4097695248316604,24.789377440070403,60,343.2,8.661691250804408,282,-4.1037110311518346
1830,uva,packing_B,T06,largo,30,G2,4.070000379619832,0.849965324167062,1.0546005074140277,True,572,317.1973863494754,80.3293547222969,-0.4097695248316604,24.789377440070403,60,343.2,8.661691250804408,283,-3.972795177501916
1830,uva,packing_B,T06,largo,30,G2,4.070000379619832,0.849965324167062,1.0546005074140277,True,572,317.1973863494754,80.3293547222969,-0.4097695248316604,24.789377440070403,60,343.2,8.661691250804408,284,-3.999820304922489
1830,uva,packing_B,T06,largo,30,G2,4.070000379619832,0.849965324167062,1.0546005074140277,True,572,317.1973863494754,80.3293547222969,-0.4097695248316604,24.789377440070403,60,343.2,8.661691250804408,285,-3.9544530167334413
1830,uva,packing_B,T06,largo,30,G2,4.070000379619832,0.849965324167062,1.0546005074140277,True,572,317.1973863494754,80.3293547222969,-0.4097695248316604,24.789377440070403,60,343.2,8.661691250804408,286,-3.8719112100317434
1830,uva,packing_B,T06,largo,30,G2,4.070000379619832,0.849965324167062,1.0546005074140277,True,572,317.1973863494754,80.3293547222969,-0.4097695248316604,24.789377440070403,60,343.2,8.661691250804408,287,-3.706416626639439
1830,uva,packing_B,T06,largo,30,G2,4.070000379619832,0.849965324167062,1.0546005074140277,True,572,317.1973863494754,80.3293547222969,-0.4097695248316604,24.789377440070403,60,343.2,8.661691250804408,288,-3.7710495509310586
1830,uva,packing_B,T06,largo,30,G2,4.070000379619832,0.849965324167062,1.0546005074140277,True,572,317.1973863494754,80.3293547222969,-0.4097695248316604,24.789377440070403,60,343.2,8.661691250804408,289,-3.6377534100043754
1830,uva,packing_B,T06,largo,30,G2,4.070000379619832,0.849965324167062,1.0546005074140277,True,572,317.1973863494754,80.3293547222969,-0.4097695248316604,24.789377440070403,60,343.2,8.661691250804408,290,-3.574080140988499
1830,uva,packing_B,T06,largo,30,G2,4.070000379619832,0.849965324167062,1.0546005074140277,True,572,317.1973863494754,80.3293547222969,-0.4097695248316604,24.789377440070403,60,343.2,8.661691250804408,291,-3.593098708521607
1830,uva,packing_B,T06,largo,30,G2,4.070000379619832,0.849965324167062,1.0546005074140277,True,572,317.1973863494754,80.3293547222969,-0.4097695248316604,24.789377440070403,60,343.2,8.661691250804408,292,-3.1870028681397264
1830,uva,packing_B,T06,largo,30,G2,4.070000379619832,0.849965324167062,1.0546005074140277,True,572,317.1973863494754,80.3293547222969,-0.4097695248316604,24.789377440070403,60,343.2,8.661691250804408,293,-3.4052863639930853
1830,uva,packing_B,T06,largo,30,G2,4.070000379619832,0.849965324167062,1.0546005074140277,True,572,317.1973863494754,80.3293547222969,-0.4097695248316604,24.789377440070403,60,343.2,8.661691250804408,294,-3.1500476455919655
1830,uva,packing_B,T06,largo,30,G2,4.070000379619832,0.849965324167062,1.0546005074140277,True,572,317.1973863494754,80.3293547222969,-0.4097695248316604,24.789377440070403,60,343.2,8.661691250804408,295,-3.213579516824091
1830,uva,packing_B,T06,largo,30,G2,4.070000379619832,0.849965324167062,1.0546005074140277,True,572,317.1973863494754,80.3293547222969,-0.4097695248316604,24.789377440070403,60,343.2,8.661691250804408,296,-3.3815520202959997
1830,uva,packing_B,T06,largo,30,G2,4.070000379619832,0.849965324167062,1.0546005074140277,True,572,317.1973863494754,80.3293547222969,-0.4097695248316604,24.789377440070403,60,343.2,8.661691250804408,297,-3.397139613834395
1830,uva,packing_B,T06,largo,30,G2,4.070000379619832,0.849965324167062,1.0546005074140277,True,572,317.1973863494754,80.3293547222969,-0.4097695248316604,24.789377440070403,60,343.2,8.661691250804408,298,-3.1208950486640075
1830,uva,packing_B,T06,largo,30,G2,4.070000379619832,0.849965324167062,1.0546005074140277,True,572,317.1973863494754,80.3293547222969,-0.4097695248316604,24.789377440070403,60,343.2,8.661691250804408,299,-3.0237331888349295
1830,uva,packing_B,T06,largo,30,G2,4.070000379619832,0.849965324167062,1.0546005074140277,True,572,317.1973863494754,80.3293547222969,-0.4097695248316604,24.789377440070403,60,343.2,8.661691250804408,300,-2.865539509473396
1830,uva,packing_B,T06,largo,30,G2,4.070000379619832,0.849965324167062,1.0546005074140277,True,572,317.1973863494754,80.3293547222969,-0.4097695248316604,24.789377440070403,60,343.2,8.661691250804408,301,-2.8595491694941506
1830,uva,packing_B,T06,largo,30,G2,4.070000379619832,0.849965324167062,1.0546005074140277,True,572,317.1973863494754,80.3293547222969,-0.4097695248316604,24.789377440070403,60,343.2,8.661691250804408,302,-2.7493275208443104
1830,uva,packing_B,T06,largo,30,G2,4.070000379619832,0.849965324167062,1.0546005074140277,True,572,317.1973863494754,80.3293547222969,-0.4097695248316604,24.789377440070403,60,343.2,8.661691250804408,303,-2.80253105086634
1830,uva,packing_B,T06,largo,30,G2,4.070000379619832,0.849965324167062,1.0546005074140277,True,572,317.1973863494754,80.3293547222969,-0.4097695248316604,24.789377440070403,60,343.2,8.661691250804408,304,-2.5503879082748333
1830,uva,packing_B,T06,largo,30,G2,4.070000379619832,0.849965324167062,1.0546005074140277,True,572,317.1973863494754,80.3293547222969,-0.4097695248316604,24.789377440070403,60,343.2,8.661691250804408,305,-2.5945100862695907
1830,uva,packing_B,T06,largo,30,G2,4.070000379619832,0.849965324167062,1.0546005074140277,True,572,317.1973863494754,80.3293547222969,-0.4097695248316604,24.789377440070403,60,343.2,8.661691250804408,306,-2.530989579315561
1830,uva,packing_B,T06,largo,30,G2,4.070000379619832,0.849965324167062,1.0546005074140277,True,572,317.1973863494754,80.3293547222969,-0.4097695248316604,24.789377440070403,60,343.2,8.661691250804408,307,-2.4673324614164227
1830,uva,packing_B,T06,largo,30,G2,4.070000379619832,0.849965324167062,1.0546005074140277,True,572,317.1973863494754,80.3293547222969,-0.4097695248316604,24.789377440070403,60,343.2,8.661691250804408,308,-2.4884972009308846
1830,uva,packing_B,T06,largo,30,G2,4.070000379619832,0.849965324167062,1.0546005074140277,True,572,317.1973863494754,80.3293547222969,-0.4097695248316604,24.789377440070403,60,343.2,8.661691250804408,309,-2.0830966218473685
1830,uva,packing_B,T06,largo,30,G2,4.070000379619832,0.849965324167062,1.0546005074140277,True,572,317.1973863494754,80.3293547222969,-0.4097695248316604,24.789377440070403,60,343.2,8.661691250804408,310,-2.3906283189465016
1830,uva,packing_B,T06,largo,30,G2,4.070000379619832,0.849965324167062,1.0546005074140277,True,572,317.1973863494754,80.3293547222969,-0.4097695248316604,24.789377440070403,60,343.2,8.661691250804408,311,-2.309051978601457
1830,uva,packing_B,T06,largo,30,G2,4.070000379619832,0.849965324167062,1.0546005074140277,True,572,317.1973863494754,80.3293547222969,-0.4097695248316604,24.789377440070403,60,343.2,8.661691250804408,312,-2.166569317763422
1830,uva,packing_B,T06,largo,30,G2,4.070000379619832,0.849965324167062,1.0546005074140277,True,572,317.1973863494754,80.3293547222969,-0.4097695248316604,24.789377440070403,60,343.2,8.661691250804408,313,-2.3290112077139518
1830,uva,packing_B,T06,largo,30,G2,4.070000379619832,0.849965324167062,1.0546005074140277,True,572,317.1973863494754,80.3293547222969,-0.4097695248316604,24.789377440070403,60,343.2,8.661691250804408,314,-1.9932455565882645
1830,uva,packing_B,T06,largo,30,G2,4.070000379619832,0.849965324167062,1.0546005074140277,True,572,317.1973863494754,80.3293547222969,-0.4097695248316604,24.789377440070403,60,343.2,8.661691250804408,315,-1.9210046718484837
1830,uva,packing_B,T06,largo,30,G2,4.070000379619832,0.849965324167062,1.0546005074140277,True,572,317.1973863494754,80.3293547222969,-0.4097695248316604,24.789377440070403,60,343.2,8.661691250804408,316,-1.998692836639547
1830,uva,packing_B,T06,largo,30,G2,4.070000379619832,0.849965324167062,1.0546005074140277,True,572,317.1973863494754,80.3293547222969,-0.4097695248316604,24.789377440070403,60,343.2,8.661691250804408,317,-1.9806511643768756
1830,uva,packing_B,T06,largo,30,G2,4.070000379619832,0.849965324167062,1.0546005074140277,True,572,317.1973863494754,80.3293547222969,-0.4097695248316604,24.789377440070403,60,343.2,8.661691250804408,318,-1.7591002712534975
1830,uva,packing_B,T06,largo,30,G2,4.070000379619832,0.849965324167062,1.0546005074140277,True,572,317.1973863494754,80.3293547222969,-0.4097695248316604,24.789377440070403,60,343.2,8.661691250804408,319,-1.7597253999099467
1830,uva,packing_B,T06,largo,30,G2,4.070000379619832,0.849965324167062,1.0546005074140277,True,572,317.1973863494754,80.3293547222969,-0.4097695248316604,24.789377440070403,60,343.2,8.661691250804408,320,-1.9182411810972149
1830,uva,packing_B,T06,largo,30,G2,4.070000379619832,0.849965324167062,1.0546005074140277,True,572,317.1973863494754,80.3293547222969,-0.4097695248316604,24.789377440070403,60,343.2,8.661691250804408,321,-1.80149647316658
1830,uva,packing_B,T06,largo,30,G2,4.070000379619832,0.849965324167062,1.0546005074140277,True,572,317.1973863494754,80.3293547222969,-0.4097695248316604,24.789377440070403,60,343.2,8.661691250804408,322,-1.6482814455281134
1830,uva,packing_B,T06,largo,30,G2,4.070000379619832,0.849965324167062,1.0546005074140277,True,572,317.1973863494754,80.3293547222969,-0.4097695248316604,24.789377440070403,60,343.2,8.661691250804408,323,-1.488669428702361
1830,uva,packing_B,T06,largo,30,G2,4.070000379619832,0.849965324167062,1.0546005074140277,True,572,317.1973863494754,80.3293547222969,-0.4097695248316604,24.789377440070403,60,343.2,8.661691250804408,324,-1.6672286187043055
1830,uva,packing_B,T06,largo,30,G2,4.070000379619832,0.849965324167062,1.0546005074140277,True,572,317.1973863494754,80.3293547222969,-0.4097695248316604,24.789377440070403,60,343.2,8.661691250804408,325,-1.512520333342769
1830,uva,packing_B,T06,largo,30,G2,4.070000379619832,0.849965324167062,1.0546005074140277,True,572,317.1973863494754,80.3293547222969,-0.4097695248316604,24.789377440070403,60,343.2,8.661691250804408,326,-1.5174430254332916
1830,uva,packing_B,T06,largo,30,G2,4.070000379619832,0.849965324167062,1.0546005074140277,True,572,317.1973863494754,80.3293547222969,-0.4097695248316604,24.789377440070403,60,343.2,8.661691250804408,327,-1.3063176484183865
1830,uva,packing_B,T06,largo,30,G2,4.070000379619832,0.849965324167062,1.0546005074140277,True,572,317.1973863494754,80.3293547222969,-0.4097695248316604,24.789377440070403,60,343.2,8.661691250804408,328,-1.2388093672840967
1830,uva,packing_B,T06,largo,30,G2,4.070000379619832,0.849965324167062,1.0546005074140277,True,572,317.1973863494754,80.3293547222969,-0.4097695248316604,24.789377440070403,60,343.2,8.661691250804408,329,-1.2424558375581343
1830,uva,packing_B,T06,largo,30,G2,4.070000379619832,0.849965324167062,1.0546005074140277,True,572,317.1973863494754,80.3293547222969,-0.4097695248316604,24.789377440070403,60,343.2,8.661691250804408,330,-1.3853425564853805
1830,uva,packing_B,T06,largo,30,G2,4.070000379619832,0.849965324167062,1.0546005074140277,True,572,317.1973863494754,80.3293547222969,-0.4097695248316604,24.789377440070403,60,343.2,8.661691250804408,331,-1.1475980131579073
1830,uva,packing_B,T06,largo,30,G2,4.070000379619832,0.849965324167062,1.0546005074140277,True,572,317.1973863494754,80.3293547222969,-0.4097695248316604,24.789377440070403,60,343.2,8.661691250804408,332,-0.9323646870320179
1830,uva,packing_B,T06,largo,30,G2,4.070000379619832,0.849965324167062,1.0546005074140277,True,572,317.1973863494754,80.3293547222969,-0.4097695248316604,24.789377440070403,60,343.2,8.661691250804408,333,-1.2112029091545569
1830,uva,packing_B,T06,largo,30,G2,4.070000379619832,0.849965324167062,1.0546005074140277,True,572,317.1973863494754,80.3293547222969,-0.4097695248316604,24.789377440070403,60,343.2,8.661691250804408,334,-1.1064871451768377
1830,uva,packing_B,T06,largo,30,G2,4.070000379619832,0.849965324167062,1.0546005074140277,True,572,317.1973863494754,80.3293547222969,-0.4097695248316604,24.789377440070403,60,343.2,8.661691250804408,335,-1.059696535311038
1830,uva,packing_B,T06,largo,30,G2,4.070000379619832,0.849965324167062,1.0546005074140277,True,572,317.1973863494754,80.3293547222969,-0.4097695248316604,24.789377440070403,60,343.2,8.661691250804408,336,-1.076000969990762
1830,uva,packing_B,T06,largo,30,G2,4.070000379619832,0.849965324167062,1.0546005074140277,True,572,317.1973863494754,80.3293547222969,-0.4097695248316604,24.789377440070403,60,343.2,8.661691250804408,337,-0.7999399041656516
1830,uva,packing_B,T06,largo,30,G2,4.070000379619832,0.849965324167062,1.0546005074140277,True,572,317.1973863494754,80.3293547222969,-0.4097695248316604,24.789377440070403,60,343.2,8.661691250804408,338,-0.7055243589879805
1830,uva,packing_B,T06,largo,30,G2,4.070000379619832,0.849965324167062,1.0546005074140277,True,572,317.1973863494754,80.3293547222969,-0.4097695248316604,24.789377440070403,60,343.2,8.661691250804408,339,-0.8048079042416441
1830,uva,packing_B,T06,largo,30,G2,4.070000379619832,0.849965324167062,1.0546005074140277,True,572,317.1973863494754,80.3293547222969,-0.4097695248316604,24.789377440070403,60,343.2,8.661691250804408,340,-0.6120111317420572
1830,uva,packing_B,T06,largo,30,G2,4.070000379619832,0.849965324167062,1.0546005074140277,True,572,317.1973863494754,80.3293547222969,-0.4097695248316604,24.789377440070403,60,343.2,8.661691250804408,341,-0.8089365790605736
1830,uva,packing_B,T06,largo,30,G2,4.070000379619832,0.849965324167062,1.0546005074140277,True,572,317.1973863494754,80.3293547222969,-0.4097695248316604,24.789377440070403,60,343.2,8.661691250804408,342,-0.5382367224599326
1830,uva,packing_B,T06,largo,30,G2,4.070000379619832,0.849965324167062,1.0546005074140277,True,572,317.1973863494754,80.3293547222969,-0.4097695248316604,24.789377440070403,60,343.2,8.661691250804408,343,-0.7232247082391082
1830,uva,packing_B,T06,largo,30,G2,4.070000379619832,0.849965324167062,1.0546005074140277,True,572,317.1973863494754,80.3293547222969,-0.4097695248316604,24.789377440070403,60,343.2,8.661691250804408,344,-0.38019615238878873
1830,uva,packing_B,T06,largo,30,G2,4.070000379619832,0.849965324167062,1.0546005074140277,True,572,317.1973863494754,80.3293547222969,-0.4097695248316604,24.789377440070403,60,343.2,8.661691250804408,345,-0.3900031338877645
1830,uva,packing_B,T06,largo,30,G2,4.070000379619832,0.849965324167062,1.0546005074140277,True,572,317.1973863494754,80.3293547222969,-0.4097695248316604,24.789377440070403,60,343.2,8.661691250804408,346,-0.432600964618042
1830,uva,packing_B,T06,largo,30,G2,4.070000379619832,0.849965324167062,1.0546005074140277,True,572,317.1973863494754,80.3293547222969,-0.4097695248316604,24.789377440070403,60,343.2,8.661691250804408,347,-0.6392679050554061
1830,uva,packing_B,T06,largo,30,G2,4.070000379619832,0.849965324167062,1.0546005074140277,True,572,317.1973863494754,80.3293547222969,-0.4097695248316604,24.789377440070403,60,343.2,8.661691250804408,348,-0.683307966522135
1830,uva,packing_B,T06,largo,30,G2,4.070000379619832,0.849965324167062,1.0546005074140277,True,572,317.1973863494754,80.3293547222969,-0.4097695248316604,24.789377440070403,60,343.2,8.661691250804408,349,-0.7724743030918365
1830,uva,packing_B,T06,largo,30,G2,4.070000379619832,0.849965324167062,1.0546005074140277,True,572,317.1973863494754,80.3293547222969,-0.4097695248316604,24.789377440070403,60,343.2,8.661691250804408,350,-0.8235917857095896
1830,uva,packing_B,T06,largo,30,G2,4.070000379619832,0.849965324167062,1.0546005074140277,True,572,317.1973863494754,80.3293547222969,-0.4097695248316604,24.789377440070403,60,343.2,8.661691250804408,351,-0.8649890142255404
1830,uva,packing_B,T06,largo,30,G2,4.070000379619832,0.849965324167062,1.0546005074140277,True,572,317.1973863494754,80.3293547222969,-0.4097695248316604,24.789377440070403,60,343.2,8.661691250804408,352,-1.04085973405446
1830,uva,packing_B,T06,largo,30,G2,4.070000379619832,0.849965324167062,1.0546005074140277,True,572,317.1973863494754,80.3293547222969,-0.4097695248316604,24.789377440070403,60,343.2,8.661691250804408,353,-0.7792783029257692
1830,uva,packing_B,T06,largo,30,G2,4.070000379619832,0.849965324167062,1.0546005074140277,True,572,317.1973863494754,80.3293547222969,-0.4097695248316604,24.789377440070403,60,343.2,8.661691250804408,354,-1.1238305049455177
1830,uva,packing_B,T06,largo,30,G2,4.070000379619832,0.849965324167062,1.0546005074140277,True,572,317.1973863494754,80.3293547222969,-0.4097695248316604,24.789377440070403,60,343.2,8.661691250804408,355,-0.8722548490178116
1830,uva,packing_B,T06,largo,30,G2,4.070000379619832,0.849965324167062,1.0546005074140277,True,572,317.1973863494754,80.3293547222969,-0.4097695248316604,24.789377440070403,60,343.2,8.661691250804408,356,-0.8147960634509761
1830,uva,packing_B,T06,largo,30,G2,4.070000379619832,0.849965324167062,1.0546005074140277,True,572,317.1973863494754,80.3293547222969,-0.4097695248316604,24.789377440070403,60,343.2,8.661691250804408,357,-0.88926327997831
1830,uva,packing_B,T06,largo,30,G2,4.070000379619832,0.849965324167062,1.0546005074140277,True,572,317.1973863494754,80.3293547222969,-0.4097695248316604,24.789377440070403,60,343.2,8.661691250804408,358,-0.6261845246252102
1830,uva,packing_B,T06,largo,30,G2,4.070000379619832,0.849965324167062,1.0546005074140277,True,572,317.1973863494754,80.3293547222969,-0.4097695248316604,24.789377440070403,60,343.2,8.661691250804408,359,-0.48825728856052464
1830,uva,packing_B,T06,largo,30,G2,4.070000379619832,0.849965324167062,1.0546005074140277,True,572,317.1973863494754,80.3293547222969,-0.4097695248316604,24.789377440070403,60,343.2,8.661691250804408,360,-0.5081463620778521
1830,uva,packing_B,T06,largo,30,G2,4.070000379619832,0.849965324167062,1.0546005074140277,True,572,317.1973863494754,80.3293547222969,-0.4097695248316604,24.789377440070403,60,343.2,8.661691250804408,361,-0.423641615027206
1830,uva,packing_B,T06,largo,30,G2,4.070000379619832,0.849965324167062,1.0546005074140277,True,572,317.1973863494754,80.3293547222969,-0.4097695248316604,24.789377440070403,60,343.2,8.661691250804408,362,-0.03408148382503212
1830,uva,packing_B,T06,largo,30,G2,4.070000379619832,0.849965324167062,1.0546005074140277,True,572,317.1973863494754,80.3293547222969,-0.4097695248316604,24.789377440070403,60,343.2,8.661691250804408,363,-0.14009475855544182
1830,uva,packing_B,T06,largo,30,G2,4.070000379619832,0.849965324167062,1.0546005074140277,True,572,317.1973863494754,80.3293547222969,-0.4097695248316604,24.789377440070403,60,343.2,8.661691250804408,364,0.08977822119582493
1830,uva,packing_B,T06,largo,30,G2,4.070000379619832,0.849965324167062,1.0546005074140277,True,572,317.1973863494754,80.3293547222969,-0.4097695248316604,24.789377440070403,60,343.2,8.661691250804408,365,0.06707629924085488
1830,uva,packing_B,T06,largo,30,G2,4.070000379619832,0.849965324167062,1.0546005074140277,True,572,317.1973863494754,80.3293547222969,-0.4097695248316604,24.789377440070403,60,343.2,8.661691250804408,366,0.1347862766046882
1830,uva,packing_B,T06,largo,30,G2,4.070000379619832,0.849965324167062,1.0546005074140277,True,572,317.1973863494754,80.3293547222969,-0.4097695248316604,24.789377440070403,60,343.2,8.661691250804408,367,0.1423973165436387
1830,uva,packing_B,T06,largo,30,G2,4.070000379619832,0.849965324167062,1.0546005074140277,True,572,317.1973863494754,80.3293547222969,-0.4097695248316604,24.789377440070403,60,343.2,8.661691250804408,368,0.19856119174196413
1830,uva,packing_B,T06,largo,30,G2,4.070000379619832,0.849965324167062,1.0546005074140277,True,572,317.1973863494754,80.3293547222969,-0.4097695248316604,24.789377440070403,60,343.2,8.661691250804408,369,0.005522602484622913
1830,uva,packing_B,T06,largo,30,G2,4.070000379619832,0.849965324167062,1.0546005074140277,True,572,317.1973863494754,80.3293547222969,-0.4097695248316604,24.789377440070403,60,343.2,8.661691250804408,370,-0.16059443775613177
1830,uva,packing_B,T06,largo,30,G2,4.070000379619832,0.849965324167062,1.0546005074140277,True,572,317.1973863494754,80.3293547222969,-0.4097695248316604,24.789377440070403,60,343.2,8.661691250804408,371,-0.053866748978390555
1830,uva,packing_B,T06,largo,30,G2,4.070000379619832,0.849965324167062,1.0546005074140277,True,572,317.1973863494754,80.3293547222969,-0.4097695248316604,24.789377440070403,60,343.2,8.661691250804408,372,-0.1223305982288791
1830,uva,packing_B,T06,largo,30,G2,4.070000379619832,0.849965324167062,1.0546005074140277,True,572,317.1973863494754,80.3293547222969,-0.4097695248316604,24.789377440070403,60,343.2,8.661691250804408,373,-0.17030441110145375
1830,uva,packing_B,T06,largo,30,G2,4.070000379619832,0.849965324167062,1.0546005074140277,True,572,317.1973863494754,80.3293547222969,-0.4097695248316604,24.789377440070403,60,343.2,8.661691250804408,374,-0.26904626218040156
1830,uva,packing_B,T06,largo,30,G2,4.070000379619832,0.849965324167062,1.0546005074140277,True,572,317.1973863494754,80.3293547222969,-0.4097695248316604,24.789377440070403,60,343.2,8.661691250804408,375,-0.5376733758452215
1830,uva,packing_B,T06,largo,30,G2,4.070000379619832,0.849965324167062,1.0546005074140277,True,572,317.1973863494754,80.3293547222969,-0.4097695248316604,24.789377440070403,60,343.2,8.661691250804408,376,-0.6795774048464425
1830,uva,packing_B,T06,largo,30,G2,4.070000379619832,0.849965324167062,1.0546005074140277,True,572,317.1973863494754,80.3293547222969,-0.4097695248316604,24.789377440070403,60,343.2,8.661691250804408,377,-0.906660016081778
1830,uva,packing_B,T06,largo,30,G2,4.070000379619832,0.849965324167062,1.0546005074140277,True,572,317.1973863494754,80.3293547222969,-0.4097695248316604,24.789377440070403,60,343.2,8.661691250804408,378,-0.6799130245686072
1830,uva,packing_B,T06,largo,30,G2,4.070000379619832,0.849965324167062,1.0546005074140277,True,572,317.1973863494754,80.3293547222969,-0.4097695248316604,24.789377440070403,60,343.2,8.661691250804408,379,-0.9409924876510654
1830,uva,packing_B,T06,largo,30,G2,4.070000379619832,0.849965324167062,1.0546005074140277,True,572,317.1973863494754,80.3293547222969,-0.4097695248316604,24.789377440070403,60,343.2,8.661691250804408,380,-0.7943153885935461
1830,uva,packing_B,T06,largo,30,G2,4.070000379619832,0.849965324167062,1.0546005074140277,True,572,317.1973863494754,80.3293547222969,-0.4097695248316604,24.789377440070403,60,343.2,8.661691250804408,381,-0.801003059067233
1830,uva,packing_B,T06,largo,30,G2,4.070000379619832,0.849965324167062,1.0546005074140277,True,572,317.1973863494754,80.3293547222969,-0.4097695248316604,24.789377440070403,60,343.2,8.661691250804408,382,-0.9417893721660168
1830,uva,packing_B,T06,largo,30,G2,4.070000379619832,0.849965324167062,1.0546005074140277,True,572,317.1973863494754,80.3293547222969,-0.4097695248316604,24.789377440070403,60,343.2,8.661691250804408,383,-0.9259921968308507
1830,uva,packing_B,T06,largo,30,G2,4.070000379619832,0.849965324167062,1.0546005074140277,True,572,317.1973863494754,80.3293547222969,-0.4097695248316604,24.789377440070403,60,343.2,8.661691250804408,384,-0.9430080782188641
1830,uva,packing_B,T06,largo,30,G2,4.070000379619832,0.849965324167062,1.0546005074140277,True,572,317.1973863494754,80.3293547222969,-0.4097695248316604,24.789377440070403,60,343.2,8.661691250804408,385,-1.1047949072537158
1830,uva,packing_B,T06,largo,30,G2,4.070000379619832,0.849965324167062,1.0546005074140277,True,572,317.1973863494754,80.3293547222969,-0.4097695248316604,24.789377440070403,60,343.2,8.661691250804408,386,-0.7298003183412758
1830,uva,packing_B,T06,largo,30,G2,4.070000379619832,0.849965324167062,1.0546005074140277,True,572,317.1973863494754,80.3293547222969,-0.4097695248316604,24.789377440070403,60,343.2,8.661691250804408,387,-0.6566083366563858
1830,uva,packing_B,T06,largo,30,G2,4.070000379619832,0.849965324167062,1.0546005074140277,True,572,317.1973863494754,80.3293547222969,-0.4097695248316604,24.789377440070403,60,343.2,8.661691250804408,388,-0.44086182382422723
1830,uva,packing_B,T06,largo,30,G2,4.070000379619832,0.849965324167062,1.0546005074140277,True,572,317.1973863494754,80.3293547222969,-0.4097695248316604,24.789377440070403,60,343.2,8.661691250804408,389,-0.5828681422233962
1830,uva,packing_B,T06,largo,30,G2,4.070000379619832,0.849965324167062,1.0546005074140277,True,572,317.1973863494754,80.3293547222969,-0.4097695248316604,24.789377440070403,60,343.2,8.661691250804408,390,-0.43122056986277746
1830,uva,packing_B,T06,largo,30,G2,4.070000379619832,0.849965324167062,1.0546005074140277,True,572,317.1973863494754,80.3293547222969,-0.4097695248316604,24.789377440070403,60,343.2,8.661691250804408,391,-0.2808688167158175
1830,uva,packing_B,T06,largo,30,G2,4.070000379619832,0.849965324167062,1.0546005074140277,True,572,317.1973863494754,80.3293547222969,-0.4097695248316604,24.789377440070403,60,343.2,8.661691250804408,392,-0.25707958170097384
1830,uva,packing_B,T06,largo,30,G2,4.070000379619832,0.849965324167062,1.0546005074140277,True,572,317.1973863494754,80.3293547222969,-0.4097695248316604,24.789377440070403,60,343.2,8.661691250804408,393,-0.20044727588514266
1830,uva,packing_B,T06,largo,30,G2,4.070000379619832,0.849965324167062,1.0546005074140277,True,572,317.1973863494754,80.3293547222969,-0.4097695248316604,24.789377440070403,60,343.2,8.661691250804408,394,-0.1264496228728479
1830,uva,packing_B,T06,largo,30,G2,4.070000379619832,0.849965324167062,1.0546005074140277,True,572,317.1973863494754,80.3293547222969,-0.4097695248316604,24.789377440070403,60,343.2,8.661691250804408,395,-0.09240644600597382
1830,uva,packing_B,T06,largo,30,G2,4.070000379619832,0.849965324167062,1.0546005074140277,True,572,317.1973863494754,80.3293547222969,-0.4097695248316604,24.789377440070403,60,343.2,8.661691250804408,396,-0.006246874886615697
1830,uva,packing_B,T06,largo,30,G2,4.070000379619832,0.849965324167062,1.0546005074140277,True,572,317.1973863494754,80.3293547222969,-0.4097695248316604,24.789377440070403,60,343.2,8.661691250804408,397,0.20792282610873136
1830,uva,packing_B,T06,largo,30,G2,4.070000379619832,0.849965324167062,1.0546005074140277,True,572,317.1973863494754,80.3293547222969,-0.4097695248316604,24.789377440070403,60,343.2,8.661691250804408,398,0.05543679103360511
1830,uva,packing_B,T06,largo,30,G2,4.070000379619832,0.849965324167062,1.0546005074140277,True,572,317.1973863494754,80.3293547222969,-0.4097695248316604,24.789377440070403,60,343.2,8.661691250804408,399,0.06894169210001667
1830,uva,packing_B,T06,largo,30,G2,4.070000379619832,0.849965324167062,1.0546005074140277,True,572,317.1973863494754,80.3293547222969,-0.4097695248316604,24.789377440070403,60,343.2,8.661691250804408,400,0.12158508713136856
1830,uva,packing_B,T06,largo,30,G2,4.070000379619832,0.849965324167062,1.0546005074140277,True,572,317.1973863494754,80.3293547222969,-0.4097695248316604,24.789377440070403,60,343.2,8.661691250804408,401,-0.11379207333850457
1830,uva,packing_B,T06,largo,30,G2,4.070000379619832,0.849965324167062,1.0546005074140277,True,572,317.1973863494754,80.3293547222969,-0.4097695248316604,24.789377440070403,60,343.2,8.661691250804408,402,-0.02428125176345032
1830,uva,packing_B,T06,largo,30,G2,4.070000379619832,0.849965324167062,1.0546005074140277,True,572,317.1973863494754,80.3293547222969,-0.4097695248316604,24.789377440070403,60,343.2,8.661691250804408,403,-0.09604731694656166
1830,uva,packing_B,T06,largo,30,G2,4.070000379619832,0.849965324167062,1.0546005074140277,True,572,317.1973863494754,80.3293547222969,-0.4097695248316604,24.789377440070403,60,343.2,8.661691250804408,404,-0.29173341885325693
1830,uva,packing_B,T06,largo,30,G2,4.070000379619832,0.849965324167062,1.0546005074140277,True,572,317.1973863494754,80.3293547222969,-0.4097695248316604,24.789377440070403,60,343.2,8.661691250804408,405,-0.27551229466265414
1830,uva,packing_B,T06,largo,30,G2,4.070000379619832,0.849965324167062,1.0546005074140277,True,572,317.1973863494754,80.3293547222969,-0.4097695248316604,24.789377440070403,60,343.2,8.661691250804408,406,-0.5578988113915769
1830,uva,packing_B,T06,largo,30,G2,4.070000379619832,0.849965324167062,1.0546005074140277,True,572,317.1973863494754,80.3293547222969,-0.4097695248316604,24.789377440070403,60,343.2,8.661691250804408,407,-0.6547544239590111
1830,uva,packing_B,T06,largo,30,G2,4.070000379619832,0.849965324167062,1.0546005074140277,True,572,317.1973863494754,80.3293547222969,-0.4097695248316604,24.789377440070403,60,343.2,8.661691250804408,408,-0.6949239679763098
1830,uva,packing_B,T06,largo,30,G2,4.070000379619832,0.849965324167062,1.0546005074140277,True,572,317.1973863494754,80.3293547222969,-0.4097695248316604,24.789377440070403,60,343.2,8.661691250804408,409,-0.9081965535727421
1830,uva,packing_B,T06,largo,30,G2,4.070000379619832,0.849965324167062,1.0546005074140277,True,572,317.1973863494754,80.3293547222969,-0.4097695248316604,24.789377440070403,60,343.2,8.661691250804408,410,-0.8948161873428582
1830,uva,packing_B,T06,largo,30,G2,4.070000379619832,0.849965324167062,1.0546005074140277,True,572,317.1973863494754,80.3293547222969,-0.4097695248316604,24.789377440070403,60,343.2,8.661691250804408,411,-1.020048372228276
1830,uva,packing_B,T06,largo,30,G2,4.070000379619832,0.849965324167062,1.0546005074140277,True,572,317.1973863494754,80.3293547222969,-0.4097695248316604,24.789377440070403,60,343.2,8.661691250804408,412,-0.9456361552482511
1830,uva,packing_B,T06,largo,30,G2,4.070000379619832,0.849965324167062,1.0546005074140277,True,572,317.1973863494754,80.3293547222969,-0.4097695248316604,24.789377440070403,60,343.2,8.661691250804408,413,-1.0855247732616276
1830,uva,packing_B,T06,largo,30,G2,4.070000379619832,0.849965324167062,1.0546005074140277,True,572,317.1973863494754,80.3293547222969,-0.4097695248316604,24.789377440070403,60,343.2,8.661691250804408,414,-0.7953849312637172
1830,uva,packing_B,T06,largo,30,G2,4.070000379619832,0.849965324167062,1.0546005074140277,True,572,317.1973863494754,80.3293547222969,-0.4097695248316604,24.789377440070403,60,343.2,8.661691250804408,415,-0.7044153419962031
1830,uva,packing_B,T06,largo,30,G2,4.070000379619832,0.849965324167062,1.0546005074140277,True,572,317.1973863494754,80.3293547222969,-0.4097695248316604,24.789377440070403,60,343.2,8.661691250804408,416,-0.6923748374202079
1830,uva,packing_B,T06,largo,30,G2,4.070000379619832,0.849965324167062,1.0546005074140277,True,572,317.1973863494754,80.3293547222969,-0.4097695248316604,24.789377440070403,60,343.2,8.661691250804408,417,-0.7401360557568151
1830,uva,packing_B,T06,largo,30,G2,4.070000379619832,0.849965324167062,1.0546005074140277,True,572,317.1973863494754,80.3293547222969,-0.4097695248316604,24.789377440070403,60,343.2,8.661691250804408,418,-0.6592598358690518
1830,uva,packing_B,T06,largo,30,G2,4.070000379619832,0.849965324167062,1.0546005074140277,True,572,317.1973863494754,80.3293547222969,-0.4097695248316604,24.789377440070403,60,343.2,8.661691250804408,419,-0.5745451380974868
1830,uva,packing_B,T06,largo,30,G2,4.070000379619832,0.849965324167062,1.0546005074140277,True,572,317.1973863494754,80.3293547222969,-0.4097695248316604,24.789377440070403,60,343.2,8.661691250804408,420,-0.4118411915482207
1830,uva,packing_B,T06,largo,30,G2,4.070000379619832,0.849965324167062,1.0546005074140277,True,572,317.1973863494754,80.3293547222969,-0.4097695248316604,24.789377440070403,60,343.2,8.661691250804408,421,-0.419991499471973
1830,uva,packing_B,T06,largo,30,G2,4.070000379619832,0.849965324167062,1.0546005074140277,True,572,317.1973863494754,80.3293547222969,-0.4097695248316604,24.789377440070403,60,343.2,8.661691250804408,422,-0.23847461638895984
1830,uva,packing_B,T06,largo,30,G2,4.070000379619832,0.849965324167062,1.0546005074140277,True,572,317.1973863494754,80.3293547222969,-0.4097695248316604,24.789377440070403,60,343.2,8.661691250804408,423,-0.12763245014469637
1830,uva,packing_B,T06,largo,30,G2,4.070000379619832,0.849965324167062,1.0546005074140277,True,572,317.1973863494754,80.3293547222969,-0.4097695248316604,24.789377440070403,60,343.2,8.661691250804408,424,-0.050540662903335684
1830,uva,packing_B,T06,largo,30,G2,4.070000379619832,0.849965324167062,1.0546005074140277,True,572,317.1973863494754,80.3293547222969,-0.4097695248316604,24.789377440070403,60,343.2,8.661691250804408,425,0.2078739726388976
1830,uva,packing_B,T06,largo,30,G2,4.070000379619832,0.849965324167062,1.0546005074140277,True,572,317.1973863494754,80.3293547222969,-0.4097695248316604,24.789377440070403,60,343.2,8.661691250804408,426,0.18776112343850132
1830,uva,packing_B,T06,largo,30,G2,4.070000379619832,0.849965324167062,1.0546005074140277,True,572,317.1973863494754,80.3293547222969,-0.4097695248316604,24.789377440070403,60,343.2,8.661691250804408,427,0.02338220499925675
1830,uva,packing_B,T06,largo,30,G2,4.070000379619832,0.849965324167062,1.0546005074140277,True,572,317.1973863494754,80.3293547222969,-0.4097695248316604,24.789377440070403,60,343.2,8.661691250804408,428,0.009781161523879034
1830,uva,packing_B,T06,largo,30,G2,4.070000379619832,0.849965324167062,1.0546005074140277,True,572,317.1973863494754,80.3293547222969,-0.4097695248316604,24.789377440070403,60,343.2,8.661691250804408,429,-0.004006885131588561
1830,uva,packing_B,T06,largo,30,G2,4.070000379619832,0.849965324167062,1.0546005074140277,True,572,317.1973863494754,80.3293547222969,-0.4097695248316604,24.789377440070403,60,343.2,8.661691250804408,430,0.1639626240179739
1830,uva,packing_B,T06,largo,30,G2,4.070000379619832,0.849965324167062,1.0546005074140277,True,572,317.1973863494754,80.3293547222969,-0.4097695248316604,24.789377440070403,60,343.2,8.661691250804408,431,-0.19765713783566163
1830,uva,packing_B,T06,largo,30,G2,4.070000379619832,0.849965324167062,1.0546005074140277,True,572,317.1973863494754,80.3293547222969,-0.4097695248316604,24.789377440070403,60,343.2,8.661691250804408,432,-0.16579321134463373
1830,uva,packing_B,T06,largo,30,G2,4.070000379619832,0.849965324167062,1.0546005074140277,True,572,317.1973863494754,80.3293547222969,-0.4097695248316604,24.789377440070403,60,343.2,8.661691250804408,433,-0.3113522387204588
1830,uva,packing_B,T06,largo,30,G2,4.070000379619832,0.849965324167062,1.0546005074140277,True,572,317.1973863494754,80.3293547222969,-0.4097695248316604,24.789377440070403,60,343.2,8.661691250804408,434,-0.24633880607711225
1830,uva,packing_B,T06,largo,30,G2,4.070000379619832,0.849965324167062,1.0546005074140277,True,572,317.1973863494754,80.3293547222969,-0.4097695248316604,24.789377440070403,60,343.2,8.661691250804408,435,-0.3101729913469116
1830,uva,packing_B,T06,largo,30,G2,4.070000379619832,0.849965324167062,1.0546005074140277,True,572,317.1973863494754,80.3293547222969,-0.4097695248316604,24.789377440070403,60,343.2,8.661691250804408,436,-0.49341557630622285
1830,uva,packing_B,T06,largo,30,G2,4.070000379619832,0.849965324167062,1.0546005074140277,True,572,317.1973863494754,80.3293547222969,-0.4097695248316604,24.789377440070403,60,343.2,8.661691250804408,437,-0.6186184396827535
1830,uva,packing_B,T06,largo,30,G2,4.070000379619832,0.849965324167062,1.0546005074140277,True,572,317.1973863494754,80.3293547222969,-0.4097695248316604,24.789377440070403,60,343.2,8.661691250804408,438,-0.8142421205596667
1830,uva,packing_B,T06,largo,30,G2,4.070000379619832,0.849965324167062,1.0546005074140277,True,572,317.1973863494754,80.3293547222969,-0.4097695248316604,24.789377440070403,60,343.2,8.661691250804408,439,-0.6976160593424097
1830,uva,packing_B,T06,largo,30,G2,4.070000379619832,0.849965324167062,1.0546005074140277,True,572,317.1973863494754,80.3293547222969,-0.4097695248316604,24.789377440070403,60,343.2,8.661691250804408,440,-0.752732356595621
1830,uva,packing_B,T06,largo,30,G2,4.070000379619832,0.849965324167062,1.0546005074140277,True,572,317.1973863494754,80.3293547222969,-0.4097695248316604,24.789377440070403,60,343.2,8.661691250804408,441,-0.8816460253305873
1830,uva,packing_B,T06,largo,30,G2,4.070000379619832,0.849965324167062,1.0546005074140277,True,572,317.1973863494754,80.3293547222969,-0.4097695248316604,24.789377440070403,60,343.2,8.661691250804408,442,-0.9215103264235507
1830,uva,packing_B,T06,largo,30,G2,4.070000379619832,0.849965324167062,1.0546005074140277,True,572,317.1973863494754,80.3293547222969,-0.4097695248316604,24.789377440070403,60,343.2,8.661691250804408,443,-0.9199505465223442
1830,uva,packing_B,T06,largo,30,G2,4.070000379619832,0.849965324167062,1.0546005074140277,True,572,317.1973863494754,80.3293547222969,-0.4097695248316604,24.789377440070403,60,343.2,8.661691250804408,444,-1.0013395804472114
1830,uva,packing_B,T06,largo,30,G2,4.070000379619832,0.849965324167062,1.0546005074140277,True,572,317.1973863494754,80.3293547222969,-0.4097695248316604,24.789377440070403,60,343.2,8.661691250804408,445,-1.0899223268965157
1830,uva,packing_B,T06,largo,30,G2,4.070000379619832,0.849965324167062,1.0546005074140277,True,572,317.1973863494754,80.3293547222969,-0.4097695248316604,24.789377440070403,60,343.2,8.661691250804408,446,-0.6777204142372503
1830,uva,packing_B,T06,largo,30,G2,4.070000379619832,0.849965324167062,1.0546005074140277,True,572,317.1973863494754,80.3293547222969,-0.4097695248316604,24.789377440070403,60,343.2,8.661691250804408,447,-0.709893657088042
1830,uva,packing_B,T06,largo,30,G2,4.070000379619832,0.849965324167062,1.0546005074140277,True,572,317.1973863494754,80.3293547222969,-0.4097695248316604,24.789377440070403,60,343.2,8.661691250804408,448,-0.5392476313408041
1830,uva,packing_B,T06,largo,30,G2,4.070000379619832,0.849965324167062,1.0546005074140277,True,572,317.1973863494754,80.3293547222969,-0.4097695248316604,24.789377440070403,60,343.2,8.661691250804408,449,-0.49709894316845116
1830,uva,packing_B,T06,largo,30,G2,4.070000379619832,0.849965324167062,1.0546005074140277,True,572,317.1973863494754,80.3293547222969,-0.4097695248316604,24.789377440070403,60,343.2,8.661691250804408,450,-0.4281022620036256
1830,uva,packing_B,T06,largo,30,G2,4.070000379619832,0.849965324167062,1.0546005074140277,True,572,317.1973863494754,80.3293547222969,-0.4097695248316604,24.789377440070403,60,343.2,8.661691250804408,451,-0.17991078161151483
1830,uva,packing_B,T06,largo,30,G2,4.070000379619832,0.849965324167062,1.0546005074140277,True,572,317.1973863494754,80.3293547222969,-0.4097695248316604,24.789377440070403,60,343.2,8.661691250804408,452,-0.13271220817486523
1830,uva,packing_B,T06,largo,30,G2,4.070000379619832,0.849965324167062,1.0546005074140277,True,572,317.1973863494754,80.3293547222969,-0.4097695248316604,24.789377440070403,60,343.2,8.661691250804408,453,-0.05359832600186923
1830,uva,packing_B,T06,largo,30,G2,4.070000379619832,0.849965324167062,1.0546005074140277,True,572,317.1973863494754,80.3293547222969,-0.4097695248316604,24.789377440070403,60,343.2,8.661691250804408,454,-0.051978218093503156
1830,uva,packing_B,T06,largo,30,G2,4.070000379619832,0.849965324167062,1.0546005074140277,True,572,317.1973863494754,80.3293547222969,-0.4097695248316604,24.789377440070403,60,343.2,8.661691250804408,455,0.11225117913906368
1830,uva,packing_B,T06,largo,30,G2,4.070000379619832,0.849965324167062,1.0546005074140277,True,572,317.1973863494754,80.3293547222969,-0.4097695248316604,24.789377440070403,60,343.2,8.661691250804408,456,-0.04856881120770622
1830,uva,packing_B,T06,largo,30,G2,4.070000379619832,0.849965324167062,1.0546005074140277,True,572,317.1973863494754,80.3293547222969,-0.4097695248316604,24.789377440070403,60,343.2,8.661691250804408,457,0.1374561240754273
1830,uva,packing_B,T06,largo,30,G2,4.070000379619832,0.849965324167062,1.0546005074140277,True,572,317.1973863494754,80.3293547222969,-0.4097695248316604,24.789377440070403,60,343.2,8.661691250804408,458,-0.011718261292419957
1830,uva,packing_B,T06,largo,30,G2,4.070000379619832,0.849965324167062,1.0546005074140277,True,572,317.1973863494754,80.3293547222969,-0.4097695248316604,24.789377440070403,60,343.2,8.661691250804408,459,-0.12058109655965416
1830,uva,packing_B,T06,largo,30,G2,4.070000379619832,0.849965324167062,1.0546005074140277,True,572,317.1973863494754,80.3293547222969,-0.4097695248316604,24.789377440070403,60,343.2,8.661691250804408,460,0.2132852255004571
1830,uva,packing_B,T06,largo,30,G2,4.070000379619832,0.849965324167062,1.0546005074140277,True,572,317.1973863494754,80.3293547222969,-0.4097695248316604,24.789377440070403,60,343.2,8.661691250804408,461,0.11423178825482441
1830,uva,packing_B,T06,largo,30,G2,4.070000379619832,0.849965324167062,1.0546005074140277,True,572,317.1973863494754,80.3293547222969,-0.4097695248316604,24.789377440070403,60,343.2,8.661691250804408,462,-0.13226509566838018
1830,uva,packing_B,T06,largo,30,G2,4.070000379619832,0.849965324167062,1.0546005074140277,True,572,317.1973863494754,80.3293547222969,-0.4097695248316604,24.789377440070403,60,343.2,8.661691250804408,463,-0.19104778924746596
1830,uva,packing_B,T06,largo,30,G2,4.070000379619832,0.849965324167062,1.0546005074140277,True,572,317.1973863494754,80.3293547222969,-0.4097695248316604,24.789377440070403,60,343.2,8.661691250804408,464,-0.1263806251051622
1830,uva,packing_B,T06,largo,30,G2,4.070000379619832,0.849965324167062,1.0546005074140277,True,572,317.1973863494754,80.3293547222969,-0.4097695248316604,24.789377440070403,60,343.2,8.661691250804408,465,-0.3674939116375643
1830,uva,packing_B,T06,largo,30,G2,4.070000379619832,0.849965324167062,1.0546005074140277,True,572,317.1973863494754,80.3293547222969,-0.4097695248316604,24.789377440070403,60,343.2,8.661691250804408,466,-0.6361922081425091
1830,uva,packing_B,T06,largo,30,G2,4.070000379619832,0.849965324167062,1.0546005074140277,True,572,317.1973863494754,80.3293547222969,-0.4097695248316604,24.789377440070403,60,343.2,8.661691250804408,467,-0.7948720564983717
1830,uva,packing_B,T06,largo,30,G2,4.070000379619832,0.849965324167062,1.0546005074140277,True,572,317.1973863494754,80.3293547222969,-0.4097695248316604,24.789377440070403,60,343.2,8.661691250804408,468,-0.6010810354573637
1830,uva,packing_B,T06,largo,30,G2,4.070000379619832,0.849965324167062,1.0546005074140277,True,572,317.1973863494754,80.3293547222969,-0.4097695248316604,24.789377440070403,60,343.2,8.661691250804408,469,-0.6778647906781683
1830,uva,packing_B,T06,largo,30,G2,4.070000379619832,0.849965324167062,1.0546005074140277,True,572,317.1973863494754,80.3293547222969,-0.4097695248316604,24.789377440070403,60,343.2,8.661691250804408,470,-0.8502268034863285
1830,uva,packing_B,T06,largo,30,G2,4.070000379619832,0.849965324167062,1.0546005074140277,True,572,317.1973863494754,80.3293547222969,-0.4097695248316604,24.789377440070403,60,343.2,8.661691250804408,471,-0.9616446598693792
1830,uva,packing_B,T06,largo,30,G2,4.070000379619832,0.849965324167062,1.0546005074140277,True,572,317.1973863494754,80.3293547222969,-0.4097695248316604,24.789377440070403,60,343.2,8.661691250804408,472,-0.9676530641967718
1830,uva,packing_B,T06,largo,30,G2,4.070000379619832,0.849965324167062,1.0546005074140277,True,572,317.1973863494754,80.3293547222969,-0.4097695248316604,24.789377440070403,60,343.2,8.661691250804408,473,-0.8182966746294222
1830,uva,packing_B,T06,largo,30,G2,4.070000379619832,0.849965324167062,1.0546005074140277,True,572,317.1973863494754,80.3293547222969,-0.4097695248316604,24.789377440070403,60,343.2,8.661691250804408,474,-0.8948593361815236
1830,uva,packing_B,T06,largo,30,G2,4.070000379619832,0.849965324167062,1.0546005074140277,True,572,317.1973863494754,80.3293547222969,-0.4097695248316604,24.789377440070403,60,343.2,8.661691250804408,475,-0.7502950286518683
1830,uva,packing_B,T06,largo,30,G2,4.070000379619832,0.849965324167062,1.0546005074140277,True,572,317.1973863494754,80.3293547222969,-0.4097695248316604,24.789377440070403,60,343.2,8.661691250804408,476,-0.8790682810701291
1830,uva,packing_B,T06,largo,30,G2,4.070000379619832,0.849965324167062,1.0546005074140277,True,572,317.1973863494754,80.3293547222969,-0.4097695248316604,24.789377440070403,60,343.2,8.661691250804408,477,-0.8378960930596457
1830,uva,packing_B,T06,largo,30,G2,4.070000379619832,0.849965324167062,1.0546005074140277,True,572,317.1973863494754,80.3293547222969,-0.4097695248316604,24.789377440070403,60,343.2,8.661691250804408,478,-0.6281489946626259
1830,uva,packing_B,T06,largo,30,G2,4.070000379619832,0.849965324167062,1.0546005074140277,True,572,317.1973863494754,80.3293547222969,-0.4097695248316604,24.789377440070403,60,343.2,8.661691250804408,479,-0.49063693888476506
1830,uva,packing_B,T06,largo,30,G2,4.070000379619832,0.849965324167062,1.0546005074140277,True,572,317.1973863494754,80.3293547222969,-0.4097695248316604,24.789377440070403,60,343.2,8.661691250804408,480,-0.6004423000133612
1830,uva,packing_B,T06,largo,30,G2,4.070000379619832,0.849965324167062,1.0546005074140277,True,572,317.1973863494754,80.3293547222969,-0.4097695248316604,24.789377440070403,60,343.2,8.661691250804408,481,-0.3253304632199947
1830,uva,packing_B,T06,largo,30,G2,4.070000379619832,0.849965324167062,1.0546005074140277,True,572,317.1973863494754,80.3293547222969,-0.4097695248316604,24.789377440070403,60,343.2,8.661691250804408,482,-0.22672390438802648
1830,uva,packing_B,T06,largo,30,G2,4.070000379619832,0.849965324167062,1.0546005074140277,True,572,317.1973863494754,80.3293547222969,-0.4097695248316604,24.789377440070403,60,343.2,8.661691250804408,483,-0.041553018451402995
1830,uva,packing_B,T06,largo,30,G2,4.070000379619832,0.849965324167062,1.0546005074140277,True,572,317.1973863494754,80.3293547222969,-0.4097695248316604,24.789377440070403,60,343.2,8.661691250804408,484,-0.09253893186840192
1830,uva,packing_B,T06,largo,30,G2,4.070000379619832,0.849965324167062,1.0546005074140277,True,572,317.1973863494754,80.3293547222969,-0.4097695248316604,24.789377440070403,60,343.2,8.661691250804408,485,0.17209182596982683
1830,uva,packing_B,T06,largo,30,G2,4.070000379619832,0.849965324167062,1.0546005074140277,True,572,317.1973863494754,80.3293547222969,-0.4097695248316604,24.789377440070403,60,343.2,8.661691250804408,486,0.2199643686586624
1830,uva,packing_B,T06,largo,30,G2,4.070000379619832,0.849965324167062,1.0546005074140277,True,572,317.1973863494754,80.3293547222969,-0.4097695248316604,24.789377440070403,60,343.2,8.661691250804408,487,0.1247408578516506
1830,uva,packing_B,T06,largo,30,G2,4.070000379619832,0.849965324167062,1.0546005074140277,True,572,317.1973863494754,80.3293547222969,-0.4097695248316604,24.789377440070403,60,343.2,8.661691250804408,488,0.016228312195663452
1830,uva,packing_B,T06,largo,30,G2,4.070000379619832,0.849965324167062,1.0546005074140277,True,572,317.1973863494754,80.3293547222969,-0.4097695248316604,24.789377440070403,60,343.2,8.661691250804408,489,0.1330527033997665
1830,uva,packing_B,T06,largo,30,G2,4.070000379619832,0.849965324167062,1.0546005074140277,True,572,317.1973863494754,80.3293547222969,-0.4097695248316604,24.789377440070403,60,343.2,8.661691250804408,490,-0.007352283266573979
1830,uva,packing_B,T06,largo,30,G2,4.070000379619832,0.849965324167062,1.0546005074140277,True,572,317.1973863494754,80.3293547222969,-0.4097695248316604,24.789377440070403,60,343.2,8.661691250804408,491,0.1598222885513061
1830,uva,packing_B,T06,largo,30,G2,4.070000379619832,0.849965324167062,1.0546005074140277,True,572,317.1973863494754,80.3293547222969,-0.4097695248316604,24.789377440070403,60,343.2,8.661691250804408,492,-0.2702296297451545
1830,uva,packing_B,T06,largo,30,G2,4.070000379619832,0.849965324167062,1.0546005074140277,True,572,317.1973863494754,80.3293547222969,-0.4097695248316604,24.789377440070403,60,343.2,8.661691250804408,493,-0.30483714354038954
1830,uva,packing_B,T06,largo,30,G2,4.070000379619832,0.849965324167062,1.0546005074140277,True,572,317.1973863494754,80.3293547222969,-0.4097695248316604,24.789377440070403,60,343.2,8.661691250804408,494,-0.3531984828568403
1830,uva,packing_B,T06,largo,30,G2,4.070000379619832,0.849965324167062,1.0546005074140277,True,572,317.1973863494754,80.3293547222969,-0.4097695248316604,24.789377440070403,60,343.2,8.661691250804408,495,-0.44967089333227983
1830,uva,packing_B,T06,largo,30,G2,4.070000379619832,0.849965324167062,1.0546005074140277,True,572,317.1973863494754,80.3293547222969,-0.4097695248316604,24.789377440070403,60,343.2,8.661691250804408,496,-0.691759564178011
1830,uva,packing_B,T06,largo,30,G2,4.070000379619832,0.849965324167062,1.0546005074140277,True,572,317.1973863494754,80.3293547222969,-0.4097695248316604,24.789377440070403,60,343.2,8.661691250804408,497,-0.5684352982519415
1830,uva,packing_B,T06,largo,30,G2,4.070000379619832,0.849965324167062,1.0546005074140277,True,572,317.1973863494754,80.3293547222969,-0.4097695248316604,24.789377440070403,60,343.2,8.661691250804408,498,-0.6933987898710855
1830,uva,packing_B,T06,largo,30,G2,4.070000379619832,0.849965324167062,1.0546005074140277,True,572,317.1973863494754,80.3293547222969,-0.4097695248316604,24.789377440070403,60,343.2,8.661691250804408,499,-0.6914795950223233
1830,uva,packing_B,T06,largo,30,G2,4.070000379619832,0.849965324167062,1.0546005074140277,True,572,317.1973863494754,80.3293547222969,-0.4097695248316604,24.789377440070403,60,343.2,8.661691250804408,500,-0.7837705448288197
1830,uva,packing_B,T06,largo,30,G2,4.070000379619832,0.849965324167062,1.0546005074140277,True,572,317.1973863494754,80.3293547222969,-0.4097695248316604,24.789377440070403,60,343.2,8.661691250804408,501,-0.9771369226153781
1830,uva,packing_B,T06,largo,30,G2,4.070000379619832,0.849965324167062,1.0546005074140277,True,572,317.1973863494754,80.3293547222969,-0.4097695248316604,24.789377440070403,60,343.2,8.661691250804408,502,-0.8360414707082862
1830,uva,packing_B,T06,largo,30,G2,4.070000379619832,0.849965324167062,1.0546005074140277,True,572,317.1973863494754,80.3293547222969,-0.4097695248316604,24.789377440070403,60,343.2,8.661691250804408,503,-0.7409505450975193
1830,uva,packing_B,T06,largo,30,G2,4.070000379619832,0.849965324167062,1.0546005074140277,True,572,317.1973863494754,80.3293547222969,-0.4097695248316604,24.789377440070403,60,343.2,8.661691250804408,504,-0.9073608656310332
1830,uva,packing_B,T06,largo,30,G2,4.070000379619832,0.849965324167062,1.0546005074140277,True,572,317.1973863494754,80.3293547222969,-0.4097695248316604,24.789377440070403,60,343.2,8.661691250804408,505,-0.6997481133996356
1830,uva,packing_B,T06,largo,30,G2,4.070000379619832,0.849965324167062,1.0546005074140277,True,572,317.1973863494754,80.3293547222969,-0.4097695248316604,24.789377440070403,60,343.2,8.661691250804408,506,-0.7817919682057836
1830,uva,packing_B,T06,largo,30,G2,4.070000379619832,0.849965324167062,1.0546005074140277,True,572,317.1973863494754,80.3293547222969,-0.4097695248316604,24.789377440070403,60,343.2,8.661691250804408,507,-0.5730109782441042
1830,uva,packing_B,T06,largo,30,G2,4.070000379619832,0.849965324167062,1.0546005074140277,True,572,317.1973863494754,80.3293547222969,-0.4097695248316604,24.789377440070403,60,343.2,8.661691250804408,508,-0.5910579473226805
1830,uva,packing_B,T06,largo,30,G2,4.070000379619832,0.849965324167062,1.0546005074140277,True,572,317.1973863494754,80.3293547222969,-0.4097695248316604,24.789377440070403,60,343.2,8.661691250804408,509,-0.5846896244816087
1830,uva,packing_B,T06,largo,30,G2,4.070000379619832,0.849965324167062,1.0546005074140277,True,572,317.1973863494754,80.3293547222969,-0.4097695248316604,24.789377440070403,60,343.2,8.661691250804408,510,-0.4351093505765855
1830,uva,packing_B,T06,largo,30,G2,4.070000379619832,0.849965324167062,1.0546005074140277,True,572,317.1973863494754,80.3293547222969,-0.4097695248316604,24.789377440070403,60,343.2,8.661691250804408,511,-0.32036940204856457
1830,uva,packing_B,T06,largo,30,G2,4.070000379619832,0.849965324167062,1.0546005074140277,True,572,317.1973863494754,80.3293547222969,-0.4097695248316604,24.789377440070403,60,343.2,8.661691250804408,512,-0.13784167964389774
1830,uva,packing_B,T06,largo,30,G2,4.070000379619832,0.849965324167062,1.0546005074140277,True,572,317.1973863494754,80.3293547222969,-0.4097695248316604,24.789377440070403,60,343.2,8.661691250804408,513,-0.009352860625560247
1830,uva,packing_B,T06,largo,30,G2,4.070000379619832,0.849965324167062,1.0546005074140277,True,572,317.1973863494754,80.3293547222969,-0.4097695248316604,24.789377440070403,60,343.2,8.661691250804408,514,-0.14119258159748388
1830,uva,packing_B,T06,largo,30,G2,4.070000379619832,0.849965324167062,1.0546005074140277,True,572,317.1973863494754,80.3293547222969,-0.4097695248316604,24.789377440070403,60,343.2,8.661691250804408,515,0.0011905676245125042
1830,uva,packing_B,T06,largo,30,G2,4.070000379619832,0.849965324167062,1.0546005074140277,True,572,317.1973863494754,80.3293547222969,-0.4097695248316604,24.789377440070403,60,343.2,8.661691250804408,516,0.06361791027937751
1830,uva,packing_B,T06,largo,30,G2,4.070000379619832,0.849965324167062,1.0546005074140277,True,572,317.1973863494754,80.3293547222969,-0.4097695248316604,24.789377440070403,60,343.2,8.661691250804408,517,-0.07557448742510525
1830,uva,packing_B,T06,largo,30,G2,4.070000379619832,0.849965324167062,1.0546005074140277,True,572,317.1973863494754,80.3293547222969,-0.4097695248316604,24.789377440070403,60,343.2,8.661691250804408,518,0.09994999776782837
1830,uva,packing_B,T06,largo,30,G2,4.070000379619832,0.849965324167062,1.0546005074140277,True,572,317.1973863494754,80.3293547222969,-0.4097695248316604,24.789377440070403,60,343.2,8.661691250804408,519,-0.18279343811615534
1830,uva,packing_B,T06,largo,30,G2,4.070000379619832,0.849965324167062,1.0546005074140277,True,572,317.1973863494754,80.3293547222969,-0.4097695248316604,24.789377440070403,60,343.2,8.661691250804408,520,0.20763287276647333
1830,uva,packing_B,T06,largo,30,G2,4.070000379619832,0.849965324167062,1.0546005074140277,True,572,317.1973863494754,80.3293547222969,-0.4097695248316604,24.789377440070403,60,343.2,8.661691250804408,521,0.103779378497099
1830,uva,packing_B,T06,largo,30,G2,4.070000379619832,0.849965324167062,1.0546005074140277,True,572,317.1973863494754,80.3293547222969,-0.4097695248316604,24.789377440070403,60,343.2,8.661691250804408,522,-0.15200688762522802
1830,uva,packing_B,T06,largo,30,G2,4.070000379619832,0.849965324167062,1.0546005074140277,True,572,317.1973863494754,80.3293547222969,-0.4097695248316604,24.789377440070403,60,343.2,8.661691250804408,523,-0.15786471268865965
1830,uva,packing_B,T06,largo,30,G2,4.070000379619832,0.849965324167062,1.0546005074140277,True,572,317.1973863494754,80.3293547222969,-0.4097695248316604,24.789377440070403,60,343.2,8.661691250804408,524,-0.3893289285052186
1830,uva,packing_B,T06,largo,30,G2,4.070000379619832,0.849965324167062,1.0546005074140277,True,572,317.1973863494754,80.3293547222969,-0.4097695248316604,24.789377440070403,60,343.2,8.661691250804408,525,-0.5528790507703245
1830,uva,packing_B,T06,largo,30,G2,4.070000379619832,0.849965324167062,1.0546005074140277,True,572,317.1973863494754,80.3293547222969,-0.4097695248316604,24.789377440070403,60,343.2,8.661691250804408,526,-0.4864418439197099
1830,uva,packing_B,T06,largo,30,G2,4.070000379619832,0.849965324167062,1.0546005074140277,True,572,317.1973863494754,80.3293547222969,-0.4097695248316604,24.789377440070403,60,343.2,8.661691250804408,527,-0.6080335118029611
1830,uva,packing_B,T06,largo,30,G2,4.070000379619832,0.849965324167062,1.0546005074140277,True,572,317.1973863494754,80.3293547222969,-0.4097695248316604,24.789377440070403,60,343.2,8.661691250804408,528,-0.8855270189118845
1830,uva,packing_B,T06,largo,30,G2,4.070000379619832,0.849965324167062,1.0546005074140277,True,572,317.1973863494754,80.3293547222969,-0.4097695248316604,24.789377440070403,60,343.2,8.661691250804408,529,-0.7489980849010215
1830,uva,packing_B,T06,largo,30,G2,4.070000379619832,0.849965324167062,1.0546005074140277,True,572,317.1973863494754,80.3293547222969,-0.4097695248316604,24.789377440070403,60,343.2,8.661691250804408,530,-0.872073338010684
1830,uva,packing_B,T06,largo,30,G2,4.070000379619832,0.849965324167062,1.0546005074140277,True,572,317.1973863494754,80.3293547222969,-0.4097695248316604,24.789377440070403,60,343.2,8.661691250804408,531,-1.0304338414038978
1830,uva,packing_B,T06,largo,30,G2,4.070000379619832,0.849965324167062,1.0546005074140277,True,572,317.1973863494754,80.3293547222969,-0.4097695248316604,24.789377440070403,60,343.2,8.661691250804408,532,-0.9191819613419634
1830,uva,packing_B,T06,largo,30,G2,4.070000379619832,0.849965324167062,1.0546005074140277,True,572,317.1973863494754,80.3293547222969,-0.4097695248316604,24.789377440070403,60,343.2,8.661691250804408,533,-0.9937706763085813
1830,uva,packing_B,T06,largo,30,G2,4.070000379619832,0.849965324167062,1.0546005074140277,True,572,317.1973863494754,80.3293547222969,-0.4097695248316604,24.789377440070403,60,343.2,8.661691250804408,534,-0.8582901343258231
1830,uva,packing_B,T06,largo,30,G2,4.070000379619832,0.849965324167062,1.0546005074140277,True,572,317.1973863494754,80.3293547222969,-0.4097695248316604,24.789377440070403,60,343.2,8.661691250804408,535,-0.778840779033516
1830,uva,packing_B,T06,largo,30,G2,4.070000379619832,0.849965324167062,1.0546005074140277,True,572,317.1973863494754,80.3293547222969,-0.4097695248316604,24.789377440070403,60,343.2,8.661691250804408,536,-0.6723565988340001
1830,uva,packing_B,T06,largo,30,G2,4.070000379619832,0.849965324167062,1.0546005074140277,True,572,317.1973863494754,80.3293547222969,-0.4097695248316604,24.789377440070403,60,343.2,8.661691250804408,537,-0.8695804753266164
1830,uva,packing_B,T06,largo,30,G2,4.070000379619832,0.849965324167062,1.0546005074140277,True,572,317.1973863494754,80.3293547222969,-0.4097695248316604,24.789377440070403,60,343.2,8.661691250804408,538,-0.5104277808921449
1830,uva,packing_B,T06,largo,30,G2,4.070000379619832,0.849965324167062,1.0546005074140277,True,572,317.1973863494754,80.3293547222969,-0.4097695248316604,24.789377440070403,60,343.2,8.661691250804408,539,-0.36622361834382666
1830,uva,packing_B,T06,largo,30,G2,4.070000379619832,0.849965324167062,1.0546005074140277,True,572,317.1973863494754,80.3293547222969,-0.4097695248316604,24.789377440070403,60,343.2,8.661691250804408,540,-0.4331674941858091
1830,uva,packing_B,T06,largo,30,G2,4.070000379619832,0.849965324167062,1.0546005074140277,True,572,317.1973863494754,80.3293547222969,-0.4097695248316604,24.789377440070403,60,343.2,8.661691250804408,541,-0.08246237903259804
1830,uva,packing_B,T06,largo,30,G2,4.070000379619832,0.849965324167062,1.0546005074140277,True,572,317.1973863494754,80.3293547222969,-0.4097695248316604,24.789377440070403,60,343.2,8.661691250804408,542,-0.06908540425836251
1830,uva,packing_B,T06,largo,30,G2,4.070000379619832,0.849965324167062,1.0546005074140277,True,572,317.1973863494754,80.3293547222969,-0.4097695248316604,24.789377440070403,60,343.2,8.661691250804408,543,-0.23302048514382254
1830,uva,packing_B,T06,largo,30,G2,4.070000379619832,0.849965324167062,1.0546005074140277,True,572,317.1973863494754,80.3293547222969,-0.4097695248316604,24.789377440070403,60,343.2,8.661691250804408,544,-0.0772749537186479
1830,uva,packing_B,T06,largo,30,G2,4.070000379619832,0.849965324167062,1.0546005074140277,True,572,317.1973863494754,80.3293547222969,-0.4097695248316604,24.789377440070403,60,343.2,8.661691250804408,545,-0.011582329566545979
1830,uva,packing_B,T06,largo,30,G2,4.070000379619832,0.849965324167062,1.0546005074140277,True,572,317.1973863494754,80.3293547222969,-0.4097695248316604,24.789377440070403,60,343.2,8.661691250804408,546,-0.057474650398585986
1830,uva,packing_B,T06,largo,30,G2,4.070000379619832,0.849965324167062,1.0546005074140277,True,572,317.1973863494754,80.3293547222969,-0.4097695248316604,24.789377440070403,60,343.2,8.661691250804408,547,0.24402175618726493
1830,uva,packing_B,T06,largo,30,G2,4.070000379619832,0.849965324167062,1.0546005074140277,True,572,317.1973863494754,80.3293547222969,-0.4097695248316604,24.789377440070403,60,343.2,8.661691250804408,548,-0.049537623257577906
1830,uva,packing_B,T06,largo,30,G2,4.070000379619832,0.849965324167062,1.0546005074140277,True,572,317.1973863494754,80.3293547222969,-0.4097695248316604,24.789377440070403,60,343.2,8.661691250804408,549,0.09178001207624051
1830,uva,packing_B,T06,largo,30,G2,4.070000379619832,0.849965324167062,1.0546005074140277,True,572,317.1973863494754,80.3293547222969,-0.4097695248316604,24.789377440070403,60,343.2,8.661691250804408,550,0.16240550136330412
1830,uva,packing_B,T06,largo,30,G2,4.070000379619832,0.849965324167062,1.0546005074140277,True,572,317.1973863494754,80.3293547222969,-0.4097695248316604,24.789377440070403,60,343.2,8.661691250804408,551,-0.09896381971416217
1830,uva,packing_B,T06,largo,30,G2,4.070000379619832,0.849965324167062,1.0546005074140277,True,572,317.1973863494754,80.3293547222969,-0.4097695248316604,24.789377440070403,60,343.2,8.661691250804408,552,-0.11530000934347698
1830,uva,packing_B,T06,largo,30,G2,4.070000379619832,0.849965324167062,1.0546005074140277,True,572,317.1973863494754,80.3293547222969,-0.4097695248316604,24.789377440070403,60,343.2,8.661691250804408,553,-0.2553063647183454
1830,uva,packing_B,T06,largo,30,G2,4.070000379619832,0.849965324167062,1.0546005074140277,True,572,317.1973863494754,80.3293547222969,-0.4097695248316604,24.789377440070403,60,343.2,8.661691250804408,554,-0.4153222179956203
1830,uva,packing_B,T06,largo,30,G2,4.070000379619832,0.849965324167062,1.0546005074140277,True,572,317.1973863494754,80.3293547222969,-0.4097695248316604,24.789377440070403,60,343.2,8.661691250804408,555,-0.5079535832050596
1830,uva,packing_B,T06,largo,30,G2,4.070000379619832,0.849965324167062,1.0546005074140277,True,572,317.1973863494754,80.3293547222969,-0.4097695248316604,24.789377440070403,60,343.2,8.661691250804408,556,-0.42595516284110896
1830,uva,packing_B,T06,largo,30,G2,4.070000379619832,0.849965324167062,1.0546005074140277,True,572,317.1973863494754,80.3293547222969,-0.4097695248316604,24.789377440070403,60,343.2,8.661691250804408,557,-0.5847162131647305
1830,uva,packing_B,T06,largo,30,G2,4.070000379619832,0.849965324167062,1.0546005074140277,True,572,317.1973863494754,80.3293547222969,-0.4097695248316604,24.789377440070403,60,343.2,8.661691250804408,558,-0.6833478497318526
1830,uva,packing_B,T06,largo,30,G2,4.070000379619832,0.849965324167062,1.0546005074140277,True,572,317.1973863494754,80.3293547222969,-0.4097695248316604,24.789377440070403,60,343.2,8.661691250804408,559,-0.7891207500410863
1830,uva,packing_B,T06,largo,30,G2,4.070000379619832,0.849965324167062,1.0546005074140277,True,572,317.1973863494754,80.3293547222969,-0.4097695248316604,24.789377440070403,60,343.2,8.661691250804408,560,-0.7916034416911626
1830,uva,packing_B,T06,largo,30,G2,4.070000379619832,0.849965324167062,1.0546005074140277,True,572,317.1973863494754,80.3293547222969,-0.4097695248316604,24.789377440070403,60,343.2,8.661691250804408,561,-0.7303065532327202
1830,uva,packing_B,T06,largo,30,G2,4.070000379619832,0.849965324167062,1.0546005074140277,True,572,317.1973863494754,80.3293547222969,-0.4097695248316604,24.789377440070403,60,343.2,8.661691250804408,562,-0.713527320983703
1830,uva,packing_B,T06,largo,30,G2,4.070000379619832,0.849965324167062,1.0546005074140277,True,572,317.1973863494754,80.3293547222969,-0.4097695248316604,24.789377440070403,60,343.2,8.661691250804408,563,-0.8617693587351839
1830,uva,packing_B,T06,largo,30,G2,4.070000379619832,0.849965324167062,1.0546005074140277,True,572,317.1973863494754,80.3293547222969,-0.4097695248316604,24.789377440070403,60,343.2,8.661691250804408,564,-0.8146384288122346
1830,uva,packing_B,T06,largo,30,G2,4.070000379619832,0.849965324167062,1.0546005074140277,True,572,317.1973863494754,80.3293547222969,-0.4097695248316604,24.789377440070403,60,343.2,8.661691250804408,565,-0.9017138675585672
1830,uva,packing_B,T06,largo,30,G2,4.070000379619832,0.849965324167062,1.0546005074140277,True,572,317.1973863494754,80.3293547222969,-0.4097695248316604,24.789377440070403,60,343.2,8.661691250804408,566,-0.8386938978293658
1830,uva,packing_B,T06,largo,30,G2,4.070000379619832,0.849965324167062,1.0546005074140277,True,572,317.1973863494754,80.3293547222969,-0.4097695248316604,24.789377440070403,60,343.2,8.661691250804408,567,-0.8481893578837307
1830,uva,packing_B,T06,largo,30,G2,4.070000379619832,0.849965324167062,1.0546005074140277,True,572,317.1973863494754,80.3293547222969,-0.4097695248316604,24.789377440070403,60,343.2,8.661691250804408,568,-0.5149759554908824
1830,uva,packing_B,T06,largo,30,G2,4.070000379619832,0.849965324167062,1.0546005074140277,True,572,317.1973863494754,80.3293547222969,-0.4097695248316604,24.789377440070403,60,343.2,8.661691250804408,569,-0.5587195980723206
1830,uva,packing_B,T06,largo,30,G2,4.070000379619832,0.849965324167062,1.0546005074140277,True,572,317.1973863494754,80.3293547222969,-0.4097695248316604,24.789377440070403,60,343.2,8.661691250804408,570,-0.5079961575198482
1830,uva,packing_B,T06,largo,30,G2,4.070000379619832,0.849965324167062,1.0546005074140277,True,572,317.1973863494754,80.3293547222969,-0.4097695248316604,24.789377440070403,60,343.2,8.661691250804408,571,-0.20141291970550715
