proceso_id,epoca,packing,tunel,tipo_tunel,iteracion,mass_group,masa_ton,ocupabilidad,caudal_factor,anomalia_duracion,duracion_min,duracion_esperada_min,delta_duracion_pct,setpoint,T0,pct_transitorio,t_trans_min,overshoot_pct,tiempo_min,temperatura
1828,uva,packing_B,T06,largo,28,G4,8.572878198053667,0.7383100828496918,0.9788989920939886,False,445,427.18780697691807,4.169639847432341,-0.4259668738601116,24.165240414963847,60,267.0,9.494577803649731,0,24.065202278674967
1828,uva,packing_B,T06,largo,28,G4,8.572878198053667,0.7383100828496918,0.9788989920939886,False,445,427.18780697691807,4.169639847432341,-0.4259668738601116,24.165240414963847,60,267.0,9.494577803649731,1,23.958807701351756
1828,uva,packing_B,T06,largo,28,G4,8.572878198053667,0.7383100828496918,0.9788989920939886,False,445,427.18780697691807,4.169639847432341,-0.4259668738601116,24.165240414963847,60,267.0,9.494577803649731,2,23.70939388732414
1828,uva,packing_B,T06,largo,28,G4,8.572878198053667,0.7383100828496918,0.9788989920939886,False,445,427.18780697691807,4.169639847432341,-0.4259668738601116,24.165240414963847,60,267.0,9.494577803649731,3,23.424940167407566
1828,uva,packing_B,T06,largo,28,G4,8.572878198053667,0.7383100828496918,0.9788989920939886,False,445,427.18780697691807,4.169639847432341,-0.4259668738601116,24.165240414963847,60,267.0,9.494577803649731,4,23.234643471236
1828,uva,packing_B,T06,largo,28,G4,8.572878198053667,0.7383100828496918,0.9788989920939886,False,445,427.18780697691807,4.169639847432341,-0.4259668738601116,24.165240414963847,60,267.0,9.494577803649731,5,23.096019442226353
1828,uva,packing_B,T06,largo,28,G4,8.572878198053667,0.7383100828496918,0.9788989920939886,False,445,427.18780697691807,4.169639847432341,-0.4259668738601116,24.165240414963847,60,267.0,9.494577803649731,6,22.7529270238174
1828,uva,packing_B,T06,largo,28,G4,8.572878198053667,0.7383100828496918,0.9788989920939886,False,445,427.18780697691807,4.169639847432341,-0.4259668738601116,24.165240414963847,60,267.0,9.494577803649731,7,22.492992754350194
1828,uva,packing_B,T06,largo,28,G4,8.572878198053667,0.7383100828496918,0.9788989920939886,False,445,427.18780697691807,4.169639847432341,-0.4259668738601116,24.165240414963847,60,267.0,9.494577803649731,8,22.250404425876713
1828,uva,packing_B,T06,largo,28,G4,8.572878198053667,0.7383100828496918,0.9788989920939886,False,445,427.18780697691807,4.169639847432341,-0.4259668738601116,24.165240414963847,60,267.0,9.494577803649731,9,21.9317646546612
1828,uva,packing_B,T06,largo,28,G4,8.572878198053667,0.7383100828496918,0.9788989920939886,False,445,427.18780697691807,4.169639847432341,-0.4259668738601116,24.165240414963847,60,267.0,9.494577803649731,10,21.696251630442266
1828,uva,packing_B,T06,largo,28,G4,8.572878198053667,0.7383100828496918,0.9788989920939886,False,445,427.18780697691807,4.169639847432341,-0.4259668738601116,24.165240414963847,60,267.0,9.494577803649731,11,21.381516343247586
1828,uva,packing_B,T06,largo,28,G4,8.572878198053667,0.7383100828496918,0.9788989920939886,False,445,427.18780697691807,4.169639847432341,-0.4259668738601116,24.165240414963847,60,267.0,9.494577803649731,12,20.960028331184787
1828,uva,packing_B,T06,largo,28,G4,8.572878198053667,0.7383100828496918,0.9788989920939886,False,445,427.18780697691807,4.169639847432341,-0.4259668738601116,24.165240414963847,60,267.0,9.494577803649731,13,20.89738541839424
1828,uva,packing_B,T06,largo,28,G4,8.572878198053667,0.7383100828496918,0.9788989920939886,False,445,427.18780697691807,4.169639847432341,-0.4259668738601116,24.165240414963847,60,267.0,9.494577803649731,14,20.45488117470119
1828,uva,packing_B,T06,largo,28,G4,8.572878198053667,0.7383100828496918,0.9788989920939886,False,445,427.18780697691807,4.169639847432341,-0.4259668738601116,24.165240414963847,60,267.0,9.494577803649731,15,20.239957197737986
1828,uva,packing_B,T06,largo,28,G4,8.572878198053667,0.7383100828496918,0.9788989920939886,False,445,427.18780697691807,4.169639847432341,-0.4259668738601116,24.165240414963847,60,267.0,9.494577803649731,16,19.937735343153992
1828,uva,packing_B,T06,largo,28,G4,8.572878198053667,0.7383100828496918,0.9788989920939886,False,445,427.18780697691807,4.169639847432341,-0.4259668738601116,24.165240414963847,60,267.0,9.494577803649731,17,19.686682392220472
1828,uva,packing_B,T06,largo,28,G4,8.572878198053667,0.7383100828496918,0.9788989920939886,False,445,427.18780697691807,4.169639847432341,-0.4259668738601116,24.165240414963847,60,267.0,9.494577803649731,18,19.433779169196615
1828,uva,packing_B,T06,largo,28,G4,8.572878198053667,0.7383100828496918,0.9788989920939886,False,445,427.18780697691807,4.169639847432341,-0.4259668738601116,24.165240414963847,60,267.0,9.494577803649731,19,19.175338614474235
1828,uva,packing_B,T06,largo,28,G4,8.572878198053667,0.7383100828496918,0.9788989920939886,False,445,427.18780697691807,4.169639847432341,-0.4259668738601116,24.165240414963847,60,267.0,9.494577803649731,20,18.86065489447654
1828,uva,packing_B,T06,largo,28,G4,8.572878198053667,0.7383100828496918,0.9788989920939886,False,445,427.18780697691807,4.169639847432341,-0.4259668738601116,24.165240414963847,60,267.0,9.494577803649731,21,18.72583362921021
1828,uva,packing_B,T06,largo,28,G4,8.572878198053667,0.7383100828496918,0.9788989920939886,False,445,427.18780697691807,4.169639847432341,-0.4259668738601116,24.165240414963847,60,267.0,9.494577803649731,22,18.151322337484142
1828,uva,packing_B,T06,largo,28,G4,8.572878198053667,0.7383100828496918,0.9788989920939886,False,445,427.18780697691807,4.169639847432341,-0.4259668738601116,24.165240414963847,60,267.0,9.494577803649731,23,17.781378212290143
1828,uva,packing_B,T06,largo,28,G4,8.572878198053667,0.7383100828496918,0.9788989920939886,False,445,427.18780697691807,4.169639847432341,-0.4259668738601116,24.165240414963847,60,267.0,9.494577803649731,24,17.7525555855385
1828,uva,packing_B,T06,largo,28,G4,8.572878198053667,0.7383100828496918,0.9788989920939886,False,445,427.18780697691807,4.169639847432341,-0.4259668738601116,24.165240414963847,60,267.0,9.494577803649731,25,17.22848343700749
1828,uva,packing_B,T06,largo,28,G4,8.572878198053667,0.7383100828496918,0.9788989920939886,False,445,427.18780697691807,4.169639847432341,-0.4259668738601116,24.165240414963847,60,267.0,9.494577803649731,26,17.150669784637664
1828,uva,packing_B,T06,largo,28,G4,8.572878198053667,0.7383100828496918,0.9788989920939886,False,445,427.18780697691807,4.169639847432341,-0.4259668738601116,24.165240414963847,60,267.0,9.494577803649731,27,16.605330397626588
1828,uva,packing_B,T06,largo,28,G4,8.572878198053667,0.7383100828496918,0.9788989920939886,False,445,427.18780697691807,4.169639847432341,-0.4259668738601116,24.165240414963847,60,267.0,9.494577803649731,28,16.477201981628504
1828,uva,packing_B,T06,largo,28,G4,8.572878198053667,0.7383100828496918,0.9788989920939886,False,445,427.18780697691807,4.169639847432341,-0.4259668738601116,24.165240414963847,60,267.0,9.494577803649731,29,16.1006428078752
1828,uva,packing_B,T06,largo,28,G4,8.572878198053667,0.7383100828496918,0.9788989920939886,False,445,427.18780697691807,4.169639847432341,-0.4259668738601116,24.165240414963847,60,267.0,9.494577803649731,30,15.627701366998028
1828,uva,packing_B,T06,largo,28,G4,8.572878198053667,0.7383100828496918,0.9788989920939886,False,445,427.18780697691807,4.169639847432341,-0.4259668738601116,24.165240414963847,60,267.0,9.494577803649731,31,15.456580830828795
1828,uva,packing_B,T06,largo,28,G4,8.572878198053667,0.7383100828496918,0.9788989920939886,False,445,427.18780697691807,4.169639847432341,-0.4259668738601116,24.165240414963847,60,267.0,9.494577803649731,32,14.963735625457495
1828,uva,packing_B,T06,largo,28,G4,8.572878198053667,0.7383100828496918,0.9788989920939886,False,445,427.18780697691807,4.169639847432341,-0.4259668738601116,24.165240414963847,60,267.0,9.494577803649731,33,14.894772852883136
1828,uva,packing_B,T06,largo,28,G4,8.572878198053667,0.7383100828496918,0.9788989920939886,False,445,427.18780697691807,4.169639847432341,-0.4259668738601116,24.165240414963847,60,267.0,9.494577803649731,34,14.321491810190533
1828,uva,packing_B,T06,largo,28,G4,8.572878198053667,0.7383100828496918,0.9788989920939886,False,445,427.18780697691807,4.169639847432341,-0.4259668738601116,24.165240414963847,60,267.0,9.494577803649731,35,14.210305737989202
1828,uva,packing_B,T06,largo,28,G4,8.572878198053667,0.7383100828496918,0.9788989920939886,False,445,427.18780697691807,4.169639847432341,-0.4259668738601116,24.165240414963847,60,267.0,9.494577803649731,36,13.848442472404445
1828,uva,packing_B,T06,largo,28,G4,8.572878198053667,0.7383100828496918,0.9788989920939886,False,445,427.18780697691807,4.169639847432341,-0.4259668738601116,24.165240414963847,60,267.0,9.494577803649731,37,13.519322597916164
1828,uva,packing_B,T06,largo,28,G4,8.572878198053667,0.7383100828496918,0.9788989920939886,False,445,427.18780697691807,4.169639847432341,-0.4259668738601116,24.165240414963847,60,267.0,9.494577803649731,38,13.194828062852192
1828,uva,packing_B,T06,largo,28,G4,8.572878198053667,0.7383100828496918,0.9788989920939886,False,445,427.18780697691807,4.169639847432341,-0.4259668738601116,24.165240414963847,60,267.0,9.494577803649731,39,12.907954634755257
1828,uva,packing_B,T06,largo,28,G4,8.572878198053667,0.7383100828496918,0.9788989920939886,False,445,427.18780697691807,4.169639847432341,-0.4259668738601116,24.165240414963847,60,267.0,9.494577803649731,40,12.651194693390503
1828,uva,packing_B,T06,largo,28,G4,8.572878198053667,0.7383100828496918,0.9788989920939886,False,445,427.18780697691807,4.169639847432341,-0.4259668738601116,24.165240414963847,60,267.0,9.494577803649731,41,12.399910067704253
1828,uva,packing_B,T06,largo,28,G4,8.572878198053667,0.7383100828496918,0.9788989920939886,False,445,427.18780697691807,4.169639847432341,-0.4259668738601116,24.165240414963847,60,267.0,9.494577803649731,42,11.828975042963144
1828,uva,packing_B,T06,largo,28,G4,8.572878198053667,0.7383100828496918,0.9788989920939886,False,445,427.18780697691807,4.169639847432341,-0.4259668738601116,24.165240414963847,60,267.0,9.494577803649731,43,11.67030140969263
1828,uva,packing_B,T06,largo,28,G4,8.572878198053667,0.7383100828496918,0.9788989920939886,False,445,427.18780697691807,4.169639847432341,-0.4259668738601116,24.165240414963847,60,267.0,9.494577803649731,44,11.224932253669701
1828,uva,packing_B,T06,largo,28,G4,8.572878198053667,0.7383100828496918,0.9788989920939886,False,445,427.18780697691807,4.169639847432341,-0.4259668738601116,24.165240414963847,60,267.0,9.494577803649731,45,10.876144879943366
1828,uva,packing_B,T06,largo,28,G4,8.572878198053667,0.7383100828496918,0.9788989920939886,False,445,427.18780697691807,4.169639847432341,-0.4259668738601116,24.165240414963847,60,267.0,9.494577803649731,46,10.575353723228039
1828,uva,packing_B,T06,largo,28,G4,8.572878198053667,0.7383100828496918,0.9788989920939886,False,445,427.18780697691807,4.169639847432341,-0.4259668738601116,24.165240414963847,60,267.0,9.494577803649731,47,10.289963037266396
1828,uva,packing_B,T06,largo,28,G4,8.572878198053667,0.7383100828496918,0.9788989920939886,False,445,427.18780697691807,4.169639847432341,-0.4259668738601116,24.165240414963847,60,267.0,9.494577803649731,48,10.015951631360267
1828,uva,packing_B,T06,largo,28,G4,8.572878198053667,0.7383100828496918,0.9788989920939886,False,445,427.18780697691807,4.169639847432341,-0.4259668738601116,24.165240414963847,60,267.0,9.494577803649731,49,9.695039961840724
1828,uva,packing_B,T06,largo,28,G4,8.572878198053667,0.7383100828496918,0.9788989920939886,False,445,427.18780697691807,4.169639847432341,-0.4259668738601116,24.165240414963847,60,267.0,9.494577803649731,50,9.462688709076287
1828,uva,packing_B,T06,largo,28,G4,8.572878198053667,0.7383100828496918,0.9788989920939886,False,445,427.18780697691807,4.169639847432341,-0.4259668738601116,24.165240414963847,60,267.0,9.494577803649731,51,9.048281880728426
1828,uva,packing_B,T06,largo,28,G4,8.572878198053667,0.7383100828496918,0.9788989920939886,False,445,427.18780697691807,4.169639847432341,-0.4259668738601116,24.165240414963847,60,267.0,9.494577803649731,52,8.909030746644998
1828,uva,packing_B,T06,largo,28,G4,8.572878198053667,0.7383100828496918,0.9788989920939886,False,445,427.18780697691807,4.169639847432341,-0.4259668738601116,24.165240414963847,60,267.0,9.494577803649731,53,8.472307261468845
1828,uva,packing_B,T06,largo,28,G4,8.572878198053667,0.7383100828496918,0.9788989920939886,False,445,427.18780697691807,4.169639847432341,-0.4259668738601116,24.165240414963847,60,267.0,9.494577803649731,54,8.279940837771239
1828,uva,packing_B,T06,largo,28,G4,8.572878198053667,0.7383100828496918,0.9788989920939886,False,445,427.18780697691807,4.169639847432341,-0.4259668738601116,24.165240414963847,60,267.0,9.494577803649731,55,8.002408167041118
1828,uva,packing_B,T06,largo,28,G4,8.572878198053667,0.7383100828496918,0.9788989920939886,False,445,427.18780697691807,4.169639847432341,-0.4259668738601116,24.165240414963847,60,267.0,9.494577803649731,56,7.557901819073107
1828,uva,packing_B,T06,largo,28,G4,8.572878198053667,0.7383100828496918,0.9788989920939886,False,445,427.18780697691807,4.169639847432341,-0.4259668738601116,24.165240414963847,60,267.0,9.494577803649731,57,7.303058247341183
1828,uva,packing_B,T06,largo,28,G4,8.572878198053667,0.7383100828496918,0.9788989920939886,False,445,427.18780697691807,4.169639847432341,-0.4259668738601116,24.165240414963847,60,267.0,9.494577803649731,58,6.900137396733966
1828,uva,packing_B,T06,largo,28,G4,8.572878198053667,0.7383100828496918,0.9788989920939886,False,445,427.18780697691807,4.169639847432341,-0.4259668738601116,24.165240414963847,60,267.0,9.494577803649731,59,6.617152950504853
1828,uva,packing_B,T06,largo,28,G4,8.572878198053667,0.7383100828496918,0.9788989920939886,False,445,427.18780697691807,4.169639847432341,-0.4259668738601116,24.165240414963847,60,267.0,9.494577803649731,60,6.220727215285137
1828,uva,packing_B,T06,largo,28,G4,8.572878198053667,0.7383100828496918,0.9788989920939886,False,445,427.18780697691807,4.169639847432341,-0.4259668738601116,24.165240414963847,60,267.0,9.494577803649731,61,5.918834398690355
1828,uva,packing_B,T06,largo,28,G4,8.572878198053667,0.7383100828496918,0.9788989920939886,False,445,427.18780697691807,4.169639847432341,-0.4259668738601116,24.165240414963847,60,267.0,9.494577803649731,62,6.021151954507487
1828,uva,packing_B,T06,largo,28,G4,8.572878198053667,0.7383100828496918,0.9788989920939886,False,445,427.18780697691807,4.169639847432341,-0.4259668738601116,24.165240414963847,60,267.0,9.494577803649731,63,5.529236391841858
1828,uva,packing_B,T06,largo,28,G4,8.572878198053667,0.7383100828496918,0.9788989920939886,False,445,427.18780697691807,4.169639847432341,-0.4259668738601116,24.165240414963847,60,267.0,9.494577803649731,64,5.2410716576697025
1828,uva,packing_B,T06,largo,28,G4,8.572878198053667,0.7383100828496918,0.9788989920939886,False,445,427.18780697691807,4.169639847432341,-0.4259668738601116,24.165240414963847,60,267.0,9.494577803649731,65,4.904208326767891
1828,uva,packing_B,T06,largo,28,G4,8.572878198053667,0.7383100828496918,0.9788989920939886,False,445,427.18780697691807,4.169639847432341,-0.4259668738601116,24.165240414963847,60,267.0,9.494577803649731,66,4.746502355971932
1828,uva,packing_B,T06,largo,28,G4,8.572878198053667,0.7383100828496918,0.9788989920939886,False,445,427.18780697691807,4.169639847432341,-0.4259668738601116,24.165240414963847,60,267.0,9.494577803649731,67,4.409624435777434
1828,uva,packing_B,T06,largo,28,G4,8.572878198053667,0.7383100828496918,0.9788989920939886,False,445,427.18780697691807,4.169639847432341,-0.4259668738601116,24.165240414963847,60,267.0,9.494577803649731,68,4.239865395071059
1828,uva,packing_B,T06,largo,28,G4,8.572878198053667,0.7383100828496918,0.9788989920939886,False,445,427.18780697691807,4.169639847432341,-0.4259668738601116,24.165240414963847,60,267.0,9.494577803649731,69,3.964383624097855
1828,uva,packing_B,T06,largo,28,G4,8.572878198053667,0.7383100828496918,0.9788989920939886,False,445,427.18780697691807,4.169639847432341,-0.4259668738601116,24.165240414963847,60,267.0,9.494577803649731,70,3.6459348359695123
1828,uva,packing_B,T06,largo,28,G4,8.572878198053667,0.7383100828496918,0.9788989920939886,False,445,427.18780697691807,4.169639847432341,-0.4259668738601116,24.165240414963847,60,267.0,9.494577803649731,71,3.3058593860824046
1828,uva,packing_B,T06,largo,28,G4,8.572878198053667,0.7383100828496918,0.9788989920939886,False,445,427.18780697691807,4.169639847432341,-0.4259668738601116,24.165240414963847,60,267.0,9.494577803649731,72,2.8793967923335666
1828,uva,packing_B,T06,largo,28,G4,8.572878198053667,0.7383100828496918,0.9788989920939886,False,445,427.18780697691807,4.169639847432341,-0.4259668738601116,24.165240414963847,60,267.0,9.494577803649731,73,2.740792132568756
1828,uva,packing_B,T06,largo,28,G4,8.572878198053667,0.7383100828496918,0.9788989920939886,False,445,427.18780697691807,4.169639847432341,-0.4259668738601116,24.165240414963847,60,267.0,9.494577803649731,74,2.4451514462468213
1828,uva,packing_B,T06,largo,28,G4,8.572878198053667,0.7383100828496918,0.9788989920939886,False,445,427.18780697691807,4.169639847432341,-0.4259668738601116,24.165240414963847,60,267.0,9.494577803649731,75,2.1660229723815925
1828,uva,packing_B,T06,largo,28,G4,8.572878198053667,0.7383100828496918,0.9788989920939886,False,445,427.18780697691807,4.169639847432341,-0.4259668738601116,24.165240414963847,60,267.0,9.494577803649731,76,1.7903283775165582
1828,uva,packing_B,T06,largo,28,G4,8.572878198053667,0.7383100828496918,0.9788989920939886,False,445,427.18780697691807,4.169639847432341,-0.4259668738601116,24.165240414963847,60,267.0,9.494577803649731,77,1.5894428627099497
1828,uva,packing_B,T06,largo,28,G4,8.572878198053667,0.7383100828496918,0.9788989920939886,False,445,427.18780697691807,4.169639847432341,-0.4259668738601116,24.165240414963847,60,267.0,9.494577803649731,78,1.6771474880733337
1828,uva,packing_B,T06,largo,28,G4,8.572878198053667,0.7383100828496918,0.9788989920939886,False,445,427.18780697691807,4.169639847432341,-0.4259668738601116,24.165240414963847,60,267.0,9.494577803649731,79,1.262667774704422
1828,uva,packing_B,T06,largo,28,G4,8.572878198053667,0.7383100828496918,0.9788989920939886,False,445,427.18780697691807,4.169639847432341,-0.4259668738601116,24.165240414963847,60,267.0,9.494577803649731,80,0.9114314628976963
1828,uva,packing_B,T06,largo,28,G4,8.572878198053667,0.7383100828496918,0.9788989920939886,False,445,427.18780697691807,4.169639847432341,-0.4259668738601116,24.165240414963847,60,267.0,9.494577803649731,81,0.8357013492212503
1828,uva,packing_B,T06,largo,28,G4,8.572878198053667,0.7383100828496918,0.9788989920939886,False,445,427.18780697691807,4.169639847432341,-0.4259668738601116,24.165240414963847,60,267.0,9.494577803649731,82,0.49228769917712784
1828,uva,packing_B,T06,largo,28,G4,8.572878198053667,0.7383100828496918,0.9788989920939886,False,445,427.18780697691807,4.169639847432341,-0.4259668738601116,24.165240414963847,60,267.0,9.494577803649731,83,0.3353212901635825
1828,uva,packing_B,T06,largo,28,G4,8.572878198053667,0.7383100828496918,0.9788989920939886,False,445,427.18780697691807,4.169639847432341,-0.4259668738601116,24.165240414963847,60,267.0,9.494577803649731,84,0.041379088410766374
1828,uva,packing_B,T06,largo,28,G4,8.572878198053667,0.7383100828496918,0.9788989920939886,False,445,427.18780697691807,4.169639847432341,-0.4259668738601116,24.165240414963847,60,267.0,9.494577803649731,85,-0.02127138774998885
1828,uva,packing_B,T06,largo,28,G4,8.572878198053667,0.7383100828496918,0.9788989920939886,False,445,427.18780697691807,4.169639847432341,-0.4259668738601116,24.165240414963847,60,267.0,9.494577803649731,86,-0.4419840901678216
1828,uva,packing_B,T06,largo,28,G4,8.572878198053667,0.7383100828496918,0.9788989920939886,False,445,427.18780697691807,4.169639847432341,-0.4259668738601116,24.165240414963847,60,267.0,9.494577803649731,87,-0.6443205923427424
1828,uva,packing_B,T06,largo,28,G4,8.572878198053667,0.7383100828496918,0.9788989920939886,False,445,427.18780697691807,4.169639847432341,-0.4259668738601116,24.165240414963847,60,267.0,9.494577803649731,88,-0.845814164990512
1828,uva,packing_B,T06,largo,28,G4,8.572878198053667,0.7383100828496918,0.9788989920939886,False,445,427.18780697691807,4.169639847432341,-0.4259668738601116,24.165240414963847,60,267.0,9.494577803649731,89,-1.2106342831818786
1828,uva,packing_B,T06,largo,28,G4,8.572878198053667,0.7383100828496918,0.9788989920939886,False,445,427.18780697691807,4.169639847432341,-0.4259668738601116,24.165240414963847,60,267.0,9.494577803649731,90,-1.2870438826535577
1828,uva,packing_B,T06,largo,28,G4,8.572878198053667,0.7383100828496918,0.9788989920939886,False,445,427.18780697691807,4.169639847432341,-0.4259668738601116,24.165240414963847,60,267.0,9.494577803649731,91,-1.4822314153195326
1828,uva,packing_B,T06,largo,28,G4,8.572878198053667,0.7383100828496918,0.9788989920939886,False,445,427.18780697691807,4.169639847432341,-0.4259668738601116,24.165240414963847,60,267.0,9.494577803649731,92,-1.7306645975029762
1828,uva,packing_B,T06,largo,28,G4,8.572878198053667,0.7383100828496918,0.9788989920939886,False,445,427.18780697691807,4.169639847432341,-0.4259668738601116,24.165240414963847,60,267.0,9.494577803649731,93,-1.8888151240255358
1828,uva,packing_B,T06,largo,28,G4,8.572878198053667,0.7383100828496918,0.9788989920939886,False,445,427.18780697691807,4.169639847432341,-0.4259668738601116,24.165240414963847,60,267.0,9.494577803649731,94,-2.2910748104898127
1828,uva,packing_B,T06,largo,28,G4,8.572878198053667,0.7383100828496918,0.9788989920939886,False,445,427.18780697691807,4.169639847432341,-0.4259668738601116,24.165240414963847,60,267.0,9.494577803649731,95,-2.298279352502171
1828,uva,packing_B,T06,largo,28,G4,8.572878198053667,0.7383100828496918,0.9788989920939886,False,445,427.18780697691807,4.169639847432341,-0.4259668738601116,24.165240414963847,60,267.0,9.494577803649731,96,-2.4669843397789117
1828,uva,packing_B,T06,largo,28,G4,8.572878198053667,0.7383100828496918,0.9788989920939886,False,445,427.18780697691807,4.169639847432341,-0.4259668738601116,24.165240414963847,60,267.0,9.494577803649731,97,-2.8859916492624484
1828,uva,packing_B,T06,largo,28,G4,8.572878198053667,0.7383100828496918,0.9788989920939886,False,445,427.18780697691807,4.169639847432341,-0.4259668738601116,24.165240414963847,60,267.0,9.494577803649731,98,-2.908231808951634
1828,uva,packing_B,T06,largo,28,G4,8.572878198053667,0.7383100828496918,0.9788989920939886,False,445,427.18780697691807,4.169639847432341,-0.4259668738601116,24.165240414963847,60,267.0,9.494577803649731,99,-3.0964422649110035
1828,uva,packing_B,T06,largo,28,G4,8.572878198053667,0.7383100828496918,0.9788989920939886,False,445,427.18780697691807,4.169639847432341,-0.4259668738601116,24.165240414963847,60,267.0,9.494577803649731,100,-3.1106251976502937
1828,uva,packing_B,T06,largo,28,G4,8.572878198053667,0.7383100828496918,0.9788989920939886,False,445,427.18780697691807,4.169639847432341,-0.4259668738601116,24.165240414963847,60,267.0,9.494577803649731,101,-3.352076249400186
1828,uva,packing_B,T06,largo,28,G4,8.572878198053667,0.7383100828496918,0.9788989920939886,False,445,427.18780697691807,4.169639847432341,-0.4259668738601116,24.165240414963847,60,267.0,9.494577803649731,102,-3.48802606611666
1828,uva,packing_B,T06,largo,28,G4,8.572878198053667,0.7383100828496918,0.9788989920939886,False,445,427.18780697691807,4.169639847432341,-0.4259668738601116,24.165240414963847,60,267.0,9.494577803649731,103,-3.7195055361538576
1828,uva,packing_B,T06,largo,28,G4,8.572878198053667,0.7383100828496918,0.9788989920939886,False,445,427.18780697691807,4.169639847432341,-0.4259668738601116,24.165240414963847,60,267.0,9.494577803649731,104,-3.878346367792505
1828,uva,packing_B,T06,largo,28,G4,8.572878198053667,0.7383100828496918,0.9788989920939886,False,445,427.18780697691807,4.169639847432341,-0.4259668738601116,24.165240414963847,60,267.0,9.494577803649731,105,-3.8188227974177678
1828,uva,packing_B,T06,largo,28,G4,8.572878198053667,0.7383100828496918,0.9788989920939886,False,445,427.18780697691807,4.169639847432341,-0.4259668738601116,24.165240414963847,60,267.0,9.494577803649731,106,-4.193069336540407
1828,uva,packing_B,T06,largo,28,G4,8.572878198053667,0.7383100828496918,0.9788989920939886,False,445,427.18780697691807,4.169639847432341,-0.4259668738601116,24.165240414963847,60,267.0,9.494577803649731,107,-4.35402255222819
1828,uva,packing_B,T06,largo,28,G4,8.572878198053667,0.7383100828496918,0.9788989920939886,False,445,427.18780697691807,4.169639847432341,-0.4259668738601116,24.165240414963847,60,267.0,9.494577803649731,108,-4.563870372654103
1828,uva,packing_B,T06,largo,28,G4,8.572878198053667,0.7383100828496918,0.9788989920939886,False,445,427.18780697691807,4.169639847432341,-0.4259668738601116,24.165240414963847,60,267.0,9.494577803649731,109,-4.631390113651998
1828,uva,packing_B,T06,largo,28,G4,8.572878198053667,0.7383100828496918,0.9788989920939886,False,445,427.18780697691807,4.169639847432341,-0.4259668738601116,24.165240414963847,60,267.0,9.494577803649731,110,-4.914250549470662
1828,uva,packing_B,T06,largo,28,G4,8.572878198053667,0.7383100828496918,0.9788989920939886,False,445,427.18780697691807,4.169639847432341,-0.4259668738601116,24.165240414963847,60,267.0,9.494577803649731,111,-4.751521979423872
1828,uva,packing_B,T06,largo,28,G4,8.572878198053667,0.7383100828496918,0.9788989920939886,False,445,427.18780697691807,4.169639847432341,-0.4259668738601116,24.165240414963847,60,267.0,9.494577803649731,112,-4.9094691152677745
1828,uva,packing_B,T06,largo,28,G4,8.572878198053667,0.7383100828496918,0.9788989920939886,False,445,427.18780697691807,4.169639847432341,-0.4259668738601116,24.165240414963847,60,267.0,9.494577803649731,113,-5.144038011262446
1828,uva,packing_B,T06,largo,28,G4,8.572878198053667,0.7383100828496918,0.9788989920939886,False,445,427.18780697691807,4.169639847432341,-0.4259668738601116,24.165240414963847,60,267.0,9.494577803649731,114,-5.349777565716191
1828,uva,packing_B,T06,largo,28,G4,8.572878198053667,0.7383100828496918,0.9788989920939886,False,445,427.18780697691807,4.169639847432341,-0.4259668738601116,24.165240414963847,60,267.0,9.494577803649731,115,-5.316543222040536
1828,uva,packing_B,T06,largo,28,G4,8.572878198053667,0.7383100828496918,0.9788989920939886,False,445,427.18780697691807,4.169639847432341,-0.4259668738601116,24.165240414963847,60,267.0,9.494577803649731,116,-5.331794527448517
1828,uva,packing_B,T06,largo,28,G4,8.572878198053667,0.7383100828496918,0.9788989920939886,False,445,427.18780697691807,4.169639847432341,-0.4259668738601116,24.165240414963847,60,267.0,9.494577803649731,117,-5.722262098658839
1828,uva,packing_B,T06,largo,28,G4,8.572878198053667,0.7383100828496918,0.9788989920939886,False,445,427.18780697691807,4.169639847432341,-0.4259668738601116,24.165240414963847,60,267.0,9.494577803649731,118,-5.714338166513477
1828,uva,packing_B,T06,largo,28,G4,8.572878198053667,0.7383100828496918,0.9788989920939886,False,445,427.18780697691807,4.169639847432341,-0.4259668738601116,24.165240414963847,60,267.0,9.494577803649731,119,-5.8982549550928685
1828,uva,packing_B,T06,largo,28,G4,8.572878198053667,0.7383100828496918,0.9788989920939886,False,445,427.18780697691807,4.169639847432341,-0.4259668738601116,24.165240414963847,60,267.0,9.494577803649731,120,-5.999139684893855
1828,uva,packing_B,T06,largo,28,G4,8.572878198053667,0.7383100828496918,0.9788989920939886,False,445,427.18780697691807,4.169639847432341,-0.4259668738601116,24.165240414963847,60,267.0,9.494577803649731,121,-6.132527606786585
1828,uva,packing_B,T06,largo,28,G4,8.572878198053667,0.7383100828496918,0.9788989920939886,False,445,427.18780697691807,4.169639847432341,-0.4259668738601116,24.165240414963847,60,267.0,9.494577803649731,122,-6.13609839128026
1828,uva,packing_B,T06,largo,28,G4,8.572878198053667,0.7383100828496918,0.9788989920939886,False,445,427.18780697691807,4.169639847432341,-0.4259668738601116,24.165240414963847,60,267.0,9.494577803649731,123,-6.263692269800692
1828,uva,packing_B,T06,largo,28,G4,8.572878198053667,0.7383100828496918,0.9788989920939886,False,445,427.18780697691807,4.169639847432341,-0.4259668738601116,24.165240414963847,60,267.0,9.494577803649731,124,-6.236402749929538
1828,uva,packing_B,T06,largo,28,G4,8.572878198053667,0.7383100828496918,0.9788989920939886,False,445,427.18780697691807,4.169639847432341,-0.4259668738601116,24.165240414963847,60,267.0,9.494577803649731,125,-6.354315381137466
1828,uva,packing_B,T06,largo,28,G4,8.572878198053667,0.7383100828496918,0.9788989920939886,False,445,427.18780697691807,4.169639847432341,-0.4259668738601116,24.165240414963847,60,267.0,9.494577803649731,126,-6.48243493086985
1828,uva,packing_B,T06,largo,28,G4,8.572878198053667,0.7383100828496918,0.9788989920939886,False,445,427.18780697691807,4.169639847432341,-0.4259668738601116,24.165240414963847,60,267.0,9.494577803649731,127,-6.7109839196785455
1828,uva,packing_B,T06,largo,28,G4,8.572878198053667,0.7383100828496918,0.9788989920939886,False,445,427.18780697691807,4.169639847432341,-0.4259668738601116,24.165240414963847,60,267.0,9.494577803649731,128,-6.890652468467645
1828,uva,packing_B,T06,largo,28,G4,8.572878198053667,0.7383100828496918,0.9788989920939886,False,445,427.18780697691807,4.169639847432341,-0.4259668738601116,24.165240414963847,60,267.0,9.494577803649731,129,-6.726109391278525
1828,uva,packing_B,T06,largo,28,G4,8.572878198053667,0.7383100828496918,0.9788989920939886,False,445,427.18780697691807,4.169639847432341,-0.4259668738601116,24.165240414963847,60,267.0,9.494577803649731,130,-6.822092391355945
1828,uva,packing_B,T06,largo,28,G4,8.572878198053667,0.7383100828496918,0.9788989920939886,False,445,427.18780697691807,4.169639847432341,-0.4259668738601116,24.165240414963847,60,267.0,9.494577803649731,131,-6.910263607188671
1828,uva,packing_B,T06,largo,28,G4,8.572878198053667,0.7383100828496918,0.9788989920939886,False,445,427.18780697691807,4.169639847432341,-0.4259668738601116,24.165240414963847,60,267.0,9.494577803649731,132,-6.948119129263058
1828,uva,packing_B,T06,largo,28,G4,8.572878198053667,0.7383100828496918,0.9788989920939886,False,445,427.18780697691807,4.169639847432341,-0.4259668738601116,24.165240414963847,60,267.0,9.494577803649731,133,-6.977076866842899
1828,uva,packing_B,T06,largo,28,G4,8.572878198053667,0.7383100828496918,0.9788989920939886,False,445,427.18780697691807,4.169639847432341,-0.4259668738601116,24.165240414963847,60,267.0,9.494577803649731,134,-7.057530475689887
1828,uva,packing_B,T06,largo,28,G4,8.572878198053667,0.7383100828496918,0.9788989920939886,False,445,427.18780697691807,4.169639847432341,-0.4259668738601116,24.165240414963847,60,267.0,9.494577803649731,135,-7.1095944804568765
1828,uva,packing_B,T06,largo,28,G4,8.572878198053667,0.7383100828496918,0.9788989920939886,False,445,427.18780697691807,4.169639847432341,-0.4259668738601116,24.165240414963847,60,267.0,9.494577803649731,136,-7.232172681990409
1828,uva,packing_B,T06,largo,28,G4,8.572878198053667,0.7383100828496918,0.9788989920939886,False,445,427.18780697691807,4.169639847432341,-0.4259668738601116,24.165240414963847,60,267.0,9.494577803649731,137,-7.184356362140154
1828,uva,packing_B,T06,largo,28,G4,8.572878198053667,0.7383100828496918,0.9788989920939886,False,445,427.18780697691807,4.169639847432341,-0.4259668738601116,24.165240414963847,60,267.0,9.494577803649731,138,-7.276167513075678
1828,uva,packing_B,T06,largo,28,G4,8.572878198053667,0.7383100828496918,0.9788989920939886,False,445,427.18780697691807,4.169639847432341,-0.4259668738601116,24.165240414963847,60,267.0,9.494577803649731,139,-7.349371850444991
1828,uva,packing_B,T06,largo,28,G4,8.572878198053667,0.7383100828496918,0.9788989920939886,False,445,427.18780697691807,4.169639847432341,-0.4259668738601116,24.165240414963847,60,267.0,9.494577803649731,140,-7.419233836868234
1828,uva,packing_B,T06,largo,28,G4,8.572878198053667,0.7383100828496918,0.9788989920939886,False,445,427.18780697691807,4.169639847432341,-0.4259668738601116,24.165240414963847,60,267.0,9.494577803649731,141,-7.346438545159886
1828,uva,packing_B,T06,largo,28,G4,8.572878198053667,0.7383100828496918,0.9788989920939886,False,445,427.18780697691807,4.169639847432341,-0.4259668738601116,24.165240414963847,60,267.0,9.494577803649731,142,-7.3643399074489775
1828,uva,packing_B,T06,largo,28,G4,8.572878198053667,0.7383100828496918,0.9788989920939886,False,445,427.18780697691807,4.169639847432341,-0.4259668738601116,24.165240414963847,60,267.0,9.494577803649731,143,-7.39574998762779
1828,uva,packing_B,T06,largo,28,G4,8.572878198053667,0.7383100828496918,0.9788989920939886,False,445,427.18780697691807,4.169639847432341,-0.4259668738601116,24.165240414963847,60,267.0,9.494577803649731,144,-7.601283092877304
1828,uva,packing_B,T06,largo,28,G4,8.572878198053667,0.7383100828496918,0.9788989920939886,False,445,427.18780697691807,4.169639847432341,-0.4259668738601116,24.165240414963847,60,267.0,9.494577803649731,145,-7.483608720319403
1828,uva,packing_B,T06,largo,28,G4,8.572878198053667,0.7383100828496918,0.9788989920939886,False,445,427.18780697691807,4.169639847432341,-0.4259668738601116,24.165240414963847,60,267.0,9.494577803649731,146,-7.559866172152928
1828,uva,packing_B,T06,largo,28,G4,8.572878198053667,0.7383100828496918,0.9788989920939886,False,445,427.18780697691807,4.169639847432341,-0.4259668738601116,24.165240414963847,60,267.0,9.494577803649731,147,-7.4496915657634695
1828,uva,packing_B,T06,largo,28,G4,8.572878198053667,0.7383100828496918,0.9788989920939886,False,445,427.18780697691807,4.169639847432341,-0.4259668738601116,24.165240414963847,60,267.0,9.494577803649731,148,-7.41921088510099
1828,uva,packing_B,T06,largo,28,G4,8.572878198053667,0.7383100828496918,0.9788989920939886,False,445,427.18780697691807,4.169639847432341,-0.4259668738601116,24.165240414963847,60,267.0,9.494577803649731,149,-7.575509128343991
1828,uva,packing_B,T06,largo,28,G4,8.572878198053667,0.7383100828496918,0.9788989920939886,False,445,427.18780697691807,4.169639847432341,-0.4259668738601116,24.165240414963847,60,267.0,9.494577803649731,150,-7.598005050706051
1828,uva,packing_B,T06,largo,28,G4,8.572878198053667,0.7383100828496918,0.9788989920939886,False,445,427.18780697691807,4.169639847432341,-0.4259668738601116,24.165240414963847,60,267.0,9.494577803649731,151,-7.725622228847187
1828,uva,packing_B,T06,largo,28,G4,8.572878198053667,0.7383100828496918,0.9788989920939886,False,445,427.18780697691807,4.169639847432341,-0.4259668738601116,24.165240414963847,60,267.0,9.494577803649731,152,-7.636742286411413
1828,uva,packing_B,T06,largo,28,G4,8.572878198053667,0.7383100828496918,0.9788989920939886,False,445,427.18780697691807,4.169639847432341,-0.4259668738601116,24.165240414963847,60,267.0,9.494577803649731,153,-7.446967357741721
1828,uva,packing_B,T06,largo,28,G4,8.572878198053667,0.7383100828496918,0.9788989920939886,False,445,427.18780697691807,4.169639847432341,-0.4259668738601116,24.165240414963847,60,267.0,9.494577803649731,154,-7.547721576891171
1828,uva,packing_B,T06,largo,28,G4,8.572878198053667,0.7383100828496918,0.9788989920939886,False,445,427.18780697691807,4.169639847432341,-0.4259668738601116,24.165240414963847,60,267.0,9.494577803649731,155,-7.621538747130438
1828,uva,packing_B,T06,largo,28,G4,8.572878198053667,0.7383100828496918,0.9788989920939886,False,445,427.18780697691807,4.169639847432341,-0.4259668738601116,24.165240414963847,60,267.0,9.494577803649731,156,-7.804968114976141
1828,uva,packing_B,T06,largo,28,G4,8.572878198053667,0.7383100828496918,0.9788989920939886,False,445,427.18780697691807,4.169639847432341,-0.4259668738601116,24.165240414963847,60,267.0,9.494577803649731,157,-7.59180326653084
1828,uva,packing_B,T06,largo,28,G4,8.572878198053667,0.7383100828496918,0.9788989920939886,False,445,427.18780697691807,4.169639847432341,-0.4259668738601116,24.165240414963847,60,267.0,9.494577803649731,158,-7.43319010092203
1828,uva,packing_B,T06,largo,28,G4,8.572878198053667,0.7383100828496918,0.9788989920939886,False,445,427.18780697691807,4.169639847432341,-0.4259668738601116,24.165240414963847,60,267.0,9.494577803649731,159,-7.430468430330041
1828,uva,packing_B,T06,largo,28,G4,8.572878198053667,0.7383100828496918,0.9788989920939886,False,445,427.18780697691807,4.169639847432341,-0.4259668738601116,24.165240414963847,60,267.0,9.494577803649731,160,-7.570822337225651
1828,uva,packing_B,T06,largo,28,G4,8.572878198053667,0.7383100828496918,0.9788989920939886,False,445,427.18780697691807,4.169639847432341,-0.4259668738601116,24.165240414963847,60,267.0,9.494577803649731,161,-7.573002202197742
1828,uva,packing_B,T06,largo,28,G4,8.572878198053667,0.7383100828496918,0.9788989920939886,False,445,427.18780697691807,4.169639847432341,-0.4259668738601116,24.165240414963847,60,267.0,9.494577803649731,162,-7.5042016970243965
1828,uva,packing_B,T06,largo,28,G4,8.572878198053667,0.7383100828496918,0.9788989920939886,False,445,427.18780697691807,4.169639847432341,-0.4259668738601116,24.165240414963847,60,267.0,9.494577803649731,163,-7.46410877347655
1828,uva,packing_B,T06,largo,28,G4,8.572878198053667,0.7383100828496918,0.9788989920939886,False,445,427.18780697691807,4.169639847432341,-0.4259668738601116,24.165240414963847,60,267.0,9.494577803649731,164,-7.4623474007810655
1828,uva,packing_B,T06,largo,28,G4,8.572878198053667,0.7383100828496918,0.9788989920939886,False,445,427.18780697691807,4.169639847432341,-0.4259668738601116,24.165240414963847,60,267.0,9.494577803649731,165,-7.390925950574961
1828,uva,packing_B,T06,largo,28,G4,8.572878198053667,0.7383100828496918,0.9788989920939886,False,445,427.18780697691807,4.169639847432341,-0.4259668738601116,24.165240414963847,60,267.0,9.494577803649731,166,-7.346079487042068
1828,uva,packing_B,T06,largo,28,G4,8.572878198053667,0.7383100828496918,0.9788989920939886,False,445,427.18780697691807,4.169639847432341,-0.4259668738601116,24.165240414963847,60,267.0,9.494577803649731,167,-7.2164046785626255
1828,uva,packing_B,T06,largo,28,G4,8.572878198053667,0.7383100828496918,0.9788989920939886,False,445,427.18780697691807,4.169639847432341,-0.4259668738601116,24.165240414963847,60,267.0,9.494577803649731,168,-7.466670203831981
1828,uva,packing_B,T06,largo,28,G4,8.572878198053667,0.7383100828496918,0.9788989920939886,False,445,427.18780697691807,4.169639847432341,-0.4259668738601116,24.165240414963847,60,267.0,9.494577803649731,169,-7.2745455002185
1828,uva,packing_B,T06,largo,28,G4,8.572878198053667,0.7383100828496918,0.9788989920939886,False,445,427.18780697691807,4.169639847432341,-0.4259668738601116,24.165240414963847,60,267.0,9.494577803649731,170,-7.324604461057358
1828,uva,packing_B,T06,largo,28,G4,8.572878198053667,0.7383100828496918,0.9788989920939886,False,445,427.18780697691807,4.169639847432341,-0.4259668738601116,24.165240414963847,60,267.0,9.494577803649731,171,-7.147887531751173
1828,uva,packing_B,T06,largo,28,G4,8.572878198053667,0.7383100828496918,0.9788989920939886,False,445,427.18780697691807,4.169639847432341,-0.4259668738601116,24.165240414963847,60,267.0,9.494577803649731,172,-7.108746786680279
1828,uva,packing_B,T06,largo,28,G4,8.572878198053667,0.7383100828496918,0.9788989920939886,False,445,427.18780697691807,4.169639847432341,-0.4259668738601116,24.165240414963847,60,267.0,9.494577803649731,173,-7.137564714055594
1828,uva,packing_B,T06,largo,28,G4,8.572878198053667,0.7383100828496918,0.9788989920939886,False,445,427.18780697691807,4.169639847432341,-0.4259668738601116,24.165240414963847,60,267.0,9.494577803649731,174,-7.080170227978726
1828,uva,packing_B,T06,largo,28,G4,8.572878198053667,0.7383100828496918,0.9788989920939886,False,445,427.18780697691807,4.169639847432341,-0.4259668738601116,24.165240414963847,60,267.0,9.494577803649731,175,-7.083603665852892
1828,uva,packing_B,T06,largo,28,G4,8.572878198053667,0.7383100828496918,0.9788989920939886,False,445,427.18780697691807,4.169639847432341,-0.4259668738601116,24.165240414963847,60,267.0,9.494577803649731,176,-6.994613755824608
1828,uva,packing_B,T06,largo,28,G4,8.572878198053667,0.7383100828496918,0.9788989920939886,False,445,427.18780697691807,4.169639847432341,-0.4259668738601116,24.165240414963847,60,267.0,9.494577803649731,177,-7.147755847613247
1828,uva,packing_B,T06,largo,28,G4,8.572878198053667,0.7383100828496918,0.9788989920939886,False,445,427.18780697691807,4.169639847432341,-0.4259668738601116,24.165240414963847,60,267.0,9.494577803649731,178,-6.9693782824483925
1828,uva,packing_B,T06,largo,28,G4,8.572878198053667,0.7383100828496918,0.9788989920939886,False,445,427.18780697691807,4.169639847432341,-0.4259668738601116,24.165240414963847,60,267.0,9.494577803649731,179,-6.8313559046679755
1828,uva,packing_B,T06,largo,28,G4,8.572878198053667,0.7383100828496918,0.9788989920939886,False,445,427.18780697691807,4.169639847432341,-0.4259668738601116,24.165240414963847,60,267.0,9.494577803649731,180,-6.589517852335403
1828,uva,packing_B,T06,largo,28,G4,8.572878198053667,0.7383100828496918,0.9788989920939886,False,445,427.18780697691807,4.169639847432341,-0.4259668738601116,24.165240414963847,60,267.0,9.494577803649731,181,-6.931003256397572
1828,uva,packing_B,T06,largo,28,G4,8.572878198053667,0.7383100828496918,0.9788989920939886,False,445,427.18780697691807,4.169639847432341,-0.4259668738601116,24.165240414963847,60,267.0,9.494577803649731,182,-6.605496805715748
1828,uva,packing_B,T06,largo,28,G4,8.572878198053667,0.7383100828496918,0.9788989920939886,False,445,427.18780697691807,4.169639847432341,-0.4259668738601116,24.165240414963847,60,267.0,9.494577803649731,183,-6.63068573819972
1828,uva,packing_B,T06,largo,28,G4,8.572878198053667,0.7383100828496918,0.9788989920939886,False,445,427.18780697691807,4.169639847432341,-0.4259668738601116,24.165240414963847,60,267.0,9.494577803649731,184,-6.765227223986766
1828,uva,packing_B,T06,largo,28,G4,8.572878198053667,0.7383100828496918,0.9788989920939886,False,445,427.18780697691807,4.169639847432341,-0.4259668738601116,24.165240414963847,60,267.0,9.494577803649731,185,-6.483596670834499
1828,uva,packing_B,T06,largo,28,G4,8.572878198053667,0.7383100828496918,0.9788989920939886,False,445,427.18780697691807,4.169639847432341,-0.4259668738601116,24.165240414963847,60,267.0,9.494577803649731,186,-6.29417246708215
1828,uva,packing_B,T06,largo,28,G4,8.572878198053667,0.7383100828496918,0.9788989920939886,False,445,427.18780697691807,4.169639847432341,-0.4259668738601116,24.165240414963847,60,267.0,9.494577803649731,187,-6.524305832459933
1828,uva,packing_B,T06,largo,28,G4,8.572878198053667,0.7383100828496918,0.9788989920939886,False,445,427.18780697691807,4.169639847432341,-0.4259668738601116,24.165240414963847,60,267.0,9.494577803649731,188,-6.436596982312753
1828,uva,packing_B,T06,largo,28,G4,8.572878198053667,0.7383100828496918,0.9788989920939886,False,445,427.18780697691807,4.169639847432341,-0.4259668738601116,24.165240414963847,60,267.0,9.494577803649731,189,-6.222394573839374
1828,uva,packing_B,T06,largo,28,G4,8.572878198053667,0.7383100828496918,0.9788989920939886,False,445,427.18780697691807,4.169639847432341,-0.4259668738601116,24.165240414963847,60,267.0,9.494577803649731,190,-6.181121130156919
1828,uva,packing_B,T06,largo,28,G4,8.572878198053667,0.7383100828496918,0.9788989920939886,False,445,427.18780697691807,4.169639847432341,-0.4259668738601116,24.165240414963847,60,267.0,9.494577803649731,191,-6.326166644392857
1828,uva,packing_B,T06,largo,28,G4,8.572878198053667,0.7383100828496918,0.9788989920939886,False,445,427.18780697691807,4.169639847432341,-0.4259668738601116,24.165240414963847,60,267.0,9.494577803649731,192,-6.113495552182945
1828,uva,packing_B,T06,largo,28,G4,8.572878198053667,0.7383100828496918,0.9788989920939886,False,445,427.18780697691807,4.169639847432341,-0.4259668738601116,24.165240414963847,60,267.0,9.494577803649731,193,-6.340918087965348
1828,uva,packing_B,T06,largo,28,G4,8.572878198053667,0.7383100828496918,0.9788989920939886,False,445,427.18780697691807,4.169639847432341,-0.4259668738601116,24.165240414963847,60,267.0,9.494577803649731,194,-5.974215568151871
1828,uva,packing_B,T06,largo,28,G4,8.572878198053667,0.7383100828496918,0.9788989920939886,False,445,427.18780697691807,4.169639847432341,-0.4259668738601116,24.165240414963847,60,267.0,9.494577803649731,195,-5.694835550176759
1828,uva,packing_B,T06,largo,28,G4,8.572878198053667,0.7383100828496918,0.9788989920939886,False,445,427.18780697691807,4.169639847432341,-0.4259668738601116,24.165240414963847,60,267.0,9.494577803649731,196,-5.7178611056958095
1828,uva,packing_B,T06,largo,28,G4,8.572878198053667,0.7383100828496918,0.9788989920939886,False,445,427.18780697691807,4.169639847432341,-0.4259668738601116,24.165240414963847,60,267.0,9.494577803649731,197,-5.703218371811439
1828,uva,packing_B,T06,largo,28,G4,8.572878198053667,0.7383100828496918,0.9788989920939886,False,445,427.18780697691807,4.169639847432341,-0.4259668738601116,24.165240414963847,60,267.0,9.494577803649731,198,-5.625492306701237
1828,uva,packing_B,T06,largo,28,G4,8.572878198053667,0.7383100828496918,0.9788989920939886,False,445,427.18780697691807,4.169639847432341,-0.4259668738601116,24.165240414963847,60,267.0,9.494577803649731,199,-5.456379160943978
1828,uva,packing_B,T06,largo,28,G4,8.572878198053667,0.7383100828496918,0.9788989920939886,False,445,427.18780697691807,4.169639847432341,-0.4259668738601116,24.165240414963847,60,267.0,9.494577803649731,200,-5.653592605362145
1828,uva,packing_B,T06,largo,28,G4,8.572878198053667,0.7383100828496918,0.9788989920939886,False,445,427.18780697691807,4.169639847432341,-0.4259668738601116,24.165240414963847,60,267.0,9.494577803649731,201,-5.316984062952859
1828,uva,packing_B,T06,largo,28,G4,8.572878198053667,0.7383100828496918,0.9788989920939886,False,445,427.18780697691807,4.169639847432341,-0.4259668738601116,24.165240414963847,60,267.0,9.494577803649731,202,-5.338298128481667
1828,uva,packing_B,T06,largo,28,G4,8.572878198053667,0.7383100828496918,0.9788989920939886,False,445,427.18780697691807,4.169639847432341,-0.4259668738601116,24.165240414963847,60,267.0,9.494577803649731,203,-5.219743586551348
1828,uva,packing_B,T06,largo,28,G4,8.572878198053667,0.7383100828496918,0.9788989920939886,False,445,427.18780697691807,4.169639847432341,-0.4259668738601116,24.165240414963847,60,267.0,9.494577803649731,204,-5.224000144788825
1828,uva,packing_B,T06,largo,28,G4,8.572878198053667,0.7383100828496918,0.9788989920939886,False,445,427.18780697691807,4.169639847432341,-0.4259668738601116,24.165240414963847,60,267.0,9.494577803649731,205,-5.067641363836389
1828,uva,packing_B,T06,largo,28,G4,8.572878198053667,0.7383100828496918,0.9788989920939886,False,445,427.18780697691807,4.169639847432341,-0.4259668738601116,24.165240414963847,60,267.0,9.494577803649731,206,-4.968259588170575
1828,uva,packing_B,T06,largo,28,G4,8.572878198053667,0.7383100828496918,0.9788989920939886,False,445,427.18780697691807,4.169639847432341,-0.4259668738601116,24.165240414963847,60,267.0,9.494577803649731,207,-4.9920927734642655
1828,uva,packing_B,T06,largo,28,G4,8.572878198053667,0.7383100828496918,0.9788989920939886,False,445,427.18780697691807,4.169639847432341,-0.4259668738601116,24.165240414963847,60,267.0,9.494577803649731,208,-4.830880003899647
1828,uva,packing_B,T06,largo,28,G4,8.572878198053667,0.7383100828496918,0.9788989920939886,False,445,427.18780697691807,4.169639847432341,-0.4259668738601116,24.165240414963847,60,267.0,9.494577803649731,209,-4.662852815666498
1828,uva,packing_B,T06,largo,28,G4,8.572878198053667,0.7383100828496918,0.9788989920939886,False,445,427.18780697691807,4.169639847432341,-0.4259668738601116,24.165240414963847,60,267.0,9.494577803649731,210,-4.915035133308305
1828,uva,packing_B,T06,largo,28,G4,8.572878198053667,0.7383100828496918,0.9788989920939886,False,445,427.18780697691807,4.169639847432341,-0.4259668738601116,24.165240414963847,60,267.0,9.494577803649731,211,-4.653326236203474
1828,uva,packing_B,T06,largo,28,G4,8.572878198053667,0.7383100828496918,0.9788989920939886,False,445,427.18780697691807,4.169639847432341,-0.4259668738601116,24.165240414963847,60,267.0,9.494577803649731,212,-4.598378558161547
1828,uva,packing_B,T06,largo,28,G4,8.572878198053667,0.7383100828496918,0.9788989920939886,False,445,427.18780697691807,4.169639847432341,-0.4259668738601116,24.165240414963847,60,267.0,9.494577803649731,213,-4.5790169523046105
1828,uva,packing_B,T06,largo,28,G4,8.572878198053667,0.7383100828496918,0.9788989920939886,False,445,427.18780697691807,4.169639847432341,-0.4259668738601116,24.165240414963847,60,267.0,9.494577803649731,214,-4.388052477540571
1828,uva,packing_B,T06,largo,28,G4,8.572878198053667,0.7383100828496918,0.9788989920939886,False,445,427.18780697691807,4.169639847432341,-0.4259668738601116,24.165240414963847,60,267.0,9.494577803649731,215,-4.478656489236919
1828,uva,packing_B,T06,largo,28,G4,8.572878198053667,0.7383100828496918,0.9788989920939886,False,445,427.18780697691807,4.169639847432341,-0.4259668738601116,24.165240414963847,60,267.0,9.494577803649731,216,-4.250430462418309
1828,uva,packing_B,T06,largo,28,G4,8.572878198053667,0.7383100828496918,0.9788989920939886,False,445,427.18780697691807,4.169639847432341,-0.4259668738601116,24.165240414963847,60,267.0,9.494577803649731,217,-4.161215744485797
1828,uva,packing_B,T06,largo,28,G4,8.572878198053667,0.7383100828496918,0.9788989920939886,False,445,427.18780697691807,4.169639847432341,-0.4259668738601116,24.165240414963847,60,267.0,9.494577803649731,218,-4.063024629794433
1828,uva,packing_B,T06,largo,28,G4,8.572878198053667,0.7383100828496918,0.9788989920939886,False,445,427.18780697691807,4.169639847432341,-0.4259668738601116,24.165240414963847,60,267.0,9.494577803649731,219,-4.04250998094573
1828,uva,packing_B,T06,largo,28,G4,8.572878198053667,0.7383100828496918,0.9788989920939886,False,445,427.18780697691807,4.169639847432341,-0.4259668738601116,24.165240414963847,60,267.0,9.494577803649731,220,-4.136067578746414
1828,uva,packing_B,T06,largo,28,G4,8.572878198053667,0.7383100828496918,0.9788989920939886,False,445,427.18780697691807,4.169639847432341,-0.4259668738601116,24.165240414963847,60,267.0,9.494577803649731,221,-3.9036734469496657
1828,uva,packing_B,T06,largo,28,G4,8.572878198053667,0.7383100828496918,0.9788989920939886,False,445,427.18780697691807,4.169639847432341,-0.4259668738601116,24.165240414963847,60,267.0,9.494577803649731,222,-3.9277464504608073
1828,uva,packing_B,T06,largo,28,G4,8.572878198053667,0.7383100828496918,0.9788989920939886,False,445,427.18780697691807,4.169639847432341,-0.4259668738601116,24.165240414963847,60,267.0,9.494577803649731,223,-3.7484760541014857
1828,uva,packing_B,T06,largo,28,G4,8.572878198053667,0.7383100828496918,0.9788989920939886,False,445,427.18780697691807,4.169639847432341,-0.4259668738601116,24.165240414963847,60,267.0,9.494577803649731,224,-3.766841032222435
1828,uva,packing_B,T06,largo,28,G4,8.572878198053667,0.7383100828496918,0.9788989920939886,False,445,427.18780697691807,4.169639847432341,-0.4259668738601116,24.165240414963847,60,267.0,9.494577803649731,225,-3.5658465827023127
1828,uva,packing_B,T06,largo,28,G4,8.572878198053667,0.7383100828496918,0.9788989920939886,False,445,427.18780697691807,4.169639847432341,-0.4259668738601116,24.165240414963847,60,267.0,9.494577803649731,226,-3.6713081872585627
1828,uva,packing_B,T06,largo,28,G4,8.572878198053667,0.7383100828496918,0.9788989920939886,False,445,427.18780697691807,4.169639847432341,-0.4259668738601116,24.165240414963847,60,267.0,9.494577803649731,227,-3.437697960675534
1828,uva,packing_B,T06,largo,28,G4,8.572878198053667,0.7383100828496918,0.9788989920939886,False,445,427.18780697691807,4.169639847432341,-0.4259668738601116,24.165240414963847,60,267.0,9.494577803649731,228,-3.2339796414826156
1828,uva,packing_B,T06,largo,28,G4,8.572878198053667,0.7383100828496918,0.9788989920939886,False,445,427.18780697691807,4.169639847432341,-0.4259668738601116,24.165240414963847,60,267.0,9.494577803649731,229,-3.2497140839557392
1828,uva,packing_B,T06,largo,28,G4,8.572878198053667,0.7383100828496918,0.9788989920939886,False,445,427.18780697691807,4.169639847432341,-0.4259668738601116,24.165240414963847,60,267.0,9.494577803649731,230,-3.234243656877179
1828,uva,packing_B,T06,largo,28,G4,8.572878198053667,0.7383100828496918,0.9788989920939886,False,445,427.18780697691807,4.169639847432341,-0.4259668738601116,24.165240414963847,60,267.0,9.494577803649731,231,-3.0807625157596052
1828,uva,packing_B,T06,largo,28,G4,8.572878198053667,0.7383100828496918,0.9788989920939886,False,445,427.18780697691807,4.169639847432341,-0.4259668738601116,24.165240414963847,60,267.0,9.494577803649731,232,-2.955395164101718
1828,uva,packing_B,T06,largo,28,G4,8.572878198053667,0.7383100828496918,0.9788989920939886,False,445,427.18780697691807,4.169639847432341,-0.4259668738601116,24.165240414963847,60,267.0,9.494577803649731,233,-2.840262465929169
1828,uva,packing_B,T06,largo,28,G4,8.572878198053667,0.7383100828496918,0.9788989920939886,False,445,427.18780697691807,4.169639847432341,-0.4259668738601116,24.165240414963847,60,267.0,9.494577803649731,234,-2.7437678378366592
1828,uva,packing_B,T06,largo,28,G4,8.572878198053667,0.7383100828496918,0.9788989920939886,False,445,427.18780697691807,4.169639847432341,-0.4259668738601116,24.165240414963847,60,267.0,9.494577803649731,235,-2.6541722280917446
1828,uva,packing_B,T06,largo,28,G4,8.572878198053667,0.7383100828496918,0.9788989920939886,False,445,427.18780697691807,4.169639847432341,-0.4259668738601116,24.165240414963847,60,267.0,9.494577803649731,236,-2.696939593714509
1828,uva,packing_B,T06,largo,28,G4,8.572878198053667,0.7383100828496918,0.9788989920939886,False,445,427.18780697691807,4.169639847432341,-0.4259668738601116,24.165240414963847,60,267.0,9.494577803649731,237,-2.6177147758706427
1828,uva,packing_B,T06,largo,28,G4,8.572878198053667,0.7383100828496918,0.9788989920939886,False,445,427.18780697691807,4.169639847432341,-0.4259668738601116,24.165240414963847,60,267.0,9.494577803649731,238,-2.5378027860716164
1828,uva,packing_B,T06,largo,28,G4,8.572878198053667,0.7383100828496918,0.9788989920939886,False,445,427.18780697691807,4.169639847432341,-0.4259668738601116,24.165240414963847,60,267.0,9.494577803649731,239,-2.579404985790181
1828,uva,packing_B,T06,largo,28,G4,8.572878198053667,0.7383100828496918,0.9788989920939886,False,445,427.18780697691807,4.169639847432341,-0.4259668738601116,24.165240414963847,60,267.0,9.494577803649731,240,-2.4214456863760114
1828,uva,packing_B,T06,largo,28,G4,8.572878198053667,0.7383100828496918,0.9788989920939886,False,445,427.18780697691807,4.169639847432341,-0.4259668738601116,24.165240414963847,60,267.0,9.494577803649731,241,-2.2925509173032808
1828,uva,packing_B,T06,largo,28,G4,8.572878198053667,0.7383100828496918,0.9788989920939886,False,445,427.18780697691807,4.169639847432341,-0.4259668738601116,24.165240414963847,60,267.0,9.494577803649731,242,-2.3062077149332327
1828,uva,packing_B,T06,largo,28,G4,8.572878198053667,0.7383100828496918,0.9788989920939886,False,445,427.18780697691807,4.169639847432341,-0.4259668738601116,24.165240414963847,60,267.0,9.494577803649731,243,-2.087143557284763
1828,uva,packing_B,T06,largo,28,G4,8.572878198053667,0.7383100828496918,0.9788989920939886,False,445,427.18780697691807,4.169639847432341,-0.4259668738601116,24.165240414963847,60,267.0,9.494577803649731,244,-1.9871680242234515
1828,uva,packing_B,T06,largo,28,G4,8.572878198053667,0.7383100828496918,0.9788989920939886,False,445,427.18780697691807,4.169639847432341,-0.4259668738601116,24.165240414963847,60,267.0,9.494577803649731,245,-2.0448200778446606
1828,uva,packing_B,T06,largo,28,G4,8.572878198053667,0.7383100828496918,0.9788989920939886,False,445,427.18780697691807,4.169639847432341,-0.4259668738601116,24.165240414963847,60,267.0,9.494577803649731,246,-1.8058567485269024
1828,uva,packing_B,T06,largo,28,G4,8.572878198053667,0.7383100828496918,0.9788989920939886,False,445,427.18780697691807,4.169639847432341,-0.4259668738601116,24.165240414963847,60,267.0,9.494577803649731,247,-1.853542728002957
1828,uva,packing_B,T06,largo,28,G4,8.572878198053667,0.7383100828496918,0.9788989920939886,False,445,427.18780697691807,4.169639847432341,-0.4259668738601116,24.165240414963847,60,267.0,9.494577803649731,248,-1.7260984226291807
1828,uva,packing_B,T06,largo,28,G4,8.572878198053667,0.7383100828496918,0.9788989920939886,False,445,427.18780697691807,4.169639847432341,-0.4259668738601116,24.165240414963847,60,267.0,9.494577803649731,249,-1.639081604736997
1828,uva,packing_B,T06,largo,28,G4,8.572878198053667,0.7383100828496918,0.9788989920939886,False,445,427.18780697691807,4.169639847432341,-0.4259668738601116,24.165240414963847,60,267.0,9.494577803649731,250,-1.5081516238705786
1828,uva,packing_B,T06,largo,28,G4,8.572878198053667,0.7383100828496918,0.9788989920939886,False,445,427.18780697691807,4.169639847432341,-0.4259668738601116,24.165240414963847,60,267.0,9.494577803649731,251,-1.7370331707101947
1828,uva,packing_B,T06,largo,28,G4,8.572878198053667,0.7383100828496918,0.9788989920939886,False,445,427.18780697691807,4.169639847432341,-0.4259668738601116,24.165240414963847,60,267.0,9.494577803649731,252,-1.6270345664588908
1828,uva,packing_B,T06,largo,28,G4,8.572878198053667,0.7383100828496918,0.9788989920939886,False,445,427.18780697691807,4.169639847432341,-0.4259668738601116,24.165240414963847,60,267.0,9.494577803649731,253,-1.5096926337564516
1828,uva,packing_B,T06,largo,28,G4,8.572878198053667,0.7383100828496918,0.9788989920939886,False,445,427.18780697691807,4.169639847432341,-0.4259668738601116,24.165240414963847,60,267.0,9.494577803649731,254,-1.3556244711866317
1828,uva,packing_B,T06,largo,28,G4,8.572878198053667,0.7383100828496918,0.9788989920939886,False,445,427.18780697691807,4.169639847432341,-0.4259668738601116,24.165240414963847,60,267.0,9.494577803649731,255,-1.4911556070820624
1828,uva,packing_B,T06,largo,28,G4,8.572878198053667,0.7383100828496918,0.9788989920939886,False,445,427.18780697691807,4.169639847432341,-0.4259668738601116,24.165240414963847,60,267.0,9.494577803649731,256,-1.2088553772715631
1828,uva,packing_B,T06,largo,28,G4,8.572878198053667,0.7383100828496918,0.9788989920939886,False,445,427.18780697691807,4.169639847432341,-0.4259668738601116,24.165240414963847,60,267.0,9.494577803649731,257,-1.0707151966841306
1828,uva,packing_B,T06,largo,28,G4,8.572878198053667,0.7383100828496918,0.9788989920939886,False,445,427.18780697691807,4.169639847432341,-0.4259668738601116,24.165240414963847,60,267.0,9.494577803649731,258,-1.1088724322776053
1828,uva,packing_B,T06,largo,28,G4,8.572878198053667,0.7383100828496918,0.9788989920939886,False,445,427.18780697691807,4.169639847432341,-0.4259668738601116,24.165240414963847,60,267.0,9.494577803649731,259,-0.9782014828515996
1828,uva,packing_B,T06,largo,28,G4,8.572878198053667,0.7383100828496918,0.9788989920939886,False,445,427.18780697691807,4.169639847432341,-0.4259668738601116,24.165240414963847,60,267.0,9.494577803649731,260,-0.9613493591642768
1828,uva,packing_B,T06,largo,28,G4,8.572878198053667,0.7383100828496918,0.9788989920939886,False,445,427.18780697691807,4.169639847432341,-0.4259668738601116,24.165240414963847,60,267.0,9.494577803649731,261,-1.008592591196361
1828,uva,packing_B,T06,largo,28,G4,8.572878198053667,0.7383100828496918,0.9788989920939886,False,445,427.18780697691807,4.169639847432341,-0.4259668738601116,24.165240414963847,60,267.0,9.494577803649731,262,-0.7173227964030181
1828,uva,packing_B,T06,largo,28,G4,8.572878198053667,0.7383100828496918,0.9788989920939886,False,445,427.18780697691807,4.169639847432341,-0.4259668738601116,24.165240414963847,60,267.0,9.494577803649731,263,-0.782861965268997
1828,uva,packing_B,T06,largo,28,G4,8.572878198053667,0.7383100828496918,0.9788989920939886,False,445,427.18780697691807,4.169639847432341,-0.4259668738601116,24.165240414963847,60,267.0,9.494577803649731,264,-0.6856678838743815
1828,uva,packing_B,T06,largo,28,G4,8.572878198053667,0.7383100828496918,0.9788989920939886,False,445,427.18780697691807,4.169639847432341,-0.4259668738601116,24.165240414963847,60,267.0,9.494577803649731,265,-0.5937492759927078
1828,uva,packing_B,T06,largo,28,G4,8.572878198053667,0.7383100828496918,0.9788989920939886,False,445,427.18780697691807,4.169639847432341,-0.4259668738601116,24.165240414963847,60,267.0,9.494577803649731,266,-0.4907622174997748
1828,uva,packing_B,T06,largo,28,G4,8.572878198053667,0.7383100828496918,0.9788989920939886,False,445,427.18780697691807,4.169639847432341,-0.4259668738601116,24.165240414963847,60,267.0,9.494577803649731,267,-0.6814216626361574
1828,uva,packing_B,T06,largo,28,G4,8.572878198053667,0.7383100828496918,0.9788989920939886,False,445,427.18780697691807,4.169639847432341,-0.4259668738601116,24.165240414963847,60,267.0,9.494577803649731,268,-0.6883399837789316
1828,uva,packing_B,T06,largo,28,G4,8.572878198053667,0.7383100828496918,0.9788989920939886,False,445,427.18780697691807,4.169639847432341,-0.4259668738601116,24.165240414963847,60,267.0,9.494577803649731,269,-0.5793527485146934
1828,uva,packing_B,T06,largo,28,G4,8.572878198053667,0.7383100828496918,0.9788989920939886,False,445,427.18780697691807,4.169639847432341,-0.4259668738601116,24.165240414963847,60,267.0,9.494577803649731,270,-0.2835981327038088
1828,uva,packing_B,T06,largo,28,G4,8.572878198053667,0.7383100828496918,0.9788989920939886,False,445,427.18780697691807,4.169639847432341,-0.4259668738601116,24.165240414963847,60,267.0,9.494577803649731,271,-0.3711825764845327
1828,uva,packing_B,T06,largo,28,G4,8.572878198053667,0.7383100828496918,0.9788989920939886,False,445,427.18780697691807,4.169639847432341,-0.4259668738601116,24.165240414963847,60,267.0,9.494577803649731,272,-0.26921207409849934
1828,uva,packing_B,T06,largo,28,G4,8.572878198053667,0.7383100828496918,0.9788989920939886,False,445,427.18780697691807,4.169639847432341,-0.4259668738601116,24.165240414963847,60,267.0,9.494577803649731,273,-0.19696600908083597
1828,uva,packing_B,T06,largo,28,G4,8.572878198053667,0.7383100828496918,0.9788989920939886,False,445,427.18780697691807,4.169639847432341,-0.4259668738601116,24.165240414963847,60,267.0,9.494577803649731,274,-0.07002548218939394
1828,uva,packing_B,T06,largo,28,G4,8.572878198053667,0.7383100828496918,0.9788989920939886,False,445,427.18780697691807,4.169639847432341,-0.4259668738601116,24.165240414963847,60,267.0,9.494577803649731,275,-0.051777350477814045
1828,uva,packing_B,T06,largo,28,G4,8.572878198053667,0.7383100828496918,0.9788989920939886,False,445,427.18780697691807,4.169639847432341,-0.4259668738601116,24.165240414963847,60,267.0,9.494577803649731,276,0.13544301152790778
1828,uva,packing_B,T06,largo,28,G4,8.572878198053667,0.7383100828496918,0.9788989920939886,False,445,427.18780697691807,4.169639847432341,-0.4259668738601116,24.165240414963847,60,267.0,9.494577803649731,277,-0.03039788876468942
1828,uva,packing_B,T06,largo,28,G4,8.572878198053667,0.7383100828496918,0.9788989920939886,False,445,427.18780697691807,4.169639847432341,-0.4259668738601116,24.165240414963847,60,267.0,9.494577803649731,278,-0.002584444625652424
1828,uva,packing_B,T06,largo,28,G4,8.572878198053667,0.7383100828496918,0.9788989920939886,False,445,427.18780697691807,4.169639847432341,-0.4259668738601116,24.165240414963847,60,267.0,9.494577803649731,279,0.14127651240579625
1828,uva,packing_B,T06,largo,28,G4,8.572878198053667,0.7383100828496918,0.9788989920939886,False,445,427.18780697691807,4.169639847432341,-0.4259668738601116,24.165240414963847,60,267.0,9.494577803649731,280,0.0787152954275383
1828,uva,packing_B,T06,largo,28,G4,8.572878198053667,0.7383100828496918,0.9788989920939886,False,445,427.18780697691807,4.169639847432341,-0.4259668738601116,24.165240414963847,60,267.0,9.494577803649731,281,0.029629087312822433
1828,uva,packing_B,T06,largo,28,G4,8.572878198053667,0.7383100828496918,0.9788989920939886,False,445,427.18780697691807,4.169639847432341,-0.4259668738601116,24.165240414963847,60,267.0,9.494577803649731,282,-0.04627972734072908
1828,uva,packing_B,T06,largo,28,G4,8.572878198053667,0.7383100828496918,0.9788989920939886,False,445,427.18780697691807,4.169639847432341,-0.4259668738601116,24.165240414963847,60,267.0,9.494577803649731,283,-0.1701042567311257
1828,uva,packing_B,T06,largo,28,G4,8.572878198053667,0.7383100828496918,0.9788989920939886,False,445,427.18780697691807,4.169639847432341,-0.4259668738601116,24.165240414963847,60,267.0,9.494577803649731,284,-0.22803516941884455
1828,uva,packing_B,T06,largo,28,G4,8.572878198053667,0.7383100828496918,0.9788989920939886,False,445,427.18780697691807,4.169639847432341,-0.4259668738601116,24.165240414963847,60,267.0,9.494577803649731,285,-0.4620062572581038
1828,uva,packing_B,T06,largo,28,G4,8.572878198053667,0.7383100828496918,0.9788989920939886,False,445,427.18780697691807,4.169639847432341,-0.4259668738601116,24.165240414963847,60,267.0,9.494577803649731,286,-0.5163654542086853
1828,uva,packing_B,T06,largo,28,G4,8.572878198053667,0.7383100828496918,0.9788989920939886,False,445,427.18780697691807,4.169639847432341,-0.4259668738601116,24.165240414963847,60,267.0,9.494577803649731,287,-0.6191030241459142
1828,uva,packing_B,T06,largo,28,G4,8.572878198053667,0.7383100828496918,0.9788989920939886,False,445,427.18780697691807,4.169639847432341,-0.4259668738601116,24.165240414963847,60,267.0,9.494577803649731,288,-0.6836456821863464
1828,uva,packing_B,T06,largo,28,G4,8.572878198053667,0.7383100828496918,0.9788989920939886,False,445,427.18780697691807,4.169639847432341,-0.4259668738601116,24.165240414963847,60,267.0,9.494577803649731,289,-0.8290539543536882
1828,uva,packing_B,T06,largo,28,G4,8.572878198053667,0.7383100828496918,0.9788989920939886,False,445,427.18780697691807,4.169639847432341,-0.4259668738601116,24.165240414963847,60,267.0,9.494577803649731,290,-0.6873698017266339
1828,uva,packing_B,T06,largo,28,G4,8.572878198053667,0.7383100828496918,0.9788989920939886,False,445,427.18780697691807,4.169639847432341,-0.4259668738601116,24.165240414963847,60,267.0,9.494577803649731,291,-0.854769704926459
1828,uva,packing_B,T06,largo,28,G4,8.572878198053667,0.7383100828496918,0.9788989920939886,False,445,427.18780697691807,4.169639847432341,-0.4259668738601116,24.165240414963847,60,267.0,9.494577803649731,292,-0.9478289748329844
1828,uva,packing_B,T06,largo,28,G4,8.572878198053667,0.7383100828496918,0.9788989920939886,False,445,427.18780697691807,4.169639847432341,-0.4259668738601116,24.165240414963847,60,267.0,9.494577803649731,293,-0.7748247454276889
1828,uva,packing_B,T06,largo,28,G4,8.572878198053667,0.7383100828496918,0.9788989920939886,False,445,427.18780697691807,4.169639847432341,-0.4259668738601116,24.165240414963847,60,267.0,9.494577803649731,294,-0.9857841096822394
1828,uva,packing_B,T06,largo,28,G4,8.572878198053667,0.7383100828496918,0.9788989920939886,False,445,427.18780697691807,4.169639847432341,-0.4259668738601116,24.165240414963847,60,267.0,9.494577803649731,295,-0.8957419041434092
1828,uva,packing_B,T06,largo,28,G4,8.572878198053667,0.7383100828496918,0.9788989920939886,False,445,427.18780697691807,4.169639847432341,-0.4259668738601116,24.165240414963847,60,267.0,9.494577803649731,296,-0.939974542675864
1828,uva,packing_B,T06,largo,28,G4,8.572878198053667,0.7383100828496918,0.9788989920939886,False,445,427.18780697691807,4.169639847432341,-0.4259668738601116,24.165240414963847,60,267.0,9.494577803649731,297,-0.5072566544699488
1828,uva,packing_B,T06,largo,28,G4,8.572878198053667,0.7383100828496918,0.9788989920939886,False,445,427.18780697691807,4.169639847432341,-0.4259668738601116,24.165240414963847,60,267.0,9.494577803649731,298,-0.5908661470387155
1828,uva,packing_B,T06,largo,28,G4,8.572878198053667,0.7383100828496918,0.9788989920939886,False,445,427.18780697691807,4.169639847432341,-0.4259668738601116,24.165240414963847,60,267.0,9.494577803649731,299,-0.5164302490123144
1828,uva,packing_B,T06,largo,28,G4,8.572878198053667,0.7383100828496918,0.9788989920939886,False,445,427.18780697691807,4.169639847432341,-0.4259668738601116,24.165240414963847,60,267.0,9.494577803649731,300,-0.5241257912124202
1828,uva,packing_B,T06,largo,28,G4,8.572878198053667,0.7383100828496918,0.9788989920939886,False,445,427.18780697691807,4.169639847432341,-0.4259668738601116,24.165240414963847,60,267.0,9.494577803649731,301,-0.3383082867203798
1828,uva,packing_B,T06,largo,28,G4,8.572878198053667,0.7383100828496918,0.9788989920939886,False,445,427.18780697691807,4.169639847432341,-0.4259668738601116,24.165240414963847,60,267.0,9.494577803649731,302,-0.22353392560846252
1828,uva,packing_B,T06,largo,28,G4,8.572878198053667,0.7383100828496918,0.9788989920939886,False,445,427.18780697691807,4.169639847432341,-0.4259668738601116,24.165240414963847,60,267.0,9.494577803649731,303,-0.04314007388345581
1828,uva,packing_B,T06,largo,28,G4,8.572878198053667,0.7383100828496918,0.9788989920939886,False,445,427.18780697691807,4.169639847432341,-0.4259668738601116,24.165240414963847,60,267.0,9.494577803649731,304,-0.3061817904658301
1828,uva,packing_B,T06,largo,28,G4,8.572878198053667,0.7383100828496918,0.9788989920939886,False,445,427.18780697691807,4.169639847432341,-0.4259668738601116,24.165240414963847,60,267.0,9.494577803649731,305,0.15996368773806213
1828,uva,packing_B,T06,largo,28,G4,8.572878198053667,0.7383100828496918,0.9788989920939886,False,445,427.18780697691807,4.169639847432341,-0.4259668738601116,24.165240414963847,60,267.0,9.494577803649731,306,0.06229088451636075
1828,uva,packing_B,T06,largo,28,G4,8.572878198053667,0.7383100828496918,0.9788989920939886,False,445,427.18780697691807,4.169639847432341,-0.4259668738601116,24.165240414963847,60,267.0,9.494577803649731,307,0.14811326020806437
1828,uva,packing_B,T06,largo,28,G4,8.572878198053667,0.7383100828496918,0.9788989920939886,False,445,427.18780697691807,4.169639847432341,-0.4259668738601116,24.165240414963847,60,267.0,9.494577803649731,308,0.01701157439371198
1828,uva,packing_B,T06,largo,28,G4,8.572878198053667,0.7383100828496918,0.9788989920939886,False,445,427.18780697691807,4.169639847432341,-0.4259668738601116,24.165240414963847,60,267.0,9.494577803649731,309,-0.1723003751522607
1828,uva,packing_B,T06,largo,28,G4,8.572878198053667,0.7383100828496918,0.9788989920939886,False,445,427.18780697691807,4.169639847432341,-0.4259668738601116,24.165240414963847,60,267.0,9.494577803649731,310,-0.08181089747737488
1828,uva,packing_B,T06,largo,28,G4,8.572878198053667,0.7383100828496918,0.9788989920939886,False,445,427.18780697691807,4.169639847432341,-0.4259668738601116,24.165240414963847,60,267.0,9.494577803649731,311,-0.035998097679194915
1828,uva,packing_B,T06,largo,28,G4,8.572878198053667,0.7383100828496918,0.9788989920939886,False,445,427.18780697691807,4.169639847432341,-0.4259668738601116,24.165240414963847,60,267.0,9.494577803649731,312,-0.321606110538058
1828,uva,packing_B,T06,largo,28,G4,8.572878198053667,0.7383100828496918,0.9788989920939886,False,445,427.18780697691807,4.169639847432341,-0.4259668738601116,24.165240414963847,60,267.0,9.494577803649731,313,-0.21716758058030425
1828,uva,packing_B,T06,largo,28,G4,8.572878198053667,0.7383100828496918,0.9788989920939886,False,445,427.18780697691807,4.169639847432341,-0.4259668738601116,24.165240414963847,60,267.0,9.494577803649731,314,-0.37429314953471327
1828,uva,packing_B,T06,largo,28,G4,8.572878198053667,0.7383100828496918,0.9788989920939886,False,445,427.18780697691807,4.169639847432341,-0.4259668738601116,24.165240414963847,60,267.0,9.494577803649731,315,-0.43526491874035694
1828,uva,packing_B,T06,largo,28,G4,8.572878198053667,0.7383100828496918,0.9788989920939886,False,445,427.18780697691807,4.169639847432341,-0.4259668738601116,24.165240414963847,60,267.0,9.494577803649731,316,-0.391372288806221
1828,uva,packing_B,T06,largo,28,G4,8.572878198053667,0.7383100828496918,0.9788989920939886,False,445,427.18780697691807,4.169639847432341,-0.4259668738601116,24.165240414963847,60,267.0,9.494577803649731,317,-0.6458228786771206
1828,uva,packing_B,T06,largo,28,G4,8.572878198053667,0.7383100828496918,0.9788989920939886,False,445,427.18780697691807,4.169639847432341,-0.4259668738601116,24.165240414963847,60,267.0,9.494577803649731,318,-0.7053317006091887
1828,uva,packing_B,T06,largo,28,G4,8.572878198053667,0.7383100828496918,0.9788989920939886,False,445,427.18780697691807,4.169639847432341,-0.4259668738601116,24.165240414963847,60,267.0,9.494577803649731,319,-0.6805304718067182
1828,uva,packing_B,T06,largo,28,G4,8.572878198053667,0.7383100828496918,0.9788989920939886,False,445,427.18780697691807,4.169639847432341,-0.4259668738601116,24.165240414963847,60,267.0,9.494577803649731,320,-0.8057499056805933
1828,uva,packing_B,T06,largo,28,G4,8.572878198053667,0.7383100828496918,0.9788989920939886,False,445,427.18780697691807,4.169639847432341,-0.4259668738601116,24.165240414963847,60,267.0,9.494577803649731,321,-0.818580930786678
1828,uva,packing_B,T06,largo,28,G4,8.572878198053667,0.7383100828496918,0.9788989920939886,False,445,427.18780697691807,4.169639847432341,-0.4259668738601116,24.165240414963847,60,267.0,9.494577803649731,322,-0.8543301227020716
1828,uva,packing_B,T06,largo,28,G4,8.572878198053667,0.7383100828496918,0.9788989920939886,False,445,427.18780697691807,4.169639847432341,-0.4259668738601116,24.165240414963847,60,267.0,9.494577803649731,323,-0.9719468901265448
1828,uva,packing_B,T06,largo,28,G4,8.572878198053667,0.7383100828496918,0.9788989920939886,False,445,427.18780697691807,4.169639847432341,-0.4259668738601116,24.165240414963847,60,267.0,9.494577803649731,324,-0.8781058314731823
1828,uva,packing_B,T06,largo,28,G4,8.572878198053667,0.7383100828496918,0.9788989920939886,False,445,427.18780697691807,4.169639847432341,-0.4259668738601116,24.165240414963847,60,267.0,9.494577803649731,325,-0.8252202594619618
1828,uva,packing_B,T06,largo,28,G4,8.572878198053667,0.7383100828496918,0.9788989920939886,False,445,427.18780697691807,4.169639847432341,-0.4259668738601116,24.165240414963847,60,267.0,9.494577803649731,326,-0.8743526746002781
1828,uva,packing_B,T06,largo,28,G4,8.572878198053667,0.7383100828496918,0.9788989920939886,False,445,427.18780697691807,4.169639847432341,-0.4259668738601116,24.165240414963847,60,267.0,9.494577803649731,327,-0.6841056707062549
1828,uva,packing_B,T06,largo,28,G4,8.572878198053667,0.7383100828496918,0.9788989920939886,False,445,427.18780697691807,4.169639847432341,-0.4259668738601116,24.165240414963847,60,267.0,9.494577803649731,328,-0.7160866715819502
1828,uva,packing_B,T06,largo,28,G4,8.572878198053667,0.7383100828496918,0.9788989920939886,False,445,427.18780697691807,4.169639847432341,-0.4259668738601116,24.165240414963847,60,267.0,9.494577803649731,329,-0.44647884263741716
1828,uva,packing_B,T06,largo,28,G4,8.572878198053667,0.7383100828496918,0.9788989920939886,False,445,427.18780697691807,4.169639847432341,-0.4259668738601116,24.165240414963847,60,267.0,9.494577803649731,330,-0.3840882845734845
1828,uva,packing_B,T06,largo,28,G4,8.572878198053667,0.7383100828496918,0.9788989920939886,False,445,427.18780697691807,4.169639847432341,-0.4259668738601116,24.165240414963847,60,267.0,9.494577803649731,331,-0.0863456576614968
1828,uva,packing_B,T06,largo,28,G4,8.572878198053667,0.7383100828496918,0.9788989920939886,False,445,427.18780697691807,4.169639847432341,-0.4259668738601116,24.165240414963847,60,267.0,9.494577803649731,332,-0.15852239187929493
1828,uva,packing_B,T06,largo,28,G4,8.572878198053667,0.7383100828496918,0.9788989920939886,False,445,427.18780697691807,4.169639847432341,-0.4259668738601116,24.165240414963847,60,267.0,9.494577803649731,333,-0.28589765447071935
1828,uva,packing_B,T06,largo,28,G4,8.572878198053667,0.7383100828496918,0.9788989920939886,False,445,427.18780697691807,4.169639847432341,-0.4259668738601116,24.165240414963847,60,267.0,9.494577803649731,334,-0.1090917055207585
1828,uva,packing_B,T06,largo,28,G4,8.572878198053667,0.7383100828496918,0.9788989920939886,False,445,427.18780697691807,4.169639847432341,-0.4259668738601116,24.165240414963847,60,267.0,9.494577803649731,335,0.06487503457095246
1828,uva,packing_B,T06,largo,28,G4,8.572878198053667,0.7383100828496918,0.9788989920939886,False,445,427.18780697691807,4.169639847432341,-0.4259668738601116,24.165240414963847,60,267.0,9.494577803649731,336,0.055724611023163256
1828,uva,packing_B,T06,largo,28,G4,8.572878198053667,0.7383100828496918,0.9788989920939886,False,445,427.18780697691807,4.169639847432341,-0.4259668738601116,24.165240414963847,60,267.0,9.494577803649731,337,0.12728371190446752
1828,uva,packing_B,T06,largo,28,G4,8.572878198053667,0.7383100828496918,0.9788989920939886,False,445,427.18780697691807,4.169639847432341,-0.4259668738601116,24.165240414963847,60,267.0,9.494577803649731,338,0.020575472901436402
1828,uva,packing_B,T06,largo,28,G4,8.572878198053667,0.7383100828496918,0.9788989920939886,False,445,427.18780697691807,4.169639847432341,-0.4259668738601116,24.165240414963847,60,267.0,9.494577803649731,339,0.10578222004006017
1828,uva,packing_B,T06,largo,28,G4,8.572878198053667,0.7383100828496918,0.9788989920939886,False,445,427.18780697691807,4.169639847432341,-0.4259668738601116,24.165240414963847,60,267.0,9.494577803649731,340,-0.10135576729666633
1828,uva,packing_B,T06,largo,28,G4,8.572878198053667,0.7383100828496918,0.9788989920939886,False,445,427.18780697691807,4.169639847432341,-0.4259668738601116,24.165240414963847,60,267.0,9.494577803649731,341,0.031460414196807854
1828,uva,packing_B,T06,largo,28,G4,8.572878198053667,0.7383100828496918,0.9788989920939886,False,445,427.18780697691807,4.169639847432341,-0.4259668738601116,24.165240414963847,60,267.0,9.494577803649731,342,-0.0963061930079277
1828,uva,packing_B,T06,largo,28,G4,8.572878198053667,0.7383100828496918,0.9788989920939886,False,445,427.18780697691807,4.169639847432341,-0.4259668738601116,24.165240414963847,60,267.0,9.494577803649731,343,-0.4097480971963071
1828,uva,packing_B,T06,largo,28,G4,8.572878198053667,0.7383100828496918,0.9788989920939886,False,445,427.18780697691807,4.169639847432341,-0.4259668738601116,24.165240414963847,60,267.0,9.494577803649731,344,-0.20058213491018073
1828,uva,packing_B,T06,largo,28,G4,8.572878198053667,0.7383100828496918,0.9788989920939886,False,445,427.18780697691807,4.169639847432341,-0.4259668738601116,24.165240414963847,60,267.0,9.494577803649731,345,-0.42537570179474526
1828,uva,packing_B,T06,largo,28,G4,8.572878198053667,0.7383100828496918,0.9788989920939886,False,445,427.18780697691807,4.169639847432341,-0.4259668738601116,24.165240414963847,60,267.0,9.494577803649731,346,-0.4660994480435142
1828,uva,packing_B,T06,largo,28,G4,8.572878198053667,0.7383100828496918,0.9788989920939886,False,445,427.18780697691807,4.169639847432341,-0.4259668738601116,24.165240414963847,60,267.0,9.494577803649731,347,-0.5344365683030671
1828,uva,packing_B,T06,largo,28,G4,8.572878198053667,0.7383100828496918,0.9788989920939886,False,445,427.18780697691807,4.169639847432341,-0.4259668738601116,24.165240414963847,60,267.0,9.494577803649731,348,-0.8354240313372763
1828,uva,packing_B,T06,largo,28,G4,8.572878198053667,0.7383100828496918,0.9788989920939886,False,445,427.18780697691807,4.169639847432341,-0.4259668738601116,24.165240414963847,60,267.0,9.494577803649731,349,-0.7524732628102777
1828,uva,packing_B,T06,largo,28,G4,8.572878198053667,0.7383100828496918,0.9788989920939886,False,445,427.18780697691807,4.169639847432341,-0.4259668738601116,24.165240414963847,60,267.0,9.494577803649731,350,-0.9511543323812325
1828,uva,packing_B,T06,largo,28,G4,8.572878198053667,0.7383100828496918,0.9788989920939886,False,445,427.18780697691807,4.169639847432341,-0.4259668738601116,24.165240414963847,60,267.0,9.494577803649731,351,-0.9835176314509899
1828,uva,packing_B,T06,largo,28,G4,8.572878198053667,0.7383100828496918,0.9788989920939886,False,445,427.18780697691807,4.169639847432341,-0.4259668738601116,24.165240414963847,60,267.0,9.494577803649731,352,-0.9943755839035715
1828,uva,packing_B,T06,largo,28,G4,8.572878198053667,0.7383100828496918,0.9788989920939886,False,445,427.18780697691807,4.169639847432341,-0.4259668738601116,24.165240414963847,60,267.0,9.494577803649731,353,-1.0451537730671383
1828,uva,packing_B,T06,largo,28,G4,8.572878198053667,0.7383100828496918,0.9788989920939886,False,445,427.18780697691807,4.169639847432341,-0.4259668738601116,24.165240414963847,60,267.0,9.494577803649731,354,-0.8443481277583875
1828,uva,packing_B,T06,largo,28,G4,8.572878198053667,0.7383100828496918,0.9788989920939886,False,445,427.18780697691807,4.169639847432341,-0.4259668738601116,24.165240414963847,60,267.0,9.494577803649731,355,-0.9521848719421467
1828,uva,packing_B,T06,largo,28,G4,8.572878198053667,0.7383100828496918,0.9788989920939886,False,445,427.18780697691807,4.169639847432341,-0.4259668738601116,24.165240414963847,60,267.0,9.494577803649731,356,-0.749116186788425
1828,uva,packing_B,T06,largo,28,G4,8.572878198053667,0.7383100828496918,0.9788989920939886,False,445,427.18780697691807,4.169639847432341,-0.4259668738601116,24.165240414963847,60,267.0,9.494577803649731,357,-0.9053265284004123
1828,uva,packing_B,T06,largo,28,G4,8.572878198053667,0.7383100828496918,0.9788989920939886,False,445,427.18780697691807,4.169639847432341,-0.4259668738601116,24.165240414963847,60,267.0,9.494577803649731,358,-0.6645212076184283
1828,uva,packing_B,T06,largo,28,G4,8.572878198053667,0.7383100828496918,0.9788989920939886,False,445,427.18780697691807,4.169639847432341,-0.4259668738601116,24.165240414963847,60,267.0,9.494577803649731,359,-0.578756922004189
1828,uva,packing_B,T06,largo,28,G4,8.572878198053667,0.7383100828496918,0.9788989920939886,False,445,427.18780697691807,4.169639847432341,-0.4259668738601116,24.165240414963847,60,267.0,9.494577803649731,360,-0.5298577089851044
1828,uva,packing_B,T06,largo,28,G4,8.572878198053667,0.7383100828496918,0.9788989920939886,False,445,427.18780697691807,4.169639847432341,-0.4259668738601116,24.165240414963847,60,267.0,9.494577803649731,361,-0.39318329144091085
1828,uva,packing_B,T06,largo,28,G4,8.572878198053667,0.7383100828496918,0.9788989920939886,False,445,427.18780697691807,4.169639847432341,-0.4259668738601116,24.165240414963847,60,267.0,9.494577803649731,362,-0.48819331327157656
1828,uva,packing_B,T06,largo,28,G4,8.572878198053667,0.7383100828496918,0.9788989920939886,False,445,427.18780697691807,4.169639847432341,-0.4259668738601116,24.165240414963847,60,267.0,9.494577803649731,363,-0.1163175544364827
1828,uva,packing_B,T06,largo,28,G4,8.572878198053667,0.7383100828496918,0.9788989920939886,False,445,427.18780697691807,4.169639847432341,-0.4259668738601116,24.165240414963847,60,267.0,9.494577803649731,364,-0.11145433286662579
1828,uva,packing_B,T06,largo,28,G4,8.572878198053667,0.7383100828496918,0.9788989920939886,False,445,427.18780697691807,4.169639847432341,-0.4259668738601116,24.165240414963847,60,267.0,9.494577803649731,365,-0.008857205731707842
1828,uva,packing_B,T06,largo,28,G4,8.572878198053667,0.7383100828496918,0.9788989920939886,False,445,427.18780697691807,4.169639847432341,-0.4259668738601116,24.165240414963847,60,267.0,9.494577803649731,366,-0.09934480014435221
1828,uva,packing_B,T06,largo,28,G4,8.572878198053667,0.7383100828496918,0.9788989920939886,False,445,427.18780697691807,4.169639847432341,-0.4259668738601116,24.165240414963847,60,267.0,9.494577803649731,367,0.04835727407866739
1828,uva,packing_B,T06,largo,28,G4,8.572878198053667,0.7383100828496918,0.9788989920939886,False,445,427.18780697691807,4.169639847432341,-0.4259668738601116,24.165240414963847,60,267.0,9.494577803649731,368,0.10679562796485684
1828,uva,packing_B,T06,largo,28,G4,8.572878198053667,0.7383100828496918,0.9788989920939886,False,445,427.18780697691807,4.169639847432341,-0.4259668738601116,24.165240414963847,60,267.0,9.494577803649731,369,0.04290938349350353
1828,uva,packing_B,T06,largo,28,G4,8.572878198053667,0.7383100828496918,0.9788989920939886,False,445,427.18780697691807,4.169639847432341,-0.4259668738601116,24.165240414963847,60,267.0,9.494577803649731,370,0.10396310960691904
1828,uva,packing_B,T06,largo,28,G4,8.572878198053667,0.7383100828496918,0.9788989920939886,False,445,427.18780697691807,4.169639847432341,-0.4259668738601116,24.165240414963847,60,267.0,9.494577803649731,371,-0.05830951399312709
1828,uva,packing_B,T06,largo,28,G4,8.572878198053667,0.7383100828496918,0.9788989920939886,False,445,427.18780697691807,4.169639847432341,-0.4259668738601116,24.165240414963847,60,267.0,9.494577803649731,372,-0.023320207483476713
1828,uva,packing_B,T06,largo,28,G4,8.572878198053667,0.7383100828496918,0.9788989920939886,False,445,427.18780697691807,4.169639847432341,-0.4259668738601116,24.165240414963847,60,267.0,9.494577803649731,373,-0.3404869662961953
1828,uva,packing_B,T06,largo,28,G4,8.572878198053667,0.7383100828496918,0.9788989920939886,False,445,427.18780697691807,4.169639847432341,-0.4259668738601116,24.165240414963847,60,267.0,9.494577803649731,374,-0.3394639410892872
1828,uva,packing_B,T06,largo,28,G4,8.572878198053667,0.7383100828496918,0.9788989920939886,False,445,427.18780697691807,4.169639847432341,-0.4259668738601116,24.165240414963847,60,267.0,9.494577803649731,375,-0.3671706753159207
1828,uva,packing_B,T06,largo,28,G4,8.572878198053667,0.7383100828496918,0.9788989920939886,False,445,427.18780697691807,4.169639847432341,-0.4259668738601116,24.165240414963847,60,267.0,9.494577803649731,376,-0.5436107374574081
1828,uva,packing_B,T06,largo,28,G4,8.572878198053667,0.7383100828496918,0.9788989920939886,False,445,427.18780697691807,4.169639847432341,-0.4259668738601116,24.165240414963847,60,267.0,9.494577803649731,377,-0.6785937601200722
1828,uva,packing_B,T06,largo,28,G4,8.572878198053667,0.7383100828496918,0.9788989920939886,False,445,427.18780697691807,4.169639847432341,-0.4259668738601116,24.165240414963847,60,267.0,9.494577803649731,378,-0.7510520312622784
1828,uva,packing_B,T06,largo,28,G4,8.572878198053667,0.7383100828496918,0.9788989920939886,False,445,427.18780697691807,4.169639847432341,-0.4259668738601116,24.165240414963847,60,267.0,9.494577803649731,379,-0.7756294733727824
1828,uva,packing_B,T06,largo,28,G4,8.572878198053667,0.7383100828496918,0.9788989920939886,False,445,427.18780697691807,4.169639847432341,-0.4259668738601116,24.165240414963847,60,267.0,9.494577803649731,380,-0.9506721951381043
1828,uva,packing_B,T06,largo,28,G4,8.572878198053667,0.7383100828496918,0.9788989920939886,False,445,427.18780697691807,4.169639847432341,-0.4259668738601116,24.165240414963847,60,267.0,9.494577803649731,381,-0.9432343443456944
1828,uva,packing_B,T06,largo,28,G4,8.572878198053667,0.7383100828496918,0.9788989920939886,False,445,427.18780697691807,4.169639847432341,-0.4259668738601116,24.165240414963847,60,267.0,9.494577803649731,382,-0.8987219607157708
1828,uva,packing_B,T06,largo,28,G4,8.572878198053667,0.7383100828496918,0.9788989920939886,False,445,427.18780697691807,4.169639847432341,-0.4259668738601116,24.165240414963847,60,267.0,9.494577803649731,383,-0.9452217422624555
1828,uva,packing_B,T06,largo,28,G4,8.572878198053667,0.7383100828496918,0.9788989920939886,False,445,427.18780697691807,4.169639847432341,-0.4259668738601116,24.165240414963847,60,267.0,9.494577803649731,384,-0.9954468104336021
1828,uva,packing_B,T06,largo,28,G4,8.572878198053667,0.7383100828496918,0.9788989920939886,False,445,427.18780697691807,4.169639847432341,-0.4259668738601116,24.165240414963847,60,267.0,9.494577803649731,385,-0.6772380134508078
1828,uva,packing_B,T06,largo,28,G4,8.572878198053667,0.7383100828496918,0.9788989920939886,False,445,427.18780697691807,4.169639847432341,-0.4259668738601116,24.165240414963847,60,267.0,9.494577803649731,386,-0.8170967710639886
1828,uva,packing_B,T06,largo,28,G4,8.572878198053667,0.7383100828496918,0.9788989920939886,False,445,427.18780697691807,4.169639847432341,-0.4259668738601116,24.165240414963847,60,267.0,9.494577803649731,387,-0.7140134607902624
1828,uva,packing_B,T06,largo,28,G4,8.572878198053667,0.7383100828496918,0.9788989920939886,False,445,427.18780697691807,4.169639847432341,-0.4259668738601116,24.165240414963847,60,267.0,9.494577803649731,388,-0.47265190564062565
1828,uva,packing_B,T06,largo,28,G4,8.572878198053667,0.7383100828496918,0.9788989920939886,False,445,427.18780697691807,4.169639847432341,-0.4259668738601116,24.165240414963847,60,267.0,9.494577803649731,389,-0.5571019972993537
1828,uva,packing_B,T06,largo,28,G4,8.572878198053667,0.7383100828496918,0.9788989920939886,False,445,427.18780697691807,4.169639847432341,-0.4259668738601116,24.165240414963847,60,267.0,9.494577803649731,390,-0.41864907178520255
1828,uva,packing_B,T06,largo,28,G4,8.572878198053667,0.7383100828496918,0.9788989920939886,False,445,427.18780697691807,4.169639847432341,-0.4259668738601116,24.165240414963847,60,267.0,9.494577803649731,391,-0.4178832023368707
1828,uva,packing_B,T06,largo,28,G4,8.572878198053667,0.7383100828496918,0.9788989920939886,False,445,427.18780697691807,4.169639847432341,-0.4259668738601116,24.165240414963847,60,267.0,9.494577803649731,392,-0.23312914599812218
1828,uva,packing_B,T06,largo,28,G4,8.572878198053667,0.7383100828496918,0.9788989920939886,False,445,427.18780697691807,4.169639847432341,-0.4259668738601116,24.165240414963847,60,267.0,9.494577803649731,393,-0.14136553057950693
1828,uva,packing_B,T06,largo,28,G4,8.572878198053667,0.7383100828496918,0.9788989920939886,False,445,427.18780697691807,4.169639847432341,-0.4259668738601116,24.165240414963847,60,267.0,9.494577803649731,394,-0.1292180761747993
1828,uva,packing_B,T06,largo,28,G4,8.572878198053667,0.7383100828496918,0.9788989920939886,False,445,427.18780697691807,4.169639847432341,-0.4259668738601116,24.165240414963847,60,267.0,9.494577803649731,395,0.10767997477828306
1828,uva,packing_B,T06,largo,28,G4,8.572878198053667,0.7383100828496918,0.9788989920939886,False,445,427.18780697691807,4.169639847432341,-0.4259668738601116,24.165240414963847,60,267.0,9.494577803649731,396,0.09001620527032178
1828,uva,packing_B,T06,largo,28,G4,8.572878198053667,0.7383100828496918,0.9788989920939886,False,445,427.18780697691807,4.169639847432341,-0.4259668738601116,24.165240414963847,60,267.0,9.494577803649731,397,0.11257071755635381
1828,uva,packing_B,T06,largo,28,G4,8.572878198053667,0.7383100828496918,0.9788989920939886,False,445,427.18780697691807,4.169639847432341,-0.4259668738601116,24.165240414963847,60,267.0,9.494577803649731,398,0.006748964186187631
1828,uva,packing_B,T06,largo,28,G4,8.572878198053667,0.7383100828496918,0.9788989920939886,False,445,427.18780697691807,4.169639847432341,-0.4259668738601116,24.165240414963847,60,267.0,9.494577803649731,399,0.06592821154746023
1828,uva,packing_B,T06,largo,28,G4,8.572878198053667,0.7383100828496918,0.9788989920939886,False,445,427.18780697691807,4.169639847432341,-0.4259668738601116,24.165240414963847,60,267.0,9.494577803649731,400,-0.07608663762273728
1828,uva,packing_B,T06,largo,28,G4,8.572878198053667,0.7383100828496918,0.9788989920939886,False,445,427.18780697691807,4.169639847432341,-0.4259668738601116,24.165240414963847,60,267.0,9.494577803649731,401,-0.07465019709384146
1828,uva,packing_B,T06,largo,28,G4,8.572878198053667,0.7383100828496918,0.9788989920939886,False,445,427.18780697691807,4.169639847432341,-0.4259668738601116,24.165240414963847,60,267.0,9.494577803649731,402,-0.07181055014539921
1828,uva,packing_B,T06,largo,28,G4,8.572878198053667,0.7383100828496918,0.9788989920939886,False,445,427.18780697691807,4.169639847432341,-0.4259668738601116,24.165240414963847,60,267.0,9.494577803649731,403,-0.22705378357919456
1828,uva,packing_B,T06,largo,28,G4,8.572878198053667,0.7383100828496918,0.9788989920939886,False,445,427.18780697691807,4.169639847432341,-0.4259668738601116,24.165240414963847,60,267.0,9.494577803649731,404,-0.3355666466518612
1828,uva,packing_B,T06,largo,28,G4,8.572878198053667,0.7383100828496918,0.9788989920939886,False,445,427.18780697691807,4.169639847432341,-0.4259668738601116,24.165240414963847,60,267.0,9.494577803649731,405,-0.5184087319470502
1828,uva,packing_B,T06,largo,28,G4,8.572878198053667,0.7383100828496918,0.9788989920939886,False,445,427.18780697691807,4.169639847432341,-0.4259668738601116,24.165240414963847,60,267.0,9.494577803649731,406,-0.6444716215103888
1828,uva,packing_B,T06,largo,28,G4,8.572878198053667,0.7383100828496918,0.9788989920939886,False,445,427.18780697691807,4.169639847432341,-0.4259668738601116,24.165240414963847,60,267.0,9.494577803649731,407,-0.7024509648492756
1828,uva,packing_B,T06,largo,28,G4,8.572878198053667,0.7383100828496918,0.9788989920939886,False,445,427.18780697691807,4.169639847432341,-0.4259668738601116,24.165240414963847,60,267.0,9.494577803649731,408,-0.6797017444508587
1828,uva,packing_B,T06,largo,28,G4,8.572878198053667,0.7383100828496918,0.9788989920939886,False,445,427.18780697691807,4.169639847432341,-0.4259668738601116,24.165240414963847,60,267.0,9.494577803649731,409,-0.8247513265882507
1828,uva,packing_B,T06,largo,28,G4,8.572878198053667,0.7383100828496918,0.9788989920939886,False,445,427.18780697691807,4.169639847432341,-0.4259668738601116,24.165240414963847,60,267.0,9.494577803649731,410,-1.0191828377905194
1828,uva,packing_B,T06,largo,28,G4,8.572878198053667,0.7383100828496918,0.9788989920939886,False,445,427.18780697691807,4.169639847432341,-0.4259668738601116,24.165240414963847,60,267.0,9.494577803649731,411,-0.8774220004238981
1828,uva,packing_B,T06,largo,28,G4,8.572878198053667,0.7383100828496918,0.9788989920939886,False,445,427.18780697691807,4.169639847432341,-0.4259668738601116,24.165240414963847,60,267.0,9.494577803649731,412,-0.8003718947448439
1828,uva,packing_B,T06,largo,28,G4,8.572878198053667,0.7383100828496918,0.9788989920939886,False,445,427.18780697691807,4.169639847432341,-0.4259668738601116,24.165240414963847,60,267.0,9.494577803649731,413,-0.853243160177902
1828,uva,packing_B,T06,largo,28,G4,8.572878198053667,0.7383100828496918,0.9788989920939886,False,445,427.18780697691807,4.169639847432341,-0.4259668738601116,24.165240414963847,60,267.0,9.494577803649731,414,-0.998696411690368
1828,uva,packing_B,T06,largo,28,G4,8.572878198053667,0.7383100828496918,0.9788989920939886,False,445,427.18780697691807,4.169639847432341,-0.4259668738601116,24.165240414963847,60,267.0,9.494577803649731,415,-0.8253840491696897
1828,uva,packing_B,T06,largo,28,G4,8.572878198053667,0.7383100828496918,0.9788989920939886,False,445,427.18780697691807,4.169639847432341,-0.4259668738601116,24.165240414963847,60,267.0,9.494577803649731,416,-0.8283563597000412
1828,uva,packing_B,T06,largo,28,G4,8.572878198053667,0.7383100828496918,0.9788989920939886,False,445,427.18780697691807,4.169639847432341,-0.4259668738601116,24.165240414963847,60,267.0,9.494577803649731,417,-0.6530007775866358
1828,uva,packing_B,T06,largo,28,G4,8.572878198053667,0.7383100828496918,0.9788989920939886,False,445,427.18780697691807,4.169639847432341,-0.4259668738601116,24.165240414963847,60,267.0,9.494577803649731,418,-0.5164368343292299
1828,uva,packing_B,T06,largo,28,G4,8.572878198053667,0.7383100828496918,0.9788989920939886,False,445,427.18780697691807,4.169639847432341,-0.4259668738601116,24.165240414963847,60,267.0,9.494577803649731,419,-0.5864465902664902
1828,uva,packing_B,T06,largo,28,G4,8.572878198053667,0.7383100828496918,0.9788989920939886,False,445,427.18780697691807,4.169639847432341,-0.4259668738601116,24.165240414963847,60,267.0,9.494577803649731,420,-0.446300175343507
1828,uva,packing_B,T06,largo,28,G4,8.572878198053667,0.7383100828496918,0.9788989920939886,False,445,427.18780697691807,4.169639847432341,-0.4259668738601116,24.165240414963847,60,267.0,9.494577803649731,421,-0.2689253502390519
1828,uva,packing_B,T06,largo,28,G4,8.572878198053667,0.7383100828496918,0.9788989920939886,False,445,427.18780697691807,4.169639847432341,-0.4259668738601116,24.165240414963847,60,267.0,9.494577803649731,422,-0.14007664434250708
1828,uva,packing_B,T06,largo,28,G4,8.572878198053667,0.7383100828496918,0.9788989920939886,False,445,427.18780697691807,4.169639847432341,-0.4259668738601116,24.165240414963847,60,267.0,9.494577803649731,423,-0.16676180269015906
1828,uva,packing_B,T06,largo,28,G4,8.572878198053667,0.7383100828496918,0.9788989920939886,False,445,427.18780697691807,4.169639847432341,-0.4259668738601116,24.165240414963847,60,267.0,9.494577803649731,424,-0.0831117680383229
1828,uva,packing_B,T06,largo,28,G4,8.572878198053667,0.7383100828496918,0.9788989920939886,False,445,427.18780697691807,4.169639847432341,-0.4259668738601116,24.165240414963847,60,267.0,9.494577803649731,425,0.012739314724064671
1828,uva,packing_B,T06,largo,28,G4,8.572878198053667,0.7383100828496918,0.9788989920939886,False,445,427.18780697691807,4.169639847432341,-0.4259668738601116,24.165240414963847,60,267.0,9.494577803649731,426,0.16363883937457852
1828,uva,packing_B,T06,largo,28,G4,8.572878198053667,0.7383100828496918,0.9788989920939886,False,445,427.18780697691807,4.169639847432341,-0.4259668738601116,24.165240414963847,60,267.0,9.494577803649731,427,0.010296660643745202
1828,uva,packing_B,T06,largo,28,G4,8.572878198053667,0.7383100828496918,0.9788989920939886,False,445,427.18780697691807,4.169639847432341,-0.4259668738601116,24.165240414963847,60,267.0,9.494577803649731,428,0.11119627791775788
1828,uva,packing_B,T06,largo,28,G4,8.572878198053667,0.7383100828496918,0.9788989920939886,False,445,427.18780697691807,4.169639847432341,-0.4259668738601116,24.165240414963847,60,267.0,9.494577803649731,429,-0.07061548609112926
1828,uva,packing_B,T06,largo,28,G4,8.572878198053667,0.7383100828496918,0.9788989920939886,False,445,427.18780697691807,4.169639847432341,-0.4259668738601116,24.165240414963847,60,267.0,9.494577803649731,430,0.07481980140602311
1828,uva,packing_B,T06,largo,28,G4,8.572878198053667,0.7383100828496918,0.9788989920939886,False,445,427.18780697691807,4.169639847432341,-0.4259668738601116,24.165240414963847,60,267.0,9.494577803649731,431,-0.052171958962746026
1828,uva,packing_B,T06,largo,28,G4,8.572878198053667,0.7383100828496918,0.9788989920939886,False,445,427.18780697691807,4.169639847432341,-0.4259668738601116,24.165240414963847,60,267.0,9.494577803649731,432,-0.11475736652834714
1828,uva,packing_B,T06,largo,28,G4,8.572878198053667,0.7383100828496918,0.9788989920939886,False,445,427.18780697691807,4.169639847432341,-0.4259668738601116,24.165240414963847,60,267.0,9.494577803649731,433,-0.2634102648591802
1828,uva,packing_B,T06,largo,28,G4,8.572878198053667,0.7383100828496918,0.9788989920939886,False,445,427.18780697691807,4.169639847432341,-0.4259668738601116,24.165240414963847,60,267.0,9.494577803649731,434,-0.19860854002630382
1828,uva,packing_B,T06,largo,28,G4,8.572878198053667,0.7383100828496918,0.9788989920939886,False,445,427.18780697691807,4.169639847432341,-0.4259668738601116,24.165240414963847,60,267.0,9.494577803649731,435,-0.4271343565612463
1828,uva,packing_B,T06,largo,28,G4,8.572878198053667,0.7383100828496918,0.9788989920939886,False,445,427.18780697691807,4.169639847432341,-0.4259668738601116,24.165240414963847,60,267.0,9.494577803649731,436,-0.5191004169453951
1828,uva,packing_B,T06,largo,28,G4,8.572878198053667,0.7383100828496918,0.9788989920939886,False,445,427.18780697691807,4.169639847432341,-0.4259668738601116,24.165240414963847,60,267.0,9.494577803649731,437,-0.7531364394855953
1828,uva,packing_B,T06,largo,28,G4,8.572878198053667,0.7383100828496918,0.9788989920939886,False,445,427.18780697691807,4.169639847432341,-0.4259668738601116,24.165240414963847,60,267.0,9.494577803649731,438,-0.5311986400920203
1828,uva,packing_B,T06,largo,28,G4,8.572878198053667,0.7383100828496918,0.9788989920939886,False,445,427.18780697691807,4.169639847432341,-0.4259668738601116,24.165240414963847,60,267.0,9.494577803649731,439,-0.7071158180347237
1828,uva,packing_B,T06,largo,28,G4,8.572878198053667,0.7383100828496918,0.9788989920939886,False,445,427.18780697691807,4.169639847432341,-0.4259668738601116,24.165240414963847,60,267.0,9.494577803649731,440,-0.8292691059328628
1828,uva,packing_B,T06,largo,28,G4,8.572878198053667,0.7383100828496918,0.9788989920939886,False,445,427.18780697691807,4.169639847432341,-0.4259668738601116,24.165240414963847,60,267.0,9.494577803649731,441,-0.8819894001017082
1828,uva,packing_B,T06,largo,28,G4,8.572878198053667,0.7383100828496918,0.9788989920939886,False,445,427.18780697691807,4.169639847432341,-0.4259668738601116,24.165240414963847,60,267.0,9.494577803649731,442,-0.8531154083106103
1828,uva,packing_B,T06,largo,28,G4,8.572878198053667,0.7383100828496918,0.9788989920939886,False,445,427.18780697691807,4.169639847432341,-0.4259668738601116,24.165240414963847,60,267.0,9.494577803649731,443,-0.9014657173277307
1828,uva,packing_B,T06,largo,28,G4,8.572878198053667,0.7383100828496918,0.9788989920939886,False,445,427.18780697691807,4.169639847432341,-0.4259668738601116,24.165240414963847,60,267.0,9.494577803649731,444,-0.8524198175737169
